ISO-10303-21;
HEADER;
FILE_DESCRIPTION (( 'STEP AP214' ),
    '1' );
FILE_NAME ('Сборка2.STEP',
    '2024-04-12T09:40:45',
    ( '' ),
    ( '' ),
    'SwSTEP 2.0',
    'SolidWorks 2022',
    '' );
FILE_SCHEMA (( 'AUTOMOTIVE_DESIGN' ));
ENDSEC;

DATA;
#1 = ORIENTED_EDGE ( 'NONE', *, *, #11329, .T. ) ;
#2 = ORIENTED_EDGE ( 'NONE', *, *, #8396, .F. ) ;
#3 = CIRCLE ( 'NONE', #6965, 0.2499999321997244117 ) ;
#4 = AXIS2_PLACEMENT_3D ( 'NONE', #7936, #7827, #8793 ) ;
#5 = CARTESIAN_POINT ( 'NONE',  ( 24.37322271240137539, -8.073221246951977292, 1000.000000000000000 ) ) ;
#6 = VECTOR ( 'NONE', #5207, 1000.000000000000000 ) ;
#7 = AXIS2_PLACEMENT_3D ( 'NONE', #3191, #6787, #3355 ) ;
#8 = EDGE_CURVE ( 'NONE', #7033, #5824, #1475, .T. ) ;
#9 = FACE_OUTER_BOUND ( 'NONE', #6317, .T. ) ;
#10 = CARTESIAN_POINT ( 'NONE',  ( -1.484924240491726888, 2.616295090390188705, 1000.000000000000000 ) ) ;
#11 = DIRECTION ( 'NONE',  ( -0.000000000000000000, -0.000000000000000000, -1.000000000000000000 ) ) ;
#12 = DIRECTION ( 'NONE',  ( 1.000000000000000000, 0.000000000000000000, -0.000000000000000000 ) ) ;
#13 = CIRCLE ( 'NONE', #3316, 1.000000000000007772 ) ;
#14 = COLOUR_RGB ( '',0.8666666666666666963, 0.9098039215686274384, 1.000000000000000000 ) ;
#15 = LINE ( 'NONE', #6895, #5407 ) ;
#16 = ORIENTED_EDGE ( 'NONE', *, *, #1574, .T. ) ;
#17 = ORIENTED_EDGE ( 'NONE', *, *, #10944, .F. ) ;
#18 = ORIENTED_EDGE ( 'NONE', *, *, #6364, .F. ) ;
#19 = ORIENTED_EDGE ( 'NONE', *, *, #6495, .T. ) ;
#20 = VERTEX_POINT ( 'NONE', #137 ) ;
#21 = CARTESIAN_POINT ( 'NONE',  ( -8.300000039502801741, 4.950000103972798549, 0.000000000000000000 ) ) ;
#22 = LINE ( 'NONE', #10946, #801 ) ;
#23 = VECTOR ( 'NONE', #610, 1000.000000000000000 ) ;
#24 = ORIENTED_EDGE ( 'NONE', *, *, #3795, .F. ) ;
#25 = AXIS2_PLACEMENT_3D ( 'NONE', #9462, #5222, #2392 ) ;
#26 = CARTESIAN_POINT ( 'NONE',  ( 28.24999683168492837, 3.070002611706798668, 1000.000000000000000 ) ) ;
#27 = DIRECTION ( 'NONE',  ( -0.000000000000000000, -0.000000000000000000, -1.000000000000000000 ) ) ;
#28 = PLANE ( 'NONE',  #11081 ) ;
#29 = EDGE_LOOP ( 'NONE', ( #8650, #2712, #4566, #6991 ) ) ;
#30 = ORIENTED_EDGE ( 'NONE', *, *, #10242, .T. ) ;
#31 = VECTOR ( 'NONE', #3931, 1000.000000000000000 ) ;
#32 = EDGE_LOOP ( 'NONE', ( #7331, #43, #317, #823 ) ) ;
#33 = FACE_OUTER_BOUND ( 'NONE', #2958, .T. ) ;
#34 = PLANE ( 'NONE',  #6958 ) ;
#35 = EDGE_CURVE ( 'NONE', #3000, #2511, #6246, .T. ) ;
#36 = AXIS2_PLACEMENT_3D ( 'NONE', #1426, #1487, #10174 ) ;
#37 = FACE_OUTER_BOUND ( 'NONE', #9887, .T. ) ;
#38 = CARTESIAN_POINT ( 'NONE',  ( -8.050000133560761384, -4.703553445905020780, 1000.000000000000000 ) ) ;
#39 = VERTEX_POINT ( 'NONE', #936 ) ;
#40 = EDGE_CURVE ( 'NONE', #9647, #20, #4439, .T. ) ;
#41 = DIRECTION ( 'NONE',  ( -0.7071066167119323120, 0.7071069456611244197, -0.000000000000000000 ) ) ;
#42 = DIRECTION ( 'NONE',  ( -0.7808696943583326444, 0.6246939414086903897, 0.000000000000000000 ) ) ;
#43 = ORIENTED_EDGE ( 'NONE', *, *, #5310, .F. ) ;
#44 = FACE_OUTER_BOUND ( 'NONE', #10355, .T. ) ;
#45 = EDGE_CURVE ( 'NONE', #3953, #10314, #5260, .T. ) ;
#46 = ORIENTED_EDGE ( 'NONE', *, *, #8198, .F. ) ;
#47 = AXIS2_PLACEMENT_3D ( 'NONE', #7343, #10855, #2979 ) ;
#48 = EDGE_CURVE ( 'NONE', #576, #9634, #2764, .T. ) ;
#49 = EDGE_CURVE ( 'NONE', #4098, #8849, #3465, .T. ) ;
#50 = CARTESIAN_POINT ( 'NONE',  ( 19.66230419008983787, 3.999999433851542108, 1000.000000000000000 ) ) ;
#51 = VECTOR ( 'NONE', #8346, 1000.000000000000000 ) ;
#52 = CARTESIAN_POINT ( 'NONE',  ( 15.09289359493533134, 5.897055605830672675, 1000.000000000000000 ) ) ;
#53 = AXIS2_PLACEMENT_3D ( 'NONE', #38, #3539, #4228 ) ;
#54 = CARTESIAN_POINT ( 'NONE',  ( -4.907106941982555703, 5.897056125771377388, 1000.000000000000000 ) ) ;
#55 = VECTOR ( 'NONE', #1319, 1000.000000000000000 ) ;
#56 = CARTESIAN_POINT ( 'NONE',  ( 9.999999835802853454, -9.799999803598330672, 1000.000000000000000 ) ) ;
#57 = DIRECTION ( 'NONE',  ( -0.000000000000000000, -0.000000000000000000, -1.000000000000000000 ) ) ;
#58 = CARTESIAN_POINT ( 'NONE',  ( 16.67999987042577459, 9.149999626758081206, 1000.000000000000000 ) ) ;
#59 = DIRECTION ( 'NONE',  ( 0.000000000000000000, 1.000000000000000000, -0.000000000000000000 ) ) ;
#60 = ORIENTED_EDGE ( 'NONE', *, *, #2087, .T. ) ;
#61 = VERTEX_POINT ( 'NONE', #10484 ) ;
#62 = AXIS2_PLACEMENT_3D ( 'NONE', #3469, #10487, #2376 ) ;
#63 = LINE ( 'NONE', #744, #2809 ) ;
#64 = VECTOR ( 'NONE', #1234, 1000.000000000000000 ) ;
#65 = EDGE_CURVE ( 'NONE', #432, #9087, #10364, .T. ) ;
#66 = EDGE_CURVE ( 'NONE', #1416, #8244, #10543, .T. ) ;
#67 = DIRECTION ( 'NONE',  ( -0.9999999999999936717, -1.131368751651137726E-07, 0.000000000000000000 ) ) ;
#68 = CARTESIAN_POINT ( 'NONE',  ( -4.373223472391157607, 8.073223360298239726, 1000.000000000000000 ) ) ;
#69 = SHAPE_REPRESENTATION ( '\X2\04210431043e0440043a0430\X0\2', ( #2071, #5191 ), #9616 ) ;
#70 = DIRECTION ( 'NONE',  ( 7.152555139911705747E-07, -0.9999999999997442046, 0.000000000000000000 ) ) ;
#71 = CYLINDRICAL_SURFACE ( 'NONE', #4581, 1.000000000000006439 ) ;
#72 = AXIS2_PLACEMENT_3D ( 'NONE', #7172, #4525, #288 ) ;
#73 = LINE ( 'NONE', #7884, #4302 ) ;
#74 = VECTOR ( 'NONE', #8178, 1000.000000000000000 ) ;
#75 = ORIENTED_EDGE ( 'NONE', *, *, #5100, .F. ) ;
#76 = ORIENTED_EDGE ( 'NONE', *, *, #4960, .T. ) ;
#77 = ORIENTED_EDGE ( 'NONE', *, *, #5749, .T. ) ;
#78 = ORIENTED_EDGE ( 'NONE', *, *, #2574, .F. ) ;
#79 = VERTEX_POINT ( 'NONE', #9671 ) ;
#80 = DIRECTION ( 'NONE',  ( 1.000000000000000000, 0.000000000000000000, 0.000000000000000000 ) ) ;
#81 = DIRECTION ( 'NONE',  ( 1.000000000000000000, 0.000000000000000000, 0.000000000000000000 ) ) ;
#82 = AXIS2_PLACEMENT_3D ( 'NONE', #10613, #8024, #7101 ) ;
#83 = EDGE_CURVE ( 'NONE', #9064, #10617, #4595, .T. ) ;
#84 = VERTEX_POINT ( 'NONE', #7541 ) ;
#85 = ORIENTED_EDGE ( 'NONE', *, *, #9243, .T. ) ;
#86 = DIRECTION ( 'NONE',  ( -0.000000000000000000, -0.000000000000000000, -1.000000000000000000 ) ) ;
#87 = FACE_OUTER_BOUND ( 'NONE', #7110, .T. ) ;
#88 = LINE ( 'NONE', #8010, #7590 ) ;
#89 = AXIS2_PLACEMENT_3D ( 'NONE', #8067, #7142, #3817 ) ;
#90 = ORIENTED_EDGE ( 'NONE', *, *, #9409, .T. ) ;
#91 = VERTEX_POINT ( 'NONE', #147 ) ;
#92 = CARTESIAN_POINT ( 'NONE',  ( -2.850609665440994256, 2.050609665440974894, 0.000000000000000000 ) ) ;
#93 = CARTESIAN_POINT ( 'NONE',  ( 24.95000031312306987, 8.299999210854373644, 1000.000000000000000 ) ) ;
#94 = AXIS2_PLACEMENT_3D ( 'NONE', #7363, #10875, #1846 ) ;
#95 = PLANE ( 'NONE',  #5110 ) ;
#96 = CARTESIAN_POINT ( 'NONE',  ( 20.00000000000000355, 0.000000000000000000, 0.000000000000000000 ) ) ;
#97 = VERTEX_POINT ( 'NONE', #10335 ) ;
#98 = PLANE ( 'NONE',  #4107 ) ;
#99 = CARTESIAN_POINT ( 'NONE',  ( 24.90710703460692699, 5.897055434816625308, 1000.000000000000000 ) ) ;
#100 = VERTEX_POINT ( 'NONE', #2398 ) ;
#101 = VECTOR ( 'NONE', #9294, 1000.000000000000000 ) ;
#102 = CARTESIAN_POINT ( 'NONE',  ( -4.703553616209346977, 8.299999915743732970, 1000.000000000000000 ) ) ;
#103 = VERTEX_POINT ( 'NONE', #4181 ) ;
#104 = CARTESIAN_POINT ( 'NONE',  ( 3.319999900343678867, 8.250000058338313735, 1000.000000000000000 ) ) ;
#105 = AXIS2_PLACEMENT_3D ( 'NONE', #458, #5741, #8272 ) ;
#106 = DIRECTION ( 'NONE',  ( -0.000000000000000000, -0.000000000000000000, -1.000000000000000000 ) ) ;
#107 = ADVANCED_FACE ( 'NONE', ( #11046 ), #1595, .T. ) ;
#108 = CYLINDRICAL_SURFACE ( 'NONE', #5908, 0.2499995678663276266 ) ;
#109 = EDGE_CURVE ( 'NONE', #3719, #3240, #3496, .T. ) ;
#110 = CARTESIAN_POINT ( 'NONE',  ( 16.40416236450338516, -4.585785185391127783, 1000.000000000000000 ) ) ;
#111 = CARTESIAN_POINT ( 'NONE',  ( 28.04999907568971196, -4.949997762860674833, 1000.000000000000000 ) ) ;
#112 = SURFACE_STYLE_USAGE ( .BOTH. , #3668 ) ;
#113 = ORIENTED_EDGE ( 'NONE', *, *, #5046, .T. ) ;
#114 = ADVANCED_FACE ( 'NONE', ( #8441 ), #9524, .T. ) ;
#115 = DIRECTION ( 'NONE',  ( -1.000000000000000000, 0.000000000000000000, 0.000000000000000000 ) ) ;
#116 = VERTEX_POINT ( 'NONE', #764 ) ;
#117 = AXIS2_PLACEMENT_3D ( 'NONE', #9230, #7399, #6469 ) ;
#118 = VERTEX_POINT ( 'NONE', #5202 ) ;
#119 = DIRECTION ( 'NONE',  ( -0.000000000000000000, -0.000000000000000000, -1.000000000000000000 ) ) ;
#120 = ADVANCED_FACE ( 'NONE', ( #7197 ), #4615, .T. ) ;
#121 = ADVANCED_FACE ( 'NONE', ( #1659 ), #1775, .T. ) ;
#122 = CARTESIAN_POINT ( 'NONE',  ( -4.526776894976741517, 8.226776551170781104, 1000.000000000000000 ) ) ;
#123 = DIRECTION ( 'NONE',  ( -0.000000000000000000, -0.000000000000000000, -1.000000000000000000 ) ) ;
#124 = FACE_OUTER_BOUND ( 'NONE', #8975, .T. ) ;
#125 = EDGE_CURVE ( 'NONE', #8533, #8858, #10516, .T. ) ;
#126 = CARTESIAN_POINT ( 'NONE',  ( -8.050000032424675211, 4.950000103972798549, 0.000000000000000000 ) ) ;
#127 = CARTESIAN_POINT ( 'NONE',  ( 16.30000012249772823, -9.749999968112238236, 0.000000000000000000 ) ) ;
#128 = ORIENTED_EDGE ( 'NONE', *, *, #7078, .F. ) ;
#129 = ORIENTED_EDGE ( 'NONE', *, *, #10895, .F. ) ;
#130 = EDGE_CURVE ( 'NONE', #6911, #11172, #7291, .T. ) ;
#131 = ORIENTED_EDGE ( 'NONE', *, *, #3686, .F. ) ;
#132 = VERTEX_POINT ( 'NONE', #2750 ) ;
#133 = VERTEX_POINT ( 'NONE', #3557 ) ;
#134 = VECTOR ( 'NONE', #5545, 1000.000000000000000 ) ;
#135 = CARTESIAN_POINT ( 'NONE',  ( 19.38860656764808255, -2.424087059261063271, 0.000000000000000000 ) ) ;
#136 = DIRECTION ( 'NONE',  ( -0.000000000000000000, -0.000000000000000000, -1.000000000000000000 ) ) ;
#137 = CARTESIAN_POINT ( 'NONE',  ( -4.373223472391157607, 8.073223360298239726, 0.000000000000000000 ) ) ;
#138 = FACE_OUTER_BOUND ( 'NONE', #7100, .T. ) ;
#139 = DIRECTION ( 'NONE',  ( -0.000000000000000000, -0.000000000000000000, -1.000000000000000000 ) ) ;
#140 = CARTESIAN_POINT ( 'NONE',  ( -4.196446777094520186, 8.000000055594869153, 0.000000000000000000 ) ) ;
#141 = DIRECTION ( 'NONE',  ( -0.000000000000000000, -0.000000000000000000, -1.000000000000000000 ) ) ;
#142 = ORIENTED_EDGE ( 'NONE', *, *, #8359, .T. ) ;
#143 = VERTEX_POINT ( 'NONE', #7173 ) ;
#144 = EDGE_CURVE ( 'NONE', #9832, #1557, #5454, .T. ) ;
#145 = ORIENTED_EDGE ( 'NONE', *, *, #4540, .T. ) ;
#146 = CARTESIAN_POINT ( 'NONE',  ( 23.95000102667850683, 9.749999083066548167, 1000.000000000000000 ) ) ;
#147 = CARTESIAN_POINT ( 'NONE',  ( 28.00000012113675041, -3.319997592323320479, 1000.000000000000000 ) ) ;
#148 = LINE ( 'NONE', #9794, #1896 ) ;
#149 = VERTEX_POINT ( 'NONE', #6367 ) ;
#150 = VECTOR ( 'NONE', #807, 1000.000000000000000 ) ;
#151 = CARTESIAN_POINT ( 'NONE',  ( -8.000000070047814660, 4.196446700727205048, 1000.000000000000000 ) ) ;
#152 = DIRECTION ( 'NONE',  ( -0.000000000000000000, -0.000000000000000000, -1.000000000000000000 ) ) ;
#153 = ORIENTED_EDGE ( 'NONE', *, *, #3419, .T. ) ;
#154 = CARTESIAN_POINT ( 'NONE',  ( -7.600000000000002309, -7.600000000000009415, 1000.000000000000000 ) ) ;
#155 = FACE_OUTER_BOUND ( 'NONE', #3587, .T. ) ;
#156 = ORIENTED_EDGE ( 'NONE', *, *, #8474, .F. ) ;
#157 = DIRECTION ( 'NONE',  ( 1.000000000000000000, 0.000000000000000000, 0.000000000000000000 ) ) ;
#158 = ORIENTED_EDGE ( 'NONE', *, *, #619, .T. ) ;
#159 = CARTESIAN_POINT ( 'NONE',  ( -4.000000073439355042, -0.3376952955149725710, 1000.000000000000000 ) ) ;
#160 = CIRCLE ( 'NONE', #1993, 0.9999998863983138309 ) ;
#161 = CARTESIAN_POINT ( 'NONE',  ( 9.624306156704856008, 9.999999787547023899, 1000.000000000000000 ) ) ;
#162 = FACE_OUTER_BOUND ( 'NONE', #6349, .T. ) ;
#163 = AXIS2_PLACEMENT_3D ( 'NONE', #151, #2047, #5551 ) ;
#164 = CARTESIAN_POINT ( 'NONE',  ( 6.224264026549540141, 5.234314592515013409, 1000.000000000000000 ) ) ;
#165 = DIRECTION ( 'NONE',  ( 1.000000000000000000, 0.000000000000000000, 0.000000000000000000 ) ) ;
#166 = SURFACE_STYLE_FILL_AREA ( #2874 ) ;
#167 = ORIENTED_EDGE ( 'NONE', *, *, #3704, .F. ) ;
#168 = CARTESIAN_POINT ( 'NONE',  ( -8.049999986817789832, -4.950000055311750913, 0.000000000000000000 ) ) ;
#169 = EDGE_LOOP ( 'NONE', ( #9108, #6267, #390, #539 ) ) ;
#170 = VERTEX_POINT ( 'NONE', #229 ) ;
#171 = DIRECTION ( 'NONE',  ( -0.000000000000000000, -0.000000000000000000, -1.000000000000000000 ) ) ;
#172 = AXIS2_PLACEMENT_3D ( 'NONE', #4143, #3985, #5010 ) ;
#173 = UNCERTAINTY_MEASURE_WITH_UNIT (LENGTH_MEASURE( 1.000000000000000082E-05 ), #7602, 'distance_accuracy_value', 'NONE');
#174 = DIRECTION ( 'NONE',  ( 4.912470114708642969E-08, 0.9999999999999987788, -0.000000000000000000 ) ) ;
#175 = DIRECTION ( 'NONE',  ( -0.000000000000000000, -0.000000000000000000, -1.000000000000000000 ) ) ;
#176 = LINE ( 'NONE', #9943, #1322 ) ;
#177 = CARTESIAN_POINT ( 'NONE',  ( 26.60416213172399225, -5.199997769938708103, 0.000000000000000000 ) ) ;
#178 = CARTESIAN_POINT ( 'NONE',  ( -9.749999888241330126, -3.950000000000092548, 1000.000000000000000 ) ) ;
#179 = VECTOR ( 'NONE', #7594, 1000.000000000000114 ) ;
#180 = EDGE_CURVE ( 'NONE', #5300, #8732, #8452, .T. ) ;
#181 = ORIENTED_EDGE ( 'NONE', *, *, #10727, .F. ) ;
#182 = VERTEX_POINT ( 'NONE', #2061 ) ;
#183 = CIRCLE ( 'NONE', #2568, 1.999999734933161744 ) ;
#184 = ORIENTED_EDGE ( 'NONE', *, *, #6832, .F. ) ;
#185 = ADVANCED_FACE ( 'NONE', ( #971 ), #8034, .T. ) ;
#186 = VERTEX_POINT ( 'NONE', #289 ) ;
#187 = EDGE_CURVE ( 'NONE', #7571, #2226, #10747, .T. ) ;
#188 = ORIENTED_EDGE ( 'NONE', *, *, #2803, .F. ) ;
#189 = DIRECTION ( 'NONE',  ( 1.000000000000000000, 0.000000000000000000, 0.000000000000000000 ) ) ;
#190 = EDGE_CURVE ( 'NONE', #10836, #2858, #8215, .T. ) ;
#191 = LINE ( 'NONE', #2833, #7599 ) ;
#192 = VECTOR ( 'NONE', #7111, 1000.000000000000000 ) ;
#193 = DIRECTION ( 'NONE',  ( 1.000000000000000000, 0.000000000000000000, 0.000000000000000000 ) ) ;
#194 = ADVANCED_FACE ( 'NONE', ( #6420 ), #2000, .F. ) ;
#195 = CYLINDRICAL_SURFACE ( 'NONE', #6078, 0.2499998882417066304 ) ;
#196 = AXIS2_PLACEMENT_3D ( 'NONE', #10233, #8512, #3061 ) ;
#197 = DIRECTION ( 'NONE',  ( -0.000000000000000000, -0.000000000000000000, -1.000000000000000000 ) ) ;
#198 = DIRECTION ( 'NONE',  ( 0.000000000000000000, -1.000000000000000000, 0.000000000000000000 ) ) ;
#199 = DIRECTION ( 'NONE',  ( -0.7808681934391462631, 0.6246958175585011208, -0.000000000000000000 ) ) ;
#200 = EDGE_LOOP ( 'NONE', ( #10832, #10093, #9836, #11187 ) ) ;
#201 = ORIENTED_EDGE ( 'NONE', *, *, #9175, .F. ) ;
#202 = ORIENTED_EDGE ( 'NONE', *, *, #2229, .F. ) ;
#203 = VECTOR ( 'NONE', #3094, 1000.000000000000000 ) ;
#204 = CARTESIAN_POINT ( 'NONE',  ( -9.150000260037566946, 3.320000234595096966, 1000.000000000000000 ) ) ;
#205 = VECTOR ( 'NONE', #8643, 1000.000000000000000 ) ;
#206 = CARTESIAN_POINT ( 'NONE',  ( 24.37322436406087789, 8.073222854963562511, 1000.000000000000000 ) ) ;
#207 = CARTESIAN_POINT ( 'NONE',  ( -8.299999909862695091, 4.703553497455950527, 0.000000000000000000 ) ) ;
#208 = ORIENTED_EDGE ( 'NONE', *, *, #4752, .F. ) ;
#209 = ADVANCED_FACE ( 'NONE', ( #3793 ), #2696, .F. ) ;
#210 = EDGE_CURVE ( 'NONE', #5072, #9607, #4229, .T. ) ;
#211 = DIRECTION ( 'NONE',  ( -0.000000000000000000, -0.000000000000000000, -1.000000000000000000 ) ) ;
#212 = VECTOR ( 'NONE', #366, 1000.000000000000000 ) ;
#213 = DIRECTION ( 'NONE',  ( -0.000000000000000000, -0.000000000000000000, -1.000000000000000000 ) ) ;
#214 = ORIENTED_EDGE ( 'NONE', *, *, #1748, .F. ) ;
#215 = CYLINDRICAL_SURFACE ( 'NONE', #7424, 2.499999999999988454 ) ;
#216 = CYLINDRICAL_SURFACE ( 'NONE', #7548, 0.9999999999999952260 ) ;
#217 = ORIENTED_EDGE ( 'NONE', *, *, #2013, .F. ) ;
#218 = CARTESIAN_POINT ( 'NONE',  ( 9.762981121807714047, 9.958012379901335365, 1000.000000000000000 ) ) ;
#219 = ORIENTED_EDGE ( 'NONE', *, *, #8538, .F. ) ;
#220 = ORIENTED_EDGE ( 'NONE', *, *, #11216, .T. ) ;
#221 = CARTESIAN_POINT ( 'NONE',  ( 24.19644703095001503, 7.999998949105774138, 1000.000000000000000 ) ) ;
#222 = AXIS2_PLACEMENT_3D ( 'NONE', #5634, #1899, #5577 ) ;
#223 = MANIFOLD_SOLID_BREP ( 'Бобышка-Вытянуть1', #7538 ) ;
#224 = DIRECTION ( 'NONE',  ( -0.000000000000000000, -0.000000000000000000, -1.000000000000000000 ) ) ;
#225 = CARTESIAN_POINT ( 'NONE',  ( 28.24999968900306158, -3.319997690745660091, 1000.000000000000000 ) ) ;
#226 = EDGE_LOOP ( 'NONE', ( #5132, #2728, #6402, #9561 ) ) ;
#227 = PLANE ( 'NONE',  #4001 ) ;
#228 = PLANE ( 'NONE',  #9603 ) ;
#229 = CARTESIAN_POINT ( 'NONE',  ( 17.81837695844247449, 3.999999243861734222, 1000.000000000000000 ) ) ;
#230 = ORIENTED_EDGE ( 'NONE', *, *, #6358, .T. ) ;
#231 = CARTESIAN_POINT ( 'NONE',  ( 9.999999835802853454, -9.799999803598330672, 1000.000000000000000 ) ) ;
#232 = VECTOR ( 'NONE', #1907, 1000.000000000000000 ) ;
#233 = ORIENTED_EDGE ( 'NONE', *, *, #7864, .T. ) ;
#234 = VERTEX_POINT ( 'NONE', #2982 ) ;
#235 = CARTESIAN_POINT ( 'NONE',  ( 15.09289359493533134, 5.897055605830672675, 1000.000000000000000 ) ) ;
#236 = VECTOR ( 'NONE', #9740, 1000.000000000000000 ) ;
#237 = CIRCLE ( 'NONE', #777, 2.499999999999977796 ) ;
#238 = FACE_OUTER_BOUND ( 'NONE', #2890, .T. ) ;
#239 = CARTESIAN_POINT ( 'NONE',  ( 23.39372188296547250, -0.8559508052926739774, 0.000000000000000000 ) ) ;
#240 = LINE ( 'NONE', #4773, #10495 ) ;
#241 = CARTESIAN_POINT ( 'NONE',  ( -0.3376954256355604866, 3.999999850923669165, 1000.000000000000000 ) ) ;
#242 = CARTESIAN_POINT ( 'NONE',  ( 19.81847889642713767, 3.945216615397352466, 1000.000000000000000 ) ) ;
#243 = ORIENTED_EDGE ( 'NONE', *, *, #7561, .T. ) ;
#244 = EDGE_LOOP ( 'NONE', ( #6312, #1943, #6426, #4041 ) ) ;
#245 = CIRCLE ( 'NONE', #6656, 0.2499999180770751672 ) ;
#246 = ORIENTED_EDGE ( 'NONE', *, *, #9099, .F. ) ;
#247 = AXIS2_PLACEMENT_3D ( 'NONE', #5906, #2343, #11099 ) ;
#248 = ORIENTED_EDGE ( 'NONE', *, *, #1432, .T. ) ;
#249 = ORIENTED_EDGE ( 'NONE', *, *, #5256, .T. ) ;
#250 = CARTESIAN_POINT ( 'NONE',  ( 29.75000057964370725, 3.699998947466240473, 1000.000000000000000 ) ) ;
#251 = DIRECTION ( 'NONE',  ( -0.000000000000000000, -0.000000000000000000, -1.000000000000000000 ) ) ;
#252 = AXIS2_PLACEMENT_3D ( 'NONE', #6535, #2981, #4703 ) ;
#253 = DIRECTION ( 'NONE',  ( -0.000000000000000000, -0.000000000000000000, -1.000000000000000000 ) ) ;
#254 = DIRECTION ( 'NONE',  ( 0.000000000000000000, 0.000000000000000000, 1.000000000000000000 ) ) ;
#255 = ADVANCED_FACE ( 'NONE', ( #9014 ), #4927, .T. ) ;
#256 = VECTOR ( 'NONE', #4895, 1000.000000000000000 ) ;
#257 = CARTESIAN_POINT ( 'NONE',  ( -0.8559508052926739774, -3.393721882965480940, 0.000000000000000000 ) ) ;
#258 = EDGE_CURVE ( 'NONE', #4586, #1146, #7905, .T. ) ;
#259 = DIRECTION ( 'NONE',  ( 1.000000000000000000, 0.000000000000000000, 0.000000000000000000 ) ) ;
#260 = EDGE_CURVE ( 'NONE', #8603, #10134, #2388, .T. ) ;
#261 = CARTESIAN_POINT ( 'NONE',  ( 4.703553306479084206, 8.299999708163419143, 1000.000000000000000 ) ) ;
#262 = EDGE_LOOP ( 'NONE', ( #7494, #3582, #5287, #8957 ) ) ;
#263 = ORIENTED_EDGE ( 'NONE', *, *, #6519, .T. ) ;
#264 = ORIENTED_EDGE ( 'NONE', *, *, #8300, .F. ) ;
#265 = VERTEX_POINT ( 'NONE', #8270 ) ;
#266 = AXIS2_PLACEMENT_3D ( 'NONE', #6141, #1774, #4472 ) ;
#267 = LINE ( 'NONE', #6571, #10040 ) ;
#268 = CARTESIAN_POINT ( 'NONE',  ( -4.196446777094520186, 8.000000055594869153, 1000.000000000000000 ) ) ;
#269 = CARTESIAN_POINT ( 'NONE',  ( -3.070000157915177219, -8.250000159032531144, 1000.000000000000000 ) ) ;
#270 = CARTESIAN_POINT ( 'NONE',  ( 7.000000457936243592, 8.600000106333938632, 1000.000000000000000 ) ) ;
#271 = ORIENTED_EDGE ( 'NONE', *, *, #8825, .F. ) ;
#272 = EDGE_CURVE ( 'NONE', #2264, #8763, #2288, .T. ) ;
#273 = EDGE_CURVE ( 'NONE', #2037, #3087, #9183, .T. ) ;
#274 = DIRECTION ( 'NONE',  ( -0.000000000000000000, -0.000000000000000000, -1.000000000000000000 ) ) ;
#275 = DIRECTION ( 'NONE',  ( 1.000000000000000000, 0.000000000000000000, 0.000000000000000000 ) ) ;
#276 = CARTESIAN_POINT ( 'NONE',  ( 25.19999940546320616, -6.604160702481292944, 0.000000000000000000 ) ) ;
#277 = CARTESIAN_POINT ( 'NONE',  ( 15.80355302448195687, -7.999999148696918638, 1000.000000000000000 ) ) ;
#278 = ORIENTED_EDGE ( 'NONE', *, *, #5538, .F. ) ;
#279 = ORIENTED_EDGE ( 'NONE', *, *, #9813, .F. ) ;
#280 = ADVANCED_FACE ( 'NONE', ( #6701 ), #4069, .T. ) ;
#281 = AXIS2_PLACEMENT_3D ( 'NONE', #4676, #9097, #9151 ) ;
#282 = CYLINDRICAL_SURFACE ( 'NONE', #5619, 0.2499999351799446490 ) ;
#283 = LINE ( 'NONE', #7974, #7362 ) ;
#284 = CIRCLE ( 'NONE', #633, 0.2499998882413267398 ) ;
#285 = DIRECTION ( 'NONE',  ( -0.000000000000000000, -0.000000000000000000, -1.000000000000000000 ) ) ;
#286 = VERTEX_POINT ( 'NONE', #2338 ) ;
#287 = LINE ( 'NONE', #3607, #5517 ) ;
#288 = DIRECTION ( 'NONE',  ( 0.000000000000000000, 0.000000000000000000, 1.000000000000000000 ) ) ;
#289 = CARTESIAN_POINT ( 'NONE',  ( 23.79999907959877348, 2.342460489468400908E-06, 1000.000000000000000 ) ) ;
#290 = ORIENTED_EDGE ( 'NONE', *, *, #8336, .T. ) ;
#291 = DIRECTION ( 'NONE',  ( 1.000000000000000000, 0.000000000000000000, 0.000000000000000000 ) ) ;
#292 = ORIENTED_EDGE ( 'NONE', *, *, #6002, .T. ) ;
#293 = EDGE_CURVE ( 'NONE', #7556, #2160, #5845, .T. ) ;
#294 = EDGE_LOOP ( 'NONE', ( #10775, #2699, #9935, #1226 ) ) ;
#295 = AXIS2_PLACEMENT_3D ( 'NONE', #9875, #10627, #9758 ) ;
#296 = CARTESIAN_POINT ( 'NONE',  ( 17.50000000000000000, 0.000000000000000000, 0.000000000000000000 ) ) ;
#297 = LINE ( 'NONE', #2936, #7161 ) ;
#298 = LINE ( 'NONE', #6320, #1618 ) ;
#299 = FACE_OUTER_BOUND ( 'NONE', #5891, .T. ) ;
#300 = ADVANCED_FACE ( 'NONE', ( #6478 ), #8434, .T. ) ;
#301 = CARTESIAN_POINT ( 'NONE',  ( 17.81837585970492910, -5.999998680592713463, 1000.000000000000000 ) ) ;
#302 = FACE_OUTER_BOUND ( 'NONE', #9617, .T. ) ;
#303 = ORIENTED_EDGE ( 'NONE', *, *, #8615, .T. ) ;
#304 = ORIENTED_EDGE ( 'NONE', *, *, #669, .T. ) ;
#305 = ORIENTED_EDGE ( 'NONE', *, *, #554, .F. ) ;
#306 = ORIENTED_EDGE ( 'NONE', *, *, #3870, .T. ) ;
#307 = CARTESIAN_POINT ( 'NONE',  ( 23.69999941821214406, -9.749997629687992884, 1000.000000000000000 ) ) ;
#308 = VERTEX_POINT ( 'NONE', #4817 ) ;
#309 = DIRECTION ( 'NONE',  ( -0.000000000000000000, -0.000000000000000000, -1.000000000000000000 ) ) ;
#310 = AXIS2_PLACEMENT_3D ( 'NONE', #4178, #8438, #3326 ) ;
#311 = LINE ( 'NONE', #3813, #3274 ) ;
#312 = DIRECTION ( 'NONE',  ( -1.000000000000000000, 0.000000000000000000, 0.000000000000000000 ) ) ;
#313 = LINE ( 'NONE', #9784, #9527 ) ;
#314 = CARTESIAN_POINT ( 'NONE',  ( -8.226776687064896620, -4.526776724672429530, 0.000000000000000000 ) ) ;
#315 = DIRECTION ( 'NONE',  ( 1.000000000000000000, 0.000000000000000000, 0.000000000000000000 ) ) ;
#316 = ORIENTED_EDGE ( 'NONE', *, *, #3880, .T. ) ;
#317 = ORIENTED_EDGE ( 'NONE', *, *, #2108, .F. ) ;
#318 = VECTOR ( 'NONE', #5836, 1000.000000000000000 ) ;
#319 = ORIENTED_EDGE ( 'NONE', *, *, #8967, .T. ) ;
#320 = ORIENTED_EDGE ( 'NONE', *, *, #7842, .T. ) ;
#321 = DIRECTION ( 'NONE',  ( 0.9999999999999946709, 1.030353708730811440E-07, 0.000000000000000000 ) ) ;
#322 = DIRECTION ( 'NONE',  ( 1.000000000000000000, 0.000000000000000000, 0.000000000000000000 ) ) ;
#323 = CARTESIAN_POINT ( 'NONE',  ( 20.33769447807136288, -3.749998262237527857, 1000.000000000000000 ) ) ;
#324 = ORIENTED_EDGE ( 'NONE', *, *, #10834, .T. ) ;
#325 = EDGE_CURVE ( 'NONE', #2889, #1416, #2009, .T. ) ;
#326 = LINE ( 'NONE', #5609, #7139 ) ;
#327 = PLANE ( 'NONE',  #7019 ) ;
#328 = VERTEX_POINT ( 'NONE', #10163 ) ;
#329 = CARTESIAN_POINT ( 'NONE',  ( -3.999999883449552929, -2.181623410754660153, 0.000000000000000000 ) ) ;
#330 = ORIENTED_EDGE ( 'NONE', *, *, #2413, .T. ) ;
#331 = ORIENTED_EDGE ( 'NONE', *, *, #10873, .T. ) ;
#332 = EDGE_CURVE ( 'NONE', #2907, #2137, #8801, .T. ) ;
#333 = VERTEX_POINT ( 'NONE', #400 ) ;
#334 = DIRECTION ( 'NONE',  ( 1.000000000000000000, 0.000000000000000000, 0.000000000000000000 ) ) ;
#335 = EDGE_CURVE ( 'NONE', #885, #3767, #1458, .T. ) ;
#336 = EDGE_CURVE ( 'NONE', #4234, #10879, #7348, .T. ) ;
#337 = EDGE_CURVE ( 'NONE', #8014, #2185, #2588, .T. ) ;
#338 = AXIS2_PLACEMENT_3D ( 'NONE', #11253, #8546, #3378 ) ;
#339 = CARTESIAN_POINT ( 'NONE',  ( 28.07322269320729191, -4.373221158289170241, 1000.000000000000000 ) ) ;
#340 = EDGE_CURVE ( 'NONE', #743, #4586, #564, .T. ) ;
#341 = PLANE ( 'NONE',  #5179 ) ;
#342 = ORIENTED_EDGE ( 'NONE', *, *, #10333, .F. ) ;
#343 = DIRECTION ( 'NONE',  ( -7.700623407407267054E-08, -0.9999999999999970024, 0.000000000000000000 ) ) ;
#344 = CARTESIAN_POINT ( 'NONE',  ( 20.00000000000000355, 0.000000000000000000, 1000.000000000000000 ) ) ;
#345 = DIRECTION ( 'NONE',  ( -0.000000000000000000, -0.000000000000000000, -1.000000000000000000 ) ) ;
#346 = DIRECTION ( 'NONE',  ( 0.7071062476717202561, 0.7071073147009723225, -0.000000000000000000 ) ) ;
#347 = ORIENTED_EDGE ( 'NONE', *, *, #6636, .T. ) ;
#348 = DIRECTION ( 'NONE',  ( -0.000000000000000000, -0.000000000000000000, -1.000000000000000000 ) ) ;
#349 = VERTEX_POINT ( 'NONE', #7409 ) ;
#350 = VECTOR ( 'NONE', #748, 1000.000000000000227 ) ;
#351 = ORIENTED_EDGE ( 'NONE', *, *, #4534, .F. ) ;
#352 = FACE_OUTER_BOUND ( 'NONE', #7379, .T. ) ;
#353 = DIRECTION ( 'NONE',  ( -0.000000000000000000, -0.000000000000000000, -1.000000000000000000 ) ) ;
#354 = VECTOR ( 'NONE', #2074, 1000.000000000000000 ) ;
#355 = ADVANCED_FACE ( 'NONE', ( #10106 ), #3043, .F. ) ;
#356 = DIRECTION ( 'NONE',  ( 0.9999999999999885647, -1.518812939936218052E-07, -0.000000000000000000 ) ) ;
#357 = DIRECTION ( 'NONE',  ( -0.000000000000000000, -0.000000000000000000, -1.000000000000000000 ) ) ;
#358 = CARTESIAN_POINT ( 'NONE',  ( 29.75000057964370725, 3.699998947466240473, 1000.000000000000000 ) ) ;
#359 = ORIENTED_EDGE ( 'NONE', *, *, #8757, .F. ) ;
#360 = ORIENTED_EDGE ( 'NONE', *, *, #394, .F. ) ;
#361 = CIRCLE ( 'NONE', #3105, 2.500000000000000444 ) ;
#362 = FACE_OUTER_BOUND ( 'NONE', #5236, .T. ) ;
#363 = VERTEX_POINT ( 'NONE', #510 ) ;
#364 = DIRECTION ( 'NONE',  ( -0.000000000000000000, -0.000000000000000000, -1.000000000000000000 ) ) ;
#365 = CARTESIAN_POINT ( 'NONE',  ( 24.90710703460692699, 5.897055434816625308, 1000.000000000000000 ) ) ;
#366 = DIRECTION ( 'NONE',  ( 0.000000000000000000, 1.000000000000000000, 0.000000000000000000 ) ) ;
#367 = VECTOR ( 'NONE', #3635, 1000.000000000000000 ) ;
#368 = DIRECTION ( 'NONE',  ( 1.000000000000000000, 0.000000000000000000, 0.000000000000000000 ) ) ;
#369 = AXIS2_PLACEMENT_3D ( 'NONE', #4989, #9293, #6595 ) ;
#370 = DIRECTION ( 'NONE',  ( -0.000000000000000000, -0.000000000000000000, -1.000000000000000000 ) ) ;
#371 = FACE_OUTER_BOUND ( 'NONE', #4388, .T. ) ;
#372 = ORIENTED_EDGE ( 'NONE', *, *, #821, .T. ) ;
#373 = ORIENTED_EDGE ( 'NONE', *, *, #1537, .F. ) ;
#374 = ORIENTED_EDGE ( 'NONE', *, *, #4336, .F. ) ;
#375 = ORIENTED_EDGE ( 'NONE', *, *, #1255, .T. ) ;
#376 = ORIENTED_EDGE ( 'NONE', *, *, #2570, .F. ) ;
#377 = CARTESIAN_POINT ( 'NONE',  ( -3.320000167687797710, 8.000000055594865600, 1000.000000000000000 ) ) ;
#378 = DIRECTION ( 'NONE',  ( 1.000000000000000000, 0.000000000000000000, 0.000000000000000000 ) ) ;
#379 = AXIS2_PLACEMENT_3D ( 'NONE', #6379, #9829, #1959 ) ;
#380 = CARTESIAN_POINT ( 'NONE',  ( 23.32000066756055645, 9.149999139095129408, 1000.000000000000000 ) ) ;
#381 = VERTEX_POINT ( 'NONE', #4013 ) ;
#382 = AXIS2_PLACEMENT_3D ( 'NONE', #4087, #11163, #11059 ) ;
#383 = CARTESIAN_POINT ( 'NONE',  ( 17.14939033455897643, 2.050609665440974894, 0.000000000000000000 ) ) ;
#384 = CARTESIAN_POINT ( 'NONE',  ( 24.94999899642598606, -8.299997661515275738, 1000.000000000000000 ) ) ;
#385 = ORIENTED_EDGE ( 'NONE', *, *, #5391, .F. ) ;
#386 = CARTESIAN_POINT ( 'NONE',  ( 13.00000025118520952, -8.600000631010225050, 1000.000000000000000 ) ) ;
#387 = EDGE_LOOP ( 'NONE', ( #3448, #5835, #1850, #1101, #3147, #2, #7277, #469, #11330, #181, #6044, #4907, #5712, #4418, #10730, #943, #4549, #4619, #5885, #5777, #10644 ) ) ;
#388 = VECTOR ( 'NONE', #5851, 1000.000000000000000 ) ;
#389 = VECTOR ( 'NONE', #10594, 1000.000000000000114 ) ;
#390 = ORIENTED_EDGE ( 'NONE', *, *, #1523, .T. ) ;
#391 = CARTESIAN_POINT ( 'NONE',  ( -8.073223683611651325, 4.373223670622857995, 1000.000000000000000 ) ) ;
#392 = AXIS2_PLACEMENT_3D ( 'NONE', #1246, #2332, #9984 ) ;
#393 = LINE ( 'NONE', #8262, #9188 ) ;
#394 = EDGE_CURVE ( 'NONE', #6625, #8638, #7523, .T. ) ;
#395 = DIRECTION ( 'NONE',  ( -0.000000000000000000, -0.000000000000000000, -1.000000000000000000 ) ) ;
#396 = ADVANCED_FACE ( 'NONE', ( #10500 ), #1533, .F. ) ;
#397 = ORIENTED_EDGE ( 'NONE', *, *, #7514, .F. ) ;
#398 = CARTESIAN_POINT ( 'NONE',  ( -6.604163088458923525, 4.200000053430866132, 1000.000000000000000 ) ) ;
#399 = DIRECTION ( 'NONE',  ( -1.000000000000000000, 0.000000000000000000, 0.000000000000000000 ) ) ;
#400 = CARTESIAN_POINT ( 'NONE',  ( 23.06999948601189132, -9.149997561888097763, 0.000000000000000000 ) ) ;
#401 = DIRECTION ( 'NONE',  ( -0.000000000000000000, -0.000000000000000000, -1.000000000000000000 ) ) ;
#402 = VERTEX_POINT ( 'NONE', #7745 ) ;
#403 = EDGE_CURVE ( 'NONE', #3672, #8450, #3857, .T. ) ;
#405 = ADVANCED_FACE ( 'NONE', ( #3322 ), #6751, .T. ) ;
#404 = FACE_OUTER_BOUND ( 'NONE', #2782, .T. ) ;
#406 = EDGE_LOOP ( 'NONE', ( #1535, #5600, #3057, #10231 ) ) ;
#407 = CIRCLE ( 'NONE', #2595, 2.499999999999988454 ) ;
#408 = ORIENTED_EDGE ( 'NONE', *, *, #3905, .T. ) ;
#409 = DIRECTION ( 'NONE',  ( 0.7071073198482933364, 0.7071062425243913596, 0.000000000000000000 ) ) ;
#410 = CARTESIAN_POINT ( 'NONE',  ( 16.00000025197457987, -2.761522904833349390, 1000.000000000000000 ) ) ;
#411 = CIRCLE ( 'NONE', #5720, 2.500000000000002220 ) ;
#412 = LINE ( 'NONE', #8171, #9214 ) ;
#413 = PLANE ( 'NONE',  #549 ) ;
#414 = LINE ( 'NONE', #8448, #4868 ) ;
#415 = ORIENTED_EDGE ( 'NONE', *, *, #8164, .T. ) ;
#416 = VERTEX_POINT ( 'NONE', #6869 ) ;
#417 = ORIENTED_EDGE ( 'NONE', *, *, #3776, .F. ) ;
#418 = ADVANCED_FACE ( 'NONE', ( #10326 ), #3380, .T. ) ;
#419 = VECTOR ( 'NONE', #1772, 1000.000000000000114 ) ;
#420 = EDGE_CURVE ( 'NONE', #929, #10675, #4350, .T. ) ;
#421 = LINE ( 'NONE', #9952, #232 ) ;
#422 = VECTOR ( 'NONE', #5196, 1000.000000000000000 ) ;
#423 = ORIENTED_EDGE ( 'NONE', *, *, #7694, .F. ) ;
#424 = DIRECTION ( 'NONE',  ( -1.245074322413440884E-07, -0.9999999999999922284, -0.000000000000000000 ) ) ;
#425 = DIRECTION ( 'NONE',  ( 0.9999999999999946709, 1.030353618555290402E-07, 0.000000000000000000 ) ) ;
#426 = DIRECTION ( 'NONE',  ( -0.000000000000000000, -0.000000000000000000, -1.000000000000000000 ) ) ;
#427 = DIRECTION ( 'NONE',  ( -0.000000000000000000, -0.000000000000000000, -1.000000000000000000 ) ) ;
#428 = VECTOR ( 'NONE', #1007, 1000.000000000000000 ) ;
#429 = FACE_OUTER_BOUND ( 'NONE', #7401, .T. ) ;
#430 = CARTESIAN_POINT ( 'NONE',  ( 19.66230507519518866, 3.749999338857418429, 1000.000000000000000 ) ) ;
#431 = VECTOR ( 'NONE', #3449, 1000.000000000000000 ) ;
#432 = VERTEX_POINT ( 'NONE', #10386 ) ;
#433 = ORIENTED_EDGE ( 'NONE', *, *, #1483, .T. ) ;
#434 = ORIENTED_EDGE ( 'NONE', *, *, #7634, .F. ) ;
#435 = ORIENTED_EDGE ( 'NONE', *, *, #11183, .T. ) ;
#436 = EDGE_CURVE ( 'NONE', #7294, #9926, #11370, .T. ) ;
#437 = DIRECTION ( 'NONE',  ( 1.030353708730811440E-07, -0.9999999999999946709, 0.000000000000000000 ) ) ;
#438 = CARTESIAN_POINT ( 'NONE',  ( 30.00000091491977727, 8.499998612189891389, 0.000000000000000000 ) ) ;
#439 = LINE ( 'NONE', #10964, #978 ) ;
#440 = VERTEX_POINT ( 'NONE', #784 ) ;
#441 = CIRCLE ( 'NONE', #9238, 0.2499999351799455094 ) ;
#442 = PLANE ( 'NONE',  #1443 ) ;
#443 = CARTESIAN_POINT ( 'NONE',  ( 15.82426411082386863, 3.185786278619581857, 1000.000000000000000 ) ) ;
#444 = EDGE_CURVE ( 'NONE', #5259, #6072, #6010, .T. ) ;
#445 = DIRECTION ( 'NONE',  ( -0.000000000000000000, -0.000000000000000000, -1.000000000000000000 ) ) ;
#446 = VERTEX_POINT ( 'NONE', #9515 ) ;
#447 = AXIS2_PLACEMENT_3D ( 'NONE', #822, #4329, #10648 ) ;
#448 = ORIENTED_EDGE ( 'NONE', *, *, #1579, .T. ) ;
#449 = CARTESIAN_POINT ( 'NONE',  ( 3.950000123395282170, -9.749999787236230731, 1000.000000000000000 ) ) ;
#450 = CIRCLE ( 'NONE', #11278, 0.7999999999999917177 ) ;
#451 = FACE_OUTER_BOUND ( 'NONE', #8069, .T. ) ;
#452 = CARTESIAN_POINT ( 'NONE',  ( 16.40416236450338516, -4.585785185391127783, 0.000000000000000000 ) ) ;
#453 = EDGE_LOOP ( 'NONE', ( #6784, #5565, #3335, #7730 ) ) ;
#454 = CARTESIAN_POINT ( 'NONE',  ( 15.80355302448195687, -7.999999148696923967, 0.000000000000000000 ) ) ;
#455 = DIRECTION ( 'NONE',  ( 1.000000000000000000, 0.000000000000000000, 0.000000000000000000 ) ) ;
#456 = CARTESIAN_POINT ( 'NONE',  ( 13.00000024186937608, 7.999999886392772375, 1000.000000000000000 ) ) ;
#457 = CIRCLE ( 'NONE', #10737, 0.9999999999999956701 ) ;
#458 = CARTESIAN_POINT ( 'NONE',  ( -0.3376952213033496131, -3.749999889520322149, 1000.000000000000000 ) ) ;
#459 = ORIENTED_EDGE ( 'NONE', *, *, #5658, .T. ) ;
#460 = CARTESIAN_POINT ( 'NONE',  ( 24.37322271240137184, -8.073221246951979069, 1000.000000000000000 ) ) ;
#461 = EDGE_CURVE ( 'NONE', #7903, #7666, #5045, .T. ) ;
#462 = CIRCLE ( 'NONE', #6871, 0.9999999999999974465 ) ;
#463 = EDGE_CURVE ( 'NONE', #103, #8874, #667, .T. ) ;
#464 = CARTESIAN_POINT ( 'NONE',  ( 15.80355302448195687, -8.249998894762160973, 0.000000000000000000 ) ) ;
#465 = EDGE_CURVE ( 'NONE', #2313, #812, #1764, .T. ) ;
#466 = CARTESIAN_POINT ( 'NONE',  ( -3.320000001465317485, 9.399999987794574352, 0.000000000000000000 ) ) ;
#467 = CARTESIAN_POINT ( 'NONE',  ( -4.373223547227689245, -8.073223582606578574, 0.000000000000000000 ) ) ;
#468 = DIRECTION ( 'NONE',  ( -0.000000000000000000, -0.000000000000000000, -1.000000000000000000 ) ) ;
#469 = ORIENTED_EDGE ( 'NONE', *, *, #2190, .F. ) ;
#470 = ORIENTED_EDGE ( 'NONE', *, *, #6429, .T. ) ;
#471 = ADVANCED_FACE ( 'NONE', ( #7637 ), #11196, .F. ) ;
#472 = ORIENTED_EDGE ( 'NONE', *, *, #4813, .T. ) ;
#473 = CARTESIAN_POINT ( 'NONE',  ( 15.80355302448195687, -7.999999148696918638, 1000.000000000000000 ) ) ;
#474 = ADVANCED_FACE ( 'NONE', ( #2566 ), #5157, .F. ) ;
#475 = ORIENTED_EDGE ( 'NONE', *, *, #10287, .T. ) ;
#476 = CARTESIAN_POINT ( 'NONE',  ( 0.000000000000000000, 0.000000000000000000, 0.000000000000000000 ) ) ;
#477 = ADVANCED_FACE ( 'NONE', ( #11315 ), #3432, .F. ) ;
#478 = EDGE_CURVE ( 'NONE', #8012, #2037, #6071, .T. ) ;
#479 = DIRECTION ( 'NONE',  ( -0.000000000000000000, 0.000000000000000000, -1.000000000000000000 ) ) ;
#480 = CARTESIAN_POINT ( 'NONE',  ( 16.30000012249772823, -9.399999631345995255, 1000.000000000000000 ) ) ;
#481 = VECTOR ( 'NONE', #6752, 1000.000000000000000 ) ;
#482 = CARTESIAN_POINT ( 'NONE',  ( -0.8559508052926739774, 3.393721882965480940, 1000.000000000000000 ) ) ;
#483 = LINE ( 'NONE', #9209, #543 ) ;
#484 = ADVANCED_FACE ( 'NONE', ( #844 ), #2626, .F. ) ;
#485 = DIRECTION ( 'NONE',  ( -0.000000000000000000, -0.000000000000000000, -1.000000000000000000 ) ) ;
#486 = DIRECTION ( 'NONE',  ( 0.000000000000000000, 0.000000000000000000, 1.000000000000000000 ) ) ;
#487 = ORIENTED_EDGE ( 'NONE', *, *, #4675, .F. ) ;
#488 = ORIENTED_EDGE ( 'NONE', *, *, #8908, .T. ) ;
#489 = ORIENTED_EDGE ( 'NONE', *, *, #1833, .F. ) ;
#490 = ORIENTED_EDGE ( 'NONE', *, *, #537, .T. ) ;
#491 = AXIS2_PLACEMENT_3D ( 'NONE', #3384, #3492, #1016 ) ;
#492 = LINE ( 'NONE', #2321, #3473 ) ;
#493 = CARTESIAN_POINT ( 'NONE',  ( 28.29999908276779408, -4.949997762860674833, 1000.000000000000000 ) ) ;
#494 = ORIENTED_EDGE ( 'NONE', *, *, #10168, .F. ) ;
#495 = PLANE ( 'NONE',  #3467 ) ;
#496 = ADVANCED_FACE ( 'NONE', ( #7102 ), #7276, .T. ) ;
#497 = AXIS2_PLACEMENT_3D ( 'NONE', #3644, #10663, #6978 ) ;
#498 = DIRECTION ( 'NONE',  ( -4.335456038812784354E-07, -0.9999999999999060751, 0.000000000000000000 ) ) ;
#499 = LINE ( 'NONE', #2221, #1291 ) ;
#500 = ORIENTED_EDGE ( 'NONE', *, *, #1681, .T. ) ;
#501 = ORIENTED_EDGE ( 'NONE', *, *, #11351, .F. ) ;
#502 = CARTESIAN_POINT ( 'NONE',  ( 4.526776848067591175, -8.226776586059830976, 0.000000000000000000 ) ) ;
#503 = EDGE_CURVE ( 'NONE', #3504, #3690, #10614, .T. ) ;
#504 = LINE ( 'NONE', #1471, #4976 ) ;
#505 = CARTESIAN_POINT ( 'NONE',  ( 23.31999954204026793, -7.999997617916474901, 0.000000000000000000 ) ) ;
#506 = CYLINDRICAL_SURFACE ( 'NONE', #1878, 1.999999905005103606 ) ;
#507 = ORIENTED_EDGE ( 'NONE', *, *, #3856, .T. ) ;
#508 = DIRECTION ( 'NONE',  ( 0.9999999999999363842, -3.568438467617037874E-07, 0.000000000000000000 ) ) ;
#509 = CARTESIAN_POINT ( 'NONE',  ( -9.149999820441054865, -3.070000178441484540, 1000.000000000000000 ) ) ;
#510 = CARTESIAN_POINT ( 'NONE',  ( 15.04999989174382691, 8.299999264582233138, 1000.000000000000000 ) ) ;
#511 = DIRECTION ( 'NONE',  ( 0.000000000000000000, 0.000000000000000000, 1.000000000000000000 ) ) ;
#512 = ORIENTED_EDGE ( 'NONE', *, *, #7978, .T. ) ;
#513 = CIRCLE ( 'NONE', #2167, 0.9999999999999956701 ) ;
#514 = DIRECTION ( 'NONE',  ( -1.000000000000000000, 0.000000000000000000, 0.000000000000000000 ) ) ;
#515 = CARTESIAN_POINT ( 'NONE',  ( -9.400000077721925251, 3.700000235712694430, 0.000000000000000000 ) ) ;
#516 = CARTESIAN_POINT ( 'NONE',  ( 15.47322365656571286, 8.226776018407308655, 1000.000000000000000 ) ) ;
#517 = DIRECTION ( 'NONE',  ( 0.000000000000000000, 0.000000000000000000, 1.000000000000000000 ) ) ;
#518 = CARTESIAN_POINT ( 'NONE',  ( 3.320000135614183279, -9.399999651635681630, 0.000000000000000000 ) ) ;
#519 = ORIENTED_EDGE ( 'NONE', *, *, #9281, .F. ) ;
#520 = ORIENTED_EDGE ( 'NONE', *, *, #5396, .T. ) ;
#521 = EDGE_CURVE ( 'NONE', #4066, #9388, #10787, .T. ) ;
#522 = CARTESIAN_POINT ( 'NONE',  ( 2.181623534149808474, -3.999999782444471741, 1000.000000000000000 ) ) ;
#523 = CIRCLE ( 'NONE', #9152, 0.2499999994412449300 ) ;
#524 = FILL_AREA_STYLE_COLOUR ( '', #8693 ) ;
#525 = CARTESIAN_POINT ( 'NONE',  ( 27.59999999999997300, 7.599999999999996092, 0.000000000000000000 ) ) ;
#526 = DIRECTION ( 'NONE',  ( 1.000000000000000000, 0.000000000000000000, 0.000000000000000000 ) ) ;
#527 = CARTESIAN_POINT ( 'NONE',  ( 28.22677415637757292, 4.526778986716148090, 0.000000000000000000 ) ) ;
#528 = EDGE_CURVE ( 'NONE', #5187, #132, #2738, .T. ) ;
#529 = CARTESIAN_POINT ( 'NONE',  ( 23.07000061153226866, 8.249999139095187672, 0.000000000000000000 ) ) ;
#530 = ADVANCED_FACE ( 'NONE', ( #155 ), #4458, .F. ) ;
#531 = DIRECTION ( 'NONE',  ( -0.9999999999999059641, 4.335455246482890312E-07, 0.000000000000000000 ) ) ;
#532 = AXIS2_PLACEMENT_3D ( 'NONE', #6168, #1802, #11352 ) ;
#533 = EDGE_LOOP ( 'NONE', ( #6568, #9903, #4961, #4280 ) ) ;
#534 = EDGE_LOOP ( 'NONE', ( #1632, #642, #8096, #1059 ) ) ;
#535 = ADVANCED_FACE ( 'NONE', ( #9000 ), #8774, .T. ) ;
#536 = EDGE_LOOP ( 'NONE', ( #7889, #11069, #6782, #10241 ) ) ;
#537 = EDGE_CURVE ( 'NONE', #8916, #4003, #8083, .T. ) ;
#538 = ORIENTED_EDGE ( 'NONE', *, *, #11351, .T. ) ;
#539 = ORIENTED_EDGE ( 'NONE', *, *, #8090, .T. ) ;
#540 = FACE_OUTER_BOUND ( 'NONE', #8410, .T. ) ;
#541 = CYLINDRICAL_SURFACE ( 'NONE', #9980, 0.9999999999999940048 ) ;
#542 = EDGE_LOOP ( 'NONE', ( #4911, #128, #4655, #9994 ) ) ;
#543 = VECTOR ( 'NONE', #8352, 1000.000000000000000 ) ;
#544 = VECTOR ( 'NONE', #10665, 1000.000000000000000 ) ;
#545 = DIRECTION ( 'NONE',  ( -0.000000000000000000, -0.000000000000000000, -1.000000000000000000 ) ) ;
#546 = CARTESIAN_POINT ( 'NONE',  ( 9.762981034530938018, -9.958012648220465834, 1000.000000000000000 ) ) ;
#547 = DIRECTION ( 'NONE',  ( 0.7071068251285875794, 0.7071067372445047905, 0.000000000000000000 ) ) ;
#548 = ORIENTED_EDGE ( 'NONE', *, *, #7271, .F. ) ;
#549 = AXIS2_PLACEMENT_3D ( 'NONE', #2191, #4832, #6939 ) ;
#550 = VERTEX_POINT ( 'NONE', #9917 ) ;
#551 = AXIS2_PLACEMENT_3D ( 'NONE', #9106, #8303, #4735 ) ;
#552 = CARTESIAN_POINT ( 'NONE',  ( 28.07322141253985137, 4.373225564130565068, 1000.000000000000000 ) ) ;
#553 = AXIS2_PLACEMENT_3D ( 'NONE', #4843, #6615, #479 ) ;
#554 = EDGE_CURVE ( 'NONE', #10191, #1647, #2557, .T. ) ;
#555 = ADVANCED_FACE ( 'NONE', ( #6407 ), #216, .T. ) ;
#556 = DIRECTION ( 'NONE',  ( 1.000000000000000000, 0.000000000000000000, 0.000000000000000000 ) ) ;
#557 = VECTOR ( 'NONE', #10800, 1000.000000000000227 ) ;
#558 = CARTESIAN_POINT ( 'NONE',  ( 28.29999943741544399, -4.703551156343841022, 1000.000000000000000 ) ) ;
#559 = VECTOR ( 'NONE', #9354, 1000.000000000000114 ) ;
#560 = DIRECTION ( 'NONE',  ( -0.9999999999995471400, -9.516871885576336961E-07, 0.000000000000000000 ) ) ;
#561 = ORIENTED_EDGE ( 'NONE', *, *, #8888, .T. ) ;
#562 = CARTESIAN_POINT ( 'NONE',  ( -0.3376952213033496686, -3.999999809996560796, 0.000000000000000000 ) ) ;
#563 = LINE ( 'NONE', #9345, #3549 ) ;
#564 = LINE ( 'NONE', #4761, #2964 ) ;
#565 = CARTESIAN_POINT ( 'NONE',  ( 13.60000012899577371, -8.000000484978855297, 1000.000000000000000 ) ) ;
#566 = ORIENTED_EDGE ( 'NONE', *, *, #2363, .T. ) ;
#567 = CARTESIAN_POINT ( 'NONE',  ( -3.393721882965487602, 0.8559508052926600996, 0.000000000000000000 ) ) ;
#568 = VECTOR ( 'NONE', #9508, 1000.000000000000000 ) ;
#569 = DIRECTION ( 'NONE',  ( -0.000000000000000000, -0.000000000000000000, -1.000000000000000000 ) ) ;
#570 = CARTESIAN_POINT ( 'NONE',  ( 16.68000023088499262, 8.249999626757986704, 1000.000000000000000 ) ) ;
#571 = CARTESIAN_POINT ( 'NONE',  ( 20.00000000000000355, 0.000000000000000000, 1000.000000000000000 ) ) ;
#572 = CARTESIAN_POINT ( 'NONE',  ( 15.79999938879762844, -6.604161884127046633, 1000.000000000000000 ) ) ;
#573 = CIRCLE ( 'NONE', #9934, 1.000000057619887084 ) ;
#574 = CARTESIAN_POINT ( 'NONE',  ( 24.19644615144748911, -8.249997807905835145, 1000.000000000000000 ) ) ;
#575 = EDGE_CURVE ( 'NONE', #3767, #9759, #5383, .T. ) ;
#576 = VERTEX_POINT ( 'NONE', #9857 ) ;
#577 = ORIENTED_EDGE ( 'NONE', *, *, #6151, .T. ) ;
#578 = CARTESIAN_POINT ( 'NONE',  ( 3.950000044177011560, 10.00000001106444181, 0.000000000000000000 ) ) ;
#579 = AXIS2_PLACEMENT_3D ( 'NONE', #7648, #11048, #9252 ) ;
#580 = LINE ( 'NONE', #10126, #6602 ) ;
#581 = DIRECTION ( 'NONE',  ( -1.000000000000000000, 0.000000000000000000, 0.000000000000000000 ) ) ;
#582 = DIRECTION ( 'NONE',  ( 0.000000000000000000, 0.000000000000000000, 1.000000000000000000 ) ) ;
#583 = CARTESIAN_POINT ( 'NONE',  ( 15.29644692136327500, 8.049999469559809384, 0.000000000000000000 ) ) ;
#584 = CARTESIAN_POINT ( 'NONE',  ( -4.949999980577608483, -8.299999938497746754, 0.000000000000000000 ) ) ;
#585 = VERTEX_POINT ( 'NONE', #5499 ) ;
#586 = ORIENTED_EDGE ( 'NONE', *, *, #3696, .F. ) ;
#587 = VECTOR ( 'NONE', #7169, 1000.000000000000000 ) ;
#588 = VERTEX_POINT ( 'NONE', #3542 ) ;
#589 = VECTOR ( 'NONE', #2141, 1000.000000000000000 ) ;
#590 = EDGE_LOOP ( 'NONE', ( #2195, #10521, #3544, #11160 ) ) ;
#591 = ORIENTED_EDGE ( 'NONE', *, *, #3307, .F. ) ;
#592 = CARTESIAN_POINT ( 'NONE',  ( 3.070000090333477427, 8.250000058338313735, 1000.000000000000000 ) ) ;
#593 = FACE_OUTER_BOUND ( 'NONE', #244, .T. ) ;
#594 = ORIENTED_EDGE ( 'NONE', *, *, #2015, .F. ) ;
#595 = EDGE_CURVE ( 'NONE', #7666, #116, #10483, .T. ) ;
#596 = ADVANCED_FACE ( 'NONE', ( #10732 ), #2855, .F. ) ;
#597 = VECTOR ( 'NONE', #3565, 1000.000000000000000 ) ;
#598 = CARTESIAN_POINT ( 'NONE',  ( 23.07000072358898635, 9.149999428177721938, 1000.000000000000000 ) ) ;
#599 = EDGE_CURVE ( 'NONE', #10191, #8696, #4637, .T. ) ;
#600 = DIRECTION ( 'NONE',  ( 1.000000000000000000, 0.000000000000000000, 0.000000000000000000 ) ) ;
#601 = ORIENTED_EDGE ( 'NONE', *, *, #5999, .F. ) ;
#602 = DIRECTION ( 'NONE',  ( -0.000000000000000000, -0.000000000000000000, -1.000000000000000000 ) ) ;
#603 = ORIENTED_EDGE ( 'NONE', *, *, #8342, .F. ) ;
#604 = ORIENTED_EDGE ( 'NONE', *, *, #2497, .T. ) ;
#605 = AXIS2_PLACEMENT_3D ( 'NONE', #3016, #370, #2205 ) ;
#606 = DIRECTION ( 'NONE',  ( -0.000000000000000000, -0.000000000000000000, -1.000000000000000000 ) ) ;
#607 = VECTOR ( 'NONE', #5435, 1000.000000000000000 ) ;
#608 = EDGE_CURVE ( 'NONE', #833, #7654, #6182, .T. ) ;
#609 = ADVANCED_FACE ( 'NONE', ( #3655 ), #2798, .F. ) ;
#610 = DIRECTION ( 'NONE',  ( -0.9999999999998616662, -5.260373430062014070E-07, 0.000000000000000000 ) ) ;
#611 = DIRECTION ( 'NONE',  ( -1.439044544361471436E-06, -0.9999999999989644950, 0.000000000000000000 ) ) ;
#612 = CIRCLE ( 'NONE', #7037, 1.499999999999997780 ) ;
#613 = DIRECTION ( 'NONE',  ( -1.000000000000000000, 0.000000000000000000, 0.000000000000000000 ) ) ;
#614 = VECTOR ( 'NONE', #424, 1000.000000000000114 ) ;
#615 = ORIENTED_EDGE ( 'NONE', *, *, #883, .T. ) ;
#616 = CYLINDRICAL_SURFACE ( 'NONE', #9494, 0.9999999999999956701 ) ;
#617 = DIRECTION ( 'NONE',  ( 0.9999999999999946709, 1.030353624409858122E-07, 0.000000000000000000 ) ) ;
#618 = DIRECTION ( 'NONE',  ( -0.000000000000000000, -0.000000000000000000, -1.000000000000000000 ) ) ;
#619 = EDGE_CURVE ( 'NONE', #6397, #1557, #1064, .T. ) ;
#620 = CARTESIAN_POINT ( 'NONE',  ( 16.93000065914436547, 8.249999582054593716, 1000.000000000000000 ) ) ;
#621 = ORIENTED_EDGE ( 'NONE', *, *, #3554, .T. ) ;
#622 = DIRECTION ( 'NONE',  ( 0.000000000000000000, 1.000000000000000000, -0.000000000000000000 ) ) ;
#623 = VECTOR ( 'NONE', #4232, 1000.000000000000000 ) ;
#624 = DIRECTION ( 'NONE',  ( 1.000000000000000000, 0.000000000000000000, 0.000000000000000000 ) ) ;
#625 = CARTESIAN_POINT ( 'NONE',  ( 24.70355286087617941, -8.299997791155391269, 1000.000000000000000 ) ) ;
#626 = AXIS2_PLACEMENT_3D ( 'NONE', #9845, #3700, #9962 ) ;
#627 = DIRECTION ( 'NONE',  ( -0.000000000000000000, -0.000000000000000000, -1.000000000000000000 ) ) ;
#628 = DIRECTION ( 'NONE',  ( -0.7071062047827904040, -0.7071073575898347841, 0.000000000000000000 ) ) ;
#629 = EDGE_CURVE ( 'NONE', #5459, #3936, #3126, .T. ) ;
#630 = DIRECTION ( 'NONE',  ( -0.000000000000000000, -0.000000000000000000, -1.000000000000000000 ) ) ;
#631 = ORIENTED_EDGE ( 'NONE', *, *, #9110, .T. ) ;
#632 = ORIENTED_EDGE ( 'NONE', *, *, #3617, .T. ) ;
#633 = AXIS2_PLACEMENT_3D ( 'NONE', #178, #9770, #2017 ) ;
#634 = CARTESIAN_POINT ( 'NONE',  ( -8.250000260037616329, 3.070000281310325541, 0.000000000000000000 ) ) ;
#635 = ADVANCED_FACE ( 'NONE', ( #4957 ), #7493, .F. ) ;
#636 = CARTESIAN_POINT ( 'NONE',  ( 28.29999908276779408, -4.949997762860674833, 1000.000000000000000 ) ) ;
#637 = LINE ( 'NONE', #3343, #6744 ) ;
#638 = DIRECTION ( 'NONE',  ( -0.000000000000000000, -0.000000000000000000, -1.000000000000000000 ) ) ;
#639 = DIRECTION ( 'NONE',  ( 1.000000000000000000, 0.000000000000000000, 0.000000000000000000 ) ) ;
#640 = AXIS2_PLACEMENT_3D ( 'NONE', #11040, #1480, #3046 ) ;
#641 = CARTESIAN_POINT ( 'NONE',  ( 19.38860656764808255, -2.424087059261063271, 1000.000000000000000 ) ) ;
#642 = ORIENTED_EDGE ( 'NONE', *, *, #8194, .T. ) ;
#643 = ORIENTED_EDGE ( 'NONE', *, *, #10097, .F. ) ;
#644 = VERTEX_POINT ( 'NONE', #8093 ) ;
#645 = ORIENTED_EDGE ( 'NONE', *, *, #10222, .T. ) ;
#646 = EDGE_LOOP ( 'NONE', ( #4588, #2878, #9776, #8582 ) ) ;
#647 = CARTESIAN_POINT ( 'NONE',  ( -4.585786510794970461, 3.595836956653164496, 1000.000000000000000 ) ) ;
#648 = DIRECTION ( 'NONE',  ( 0.000000000000000000, 0.000000000000000000, 1.000000000000000000 ) ) ;
#649 = AXIS2_PLACEMENT_3D ( 'NONE', #8549, #4235, #6989 ) ;
#650 = ORIENTED_EDGE ( 'NONE', *, *, #7341, .T. ) ;
#651 = CARTESIAN_POINT ( 'NONE',  ( 23.99999855409319593, 0.3376976739742215683, 1000.000000000000000 ) ) ;
#652 = LINE ( 'NONE', #1750, #5011 ) ;
#653 = ORIENTED_EDGE ( 'NONE', *, *, #2354, .T. ) ;
#654 = DIRECTION ( 'NONE',  ( 1.000000000000000000, 0.000000000000000000, 0.000000000000000000 ) ) ;
#655 = ORIENTED_EDGE ( 'NONE', *, *, #5037, .T. ) ;
#656 = CIRCLE ( 'NONE', #11136, 0.2500001043081422347 ) ;
#657 = VERTEX_POINT ( 'NONE', #1526 ) ;
#658 = LINE ( 'NONE', #6638, #1580 ) ;
#659 = CIRCLE ( 'NONE', #5446, 0.5999999357946730338 ) ;
#660 = CARTESIAN_POINT ( 'NONE',  ( -4.585786510794968684, 3.595836956653166272, 1000.000000000000000 ) ) ;
#661 = DIRECTION ( 'NONE',  ( 0.000000000000000000, 0.000000000000000000, 1.000000000000000000 ) ) ;
#662 = PLANE ( 'NONE',  #5748 ) ;
#663 = ORIENTED_EDGE ( 'NONE', *, *, #2297, .F. ) ;
#664 = EDGE_CURVE ( 'NONE', #754, #2796, #6343, .T. ) ;
#665 = CARTESIAN_POINT ( 'NONE',  ( -8.300000039502801741, 4.950000103972798549, 1000.000000000000000 ) ) ;
#666 = CARTESIAN_POINT ( 'NONE',  ( -8.299999909862695091, 4.703553497455950527, 0.000000000000000000 ) ) ;
#667 = LINE ( 'NONE', #4172, #10829 ) ;
#668 = CARTESIAN_POINT ( 'NONE',  ( 22.42408705926104773, 0.6113934323519090164, 1000.000000000000000 ) ) ;
#669 = EDGE_CURVE ( 'NONE', #9161, #9592, #9899, .T. ) ;
#670 = ORIENTED_EDGE ( 'NONE', *, *, #4538, .T. ) ;
#671 = EDGE_CURVE ( 'NONE', #1916, #7716, #3645, .T. ) ;
#672 = ADVANCED_FACE ( 'NONE', ( #1979 ), #34, .F. ) ;
#673 = DIRECTION ( 'NONE',  ( -0.000000000000000000, -0.000000000000000000, -1.000000000000000000 ) ) ;
#674 = CARTESIAN_POINT ( 'NONE',  ( 21.48492424049173621, -2.616295090390215350, 0.000000000000000000 ) ) ;
#675 = EDGE_CURVE ( 'NONE', #9379, #6959, #4942, .T. ) ;
#676 = FACE_OUTER_BOUND ( 'NONE', #1973, .T. ) ;
#677 = CARTESIAN_POINT ( 'NONE',  ( 3.950000044177011560, 10.00000001106443648, 1000.000000000000000 ) ) ;
#678 = FACE_OUTER_BOUND ( 'NONE', #8299, .T. ) ;
#679 = DIRECTION ( 'NONE',  ( -0.9999999999999905631, 1.375978792292770720E-07, 0.000000000000000000 ) ) ;
#680 = CARTESIAN_POINT ( 'NONE',  ( 28.04999926009162081, -4.703551153453943812, 0.000000000000000000 ) ) ;
#681 = CIRCLE ( 'NONE', #3622, 1.000000000000007772 ) ;
#682 = VERTEX_POINT ( 'NONE', #2845 ) ;
#683 = ORIENTED_EDGE ( 'NONE', *, *, #6777, .T. ) ;
#684 = DIRECTION ( 'NONE',  ( -0.000000000000000000, -0.000000000000000000, -1.000000000000000000 ) ) ;
#686 = EDGE_LOOP ( 'NONE', ( #9741, #8984 ) ) ;
#685 = EDGE_CURVE ( 'NONE', #8068, #5488, #11361, .T. ) ;
#687 = EDGE_CURVE ( 'NONE', #8070, #929, #8990, .T. ) ;
#688 = CARTESIAN_POINT ( 'NONE',  ( 29.14999732342325700, 3.070002611706788898, 1000.000000000000000 ) ) ;
#689 = CIRCLE ( 'NONE', #6569, 2.000000057619883531 ) ;
#690 = LINE ( 'NONE', #11336, #150 ) ;
#691 = CARTESIAN_POINT ( 'NONE',  ( -9.999999776482582092, -3.949999809265136719, 1000.000000000000000 ) ) ;
#692 = DIRECTION ( 'NONE',  ( -1.000000000000000000, 0.000000000000000000, 0.000000000000000000 ) ) ;
#693 = FACE_OUTER_BOUND ( 'NONE', #6356, .T. ) ;
#694 = ORIENTED_EDGE ( 'NONE', *, *, #5107, .T. ) ;
#695 = ORIENTED_EDGE ( 'NONE', *, *, #4260, .T. ) ;
#697 = ORIENTED_EDGE ( 'NONE', *, *, #981, .F. ) ;
#696 = ORIENTED_EDGE ( 'NONE', *, *, #3948, .F. ) ;
#698 = ORIENTED_EDGE ( 'NONE', *, *, #2292, .T. ) ;
#699 = AXIS2_PLACEMENT_3D ( 'NONE', #8593, #661, #7630 ) ;
#700 = EDGE_CURVE ( 'NONE', #2483, #4801, #8935, .T. ) ;
#701 = EDGE_LOOP ( 'NONE', ( #3573, #2001, #1893, #10851 ) ) ;
#702 = DIRECTION ( 'NONE',  ( -0.000000000000000000, -0.000000000000000000, -1.000000000000000000 ) ) ;
#703 = CARTESIAN_POINT ( 'NONE',  ( 24.70355325957142156, 8.299999081214274099, 1000.000000000000000 ) ) ;
#704 = ORIENTED_EDGE ( 'NONE', *, *, #9192, .F. ) ;
#705 = LINE ( 'NONE', #7843, #1392 ) ;
#706 = AXIS2_PLACEMENT_3D ( 'NONE', #1747, #10368, #2487 ) ;
#707 = LINE ( 'NONE', #4214, #6947 ) ;
#708 = DIRECTION ( 'NONE',  ( 0.000000000000000000, 0.000000000000000000, 1.000000000000000000 ) ) ;
#709 = ORIENTED_EDGE ( 'NONE', *, *, #1730, .T. ) ;
#710 = FACE_OUTER_BOUND ( 'NONE', #2631, .T. ) ;
#711 = VERTEX_POINT ( 'NONE', #1863 ) ;
#712 = VERTEX_POINT ( 'NONE', #10494 ) ;
#713 = LINE ( 'NONE', #5998, #4519 ) ;
#714 = CYLINDRICAL_SURFACE ( 'NONE', #7922, 0.2499998882413267398 ) ;
#715 = CARTESIAN_POINT ( 'NONE',  ( 29.39999749776685434, 3.699998947466240473, 0.000000000000000000 ) ) ;
#716 = DIRECTION ( 'NONE',  ( 0.000000000000000000, -1.000000000000000000, 0.000000000000000000 ) ) ;
#717 = ORIENTED_EDGE ( 'NONE', *, *, #7351, .F. ) ;
#718 = AXIS2_PLACEMENT_3D ( 'NONE', #7314, #4555, #8926 ) ;
#719 = LINE ( 'NONE', #9401, #2523 ) ;
#720 = CARTESIAN_POINT ( 'NONE',  ( 0.000000000000000000, 0.000000000000000000, 1000.000000000000000 ) ) ;
#721 = CARTESIAN_POINT ( 'NONE',  ( -2.181623542388648307, 5.999999850923684264, 0.000000000000000000 ) ) ;
#722 = VERTEX_POINT ( 'NONE', #93 ) ;
#723 = LINE ( 'NONE', #2569, #6156 ) ;
#724 = ORIENTED_EDGE ( 'NONE', *, *, #1927, .F. ) ;
#725 = PLANE ( 'NONE',  #2690 ) ;
#726 = CARTESIAN_POINT ( 'NONE',  ( 10.37569436908790443, -9.999999668599047098, 0.000000000000000000 ) ) ;
#727 = AXIS2_PLACEMENT_3D ( 'NONE', #8912, #2707, #1036 ) ;
#728 = EDGE_CURVE ( 'NONE', #5935, #4586, #9535, .T. ) ;
#729 = VECTOR ( 'NONE', #3619, 1000.000000000000000 ) ;
#730 = ADVANCED_FACE ( 'NONE', ( #6124 ), #9627, .F. ) ;
#731 = AXIS2_PLACEMENT_3D ( 'NONE', #5085, #7850, #10489 ) ;
#732 = CARTESIAN_POINT ( 'NONE',  ( 14.20000008751195253, 5.658578530155403463, 1000.000000000000000 ) ) ;
#733 = ADVANCED_FACE ( 'NONE', ( #1811 ), #6283, .T. ) ;
#734 = FACE_OUTER_BOUND ( 'NONE', #4908, .T. ) ;
#735 = EDGE_CURVE ( 'NONE', #3394, #9819, #183, .T. ) ;
#736 = DIRECTION ( 'NONE',  ( -0.7071073575898347841, 0.7071062047827904040, 0.000000000000000000 ) ) ;
#737 = DIRECTION ( 'NONE',  ( -1.000000000000000000, 0.000000000000000000, 0.000000000000000000 ) ) ;
#738 = LINE ( 'NONE', #1602, #5416 ) ;
#739 = EDGE_LOOP ( 'NONE', ( #6574, #1762, #11122, #7305 ) ) ;
#740 = ORIENTED_EDGE ( 'NONE', *, *, #2078, .T. ) ;
#741 = CIRCLE ( 'NONE', #8827, 0.7999999999999960476 ) ;
#742 = AXIS2_PLACEMENT_3D ( 'NONE', #4877, #10046, #2125 ) ;
#743 = VERTEX_POINT ( 'NONE', #8876 ) ;
#744 = CARTESIAN_POINT ( 'NONE',  ( 29.75000057964370725, 3.699998947466245358, 1000.000000000000000 ) ) ;
#745 = EDGE_CURVE ( 'NONE', #7186, #2185, #3707, .T. ) ;
#746 = EDGE_CURVE ( 'NONE', #1916, #9688, #9352, .T. ) ;
#747 = LINE ( 'NONE', #9482, #10274 ) ;
#748 = DIRECTION ( 'NONE',  ( -9.861037438611865446E-07, -0.9999999999995137223, -0.000000000000000000 ) ) ;
#749 = AXIS2_PLACEMENT_3D ( 'NONE', #982, #9543, #8689 ) ;
#750 = CARTESIAN_POINT ( 'NONE',  ( -4.200000160796017568, 6.604162906957935952, 0.000000000000000000 ) ) ;
#751 = LINE ( 'NONE', #11167, #4776 ) ;
#752 = FACE_BOUND ( 'NONE', #10777, .T. ) ;
#753 = VERTEX_POINT ( 'NONE', #1920 ) ;
#754 = VERTEX_POINT ( 'NONE', #8018 ) ;
#755 = EDGE_CURVE ( 'NONE', #2424, #2208, #6229, .T. ) ;
#756 = ORIENTED_EDGE ( 'NONE', *, *, #1654, .T. ) ;
#757 = EDGE_LOOP ( 'NONE', ( #4056, #1396, #434, #1952 ) ) ;
#758 = VECTOR ( 'NONE', #10114, 1000.000000000000000 ) ;
#759 = ORIENTED_EDGE ( 'NONE', *, *, #2318, .F. ) ;
#760 = FACE_OUTER_BOUND ( 'NONE', #6790, .T. ) ;
#761 = DIRECTION ( 'NONE',  ( -5.260363325060191763E-07, 0.9999999999998616662, 0.000000000000000000 ) ) ;
#762 = EDGE_LOOP ( 'NONE', ( #8573, #4686, #8301, #1520 ) ) ;
#763 = FACE_OUTER_BOUND ( 'NONE', #6013, .T. ) ;
#764 = CARTESIAN_POINT ( 'NONE',  ( 2.393721882965476055, 0.8559508052926600996, 0.000000000000000000 ) ) ;
#765 = DIRECTION ( 'NONE',  ( -0.000000000000000000, -0.000000000000000000, -1.000000000000000000 ) ) ;
#766 = VECTOR ( 'NONE', #2298, 1000.000000000000000 ) ;
#767 = CARTESIAN_POINT ( 'NONE',  ( 13.77573621418299510, -5.234315123776769774, 1000.000000000000000 ) ) ;
#768 = CIRCLE ( 'NONE', #11068, 0.2499998100102280296 ) ;
#769 = ORIENTED_EDGE ( 'NONE', *, *, #6370, .T. ) ;
#770 = CARTESIAN_POINT ( 'NONE',  ( 23.06999959806864453, -8.249997517184610274, 1000.000000000000000 ) ) ;
#771 = ORIENTED_EDGE ( 'NONE', *, *, #7514, .T. ) ;
#772 = EDGE_CURVE ( 'NONE', #9918, #10911, #4625, .T. ) ;
#773 = ORIENTED_EDGE ( 'NONE', *, *, #2563, .T. ) ;
#774 = CARTESIAN_POINT ( 'NONE',  ( 29.99999964172964440, -3.949998076722499363, 1000.000000000000000 ) ) ;
#775 = AXIS2_PLACEMENT_3D ( 'NONE', #6865, #716, #893 ) ;
#776 = ORIENTED_EDGE ( 'NONE', *, *, #6442, .T. ) ;
#777 = AXIS2_PLACEMENT_3D ( 'NONE', #2131, #3615, #7118 ) ;
#778 = CARTESIAN_POINT ( 'NONE',  ( 29.99999964172964440, -3.949998076722499363, 0.000000000000000000 ) ) ;
#779 = CARTESIAN_POINT ( 'NONE',  ( 15.47322365656571286, 8.226776018407308655, 1000.000000000000000 ) ) ;
#780 = FACE_OUTER_BOUND ( 'NONE', #757, .T. ) ;
#781 = ORIENTED_EDGE ( 'NONE', *, *, #9827, .F. ) ;
#782 = LINE ( 'NONE', #998, #2342 ) ;
#783 = CYLINDRICAL_SURFACE ( 'NONE', #10350, 1.999999895691859875 ) ;
#784 = CARTESIAN_POINT ( 'NONE',  ( 6.224264087271771828, -5.234314527246279880, 0.000000000000000000 ) ) ;
#785 = VECTOR ( 'NONE', #2560, 1000.000000000000114 ) ;
#786 = ORIENTED_EDGE ( 'NONE', *, *, #1758, .F. ) ;
#787 = CARTESIAN_POINT ( 'NONE',  ( 16.30000012076539306, 9.399999558957663481, 1000.000000000000000 ) ) ;
#788 = CIRCLE ( 'NONE', #9596, 1.999999895691859875 ) ;
#789 = ORIENTED_EDGE ( 'NONE', *, *, #8680, .F. ) ;
#790 = LINE ( 'NONE', #6707, #10393 ) ;
#791 = PLANE ( 'NONE',  #5203 ) ;
#792 = CIRCLE ( 'NONE', #976, 0.2499999532848602157 ) ;
#793 = CARTESIAN_POINT ( 'NONE',  ( 19.81847889642713767, 3.945216615397352466, 0.000000000000000000 ) ) ;
#794 = DIRECTION ( 'NONE',  ( -1.000000000000000000, 0.000000000000000000, 0.000000000000000000 ) ) ;
#795 = CARTESIAN_POINT ( 'NONE',  ( 20.33769576579990002, 3.999999123447665728, 1000.000000000000000 ) ) ;
#796 = CARTESIAN_POINT ( 'NONE',  ( 18.51507575950825668, -2.616295090390189593, 1000.000000000000000 ) ) ;
#797 = FACE_OUTER_BOUND ( 'NONE', #6043, .T. ) ;
#798 = ORIENTED_EDGE ( 'NONE', *, *, #5461, .F. ) ;
#799 = VERTEX_POINT ( 'NONE', #438 ) ;
#800 = VECTOR ( 'NONE', #1830, 1000.000000000000000 ) ;
#801 = VECTOR ( 'NONE', #3059, 1000.000000000000114 ) ;
#802 = VERTEX_POINT ( 'NONE', #10780 ) ;
#803 = DIRECTION ( 'NONE',  ( 1.000000000000000000, 0.000000000000000000, 0.000000000000000000 ) ) ;
#804 = EDGE_CURVE ( 'NONE', #10860, #1014, #4405, .T. ) ;
#805 = EDGE_CURVE ( 'NONE', #4651, #3070, #8443, .T. ) ;
#806 = DIRECTION ( 'NONE',  ( 0.000000000000000000, 0.000000000000000000, 1.000000000000000000 ) ) ;
#807 = DIRECTION ( 'NONE',  ( -0.000000000000000000, -0.000000000000000000, -1.000000000000000000 ) ) ;
#808 = CARTESIAN_POINT ( 'NONE',  ( 16.29999987042586440, 9.749999694558225016, 1000.000000000000000 ) ) ;
#809 = CARTESIAN_POINT ( 'NONE',  ( -2.181623542388620329, 3.999999850923670497, 1000.000000000000000 ) ) ;
#810 = CYLINDRICAL_SURFACE ( 'NONE', #6134, 0.2499999532848597994 ) ;
#811 = ADVANCED_FACE ( 'NONE', ( #3886 ), #5604, .T. ) ;
#812 = VERTEX_POINT ( 'NONE', #2104 ) ;
#813 = ORIENTED_EDGE ( 'NONE', *, *, #6187, .T. ) ;
#814 = CIRCLE ( 'NONE', #2839, 1.499999999999997780 ) ;
#815 = ORIENTED_EDGE ( 'NONE', *, *, #11383, .F. ) ;
#816 = EDGE_CURVE ( 'NONE', #7047, #3110, #9906, .T. ) ;
#817 = ORIENTED_EDGE ( 'NONE', *, *, #8538, .T. ) ;
#818 = EDGE_CURVE ( 'NONE', #11041, #5759, #7325, .T. ) ;
#819 = ORIENTED_EDGE ( 'NONE', *, *, #8059, .T. ) ;
#820 = DIRECTION ( 'NONE',  ( 1.000000000000000000, 0.000000000000000000, 0.000000000000000000 ) ) ;
#821 = EDGE_CURVE ( 'NONE', #10833, #9046, #2042, .T. ) ;
#822 = CARTESIAN_POINT ( 'NONE',  ( 24.58578507738358354, 3.595839530616790292, 1000.000000000000000 ) ) ;
#823 = ORIENTED_EDGE ( 'NONE', *, *, #10597, .T. ) ;
#824 = ORIENTED_EDGE ( 'NONE', *, *, #728, .T. ) ;
#825 = CYLINDRICAL_SURFACE ( 'NONE', #7458, 0.7999999999999951594 ) ;
#826 = EDGE_CURVE ( 'NONE', #8858, #10617, #3664, .T. ) ;
#827 = AXIS2_PLACEMENT_3D ( 'NONE', #7534, #3920, #2349 ) ;
#828 = DIRECTION ( 'NONE',  ( -0.000000000000000000, -0.000000000000000000, -1.000000000000000000 ) ) ;
#829 = CARTESIAN_POINT ( 'NONE',  ( -6.604163088458923525, 5.200000111050748330, 0.000000000000000000 ) ) ;
#830 = EDGE_LOOP ( 'NONE', ( #3878, #5637 ) ) ;
#831 = DIRECTION ( 'NONE',  ( -0.000000000000000000, -0.000000000000000000, -1.000000000000000000 ) ) ;
#832 = ORIENTED_EDGE ( 'NONE', *, *, #7434, .T. ) ;
#833 = VERTEX_POINT ( 'NONE', #9051 ) ;
#834 = PRODUCT ( '\X2\04210431043e0440043a0430\X0\2', '\X2\04210431043e0440043a0430\X0\2', '', ( #4423 ) ) ;
#835 = CIRCLE ( 'NONE', #295, 0.2499998100102419074 ) ;
#836 = DIRECTION ( 'NONE',  ( 0.000000000000000000, 0.000000000000000000, 1.000000000000000000 ) ) ;
#837 = EDGE_CURVE ( 'NONE', #10912, #8973, #1286, .T. ) ;
#838 = LINE ( 'NONE', #10652, #8091 ) ;
#839 = PLANE ( 'NONE',  #7691 ) ;
#840 = VECTOR ( 'NONE', #5279, 1000.000000000000000 ) ;
#841 = DIRECTION ( 'NONE',  ( -1.000000000000000000, 0.000000000000000000, 0.000000000000000000 ) ) ;
#842 = EDGE_LOOP ( 'NONE', ( #5981, #2913, #3600, #2050 ) ) ;
#843 = LINE ( 'NONE', #5956, #5404 ) ;
#844 = FACE_OUTER_BOUND ( 'NONE', #4792, .T. ) ;
#845 = EDGE_LOOP ( 'NONE', ( #3892, #5825, #1072, #4906 ) ) ;
#846 = DIRECTION ( 'NONE',  ( 9.175977932928840339E-07, -0.9999999999995788924, 0.000000000000000000 ) ) ;
#847 = VERTEX_POINT ( 'NONE', #268 ) ;
#848 = DIRECTION ( 'NONE',  ( -0.000000000000000000, -0.000000000000000000, -1.000000000000000000 ) ) ;
#849 = EDGE_CURVE ( 'NONE', #5015, #2922, #6052, .T. ) ;
#850 = VECTOR ( 'NONE', #6994, 1000.000000000000227 ) ;
#851 = DIRECTION ( 'NONE',  ( -0.000000000000000000, -0.000000000000000000, -1.000000000000000000 ) ) ;
#852 = FACE_OUTER_BOUND ( 'NONE', #6329, .T. ) ;
#853 = CARTESIAN_POINT ( 'NONE',  ( -3.700000101005074260, 9.750000123395135887, 0.000000000000000000 ) ) ;
#854 = FACE_OUTER_BOUND ( 'NONE', #10821, .T. ) ;
#855 = DIRECTION ( 'NONE',  ( -0.000000000000000000, -0.000000000000000000, -1.000000000000000000 ) ) ;
#856 = VECTOR ( 'NONE', #5088, 1000.000000000000000 ) ;
#857 = CARTESIAN_POINT ( 'NONE',  ( 4.175736093454514020, -3.185786370455370609, 1000.000000000000000 ) ) ;
#858 = VERTEX_POINT ( 'NONE', #4799 ) ;
#859 = ORIENTED_EDGE ( 'NONE', *, *, #8568, .T. ) ;
#860 = EDGE_LOOP ( 'NONE', ( #6914, #8728, #8157, #5927 ) ) ;
#861 = LINE ( 'NONE', #1726, #3914 ) ;
#862 = CYLINDRICAL_SURFACE ( 'NONE', #4, 0.2499999439717209837 ) ;
#863 = DIRECTION ( 'NONE',  ( -1.000000000000000000, 0.000000000000000000, 0.000000000000000000 ) ) ;
#864 = PLANE ( 'NONE',  #749 ) ;
#865 = CARTESIAN_POINT ( 'NONE',  ( 29.14999953105075647, -3.069998122879336044, 1000.000000000000000 ) ) ;
#866 = LINE ( 'NONE', #3514, #6326 ) ;
#867 = VERTEX_POINT ( 'NONE', #1232 ) ;
#868 = ORIENTED_EDGE ( 'NONE', *, *, #1833, .T. ) ;
#869 = ORIENTED_EDGE ( 'NONE', *, *, #8128, .T. ) ;
#870 = ORIENTED_EDGE ( 'NONE', *, *, #9313, .F. ) ;
#871 = ORIENTED_EDGE ( 'NONE', *, *, #11144, .T. ) ;
#872 = PLANE ( 'NONE',  #4632 ) ;
#873 = AXIS2_PLACEMENT_3D ( 'NONE', #8596, #8492, #9460 ) ;
#874 = LINE ( 'NONE', #10540, #3741 ) ;
#875 = ORIENTED_EDGE ( 'NONE', *, *, #4216, .F. ) ;
#876 = ADVANCED_FACE ( 'NONE', ( #3824 ), #9969, .F. ) ;
#877 = ORIENTED_EDGE ( 'NONE', *, *, #4752, .T. ) ;
#878 = LINE ( 'NONE', #6906, #2482 ) ;
#879 = EDGE_CURVE ( 'NONE', #2922, #7497, #10841, .T. ) ;
#880 = CARTESIAN_POINT ( 'NONE',  ( -5.199999987655580469, -6.604162987453851663, 0.000000000000000000 ) ) ;
#881 = ADVANCED_FACE ( 'NONE', ( #7449 ), #10963, .T. ) ;
#882 = DIRECTION ( 'NONE',  ( 1.000000000000000000, 0.000000000000000000, 0.000000000000000000 ) ) ;
#883 = EDGE_CURVE ( 'NONE', #4408, #5369, #3903, .T. ) ;
#884 = VECTOR ( 'NONE', #6273, 1000.000000000000000 ) ;
#885 = VERTEX_POINT ( 'NONE', #1253 ) ;
#886 = DIRECTION ( 'NONE',  ( -0.000000000000000000, -0.000000000000000000, -1.000000000000000000 ) ) ;
#887 = ORIENTED_EDGE ( 'NONE', *, *, #3337, .F. ) ;
#888 = VERTEX_POINT ( 'NONE', #8216 ) ;
#889 = DIRECTION ( 'NONE',  ( -1.000000000000000000, 0.000000000000000000, 0.000000000000000000 ) ) ;
#890 = CARTESIAN_POINT ( 'NONE',  ( 23.70000013644814274, -9.399997494087431349, 1000.000000000000000 ) ) ;
#891 = VECTOR ( 'NONE', #4537, 1000.000000000000000 ) ;
#892 = FACE_OUTER_BOUND ( 'NONE', #3628, .T. ) ;
#893 = DIRECTION ( 'NONE',  ( 0.000000000000000000, -0.000000000000000000, -1.000000000000000000 ) ) ;
#894 = ORIENTED_EDGE ( 'NONE', *, *, #5661, .F. ) ;
#895 = CARTESIAN_POINT ( 'NONE',  ( -9.749999888241337231, -3.700000111758765531, 1000.000000000000000 ) ) ;
#896 = CARTESIAN_POINT ( 'NONE',  ( 16.60627811703450973, 0.8559508052926600996, 1000.000000000000000 ) ) ;
#897 = ORIENTED_EDGE ( 'NONE', *, *, #5107, .F. ) ;
#898 = CARTESIAN_POINT ( 'NONE',  ( -0.6113934323518979141, 2.424087059261054389, 0.000000000000000000 ) ) ;
#899 = ORIENTED_EDGE ( 'NONE', *, *, #7134, .F. ) ;
#900 = AXIS2_PLACEMENT_3D ( 'NONE', #6631, #10252, #8419 ) ;
#901 = EDGE_CURVE ( 'NONE', #5842, #7784, #4762, .T. ) ;
#902 = EDGE_CURVE ( 'NONE', #11245, #3719, #4705, .T. ) ;
#903 = DIRECTION ( 'NONE',  ( 0.000000000000000000, 0.000000000000000000, 1.000000000000000000 ) ) ;
#904 = DIRECTION ( 'NONE',  ( -1.000000000000000000, 0.000000000000000000, 0.000000000000000000 ) ) ;
#905 = AXIS2_PLACEMENT_3D ( 'NONE', #6894, #9545, #4371 ) ;
#906 = AXIS2_PLACEMENT_3D ( 'NONE', #10267, #11255, #11143 ) ;
#907 = FACE_OUTER_BOUND ( 'NONE', #8051, .T. ) ;
#908 = CARTESIAN_POINT ( 'NONE',  ( 18.51507575950826734, 2.616295090390188705, 0.000000000000000000 ) ) ;
#909 = CYLINDRICAL_SURFACE ( 'NONE', #8701, 1.000000057619890637 ) ;
#910 = DIRECTION ( 'NONE',  ( 1.000000000000000000, 0.000000000000000000, 0.000000000000000000 ) ) ;
#911 = ORIENTED_EDGE ( 'NONE', *, *, #4260, .F. ) ;
#912 = EDGE_LOOP ( 'NONE', ( #8803, #201, #519, #290 ) ) ;
#913 = ORIENTED_EDGE ( 'NONE', *, *, #4568, .T. ) ;
#914 = VECTOR ( 'NONE', #1544, 1000.000000000000000 ) ;
#915 = DIRECTION ( 'NONE',  ( -0.000000000000000000, -0.000000000000000000, -1.000000000000000000 ) ) ;
#916 = VECTOR ( 'NONE', #8649, 1000.000000000000000 ) ;
#917 = VECTOR ( 'NONE', #2480, 1000.000000000000000 ) ;
#918 = CARTESIAN_POINT ( 'NONE',  ( 0.000000000000000000, 0.000000000000000000, 0.000000000000000000 ) ) ;
#919 = DIRECTION ( 'NONE',  ( -0.9999999999999059641, 4.335459827457628502E-07, 0.000000000000000000 ) ) ;
#920 = DIRECTION ( 'NONE',  ( 0.9999999999999992228, -3.939114658957814853E-08, 0.000000000000000000 ) ) ;
#921 = DIRECTION ( 'NONE',  ( 1.000000000000000000, 0.000000000000000000, 0.000000000000000000 ) ) ;
#922 = EDGE_CURVE ( 'NONE', #3808, #8679, #3044, .T. ) ;
#923 = CARTESIAN_POINT ( 'NONE',  ( -3.700000112317546108, -9.399999976716866712, 1000.000000000000000 ) ) ;
#924 = PRODUCT ( '224 \X2\041a043e043d0441044204400443043a04460438043e043d043d044b0439\X0\ \X2\043f0440043e04440438043b044c\X0\ 20\X2\0445\X0\40_00', '224 \X2\041a043e043d0441044204400443043a04460438043e043d043d044b0439\X0\ \X2\043f0440043e04440438043b044c\X0\ 20\X2\0445\X0\40_00', '', ( #10465 ) ) ;
#925 = VECTOR ( 'NONE', #4526, 1000.000000000000000 ) ;
#926 = DIRECTION ( 'NONE',  ( -1.000000000000000000, 0.000000000000000000, 0.000000000000000000 ) ) ;
#927 = EDGE_LOOP ( 'NONE', ( #4015, #7663, #1518, #5735 ) ) ;
#928 = VERTEX_POINT ( 'NONE', #3847 ) ;
#929 = VERTEX_POINT ( 'NONE', #7349 ) ;
#930 = EDGE_LOOP ( 'NONE', ( #869, #6627, #8422, #4838 ) ) ;
#931 = ORIENTED_EDGE ( 'NONE', *, *, #1864, .F. ) ;
#932 = FACE_OUTER_BOUND ( 'NONE', #3264, .T. ) ;
#933 = CARTESIAN_POINT ( 'NONE',  ( 21.48492424049173621, 2.616295090390203804, 1000.000000000000000 ) ) ;
#934 = VECTOR ( 'NONE', #6531, 1000.000000000000000 ) ;
#935 = VERTEX_POINT ( 'NONE', #8374 ) ;
#936 = CARTESIAN_POINT ( 'NONE',  ( -4.907106941982555703, 5.897056125771377388, 0.000000000000000000 ) ) ;
#937 = FACE_OUTER_BOUND ( 'NONE', #3530, .T. ) ;
#938 = PLANE ( 'NONE',  #706 ) ;
#939 = DIRECTION ( 'NONE',  ( -0.000000000000000000, -0.000000000000000000, -1.000000000000000000 ) ) ;
#940 = EDGE_LOOP ( 'NONE', ( #2860, #17, #6888, #5356 ) ) ;
#941 = VERTEX_POINT ( 'NONE', #10976 ) ;
#942 = AXIS2_PLACEMENT_3D ( 'NONE', #8979, #10710, #2030 ) ;
#943 = ORIENTED_EDGE ( 'NONE', *, *, #3177, .F. ) ;
#944 = CARTESIAN_POINT ( 'NONE',  ( 23.74999844978504981, 0.3376976724608071745, 1000.000000000000000 ) ) ;
#945 = DIRECTION ( 'NONE',  ( -1.000000000000000000, 0.000000000000000000, 0.000000000000000000 ) ) ;
#946 = EDGE_CURVE ( 'NONE', #8764, #3672, #10915, .T. ) ;
#947 = ADVANCED_FACE ( 'NONE', ( #1298 ), #4807, .F. ) ;
#948 = EDGE_CURVE ( 'NONE', #4890, #10043, #1361, .T. ) ;
#949 = VECTOR ( 'NONE', #4078, 1000.000000000000000 ) ;
#950 = LINE ( 'NONE', #2622, #6938 ) ;
#951 = DIRECTION ( 'NONE',  ( -0.000000000000000000, -0.000000000000000000, -1.000000000000000000 ) ) ;
#952 = ORIENTED_EDGE ( 'NONE', *, *, #6226, .F. ) ;
#953 = DIRECTION ( 'NONE',  ( 0.000000000000000000, 0.000000000000000000, 1.000000000000000000 ) ) ;
#954 = DIRECTION ( 'NONE',  ( -1.000000000000000000, 0.000000000000000000, 0.000000000000000000 ) ) ;
#955 = ORIENTED_EDGE ( 'NONE', *, *, #5996, .T. ) ;
#956 = CARTESIAN_POINT ( 'NONE',  ( 15.80355362147843579, 8.249999388488360452, 1000.000000000000000 ) ) ;
#957 = ORIENTED_EDGE ( 'NONE', *, *, #9409, .F. ) ;
#958 = EDGE_CURVE ( 'NONE', #5235, #6741, #9724, .T. ) ;
#959 = AXIS2_PLACEMENT_3D ( 'NONE', #8781, #5167, #9586 ) ;
#960 = CARTESIAN_POINT ( 'NONE',  ( 9.321434596420985486E-08, -3.800000015692917010, 1000.000000000000000 ) ) ;
#961 = ADVANCED_FACE ( 'NONE', ( #6400 ), #10781, .F. ) ;
#962 = CIRCLE ( 'NONE', #11074, 2.499999999999998668 ) ;
#963 = EDGE_CURVE ( 'NONE', #6172, #5601, #1608, .T. ) ;
#964 = CARTESIAN_POINT ( 'NONE',  ( 15.80355339489029909, 7.999999578478217188, 1000.000000000000000 ) ) ;
#965 = CIRCLE ( 'NONE', #3728, 1.499999888241301704 ) ;
#966 = ADVANCED_FACE ( 'NONE', ( #2593 ), #862, .T. ) ;
#967 = DIRECTION ( 'NONE',  ( -1.000000000000000000, 0.000000000000000000, 0.000000000000000000 ) ) ;
#968 = CIRCLE ( 'NONE', #2432, 0.2499998100105801924 ) ;
#969 = DIRECTION ( 'NONE',  ( 0.000000000000000000, 0.000000000000000000, 1.000000000000000000 ) ) ;
#970 = DIRECTION ( 'NONE',  ( 1.000000000000000000, 0.000000000000000000, 0.000000000000000000 ) ) ;
#971 = FACE_OUTER_BOUND ( 'NONE', #2466, .T. ) ;
#972 = ORIENTED_EDGE ( 'NONE', *, *, #2161, .T. ) ;
#973 = CARTESIAN_POINT ( 'NONE',  ( 29.74999964228795690, -3.949998076722499363, 1000.000000000000000 ) ) ;
#974 = VERTEX_POINT ( 'NONE', #7012 ) ;
#975 = ORIENTED_EDGE ( 'NONE', *, *, #11021, .T. ) ;
#976 = AXIS2_PLACEMENT_3D ( 'NONE', #5942, #7729, #882 ) ;
#977 = DIRECTION ( 'NONE',  ( -0.000000000000000000, -0.000000000000000000, -1.000000000000000000 ) ) ;
#978 = VECTOR ( 'NONE', #4684, 1000.000000000000000 ) ;
#979 = CARTESIAN_POINT ( 'NONE',  ( 2.393721882965478720, -0.8559508052926739774, 0.000000000000000000 ) ) ;
#980 = LINE ( 'NONE', #7181, #2355 ) ;
#981 = EDGE_CURVE ( 'NONE', #4918, #4693, #747, .T. ) ;
#982 = CARTESIAN_POINT ( 'NONE',  ( 4.703553569300189530, -8.299999950632782841, 1000.000000000000000 ) ) ;
#983 = CARTESIAN_POINT ( 'NONE',  ( 29.39999749776685434, 3.320002687628304194, 0.000000000000000000 ) ) ;
#984 = VECTOR ( 'NONE', #3321, 1000.000000000000114 ) ;
#985 = CARTESIAN_POINT ( 'NONE',  ( -9.400000077721925251, 3.700000235712694430, 0.000000000000000000 ) ) ;
#986 = CIRCLE ( 'NONE', #8877, 2.000000000000013767 ) ;
#987 = ORIENTED_EDGE ( 'NONE', *, *, #10725, .F. ) ;
#988 = ORIENTED_EDGE ( 'NONE', *, *, #2010, .T. ) ;
#989 = ORIENTED_EDGE ( 'NONE', *, *, #3795, .T. ) ;
#990 = VERTEX_POINT ( 'NONE', #5293 ) ;
#991 = CARTESIAN_POINT ( 'NONE',  ( 10.23701891969694344, -9.958012260953749362, 1000.000000000000000 ) ) ;
#992 = ADVANCED_FACE ( 'NONE', ( #11220 ), #6199, .F. ) ;
#993 = FACE_OUTER_BOUND ( 'NONE', #6932, .T. ) ;
#994 = VERTEX_POINT ( 'NONE', #5121 ) ;
#995 = DIRECTION ( 'NONE',  ( -0.9999999999999946709, -1.030353624409858122E-07, 0.000000000000000000 ) ) ;
#996 = CARTESIAN_POINT ( 'NONE',  ( 16.30000012249772823, -9.399999631345995255, 1000.000000000000000 ) ) ;
#997 = CARTESIAN_POINT ( 'NONE',  ( -2.181623542388620329, 3.999999850923670497, 0.000000000000000000 ) ) ;
#998 = CARTESIAN_POINT ( 'NONE',  ( -3.700000101005074260, 9.399999987794574352, 0.000000000000000000 ) ) ;
#999 = ORIENTED_EDGE ( 'NONE', *, *, #2869, .F. ) ;
#1000 = ORIENTED_EDGE ( 'NONE', *, *, #5103, .T. ) ;
#1001 = ORIENTED_EDGE ( 'NONE', *, *, #4709, .F. ) ;
#1002 = DIRECTION ( 'NONE',  ( 1.000000000000000000, 0.000000000000000000, 0.000000000000000000 ) ) ;
#1003 = DIRECTION ( 'NONE',  ( -0.000000000000000000, -0.000000000000000000, -1.000000000000000000 ) ) ;
#1004 = VECTOR ( 'NONE', #2301, 1000.000000000000000 ) ;
#1005 = ORIENTED_EDGE ( 'NONE', *, *, #5838, .F. ) ;
#1006 = DIRECTION ( 'NONE',  ( -0.000000000000000000, -0.000000000000000000, -1.000000000000000000 ) ) ;
#1007 = DIRECTION ( 'NONE',  ( 0.000000000000000000, 1.000000000000000000, 0.000000000000000000 ) ) ;
#1008 = ORIENTED_EDGE ( 'NONE', *, *, #5806, .T. ) ;
#1009 = CARTESIAN_POINT ( 'NONE',  ( 19.66230397645803052, -3.999998585597810852, 1000.000000000000000 ) ) ;
#1010 = CARTESIAN_POINT ( 'NONE',  ( 16.68000023088499262, 7.999999198498612074, 1000.000000000000000 ) ) ;
#1011 = VERTEX_POINT ( 'NONE', #3509 ) ;
#1012 = AXIS2_PLACEMENT_3D ( 'NONE', #4245, #7398, #10342 ) ;
#1013 = CYLINDRICAL_SURFACE ( 'NONE', #1940, 2.499999999999992895 ) ;
#1014 = VERTEX_POINT ( 'NONE', #1731 ) ;
#1015 = ADVANCED_FACE ( 'NONE', ( #5975 ), #10526, .F. ) ;
#1016 = DIRECTION ( 'NONE',  ( -1.000000000000000000, 0.000000000000000000, 0.000000000000000000 ) ) ;
#1017 = AXIS2_PLACEMENT_3D ( 'NONE', #7917, #1820, #3657 ) ;
#1018 = LINE ( 'NONE', #161, #11222 ) ;
#1019 = ADVANCED_FACE ( 'NONE', ( #3567 ), #2703, .F. ) ;
#1020 = CARTESIAN_POINT ( 'NONE',  ( -3.950000111758708687, -9.750000112317428247, 1000.000000000000000 ) ) ;
#1021 = EDGE_CURVE ( 'NONE', #4419, #3503, #6096, .T. ) ;
#1022 = CARTESIAN_POINT ( 'NONE',  ( 16.40416346849669793, 4.585785587922150519, 1000.000000000000000 ) ) ;
#1023 = PLANE ( 'NONE',  #72 ) ;
#1024 = ORIENTED_EDGE ( 'NONE', *, *, #4678, .F. ) ;
#1025 = EDGE_CURVE ( 'NONE', #8717, #1905, #7150, .T. ) ;
#1027 = ADVANCED_FACE ( 'NONE', ( #9541 ), #4367, .F. ) ;
#1026 = DIRECTION ( 'NONE',  ( 0.7071065790413921803, 0.7071069833316451225, -0.000000000000000000 ) ) ;
#1028 = VERTEX_POINT ( 'NONE', #6152 ) ;
#1029 = ORIENTED_EDGE ( 'NONE', *, *, #7061, .T. ) ;
#1030 = ADVANCED_FACE ( 'NONE', ( #11277 ), #5182, .F. ) ;
#1031 = DIRECTION ( 'NONE',  ( -0.000000000000000000, -0.000000000000000000, -1.000000000000000000 ) ) ;
#1032 = CARTESIAN_POINT ( 'NONE',  ( -3.945217054806195112, 0.1815215375101514317, 1000.000000000000000 ) ) ;
#1033 = CARTESIAN_POINT ( 'NONE',  ( -3.945217054806195112, 0.1815215375101514317, 0.000000000000000000 ) ) ;
#1034 = VECTOR ( 'NONE', #4164, 1000.000000000000000 ) ;
#1035 = CARTESIAN_POINT ( 'NONE',  ( -4.000000073439355042, -0.3376952955149725710, 0.000000000000000000 ) ) ;
#1036 = DIRECTION ( 'NONE',  ( 1.000000000000000000, 0.000000000000000000, 0.000000000000000000 ) ) ;
#1037 = DIRECTION ( 'NONE',  ( 1.000000000000000000, 0.000000000000000000, 0.000000000000000000 ) ) ;
#1038 = ORIENTED_EDGE ( 'NONE', *, *, #9096, .F. ) ;
#1039 = VERTEX_POINT ( 'NONE', #6829 ) ;
#1040 = ORIENTED_EDGE ( 'NONE', *, *, #10432, .F. ) ;
#1041 = ORIENTED_EDGE ( 'NONE', *, *, #9721, .T. ) ;
#1042 = EDGE_CURVE ( 'NONE', #4939, #3669, #2746, .T. ) ;
#1043 = EDGE_CURVE ( 'NONE', #1411, #7664, #9172, .T. ) ;
#1044 = ORIENTED_EDGE ( 'NONE', *, *, #8683, .T. ) ;
#1045 = CIRCLE ( 'NONE', #10978, 0.9999999999999991118 ) ;
#1046 = DIRECTION ( 'NONE',  ( 1.000000000000000000, 0.000000000000000000, 0.000000000000000000 ) ) ;
#1047 = CARTESIAN_POINT ( 'NONE',  ( -2.181623542388648307, 5.999999850923684264, 1000.000000000000000 ) ) ;
#1048 = CARTESIAN_POINT ( 'NONE',  ( -4.000000073439355042, -0.3376952955149725710, 1000.000000000000000 ) ) ;
#1049 = CARTESIAN_POINT ( 'NONE',  ( 23.69999941821214051, -9.749997629687992884, 1000.000000000000000 ) ) ;
#1050 = LINE ( 'NONE', #1912, #8621 ) ;
#1051 = DIRECTION ( 'NONE',  ( 0.9999999999999884537, -1.518813080792842302E-07, 0.000000000000000000 ) ) ;
#1052 = CARTESIAN_POINT ( 'NONE',  ( -9.100000000000006750, 7.599999999999996092, 0.000000000000000000 ) ) ;
#1053 = ORIENTED_EDGE ( 'NONE', *, *, #5486, .F. ) ;
#1054 = VECTOR ( 'NONE', #3156, 1000.000000000000000 ) ;
#1055 = VERTEX_POINT ( 'NONE', #4256 ) ;
#1056 = DIRECTION ( 'NONE',  ( -1.000000000000000000, 0.000000000000000000, 0.000000000000000000 ) ) ;
#1057 = CARTESIAN_POINT ( 'NONE',  ( 5.200000113886882325, -6.604162861958459807, 0.000000000000000000 ) ) ;
#1058 = DIRECTION ( 'NONE',  ( 1.000000000000000000, 0.000000000000000000, 0.000000000000000000 ) ) ;
#1059 = ORIENTED_EDGE ( 'NONE', *, *, #8555, .F. ) ;
#1060 = AXIS2_PLACEMENT_3D ( 'NONE', #9483, #1495, #5921 ) ;
#1061 = CARTESIAN_POINT ( 'NONE',  ( 27.59999999999997300, 7.599999999999996092, 1000.000000000000000 ) ) ;
#1062 = DIRECTION ( 'NONE',  ( 0.9999999999999363842, -3.568438467617037874E-07, 0.000000000000000000 ) ) ;
#1063 = LINE ( 'NONE', #1872, #9614 ) ;
#1064 = LINE ( 'NONE', #10190, #10453 ) ;
#1065 = ORIENTED_EDGE ( 'NONE', *, *, #7418, .T. ) ;
#1066 = VERTEX_POINT ( 'NONE', #1782 ) ;
#1067 = FACE_OUTER_BOUND ( 'NONE', #3517, .T. ) ;
#1068 = ORIENTED_EDGE ( 'NONE', *, *, #3775, .F. ) ;
#1069 = CARTESIAN_POINT ( 'NONE',  ( -8.500000101005065645, 10.00000012339513589, 0.000000000000000000 ) ) ;
#1070 = CARTESIAN_POINT ( 'NONE',  ( 4.703553569300189530, -8.299999950632781065, 0.000000000000000000 ) ) ;
#1071 = CARTESIAN_POINT ( 'NONE',  ( 15.29644692136327500, 8.299999394222332683, 1000.000000000000000 ) ) ;
#1072 = ORIENTED_EDGE ( 'NONE', *, *, #3417, .F. ) ;
#1073 = AXIS2_PLACEMENT_3D ( 'NONE', #1292, #9385, #11128 ) ;
#1074 = CARTESIAN_POINT ( 'NONE',  ( 23.31999954204026793, -7.999997617916474901, 1000.000000000000000 ) ) ;
#1075 = DIRECTION ( 'NONE',  ( -0.000000000000000000, -0.000000000000000000, -1.000000000000000000 ) ) ;
#1076 = DIRECTION ( 'NONE',  ( -0.8320507240861835241, 0.5546995516021784312, 0.000000000000000000 ) ) ;
#1077 = EDGE_LOOP ( 'NONE', ( #1765, #3208, #4353, #9048 ) ) ;
#1078 = DIRECTION ( 'NONE',  ( 1.000000000000000000, 0.000000000000000000, 0.000000000000000000 ) ) ;
#1079 = ORIENTED_EDGE ( 'NONE', *, *, #6395, .F. ) ;
#1080 = ORIENTED_EDGE ( 'NONE', *, *, #3578, .T. ) ;
#1081 = EDGE_CURVE ( 'NONE', #10498, #8151, #10466, .T. ) ;
#1082 = CYLINDRICAL_SURFACE ( 'NONE', #9231, 0.7999999999999847233 ) ;
#1083 = EDGE_CURVE ( 'NONE', #3088, #11356, #3450, .T. ) ;
#1084 = CIRCLE ( 'NONE', #172, 1.500000000000001332 ) ;
#1085 = ADVANCED_FACE ( 'NONE', ( #9 ), #3801, .F. ) ;
#1086 = AXIS2_PLACEMENT_3D ( 'NONE', #3158, #3098, #5794 ) ;
#1087 = EDGE_CURVE ( 'NONE', #3292, #2369, #13, .T. ) ;
#1088 = LINE ( 'NONE', #2821, #7356 ) ;
#1089 = PLANE ( 'NONE',  #8242 ) ;
#1090 = CARTESIAN_POINT ( 'NONE',  ( -8.000000247135805154, -4.196446520686222925, 1000.000000000000000 ) ) ;
#1091 = CARTESIAN_POINT ( 'NONE',  ( 22.61629509039018870, 1.484924240491736214, 0.000000000000000000 ) ) ;
#1092 = CARTESIAN_POINT ( 'NONE',  ( 2.393721882965476055, 0.8559508052926600996, 1000.000000000000000 ) ) ;
#1093 = AXIS2_PLACEMENT_3D ( 'NONE', #6263, #4484, #8110 ) ;
#1094 = ORIENTED_EDGE ( 'NONE', *, *, #9521, .T. ) ;
#1095 = ORIENTED_EDGE ( 'NONE', *, *, #48, .F. ) ;
#1096 = AXIS2_PLACEMENT_3D ( 'NONE', #3770, #4683, #322 ) ;
#1097 = ORIENTED_EDGE ( 'NONE', *, *, #1450, .T. ) ;
#1098 = CIRCLE ( 'NONE', #3124, 1.500000000000001332 ) ;
#1099 = EDGE_CURVE ( 'NONE', #2617, #7004, #5632, .T. ) ;
#1100 = VECTOR ( 'NONE', #6845, 1000.000000000000000 ) ;
#1101 = ORIENTED_EDGE ( 'NONE', *, *, #4829, .F. ) ;
#1102 = PLANE ( 'NONE',  #8668 ) ;
#1103 = ADVANCED_FACE ( 'NONE', ( #4481 ), #6319, .F. ) ;
#1104 = CARTESIAN_POINT ( 'NONE',  ( 23.70000138579651860, 9.749999284232508501, 1000.000000000000000 ) ) ;
#1105 = VECTOR ( 'NONE', #7757, 1000.000000000000000 ) ;
#1106 = FACE_OUTER_BOUND ( 'NONE', #1947, .T. ) ;
#1107 = AXIS2_PLACEMENT_3D ( 'NONE', #3677, #10869, #10811 ) ;
#1108 = DIRECTION ( 'NONE',  ( 1.000000000000000000, 0.000000000000000000, 0.000000000000000000 ) ) ;
#1109 = AXIS2_PLACEMENT_3D ( 'NONE', #5625, #7580, #9346 ) ;
#1110 = DIRECTION ( 'NONE',  ( -1.000000000000000000, 0.000000000000000000, 0.000000000000000000 ) ) ;
#1111 = EDGE_CURVE ( 'NONE', #10134, #186, #297, .T. ) ;
#1112 = LINE ( 'NONE', #7141, #8691 ) ;
#1113 = CARTESIAN_POINT ( 'NONE',  ( -1.484924240491726888, 2.616295090390188705, 1000.000000000000000 ) ) ;
#1114 = ORIENTED_EDGE ( 'NONE', *, *, #3558, .T. ) ;
#1115 = EDGE_LOOP ( 'NONE', ( #10942, #3056, #5513, #2265 ) ) ;
#1116 = VERTEX_POINT ( 'NONE', #1032 ) ;
#1117 = ORIENTED_EDGE ( 'NONE', *, *, #2780, .F. ) ;
#1118 = VECTOR ( 'NONE', #851, 1000.000000000000000 ) ;
#1119 = FACE_OUTER_BOUND ( 'NONE', #6443, .T. ) ;
#1120 = VECTOR ( 'NONE', #4402, 999.9999999999998863 ) ;
#1121 = CARTESIAN_POINT ( 'NONE',  ( 3.700000235153940054, -9.399999651635681630, 0.000000000000000000 ) ) ;
#1122 = DIRECTION ( 'NONE',  ( 1.000000000000000000, 0.000000000000000000, 0.000000000000000000 ) ) ;
#1123 = VERTEX_POINT ( 'NONE', #2759 ) ;
#1124 = FACE_OUTER_BOUND ( 'NONE', #10571, .T. ) ;
#1125 = VECTOR ( 'NONE', #3984, 1000.000000000000000 ) ;
#1126 = EDGE_CURVE ( 'NONE', #9490, #1754, #1088, .T. ) ;
#1127 = DIRECTION ( 'NONE',  ( -0.000000000000000000, -0.000000000000000000, -1.000000000000000000 ) ) ;
#1128 = DIRECTION ( 'NONE',  ( 1.000000000000000000, 0.000000000000000000, 0.000000000000000000 ) ) ;
#1129 = CARTESIAN_POINT ( 'NONE',  ( 3.393721882965473835, 0.8559508052926600996, 0.000000000000000000 ) ) ;
#1130 = ORIENTED_EDGE ( 'NONE', *, *, #6916, .T. ) ;
#1131 = VERTEX_POINT ( 'NONE', #7180 ) ;
#1132 = DIRECTION ( 'NONE',  ( 1.000000000000000000, 0.000000000000000000, 0.000000000000000000 ) ) ;
#1133 = VECTOR ( 'NONE', #2014, 1000.000000000000114 ) ;
#1134 = EDGE_CURVE ( 'NONE', #3504, #9647, #7359, .T. ) ;
#1135 = DIRECTION ( 'NONE',  ( 3.439947106367258874E-08, -0.9999999999999994449, -0.000000000000000000 ) ) ;
#1136 = CARTESIAN_POINT ( 'NONE',  ( 4.175736061044475811, 3.185786557152957776, 1000.000000000000000 ) ) ;
#1137 = VERTEX_POINT ( 'NONE', #3743 ) ;
#1138 = CARTESIAN_POINT ( 'NONE',  ( 4.175736061044475811, 3.185786557152957776, 0.000000000000000000 ) ) ;
#1139 = FACE_OUTER_BOUND ( 'NONE', #739, .T. ) ;
#1140 = CARTESIAN_POINT ( 'NONE',  ( 4.703553569300189530, -8.299999950632782841, 0.000000000000000000 ) ) ;
#1141 = ORIENTED_EDGE ( 'NONE', *, *, #2246, .T. ) ;
#1142 = CIRCLE ( 'NONE', #959, 0.9999999999999974465 ) ;
#1143 = CYLINDRICAL_SURFACE ( 'NONE', #4694, 0.9999999999999940048 ) ;
#1144 = CIRCLE ( 'NONE', #9037, 0.9999999999999974465 ) ;
#1145 = ORIENTED_EDGE ( 'NONE', *, *, #2352, .F. ) ;
#1146 = VERTEX_POINT ( 'NONE', #979 ) ;
#1147 = DIRECTION ( 'NONE',  ( -0.000000000000000000, -0.000000000000000000, -1.000000000000000000 ) ) ;
#1148 = CIRCLE ( 'NONE', #7581, 0.2499999321998354340 ) ;
#1149 = VECTOR ( 'NONE', #3103, 1000.000000000000000 ) ;
#1150 = CARTESIAN_POINT ( 'NONE',  ( 2.181623252749523179, 3.999999899292130845, 1000.000000000000000 ) ) ;
#1151 = CARTESIAN_POINT ( 'NONE',  ( 15.62677706052485327, 8.073222827534763724, 0.000000000000000000 ) ) ;
#1152 = DIRECTION ( 'NONE',  ( -0.000000000000000000, -0.000000000000000000, -1.000000000000000000 ) ) ;
#1153 = DIRECTION ( 'NONE',  ( -1.000000000000000000, 0.000000000000000000, 0.000000000000000000 ) ) ;
#1154 = DIRECTION ( 'NONE',  ( 1.000000000000000000, 0.000000000000000000, 0.000000000000000000 ) ) ;
#1155 = ORIENTED_EDGE ( 'NONE', *, *, #6777, .F. ) ;
#1156 = ORIENTED_EDGE ( 'NONE', *, *, #3554, .F. ) ;
#1157 = CIRCLE ( 'NONE', #5200, 0.2499998100105801924 ) ;
#1158 = EDGE_CURVE ( 'NONE', #4400, #7126, #2880, .T. ) ;
#1159 = CIRCLE ( 'NONE', #4463, 0.2499999439717209837 ) ;
#1160 = ORIENTED_EDGE ( 'NONE', *, *, #9309, .T. ) ;
#1161 = EDGE_CURVE ( 'NONE', #3752, #5347, #6431, .T. ) ;
#1162 = ORIENTED_EDGE ( 'NONE', *, *, #10871, .T. ) ;
#1163 = DIRECTION ( 'NONE',  ( -0.000000000000000000, -0.000000000000000000, -1.000000000000000000 ) ) ;
#1164 = LINE ( 'NONE', #1334, #5213 ) ;
#1165 = VECTOR ( 'NONE', #8730, 1000.000000000000000 ) ;
#1166 = CARTESIAN_POINT ( 'NONE',  ( -3.320000167687797710, 8.000000055594865600, 0.000000000000000000 ) ) ;
#1167 = DIRECTION ( 'NONE',  ( -6.905104500171662327E-08, -0.9999999999999975575, 0.000000000000000000 ) ) ;
#1168 = VECTOR ( 'NONE', #2142, 1000.000000000000114 ) ;
#1169 = EDGE_CURVE ( 'NONE', #8081, #5489, #8224, .T. ) ;
#1170 = DIRECTION ( 'NONE',  ( -0.000000000000000000, -0.000000000000000000, -1.000000000000000000 ) ) ;
#1171 = CARTESIAN_POINT ( 'NONE',  ( -3.700000112317546108, -9.750000313483109693, 0.000000000000000000 ) ) ;
#1172 = EDGE_CURVE ( 'NONE', #4824, #6468, #5576, .T. ) ;
#1173 = CARTESIAN_POINT ( 'NONE',  ( 14.80000037677654134, 8.049999329402451664, 1000.000000000000000 ) ) ;
#1174 = ORIENTED_EDGE ( 'NONE', *, *, #7203, .T. ) ;
#1175 = ORIENTED_EDGE ( 'NONE', *, *, #2413, .F. ) ;
#1176 = EDGE_CURVE ( 'NONE', #7825, #3239, #9080, .T. ) ;
#1177 = ADVANCED_FACE ( 'NONE', ( #238 ), #4536, .F. ) ;
#1178 = ORIENTED_EDGE ( 'NONE', *, *, #5963, .F. ) ;
#1179 = EDGE_LOOP ( 'NONE', ( #249, #10955, #2170, #9284 ) ) ;
#1180 = AXIS2_PLACEMENT_3D ( 'NONE', #9241, #6594, #2337 ) ;
#1181 = CARTESIAN_POINT ( 'NONE',  ( 0.8559508052926669830, -3.393721882965480940, 0.000000000000000000 ) ) ;
#1182 = DIRECTION ( 'NONE',  ( 0.9999999999999947820, 1.030353513775315696E-07, -0.000000000000000000 ) ) ;
#1183 = CARTESIAN_POINT ( 'NONE',  ( -4.196446577332036298, -8.249999886329767662, 0.000000000000000000 ) ) ;
#1184 = DIRECTION ( 'NONE',  ( -0.000000000000000000, -0.000000000000000000, -1.000000000000000000 ) ) ;
#1185 = EDGE_CURVE ( 'NONE', #2169, #9503, #7242, .T. ) ;
#1186 = VERTEX_POINT ( 'NONE', #6486 ) ;
#1187 = VECTOR ( 'NONE', #2364, 1000.000000000000000 ) ;
#1188 = LINE ( 'NONE', #10669, #2923 ) ;
#1189 = CARTESIAN_POINT ( 'NONE',  ( 28.49999930645356727, -9.999997741446296828, 0.000000000000000000 ) ) ;
#1190 = ORIENTED_EDGE ( 'NONE', *, *, #2107, .F. ) ;
#1191 = DIRECTION ( 'NONE',  ( -0.000000000000000000, -0.000000000000000000, -1.000000000000000000 ) ) ;
#1192 = EDGE_LOOP ( 'NONE', ( #1446, #10626, #6106, #4271 ) ) ;
#1193 = ORIENTED_EDGE ( 'NONE', *, *, #10576, .T. ) ;
#1194 = VECTOR ( 'NONE', #3805, 1000.000000000000000 ) ;
#1195 = CARTESIAN_POINT ( 'NONE',  ( 27.99999823440559155, 4.196448953951311900, 0.000000000000000000 ) ) ;
#1196 = EDGE_CURVE ( 'NONE', #7186, #8533, #9825, .T. ) ;
#1197 = DIRECTION ( 'NONE',  ( 0.7808693713108915135, 0.6246943452189501755, 0.000000000000000000 ) ) ;
#1198 = AXIS2_PLACEMENT_3D ( 'NONE', #5457, #8956, #1078 ) ;
#1199 = DIRECTION ( 'NONE',  ( -0.000000000000000000, -0.000000000000000000, -1.000000000000000000 ) ) ;
#1200 = DIRECTION ( 'NONE',  ( 0.000000000000000000, 0.000000000000000000, 1.000000000000000000 ) ) ;
#1201 = DIRECTION ( 'NONE',  ( 0.000000000000000000, 0.000000000000000000, 1.000000000000000000 ) ) ;
#1202 = VERTEX_POINT ( 'NONE', #1150 ) ;
#1203 = LINE ( 'NONE', #2876, #11116 ) ;
#1204 = EDGE_LOOP ( 'NONE', ( #7946, #10556, #3433, #9171 ) ) ;
#1205 = EDGE_LOOP ( 'NONE', ( #7721, #6194 ) ) ;
#1206 = AXIS2_PLACEMENT_3D ( 'NONE', #2454, #3324, #4123 ) ;
#1207 = CARTESIAN_POINT ( 'NONE',  ( 27.59999999999997300, 7.599999999999996092, 1000.000000000000000 ) ) ;
#1208 = DIRECTION ( 'NONE',  ( -0.000000000000000000, -0.000000000000000000, -1.000000000000000000 ) ) ;
#1209 = LINE ( 'NONE', #3679, #6632 ) ;
#1210 = LINE ( 'NONE', #10635, #2941 ) ;
#1211 = AXIS2_PLACEMENT_3D ( 'NONE', #8722, #5159, #846 ) ;
#1212 = LINE ( 'NONE', #10761, #4311 ) ;
#1213 = EDGE_LOOP ( 'NONE', ( #1174, #4603, #3520, #8618 ) ) ;
#1214 = ORIENTED_EDGE ( 'NONE', *, *, #125, .T. ) ;
#1215 = VERTEX_POINT ( 'NONE', #5463 ) ;
#1216 = CARTESIAN_POINT ( 'NONE',  ( 4.196446864528406984, -8.249999956140868562, 1000.000000000000000 ) ) ;
#1217 = CARTESIAN_POINT ( 'NONE',  ( -4.196446577332036298, -7.999999969042732140, 1000.000000000000000 ) ) ;
#1218 = AXIS2_PLACEMENT_3D ( 'NONE', #7643, #6755, #9467 ) ;
#1219 = LINE ( 'NONE', #2201, #11173 ) ;
#1220 = DIRECTION ( 'NONE',  ( 0.000000000000000000, 0.000000000000000000, 1.000000000000000000 ) ) ;
#1221 = DIRECTION ( 'NONE',  ( 0.000000000000000000, 1.000000000000000000, 0.000000000000000000 ) ) ;
#1222 = PRODUCT_RELATED_PRODUCT_CATEGORY ( 'part', '', ( #834 ) ) ;
#1223 = CYLINDRICAL_SURFACE ( 'NONE', #605, 1.000000000000001998 ) ;
#1224 = LINE ( 'NONE', #5428, #11346 ) ;
#1225 = VERTEX_POINT ( 'NONE', #10756 ) ;
#1226 = ORIENTED_EDGE ( 'NONE', *, *, #4675, .T. ) ;
#1227 = AXIS2_PLACEMENT_3D ( 'NONE', #3836, #5616, #7338 ) ;
#1228 = ORIENTED_EDGE ( 'NONE', *, *, #5486, .T. ) ;
#1229 = VERTEX_POINT ( 'NONE', #2132 ) ;
#1230 = ORIENTED_EDGE ( 'NONE', *, *, #3007, .T. ) ;
#1231 = LINE ( 'NONE', #2103, #8020 ) ;
#1232 = CARTESIAN_POINT ( 'NONE',  ( 15.82426419831451447, -3.185787088414710588, 1000.000000000000000 ) ) ;
#1233 = EDGE_CURVE ( 'NONE', #8545, #10876, #7713, .T. ) ;
#1234 = DIRECTION ( 'NONE',  ( -0.000000000000000000, -0.000000000000000000, -1.000000000000000000 ) ) ;
#1235 = ORIENTED_EDGE ( 'NONE', *, *, #7010, .T. ) ;
#1236 = EDGE_CURVE ( 'NONE', #10778, #5015, #5518, .T. ) ;
#1237 = EDGE_CURVE ( 'NONE', #8696, #8575, #4786, .T. ) ;
#1238 = ADVANCED_FACE ( 'NONE', ( #7472 ), #10224, .T. ) ;
#1239 = CARTESIAN_POINT ( 'NONE',  ( 4.703553569300189530, -8.050000032555695739, 0.000000000000000000 ) ) ;
#1240 = DIRECTION ( 'NONE',  ( 1.000000000000000000, 0.000000000000000000, 0.000000000000000000 ) ) ;
#1241 = DIRECTION ( 'NONE',  ( -0.9999999999999993339, 3.939114465788600158E-08, -0.000000000000000000 ) ) ;
#1242 = ORIENTED_EDGE ( 'NONE', *, *, #4393, .F. ) ;
#1243 = ORIENTED_EDGE ( 'NONE', *, *, #3138, .T. ) ;
#1244 = CARTESIAN_POINT ( 'NONE',  ( 29.39999749776685434, 3.320002687628304194, 1000.000000000000000 ) ) ;
#1245 = AXIS2_PLACEMENT_3D ( 'NONE', #6069, #6867, #4119 ) ;
#1246 = CARTESIAN_POINT ( 'NONE',  ( 23.94521648336826658, -0.1815191648688180281, 1000.000000000000000 ) ) ;
#1247 = FACE_OUTER_BOUND ( 'NONE', #2813, .T. ) ;
#1248 = ORIENTED_EDGE ( 'NONE', *, *, #9251, .T. ) ;
#1249 = CARTESIAN_POINT ( 'NONE',  ( 13.60000015171727838, 5.658578530155403463, 1000.000000000000000 ) ) ;
#1250 = EDGE_CURVE ( 'NONE', #1676, #7779, #7592, .T. ) ;
#1251 = DIRECTION ( 'NONE',  ( 0.000000000000000000, 0.000000000000000000, 1.000000000000000000 ) ) ;
#1252 = DIRECTION ( 'NONE',  ( 0.000000000000000000, 0.000000000000000000, 1.000000000000000000 ) ) ;
#1253 = CARTESIAN_POINT ( 'NONE',  ( 13.60000033202135050, 8.000000266372319757, 1000.000000000000000 ) ) ;
#1254 = ORIENTED_EDGE ( 'NONE', *, *, #2996, .F. ) ;
#1255 = EDGE_CURVE ( 'NONE', #10421, #3230, #10472, .T. ) ;
#1256 = CARTESIAN_POINT ( 'NONE',  ( -3.595837104761738345, 4.585786288550567136, 0.000000000000000000 ) ) ;
#1257 = ORIENTED_EDGE ( 'NONE', *, *, #5806, .F. ) ;
#1258 = CIRCLE ( 'NONE', #7867, 2.000000057619885308 ) ;
#1259 = ORIENTED_EDGE ( 'NONE', *, *, #3870, .F. ) ;
#1260 = CARTESIAN_POINT ( 'NONE',  ( 8.922967370325045167, 8.600000106333938632, 0.000000000000000000 ) ) ;
#1261 = PLANE ( 'NONE',  #4968 ) ;
#1262 = AXIS2_PLACEMENT_3D ( 'NONE', #4425, #8794, #920 ) ;
#1263 = EDGE_CURVE ( 'NONE', #8772, #10076, #2344, .T. ) ;
#1264 = DIRECTION ( 'NONE',  ( 1.000000000000000000, 0.000000000000000000, 0.000000000000000000 ) ) ;
#1265 = LINE ( 'NONE', #10992, #4033 ) ;
#1266 = EDGE_CURVE ( 'NONE', #11120, #6964, #11152, .T. ) ;
#1267 = CARTESIAN_POINT ( 'NONE',  ( 16.67999998376797066, -7.999999528676540628, 0.000000000000000000 ) ) ;
#1268 = VERTEX_POINT ( 'NONE', #5751 ) ;
#1269 = EDGE_LOOP ( 'NONE', ( #2154, #6440, #9910, #11303 ) ) ;
#1270 = ORIENTED_EDGE ( 'NONE', *, *, #2498, .T. ) ;
#1271 = CIRCLE ( 'NONE', #8425, 0.2500000070781404071 ) ;
#1272 = DIRECTION ( 'NONE',  ( -0.9999999999999987788, 4.912470597355950631E-08, -0.000000000000000000 ) ) ;
#1273 = DIRECTION ( 'NONE',  ( 0.9999999999999059641, -4.335455246482890312E-07, 0.000000000000000000 ) ) ;
#1274 = ADVANCED_FACE ( 'NONE', ( #8504 ), #1261, .F. ) ;
#1275 = DIRECTION ( 'NONE',  ( -0.6246948794826560070, -0.7808689439004151689, -0.000000000000000000 ) ) ;
#1276 = CARTESIAN_POINT ( 'NONE',  ( -4.526776721708961837, -8.226776523139617936, 1000.000000000000000 ) ) ;
#1277 = CARTESIAN_POINT ( 'NONE',  ( 2.181623534149808474, -3.999999782444471741, 0.000000000000000000 ) ) ;
#1278 = DIRECTION ( 'NONE',  ( 1.000000000000000000, 0.000000000000000000, 0.000000000000000000 ) ) ;
#1279 = DIRECTION ( 'NONE',  ( 0.000000000000000000, 0.000000000000000000, 1.000000000000000000 ) ) ;
#1280 = EDGE_LOOP ( 'NONE', ( #2646, #10602, #4969, #4515 ) ) ;
#1281 = ORIENTED_EDGE ( 'NONE', *, *, #2147, .T. ) ;
#1282 = ORIENTED_EDGE ( 'NONE', *, *, #5456, .T. ) ;
#1283 = ORIENTED_EDGE ( 'NONE', *, *, #1690, .F. ) ;
#1284 = ORIENTED_EDGE ( 'NONE', *, *, #6575, .T. ) ;
#1285 = DIRECTION ( 'NONE',  ( -0.7071052183792527757, -0.7071083439903883550, -0.000000000000000000 ) ) ;
#1286 = LINE ( 'NONE', #7385, #11029 ) ;
#1287 = CIRCLE ( 'NONE', #5869, 0.2499999532851113204 ) ;
#1288 = CARTESIAN_POINT ( 'NONE',  ( 20.61139343235192456, -2.424087059261059718, 1000.000000000000000 ) ) ;
#1289 = VECTOR ( 'NONE', #4240, 1000.000000000000000 ) ;
#1290 = VERTEX_POINT ( 'NONE', #10113 ) ;
#1291 = VECTOR ( 'NONE', #7509, 1000.000000000000000 ) ;
#1292 = CARTESIAN_POINT ( 'NONE',  ( -4.703553374060774672, -8.299999808857622341, 1000.000000000000000 ) ) ;
#1293 = CYLINDRICAL_SURFACE ( 'NONE', #6103, 0.2499998100102419074 ) ;
#1294 = ORIENTED_EDGE ( 'NONE', *, *, #3493, .T. ) ;
#1295 = CARTESIAN_POINT ( 'NONE',  ( 4.373223479645991674, 8.073223481912375377, 1000.000000000000000 ) ) ;
#1296 = ORIENTED_EDGE ( 'NONE', *, *, #4177, .T. ) ;
#1297 = ORIENTED_EDGE ( 'NONE', *, *, #11086, .F. ) ;
#1298 = FACE_OUTER_BOUND ( 'NONE', #10960, .T. ) ;
#1299 = EDGE_CURVE ( 'NONE', #3309, #7944, #8445, .T. ) ;
#1300 = EDGE_CURVE ( 'NONE', #10522, #5250, #3164, .T. ) ;
#1301 = DIRECTION ( 'NONE',  ( -0.9999999999998616662, -5.260373940891945154E-07, -0.000000000000000000 ) ) ;
#1302 = CIRCLE ( 'NONE', #1324, 0.5999999098479646964 ) ;
#1303 = EDGE_CURVE ( 'NONE', #9186, #11193, #11100, .T. ) ;
#1304 = AXIS2_PLACEMENT_3D ( 'NONE', #4810, #2174, #9339 ) ;
#1305 = CARTESIAN_POINT ( 'NONE',  ( 20.00000000000000355, 0.000000000000000000, 1000.000000000000000 ) ) ;
#1306 = CARTESIAN_POINT ( 'NONE',  ( -8.299999909862695091, 4.703553497455950527, 1000.000000000000000 ) ) ;
#1307 = VERTEX_POINT ( 'NONE', #10931 ) ;
#1308 = EDGE_CURVE ( 'NONE', #5042, #1570, #10100, .T. ) ;
#1309 = LINE ( 'NONE', #3041, #2706 ) ;
#1310 = DIRECTION ( 'NONE',  ( -5.260373148504020885E-07, 0.9999999999998616662, 0.000000000000000000 ) ) ;
#1311 = DIRECTION ( 'NONE',  ( 0.7071067932430947778, -0.7071067691300000346, 0.000000000000000000 ) ) ;
#1312 = ORIENTED_EDGE ( 'NONE', *, *, #8257, .T. ) ;
#1313 = DIRECTION ( 'NONE',  ( 0.7808693713108449952, 0.6246943452190085733, 0.000000000000000000 ) ) ;
#1314 = EDGE_CURVE ( 'NONE', #10387, #7742, #9250, .T. ) ;
#1315 = ORIENTED_EDGE ( 'NONE', *, *, #8932, .T. ) ;
#1316 = VECTOR ( 'NONE', #1784, 1000.000000000000000 ) ;
#1317 = EDGE_CURVE ( 'NONE', #3251, #6623, #11047, .T. ) ;
#1318 = ORIENTED_EDGE ( 'NONE', *, *, #1804, .T. ) ;
#1319 = DIRECTION ( 'NONE',  ( -1.000000000000000000, -0.000000000000000000, -0.000000000000000000 ) ) ;
#1320 = EDGE_CURVE ( 'NONE', #5797, #3848, #6245, .T. ) ;
#1321 = DIRECTION ( 'NONE',  ( 0.000000000000000000, 0.000000000000000000, 1.000000000000000000 ) ) ;
#1322 = VECTOR ( 'NONE', #8966, 1000.000000000000227 ) ;
#1323 = DIRECTION ( 'NONE',  ( -6.905103824792231470E-08, -0.9999999999999975575, -0.000000000000000000 ) ) ;
#1324 = AXIS2_PLACEMENT_3D ( 'NONE', #3580, #1795, #5304 ) ;
#1325 = CYLINDRICAL_SURFACE ( 'NONE', #4220, 1.000000016391309421 ) ;
#1326 = CARTESIAN_POINT ( 'NONE',  ( 17.81837695844247449, 3.999999243861734222, 0.000000000000000000 ) ) ;
#1327 = VERTEX_POINT ( 'NONE', #625 ) ;
#1328 = ORIENTED_EDGE ( 'NONE', *, *, #4882, .F. ) ;
#1329 = EDGE_LOOP ( 'NONE', ( #7406, #156, #1145, #4531 ) ) ;
#1330 = AXIS2_PLACEMENT_3D ( 'NONE', #2283, #11139, #5790 ) ;
#1331 = VERTEX_POINT ( 'NONE', #515 ) ;
#1332 = DIRECTION ( 'NONE',  ( 1.000000000000000000, 0.000000000000000000, 0.000000000000000000 ) ) ;
#1333 = EDGE_LOOP ( 'NONE', ( #359, #10553 ) ) ;
#1334 = CARTESIAN_POINT ( 'NONE',  ( 15.80355339489029909, 7.999999578478217188, 0.000000000000000000 ) ) ;
#1335 = EDGE_CURVE ( 'NONE', #9787, #6563, #6757, .T. ) ;
#1336 = CARTESIAN_POINT ( 'NONE',  ( 14.79999950239931827, -6.604161884127046633, 0.000000000000000000 ) ) ;
#1337 = FACE_OUTER_BOUND ( 'NONE', #4204, .T. ) ;
#1338 = LINE ( 'NONE', #3284, #4062 ) ;
#1339 = DIRECTION ( 'NONE',  ( -0.000000000000000000, -0.000000000000000000, -1.000000000000000000 ) ) ;
#1340 = AXIS2_PLACEMENT_3D ( 'NONE', #7622, #2164, #9224 ) ;
#1341 = LINE ( 'NONE', #4849, #4091 ) ;
#1342 = CARTESIAN_POINT ( 'NONE',  ( -6.604162962963531669, -5.199999990491699364, 0.000000000000000000 ) ) ;
#1343 = VECTOR ( 'NONE', #7826, 1000.000000000000000 ) ;
#1344 = ORIENTED_EDGE ( 'NONE', *, *, #1303, .T. ) ;
#1345 = EDGE_LOOP ( 'NONE', ( #8328, #3241, #4272, #472 ) ) ;
#1346 = VERTEX_POINT ( 'NONE', #9300 ) ;
#1347 = ADVANCED_FACE ( 'NONE', ( #2399 ), #1425, .F. ) ;
#1348 = ORIENTED_EDGE ( 'NONE', *, *, #1161, .F. ) ;
#1349 = DIRECTION ( 'NONE',  ( 0.6246936091697394833, 0.7808699601486054354, -0.000000000000000000 ) ) ;
#1350 = CARTESIAN_POINT ( 'NONE',  ( 14.20000008751195253, 5.658578530155403463, 0.000000000000000000 ) ) ;
#1351 = AXIS2_PLACEMENT_3D ( 'NONE', #1803, #3638, #259 ) ;
#1352 = VERTEX_POINT ( 'NONE', #3050 ) ;
#1353 = AXIS2_PLACEMENT_3D ( 'NONE', #323, #9052, #4859 ) ;
#1354 = CARTESIAN_POINT ( 'NONE',  ( -0.1815214141149754101, -3.945216953801122806, 1000.000000000000000 ) ) ;
#1355 = FACE_OUTER_BOUND ( 'NONE', #3429, .T. ) ;
#1356 = DIRECTION ( 'NONE',  ( 1.000000000000000000, 0.000000000000000000, 0.000000000000000000 ) ) ;
#1357 = AXIS2_PLACEMENT_3D ( 'NONE', #6250, #7820, #10456 ) ;
#1358 = EDGE_LOOP ( 'NONE', ( #5890, #5928, #10475, #3353 ) ) ;
#1359 = AXIS2_PLACEMENT_3D ( 'NONE', #2951, #6445, #7372 ) ;
#1360 = ORIENTED_EDGE ( 'NONE', *, *, #4528, .T. ) ;
#1361 = LINE ( 'NONE', #7267, #3865 ) ;
#1362 = CARTESIAN_POINT ( 'NONE',  ( -3.320000001465317485, 9.399999987794574352, 1000.000000000000000 ) ) ;
#1363 = VECTOR ( 'NONE', #7966, 1000.000000000000000 ) ;
#1364 = LINE ( 'NONE', #8377, #934 ) ;
#1365 = CARTESIAN_POINT ( 'NONE',  ( 1.484924240491739766, 2.616295090390196254, 1000.000000000000000 ) ) ;
#1366 = CYLINDRICAL_SURFACE ( 'NONE', #2802, 0.2499999114916155729 ) ;
#1367 = ORIENTED_EDGE ( 'NONE', *, *, #260, .T. ) ;
#1368 = DIRECTION ( 'NONE',  ( 1.000000000000000000, 0.000000000000000000, -0.000000000000000000 ) ) ;
#1369 = LINE ( 'NONE', #4120, #6483 ) ;
#1370 = DIRECTION ( 'NONE',  ( 0.7071067691300000346, 0.7071067932430947778, 0.000000000000000000 ) ) ;
#1371 = AXIS2_PLACEMENT_3D ( 'NONE', #261, #6337, #9901 ) ;
#1372 = PLANE ( 'NONE',  #4698 ) ;
#1373 = ORIENTED_EDGE ( 'NONE', *, *, #5253, .F. ) ;
#1374 = VECTOR ( 'NONE', #5078, 1000.000000000000000 ) ;
#1375 = DIRECTION ( 'NONE',  ( 1.000000000000000000, 0.000000000000000000, 0.000000000000000000 ) ) ;
#1376 = EDGE_CURVE ( 'NONE', #7851, #6948, #4828, .T. ) ;
#1377 = AXIS2_PLACEMENT_3D ( 'NONE', #1613, #5126, #8632 ) ;
#1378 = ADVANCED_FACE ( 'NONE', ( #10396 ), #2516, .F. ) ;
#1379 = CARTESIAN_POINT ( 'NONE',  ( -9.749999888241337231, -3.700000111758763754, 1000.000000000000000 ) ) ;
#1380 = ADVANCED_FACE ( 'NONE', ( #7923 ), #7754, .T. ) ;
#1381 = DIRECTION ( 'NONE',  ( -0.9999999999999993339, 3.939114465788600158E-08, -0.000000000000000000 ) ) ;
#1382 = ADVANCED_FACE ( 'NONE', ( #5227 ), #11265, .T. ) ;
#1383 = FACE_OUTER_BOUND ( 'NONE', #6452, .T. ) ;
#1384 = DIRECTION ( 'NONE',  ( -0.000000000000000000, -0.000000000000000000, -1.000000000000000000 ) ) ;
#1385 = VERTEX_POINT ( 'NONE', #5967 ) ;
#1386 = CIRCLE ( 'NONE', #7816, 0.2500000163913711493 ) ;
#1387 = ORIENTED_EDGE ( 'NONE', *, *, #1758, .T. ) ;
#1388 = CARTESIAN_POINT ( 'NONE',  ( -4.950000225616070892, 8.049999850923681421, 1000.000000000000000 ) ) ;
#1389 = DIRECTION ( 'NONE',  ( 0.000000000000000000, 0.000000000000000000, 1.000000000000000000 ) ) ;
#1390 = FACE_OUTER_BOUND ( 'NONE', #5451, .T. ) ;
#1391 = CARTESIAN_POINT ( 'NONE',  ( 16.00000101193381852, 2.761521772073602499, 0.000000000000000000 ) ) ;
#1392 = VECTOR ( 'NONE', #6967, 1000.000000000000000 ) ;
#1393 = PLANE ( 'NONE',  #3890 ) ;
#1394 = DIRECTION ( 'NONE',  ( 1.030353624409846740E-07, -0.9999999999999947820, 0.000000000000000000 ) ) ;
#1395 = DIRECTION ( 'NONE',  ( -0.000000000000000000, -0.000000000000000000, -1.000000000000000000 ) ) ;
#1396 = ORIENTED_EDGE ( 'NONE', *, *, #9809, .F. ) ;
#1397 = ADVANCED_FACE ( 'NONE', ( #6995 ), #11206, .T. ) ;
#1398 = VERTEX_POINT ( 'NONE', #1771 ) ;
#1399 = EDGE_CURVE ( 'NONE', #4376, #234, #3872, .T. ) ;
#1400 = ORIENTED_EDGE ( 'NONE', *, *, #6254, .F. ) ;
#1401 = ORIENTED_EDGE ( 'NONE', *, *, #8540, .T. ) ;
#1402 = AXIS2_PLACEMENT_3D ( 'NONE', #7920, #5281, #1938 ) ;
#1403 = LINE ( 'NONE', #10197, #917 ) ;
#1404 = DIRECTION ( 'NONE',  ( 0.000000000000000000, 0.000000000000000000, -1.000000000000000000 ) ) ;
#1405 = ORIENTED_EDGE ( 'NONE', *, *, #9693, .T. ) ;
#1406 = LINE ( 'NONE', #2273, #2546 ) ;
#1407 = VECTOR ( 'NONE', #4390, 1000.000000000000000 ) ;
#1408 = DIRECTION ( 'NONE',  ( -0.000000000000000000, -0.000000000000000000, -1.000000000000000000 ) ) ;
#1409 = CARTESIAN_POINT ( 'NONE',  ( -3.749999990525408666, 0.3376953446985325735, 1000.000000000000000 ) ) ;
#1410 = VERTEX_POINT ( 'NONE', #3497 ) ;
#1411 = VERTEX_POINT ( 'NONE', #793 ) ;
#1412 = CARTESIAN_POINT ( 'NONE',  ( 16.68000023088499262, 7.999999198498612074, 0.000000000000000000 ) ) ;
#1413 = CARTESIAN_POINT ( 'NONE',  ( 29.14999968900309923, -3.319998076164176748, 0.000000000000000000 ) ) ;
#1414 = CARTESIAN_POINT ( 'NONE',  ( 3.700000235153940054, -9.749999787236243165, 1000.000000000000000 ) ) ;
#1415 = FACE_OUTER_BOUND ( 'NONE', #2536, .T. ) ;
#1416 = VERTEX_POINT ( 'NONE', #8780 ) ;
#1417 = CARTESIAN_POINT ( 'NONE',  ( 3.393721882965473835, -0.8559508052926739774, 1000.000000000000000 ) ) ;
#1418 = LINE ( 'NONE', #7636, #7959 ) ;
#1419 = DIRECTION ( 'NONE',  ( 1.000000000000000000, 0.000000000000000000, 0.000000000000000000 ) ) ;
#1420 = DIRECTION ( 'NONE',  ( -0.000000000000000000, -0.000000000000000000, -1.000000000000000000 ) ) ;
#1421 = ORIENTED_EDGE ( 'NONE', *, *, #4479, .F. ) ;
#1422 = DIRECTION ( 'NONE',  ( -0.000000000000000000, -0.000000000000000000, -1.000000000000000000 ) ) ;
#1423 = VECTOR ( 'NONE', #5483, 1000.000000000000000 ) ;
#1424 = CARTESIAN_POINT ( 'NONE',  ( 29.99999897117740133, -8.499998538658488201, 1000.000000000000000 ) ) ;
#1425 = PLANE ( 'NONE',  #3495 ) ;
#1426 = CARTESIAN_POINT ( 'NONE',  ( -8.249999987334840412, 4.196446700727205048, 1000.000000000000000 ) ) ;
#1427 = VECTOR ( 'NONE', #9841, 1000.000000000000000 ) ;
#1428 = CARTESIAN_POINT ( 'NONE',  ( -4.000000073439355042, -0.3376952955149725710, 1000.000000000000000 ) ) ;
#1429 = CARTESIAN_POINT ( 'NONE',  ( -9.750000414488168232, 3.700000235712694430, 0.000000000000000000 ) ) ;
#1430 = VERTEX_POINT ( 'NONE', #10508 ) ;
#1431 = EDGE_LOOP ( 'NONE', ( #8360, #11119, #7354, #1990 ) ) ;
#1432 = EDGE_CURVE ( 'NONE', #10459, #6510, #3329, .T. ) ;
#1433 = DIRECTION ( 'NONE',  ( -0.000000000000000000, -0.000000000000000000, -1.000000000000000000 ) ) ;
#1434 = EDGE_CURVE ( 'NONE', #2084, #10898, #8608, .T. ) ;
#1435 = AXIS2_PLACEMENT_3D ( 'NONE', #5787, #7575, #1582 ) ;
#1436 = ORIENTED_EDGE ( 'NONE', *, *, #3202, .F. ) ;
#1437 = ADVANCED_FACE ( 'NONE', ( #5907 ), #6879, .F. ) ;
#1438 = DIRECTION ( 'NONE',  ( -1.000000000000000000, 0.000000000000000000, 0.000000000000000000 ) ) ;
#1439 = DIRECTION ( 'NONE',  ( 1.000000000000000000, 0.000000000000000000, 0.000000000000000000 ) ) ;
#1440 = DIRECTION ( 'NONE',  ( 1.000000000000000000, 0.000000000000000000, 0.000000000000000000 ) ) ;
#1441 = DIRECTION ( 'NONE',  ( 0.000000000000000000, 0.000000000000000000, 1.000000000000000000 ) ) ;
#1442 = DIRECTION ( 'NONE',  ( -0.000000000000000000, -0.000000000000000000, -1.000000000000000000 ) ) ;
#1443 = AXIS2_PLACEMENT_3D ( 'NONE', #9223, #10088, #6578 ) ;
#1444 = ADVANCED_FACE ( 'NONE', ( #1653 ), #6020, .F. ) ;
#1445 = DIRECTION ( 'NONE',  ( -0.000000000000000000, 1.000000000000000000, -0.000000000000000000 ) ) ;
#1446 = ORIENTED_EDGE ( 'NONE', *, *, #8825, .T. ) ;
#1447 = ORIENTED_EDGE ( 'NONE', *, *, #2592, .F. ) ;
#1449 = ORIENTED_EDGE ( 'NONE', *, *, #436, .T. ) ;
#1448 = VERTEX_POINT ( 'NONE', #8554 ) ;
#1450 = EDGE_CURVE ( 'NONE', #9819, #7836, #9526, .T. ) ;
#1451 = ORIENTED_EDGE ( 'NONE', *, *, #4535, .F. ) ;
#1452 = ORIENTED_EDGE ( 'NONE', *, *, #7982, .T. ) ;
#1453 = CARTESIAN_POINT ( 'NONE',  ( -3.319999869503133194, -8.000000349022345247, 0.000000000000000000 ) ) ;
#1454 = CARTESIAN_POINT ( 'NONE',  ( 26.60416213172399225, -5.199997769938713432, 1000.000000000000000 ) ) ;
#1455 = ORIENTED_EDGE ( 'NONE', *, *, #4981, .F. ) ;
#1456 = CIRCLE ( 'NONE', #10085, 2.499999999999988454 ) ;
#1457 = ADVANCED_FACE ( 'NONE', ( #676 ), #6136, .F. ) ;
#1458 = CIRCLE ( 'NONE', #9368, 0.6000000901520956553 ) ;
#1459 = DIRECTION ( 'NONE',  ( 0.000000000000000000, -0.000000000000000000, 1.000000000000000000 ) ) ;
#1460 = FACE_OUTER_BOUND ( 'NONE', #2307, .T. ) ;
#1461 = FACE_OUTER_BOUND ( 'NONE', #7965, .T. ) ;
#1462 = ORIENTED_EDGE ( 'NONE', *, *, #7454, .T. ) ;
#1463 = AXIS2_PLACEMENT_3D ( 'NONE', #5185, #2597, #8690 ) ;
#1464 = EDGE_LOOP ( 'NONE', ( #1405, #7222, #4110, #8816 ) ) ;
#1465 = AXIS2_PLACEMENT_3D ( 'NONE', #8853, #67, #2651 ) ;
#1466 = CARTESIAN_POINT ( 'NONE',  ( -8.000000070047811107, 4.196446700727205048, 1000.000000000000000 ) ) ;
#1467 = AXIS2_PLACEMENT_3D ( 'NONE', #11131, #10033, #6740 ) ;
#1468 = VECTOR ( 'NONE', #8470, 1000.000000000000000 ) ;
#1469 = VERTEX_POINT ( 'NONE', #3440 ) ;
#1470 = EDGE_CURVE ( 'NONE', #8271, #7614, #10451, .T. ) ;
#1471 = CARTESIAN_POINT ( 'NONE',  ( 24.95000031312306987, 8.299999210854373644, 1000.000000000000000 ) ) ;
#1472 = CARTESIAN_POINT ( 'NONE',  ( 19.38860656764808610, 2.424087059261049948, 1000.000000000000000 ) ) ;
#1473 = AXIS2_PLACEMENT_3D ( 'NONE', #2460, #1541, #9583 ) ;
#1474 = CARTESIAN_POINT ( 'NONE',  ( -2.424087059261058386, -0.6113934323519324421, 0.000000000000000000 ) ) ;
#1475 = CIRCLE ( 'NONE', #4970, 0.8000000000000124789 ) ;
#1476 = ORIENTED_EDGE ( 'NONE', *, *, #5102, .F. ) ;
#1477 = CARTESIAN_POINT ( 'NONE',  ( -2.500000000000000444, 0.000000000000000000, 1000.000000000000000 ) ) ;
#1478 = LINE ( 'NONE', #509, #5393 ) ;
#1479 = CARTESIAN_POINT ( 'NONE',  ( 14.80000037677654134, 8.049999329402451664, 1000.000000000000000 ) ) ;
#1480 = DIRECTION ( 'NONE',  ( 0.9999999999995138333, -9.861040709574668954E-07, 0.000000000000000000 ) ) ;
#1481 = VERTEX_POINT ( 'NONE', #6080 ) ;
#1482 = CYLINDRICAL_SURFACE ( 'NONE', #1218, 0.9999999999999965583 ) ;
#1483 = EDGE_CURVE ( 'NONE', #97, #1346, #8726, .T. ) ;
#1484 = CIRCLE ( 'NONE', #11043, 0.2499999172870248643 ) ;
#1485 = LINE ( 'NONE', #4825, #5750 ) ;
#1486 = DIRECTION ( 'NONE',  ( 0.000000000000000000, 0.000000000000000000, 1.000000000000000000 ) ) ;
#1487 = DIRECTION ( 'NONE',  ( 0.000000000000000000, 0.000000000000000000, 1.000000000000000000 ) ) ;
#1488 = FACE_OUTER_BOUND ( 'NONE', #11272, .T. ) ;
#1489 = DIRECTION ( 'NONE',  ( -0.000000000000000000, -0.000000000000000000, -1.000000000000000000 ) ) ;
#1490 = ORIENTED_EDGE ( 'NONE', *, *, #9453, .F. ) ;
#1491 = VERTEX_POINT ( 'NONE', #7285 ) ;
#1492 = DIRECTION ( 'NONE',  ( 0.000000000000000000, 0.000000000000000000, 1.000000000000000000 ) ) ;
#1493 = AXIS2_PLACEMENT_3D ( 'NONE', #4997, #6545, #6711 ) ;
#1494 = FACE_OUTER_BOUND ( 'NONE', #11316, .T. ) ;
#1495 = DIRECTION ( 'NONE',  ( -0.000000000000000000, -0.000000000000000000, -1.000000000000000000 ) ) ;
#1496 = DIRECTION ( 'NONE',  ( -3.939114465788600158E-08, -0.9999999999999993339, 0.000000000000000000 ) ) ;
#1497 = DIRECTION ( 'NONE',  ( -0.000000000000000000, -0.000000000000000000, -1.000000000000000000 ) ) ;
#1498 = LINE ( 'NONE', #7662, #5950 ) ;
#1499 = ORIENTED_EDGE ( 'NONE', *, *, #10794, .T. ) ;
#1500 = VERTEX_POINT ( 'NONE', #339 ) ;
#1501 = VECTOR ( 'NONE', #6590, 1000.000000000000000 ) ;
#1503 = ORIENTED_EDGE ( 'NONE', *, *, #5253, .T. ) ;
#1502 = ORIENTED_EDGE ( 'NONE', *, *, #5521, .T. ) ;
#1504 = VECTOR ( 'NONE', #1433, 1000.000000000000000 ) ;
#1505 = EDGE_LOOP ( 'NONE', ( #819, #6858, #131, #10914 ) ) ;
#1506 = ORIENTED_EDGE ( 'NONE', *, *, #6909, .F. ) ;
#1507 = CARTESIAN_POINT ( 'NONE',  ( 13.60000030929984050, -5.658579078262768292, 0.000000000000000000 ) ) ;
#1508 = CARTESIAN_POINT ( 'NONE',  ( -4.907106941982555703, 5.897056125771377388, 1000.000000000000000 ) ) ;
#1509 = ORIENTED_EDGE ( 'NONE', *, *, #11240, .T. ) ;
#1510 = EDGE_CURVE ( 'NONE', #10076, #1410, #8155, .T. ) ;
#1511 = AXIS2_PLACEMENT_3D ( 'NONE', #4634, #152, #2049 ) ;
#1512 = EDGE_CURVE ( 'NONE', #2785, #6911, #4227, .T. ) ;
#1513 = VECTOR ( 'NONE', #10170, 1000.000000000000000 ) ;
#1514 = DIRECTION ( 'NONE',  ( 1.000000000000000000, 0.000000000000000000, 0.000000000000000000 ) ) ;
#1515 = EDGE_CURVE ( 'NONE', #9031, #5019, #8894, .T. ) ;
#1516 = LINE ( 'NONE', #2612, #9053 ) ;
#1517 = EDGE_CURVE ( 'NONE', #3189, #149, #7108, .T. ) ;
#1518 = ORIENTED_EDGE ( 'NONE', *, *, #5886, .F. ) ;
#1519 = DIRECTION ( 'NONE',  ( 1.000000000000000000, 0.000000000000000000, 0.000000000000000000 ) ) ;
#1520 = ORIENTED_EDGE ( 'NONE', *, *, #2992, .T. ) ;
#1521 = ORIENTED_EDGE ( 'NONE', *, *, #5028, .F. ) ;
#1522 = VECTOR ( 'NONE', #7847, 1000.000000000000000 ) ;
#1523 = EDGE_CURVE ( 'NONE', #149, #10247, #3681, .T. ) ;
#1524 = LINE ( 'NONE', #5035, #8751 ) ;
#1525 = AXIS2_PLACEMENT_3D ( 'NONE', #1540, #2459, #2788 ) ;
#1526 = CARTESIAN_POINT ( 'NONE',  ( 3.070000090333480092, 9.150000347420848001, 1000.000000000000000 ) ) ;
#1527 = LINE ( 'NONE', #5215, #4420 ) ;
#1528 = DIRECTION ( 'NONE',  ( 1.030353595837683983E-07, -0.9999999999999946709, -0.000000000000000000 ) ) ;
#1529 = CARTESIAN_POINT ( 'NONE',  ( 24.19644548396533779, -7.999997997896094226, 1000.000000000000000 ) ) ;
#1530 = VERTEX_POINT ( 'NONE', #9812 ) ;
#1531 = DIRECTION ( 'NONE',  ( -0.000000000000000000, -0.000000000000000000, -1.000000000000000000 ) ) ;
#1532 = CARTESIAN_POINT ( 'NONE',  ( 0.3376951537216663080, 3.999999709302311857, 1000.000000000000000 ) ) ;
#1533 = PLANE ( 'NONE',  #1827 ) ;
#1534 = CARTESIAN_POINT ( 'NONE',  ( 16.67999963388842843, -8.249999338686601291, 1000.000000000000000 ) ) ;
#1535 = ORIENTED_EDGE ( 'NONE', *, *, #10523, .T. ) ;
#1536 = EDGE_CURVE ( 'NONE', #7760, #1923, #2806, .T. ) ;
#1537 = EDGE_CURVE ( 'NONE', #1905, #3799, #1018, .T. ) ;
#1538 = CARTESIAN_POINT ( 'NONE',  ( -0.3376954256355604866, 3.999999850923669165, 1000.000000000000000 ) ) ;
#1539 = CIRCLE ( 'NONE', #5579, 2.499999999999992895 ) ;
#1540 = CARTESIAN_POINT ( 'NONE',  ( 0.8559508052926600996, 3.393721882965480940, 1000.000000000000000 ) ) ;
#1541 = DIRECTION ( 'NONE',  ( -0.000000000000000000, -0.000000000000000000, -1.000000000000000000 ) ) ;
#1542 = AXIS2_PLACEMENT_3D ( 'NONE', #10658, #10015, #315 ) ;
#1543 = DIRECTION ( 'NONE',  ( -0.000000000000000000, -0.000000000000000000, -1.000000000000000000 ) ) ;
#1544 = DIRECTION ( 'NONE',  ( -0.000000000000000000, -0.000000000000000000, -1.000000000000000000 ) ) ;
#1545 = FACE_OUTER_BOUND ( 'NONE', #9200, .T. ) ;
#1546 = CARTESIAN_POINT ( 'NONE',  ( 16.92999944389873335, -8.249999338686601291, 0.000000000000000000 ) ) ;
#1547 = VERTEX_POINT ( 'NONE', #1881 ) ;
#1548 = ORIENTED_EDGE ( 'NONE', *, *, #10643, .F. ) ;
#1549 = CARTESIAN_POINT ( 'NONE',  ( 23.94999866868387173, -9.999997517928891355, 1000.000000000000000 ) ) ;
#1550 = DIRECTION ( 'NONE',  ( 1.000000000000000000, 0.000000000000000000, 0.000000000000000000 ) ) ;
#1551 = CARTESIAN_POINT ( 'NONE',  ( -9.999999776482582092, -3.949999809265136719, 1000.000000000000000 ) ) ;
#1552 = CYLINDRICAL_SURFACE ( 'NONE', #5105, 0.7999999999999917177 ) ;
#1553 = CARTESIAN_POINT ( 'NONE',  ( 3.950000044177011560, 10.00000001106443648, 1000.000000000000000 ) ) ;
#1554 = DIRECTION ( 'NONE',  ( -0.000000000000000000, 0.000000000000000000, -1.000000000000000000 ) ) ;
#1555 = VECTOR ( 'NONE', #3444, 1000.000000000000000 ) ;
#1556 = LINE ( 'NONE', #9372, #1914 ) ;
#1557 = VERTEX_POINT ( 'NONE', #1070 ) ;
#1558 = VERTEX_POINT ( 'NONE', #1994 ) ;
#1560 = VERTEX_POINT ( 'NONE', #5337 ) ;
#1559 = VERTEX_POINT ( 'NONE', #6362 ) ;
#1561 = ORIENTED_EDGE ( 'NONE', *, *, #2778, .T. ) ;
#1562 = EDGE_LOOP ( 'NONE', ( #2754, #8340, #9322, #9712 ) ) ;
#1563 = DIRECTION ( 'NONE',  ( -0.000000000000000000, -0.000000000000000000, -1.000000000000000000 ) ) ;
#1564 = CARTESIAN_POINT ( 'NONE',  ( -2.181623320331199878, -3.999999999986361576, 1000.000000000000000 ) ) ;
#1565 = AXIS2_PLACEMENT_3D ( 'NONE', #10616, #2740, #1876 ) ;
#1566 = VERTEX_POINT ( 'NONE', #4643 ) ;
#1567 = DIRECTION ( 'NONE',  ( 1.000000000000000000, 0.000000000000000000, 0.000000000000000000 ) ) ;
#1568 = DIRECTION ( 'NONE',  ( -0.000000000000000000, -0.000000000000000000, -1.000000000000000000 ) ) ;
#1569 = LINE ( 'NONE', #5083, #7221 ) ;
#1570 = VERTEX_POINT ( 'NONE', #4469 ) ;
#1571 = CARTESIAN_POINT ( 'NONE',  ( 24.70355286087617941, -8.299997791155394822, 1000.000000000000000 ) ) ;
#1572 = ORIENTED_EDGE ( 'NONE', *, *, #210, .F. ) ;
#1573 = AXIS2_PLACEMENT_3D ( 'NONE', #1992, #9120, #9173 ) ;
#1574 = EDGE_CURVE ( 'NONE', #8916, #4098, #283, .T. ) ;
#1575 = ORIENTED_EDGE ( 'NONE', *, *, #6561, .F. ) ;
#1576 = DIRECTION ( 'NONE',  ( 1.000000000000000000, 0.000000000000000000, 0.000000000000000000 ) ) ;
#1577 = ADVANCED_FACE ( 'NONE', ( #3662 ), #3787, .F. ) ;
#1578 = ADVANCED_FACE ( 'NONE', ( #7168 ), #10681, .F. ) ;
#1579 = EDGE_CURVE ( 'NONE', #6624, #308, #2918, .T. ) ;
#1580 = VECTOR ( 'NONE', #8485, 1000.000000000000000 ) ;
#1581 = LINE ( 'NONE', #4165, #3146 ) ;
#1582 = DIRECTION ( 'NONE',  ( -1.000000000000000000, 0.000000000000000000, 0.000000000000000000 ) ) ;
#1583 = CARTESIAN_POINT ( 'NONE',  ( 25.19999940546320616, -6.604160702481292944, 1000.000000000000000 ) ) ;
#1584 = EDGE_LOOP ( 'NONE', ( #2100, #3137, #6287, #3349 ) ) ;
#1585 = CYLINDRICAL_SURFACE ( 'NONE', #4166, 0.2500000753375107854 ) ;
#1586 = CARTESIAN_POINT ( 'NONE',  ( -8.073223683611651325, 4.373223670622857995, 1000.000000000000000 ) ) ;
#1587 = DIRECTION ( 'NONE',  ( -0.000000000000000000, -0.000000000000000000, -1.000000000000000000 ) ) ;
#1588 = ORIENTED_EDGE ( 'NONE', *, *, #8904, .F. ) ;
#1589 = DIRECTION ( 'NONE',  ( 1.000000000000000000, 0.000000000000000000, 0.000000000000000000 ) ) ;
#1590 = VERTEX_POINT ( 'NONE', #2056 ) ;
#1591 = EDGE_CURVE ( 'NONE', #1055, #6825, #5704, .T. ) ;
#1592 = AXIS2_PLACEMENT_3D ( 'NONE', #204, #8137, #3823 ) ;
#1593 = FACE_OUTER_BOUND ( 'NONE', #6213, .T. ) ;
#1594 = DIRECTION ( 'NONE',  ( -0.000000000000000000, -0.000000000000000000, -1.000000000000000000 ) ) ;
#1595 = CYLINDRICAL_SURFACE ( 'NONE', #9190, 0.2499999999999898137 ) ;
#1596 = DIRECTION ( 'NONE',  ( -0.000000000000000000, -0.000000000000000000, -1.000000000000000000 ) ) ;
#1597 = EDGE_CURVE ( 'NONE', #6563, #1469, #5447, .T. ) ;
#1598 = ADVANCED_FACE ( 'NONE', ( #7339 ), #4580, .F. ) ;
#1599 = DIRECTION ( 'NONE',  ( 0.000000000000000000, -0.000000000000000000, -1.000000000000000000 ) ) ;
#1600 = CARTESIAN_POINT ( 'NONE',  ( 4.373223425481992166, -8.073223395187289597, 1000.000000000000000 ) ) ;
#1601 = DIRECTION ( 'NONE',  ( -0.9999999999999884537, 1.518813080792842302E-07, 0.000000000000000000 ) ) ;
#1602 = CARTESIAN_POINT ( 'NONE',  ( -3.320000001465317485, 9.399999987794574352, 1000.000000000000000 ) ) ;
#1603 = AXIS2_PLACEMENT_3D ( 'NONE', #1945, #969, #7979 ) ;
#1604 = ORIENTED_EDGE ( 'NONE', *, *, #7734, .T. ) ;
#1605 = ORIENTED_EDGE ( 'NONE', *, *, #7814, .F. ) ;
#1606 = DIRECTION ( 'NONE',  ( 1.000000000000000000, 0.000000000000000000, 0.000000000000000000 ) ) ;
#1607 = DIRECTION ( 'NONE',  ( 0.000000000000000000, 0.000000000000000000, 1.000000000000000000 ) ) ;
#1608 = LINE ( 'NONE', #3398, #10094 ) ;
#1609 = LINE ( 'NONE', #8567, #5837 ) ;
#1610 = EDGE_CURVE ( 'NONE', #3868, #10536, #2868, .T. ) ;
#1611 = DIRECTION ( 'NONE',  ( 1.000000000000000000, 0.000000000000000000, 0.000000000000000000 ) ) ;
#1612 = CARTESIAN_POINT ( 'NONE',  ( 17.57591294073892740, 0.6113934323519233383, 0.000000000000000000 ) ) ;
#1613 = CARTESIAN_POINT ( 'NONE',  ( 17.81837585970492910, -5.999998680592713463, 1000.000000000000000 ) ) ;
#1614 = ORIENTED_EDGE ( 'NONE', *, *, #4884, .F. ) ;
#1615 = ORIENTED_EDGE ( 'NONE', *, *, #1656, .T. ) ;
#1616 = EDGE_LOOP ( 'NONE', ( #7732, #4747, #8659, #9553, #4605, #9623, #9049, #6753, #8135, #7249, #3290, #3408, #500, #7539, #142, #3458, #3472, #3705, #7559, #5098, #1767, #6456, #3596, #5557, #16, #2967, #1315, #4010, #9446, #5744, #5249, #10103, #9606, #3278, #10413, #3755, #11384, #6338, #6301, #10482, #1344, #3946, #8863, #6382, #2751, #3997, #7671, #9979, #7567, #975, #113, #5469, #2538, #7442, #5415, #3540, #6482, #4491, #3807, #5596, #10672, #5225, #4548, #913, #2197, #3806, #5317, #11134, #4024, #4404, #8523, #3879, #2877, #3940, #5669, #1667, #9777, #1509, #330, #10358, #4867, #2856, #10677, #1639, #5358, #3765, #60, #8589, #1294, #263, #10458, #5158, #10331, #1816, #10639, #9593, #1807, #7874, #9077, #10017, #9187, #9062, #8188, #2176, #5306, #4719, #1065, #9377, #292, #2693, #1502, #2194, #8522, #5813, #8754, #5711, #7566, #4929, #4937, #3423, #6060, #9154, #8408, #8393, #85, #5875, #3794, #1029, #4247, #7852, #5626, #7789, #11067, #8678, #4842, #9155, #6524, #3959, #4373, #5472, #3190, #7457, #6512, #8286, #11372, #8829, #6315, #10748, #2266, #5651, #8088, #331, #694, #10133, #773, #5769, #6565, #2156, #9075, #1499, #7288, #3188, #10123, #1312, #10049, #7761, #2377, #1318, #475, #4108, #5642, #5308, #5782, #4042, #653, #10075, #5903, #7232, #7704, #6205, #8654, #10717, #459, #2335, #4732, #4866, #10323, #5265, #9609, #1367, #7226, #1692, #6597, #1284, #2106, #5758, #6917, #8733, #8112, #3627, #8136, #2960, #5160, #1849, #4460, #989, #3888, #5502, #8076, #10604, #1737, #10535, #1561, #10819, #538, #615, #11341, #9577, #5248, #3228, #324, #10302, #2616, #7089, #9184, #4487, #7554, #5188, #10412, #9888, #11368, #5880, #7189, #10196, #1, #319, #6068, #670, #6101, #4733, #4975, #5061, #1387, #6118, #8469, #2672, #4162, #7536, #9270, #1906, #2686, #3609 ) ) ;
#1617 = ORIENTED_EDGE ( 'NONE', *, *, #901, .T. ) ;
#1618 = VECTOR ( 'NONE', #7299, 1000.000000000000000 ) ;
#1619 = ORIENTED_EDGE ( 'NONE', *, *, #5617, .F. ) ;
#1620 = DIRECTION ( 'NONE',  ( 0.000000000000000000, 0.000000000000000000, 1.000000000000000000 ) ) ;
#1621 = EDGE_CURVE ( 'NONE', #7722, #8763, #5151, .T. ) ;
#1622 = DIRECTION ( 'NONE',  ( 0.000000000000000000, 0.000000000000000000, 1.000000000000000000 ) ) ;
#1623 = ORIENTED_EDGE ( 'NONE', *, *, #3356, .F. ) ;
#1624 = VERTEX_POINT ( 'NONE', #9287 ) ;
#1625 = CARTESIAN_POINT ( 'NONE',  ( -8.500000111758666321, -8.499999999999992895, 1000.000000000000000 ) ) ;
#1626 = AXIS2_PLACEMENT_3D ( 'NONE', #3028, #6404, #7329 ) ;
#1627 = FACE_OUTER_BOUND ( 'NONE', #7932, .T. ) ;
#1628 = DIRECTION ( 'NONE',  ( 0.000000000000000000, 0.000000000000000000, 1.000000000000000000 ) ) ;
#1629 = EDGE_LOOP ( 'NONE', ( #9001, #3008, #3112, #7613 ) ) ;
#1630 = CARTESIAN_POINT ( 'NONE',  ( 2.050609665440981999, 2.050609665440974894, 1000.000000000000000 ) ) ;
#1631 = ORIENTED_EDGE ( 'NONE', *, *, #1610, .T. ) ;
#1632 = ORIENTED_EDGE ( 'NONE', *, *, #10512, .T. ) ;
#1633 = DIRECTION ( 'NONE',  ( -0.9999999999999363842, 3.568436106276831020E-07, 0.000000000000000000 ) ) ;
#1634 = VECTOR ( 'NONE', #1394, 999.9999999999998863 ) ;
#1635 = ORIENTED_EDGE ( 'NONE', *, *, #10935, .T. ) ;
#1636 = LINE ( 'NONE', #3426, #9007 ) ;
#1637 = CARTESIAN_POINT ( 'NONE',  ( 20.33769446910742218, -3.999998357232442459, 1000.000000000000000 ) ) ;
#1638 = CARTESIAN_POINT ( 'NONE',  ( 20.33769576579990002, 3.999999123447665728, 1000.000000000000000 ) ) ;
#1639 = ORIENTED_EDGE ( 'NONE', *, *, #7906, .T. ) ;
#1640 = DIRECTION ( 'NONE',  ( 1.000000000000000000, 0.000000000000000000, 0.000000000000000000 ) ) ;
#1641 = CARTESIAN_POINT ( 'NONE',  ( 23.70000138579651860, 9.749999284232508501, 1000.000000000000000 ) ) ;
#1642 = DIRECTION ( 'NONE',  ( -1.000000000000000000, 0.000000000000000000, 0.000000000000000000 ) ) ;
#1643 = ORIENTED_EDGE ( 'NONE', *, *, #2591, .F. ) ;
#1645 = ADVANCED_FACE ( 'NONE', ( #2280 ), #10209, .F. ) ;
#1644 = FACE_OUTER_BOUND ( 'NONE', #8344, .T. ) ;
#1646 = AXIS2_PLACEMENT_3D ( 'NONE', #1409, #11077, #1356 ) ;
#1647 = VERTEX_POINT ( 'NONE', #7463 ) ;
#1648 = ADVANCED_FACE ( 'NONE', ( #4754 ), #10041, .F. ) ;
#1649 = CARTESIAN_POINT ( 'NONE',  ( -1.607959945748582697E-07, 3.799999914998672512, 1000.000000000000000 ) ) ;
#1650 = LINE ( 'NONE', #5163, #4093 ) ;
#1651 = AXIS2_PLACEMENT_3D ( 'NONE', #2582, #5054, #5969 ) ;
#1652 = VECTOR ( 'NONE', #7696, 1000.000000000000114 ) ;
#1653 = FACE_OUTER_BOUND ( 'NONE', #1798, .T. ) ;
#1654 = EDGE_CURVE ( 'NONE', #682, #9532, #1364, .T. ) ;
#1655 = DIRECTION ( 'NONE',  ( 0.000000000000000000, -1.000000000000000000, 0.000000000000000000 ) ) ;
#1656 = EDGE_CURVE ( 'NONE', #722, #4310, #504, .T. ) ;
#1657 = DIRECTION ( 'NONE',  ( -4.912470560017827756E-08, -0.9999999999999987788, 0.000000000000000000 ) ) ;
#1658 = CARTESIAN_POINT ( 'NONE',  ( 3.595836765676339919, 4.585786309095688296, 1000.000000000000000 ) ) ;
#1659 = FACE_OUTER_BOUND ( 'NONE', #11057, .T. ) ;
#1660 = EDGE_CURVE ( 'NONE', #5250, #4737, #3152, .T. ) ;
#1662 = EDGE_CURVE ( 'NONE', #9198, #7654, #4007, .T. ) ;
#1661 = LINE ( 'NONE', #10401, #3783 ) ;
#1663 = ORIENTED_EDGE ( 'NONE', *, *, #10643, .T. ) ;
#1664 = ORIENTED_EDGE ( 'NONE', *, *, #3436, .F. ) ;
#1665 = AXIS2_PLACEMENT_3D ( 'NONE', #2384, #6745, #11365 ) ;
#1666 = PRESENTATION_LAYER_ASSIGNMENT (  '', '', ( #9547 ) ) ;
#1667 = ORIENTED_EDGE ( 'NONE', *, *, #922, .T. ) ;
#1668 = EDGE_CURVE ( 'NONE', #5630, #9918, #2978, .T. ) ;
#1669 = DIRECTION ( 'NONE',  ( 0.7071073575879872619, -0.7071062047846379262, 0.000000000000000000 ) ) ;
#1670 = CARTESIAN_POINT ( 'NONE',  ( -2.050609665440989104, -2.050609665440989104, 1000.000000000000000 ) ) ;
#1671 = CARTESIAN_POINT ( 'NONE',  ( 6.399999902125559359, -8.000000353551500964, 1000.000000000000000 ) ) ;
#1672 = AXIS2_PLACEMENT_3D ( 'NONE', #1553, #1496, #10352 ) ;
#1673 = FACE_OUTER_BOUND ( 'NONE', #6500, .T. ) ;
#1674 = DIRECTION ( 'NONE',  ( 0.000000000000000000, 0.000000000000000000, 1.000000000000000000 ) ) ;
#1675 = CARTESIAN_POINT ( 'NONE',  ( 23.99999905012674262, -0.3376927403625773483, 1000.000000000000000 ) ) ;
#1676 = VERTEX_POINT ( 'NONE', #10980 ) ;
#1677 = ORIENTED_EDGE ( 'NONE', *, *, #7882, .T. ) ;
#1678 = ORIENTED_EDGE ( 'NONE', *, *, #10299, .F. ) ;
#1679 = EDGE_LOOP ( 'NONE', ( #7178, #3991, #5856, #8416 ) ) ;
#1680 = AXIS2_PLACEMENT_3D ( 'NONE', #6321, #1152, #1264 ) ;
#1681 = EDGE_CURVE ( 'NONE', #11332, #10478, #1484, .T. ) ;
#1682 = CARTESIAN_POINT ( 'NONE',  ( 16.30000012076539306, 9.399999558957663481, 1000.000000000000000 ) ) ;
#1683 = CARTESIAN_POINT ( 'NONE',  ( 4.196446864528406984, -8.249999956140868562, 1000.000000000000000 ) ) ;
#1684 = EDGE_LOOP ( 'NONE', ( #3055, #8750, #5018, #9047 ) ) ;
#1685 = CARTESIAN_POINT ( 'NONE',  ( 17.94939033455898780, 2.050609665440974894, 0.000000000000000000 ) ) ;
#1686 = CARTESIAN_POINT ( 'NONE',  ( -0.3376954256355604866, 3.999999850923669165, 0.000000000000000000 ) ) ;
#1687 = DIRECTION ( 'NONE',  ( 0.9999999999998616662, 5.260363325060191763E-07, 0.000000000000000000 ) ) ;
#1688 = AXIS2_PLACEMENT_3D ( 'NONE', #3958, #9236, #5897 ) ;
#1689 = DIRECTION ( 'NONE',  ( 0.000000000000000000, 0.000000000000000000, 1.000000000000000000 ) ) ;
#1690 = EDGE_CURVE ( 'NONE', #7213, #2907, #8318, .T. ) ;
#1691 = AXIS2_PLACEMENT_3D ( 'NONE', #1851, #5361, #6902 ) ;
#1692 = ORIENTED_EDGE ( 'NONE', *, *, #9813, .T. ) ;
#1693 = DIRECTION ( 'NONE',  ( -1.245074968886553162E-07, -0.9999999999999922284, 0.000000000000000000 ) ) ;
#1694 = ORIENTED_EDGE ( 'NONE', *, *, #9807, .F. ) ;
#1695 = ORIENTED_EDGE ( 'NONE', *, *, #10225, .T. ) ;
#1696 = CARTESIAN_POINT ( 'NONE',  ( 28.24999968900306158, -3.069998122879336044, 0.000000000000000000 ) ) ;
#1697 = AXIS2_PLACEMENT_3D ( 'NONE', #8478, #8420, #600 ) ;
#1698 = ORIENTED_EDGE ( 'NONE', *, *, #2085, .F. ) ;
#1699 = CIRCLE ( 'NONE', #7205, 0.2499999351799524483 ) ;
#1700 = DIRECTION ( 'NONE',  ( -1.000000000000000000, 0.000000000000000000, 0.000000000000000000 ) ) ;
#1701 = CYLINDRICAL_SURFACE ( 'NONE', #7506, 0.2500001155129744079 ) ;
#1702 = DIRECTION ( 'NONE',  ( 1.000000000000000000, -0.000000000000000000, -0.000000000000000000 ) ) ;
#1703 = ORIENTED_EDGE ( 'NONE', *, *, #4751, .T. ) ;
#1704 = FACE_OUTER_BOUND ( 'NONE', #10375, .T. ) ;
#1705 = CARTESIAN_POINT ( 'NONE',  ( 21.48492424049173266, -2.616295090390220235, 1000.000000000000000 ) ) ;
#1706 = DIRECTION ( 'NONE',  ( -0.000000000000000000, -0.000000000000000000, -1.000000000000000000 ) ) ;
#1707 = CIRCLE ( 'NONE', #62, 2.499999999999988898 ) ;
#1708 = VERTEX_POINT ( 'NONE', #9232 ) ;
#1709 = CARTESIAN_POINT ( 'NONE',  ( 13.60000012899577371, -8.000000484978855297, 0.000000000000000000 ) ) ;
#1710 = CIRCLE ( 'NONE', #6114, 0.9999998995691983250 ) ;
#1711 = ORIENTED_EDGE ( 'NONE', *, *, #9170, .F. ) ;
#1712 = LINE ( 'NONE', #3660, #7829 ) ;
#1713 = FACE_OUTER_BOUND ( 'NONE', #10460, .T. ) ;
#1714 = VECTOR ( 'NONE', #4243, 1000.000000000000000 ) ;
#1715 = AXIS2_PLACEMENT_3D ( 'NONE', #6788, #10305, #8471 ) ;
#1716 = DIRECTION ( 'NONE',  ( -1.000000000000000000, 0.000000000000000000, 0.000000000000000000 ) ) ;
#1717 = CYLINDRICAL_SURFACE ( 'NONE', #10317, 0.6000001460314281498 ) ;
#1718 = CYLINDRICAL_SURFACE ( 'NONE', #1651, 1.000000007078039488 ) ;
#1719 = LINE ( 'NONE', #1658, #1714 ) ;
#1720 = DIRECTION ( 'NONE',  ( -0.000000000000000000, -0.000000000000000000, -1.000000000000000000 ) ) ;
#1721 = ORIENTED_EDGE ( 'NONE', *, *, #503, .F. ) ;
#1722 = VERTEX_POINT ( 'NONE', #7402 ) ;
#1723 = AXIS2_PLACEMENT_3D ( 'NONE', #4636, #2911, #4572 ) ;
#1724 = ORIENTED_EDGE ( 'NONE', *, *, #11371, .F. ) ;
#1725 = ADVANCED_FACE ( 'NONE', ( #451 ), #7516, .F. ) ;
#1726 = CARTESIAN_POINT ( 'NONE',  ( 3.700000044735841875, 9.750000212788878073, 1000.000000000000000 ) ) ;
#1727 = ADVANCED_FACE ( 'NONE', ( #3957 ), #2119, .F. ) ;
#1728 = EDGE_CURVE ( 'NONE', #5516, #4446, #5620, .T. ) ;
#1729 = VECTOR ( 'NONE', #1395, 1000.000000000000000 ) ;
#1730 = EDGE_CURVE ( 'NONE', #9607, #97, #393, .T. ) ;
#1731 = CARTESIAN_POINT ( 'NONE',  ( -4.703553374060774672, -8.299999808857622341, 1000.000000000000000 ) ) ;
#1732 = CARTESIAN_POINT ( 'NONE',  ( 5.200000113886882325, -6.604162861958459807, 1000.000000000000000 ) ) ;
#1733 = FACE_OUTER_BOUND ( 'NONE', #5863, .T. ) ;
#1734 = DIRECTION ( 'NONE',  ( 1.000000000000000000, 0.000000000000000000, 0.000000000000000000 ) ) ;
#1735 = CARTESIAN_POINT ( 'NONE',  ( 3.070000301836650181, -9.149999719435975010, 0.000000000000000000 ) ) ;
#1736 = ORIENTED_EDGE ( 'NONE', *, *, #2636, .F. ) ;
#1737 = ORIENTED_EDGE ( 'NONE', *, *, #130, .T. ) ;
#1738 = AXIS2_PLACEMENT_3D ( 'NONE', #8928, #10714, #8129 ) ;
#1739 = ORIENTED_EDGE ( 'NONE', *, *, #3232, .F. ) ;
#1740 = EDGE_LOOP ( 'NONE', ( #2421, #9931, #1283, #817 ) ) ;
#1741 = ORIENTED_EDGE ( 'NONE', *, *, #5726, .T. ) ;
#1742 = DIRECTION ( 'NONE',  ( -0.000000000000000000, -0.000000000000000000, -1.000000000000000000 ) ) ;
#1743 = DIRECTION ( 'NONE',  ( 0.000000000000000000, 0.000000000000000000, 1.000000000000000000 ) ) ;
#1744 = ORIENTED_EDGE ( 'NONE', *, *, #10680, .T. ) ;
#1745 = FACE_OUTER_BOUND ( 'NONE', #3830, .T. ) ;
#1746 = CIRCLE ( 'NONE', #94, 0.2499999180770873242 ) ;
#1747 = CARTESIAN_POINT ( 'NONE',  ( 15.62677706052485682, 8.073222827534767276, 1000.000000000000000 ) ) ;
#1748 = EDGE_CURVE ( 'NONE', #9379, #10898, #5786, .T. ) ;
#1749 = EDGE_CURVE ( 'NONE', #6905, #8636, #2587, .T. ) ;
#1750 = CARTESIAN_POINT ( 'NONE',  ( -3.700000112317546108, -9.750000313483109693, 1000.000000000000000 ) ) ;
#1751 = ORIENTED_EDGE ( 'NONE', *, *, #4040, .F. ) ;
#1752 = CARTESIAN_POINT ( 'NONE',  ( 4.950000151884827559, -8.299999820992665533, 1000.000000000000000 ) ) ;
#1753 = ORIENTED_EDGE ( 'NONE', *, *, #10039, .T. ) ;
#1754 = VERTEX_POINT ( 'NONE', #6644 ) ;
#1755 = VECTOR ( 'NONE', #2814, 1000.000000000000000 ) ;
#1756 = CARTESIAN_POINT ( 'NONE',  ( 13.77573613563306942, 5.234314435410487576, 0.000000000000000000 ) ) ;
#1757 = DIRECTION ( 'NONE',  ( -0.000000000000000000, -0.000000000000000000, -1.000000000000000000 ) ) ;
#1758 = EDGE_CURVE ( 'NONE', #2605, #8482, #5732, .T. ) ;
#1759 = CARTESIAN_POINT ( 'NONE',  ( 9.624306213962194434, -9.749999783481941407, 1000.000000000000000 ) ) ;
#1760 = VECTOR ( 'NONE', #8027, 1000.000000000000000 ) ;
#1761 = CARTESIAN_POINT ( 'NONE',  ( 16.40416346849669793, 4.585785587922150519, 1000.000000000000000 ) ) ;
#1762 = ORIENTED_EDGE ( 'NONE', *, *, #8199, .F. ) ;
#1763 = DIRECTION ( 'NONE',  ( 0.7808693713108681989, 0.6246943452189793744, -0.000000000000000000 ) ) ;
#1764 = LINE ( 'NONE', #5097, #6438 ) ;
#1765 = ORIENTED_EDGE ( 'NONE', *, *, #6909, .T. ) ;
#1766 = CARTESIAN_POINT ( 'NONE',  ( 28.04999907568971196, -4.949997762860674833, 1000.000000000000000 ) ) ;
#1767 = ORIENTED_EDGE ( 'NONE', *, *, #4811, .T. ) ;
#1768 = DIRECTION ( 'NONE',  ( -0.8320507240861908516, -0.5546995516021672179, -0.000000000000000000 ) ) ;
#1769 = CIRCLE ( 'NONE', #10572, 0.2499999532849348227 ) ;
#1770 = ADVANCED_FACE ( 'NONE', ( #11087 ), #4287, .F. ) ;
#1771 = CARTESIAN_POINT ( 'NONE',  ( -2.850609665440984930, -2.050609665440989104, 0.000000000000000000 ) ) ;
#1772 = DIRECTION ( 'NONE',  ( 0.9999999999999884537, -1.518813080792842302E-07, 0.000000000000000000 ) ) ;
#1773 = CARTESIAN_POINT ( 'NONE',  ( 19.66230397645803052, -3.999998585597810852, 1000.000000000000000 ) ) ;
#1774 = DIRECTION ( 'NONE',  ( -0.000000000000000000, -0.000000000000000000, -1.000000000000000000 ) ) ;
#1775 = PLANE ( 'NONE',  #2579 ) ;
#1776 = CIRCLE ( 'NONE', #8386, 0.2499996408820565064 ) ;
#1777 = CARTESIAN_POINT ( 'NONE',  ( -3.070000167687804371, 8.250000055594854942, 1000.000000000000000 ) ) ;
#1778 = ORIENTED_EDGE ( 'NONE', *, *, #9521, .F. ) ;
#1779 = EDGE_LOOP ( 'NONE', ( #9258, #4559, #897, #77 ) ) ;
#1780 = ORIENTED_EDGE ( 'NONE', *, *, #10308, .T. ) ;
#1781 = LINE ( 'NONE', #6197, #4642 ) ;
#1782 = CARTESIAN_POINT ( 'NONE',  ( 10.37569389161740396, 9.999999806316870021, 1000.000000000000000 ) ) ;
#1783 = CARTESIAN_POINT ( 'NONE',  ( -8.000000070047811107, 4.196446700727205048, 1000.000000000000000 ) ) ;
#1784 = DIRECTION ( 'NONE',  ( -0.000000000000000000, -0.000000000000000000, -1.000000000000000000 ) ) ;
#1785 = PLANE ( 'NONE',  #905 ) ;
#1786 = FACE_BOUND ( 'NONE', #10022, .T. ) ;
#1787 = VERTEX_POINT ( 'NONE', #1049 ) ;
#1788 = VERTEX_POINT ( 'NONE', #5895 ) ;
#1789 = EDGE_CURVE ( 'NONE', #3395, #1794, #1636, .T. ) ;
#1790 = ORIENTED_EDGE ( 'NONE', *, *, #5773, .F. ) ;
#1791 = EDGE_CURVE ( 'NONE', #10420, #5388, #9397, .T. ) ;
#1792 = ORIENTED_EDGE ( 'NONE', *, *, #8334, .F. ) ;
#1793 = EDGE_CURVE ( 'NONE', #1186, #6160, #1911, .T. ) ;
#1794 = VERTEX_POINT ( 'NONE', #5149 ) ;
#1795 = DIRECTION ( 'NONE',  ( -0.000000000000000000, -0.000000000000000000, -1.000000000000000000 ) ) ;
#1796 = AXIS2_PLACEMENT_3D ( 'NONE', #8212, #2123, #2980 ) ;
#1797 = CARTESIAN_POINT ( 'NONE',  ( 16.29999987042586440, 9.749999694558225016, 0.000000000000000000 ) ) ;
#1798 = EDGE_LOOP ( 'NONE', ( #7519, #7501, #8371, #756 ) ) ;
#1799 = ORIENTED_EDGE ( 'NONE', *, *, #1185, .T. ) ;
#1800 = CARTESIAN_POINT ( 'NONE',  ( -9.400000213322504905, 3.320000234595096966, 1000.000000000000000 ) ) ;
#1801 = EDGE_CURVE ( 'NONE', #8775, #2917, #2444, .T. ) ;
#1802 = DIRECTION ( 'NONE',  ( 0.000000000000000000, 0.000000000000000000, 1.000000000000000000 ) ) ;
#1803 = CARTESIAN_POINT ( 'NONE',  ( -0.3376952213033496131, -3.749999889520322149, 0.000000000000000000 ) ) ;
#1804 = EDGE_CURVE ( 'NONE', #2217, #1787, #1527, .T. ) ;
#1805 = AXIS2_PLACEMENT_3D ( 'NONE', #2091, #8008, #8061 ) ;
#1806 = ORIENTED_EDGE ( 'NONE', *, *, #7498, .T. ) ;
#1807 = ORIENTED_EDGE ( 'NONE', *, *, #804, .T. ) ;
#1808 = EDGE_CURVE ( 'NONE', #5783, #4004, #8925, .T. ) ;
#1809 = ORIENTED_EDGE ( 'NONE', *, *, #5948, .F. ) ;
#1810 = DIRECTION ( 'NONE',  ( 0.000000000000000000, -1.000000000000000000, 0.000000000000000000 ) ) ;
#1811 = FACE_OUTER_BOUND ( 'NONE', #10374, .T. ) ;
#1812 = EDGE_CURVE ( 'NONE', #8217, #8028, #7733, .T. ) ;
#1813 = VECTOR ( 'NONE', #2333, 1000.000000000000000 ) ;
#1814 = FACE_OUTER_BOUND ( 'NONE', #4766, .T. ) ;
#1815 = FACE_OUTER_BOUND ( 'NONE', #3738, .T. ) ;
#1816 = ORIENTED_EDGE ( 'NONE', *, *, #1690, .T. ) ;
#1817 = PLANE ( 'NONE',  #9066 ) ;
#1818 = CARTESIAN_POINT ( 'NONE',  ( 16.60627811703450973, -0.8559508052926739774, 1000.000000000000000 ) ) ;
#1819 = EDGE_LOOP ( 'NONE', ( #8833, #2317, #11080, #9273 ) ) ;
#1820 = DIRECTION ( 'NONE',  ( -0.000000000000000000, -0.000000000000000000, -1.000000000000000000 ) ) ;
#1821 = ORIENTED_EDGE ( 'NONE', *, *, #10039, .F. ) ;
#1822 = VECTOR ( 'NONE', #7087, 1000.000000000000000 ) ;
#1823 = LINE ( 'NONE', #221, #850 ) ;
#1824 = EDGE_CURVE ( 'NONE', #5822, #10646, #3256, .T. ) ;
#1825 = CARTESIAN_POINT ( 'NONE',  ( 16.04999998218452362, 9.749999694558225016, 0.000000000000000000 ) ) ;
#1826 = AXIS2_PLACEMENT_3D ( 'NONE', #2837, #6390, #1110 ) ;
#1827 = AXIS2_PLACEMENT_3D ( 'NONE', #9633, #6811, #3486 ) ;
#1828 = CARTESIAN_POINT ( 'NONE',  ( 24.70355325957142156, 8.299999081214274099, 1000.000000000000000 ) ) ;
#1829 = DIRECTION ( 'NONE',  ( -0.000000000000000000, -0.000000000000000000, -1.000000000000000000 ) ) ;
#1830 = DIRECTION ( 'NONE',  ( 0.9999999999998616662, 5.260363835888214905E-07, -0.000000000000000000 ) ) ;
#1831 = DIRECTION ( 'NONE',  ( 4.912470560017827756E-08, 0.9999999999999987788, 0.000000000000000000 ) ) ;
#1832 = DIRECTION ( 'NONE',  ( 0.000000000000000000, 0.000000000000000000, 1.000000000000000000 ) ) ;
#1833 = EDGE_CURVE ( 'NONE', #8973, #61, #2039, .T. ) ;
#1834 = EDGE_LOOP ( 'NONE', ( #7778, #7447, #5342, #3005 ) ) ;
#1835 = ORIENTED_EDGE ( 'NONE', *, *, #8001, .F. ) ;
#1836 = CIRCLE ( 'NONE', #10092, 0.7999999999999986011 ) ;
#1837 = VECTOR ( 'NONE', #5241, 1000.000000000000000 ) ;
#1838 = DIRECTION ( 'NONE',  ( -0.000000000000000000, -0.000000000000000000, -1.000000000000000000 ) ) ;
#1839 = VECTOR ( 'NONE', #4804, 1000.000000000000000 ) ;
#1840 = CARTESIAN_POINT ( 'NONE',  ( -5.897056256660560436, -4.907106769605135810, 1000.000000000000000 ) ) ;
#1841 = FACE_OUTER_BOUND ( 'NONE', #2665, .T. ) ;
#1842 = CARTESIAN_POINT ( 'NONE',  ( 10.37569436908790443, -9.999999668599047098, 1000.000000000000000 ) ) ;
#1843 = CARTESIAN_POINT ( 'NONE',  ( -4.585786510794968684, 3.595836956653166272, 0.000000000000000000 ) ) ;
#1844 = AXIS2_PLACEMENT_3D ( 'NONE', #570, #5688, #6543 ) ;
#1845 = VECTOR ( 'NONE', #8703, 999.9999999999998863 ) ;
#1846 = DIRECTION ( 'NONE',  ( 1.000000000000000000, 0.000000000000000000, 0.000000000000000000 ) ) ;
#1847 = ORIENTED_EDGE ( 'NONE', *, *, #4715, .T. ) ;
#1848 = VERTEX_POINT ( 'NONE', #8714 ) ;
#1849 = ORIENTED_EDGE ( 'NONE', *, *, #4896, .T. ) ;
#1850 = ORIENTED_EDGE ( 'NONE', *, *, #5941, .F. ) ;
#1851 = CARTESIAN_POINT ( 'NONE',  ( 0.3376954173967203210, -3.749999877439375240, 1000.000000000000000 ) ) ;
#1852 = CARTESIAN_POINT ( 'NONE',  ( -3.700000112317546108, -9.750000313483109693, 1000.000000000000000 ) ) ;
#1853 = VECTOR ( 'NONE', #7138, 1000.000000000000114 ) ;
#1854 = DIRECTION ( 'NONE',  ( 0.000000000000000000, 0.000000000000000000, 1.000000000000000000 ) ) ;
#1855 = LINE ( 'NONE', #2952, #884 ) ;
#1856 = LINE ( 'NONE', #9958, #5858 ) ;
#1857 = FACE_OUTER_BOUND ( 'NONE', #7225, .T. ) ;
#1858 = ORIENTED_EDGE ( 'NONE', *, *, #10183, .T. ) ;
#1859 = ORIENTED_EDGE ( 'NONE', *, *, #575, .F. ) ;
#1860 = AXIS2_PLACEMENT_3D ( 'NONE', #7660, #6831, #6672 ) ;
#1861 = ORIENTED_EDGE ( 'NONE', *, *, #1867, .F. ) ;
#1862 = CARTESIAN_POINT ( 'NONE',  ( 28.50000102667847557, 8.499998612189891389, 0.000000000000000000 ) ) ;
#1863 = CARTESIAN_POINT ( 'NONE',  ( 24.19644548396533779, -7.999997997896094226, 1000.000000000000000 ) ) ;
#1864 = EDGE_CURVE ( 'NONE', #885, #3048, #838, .T. ) ;
#1865 = EDGE_CURVE ( 'NONE', #7497, #1398, #741, .T. ) ;
#1866 = VECTOR ( 'NONE', #10814, 1000.000000000000000 ) ;
#1867 = EDGE_CURVE ( 'NONE', #133, #2166, #7854, .T. ) ;
#1868 = EDGE_CURVE ( 'NONE', #5347, #8217, #1581, .T. ) ;
#1869 = CARTESIAN_POINT ( 'NONE',  ( 16.04999999732799409, -9.999999892116459677, 1000.000000000000000 ) ) ;
#1870 = DIRECTION ( 'NONE',  ( 0.7071067530590896544, -0.7071068093140042699, 0.000000000000000000 ) ) ;
#1871 = ORIENTED_EDGE ( 'NONE', *, *, #6980, .T. ) ;
#1872 = CARTESIAN_POINT ( 'NONE',  ( -5.897056384537011198, 4.907106993368853587, 1000.000000000000000 ) ) ;
#1873 = CARTESIAN_POINT ( 'NONE',  ( 3.393721882965473835, -0.8559508052926739774, 1000.000000000000000 ) ) ;
#1874 = EDGE_CURVE ( 'NONE', #1500, #10416, #8541, .T. ) ;
#1875 = ORIENTED_EDGE ( 'NONE', *, *, #1236, .F. ) ;
#1876 = DIRECTION ( 'NONE',  ( 1.000000000000000000, 0.000000000000000000, 0.000000000000000000 ) ) ;
#1877 = ORIENTED_EDGE ( 'NONE', *, *, #5214, .F. ) ;
#1878 = AXIS2_PLACEMENT_3D ( 'NONE', #10157, #6532, #11035 ) ;
#1879 = CARTESIAN_POINT ( 'NONE',  ( -1.484924240491726888, 2.616295090390188705, 0.000000000000000000 ) ) ;
#1880 = VECTOR ( 'NONE', #4782, 1000.000000000000000 ) ;
#1881 = CARTESIAN_POINT ( 'NONE',  ( 16.68000022030514984, 9.399999558957663481, 0.000000000000000000 ) ) ;
#1882 = VECTOR ( 'NONE', #5780, 1000.000000000000000 ) ;
#1883 = CARTESIAN_POINT ( 'NONE',  ( -9.400000077721925251, 3.700000235712694430, 1000.000000000000000 ) ) ;
#1884 = CIRCLE ( 'NONE', #5193, 1.500000000000001332 ) ;
#1885 = CARTESIAN_POINT ( 'NONE',  ( 16.40416346849669793, 4.585785587922150519, 0.000000000000000000 ) ) ;
#1886 = EDGE_CURVE ( 'NONE', #4432, #6698, #2775, .T. ) ;
#1887 = LINE ( 'NONE', #8214, #5573 ) ;
#1888 = DIRECTION ( 'NONE',  ( 0.000000000000000000, 0.000000000000000000, 1.000000000000000000 ) ) ;
#1889 = ORIENTED_EDGE ( 'NONE', *, *, #10509, .F. ) ;
#1890 = ADVANCED_FACE ( 'NONE', ( #7682 ), #714, .T. ) ;
#1891 = CARTESIAN_POINT ( 'NONE',  ( 23.31999954204026793, -8.249997561888100961, 1000.000000000000000 ) ) ;
#1892 = ORIENTED_EDGE ( 'NONE', *, *, #8832, .T. ) ;
#1893 = ORIENTED_EDGE ( 'NONE', *, *, #10794, .F. ) ;
#1894 = VECTOR ( 'NONE', #7674, 1000.000000000000000 ) ;
#1895 = DIRECTION ( 'NONE',  ( 1.000000000000000000, 0.000000000000000000, 0.000000000000000000 ) ) ;
#1896 = VECTOR ( 'NONE', #11202, 1000.000000000000000 ) ;
#1897 = DIRECTION ( 'NONE',  ( -0.000000000000000000, -0.000000000000000000, -1.000000000000000000 ) ) ;
#1898 = FACE_OUTER_BOUND ( 'NONE', #7913, .T. ) ;
#1899 = DIRECTION ( 'NONE',  ( -0.000000000000000000, -0.000000000000000000, -1.000000000000000000 ) ) ;
#1900 = DIRECTION ( 'NONE',  ( 1.000000000000000000, 0.000000000000000000, 0.000000000000000000 ) ) ;
#1901 = CARTESIAN_POINT ( 'NONE',  ( 5.199999920073889115, 6.604162886759620932, 1000.000000000000000 ) ) ;
#1902 = AXIS2_PLACEMENT_3D ( 'NONE', #6903, #3581, #8921 ) ;
#1903 = EDGE_LOOP ( 'NONE', ( #3474, #3187 ) ) ;
#1904 = ORIENTED_EDGE ( 'NONE', *, *, #6309, .F. ) ;
#1905 = VERTEX_POINT ( 'NONE', #5089 ) ;
#1906 = ORIENTED_EDGE ( 'NONE', *, *, #2171, .T. ) ;
#1907 = DIRECTION ( 'NONE',  ( -0.000000000000000000, -0.000000000000000000, -1.000000000000000000 ) ) ;
#1908 = CYLINDRICAL_SURFACE ( 'NONE', #2448, 0.2500000885090440939 ) ;
#1909 = VECTOR ( 'NONE', #6351, 1000.000000000000000 ) ;
#1910 = DIRECTION ( 'NONE',  ( -1.000000000000000000, 0.000000000000000000, 0.000000000000000000 ) ) ;
#1911 = LINE ( 'NONE', #10436, #5526 ) ;
#1912 = CARTESIAN_POINT ( 'NONE',  ( 23.70000013644814274, -9.399997494087431349, 1000.000000000000000 ) ) ;
#1913 = CYLINDRICAL_SURFACE ( 'NONE', #10156, 0.2499998100105801924 ) ;
#1914 = VECTOR ( 'NONE', #5768, 1000.000000000000000 ) ;
#1915 = DIRECTION ( 'NONE',  ( 1.000000000000000000, 0.000000000000000000, 0.000000000000000000 ) ) ;
#1916 = VERTEX_POINT ( 'NONE', #4225 ) ;
#1917 = VERTEX_POINT ( 'NONE', #7739 ) ;
#1918 = ORIENTED_EDGE ( 'NONE', *, *, #5773, .T. ) ;
#1919 = DIRECTION ( 'NONE',  ( -0.000000000000000000, -0.000000000000000000, -1.000000000000000000 ) ) ;
#1920 = CARTESIAN_POINT ( 'NONE',  ( 4.526776654127246502, 8.226776422445404080, 1000.000000000000000 ) ) ;
#1921 = LINE ( 'NONE', #4565, #10711 ) ;
#1922 = CIRCLE ( 'NONE', #11296, 0.2500001773238259561 ) ;
#1923 = VERTEX_POINT ( 'NONE', #10379 ) ;
#1924 = LINE ( 'NONE', #10029, #9890 ) ;
#1925 = CARTESIAN_POINT ( 'NONE',  ( 22.39372188296547606, -0.8559508052926739774, 1000.000000000000000 ) ) ;
#1926 = VERTEX_POINT ( 'NONE', #778 ) ;
#1927 = EDGE_CURVE ( 'NONE', #8572, #3531, #11308, .T. ) ;
#1928 = DIRECTION ( 'NONE',  ( 1.000000000000000000, 0.000000000000000000, 0.000000000000000000 ) ) ;
#1929 = DIRECTION ( 'NONE',  ( -0.000000000000000000, -0.000000000000000000, -1.000000000000000000 ) ) ;
#1930 = EDGE_LOOP ( 'NONE', ( #5299, #2053, #781, #2661 ) ) ;
#1931 = VECTOR ( 'NONE', #4707, 1000.000000000000000 ) ;
#1932 = DIRECTION ( 'NONE',  ( 0.000000000000000000, 0.000000000000000000, 1.000000000000000000 ) ) ;
#1933 = ADVANCED_FACE ( 'NONE', ( #6448 ), #2145, .F. ) ;
#1934 = ORIENTED_EDGE ( 'NONE', *, *, #10537, .T. ) ;
#1935 = ADVANCED_FACE ( 'NONE', ( #8181 ), #195, .T. ) ;
#1936 = APPLICATION_CONTEXT ( 'automotive_design' ) ;
#1937 = EDGE_CURVE ( 'NONE', #9130, #333, #10068, .T. ) ;
#1938 = DIRECTION ( 'NONE',  ( -1.000000000000000000, 0.000000000000000000, 0.000000000000000000 ) ) ;
#1939 = ORIENTED_EDGE ( 'NONE', *, *, #3856, .F. ) ;
#1940 = AXIS2_PLACEMENT_3D ( 'NONE', #3545, #2687, #8834 ) ;
#1941 = DIRECTION ( 'NONE',  ( -0.7808689439004792288, 0.6246948794825759599, -0.000000000000000000 ) ) ;
#1942 = CARTESIAN_POINT ( 'NONE',  ( 25.19999940546320616, -6.604160702481292944, 1000.000000000000000 ) ) ;
#1943 = ORIENTED_EDGE ( 'NONE', *, *, #1656, .F. ) ;
#1944 = EDGE_CURVE ( 'NONE', #20, #3701, #8468, .T. ) ;
#1945 = CARTESIAN_POINT ( 'NONE',  ( -3.749999978444454207, -0.3376952940015581772, 1000.000000000000000 ) ) ;
#1946 = DIRECTION ( 'NONE',  ( -0.000000000000000000, -0.000000000000000000, -1.000000000000000000 ) ) ;
#1947 = EDGE_LOOP ( 'NONE', ( #9213, #6190, #3368, #9376 ) ) ;
#1948 = CARTESIAN_POINT ( 'NONE',  ( -8.500000573694704187, -9.999999888241253743, 1000.000000000000000 ) ) ;
#1949 = EDGE_CURVE ( 'NONE', #1011, #9101, #573, .T. ) ;
#1950 = VERTEX_POINT ( 'NONE', #4670 ) ;
#1951 = VECTOR ( 'NONE', #7866, 1000.000000000000114 ) ;
#1952 = ORIENTED_EDGE ( 'NONE', *, *, #4079, .T. ) ;
#1953 = CARTESIAN_POINT ( 'NONE',  ( 28.04999787550034540, 5.200002606438132169, 0.000000000000000000 ) ) ;
#1954 = EDGE_CURVE ( 'NONE', #3669, #6353, #9896, .T. ) ;
#1955 = DIRECTION ( 'NONE',  ( -0.7071067691300000346, -0.7071067932430947778, -0.000000000000000000 ) ) ;
#1956 = DIRECTION ( 'NONE',  ( 1.000000000000000000, 0.000000000000000000, 0.000000000000000000 ) ) ;
#1957 = AXIS2_PLACEMENT_3D ( 'NONE', #2729, #7038, #6228 ) ;
#1958 = CARTESIAN_POINT ( 'NONE',  ( 5.200000113886882325, -6.604162861958459807, 0.000000000000000000 ) ) ;
#1959 = DIRECTION ( 'NONE',  ( 1.000000000000000000, 0.000000000000000000, 0.000000000000000000 ) ) ;
#1960 = DIRECTION ( 'NONE',  ( -0.000000000000000000, -0.000000000000000000, -1.000000000000000000 ) ) ;
#1961 = ORIENTED_EDGE ( 'NONE', *, *, #1308, .F. ) ;
#1962 = ORIENTED_EDGE ( 'NONE', *, *, #2229, .T. ) ;
#1963 = EDGE_LOOP ( 'NONE', ( #7676, #6216, #704, #9860 ) ) ;
#1964 = ORIENTED_EDGE ( 'NONE', *, *, #9237, .F. ) ;
#1965 = DIRECTION ( 'NONE',  ( -1.000000000000000000, 0.000000000000000000, 0.000000000000000000 ) ) ;
#1966 = LINE ( 'NONE', #8121, #614 ) ;
#1967 = EDGE_CURVE ( 'NONE', #2946, #11171, #10010, .T. ) ;
#1968 = CARTESIAN_POINT ( 'NONE',  ( 16.67999963388842843, -8.249999338686601291, 1000.000000000000000 ) ) ;
#1969 = CARTESIAN_POINT ( 'NONE',  ( 23.94999930645384723, -9.749997629687992884, 1000.000000000000000 ) ) ;
#1970 = FACE_OUTER_BOUND ( 'NONE', #169, .T. ) ;
#1971 = DIRECTION ( 'NONE',  ( -1.000000000000000000, 0.000000000000000000, 0.000000000000000000 ) ) ;
#1972 = CARTESIAN_POINT ( 'NONE',  ( 23.06999959806864453, -8.249997517184610274, 1000.000000000000000 ) ) ;
#1973 = EDGE_LOOP ( 'NONE', ( #76, #591, #7887, #5723 ) ) ;
#1974 = ORIENTED_EDGE ( 'NONE', *, *, #7938, .F. ) ;
#1975 = ORIENTED_EDGE ( 'NONE', *, *, #2085, .T. ) ;
#1976 = AXIS2_PLACEMENT_3D ( 'NONE', #7635, #4987, #1640 ) ;
#1977 = ORIENTED_EDGE ( 'NONE', *, *, #2082, .T. ) ;
#1978 = LINE ( 'NONE', #6398, #3610 ) ;
#1979 = FACE_OUTER_BOUND ( 'NONE', #9646, .T. ) ;
#1980 = DIRECTION ( 'NONE',  ( -0.000000000000000000, -0.000000000000000000, -1.000000000000000000 ) ) ;
#1981 = ORIENTED_EDGE ( 'NONE', *, *, #11085, .F. ) ;
#1982 = VECTOR ( 'NONE', #1275, 1000.000000000000227 ) ;
#1983 = CYLINDRICAL_SURFACE ( 'NONE', #4567, 0.2499996647239086101 ) ;
#1984 = CYLINDRICAL_SURFACE ( 'NONE', #6827, 0.9999999999999978906 ) ;
#1985 = ORIENTED_EDGE ( 'NONE', *, *, #478, .F. ) ;
#1986 = DIRECTION ( 'NONE',  ( 1.000000000000000000, 0.000000000000000000, 0.000000000000000000 ) ) ;
#1987 = DIRECTION ( 'NONE',  ( -1.000000000000000000, 0.000000000000000000, 0.000000000000000000 ) ) ;
#1988 = ORIENTED_EDGE ( 'NONE', *, *, #7719, .T. ) ;
#1989 = DIRECTION ( 'NONE',  ( -0.9999999999998616662, -5.260373377776792053E-07, 0.000000000000000000 ) ) ;
#1990 = ORIENTED_EDGE ( 'NONE', *, *, #3478, .T. ) ;
#1991 = ORIENTED_EDGE ( 'NONE', *, *, #10018, .F. ) ;
#1992 = CARTESIAN_POINT ( 'NONE',  ( 17.94939033455898780, 2.050609665440974894, 1000.000000000000000 ) ) ;
#1993 = AXIS2_PLACEMENT_3D ( 'NONE', #3568, #5464, #9883 ) ;
#1994 = CARTESIAN_POINT ( 'NONE',  ( 29.09999999999997300, -7.600000000000009415, 1000.000000000000000 ) ) ;
#1995 = CARTESIAN_POINT ( 'NONE',  ( 25.20000032951426405, 6.604162250497244813, 1000.000000000000000 ) ) ;
#1996 = EDGE_CURVE ( 'NONE', #1481, #5811, #6804, .T. ) ;
#1997 = CIRCLE ( 'NONE', #2188, 0.2499998882413267398 ) ;
#1998 = DIRECTION ( 'NONE',  ( 1.000000000000000000, 0.000000000000000000, 0.000000000000000000 ) ) ;
#1999 = DIRECTION ( 'NONE',  ( 1.000000000000000000, 0.000000000000000000, 0.000000000000000000 ) ) ;
#2000 = PLANE ( 'NONE',  #6791 ) ;
#2001 = ORIENTED_EDGE ( 'NONE', *, *, #9585, .F. ) ;
#2002 = ADVANCED_FACE ( 'NONE', ( #7196 ), #5705, .F. ) ;
#2003 = LINE ( 'NONE', #5402, #1931 ) ;
#2004 = ORIENTED_EDGE ( 'NONE', *, *, #9243, .F. ) ;
#2005 = ORIENTED_EDGE ( 'NONE', *, *, #5046, .F. ) ;
#2006 = DIRECTION ( 'NONE',  ( 0.000000000000000000, 0.000000000000000000, 1.000000000000000000 ) ) ;
#2007 = VECTOR ( 'NONE', #7773, 1000.000000000000000 ) ;
#2008 = EDGE_CURVE ( 'NONE', #10536, #4801, #5351, .T. ) ;
#2009 = CIRCLE ( 'NONE', #1086, 1.999999905005103606 ) ;
#2010 = EDGE_CURVE ( 'NONE', #2058, #6689, #2969, .T. ) ;
#2011 = CARTESIAN_POINT ( 'NONE',  ( -8.049999974682753745, 4.703553494566054205, 1000.000000000000000 ) ) ;
#2012 = CARTESIAN_POINT ( 'NONE',  ( 16.00000025197457987, -2.761522904833349390, 0.000000000000000000 ) ) ;
#2013 = EDGE_CURVE ( 'NONE', #6225, #7482, #4982, .T. ) ;
#2014 = DIRECTION ( 'NONE',  ( -0.8320502412227640532, 0.5547002758978403225, 0.000000000000000000 ) ) ;
#2015 = EDGE_CURVE ( 'NONE', #1590, #7080, #7177, .T. ) ;
#2016 = CARTESIAN_POINT ( 'NONE',  ( -9.149999820441054865, -3.320000110641208035, 0.000000000000000000 ) ) ;
#2017 = DIRECTION ( 'NONE',  ( 1.000000000000000000, 0.000000000000000000, 0.000000000000000000 ) ) ;
#2018 = AXIS2_PLACEMENT_3D ( 'NONE', #301, #3680, #1153 ) ;
#2019 = VERTEX_POINT ( 'NONE', #6334 ) ;
#2020 = VERTEX_POINT ( 'NONE', #4614 ) ;
#2021 = EDGE_CURVE ( 'NONE', #328, #1346, #3759, .T. ) ;
#2022 = AXIS2_PLACEMENT_3D ( 'NONE', #6585, #3954, #9228 ) ;
#2023 = VECTOR ( 'NONE', #831, 1000.000000000000000 ) ;
#2024 = EDGE_LOOP ( 'NONE', ( #2088, #4083, #7076, #3938 ) ) ;
#2025 = DIRECTION ( 'NONE',  ( 0.000000000000000000, 0.000000000000000000, 1.000000000000000000 ) ) ;
#2026 = PLANE ( 'NONE',  #5575 ) ;
#2027 = AXIS2_PLACEMENT_3D ( 'NONE', #2401, #5230, #2462 ) ;
#2028 = DIRECTION ( 'NONE',  ( -0.7071068251285875794, -0.7071067372445047905, -0.000000000000000000 ) ) ;
#2029 = AXIS2_PLACEMENT_3D ( 'NONE', #10173, #1486, #8388 ) ;
#2030 = DIRECTION ( 'NONE',  ( 1.000000000000000000, 0.000000000000000000, 0.000000000000000000 ) ) ;
#2031 = AXIS2_PLACEMENT_3D ( 'NONE', #6650, #5679, #3962 ) ;
#2032 = DIRECTION ( 'NONE',  ( 3.439947106367258874E-08, -0.9999999999999994449, -0.000000000000000000 ) ) ;
#2033 = CARTESIAN_POINT ( 'NONE',  ( 15.04999950016403609, -8.049998828092791214, 1000.000000000000000 ) ) ;
#2034 = DIRECTION ( 'NONE',  ( -0.000000000000000000, -0.000000000000000000, -1.000000000000000000 ) ) ;
#2035 = VERTEX_POINT ( 'NONE', #5646 ) ;
#2036 = ADVANCED_FACE ( 'NONE', ( #7257 ), #8293, .F. ) ;
#2037 = VERTEX_POINT ( 'NONE', #4724 ) ;
#2038 = ORIENTED_EDGE ( 'NONE', *, *, #3301, .T. ) ;
#2039 = CIRCLE ( 'NONE', #1665, 0.2500001399215676101 ) ;
#2040 = DIRECTION ( 'NONE',  ( -1.245074968886553162E-07, -0.9999999999999922284, 0.000000000000000000 ) ) ;
#2041 = AXIS2_PLACEMENT_3D ( 'NONE', #8407, #8518, #10853 ) ;
#2042 = LINE ( 'NONE', #8138, #8993 ) ;
#2043 = DIRECTION ( 'NONE',  ( 1.473741064913210316E-07, 0.9999999999999891198, -0.000000000000000000 ) ) ;
#2044 = DIRECTION ( 'NONE',  ( 1.000000000000000000, 0.000000000000000000, 0.000000000000000000 ) ) ;
#2045 = ORIENTED_EDGE ( 'NONE', *, *, #5239, .F. ) ;
#2046 = EDGE_CURVE ( 'NONE', #10860, #2020, #8238, .T. ) ;
#2047 = DIRECTION ( 'NONE',  ( -0.9999999999999060751, 4.335455959642004967E-07, 0.000000000000000000 ) ) ;
#2048 = VECTOR ( 'NONE', #3012, 1000.000000000000000 ) ;
#2049 = DIRECTION ( 'NONE',  ( 1.000000000000000000, 0.000000000000000000, 0.000000000000000000 ) ) ;
#2050 = ORIENTED_EDGE ( 'NONE', *, *, #1937, .T. ) ;
#2051 = FACE_OUTER_BOUND ( 'NONE', #2624, .T. ) ;
#2052 = VERTEX_POINT ( 'NONE', #7437 ) ;
#2053 = ORIENTED_EDGE ( 'NONE', *, *, #7764, .F. ) ;
#2054 = DIRECTION ( 'NONE',  ( 0.000000000000000000, 0.000000000000000000, 1.000000000000000000 ) ) ;
#2055 = CIRCLE ( 'NONE', #4252, 0.7999999999999960476 ) ;
#2056 = CARTESIAN_POINT ( 'NONE',  ( 18.51507575950825668, -2.616295090390189593, 1000.000000000000000 ) ) ;
#2057 = DIRECTION ( 'NONE',  ( -1.000000000000000000, 0.000000000000000000, 0.000000000000000000 ) ) ;
#2058 = VERTEX_POINT ( 'NONE', #2361 ) ;
#2059 = LINE ( 'NONE', #10161, #1054 ) ;
#2060 = CYLINDRICAL_SURFACE ( 'NONE', #5934, 0.2500001399215676101 ) ;
#2061 = CARTESIAN_POINT ( 'NONE',  ( 29.39999964228799456, -3.319998076164176748, 1000.000000000000000 ) ) ;
#2062 = CARTESIAN_POINT ( 'NONE',  ( -8.073223496192355242, -4.373223302086836739, 1000.000000000000000 ) ) ;
#2063 = EDGE_LOOP ( 'NONE', ( #4475, #7619, #7426, #6161 ) ) ;
#2064 = VECTOR ( 'NONE', #1702, 1000.000000000000000 ) ;
#2065 = FACE_OUTER_BOUND ( 'NONE', #10562, .T. ) ;
#2066 = CIRCLE ( 'NONE', #8487, 0.6000000901520956553 ) ;
#2067 = ORIENTED_EDGE ( 'NONE', *, *, #6290, .T. ) ;
#2068 = ORIENTED_EDGE ( 'NONE', *, *, #7215, .F. ) ;
#2069 = LINE ( 'NONE', #5406, #10330 ) ;
#2070 = AXIS2_PLACEMENT_3D ( 'NONE', #10845, #2910, #10671 ) ;
#2071 = AXIS2_PLACEMENT_3D ( 'NONE', #918, #1607, #2527 ) ;
#2072 = CIRCLE ( 'NONE', #8317, 1.000000000000007772 ) ;
#2073 = DIRECTION ( 'NONE',  ( -0.000000000000000000, -0.000000000000000000, -1.000000000000000000 ) ) ;
#2074 = DIRECTION ( 'NONE',  ( -0.000000000000000000, -0.000000000000000000, -1.000000000000000000 ) ) ;
#2075 = DIRECTION ( 'NONE',  ( -9.175977932928840339E-07, 0.9999999999995788924, 0.000000000000000000 ) ) ;
#2076 = FACE_OUTER_BOUND ( 'NONE', #2253, .T. ) ;
#2077 = DIRECTION ( 'NONE',  ( 1.000000000000000000, 0.000000000000000000, 0.000000000000000000 ) ) ;
#2078 = EDGE_CURVE ( 'NONE', #9846, #11064, #7607, .T. ) ;
#2079 = VERTEX_POINT ( 'NONE', #8403 ) ;
#2080 = EDGE_LOOP ( 'NONE', ( #7795, #1038, #9431, #8430 ) ) ;
#2081 = AXIS2_PLACEMENT_3D ( 'NONE', #3066, #679, #9210 ) ;
#2082 = EDGE_CURVE ( 'NONE', #10387, #5485, #4846, .T. ) ;
#2083 = AXIS2_PLACEMENT_3D ( 'NONE', #6573, #2105, #5492 ) ;
#2084 = VERTEX_POINT ( 'NONE', #527 ) ;
#2085 = EDGE_CURVE ( 'NONE', #2365, #7428, #6618, .T. ) ;
#2086 = DIRECTION ( 'NONE',  ( -0.000000000000000000, -0.000000000000000000, -1.000000000000000000 ) ) ;
#2087 = EDGE_CURVE ( 'NONE', #8276, #9435, #1338, .T. ) ;
#2088 = ORIENTED_EDGE ( 'NONE', *, *, #3177, .T. ) ;
#2089 = DIRECTION ( 'NONE',  ( -3.568429372102481070E-07, -0.9999999999999363842, 0.000000000000000000 ) ) ;
#2090 = CIRCLE ( 'NONE', #4289, 0.2499999321997270207 ) ;
#2091 = CARTESIAN_POINT ( 'NONE',  ( 24.19644615144748911, -8.249997807905835145, 1000.000000000000000 ) ) ;
#2092 = DIRECTION ( 'NONE',  ( 0.000000000000000000, 0.000000000000000000, 1.000000000000000000 ) ) ;
#2093 = VECTOR ( 'NONE', #7135, 1000.000000000000000 ) ;
#2094 = DIRECTION ( 'NONE',  ( 1.000000000000000000, 0.000000000000000000, 0.000000000000000000 ) ) ;
#2095 = CARTESIAN_POINT ( 'NONE',  ( 23.32000042154285069, 8.249999139095187672, 1000.000000000000000 ) ) ;
#2096 = PLANE ( 'NONE',  #6378 ) ;
#2097 = ORIENTED_EDGE ( 'NONE', *, *, #10799, .F. ) ;
#2098 = EDGE_LOOP ( 'NONE', ( #9889, #2599, #6340, #5929 ) ) ;
#2099 = ORIENTED_EDGE ( 'NONE', *, *, #1161, .T. ) ;
#2100 = ORIENTED_EDGE ( 'NONE', *, *, #2573, .T. ) ;
#2101 = VECTOR ( 'NONE', #4401, 1000.000000000000000 ) ;
#2102 = ORIENTED_EDGE ( 'NONE', *, *, #4954, .T. ) ;
#2103 = CARTESIAN_POINT ( 'NONE',  ( 23.06999959806864453, -8.249997517184610274, 0.000000000000000000 ) ) ;
#2104 = CARTESIAN_POINT ( 'NONE',  ( 17.57591294073894517, -0.6113934323519324421, 0.000000000000000000 ) ) ;
#2105 = DIRECTION ( 'NONE',  ( -1.000000000000000000, 0.000000000000000000, 0.000000000000000000 ) ) ;
#2106 = ORIENTED_EDGE ( 'NONE', *, *, #7068, .T. ) ;
#2107 = EDGE_CURVE ( 'NONE', #6538, #9220, #2259, .T. ) ;
#2108 = EDGE_CURVE ( 'NONE', #4905, #1131, #2412, .T. ) ;
#2109 = VECTOR ( 'NONE', #2150, 1000.000000000000000 ) ;
#2110 = CYLINDRICAL_SURFACE ( 'NONE', #6031, 1.499999999999987566 ) ;
#2111 = FACE_OUTER_BOUND ( 'NONE', #10414, .T. ) ;
#2112 = ORIENTED_EDGE ( 'NONE', *, *, #9163, .T. ) ;
#2113 = DIRECTION ( 'NONE',  ( 0.9999999999999987788, -4.912470597355950631E-08, 0.000000000000000000 ) ) ;
#2114 = VERTEX_POINT ( 'NONE', #8459 ) ;
#2115 = ORIENTED_EDGE ( 'NONE', *, *, #10452, .T. ) ;
#2116 = FACE_OUTER_BOUND ( 'NONE', #8848, .T. ) ;
#2117 = ADVANCED_FACE ( 'NONE', ( #4142 ), #1393, .F. ) ;
#2118 = EDGE_CURVE ( 'NONE', #4939, #2058, #7710, .T. ) ;
#2119 = CYLINDRICAL_SURFACE ( 'NONE', #9196, 2.499999999999977796 ) ;
#2120 = CIRCLE ( 'NONE', #9450, 0.2499998100102046317 ) ;
#2121 = CARTESIAN_POINT ( 'NONE',  ( -4.196446577332036298, -7.999999969042728587, 0.000000000000000000 ) ) ;
#2122 = ORIENTED_EDGE ( 'NONE', *, *, #3268, .F. ) ;
#2123 = DIRECTION ( 'NONE',  ( -0.000000000000000000, -0.000000000000000000, -1.000000000000000000 ) ) ;
#2124 = LINE ( 'NONE', #8900, #10718 ) ;
#2125 = DIRECTION ( 'NONE',  ( 1.000000000000000000, 0.000000000000000000, 0.000000000000000000 ) ) ;
#2126 = EDGE_LOOP ( 'NONE', ( #9358, #1001, #9128, #11147 ) ) ;
#2127 = CARTESIAN_POINT ( 'NONE',  ( 20.00000000000000355, 0.000000000000000000, 0.000000000000000000 ) ) ;
#2128 = EDGE_LOOP ( 'NONE', ( #1008, #10975, #6900, #4791 ) ) ;
#2129 = EDGE_LOOP ( 'NONE', ( #7034, #375, #3894, #9833 ) ) ;
#2130 = AXIS2_PLACEMENT_3D ( 'NONE', #5309, #3414, #4382 ) ;
#2131 = CARTESIAN_POINT ( 'NONE',  ( 20.00000000000000355, 0.000000000000000000, 1000.000000000000000 ) ) ;
#2132 = CARTESIAN_POINT ( 'NONE',  ( 9.624306213962194434, -9.999999898994914815, 1000.000000000000000 ) ) ;
#2133 = CARTESIAN_POINT ( 'NONE',  ( -8.249999820441056286, -3.320000131726341674, 1000.000000000000000 ) ) ;
#2134 = DIRECTION ( 'NONE',  ( -0.000000000000000000, 1.000000000000000000, -0.000000000000000000 ) ) ;
#2135 = VECTOR ( 'NONE', #7750, 1000.000000000000000 ) ;
#2136 = CARTESIAN_POINT ( 'NONE',  ( -4.907106869973677732, -5.897056283531931342, 1000.000000000000000 ) ) ;
#2137 = VERTEX_POINT ( 'NONE', #6774 ) ;
#2138 = ORIENTED_EDGE ( 'NONE', *, *, #2869, .T. ) ;
#2139 = ORIENTED_EDGE ( 'NONE', *, *, #7078, .T. ) ;
#2140 = EDGE_LOOP ( 'NONE', ( #1248, #5857, #3354, #11096 ) ) ;
#2141 = DIRECTION ( 'NONE',  ( -1.000000000000000000, -0.000000000000000000, -0.000000000000000000 ) ) ;
#2142 = DIRECTION ( 'NONE',  ( -0.9999999999999946709, -1.030354193407589000E-07, 0.000000000000000000 ) ) ;
#2143 = VECTOR ( 'NONE', #7146, 1000.000000000000000 ) ;
#2144 = DIRECTION ( 'NONE',  ( -0.7071062425244073468, 0.7071073198482772382, 0.000000000000000000 ) ) ;
#2145 = CYLINDRICAL_SURFACE ( 'NONE', #6446, 2.000000057619885308 ) ;
#2146 = LINE ( 'NONE', #5647, #2007 ) ;
#2147 = EDGE_CURVE ( 'NONE', #7047, #2843, #407, .T. ) ;
#2148 = PLANE ( 'NONE',  #2081 ) ;
#2149 = EDGE_CURVE ( 'NONE', #8524, #5713, #11223, .T. ) ;
#2150 = DIRECTION ( 'NONE',  ( -0.000000000000000000, -0.000000000000000000, -1.000000000000000000 ) ) ;
#2151 = ORIENTED_EDGE ( 'NONE', *, *, #6284, .F. ) ;
#2152 = ADVANCED_FACE ( 'NONE', ( #4089 ), #3344, .F. ) ;
#2153 = ORIENTED_EDGE ( 'NONE', *, *, #7738, .T. ) ;
#2154 = ORIENTED_EDGE ( 'NONE', *, *, #3209, .F. ) ;
#2155 = ORIENTED_EDGE ( 'NONE', *, *, #3552, .F. ) ;
#2156 = ORIENTED_EDGE ( 'NONE', *, *, #9369, .T. ) ;
#2157 = CARTESIAN_POINT ( 'NONE',  ( 4.949999912995925122, 8.049999830725379724, 1000.000000000000000 ) ) ;
#2158 = CARTESIAN_POINT ( 'NONE',  ( 23.06999959806864453, -8.249997517184610274, 1000.000000000000000 ) ) ;
#2159 = CARTESIAN_POINT ( 'NONE',  ( 28.07322141253985137, 4.373225564130565068, 0.000000000000000000 ) ) ;
#2160 = VERTEX_POINT ( 'NONE', #10292 ) ;
#2161 = EDGE_CURVE ( 'NONE', #9141, #3524, #3693, .T. ) ;
#2162 = ADVANCED_FACE ( 'NONE', ( #11166 ), #8351, .F. ) ;
#2163 = CARTESIAN_POINT ( 'NONE',  ( -2.424087059261058386, -0.6113934323519324421, 1000.000000000000000 ) ) ;
#2164 = DIRECTION ( 'NONE',  ( -0.000000000000000000, -0.000000000000000000, -1.000000000000000000 ) ) ;
#2165 = EDGE_CURVE ( 'NONE', #1229, #3247, #2471, .T. ) ;
#2166 = VERTEX_POINT ( 'NONE', #11114 ) ;
#2167 = AXIS2_PLACEMENT_3D ( 'NONE', #1417, #10920, #6648 ) ;
#2168 = LINE ( 'NONE', #6523, #3866 ) ;
#2169 = VERTEX_POINT ( 'NONE', #5817 ) ;
#2170 = ORIENTED_EDGE ( 'NONE', *, *, #7921, .F. ) ;
#2171 = EDGE_CURVE ( 'NONE', #10006, #5023, #3236, .T. ) ;
#2172 = CARTESIAN_POINT ( 'NONE',  ( -8.049999986817789832, -4.950000055311750913, 1000.000000000000000 ) ) ;
#2173 = VECTOR ( 'NONE', #2028, 1000.000000000000000 ) ;
#2174 = DIRECTION ( 'NONE',  ( -4.335459827457629031E-07, -0.9999999999999060751, 0.000000000000000000 ) ) ;
#2175 = CARTESIAN_POINT ( 'NONE',  ( 16.92999944389873690, -8.249999338686601291, 1000.000000000000000 ) ) ;
#2176 = ORIENTED_EDGE ( 'NONE', *, *, #66, .T. ) ;
#2177 = DIRECTION ( 'NONE',  ( 0.000000000000000000, 0.000000000000000000, 1.000000000000000000 ) ) ;
#2178 = CARTESIAN_POINT ( 'NONE',  ( 26.60416093153460082, 4.200002599360153077, 1000.000000000000000 ) ) ;
#2179 = CARTESIAN_POINT ( 'NONE',  ( 28.29999769817652222, 4.703555819707591290, 1000.000000000000000 ) ) ;
#2180 = ORIENTED_EDGE ( 'NONE', *, *, #9178, .F. ) ;
#2181 = DIRECTION ( 'NONE',  ( 0.6246943452190085733, -0.7808693713108449952, 0.000000000000000000 ) ) ;
#2182 = ORIENTED_EDGE ( 'NONE', *, *, #7383, .F. ) ;
#2183 = VECTOR ( 'NONE', #3678, 1000.000000000000000 ) ;
#2184 = EDGE_CURVE ( 'NONE', #6479, #2052, #4199, .T. ) ;
#2185 = VERTEX_POINT ( 'NONE', #5009 ) ;
#2186 = CARTESIAN_POINT ( 'NONE',  ( 4.950000178706927656, -8.049999885812717082, 0.000000000000000000 ) ) ;
#2187 = DIRECTION ( 'NONE',  ( 4.335455959642004438E-07, 0.9999999999999059641, -0.000000000000000000 ) ) ;
#2188 = AXIS2_PLACEMENT_3D ( 'NONE', #3363, #10545, #3527 ) ;
#2189 = DIRECTION ( 'NONE',  ( 1.000000000000000000, 0.000000000000000000, 0.000000000000000000 ) ) ;
#2190 = EDGE_CURVE ( 'NONE', #2843, #5300, #7737, .T. ) ;
#2191 = CARTESIAN_POINT ( 'NONE',  ( 24.58578566581877567, -3.595834345731796500, 1000.000000000000000 ) ) ;
#2192 = DIRECTION ( 'NONE',  ( -0.000000000000000000, -0.000000000000000000, -1.000000000000000000 ) ) ;
#2193 = EDGE_LOOP ( 'NONE', ( #5087, #3734, #3927, #2871 ) ) ;
#2194 = ORIENTED_EDGE ( 'NONE', *, *, #1996, .T. ) ;
#2195 = ORIENTED_EDGE ( 'NONE', *, *, #5334, .T. ) ;
#2196 = VECTOR ( 'NONE', #10129, 1000.000000000000000 ) ;
#2197 = ORIENTED_EDGE ( 'NONE', *, *, #7421, .T. ) ;
#2198 = CARTESIAN_POINT ( 'NONE',  ( 7.000000457936243592, 8.600000106333938632, 1000.000000000000000 ) ) ;
#2199 = CARTESIAN_POINT ( 'NONE',  ( 19.66230419008983787, 3.999999433851542108, 1000.000000000000000 ) ) ;
#2200 = DIRECTION ( 'NONE',  ( -0.000000000000000000, -0.000000000000000000, -1.000000000000000000 ) ) ;
#2201 = CARTESIAN_POINT ( 'NONE',  ( -2.424087059261061050, 0.6113934323519203407, 1000.000000000000000 ) ) ;
#2202 = DIRECTION ( 'NONE',  ( 1.000000000000000000, 0.000000000000000000, 0.000000000000000000 ) ) ;
#2203 = CARTESIAN_POINT ( 'NONE',  ( 28.49999930645356727, -8.499998076722386386, 1000.000000000000000 ) ) ;
#2204 = AXIS2_PLACEMENT_3D ( 'NONE', #4564, #2730, #9737 ) ;
#2205 = DIRECTION ( 'NONE',  ( -1.000000000000000000, 0.000000000000000000, 0.000000000000000000 ) ) ;
#2206 = DIRECTION ( 'NONE',  ( 1.000000000000000000, 0.000000000000000000, 0.000000000000000000 ) ) ;
#2207 = EDGE_LOOP ( 'NONE', ( #8466, #3737, #9670, #1934 ) ) ;
#2208 = VERTEX_POINT ( 'NONE', #8855 ) ;
#2209 = ORIENTED_EDGE ( 'NONE', *, *, #6149, .F. ) ;
#2210 = ORIENTED_EDGE ( 'NONE', *, *, #10523, .F. ) ;
#2211 = ORIENTED_EDGE ( 'NONE', *, *, #7792, .F. ) ;
#2212 = DIRECTION ( 'NONE',  ( 0.000000000000000000, 0.000000000000000000, 1.000000000000000000 ) ) ;
#2213 = DIRECTION ( 'NONE',  ( -0.000000000000000000, -0.000000000000000000, -1.000000000000000000 ) ) ;
#2214 = CIRCLE ( 'NONE', #6775, 0.2499999322000956425 ) ;
#2215 = DIRECTION ( 'NONE',  ( -0.000000000000000000, -0.000000000000000000, -1.000000000000000000 ) ) ;
#2216 = VECTOR ( 'NONE', #1897, 1000.000000000000000 ) ;
#2217 = VERTEX_POINT ( 'NONE', #6893 ) ;
#2218 = EDGE_CURVE ( 'NONE', #2858, #7004, #7121, .T. ) ;
#2219 = CYLINDRICAL_SURFACE ( 'NONE', #6219, 0.9999999999999947820 ) ;
#2220 = DIRECTION ( 'NONE',  ( 1.000000000000000000, 0.000000000000000000, 0.000000000000000000 ) ) ;
#2221 = CARTESIAN_POINT ( 'NONE',  ( -8.249999775737565599, -3.070000178441487204, 1000.000000000000000 ) ) ;
#2222 = ORIENTED_EDGE ( 'NONE', *, *, #8960, .F. ) ;
#2223 = AXIS2_PLACEMENT_3D ( 'NONE', #8094, #224, #10740 ) ;
#2224 = VECTOR ( 'NONE', #3632, 1000.000000000000000 ) ;
#2225 = ADVANCED_FACE ( 'NONE', ( #1733 ), #7071, .T. ) ;
#2226 = VERTEX_POINT ( 'NONE', #5243 ) ;
#2227 = ORIENTED_EDGE ( 'NONE', *, *, #6493, .F. ) ;
#2228 = CARTESIAN_POINT ( 'NONE',  ( 23.32000003690838597, -9.399997494087431349, 0.000000000000000000 ) ) ;
#2229 = EDGE_CURVE ( 'NONE', #6328, #7679, #6202, .T. ) ;
#2230 = ADVANCED_FACE ( 'NONE', ( #10409 ), #3453, .F. ) ;
#2231 = ADVANCED_FACE ( 'NONE', ( #124 ), #4427, .T. ) ;
#2232 = VECTOR ( 'NONE', #11061, 1000.000000000000000 ) ;
#2233 = DIRECTION ( 'NONE',  ( -0.000000000000000000, -0.000000000000000000, -1.000000000000000000 ) ) ;
#2234 = ADVANCED_FACE ( 'NONE', ( #2705 ), #10469, .F. ) ;
#2235 = LINE ( 'NONE', #10211, #4630 ) ;
#2236 = ORIENTED_EDGE ( 'NONE', *, *, #5937, .T. ) ;
#2237 = PLANE ( 'NONE',  #4363 ) ;
#2238 = DIRECTION ( 'NONE',  ( 0.000000000000000000, 0.000000000000000000, 1.000000000000000000 ) ) ;
#2239 = DIRECTION ( 'NONE',  ( -0.000000000000000000, -0.000000000000000000, -1.000000000000000000 ) ) ;
#2240 = CARTESIAN_POINT ( 'NONE',  ( 15.62677706052485327, 8.073222827534763724, 1000.000000000000000 ) ) ;
#2241 = ORIENTED_EDGE ( 'NONE', *, *, #10680, .F. ) ;
#2242 = CIRCLE ( 'NONE', #3519, 1.000000000000000888 ) ;
#2243 = CARTESIAN_POINT ( 'NONE',  ( 15.29644610957089235, -8.049998761037832296, 1000.000000000000000 ) ) ;
#2244 = CARTESIAN_POINT ( 'NONE',  ( 6.399999902125558471, -8.000000353551500964, 1000.000000000000000 ) ) ;
#2245 = ADVANCED_FACE ( 'NONE', ( #1673 ), #4315, .F. ) ;
#2246 = EDGE_CURVE ( 'NONE', #11245, #10833, #6035, .T. ) ;
#2247 = DIRECTION ( 'NONE',  ( 1.000000000000000000, 0.000000000000000000, 0.000000000000000000 ) ) ;
#2248 = CARTESIAN_POINT ( 'NONE',  ( 3.700000044735841875, 9.750000212788878073, 0.000000000000000000 ) ) ;
#2249 = FACE_OUTER_BOUND ( 'NONE', #29, .T. ) ;
#2250 = ORIENTED_EDGE ( 'NONE', *, *, #2948, .F. ) ;
#2251 = ORIENTED_EDGE ( 'NONE', *, *, #7781, .F. ) ;
#2252 = CIRCLE ( 'NONE', #47, 0.7999999999999847233 ) ;
#2253 = EDGE_LOOP ( 'NONE', ( #2710, #278, #9145, #6678 ) ) ;
#2254 = DIRECTION ( 'NONE',  ( -1.245074322413440884E-07, -0.9999999999999922284, -0.000000000000000000 ) ) ;
#2255 = CIRCLE ( 'NONE', #7400, 0.2499999351801736325 ) ;
#2256 = DIRECTION ( 'NONE',  ( 0.000000000000000000, 0.000000000000000000, 1.000000000000000000 ) ) ;
#2257 = LINE ( 'NONE', #3982, #4179 ) ;
#2258 = DIRECTION ( 'NONE',  ( -0.000000000000000000, -0.000000000000000000, -1.000000000000000000 ) ) ;
#2259 = LINE ( 'NONE', #3119, #5893 ) ;
#2260 = CYLINDRICAL_SURFACE ( 'NONE', #8609, 1.000000000000007772 ) ;
#2261 = AXIS2_PLACEMENT_3D ( 'NONE', #3714, #951, #9913 ) ;
#2262 = DIRECTION ( 'NONE',  ( -0.000000000000000000, -0.000000000000000000, -1.000000000000000000 ) ) ;
#2263 = EDGE_LOOP ( 'NONE', ( #3820, #2319, #8491, #3277 ) ) ;
#2264 = VERTEX_POINT ( 'NONE', #9655 ) ;
#2266 = ORIENTED_EDGE ( 'NONE', *, *, #3812, .T. ) ;
#2265 = ORIENTED_EDGE ( 'NONE', *, *, #4903, .T. ) ;
#2267 = VERTEX_POINT ( 'NONE', #4370 ) ;
#2268 = FACE_OUTER_BOUND ( 'NONE', #3319, .T. ) ;
#2269 = DIRECTION ( 'NONE',  ( -0.000000000000000000, -0.000000000000000000, -1.000000000000000000 ) ) ;
#2270 = CIRCLE ( 'NONE', #2439, 0.2499999532851113204 ) ;
#2271 = ORIENTED_EDGE ( 'NONE', *, *, #521, .F. ) ;
#2272 =( GEOMETRIC_REPRESENTATION_CONTEXT ( 3 ) GLOBAL_UNCERTAINTY_ASSIGNED_CONTEXT ( ( #8105 ) ) GLOBAL_UNIT_ASSIGNED_CONTEXT ( ( #3281, #10182, #11217 ) ) REPRESENTATION_CONTEXT ( 'NONE', 'WORKASPACE' ) );
#2273 = CARTESIAN_POINT ( 'NONE',  ( 21.48492424049173621, -2.616295090390215350, 1000.000000000000000 ) ) ;
#2274 = DIRECTION ( 'NONE',  ( -0.000000000000000000, -0.000000000000000000, -1.000000000000000000 ) ) ;
#2275 = CARTESIAN_POINT ( 'NONE',  ( 16.40416236450338516, -4.585785185391127783, 1000.000000000000000 ) ) ;
#2276 = AXIS2_PLACEMENT_3D ( 'NONE', #11326, #7059, #3390 ) ;
#2277 = ORIENTED_EDGE ( 'NONE', *, *, #8477, .F. ) ;
#2278 = ORIENTED_EDGE ( 'NONE', *, *, #1949, .F. ) ;
#2279 = FACE_OUTER_BOUND ( 'NONE', #2662, .T. ) ;
#2280 = FACE_OUTER_BOUND ( 'NONE', #5405, .T. ) ;
#2281 = ADVANCED_FACE ( 'NONE', ( #5352 ), #864, .F. ) ;
#2282 = CARTESIAN_POINT ( 'NONE',  ( -4.196446777094520186, 8.000000055594869153, 1000.000000000000000 ) ) ;
#2283 = CARTESIAN_POINT ( 'NONE',  ( 0.3376951537216663080, 3.749999788826063885, 1000.000000000000000 ) ) ;
#2284 = EDGE_CURVE ( 'NONE', #7999, #2889, #3621, .T. ) ;
#2285 = EDGE_LOOP ( 'NONE', ( #4940, #5931 ) ) ;
#2286 = CARTESIAN_POINT ( 'NONE',  ( -9.399999752640761486, -3.320000012219006980, 0.000000000000000000 ) ) ;
#2287 = DIRECTION ( 'NONE',  ( 0.9999999999998616662, 5.260382408867367024E-07, 0.000000000000000000 ) ) ;
#2288 = LINE ( 'NONE', #10215, #3874 ) ;
#2289 = EDGE_CURVE ( 'NONE', #5694, #5628, #2784, .T. ) ;
#2290 = VECTOR ( 'NONE', #2262, 1000.000000000000000 ) ;
#2292 = EDGE_CURVE ( 'NONE', #432, #3863, #2604, .T. ) ;
#2291 = CARTESIAN_POINT ( 'NONE',  ( 9.762981121807714047, 9.958012379901335365, 1000.000000000000000 ) ) ;
#2293 = ORIENTED_EDGE ( 'NONE', *, *, #9174, .F. ) ;
#2294 = LINE ( 'NONE', #1424, #3925 ) ;
#2295 = CIRCLE ( 'NONE', #1377, 1.999999905005111378 ) ;
#2296 = DIRECTION ( 'NONE',  ( -0.000000000000000000, -0.000000000000000000, -1.000000000000000000 ) ) ;
#2297 = EDGE_CURVE ( 'NONE', #132, #2166, #11280, .T. ) ;
#2298 = DIRECTION ( 'NONE',  ( -0.7808689439004792288, 0.6246948794825759599, -0.000000000000000000 ) ) ;
#2299 = EDGE_CURVE ( 'NONE', #39, #8524, #2242, .T. ) ;
#2300 = CARTESIAN_POINT ( 'NONE',  ( -3.950000101005074704, 9.750000123395135887, 1000.000000000000000 ) ) ;
#2301 = DIRECTION ( 'NONE',  ( -0.000000000000000000, -0.000000000000000000, -1.000000000000000000 ) ) ;
#2302 = VERTEX_POINT ( 'NONE', #3400 ) ;
#2303 = CIRCLE ( 'NONE', #5424, 0.2499995678663276266 ) ;
#2304 = ORIENTED_EDGE ( 'NONE', *, *, #5937, .F. ) ;
#2305 = ADVANCED_FACE ( 'NONE', ( #10528 ), #5295, .F. ) ;
#2306 = CARTESIAN_POINT ( 'NONE',  ( -8.000000247135805154, -4.196446520686222925, 1000.000000000000000 ) ) ;
#2307 = EDGE_LOOP ( 'NONE', ( #5076, #10428, #7188, #6731 ) ) ;
#2308 = CARTESIAN_POINT ( 'NONE',  ( 29.99999897117740133, -8.499998538658488201, 1000.000000000000000 ) ) ;
#2309 = FACE_OUTER_BOUND ( 'NONE', #5724, .T. ) ;
#2310 = DIRECTION ( 'NONE',  ( 0.000000000000000000, 0.000000000000000000, 1.000000000000000000 ) ) ;
#2311 = DIRECTION ( 'NONE',  ( -1.000000000000000000, 0.000000000000000000, 0.000000000000000000 ) ) ;
#2312 = CARTESIAN_POINT ( 'NONE',  ( 3.070000090333480092, 8.250000058338313735, 1000.000000000000000 ) ) ;
#2313 = VERTEX_POINT ( 'NONE', #8109 ) ;
#2314 = ORIENTED_EDGE ( 'NONE', *, *, #4277, .F. ) ;
#2316 = ORIENTED_EDGE ( 'NONE', *, *, #6980, .F. ) ;
#2315 = ORIENTED_EDGE ( 'NONE', *, *, #7949, .F. ) ;
#2317 = ORIENTED_EDGE ( 'NONE', *, *, #7919, .F. ) ;
#2318 = EDGE_CURVE ( 'NONE', #349, #3247, #1209, .T. ) ;
#2319 = ORIENTED_EDGE ( 'NONE', *, *, #6433, .F. ) ;
#2320 = VECTOR ( 'NONE', #848, 1000.000000000000000 ) ;
#2321 = CARTESIAN_POINT ( 'NONE',  ( 23.94521573359680033, 0.1815238454114520561, 1000.000000000000000 ) ) ;
#2322 = CARTESIAN_POINT ( 'NONE',  ( 16.92999944389873335, -8.249999338686601291, 1000.000000000000000 ) ) ;
#2323 = ORIENTED_EDGE ( 'NONE', *, *, #2850, .F. ) ;
#2324 = DIRECTION ( 'NONE',  ( -0.000000000000000000, -0.000000000000000000, -1.000000000000000000 ) ) ;
#2325 = VECTOR ( 'NONE', #7512, 1000.000000000000114 ) ;
#2326 = CARTESIAN_POINT ( 'NONE',  ( 22.42408705926104773, 0.6113934323519090164, 1000.000000000000000 ) ) ;
#2327 = EDGE_CURVE ( 'NONE', #7552, #6905, #6487, .T. ) ;
#2328 = DIRECTION ( 'NONE',  ( 1.000000000000000000, 0.000000000000000000, 0.000000000000000000 ) ) ;
#2329 = ORIENTED_EDGE ( 'NONE', *, *, #5389, .T. ) ;
#2330 = EDGE_LOOP ( 'NONE', ( #9902, #6785, #6742, #6324 ) ) ;
#2331 = LINE ( 'NONE', #3255, #318 ) ;
#2332 = DIRECTION ( 'NONE',  ( -0.7808683941495246916, -0.6246955666709526067, 0.000000000000000000 ) ) ;
#2333 = DIRECTION ( 'NONE',  ( -0.9999999999998616662, -5.260382408867367024E-07, 0.000000000000000000 ) ) ;
#2334 = DIRECTION ( 'NONE',  ( -5.260373148504020885E-07, 0.9999999999998616662, 0.000000000000000000 ) ) ;
#2335 = ORIENTED_EDGE ( 'NONE', *, *, #8610, .T. ) ;
#2336 = CARTESIAN_POINT ( 'NONE',  ( 15.05000031195666921, 8.049999329402451664, 1000.000000000000000 ) ) ;
#2337 = DIRECTION ( 'NONE',  ( 1.000000000000000000, 0.000000000000000000, 0.000000000000000000 ) ) ;
#2338 = CARTESIAN_POINT ( 'NONE',  ( 26.60416040461126386, 5.200002606438131281, 0.000000000000000000 ) ) ;
#2339 = CARTESIAN_POINT ( 'NONE',  ( -6.604163088458923525, 5.200000111050748330, 1000.000000000000000 ) ) ;
#2340 = VERTEX_POINT ( 'NONE', #1035 ) ;
#2341 = CARTESIAN_POINT ( 'NONE',  ( 27.99999823440559155, 4.196448953951311900, 0.000000000000000000 ) ) ;
#2342 = VECTOR ( 'NONE', #6749, 1000.000000000000000 ) ;
#2343 = DIRECTION ( 'NONE',  ( 0.000000000000000000, 0.000000000000000000, 1.000000000000000000 ) ) ;
#2344 = LINE ( 'NONE', #7420, #8277 ) ;
#2345 = EDGE_CURVE ( 'NONE', #3524, #7482, #3746, .T. ) ;
#2346 = CARTESIAN_POINT ( 'NONE',  ( -2.050609665440989104, -2.050609665440989104, 0.000000000000000000 ) ) ;
#2347 = VECTOR ( 'NONE', #2835, 1000.000000000000000 ) ;
#2348 = DIRECTION ( 'NONE',  ( 0.000000000000000000, 0.000000000000000000, 1.000000000000000000 ) ) ;
#2349 = DIRECTION ( 'NONE',  ( 0.8320502412227640532, -0.5547002758978403225, 0.000000000000000000 ) ) ;
#2350 = ORIENTED_EDGE ( 'NONE', *, *, #5103, .F. ) ;
#2351 = ORIENTED_EDGE ( 'NONE', *, *, #9319, .T. ) ;
#2352 = EDGE_CURVE ( 'NONE', #4576, #8717, #4714, .T. ) ;
#2353 = DIRECTION ( 'NONE',  ( -1.000000000000000000, -0.000000000000000000, -0.000000000000000000 ) ) ;
#2354 = EDGE_CURVE ( 'NONE', #6072, #182, #9998, .T. ) ;
#2355 = VECTOR ( 'NONE', #175, 1000.000000000000000 ) ;
#2356 = ORIENTED_EDGE ( 'NONE', *, *, #5729, .T. ) ;
#2357 = EDGE_CURVE ( 'NONE', #3702, #9715, #3859, .T. ) ;
#2358 = EDGE_CURVE ( 'NONE', #8450, #39, #10872, .T. ) ;
#2359 = FACE_OUTER_BOUND ( 'NONE', #8361, .T. ) ;
#2360 = CARTESIAN_POINT ( 'NONE',  ( 0.000000000000000000, 0.000000000000000000, 0.000000000000000000 ) ) ;
#2361 = CARTESIAN_POINT ( 'NONE',  ( 29.14999732342325700, 3.070002611706788898, 0.000000000000000000 ) ) ;
#2362 = DIRECTION ( 'NONE',  ( 1.000000000000000000, 0.000000000000000000, 0.000000000000000000 ) ) ;
#2363 = EDGE_CURVE ( 'NONE', #6173, #7033, #5411, .T. ) ;
#2364 = DIRECTION ( 'NONE',  ( -0.000000000000000000, -1.000000000000000000, -0.000000000000000000 ) ) ;
#2365 = VERTEX_POINT ( 'NONE', #5524 ) ;
#2366 = ORIENTED_EDGE ( 'NONE', *, *, #3138, .F. ) ;
#2367 = ORIENTED_EDGE ( 'NONE', *, *, #6220, .T. ) ;
#2368 = ORIENTED_EDGE ( 'NONE', *, *, #10810, .F. ) ;
#2369 = VERTEX_POINT ( 'NONE', #7244 ) ;
#2370 = CARTESIAN_POINT ( 'NONE',  ( 9.999999758667000194, 9.799999922545918452, 1000.000000000000000 ) ) ;
#2371 = DIRECTION ( 'NONE',  ( 1.000000000000000000, 0.000000000000000000, 0.000000000000000000 ) ) ;
#2372 = EDGE_LOOP ( 'NONE', ( #7735, #10542, #8166, #7951 ) ) ;
#2373 = CIRCLE ( 'NONE', #3111, 0.5999999753018379067 ) ;
#2374 = DIRECTION ( 'NONE',  ( 0.000000000000000000, 0.000000000000000000, 1.000000000000000000 ) ) ;
#2375 = EDGE_CURVE ( 'NONE', #994, #3599, #6815, .T. ) ;
#2376 = DIRECTION ( 'NONE',  ( 1.000000000000000000, 0.000000000000000000, 0.000000000000000000 ) ) ;
#2377 = ORIENTED_EDGE ( 'NONE', *, *, #6254, .T. ) ;
#2378 = DIRECTION ( 'NONE',  ( -0.000000000000000000, -0.000000000000000000, -1.000000000000000000 ) ) ;
#2379 = ORIENTED_EDGE ( 'NONE', *, *, #4688, .T. ) ;
#2380 = ORIENTED_EDGE ( 'NONE', *, *, #10509, .T. ) ;
#2381 = VECTOR ( 'NONE', #5546, 1000.000000000000000 ) ;
#2382 = DIRECTION ( 'NONE',  ( 1.000000000000000000, 0.000000000000000000, 0.000000000000000000 ) ) ;
#2383 = CIRCLE ( 'NONE', #731, 1.999999905005106049 ) ;
#2384 = CARTESIAN_POINT ( 'NONE',  ( 19.66230397645803052, -3.749998445676236525, 0.000000000000000000 ) ) ;
#2385 = CARTESIAN_POINT ( 'NONE',  ( -4.585786238752019628, -3.595836914670247353, 1000.000000000000000 ) ) ;
#2386 = AXIS2_PLACEMENT_3D ( 'NONE', #7119, #4658, #3858 ) ;
#2387 = CARTESIAN_POINT ( 'NONE',  ( 4.199999862453999810, 6.604162886759620932, 1000.000000000000000 ) ) ;
#2388 = CIRCLE ( 'NONE', #2031, 0.2500002913692379591 ) ;
#2389 = ORIENTED_EDGE ( 'NONE', *, *, #6540, .F. ) ;
#2390 = DIRECTION ( 'NONE',  ( -1.000000000000000000, 0.000000000000000000, 0.000000000000000000 ) ) ;
#2391 = CYLINDRICAL_SURFACE ( 'NONE', #7229, 1.000000007078109876 ) ;
#2392 = DIRECTION ( 'NONE',  ( -1.000000000000000000, 0.000000000000000000, 0.000000000000000000 ) ) ;
#2393 = DIRECTION ( 'NONE',  ( 1.000000000000000000, 0.000000000000000000, 0.000000000000000000 ) ) ;
#2394 = EDGE_LOOP ( 'NONE', ( #4282, #5357, #9835, #11318 ) ) ;
#2395 = DIRECTION ( 'NONE',  ( -0.000000000000000000, -0.000000000000000000, -1.000000000000000000 ) ) ;
#2396 = VECTOR ( 'NONE', #7802, 1000.000000000000000 ) ;
#2397 = CARTESIAN_POINT ( 'NONE',  ( 24.19644548396533779, -7.999997997896094226, 1000.000000000000000 ) ) ;
#2398 = CARTESIAN_POINT ( 'NONE',  ( 23.70000138579651860, 9.749999284232508501, 1000.000000000000000 ) ) ;
#2399 = FACE_OUTER_BOUND ( 'NONE', #1431, .T. ) ;
#2400 = LINE ( 'NONE', #5853, #4621 ) ;
#2401 = CARTESIAN_POINT ( 'NONE',  ( 27.59999999999997300, -7.600000000000009415, 1000.000000000000000 ) ) ;
#2402 = LINE ( 'NONE', #5912, #6670 ) ;
#2403 = VECTOR ( 'NONE', #638, 1000.000000000000000 ) ;
#2404 = CARTESIAN_POINT ( 'NONE',  ( 3.393721882965473835, 0.8559508052926600996, 0.000000000000000000 ) ) ;
#2405 = ORIENTED_EDGE ( 'NONE', *, *, #6086, .F. ) ;
#2406 = EDGE_LOOP ( 'NONE', ( #1744, #167, #6372, #4589 ) ) ;
#2407 = CARTESIAN_POINT ( 'NONE',  ( 28.24999780227187429, 4.196449174398556359, 0.000000000000000000 ) ) ;
#2408 = SURFACE_STYLE_USAGE ( .BOTH. , #4138 ) ;
#2409 = VECTOR ( 'NONE', #10397, 1000.000000000000114 ) ;
#2410 = DIRECTION ( 'NONE',  ( -0.000000000000000000, -0.000000000000000000, -1.000000000000000000 ) ) ;
#2411 = DIRECTION ( 'NONE',  ( -1.000000000000000000, 0.000000000000000000, 0.000000000000000000 ) ) ;
#2412 = LINE ( 'NONE', #691, #8837 ) ;
#2413 = EDGE_CURVE ( 'NONE', #6479, #1676, #9023, .T. ) ;
#2414 = FACE_OUTER_BOUND ( 'NONE', #8245, .T. ) ;
#2415 = EDGE_CURVE ( 'NONE', #2829, #5187, #7182, .T. ) ;
#2416 = CARTESIAN_POINT ( 'NONE',  ( 3.320000043618244412, 9.150000058338269682, 0.000000000000000000 ) ) ;
#2417 = ORIENTED_EDGE ( 'NONE', *, *, #7434, .F. ) ;
#2418 = ORIENTED_EDGE ( 'NONE', *, *, #1874, .T. ) ;
#2419 = EDGE_CURVE ( 'NONE', #4326, #4638, #240, .T. ) ;
#2421 = ORIENTED_EDGE ( 'NONE', *, *, #2792, .T. ) ;
#2420 = ORIENTED_EDGE ( 'NONE', *, *, #11083, .T. ) ;
#2422 = EDGE_CURVE ( 'NONE', #7336, #5015, #412, .T. ) ;
#2423 = AXIS2_PLACEMENT_3D ( 'NONE', #7133, #10591, #5986 ) ;
#2424 = VERTEX_POINT ( 'NONE', #1958 ) ;
#2425 = ORIENTED_EDGE ( 'NONE', *, *, #10620, .T. ) ;
#2426 = LINE ( 'NONE', #592, #7899 ) ;
#2427 = LINE ( 'NONE', #10198, #10532 ) ;
#2428 = EDGE_LOOP ( 'NONE', ( #4653, #3186, #8266, #5877 ) ) ;
#2429 = AXIS2_PLACEMENT_3D ( 'NONE', #443, #5665, #9333 ) ;
#2430 = DIRECTION ( 'NONE',  ( -0.000000000000000000, -0.000000000000000000, -1.000000000000000000 ) ) ;
#2431 = PRODUCT_DEFINITION_FORMATION_WITH_SPECIFIED_SOURCE ( 'ANY', '', #834, .NOT_KNOWN. ) ;
#2432 = AXIS2_PLACEMENT_3D ( 'NONE', #6428, #7357, #4478 ) ;
#2433 = DIRECTION ( 'NONE',  ( -0.7808693713108915135, -0.6246943452189501755, 0.000000000000000000 ) ) ;
#2434 = DIRECTION ( 'NONE',  ( 1.000000000000000000, -0.000000000000000000, -0.000000000000000000 ) ) ;
#2435 = ORIENTED_EDGE ( 'NONE', *, *, #4153, .F. ) ;
#2436 = CARTESIAN_POINT ( 'NONE',  ( 22.61629509039018160, -1.484924240491743097, 0.000000000000000000 ) ) ;
#2437 = ORIENTED_EDGE ( 'NONE', *, *, #7286, .F. ) ;
#2438 = ORIENTED_EDGE ( 'NONE', *, *, #7479, .F. ) ;
#2439 = AXIS2_PLACEMENT_3D ( 'NONE', #2724, #4498, #5539 ) ;
#2440 = CARTESIAN_POINT ( 'NONE',  ( -5.199999987655578693, -8.050000226462572073, 1000.000000000000000 ) ) ;
#2441 = AXIS2_PLACEMENT_3D ( 'NONE', #9107, #11015, #6460 ) ;
#2442 = EDGE_CURVE ( 'NONE', #5023, #7722, #2884, .T. ) ;
#2443 = EDGE_CURVE ( 'NONE', #3863, #743, #10124, .T. ) ;
#2444 = LINE ( 'NONE', #7629, #1853 ) ;
#2445 = CARTESIAN_POINT ( 'NONE',  ( 26.60416213172399225, -4.199997554268142252, 1000.000000000000000 ) ) ;
#2446 = AXIS2_PLACEMENT_3D ( 'NONE', #7112, #9698, #6084 ) ;
#2447 = LINE ( 'NONE', #7684, #6094 ) ;
#2448 = AXIS2_PLACEMENT_3D ( 'NONE', #8865, #8753, #9779 ) ;
#2449 = ORIENTED_EDGE ( 'NONE', *, *, #5378, .T. ) ;
#2450 = CARTESIAN_POINT ( 'NONE',  ( 11.07703359770149909, 8.600000268607619347, 0.000000000000000000 ) ) ;
#2451 = CARTESIAN_POINT ( 'NONE',  ( -4.703553374060774672, -8.299999808857622341, 1000.000000000000000 ) ) ;
#2452 = CARTESIAN_POINT ( 'NONE',  ( 20.00000000000000355, 0.000000000000000000, 1000.000000000000000 ) ) ;
#2453 = ORIENTED_EDGE ( 'NONE', *, *, #5340, .T. ) ;
#2454 = CARTESIAN_POINT ( 'NONE',  ( 20.00000000000000355, 0.000000000000000000, 1000.000000000000000 ) ) ;
#2455 = ORIENTED_EDGE ( 'NONE', *, *, #5333, .T. ) ;
#2456 = DIRECTION ( 'NONE',  ( 0.9999999999995138333, -9.861037438611867564E-07, 0.000000000000000000 ) ) ;
#2457 = CIRCLE ( 'NONE', #6316, 0.2499999999999997780 ) ;
#2458 = EDGE_CURVE ( 'NONE', #2369, #6481, #4992, .T. ) ;
#2459 = DIRECTION ( 'NONE',  ( -0.000000000000000000, -0.000000000000000000, -1.000000000000000000 ) ) ;
#2460 = CARTESIAN_POINT ( 'NONE',  ( 3.320000234036377229, -9.149999719435975010, 1000.000000000000000 ) ) ;
#2461 = DIRECTION ( 'NONE',  ( -0.000000000000000000, -0.000000000000000000, -1.000000000000000000 ) ) ;
#2462 = DIRECTION ( 'NONE',  ( -1.000000000000000000, 0.000000000000000000, 0.000000000000000000 ) ) ;
#2463 = DIRECTION ( 'NONE',  ( 1.000000000000000000, 0.000000000000000000, 0.000000000000000000 ) ) ;
#2464 = CARTESIAN_POINT ( 'NONE',  ( 19.99999995234326278, 3.799999477111598800, 1000.000000000000000 ) ) ;
#2465 = EDGE_CURVE ( 'NONE', #8788, #3048, #176, .T. ) ;
#2466 = EDGE_LOOP ( 'NONE', ( #1664, #8562, #8648, #4763 ) ) ;
#2467 = AXIS2_PLACEMENT_3D ( 'NONE', #2534, #11339, #10584 ) ;
#2468 = PLANE ( 'NONE',  #2805 ) ;
#2469 = CARTESIAN_POINT ( 'NONE',  ( 29.14999732342325700, 3.320002786050393784, 1000.000000000000000 ) ) ;
#2470 = DIRECTION ( 'NONE',  ( 0.000000000000000000, 0.000000000000000000, 1.000000000000000000 ) ) ;
#2471 = LINE ( 'NONE', #5978, #1125 ) ;
#2472 = DIRECTION ( 'NONE',  ( -0.000000000000000000, -0.000000000000000000, -1.000000000000000000 ) ) ;
#2473 = CIRCLE ( 'NONE', #10199, 0.2499999351799455094 ) ;
#2474 = CARTESIAN_POINT ( 'NONE',  ( -3.393721882965487602, -0.8559508052926739774, 1000.000000000000000 ) ) ;
#2475 = ORIENTED_EDGE ( 'NONE', *, *, #11240, .F. ) ;
#2476 = ORIENTED_EDGE ( 'NONE', *, *, #4687, .F. ) ;
#2477 = EDGE_LOOP ( 'NONE', ( #6886, #10256, #1875, #1877 ) ) ;
#2478 = ORIENTED_EDGE ( 'NONE', *, *, #10645, .F. ) ;
#2479 = ORIENTED_EDGE ( 'NONE', *, *, #2184, .F. ) ;
#2480 = DIRECTION ( 'NONE',  ( -0.000000000000000000, -0.000000000000000000, -1.000000000000000000 ) ) ;
#2481 = CARTESIAN_POINT ( 'NONE',  ( 25.20000032951426405, 6.604162250497244813, 1000.000000000000000 ) ) ;
#2482 = VECTOR ( 'NONE', #8810, 1000.000000000000000 ) ;
#2483 = VERTEX_POINT ( 'NONE', #1090 ) ;
#2485 = ADVANCED_FACE ( 'NONE', ( #299 ), #3803, .T. ) ;
#2484 = CARTESIAN_POINT ( 'NONE',  ( 16.04999972588442958, 9.999999582799457443, 0.000000000000000000 ) ) ;
#2486 = EDGE_CURVE ( 'NONE', #7851, #9621, #6661, .T. ) ;
#2487 = DIRECTION ( 'NONE',  ( -0.7071072718140132274, 0.7071062905587413017, 0.000000000000000000 ) ) ;
#2488 = EDGE_CURVE ( 'NONE', #7080, #5198, #2791, .T. ) ;
#2489 = DIRECTION ( 'NONE',  ( -0.000000000000000000, -0.000000000000000000, -1.000000000000000000 ) ) ;
#2490 = VERTEX_POINT ( 'NONE', #466 ) ;
#2491 = PLANE ( 'NONE',  #8995 ) ;
#2492 = ORIENTED_EDGE ( 'NONE', *, *, #4951, .T. ) ;
#2493 = AXIS2_PLACEMENT_3D ( 'NONE', #1625, #9558, #4274 ) ;
#2494 = EDGE_LOOP ( 'NONE', ( #2741, #10036, #7452, #5223 ) ) ;
#2495 = LINE ( 'NONE', #4061, #9474 ) ;
#2496 = ADVANCED_FACE ( 'NONE', ( #11104 ), #4885, .T. ) ;
#2497 = EDGE_CURVE ( 'NONE', #6729, #4737, #2400, .T. ) ;
#2498 = EDGE_CURVE ( 'NONE', #1398, #118, #2055, .T. ) ;
#2499 = CIRCLE ( 'NONE', #7657, 0.5999999818872905344 ) ;
#2500 = EDGE_CURVE ( 'NONE', #5493, #9305, #5730, .T. ) ;
#2501 = DIRECTION ( 'NONE',  ( 0.000000000000000000, 0.000000000000000000, 1.000000000000000000 ) ) ;
#2502 = CARTESIAN_POINT ( 'NONE',  ( 4.949999912995925122, 8.299999837803520464, 1000.000000000000000 ) ) ;
#2503 = LINE ( 'NONE', #3428, #2064 ) ;
#2504 = ORIENTED_EDGE ( 'NONE', *, *, #4528, .F. ) ;
#2505 = FACE_OUTER_BOUND ( 'NONE', #10573, .T. ) ;
#2506 = FACE_OUTER_BOUND ( 'NONE', #7023, .T. ) ;
#2507 = DIRECTION ( 'NONE',  ( 1.000000000000000000, 0.000000000000000000, 0.000000000000000000 ) ) ;
#2508 = EDGE_CURVE ( 'NONE', #6509, #5698, #5171, .T. ) ;
#2509 = EDGE_LOOP ( 'NONE', ( #11055, #1328, #10064, #8037 ) ) ;
#2510 = CARTESIAN_POINT ( 'NONE',  ( 22.39372188296546184, 0.8559508052926600996, 0.000000000000000000 ) ) ;
#2511 = VERTEX_POINT ( 'NONE', #8557 ) ;
#2512 = VECTOR ( 'NONE', #3132, 1000.000000000000000 ) ;
#2513 = LINE ( 'NONE', #1538, #8923 ) ;
#2514 = CYLINDRICAL_SURFACE ( 'NONE', #5926, 0.2499999351799524483 ) ;
#2515 = CARTESIAN_POINT ( 'NONE',  ( 16.04999999732799409, -9.749999766946654489, 1000.000000000000000 ) ) ;
#2516 = CYLINDRICAL_SURFACE ( 'NONE', #6427, 0.2499999351801736325 ) ;
#2517 = CYLINDRICAL_SURFACE ( 'NONE', #8117, 0.5999999423801239962 ) ;
#2518 = CYLINDRICAL_SURFACE ( 'NONE', #2027, 1.500000000000001332 ) ;
#2519 = PLANE ( 'NONE',  #2276 ) ;
#2520 = EDGE_CURVE ( 'NONE', #4003, #8849, #7699, .T. ) ;
#2521 = DIRECTION ( 'NONE',  ( 1.000000000000000000, 0.000000000000000000, 0.000000000000000000 ) ) ;
#2522 = EDGE_LOOP ( 'NONE', ( #7369, #7396, #10002, #8397 ) ) ;
#2523 = VECTOR ( 'NONE', #3430, 1000.000000000000227 ) ;
#2524 = ORIENTED_EDGE ( 'NONE', *, *, #10371, .F. ) ;
#2525 = ORIENTED_EDGE ( 'NONE', *, *, #7054, .T. ) ;
#2526 = FACE_OUTER_BOUND ( 'NONE', #10783, .T. ) ;
#2527 = DIRECTION ( 'NONE',  ( 1.000000000000000000, 0.000000000000000000, 0.000000000000000000 ) ) ;
#2528 = EDGE_CURVE ( 'NONE', #4408, #9918, #3968, .T. ) ;
#2529 = DIRECTION ( 'NONE',  ( 0.7071067811865493491, -0.7071067811865456854, 0.000000000000000000 ) ) ;
#2530 = VECTOR ( 'NONE', #5867, 1000.000000000000000 ) ;
#2531 = DIRECTION ( 'NONE',  ( 0.000000000000000000, 0.000000000000000000, 1.000000000000000000 ) ) ;
#2532 = DIRECTION ( 'NONE',  ( 4.335455880471362693E-07, 0.9999999999999060751, -0.000000000000000000 ) ) ;
#2533 = DIRECTION ( 'NONE',  ( 0.000000000000000000, 0.000000000000000000, 1.000000000000000000 ) ) ;
#2534 = CARTESIAN_POINT ( 'NONE',  ( 10.37569389161740396, 9.749999806316870021, 1000.000000000000000 ) ) ;
#2535 = ORIENTED_EDGE ( 'NONE', *, *, #4060, .F. ) ;
#2536 = EDGE_LOOP ( 'NONE', ( #8917, #6121, #6206, #9069 ) ) ;
#2537 = ORIENTED_EDGE ( 'NONE', *, *, #10240, .F. ) ;
#2538 = ORIENTED_EDGE ( 'NONE', *, *, #7245, .T. ) ;
#2539 = VECTOR ( 'NONE', #6005, 1000.000000000000000 ) ;
#2540 = VERTEX_POINT ( 'NONE', #9302 ) ;
#2541 = CARTESIAN_POINT ( 'NONE',  ( 0.1815213465332990439, 3.945216853106878307, 0.000000000000000000 ) ) ;
#2542 = CYLINDRICAL_SURFACE ( 'NONE', #4847, 0.7999999999999936051 ) ;
#2543 = ORIENTED_EDGE ( 'NONE', *, *, #4073, .F. ) ;
#2544 = ORIENTED_EDGE ( 'NONE', *, *, #1808, .F. ) ;
#2545 = FACE_OUTER_BOUND ( 'NONE', #5194, .T. ) ;
#2546 = VECTOR ( 'NONE', #545, 1000.000000000000000 ) ;
#2547 = CARTESIAN_POINT ( 'NONE',  ( 29.39999999097516081, -3.699998077281760445, 1000.000000000000000 ) ) ;
#2548 = LINE ( 'NONE', #829, #4451 ) ;
#2549 = VERTEX_POINT ( 'NONE', #7474 ) ;
#2550 = LINE ( 'NONE', #3305, #2571 ) ;
#2551 = ORIENTED_EDGE ( 'NONE', *, *, #8950, .F. ) ;
#2552 = VECTOR ( 'NONE', #9382, 1000.000000000000114 ) ;
#2553 = EDGE_LOOP ( 'NONE', ( #3293, #5048, #5429, #8256 ) ) ;
#2554 = CARTESIAN_POINT ( 'NONE',  ( 17.14939033455899065, -2.050609665440989104, 0.000000000000000000 ) ) ;
#2555 = AXIS2_PLACEMENT_3D ( 'NONE', #6673, #11115, #8516 ) ;
#2556 = PRODUCT_RELATED_PRODUCT_CATEGORY ( 'part', '', ( #924 ) ) ;
#2557 = CIRCLE ( 'NONE', #6067, 0.2499997460652450543 ) ;
#2558 = CARTESIAN_POINT ( 'NONE',  ( 15.29644565964607317, -8.299998696217587124, 1000.000000000000000 ) ) ;
#2559 = CARTESIAN_POINT ( 'NONE',  ( -9.149999820441054865, -3.320000110641208035, 1000.000000000000000 ) ) ;
#2560 = DIRECTION ( 'NONE',  ( -0.9999999999999363842, 3.568436106276831020E-07, 0.000000000000000000 ) ) ;
#2561 = ORIENTED_EDGE ( 'NONE', *, *, #11214, .T. ) ;
#2562 = AXIS2_PLACEMENT_3D ( 'NONE', #4716, #517, #4886 ) ;
#2563 = EDGE_CURVE ( 'NONE', #9819, #5615, #9355, .T. ) ;
#2564 = DIRECTION ( 'NONE',  ( 0.000000000000000000, 1.000000000000000000, 0.000000000000000000 ) ) ;
#2565 = LINE ( 'NONE', #10441, #8338 ) ;
#2566 = FACE_OUTER_BOUND ( 'NONE', #6690, .T. ) ;
#2567 = EDGE_LOOP ( 'NONE', ( #5017, #6848, #4647, #488 ) ) ;
#2568 = AXIS2_PLACEMENT_3D ( 'NONE', #10720, #4449, #3592 ) ;
#2569 = CARTESIAN_POINT ( 'NONE',  ( -3.319999869503133194, -8.000000349022345247, 1000.000000000000000 ) ) ;
#2570 = EDGE_CURVE ( 'NONE', #10479, #812, #411, .T. ) ;
#2571 = VECTOR ( 'NONE', #9622, 1000.000000000000000 ) ;
#2572 = ORIENTED_EDGE ( 'NONE', *, *, #6309, .T. ) ;
#2573 = EDGE_CURVE ( 'NONE', #10879, #9991, #2977, .T. ) ;
#2574 = EDGE_CURVE ( 'NONE', #1905, #10192, #5909, .T. ) ;
#2575 = LINE ( 'NONE', #6077, #1951 ) ;
#2576 = CARTESIAN_POINT ( 'NONE',  ( 24.19644703095001503, 8.249999037614808017, 1000.000000000000000 ) ) ;
#2577 = VECTOR ( 'NONE', #4242, 1000.000000000000000 ) ;
#2578 = VECTOR ( 'NONE', #2995, 1000.000000000000000 ) ;
#2579 = AXIS2_PLACEMENT_3D ( 'NONE', #5056, #4306, #6999 ) ;
#2580 = CARTESIAN_POINT ( 'NONE',  ( 24.58578566581877567, -3.595834345731796500, 0.000000000000000000 ) ) ;
#2581 = CARTESIAN_POINT ( 'NONE',  ( -8.073223496192355242, -4.373223302086836739, 1000.000000000000000 ) ) ;
#2582 = CARTESIAN_POINT ( 'NONE',  ( -6.604163042852044363, -4.199999983413666094, 1000.000000000000000 ) ) ;
#2583 = LINE ( 'NONE', #4359, #2825 ) ;
#2584 = CARTESIAN_POINT ( 'NONE',  ( 0.3376954189101416537, -3.999999972434276074, 1000.000000000000000 ) ) ;
#2585 = ORIENTED_EDGE ( 'NONE', *, *, #144, .F. ) ;
#2586 = EDGE_LOOP ( 'NONE', ( #6622, #1462, #9310, #202 ) ) ;
#2587 = CIRCLE ( 'NONE', #6800, 0.2499999532848927453 ) ;
#2588 = CIRCLE ( 'NONE', #4058, 0.2500000885090440939 ) ;
#2589 = ORIENTED_EDGE ( 'NONE', *, *, #1868, .F. ) ;
#2590 = CARTESIAN_POINT ( 'NONE',  ( 24.94999947028302145, -8.049997726335563542, 0.000000000000000000 ) ) ;
#2591 = EDGE_CURVE ( 'NONE', #10476, #8652, #4935, .T. ) ;
#2592 = EDGE_CURVE ( 'NONE', #9947, #11245, #8655, .T. ) ;
#2593 = FACE_OUTER_BOUND ( 'NONE', #6266, .T. ) ;
#2594 = DIRECTION ( 'NONE',  ( -1.000000000000000000, 0.000000000000000000, 0.000000000000000000 ) ) ;
#2595 = AXIS2_PLACEMENT_3D ( 'NONE', #5068, #582, #9427 ) ;
#2596 = DIRECTION ( 'NONE',  ( -0.000000000000000000, -0.000000000000000000, -1.000000000000000000 ) ) ;
#2597 = DIRECTION ( 'NONE',  ( -0.000000000000000000, -0.000000000000000000, -1.000000000000000000 ) ) ;
#2598 = PLANE ( 'NONE',  #2467 ) ;
#2599 = ORIENTED_EDGE ( 'NONE', *, *, #10183, .F. ) ;
#2600 = ORIENTED_EDGE ( 'NONE', *, *, #6660, .F. ) ;
#2601 = ORIENTED_EDGE ( 'NONE', *, *, #8044, .F. ) ;
#2602 = ORIENTED_EDGE ( 'NONE', *, *, #4896, .F. ) ;
#2603 = ADVANCED_FACE ( 'NONE', ( #3272 ), #6604, .F. ) ;
#2604 = CIRCLE ( 'NONE', #6454, 0.9999999999999991118 ) ;
#2605 = VERTEX_POINT ( 'NONE', #516 ) ;
#2606 = CARTESIAN_POINT ( 'NONE',  ( 23.99999855409319593, 0.3376976739742215683, 0.000000000000000000 ) ) ;
#2607 = DIRECTION ( 'NONE',  ( -1.000000000000000000, 0.000000000000000000, 0.000000000000000000 ) ) ;
#2608 = ORIENTED_EDGE ( 'NONE', *, *, #3577, .F. ) ;
#2609 = DIRECTION ( 'NONE',  ( 0.000000000000000000, -0.000000000000000000, 1.000000000000000000 ) ) ;
#2610 = CARTESIAN_POINT ( 'NONE',  ( 27.59999999999997300, 7.599999999999996092, 0.000000000000000000 ) ) ;
#2611 = VECTOR ( 'NONE', #285, 1000.000000000000000 ) ;
#2612 = CARTESIAN_POINT ( 'NONE',  ( 23.99999925874300644, -2.181620839390427502, 1000.000000000000000 ) ) ;
#2613 = CIRCLE ( 'NONE', #10507, 2.499999999999988898 ) ;
#2614 = EDGE_LOOP ( 'NONE', ( #3612, #5289, #11257, #3563 ) ) ;
#2615 = DIRECTION ( 'NONE',  ( -0.000000000000000000, -0.000000000000000000, -1.000000000000000000 ) ) ;
#2616 = ORIENTED_EDGE ( 'NONE', *, *, #9876, .T. ) ;
#2617 = VERTEX_POINT ( 'NONE', #7532 ) ;
#2618 = DIRECTION ( 'NONE',  ( -0.9999999999998616662, -5.260373430062014070E-07, 0.000000000000000000 ) ) ;
#2619 = DIRECTION ( 'NONE',  ( 0.000000000000000000, 0.000000000000000000, 1.000000000000000000 ) ) ;
#2620 = AXIS2_PLACEMENT_3D ( 'NONE', #10907, #4000, #10031 ) ;
#2621 = CIRCLE ( 'NONE', #7945, 2.999999782071599785 ) ;
#2622 = CARTESIAN_POINT ( 'NONE',  ( 14.79999950239931827, -8.049999123135782142, 1000.000000000000000 ) ) ;
#2623 = LINE ( 'NONE', #3317, #4442 ) ;
#2624 = EDGE_LOOP ( 'NONE', ( #10958, #4203, #8358, #5145 ) ) ;
#2625 = DIRECTION ( 'NONE',  ( 1.000000000000000000, 0.000000000000000000, 0.000000000000000000 ) ) ;
#2626 = CYLINDRICAL_SURFACE ( 'NONE', #10268, 1.499999999999997780 ) ;
#2627 = AXIS2_PLACEMENT_3D ( 'NONE', #4335, #8708, #10253 ) ;
#2628 = ORIENTED_EDGE ( 'NONE', *, *, #272, .F. ) ;
#2629 = CARTESIAN_POINT ( 'NONE',  ( 6.999999982964307144, -7.999999973571910949, 0.000000000000000000 ) ) ;
#2630 = AXIS2_PLACEMENT_3D ( 'NONE', #6401, #9908, #5547 ) ;
#2631 = EDGE_LOOP ( 'NONE', ( #6410, #1155, #4924, #9217 ) ) ;
#2632 = DIRECTION ( 'NONE',  ( -0.000000000000000000, -0.000000000000000000, -1.000000000000000000 ) ) ;
#2633 = CIRCLE ( 'NONE', #5217, 0.2500004282594558980 ) ;
#2634 = AXIS2_PLACEMENT_3D ( 'NONE', #7543, #10348, #7655 ) ;
#2635 = CARTESIAN_POINT ( 'NONE',  ( 28.07322141253985848, 4.373225564130556187, 0.000000000000000000 ) ) ;
#2636 = EDGE_CURVE ( 'NONE', #9551, #6763, #4021, .T. ) ;
#2637 = LINE ( 'NONE', #1828, #2409 ) ;
#2638 = ADVANCED_FACE ( 'NONE', ( #3225 ), #10226, .T. ) ;
#2639 = CARTESIAN_POINT ( 'NONE',  ( 26.60416213172399225, -5.199997769938713432, 0.000000000000000000 ) ) ;
#2640 = DIRECTION ( 'NONE',  ( -0.000000000000000000, -0.000000000000000000, -1.000000000000000000 ) ) ;
#2641 = EDGE_CURVE ( 'NONE', #9064, #722, #2637, .T. ) ;
#2642 = FACE_OUTER_BOUND ( 'NONE', #842, .T. ) ;
#2643 = VERTEX_POINT ( 'NONE', #6189 ) ;
#2644 = ORIENTED_EDGE ( 'NONE', *, *, #5823, .F. ) ;
#2645 = VECTOR ( 'NONE', #5156, 1000.000000000000000 ) ;
#2646 = ORIENTED_EDGE ( 'NONE', *, *, #5100, .T. ) ;
#2647 = CARTESIAN_POINT ( 'NONE',  ( -0.6113934323518979141, 2.424087059261054389, 1000.000000000000000 ) ) ;
#2648 = EDGE_CURVE ( 'NONE', #6397, #8665, #10310, .T. ) ;
#2649 = AXIS2_PLACEMENT_3D ( 'NONE', #2416, #5925, #2206 ) ;
#2650 = ADVANCED_FACE ( 'NONE', ( #734 ), #4241, .F. ) ;
#2651 = DIRECTION ( 'NONE',  ( 1.131368751651137726E-07, -0.9999999999999936717, 0.000000000000000000 ) ) ;
#2652 = DIRECTION ( 'NONE',  ( -0.9999999999999891198, 1.473741152755018339E-07, 0.000000000000000000 ) ) ;
#2653 = DIRECTION ( 'NONE',  ( -0.000000000000000000, -0.000000000000000000, -1.000000000000000000 ) ) ;
#2654 = DIRECTION ( 'NONE',  ( 0.9999999999999059641, -4.335454794948288384E-07, 0.000000000000000000 ) ) ;
#2655 = CARTESIAN_POINT ( 'NONE',  ( -8.250000260037616329, 3.320000091320538083, 0.000000000000000000 ) ) ;
#2656 = EDGE_LOOP ( 'NONE', ( #9203, #4447, #9430, #5086 ) ) ;
#2657 = ORIENTED_EDGE ( 'NONE', *, *, #2931, .F. ) ;
#2658 = ADVANCED_FACE ( 'NONE', ( #5338 ), #6022, .F. ) ;
#2659 = AXIS2_PLACEMENT_3D ( 'NONE', #7996, #1960, #3749 ) ;
#2660 = VERTEX_POINT ( 'NONE', #3388 ) ;
#2661 = ORIENTED_EDGE ( 'NONE', *, *, #1927, .T. ) ;
#2662 = EDGE_LOOP ( 'NONE', ( #5174, #4205, #305, #11291 ) ) ;
#2663 = LINE ( 'NONE', #6163, #422 ) ;
#2664 = DIRECTION ( 'NONE',  ( -0.000000000000000000, -0.000000000000000000, -1.000000000000000000 ) ) ;
#2665 = EDGE_LOOP ( 'NONE', ( #512, #4324, #1605, #5325 ) ) ;
#2666 = CARTESIAN_POINT ( 'NONE',  ( -0.3376952213033496131, -3.999999809996559907, 1000.000000000000000 ) ) ;
#2667 = CARTESIAN_POINT ( 'NONE',  ( -8.500000101005065645, 8.500000235153807537, 1000.000000000000000 ) ) ;
#2668 = AXIS2_PLACEMENT_3D ( 'NONE', #9700, #8847, #9016 ) ;
#2669 = CARTESIAN_POINT ( 'NONE',  ( 23.99999834547691080, 2.181625789213895494, 0.000000000000000000 ) ) ;
#2670 = DIRECTION ( 'NONE',  ( 1.000000000000000000, 0.000000000000000000, 0.000000000000000000 ) ) ;
#2671 = ORIENTED_EDGE ( 'NONE', *, *, #9109, .F. ) ;
#2672 = ORIENTED_EDGE ( 'NONE', *, *, #7227, .T. ) ;
#2673 = EDGE_CURVE ( 'NONE', #9239, #6897, #3441, .T. ) ;
#2674 = ORIENTED_EDGE ( 'NONE', *, *, #7368, .T. ) ;
#2675 = CIRCLE ( 'NONE', #8191, 0.2499999204762382021 ) ;
#2676 = CARTESIAN_POINT ( 'NONE',  ( 0.1815215961652741905, -3.945217153978691549, 1000.000000000000000 ) ) ;
#2677 = CARTESIAN_POINT ( 'NONE',  ( 17.38370490960979353, -1.484924240491737102, 1000.000000000000000 ) ) ;
#2678 = ORIENTED_EDGE ( 'NONE', *, *, #8065, .F. ) ;
#2679 = ADVANCED_FACE ( 'NONE', ( #11324 ), #2517, .T. ) ;
#2680 = DIRECTION ( 'NONE',  ( -1.000000000000000000, 0.000000000000000000, 0.000000000000000000 ) ) ;
#2681 = VECTOR ( 'NONE', #9639, 1000.000000000000000 ) ;
#2682 = FACE_OUTER_BOUND ( 'NONE', #8052, .T. ) ;
#2683 = EDGE_LOOP ( 'NONE', ( #3069, #7986, #7805, #8902 ) ) ;
#2684 = DIRECTION ( 'NONE',  ( -0.000000000000000000, -0.000000000000000000, -1.000000000000000000 ) ) ;
#2685 = DIRECTION ( 'NONE',  ( -0.000000000000000000, -0.000000000000000000, -1.000000000000000000 ) ) ;
#2686 = ORIENTED_EDGE ( 'NONE', *, *, #8950, .T. ) ;
#2687 = DIRECTION ( 'NONE',  ( -0.000000000000000000, -0.000000000000000000, -1.000000000000000000 ) ) ;
#2688 = ORIENTED_EDGE ( 'NONE', *, *, #537, .F. ) ;
#2689 = CARTESIAN_POINT ( 'NONE',  ( 29.09999999999997300, -7.600000000000009415, 1000.000000000000000 ) ) ;
#2690 = AXIS2_PLACEMENT_3D ( 'NONE', #6874, #2456, #9522 ) ;
#2691 = DIRECTION ( 'NONE',  ( -0.000000000000000000, -0.000000000000000000, -1.000000000000000000 ) ) ;
#2692 = DIRECTION ( 'NONE',  ( -0.7071062476717202561, -0.7071073147009723225, 0.000000000000000000 ) ) ;
#2693 = ORIENTED_EDGE ( 'NONE', *, *, #4546, .T. ) ;
#2694 = DIRECTION ( 'NONE',  ( -0.7071066945516583102, -0.7071068678214261771, 0.000000000000000000 ) ) ;
#2695 = CYLINDRICAL_SURFACE ( 'NONE', #2446, 0.2500000000000002220 ) ;
#2696 = PLANE ( 'NONE',  #2954 ) ;
#2697 = CIRCLE ( 'NONE', #7092, 1.499999888241301704 ) ;
#2698 = LINE ( 'NONE', #5514, #6696 ) ;
#2699 = ORIENTED_EDGE ( 'NONE', *, *, #10598, .F. ) ;
#2700 = ORIENTED_EDGE ( 'NONE', *, *, #4185, .F. ) ;
#2701 = DIRECTION ( 'NONE',  ( -0.000000000000000000, -0.000000000000000000, -1.000000000000000000 ) ) ;
#2702 = EDGE_CURVE ( 'NONE', #7903, #1530, #1142, .T. ) ;
#2703 = CYLINDRICAL_SURFACE ( 'NONE', #6778, 1.500000000000011768 ) ;
#2704 = CARTESIAN_POINT ( 'NONE',  ( -6.099999999999990763, -7.600000000000009415, 0.000000000000000000 ) ) ;
#2705 = FACE_OUTER_BOUND ( 'NONE', #9873, .T. ) ;
#2706 = VECTOR ( 'NONE', #4815, 1000.000000000000227 ) ;
#2707 = DIRECTION ( 'NONE',  ( -0.000000000000000000, -0.000000000000000000, -1.000000000000000000 ) ) ;
#2708 = FACE_BOUND ( 'NONE', #9986, .T. ) ;
#2709 = EDGE_CURVE ( 'NONE', #1469, #6763, #8672, .T. ) ;
#2710 = ORIENTED_EDGE ( 'NONE', *, *, #6223, .F. ) ;
#2711 = ORIENTED_EDGE ( 'NONE', *, *, #2442, .F. ) ;
#2712 = ORIENTED_EDGE ( 'NONE', *, *, #9319, .F. ) ;
#2713 = ORIENTED_EDGE ( 'NONE', *, *, #5594, .F. ) ;
#2714 = ADVANCED_FACE ( 'NONE', ( #6937 ), #1717, .F. ) ;
#2715 = ORIENTED_EDGE ( 'NONE', *, *, #6992, .F. ) ;
#2716 = CARTESIAN_POINT ( 'NONE',  ( 3.320000255121510868, -8.249999719435976431, 1000.000000000000000 ) ) ;
#2717 = ADVANCED_FACE ( 'NONE', ( #5968 ), #7925, .F. ) ;
#2718 = CIRCLE ( 'NONE', #10052, 1.999999721762228733 ) ;
#2719 = FACE_OUTER_BOUND ( 'NONE', #2207, .T. ) ;
#2720 = VERTEX_POINT ( 'NONE', #9470 ) ;
#2721 = CYLINDRICAL_SURFACE ( 'NONE', #10608, 0.2499998100103061061 ) ;
#2722 = ADVANCED_FACE ( 'NONE', ( #907 ), #5229, .F. ) ;
#2723 = LINE ( 'NONE', #9443, #8604 ) ;
#2724 = CARTESIAN_POINT ( 'NONE',  ( 28.24999732342335790, 3.320002564991417326, 0.000000000000000000 ) ) ;
#2725 = CIRCLE ( 'NONE', #4186, 2.499999999999992895 ) ;
#2726 = ORIENTED_EDGE ( 'NONE', *, *, #4479, .T. ) ;
#2727 = ORIENTED_EDGE ( 'NONE', *, *, #10434, .F. ) ;
#2728 = ORIENTED_EDGE ( 'NONE', *, *, #5458, .F. ) ;
#2729 = CARTESIAN_POINT ( 'NONE',  ( 20.33769447807136288, -3.749998262237527857, 0.000000000000000000 ) ) ;
#2730 = DIRECTION ( 'NONE',  ( 0.000000000000000000, 0.000000000000000000, 1.000000000000000000 ) ) ;
#2731 = AXIS2_PLACEMENT_3D ( 'NONE', #9365, #5008, #4140 ) ;
#2732 = ADVANCED_FACE ( 'NONE', ( #852 ), #4357, .F. ) ;
#2733 = EDGE_CURVE ( 'NONE', #2365, #9005, #6996, .T. ) ;
#2734 = CYLINDRICAL_SURFACE ( 'NONE', #6023, 0.2499999321997244117 ) ;
#2735 = LINE ( 'NONE', #8881, #428 ) ;
#2736 = VERTEX_POINT ( 'NONE', #5283 ) ;
#2737 = DIRECTION ( 'NONE',  ( 1.000000000000000000, 0.000000000000000000, 0.000000000000000000 ) ) ;
#2738 = LINE ( 'NONE', #99, #3300 ) ;
#2739 = EDGE_LOOP ( 'NONE', ( #208, #8698, #7600, #2524 ) ) ;
#2740 = DIRECTION ( 'NONE',  ( 0.000000000000000000, 0.000000000000000000, 1.000000000000000000 ) ) ;
#2741 = ORIENTED_EDGE ( 'NONE', *, *, #10165, .T. ) ;
#2742 = AXIS2_PLACEMENT_3D ( 'NONE', #6292, #3778, #8251 ) ;
#2743 = CARTESIAN_POINT ( 'NONE',  ( -6.100000000000012079, 7.599999999999996092, 1000.000000000000000 ) ) ;
#2744 = CARTESIAN_POINT ( 'NONE',  ( 20.61139343235189614, 2.424087059261047283, 1000.000000000000000 ) ) ;
#2745 = AXIS2_PLACEMENT_3D ( 'NONE', #2610, #6115, #9619 ) ;
#2746 = CIRCLE ( 'NONE', #5139, 0.2500001743436057744 ) ;
#2747 = CARTESIAN_POINT ( 'NONE',  ( 29.39999749776685434, 3.699998947466240473, 0.000000000000000000 ) ) ;
#2748 = CARTESIAN_POINT ( 'NONE',  ( 22.18162259482446430, -3.999998167242638569, 0.000000000000000000 ) ) ;
#2749 = FACE_OUTER_BOUND ( 'NONE', #8483, .T. ) ;
#2750 = CARTESIAN_POINT ( 'NONE',  ( 24.90710703460692699, 5.897055434816625308, 0.000000000000000000 ) ) ;
#2751 = ORIENTED_EDGE ( 'NONE', *, *, #1320, .T. ) ;
#2752 = DIRECTION ( 'NONE',  ( 0.000000000000000000, 0.000000000000000000, 1.000000000000000000 ) ) ;
#2753 = ORIENTED_EDGE ( 'NONE', *, *, #7201, .F. ) ;
#2754 = ORIENTED_EDGE ( 'NONE', *, *, #2299, .T. ) ;
#2755 = CIRCLE ( 'NONE', #379, 0.2499999351799429004 ) ;
#2756 = VECTOR ( 'NONE', #1596, 1000.000000000000000 ) ;
#2757 = CARTESIAN_POINT ( 'NONE',  ( 22.18162388255297301, 5.999999123447688376, 0.000000000000000000 ) ) ;
#2758 = AXIS2_PLACEMENT_3D ( 'NONE', #4916, #9225, #547 ) ;
#2759 = CARTESIAN_POINT ( 'NONE',  ( 28.29999943741544399, -4.703551156343841022, 1000.000000000000000 ) ) ;
#2760 = LINE ( 'NONE', #10695, #10251 ) ;
#2761 = CARTESIAN_POINT ( 'NONE',  ( -3.749999990525408666, 0.3376953446985325735, 1000.000000000000000 ) ) ;
#2762 = DIRECTION ( 'NONE',  ( 0.000000000000000000, 0.000000000000000000, 1.000000000000000000 ) ) ;
#2763 = VECTOR ( 'NONE', #5951, 1000.000000000000000 ) ;
#2764 = CIRCLE ( 'NONE', #9004, 0.2499999172870248643 ) ;
#2765 = CARTESIAN_POINT ( 'NONE',  ( 3.320000043618251517, 9.400000011623204088, 0.000000000000000000 ) ) ;
#2766 = ORIENTED_EDGE ( 'NONE', *, *, #11101, .F. ) ;
#2767 = EDGE_LOOP ( 'NONE', ( #868, #8929, #6786, #9511 ) ) ;
#2768 = ORIENTED_EDGE ( 'NONE', *, *, #9096, .T. ) ;
#2769 = ORIENTED_EDGE ( 'NONE', *, *, #1087, .F. ) ;
#2770 = ORIENTED_EDGE ( 'NONE', *, *, #5164, .F. ) ;
#2771 = FACE_OUTER_BOUND ( 'NONE', #5175, .T. ) ;
#2772 = CYLINDRICAL_SURFACE ( 'NONE', #5936, 0.2499999994412510085 ) ;
#2773 = EDGE_CURVE ( 'NONE', #11132, #39, #4413, .T. ) ;
#2774 = CARTESIAN_POINT ( 'NONE',  ( -9.399999752640761486, -3.320000012219006980, 1000.000000000000000 ) ) ;
#2775 = LINE ( 'NONE', #660, #10301 ) ;
#2776 = EDGE_CURVE ( 'NONE', #3782, #10191, #7056, .T. ) ;
#2777 = FACE_OUTER_BOUND ( 'NONE', #1192, .T. ) ;
#2778 = EDGE_CURVE ( 'NONE', #5989, #5822, #2870, .T. ) ;
#2779 = DIRECTION ( 'NONE',  ( -0.000000000000000000, -0.000000000000000000, -1.000000000000000000 ) ) ;
#2780 = EDGE_CURVE ( 'NONE', #103, #1331, #3665, .T. ) ;
#2781 = CARTESIAN_POINT ( 'NONE',  ( 4.526776654127246502, 8.226776422445404080, 1000.000000000000000 ) ) ;
#2782 = EDGE_LOOP ( 'NONE', ( #9966, #2688, #6196, #2453 ) ) ;
#2783 = EDGE_LOOP ( 'NONE', ( #10894, #4501, #8356, #8099 ) ) ;
#2784 = CIRCLE ( 'NONE', #11231, 0.2500000070781404071 ) ;
#2785 = VERTEX_POINT ( 'NONE', #7231 ) ;
#2786 = CYLINDRICAL_SURFACE ( 'NONE', #8931, 0.2500001043081422347 ) ;
#2787 = CARTESIAN_POINT ( 'NONE',  ( 2.050609665440981999, -2.050609665440989104, 0.000000000000000000 ) ) ;
#2788 = DIRECTION ( 'NONE',  ( 1.000000000000000000, 0.000000000000000000, 0.000000000000000000 ) ) ;
#2789 = ORIENTED_EDGE ( 'NONE', *, *, #8824, .T. ) ;
#2790 = EDGE_CURVE ( 'NONE', #402, #9834, #7287, .T. ) ;
#2791 = CIRCLE ( 'NONE', #8845, 2.499999999999998668 ) ;
#2792 = EDGE_CURVE ( 'NONE', #9771, #5235, #10797, .T. ) ;
#2793 = AXIS2_PLACEMENT_3D ( 'NONE', #250, #8287, #2025 ) ;
#2794 = DIRECTION ( 'NONE',  ( -0.000000000000000000, -0.000000000000000000, -1.000000000000000000 ) ) ;
#2795 = CARTESIAN_POINT ( 'NONE',  ( 26.09999999999996945, 7.599999999999996092, 1000.000000000000000 ) ) ;
#2796 = VERTEX_POINT ( 'NONE', #9010 ) ;
#2797 = DIRECTION ( 'NONE',  ( -0.000000000000000000, -0.000000000000000000, -1.000000000000000000 ) ) ;
#2798 = PLANE ( 'NONE',  #4026 ) ;
#2799 = ORIENTED_EDGE ( 'NONE', *, *, #4831, .T. ) ;
#2800 = CARTESIAN_POINT ( 'NONE',  ( 26.09999999999996945, -7.600000000000009415, 0.000000000000000000 ) ) ;
#2801 = ORIENTED_EDGE ( 'NONE', *, *, #8412, .F. ) ;
#2802 = AXIS2_PLACEMENT_3D ( 'NONE', #8490, #4756, #613 ) ;
#2803 = EDGE_CURVE ( 'NONE', #91, #8906, #6363, .T. ) ;
#2804 = CARTESIAN_POINT ( 'NONE',  ( 9.999999758667000194, 9.799999922545918452, 0.000000000000000000 ) ) ;
#2805 = AXIS2_PLACEMENT_3D ( 'NONE', #4422, #5116, #11333 ) ;
#2806 = LINE ( 'NONE', #2744, #4057 ) ;
#2807 = VECTOR ( 'NONE', #5324, 999.9999999999998863 ) ;
#2808 = CARTESIAN_POINT ( 'NONE',  ( 28.00000012113675041, -3.319997592323320479, 1000.000000000000000 ) ) ;
#2809 = VECTOR ( 'NONE', #7066, 1000.000000000000000 ) ;
#2810 = LINE ( 'NONE', #4648, #10470 ) ;
#2811 = DIRECTION ( 'NONE',  ( 0.000000000000000000, 0.000000000000000000, 1.000000000000000000 ) ) ;
#2812 =( LENGTH_UNIT ( ) NAMED_UNIT ( * ) SI_UNIT ( .MILLI., .METRE. ) );
#2813 = EDGE_LOOP ( 'NONE', ( #9272, #188, #2972, #5370 ) ) ;
#2814 = DIRECTION ( 'NONE',  ( -0.000000000000000000, -0.000000000000000000, -1.000000000000000000 ) ) ;
#2815 = ORIENTED_EDGE ( 'NONE', *, *, #3905, .F. ) ;
#2816 = ADVANCED_FACE ( 'NONE', ( #1247 ), #108, .T. ) ;
#2817 = VERTEX_POINT ( 'NONE', #2920 ) ;
#2818 = AXIS2_PLACEMENT_3D ( 'NONE', #8585, #708, #4215 ) ;
#2819 = LINE ( 'NONE', #6318, #8130 ) ;
#2820 = VECTOR ( 'NONE', #9219, 1000.000000000000000 ) ;
#2821 = CARTESIAN_POINT ( 'NONE',  ( 15.82426419831452158, -3.185787088414715473, 0.000000000000000000 ) ) ;
#2822 = LINE ( 'NONE', #68, #891 ) ;
#2823 = DIRECTION ( 'NONE',  ( 0.000000000000000000, 0.000000000000000000, 1.000000000000000000 ) ) ;
#2824 = DIRECTION ( 'NONE',  ( 0.6246943452189793744, -0.7808693713108681989, 0.000000000000000000 ) ) ;
#2825 = VECTOR ( 'NONE', #10625, 1000.000000000000114 ) ;
#2826 = CARTESIAN_POINT ( 'NONE',  ( 28.49999930645356727, -9.999997741446296828, 1000.000000000000000 ) ) ;
#2827 = AXIS2_PLACEMENT_3D ( 'NONE', #4722, #2089, #5587 ) ;
#2828 = EDGE_LOOP ( 'NONE', ( #3973, #1939, #9373, #3131 ) ) ;
#2829 = VERTEX_POINT ( 'NONE', #1995 ) ;
#2830 = VERTEX_POINT ( 'NONE', #1942 ) ;
#2831 = ORIENTED_EDGE ( 'NONE', *, *, #7061, .F. ) ;
#2832 = CARTESIAN_POINT ( 'NONE',  ( 23.95000102667850683, 9.999998723948591461, 0.000000000000000000 ) ) ;
#2833 = CARTESIAN_POINT ( 'NONE',  ( 27.99999737013824586, 3.320002564991417326, 1000.000000000000000 ) ) ;
#2834 = VECTOR ( 'NONE', #8941, 1000.000000000000000 ) ;
#2835 = DIRECTION ( 'NONE',  ( -0.000000000000000000, -0.000000000000000000, -1.000000000000000000 ) ) ;
#2836 = DIRECTION ( 'NONE',  ( 1.000000000000000000, 0.000000000000000000, 0.000000000000000000 ) ) ;
#2837 = CARTESIAN_POINT ( 'NONE',  ( 29.74999964228795690, -3.949998076722499363, 1000.000000000000000 ) ) ;
#2838 = CYLINDRICAL_SURFACE ( 'NONE', #3002, 0.7999999999999986011 ) ;
#2839 = AXIS2_PLACEMENT_3D ( 'NONE', #9211, #486, #10130 ) ;
#2840 = CARTESIAN_POINT ( 'NONE',  ( 6.999999982964314249, -8.600000054410777750, 0.000000000000000000 ) ) ;
#2841 = ORIENTED_EDGE ( 'NONE', *, *, #746, .F. ) ;
#2842 = VERTEX_POINT ( 'NONE', #1071 ) ;
#2843 = VERTEX_POINT ( 'NONE', #10742 ) ;
#2844 = CARTESIAN_POINT ( 'NONE',  ( 25.99999806723914020, 2.181625789213895050, 1000.000000000000000 ) ) ;
#2845 = CARTESIAN_POINT ( 'NONE',  ( 3.595837038065416547, -4.585786137746946878, 1000.000000000000000 ) ) ;
#2846 = DIRECTION ( 'NONE',  ( -0.000000000000000000, -0.000000000000000000, -1.000000000000000000 ) ) ;
#2847 = AXIS2_PLACEMENT_3D ( 'NONE', #9945, #4543, #1154 ) ;
#2849 = EDGE_CURVE ( 'NONE', #11171, #5713, #5397, .T. ) ;
#2848 = ORIENTED_EDGE ( 'NONE', *, *, #2864, .F. ) ;
#2850 = EDGE_CURVE ( 'NONE', #3019, #6172, #3528, .T. ) ;
#2851 = CARTESIAN_POINT ( 'NONE',  ( 0.3376954189101416537, -3.999999972434276074, 1000.000000000000000 ) ) ;
#2852 = DIRECTION ( 'NONE',  ( 0.9999999999998616662, 5.260372866946472392E-07, 0.000000000000000000 ) ) ;
#2853 = ORIENTED_EDGE ( 'NONE', *, *, #7984, .F. ) ;
#2854 = LINE ( 'NONE', #8253, #1909 ) ;
#2855 = PLANE ( 'NONE',  #6041 ) ;
#2856 = ORIENTED_EDGE ( 'NONE', *, *, #2948, .T. ) ;
#2857 = AXIS2_PLACEMENT_3D ( 'NONE', #8561, #4360, #10280 ) ;
#2858 = VERTEX_POINT ( 'NONE', #1136 ) ;
#2859 = DIRECTION ( 'NONE',  ( -0.7071067372445010157, 0.7071068251285913542, 0.000000000000000000 ) ) ;
#2860 = ORIENTED_EDGE ( 'NONE', *, *, #7198, .T. ) ;
#2861 = ADVANCED_FACE ( 'NONE', ( #5449 ), #341, .F. ) ;
#2862 = VERTEX_POINT ( 'NONE', #4522 ) ;
#2863 = CYLINDRICAL_SURFACE ( 'NONE', #9848, 2.499999999999988898 ) ;
#2864 = EDGE_CURVE ( 'NONE', #6972, #6583, #6819, .T. ) ;
#2865 = ADVANCED_FACE ( 'NONE', ( #3840 ), #6416, .T. ) ;
#2866 = ADVANCED_FACE ( 'NONE', ( #9925 ), #8896, .T. ) ;
#2867 = VECTOR ( 'NONE', #9405, 1000.000000000000000 ) ;
#2868 = LINE ( 'NONE', #8209, #8458 ) ;
#2869 = EDGE_CURVE ( 'NONE', #6684, #1039, #2252, .T. ) ;
#2870 = LINE ( 'NONE', #8156, #5549 ) ;
#2871 = ORIENTED_EDGE ( 'NONE', *, *, #1824, .T. ) ;
#2872 = DIRECTION ( 'NONE',  ( -0.000000000000000000, -1.000000000000000000, -0.000000000000000000 ) ) ;
#2873 = CARTESIAN_POINT ( 'NONE',  ( 20.18152217271641646, 3.945216415219804595, 0.000000000000000000 ) ) ;
#2874 = FILL_AREA_STYLE ('',( #10685 ) ) ;
#2875 = ORIENTED_EDGE ( 'NONE', *, *, #7300, .F. ) ;
#2876 = CARTESIAN_POINT ( 'NONE',  ( 24.37322271240137539, -8.073221246951977292, 1000.000000000000000 ) ) ;
#2877 = ORIENTED_EDGE ( 'NONE', *, *, #10725, .T. ) ;
#2878 = ORIENTED_EDGE ( 'NONE', *, *, #5251, .F. ) ;
#2879 = DIRECTION ( 'NONE',  ( -1.000000000000000000, 0.000000000000000000, 0.000000000000000000 ) ) ;
#2880 = LINE ( 'NONE', #6375, #4410 ) ;
#2881 = LINE ( 'NONE', #8047, #2183 ) ;
#2882 = EDGE_CURVE ( 'NONE', #11193, #2862, #7109, .T. ) ;
#2883 = VECTOR ( 'NONE', #7960, 1000.000000000000114 ) ;
#2884 = LINE ( 'NONE', #8911, #11058 ) ;
#2885 = CARTESIAN_POINT ( 'NONE',  ( -3.320000099887525202, 9.150000055594867732, 1000.000000000000000 ) ) ;
#2886 = DIRECTION ( 'NONE',  ( -0.000000000000000000, -0.000000000000000000, -1.000000000000000000 ) ) ;
#2887 = VERTEX_POINT ( 'NONE', #2747 ) ;
#2888 = ORIENTED_EDGE ( 'NONE', *, *, #4323, .F. ) ;
#2889 = VERTEX_POINT ( 'NONE', #6248 ) ;
#2890 = EDGE_LOOP ( 'NONE', ( #10091, #5192, #6566, #2726 ) ) ;
#2891 = DIRECTION ( 'NONE',  ( -0.000000000000000000, -0.000000000000000000, -1.000000000000000000 ) ) ;
#2892 = ADVANCED_FACE ( 'NONE', ( #162 ), #506, .F. ) ;
#2893 = CARTESIAN_POINT ( 'NONE',  ( 10.37569436908790443, -9.999999668599047098, 1000.000000000000000 ) ) ;
#2894 = CARTESIAN_POINT ( 'NONE',  ( 3.595836765676339919, 4.585786309095688296, 0.000000000000000000 ) ) ;
#2895 = CARTESIAN_POINT ( 'NONE',  ( 16.93000065914436547, 8.249999582054593716, 1000.000000000000000 ) ) ;
#2896 = CARTESIAN_POINT ( 'NONE',  ( 2.181623270474754239, 5.999999804297232231, 0.000000000000000000 ) ) ;
#2897 = DIRECTION ( 'NONE',  ( -1.000000000000000000, 0.000000000000000000, 0.000000000000000000 ) ) ;
#2898 = FACE_OUTER_BOUND ( 'NONE', #6345, .T. ) ;
#2899 = ORIENTED_EDGE ( 'NONE', *, *, #4751, .F. ) ;
#2900 = ORIENTED_EDGE ( 'NONE', *, *, #963, .T. ) ;
#2901 = ORIENTED_EDGE ( 'NONE', *, *, #11183, .F. ) ;
#2902 = VECTOR ( 'NONE', #3790, 1000.000000000000000 ) ;
#2903 = ORIENTED_EDGE ( 'NONE', *, *, #1728, .F. ) ;
#2904 = FACE_OUTER_BOUND ( 'NONE', #2828, .T. ) ;
#2905 = CARTESIAN_POINT ( 'NONE',  ( 29.75000057964370725, 3.949998612190155800, 0.000000000000000000 ) ) ;
#2906 = DIRECTION ( 'NONE',  ( 1.000000000000000000, 0.000000000000000000, 0.000000000000000000 ) ) ;
#2907 = VERTEX_POINT ( 'NONE', #8320 ) ;
#2908 = VECTOR ( 'NONE', #7013, 1000.000000000000000 ) ;
#2909 = DIRECTION ( 'NONE',  ( 0.000000000000000000, 0.000000000000000000, -1.000000000000000000 ) ) ;
#2910 = DIRECTION ( 'NONE',  ( -0.000000000000000000, -0.000000000000000000, -1.000000000000000000 ) ) ;
#2911 = DIRECTION ( 'NONE',  ( 0.9999999999999947820, 1.030353624409846740E-07, -0.000000000000000000 ) ) ;
#2912 = DIRECTION ( 'NONE',  ( 0.000000000000000000, 0.000000000000000000, 1.000000000000000000 ) ) ;
#2913 = ORIENTED_EDGE ( 'NONE', *, *, #6387, .F. ) ;
#2914 = ORIENTED_EDGE ( 'NONE', *, *, #4981, .T. ) ;
#2915 = CARTESIAN_POINT ( 'NONE',  ( 4.000000189989806110, -2.761522307991981506, 1000.000000000000000 ) ) ;
#2916 = AXIS2_PLACEMENT_3D ( 'NONE', #4288, #5150, #9509 ) ;
#2917 = VERTEX_POINT ( 'NONE', #3154 ) ;
#2918 = LINE ( 'NONE', #964, #3327 ) ;
#2919 = EDGE_CURVE ( 'NONE', #1215, #974, #8306, .T. ) ;
#2920 = CARTESIAN_POINT ( 'NONE',  ( -1.484924240491729774, -2.616295090390199807, 1000.000000000000000 ) ) ;
#2921 = ADVANCED_FACE ( 'NONE', ( #6646 ), #3040, .F. ) ;
#2922 = VERTEX_POINT ( 'NONE', #1474 ) ;
#2923 = VECTOR ( 'NONE', #211, 1000.000000000000000 ) ;
#2924 = FACE_OUTER_BOUND ( 'NONE', #4169, .T. ) ;
#2925 = DIRECTION ( 'NONE',  ( -0.000000000000000000, -0.000000000000000000, -1.000000000000000000 ) ) ;
#2926 = CARTESIAN_POINT ( 'NONE',  ( -2.050609665440995766, 2.050609665440974894, 1000.000000000000000 ) ) ;
#2927 = CARTESIAN_POINT ( 'NONE',  ( 23.70000138579651860, 9.399998947466265520, 1000.000000000000000 ) ) ;
#2928 = ORIENTED_EDGE ( 'NONE', *, *, #10468, .F. ) ;
#2929 = EDGE_CURVE ( 'NONE', #4234, #5219, #8666, .T. ) ;
#2931 = EDGE_CURVE ( 'NONE', #5543, #2424, #9394, .T. ) ;
#2930 = CARTESIAN_POINT ( 'NONE',  ( 13.60000012899577371, -8.000000484978855297, 0.000000000000000000 ) ) ;
#2932 = ORIENTED_EDGE ( 'NONE', *, *, #5531, .F. ) ;
#2933 = VERTEX_POINT ( 'NONE', #452 ) ;
#2934 = CARTESIAN_POINT ( 'NONE',  ( 26.09999999999996945, -7.600000000000009415, 1000.000000000000000 ) ) ;
#2935 = CIRCLE ( 'NONE', #718, 0.9999999999999940048 ) ;
#2936 = CARTESIAN_POINT ( 'NONE',  ( 23.94521648336826658, -0.1815191648688180281, 1000.000000000000000 ) ) ;
#2937 = DIRECTION ( 'NONE',  ( 1.000000000000000000, 0.000000000000000000, 0.000000000000000000 ) ) ;
#2938 = DIRECTION ( 'NONE',  ( -0.000000000000000000, -0.000000000000000000, -1.000000000000000000 ) ) ;
#2939 = DIRECTION ( 'NONE',  ( 1.000000000000000000, 0.000000000000000000, 0.000000000000000000 ) ) ;
#2940 = CARTESIAN_POINT ( 'NONE',  ( 16.04999972588442958, 9.999999582799457443, 1000.000000000000000 ) ) ;
#2941 = VECTOR ( 'NONE', #8049, 1000.000000000000000 ) ;
#2942 = EDGE_LOOP ( 'NONE', ( #2799, #6536 ) ) ;
#2943 = ORIENTED_EDGE ( 'NONE', *, *, #8396, .T. ) ;
#2944 = AXIS2_PLACEMENT_3D ( 'NONE', #9680, #1757, #5373 ) ;
#2945 = CIRCLE ( 'NONE', #9537, 1.499999999999987566 ) ;
#2946 = VERTEX_POINT ( 'NONE', #11089 ) ;
#2947 = EDGE_CURVE ( 'NONE', #10876, #7294, #7404, .T. ) ;
#2948 = EDGE_CURVE ( 'NONE', #4973, #4433, #9341, .T. ) ;
#2949 = CARTESIAN_POINT ( 'NONE',  ( 19.14404919470731770, 3.393721882965480940, 1000.000000000000000 ) ) ;
#2950 = ORIENTED_EDGE ( 'NONE', *, *, #8473, .F. ) ;
#2951 = CARTESIAN_POINT ( 'NONE',  ( -3.320000111199955306, -9.150000159032487090, 0.000000000000000000 ) ) ;
#2952 = CARTESIAN_POINT ( 'NONE',  ( 3.320000135614183279, -9.399999651635681630, 1000.000000000000000 ) ) ;
#2953 = DIRECTION ( 'NONE',  ( -0.000000000000000000, -0.000000000000000000, -1.000000000000000000 ) ) ;
#2954 = AXIS2_PLACEMENT_3D ( 'NONE', #8953, #5512, #1831 ) ;
#2955 = CARTESIAN_POINT ( 'NONE',  ( 4.600000094994893374, -2.761522368914984149, 1000.000000000000000 ) ) ;
#2956 = CARTESIAN_POINT ( 'NONE',  ( 16.67999998376797066, -7.999999528676540628, 1000.000000000000000 ) ) ;
#2957 = CARTESIAN_POINT ( 'NONE',  ( 16.60627811703450973, -0.8559508052926739774, 0.000000000000000000 ) ) ;
#2958 = EDGE_LOOP ( 'NONE', ( #6058, #9972, #9361, #10835 ) ) ;
#2959 = ORIENTED_EDGE ( 'NONE', *, *, #6559, .F. ) ;
#2960 = ORIENTED_EDGE ( 'NONE', *, *, #9681, .T. ) ;
#2961 = ORIENTED_EDGE ( 'NONE', *, *, #6641, .T. ) ;
#2962 = AXIS2_PLACEMENT_3D ( 'NONE', #9568, #9455, #1700 ) ;
#2963 = DIRECTION ( 'NONE',  ( -0.000000000000000000, -0.000000000000000000, -1.000000000000000000 ) ) ;
#2964 = VECTOR ( 'NONE', #3902, 1000.000000000000000 ) ;
#2965 = CARTESIAN_POINT ( 'NONE',  ( 24.70355370371647652, 8.049999146034519271, 0.000000000000000000 ) ) ;
#2966 = FACE_OUTER_BOUND ( 'NONE', #762, .T. ) ;
#2967 = ORIENTED_EDGE ( 'NONE', *, *, #9540, .T. ) ;
#2968 = LINE ( 'NONE', #8145, #5494 ) ;
#2969 = CIRCLE ( 'NONE', #9380, 0.2500001743436057744 ) ;
#2970 = DIRECTION ( 'NONE',  ( 0.000000000000000000, 0.000000000000000000, 1.000000000000000000 ) ) ;
#2971 = ADVANCED_FACE ( 'NONE', ( #5673 ), #5841, .T. ) ;
#2972 = ORIENTED_EDGE ( 'NONE', *, *, #8134, .F. ) ;
#2973 = DIRECTION ( 'NONE',  ( -0.000000000000000000, -0.000000000000000000, -1.000000000000000000 ) ) ;
#2974 = ORIENTED_EDGE ( 'NONE', *, *, #4114, .T. ) ;
#2975 = ORIENTED_EDGE ( 'NONE', *, *, #49, .F. ) ;
#2976 = CARTESIAN_POINT ( 'NONE',  ( 28.24999968900306158, -3.069998122879333380, 1000.000000000000000 ) ) ;
#2977 = CIRCLE ( 'NONE', #9757, 0.2499999204762483884 ) ;
#2978 = LINE ( 'NONE', #9177, #203 ) ;
#2979 = DIRECTION ( 'NONE',  ( 1.000000000000000000, 0.000000000000000000, 0.000000000000000000 ) ) ;
#2980 = DIRECTION ( 'NONE',  ( 1.000000000000000000, 0.000000000000000000, 0.000000000000000000 ) ) ;
#2981 = DIRECTION ( 'NONE',  ( 0.000000000000000000, 0.000000000000000000, 1.000000000000000000 ) ) ;
#2982 = CARTESIAN_POINT ( 'NONE',  ( 22.61629509039018160, -1.484924240491742875, 1000.000000000000000 ) ) ;
#2983 = DIRECTION ( 'NONE',  ( -1.000000000000000000, 0.000000000000000000, 0.000000000000000000 ) ) ;
#2984 = ORIENTED_EDGE ( 'NONE', *, *, #1730, .F. ) ;
#2985 = VECTOR ( 'NONE', #10101, 1000.000000000000000 ) ;
#2986 = CARTESIAN_POINT ( 'NONE',  ( 15.82426419831452158, -3.185787088414715473, 1000.000000000000000 ) ) ;
#2987 = CIRCLE ( 'NONE', #10883, 0.2499995678663692600 ) ;
#2988 = ORIENTED_EDGE ( 'NONE', *, *, #608, .T. ) ;
#2989 = ORIENTED_EDGE ( 'NONE', *, *, #4607, .T. ) ;
#2990 = DIRECTION ( 'NONE',  ( 0.000000000000000000, 0.000000000000000000, 1.000000000000000000 ) ) ;
#2991 = VECTOR ( 'NONE', #4511, 1000.000000000000114 ) ;
#2992 = EDGE_CURVE ( 'NONE', #8362, #7365, #7464, .T. ) ;
#2993 = EDGE_CURVE ( 'NONE', #61, #3027, #2235, .T. ) ;
#2994 = AXIS2_PLACEMENT_3D ( 'NONE', #8907, #1031, #10866 ) ;
#2995 = DIRECTION ( 'NONE',  ( -0.000000000000000000, -0.000000000000000000, -1.000000000000000000 ) ) ;
#2996 = EDGE_CURVE ( 'NONE', #2052, #7779, #3711, .T. ) ;
#2997 = CARTESIAN_POINT ( 'NONE',  ( 9.999999758667000194, 9.799999922545918452, 1000.000000000000000 ) ) ;
#2998 = DIRECTION ( 'NONE',  ( -0.000000000000000000, -0.000000000000000000, -1.000000000000000000 ) ) ;
#2999 = LINE ( 'NONE', #358, #8721 ) ;
#3000 = VERTEX_POINT ( 'NONE', #9289 ) ;
#3001 = ORIENTED_EDGE ( 'NONE', *, *, #7271, .T. ) ;
#3002 = AXIS2_PLACEMENT_3D ( 'NONE', #5314, #6222, #1971 ) ;
#3003 = CIRCLE ( 'NONE', #6474, 0.2499996408820565064 ) ;
#3004 = ADVANCED_FACE ( 'NONE', ( #5734 ), #1366, .F. ) ;
#3005 = ORIENTED_EDGE ( 'NONE', *, *, #4397, .T. ) ;
#3006 = CARTESIAN_POINT ( 'NONE',  ( 16.67999987215819502, -9.149999338687111461, 1000.000000000000000 ) ) ;
#3007 = EDGE_CURVE ( 'NONE', #588, #4084, #3258, .T. ) ;
#3008 = ORIENTED_EDGE ( 'NONE', *, *, #4361, .F. ) ;
#3009 = CARTESIAN_POINT ( 'NONE',  ( 25.89705414534308048, 4.907109385551685854, 0.000000000000000000 ) ) ;
#3010 = ADVANCED_FACE ( 'NONE', ( #4009 ), #6747, .F. ) ;
#3011 = CARTESIAN_POINT ( 'NONE',  ( 24.58578507738358354, 3.595839530616790292, 1000.000000000000000 ) ) ;
#3012 = DIRECTION ( 'NONE',  ( -0.000000000000000000, -0.000000000000000000, -1.000000000000000000 ) ) ;
#3013 = AXIS2_PLACEMENT_3D ( 'NONE', #5883, #2269, #5776 ) ;
#3014 = LINE ( 'NONE', #4952, #4025 ) ;
#3015 = ADVANCED_FACE ( 'NONE', ( #1415 ), #10042, .F. ) ;
#3016 = CARTESIAN_POINT ( 'NONE',  ( -0.8559508052926739774, 3.393721882965480940, 1000.000000000000000 ) ) ;
#3017 = CARTESIAN_POINT ( 'NONE',  ( -2.616295090390220679, -1.484924240491749980, 0.000000000000000000 ) ) ;
#3018 = ORIENTED_EDGE ( 'NONE', *, *, #11086, .T. ) ;
#3019 = VERTEX_POINT ( 'NONE', #4923 ) ;
#3020 = EDGE_LOOP ( 'NONE', ( #5144, #3818, #6960, #4149, #415, #6945, #6943, #650, #4455, #604, #1401, #7018, #6257, #4435, #3588, #10908, #6549, #10430, #5597, #5569, #9701, #1988, #6685, #7334, #7350, #8748, #5442, #4145 ) ) ;
#3021 = ORIENTED_EDGE ( 'NONE', *, *, #5749, .F. ) ;
#3022 = VECTOR ( 'NONE', #6649, 1000.000000000000000 ) ;
#3023 = ORIENTED_EDGE ( 'NONE', *, *, #5410, .F. ) ;
#3024 = CARTESIAN_POINT ( 'NONE',  ( 4.373223479645991674, 8.073223481912375377, 0.000000000000000000 ) ) ;
#3025 = DIRECTION ( 'NONE',  ( -0.000000000000000000, -0.000000000000000000, -1.000000000000000000 ) ) ;
#3026 = PLANE ( 'NONE',  #2630 ) ;
#3027 = VERTEX_POINT ( 'NONE', #8429 ) ;
#3028 = CARTESIAN_POINT ( 'NONE',  ( -6.604163088458923525, 5.200000111050748330, 1000.000000000000000 ) ) ;
#3029 = ADVANCED_FACE ( 'NONE', ( #2682 ), #11311, .F. ) ;
#3030 = LINE ( 'NONE', #6521, #9959 ) ;
#3031 = ORIENTED_EDGE ( 'NONE', *, *, #5590, .T. ) ;
#3032 = CARTESIAN_POINT ( 'NONE',  ( 2.181623534149815136, -5.999999840064357493, 1000.000000000000000 ) ) ;
#3033 = ORIENTED_EDGE ( 'NONE', *, *, #8394, .F. ) ;
#3034 = EDGE_LOOP ( 'NONE', ( #6007, #1282, #3381, #4351, #3323, #2138, #7947, #6027, #5961, #6717, #3074, #955, #9434, #4620, #5254, #2425, #1193, #4489, #6252, #5709, #4477 ) ) ;
#3035 = CIRCLE ( 'NONE', #4488, 0.2499999321998354340 ) ;
#3036 = LINE ( 'NONE', #1244, #5077 ) ;
#3037 = ORIENTED_EDGE ( 'NONE', *, *, #9444, .F. ) ;
#3038 = DIRECTION ( 'NONE',  ( 0.000000000000000000, 0.000000000000000000, 1.000000000000000000 ) ) ;
#3039 = AXIS2_PLACEMENT_3D ( 'NONE', #4417, #3502, #11270 ) ;
#3040 = PLANE ( 'NONE',  #4818 ) ;
#3041 = CARTESIAN_POINT ( 'NONE',  ( 13.60000033202134873, 8.000000266372319757, 1000.000000000000000 ) ) ;
#3042 = CARTESIAN_POINT ( 'NONE',  ( -0.1815216637469636851, 3.945217053284433284, 1000.000000000000000 ) ) ;
#3043 = CYLINDRICAL_SURFACE ( 'NONE', #5860, 0.2499999180770847151 ) ;
#3044 = LINE ( 'NONE', #2062, #7529 ) ;
#3045 = EDGE_LOOP ( 'NONE', ( #494, #931, #8054, #8057 ) ) ;
#3046 = DIRECTION ( 'NONE',  ( 9.861040709574666836E-07, 0.9999999999995137223, 0.000000000000000000 ) ) ;
#3047 = ORIENTED_EDGE ( 'NONE', *, *, #5701, .T. ) ;
#3048 = VERTEX_POINT ( 'NONE', #4347 ) ;
#3049 = DIRECTION ( 'NONE',  ( -0.000000000000000000, -0.000000000000000000, -1.000000000000000000 ) ) ;
#3050 = CARTESIAN_POINT ( 'NONE',  ( 2.616295090390203359, 1.484924240491733549, 1000.000000000000000 ) ) ;
#3051 = CARTESIAN_POINT ( 'NONE',  ( -0.1815216637469641014, 3.945217053284433284, 0.000000000000000000 ) ) ;
#3052 = DIRECTION ( 'NONE',  ( -0.000000000000000000, -0.000000000000000000, -1.000000000000000000 ) ) ;
#3053 = VECTOR ( 'NONE', #10506, 1000.000000000000000 ) ;
#3054 = DIRECTION ( 'NONE',  ( 0.000000000000000000, 1.000000000000000000, 0.000000000000000000 ) ) ;
#3055 = ORIENTED_EDGE ( 'NONE', *, *, #3415, .T. ) ;
#3056 = ORIENTED_EDGE ( 'NONE', *, *, #6137, .F. ) ;
#3057 = ORIENTED_EDGE ( 'NONE', *, *, #7278, .F. ) ;
#3058 = LINE ( 'NONE', #8398, #11248 ) ;
#3059 = DIRECTION ( 'NONE',  ( 4.335457536969091295E-07, 0.9999999999999059641, 0.000000000000000000 ) ) ;
#3060 = VECTOR ( 'NONE', #10852, 1000.000000000000000 ) ;
#3061 = DIRECTION ( 'NONE',  ( 1.000000000000000000, 0.000000000000000000, 0.000000000000000000 ) ) ;
#3062 = DIRECTION ( 'NONE',  ( 1.000000000000000000, 0.000000000000000000, 0.000000000000000000 ) ) ;
#3063 = DIRECTION ( 'NONE',  ( -0.000000000000000000, -0.000000000000000000, -1.000000000000000000 ) ) ;
#3064 = EDGE_CURVE ( 'NONE', #1794, #2160, #2447, .T. ) ;
#3065 = CARTESIAN_POINT ( 'NONE',  ( 17.14939033455897643, 2.050609665440974894, 1000.000000000000000 ) ) ;
#3066 = CARTESIAN_POINT ( 'NONE',  ( 16.00000025197457987, -2.761522904833349390, 1000.000000000000000 ) ) ;
#3067 = ADVANCED_FACE ( 'NONE', ( #780 ), #3482, .F. ) ;
#3068 = CYLINDRICAL_SURFACE ( 'NONE', #3947, 0.2500000949956990293 ) ;
#3069 = ORIENTED_EDGE ( 'NONE', *, *, #1944, .T. ) ;
#3070 = VERTEX_POINT ( 'NONE', #11251 ) ;
#3071 = ADVANCED_FACE ( 'NONE', ( #7912 ), #6066, .F. ) ;
#3072 = AXIS2_PLACEMENT_3D ( 'NONE', #2844, #7324, #1056 ) ;
#3074 = ORIENTED_EDGE ( 'NONE', *, *, #9662, .T. ) ;
#3073 = ORIENTED_EDGE ( 'NONE', *, *, #10376, .F. ) ;
#3075 = EDGE_CURVE ( 'NONE', #9227, #4219, #2503, .T. ) ;
#3076 = VERTEX_POINT ( 'NONE', #6924 ) ;
#3077 = ORIENTED_EDGE ( 'NONE', *, *, #5421, .F. ) ;
#3078 = DIRECTION ( 'NONE',  ( 1.000000000000000000, 0.000000000000000000, 0.000000000000000000 ) ) ;
#3079 = CARTESIAN_POINT ( 'NONE',  ( 23.70000138579651860, 9.399998947466265520, 0.000000000000000000 ) ) ;
#3080 = DIRECTION ( 'NONE',  ( 0.000000000000000000, -0.000000000000000000, -1.000000000000000000 ) ) ;
#3081 = ADVANCED_FACE ( 'NONE', ( #5953 ), #11192, .T. ) ;
#3082 = ORIENTED_EDGE ( 'NONE', *, *, #3478, .F. ) ;
#3083 = LINE ( 'NONE', #8308, #9338 ) ;
#3084 = CARTESIAN_POINT ( 'NONE',  ( 20.00000000000000355, 0.000000000000000000, 1000.000000000000000 ) ) ;
#3085 = VECTOR ( 'NONE', #1829, 1000.000000000000000 ) ;
#3086 = CARTESIAN_POINT ( 'NONE',  ( 27.99999823440559155, 4.196448953951311900, 1000.000000000000000 ) ) ;
#3087 = VERTEX_POINT ( 'NONE', #10382 ) ;
#3088 = VERTEX_POINT ( 'NONE', #4399 ) ;
#3089 = DIRECTION ( 'NONE',  ( -1.000000000000000000, 0.000000000000000000, 0.000000000000000000 ) ) ;
#3090 = CARTESIAN_POINT ( 'NONE',  ( -4.703553374060774672, -8.299999808857622341, 0.000000000000000000 ) ) ;
#3091 = EDGE_CURVE ( 'NONE', #6583, #9103, #2623, .T. ) ;
#3092 = EDGE_CURVE ( 'NONE', #2796, #7902, #4168, .T. ) ;
#3093 = AXIS2_PLACEMENT_3D ( 'NONE', #7486, #9147, #9090 ) ;
#3094 = DIRECTION ( 'NONE',  ( 0.000000000000000000, -1.000000000000000000, 0.000000000000000000 ) ) ;
#3095 = DIRECTION ( 'NONE',  ( 1.000000000000000000, 0.000000000000000000, 0.000000000000000000 ) ) ;
#3096 = FACE_OUTER_BOUND ( 'NONE', #5972, .T. ) ;
#3097 = LINE ( 'NONE', #5900, #5764 ) ;
#3098 = DIRECTION ( 'NONE',  ( -0.000000000000000000, -0.000000000000000000, -1.000000000000000000 ) ) ;
#3099 = DIRECTION ( 'NONE',  ( 0.000000000000000000, 0.000000000000000000, 1.000000000000000000 ) ) ;
#3100 = ORIENTED_EDGE ( 'NONE', *, *, #7421, .F. ) ;
#3101 = AXIS2_PLACEMENT_3D ( 'NONE', #7120, #10633, #4922 ) ;
#3102 = EDGE_CURVE ( 'NONE', #10314, #3808, #9042, .T. ) ;
#3103 = DIRECTION ( 'NONE',  ( -0.000000000000000000, -0.000000000000000000, -1.000000000000000000 ) ) ;
#3104 = DIRECTION ( 'NONE',  ( -0.000000000000000000, -0.000000000000000000, -1.000000000000000000 ) ) ;
#3105 = AXIS2_PLACEMENT_3D ( 'NONE', #5940, #2374, #7621 ) ;
#3106 = DIRECTION ( 'NONE',  ( 0.000000000000000000, 0.000000000000000000, 1.000000000000000000 ) ) ;
#3107 = CARTESIAN_POINT ( 'NONE',  ( 2.181623534149808474, -3.999999782444471741, 1000.000000000000000 ) ) ;
#3108 = DIRECTION ( 'NONE',  ( -0.000000000000000000, -0.000000000000000000, -1.000000000000000000 ) ) ;
#3109 = EDGE_LOOP ( 'NONE', ( #4381, #7718, #2535, #1615 ) ) ;
#3110 = VERTEX_POINT ( 'NONE', #7043 ) ;
#3111 = AXIS2_PLACEMENT_3D ( 'NONE', #4725, #8125, #9041 ) ;
#3112 = ORIENTED_EDGE ( 'NONE', *, *, #804, .F. ) ;
#3113 = APPLICATION_CONTEXT ( 'automotive_design' ) ;
#3114 = CARTESIAN_POINT ( 'NONE',  ( -5.897056384537011198, 4.907106993368853587, 1000.000000000000000 ) ) ;
#3115 = ORIENTED_EDGE ( 'NONE', *, *, #9938, .T. ) ;
#3116 = CARTESIAN_POINT ( 'NONE',  ( 25.89705509252597437, -4.907104382447458057, 1000.000000000000000 ) ) ;
#3117 = LINE ( 'NONE', #1336, #8265 ) ;
#3118 = FACE_OUTER_BOUND ( 'NONE', #4191, .T. ) ;
#3119 = CARTESIAN_POINT ( 'NONE',  ( 28.24999968900306158, -3.069998122879336044, 1000.000000000000000 ) ) ;
#3120 = AXIS2_PLACEMENT_3D ( 'NONE', #10874, #2998, #9138 ) ;
#3121 = CARTESIAN_POINT ( 'NONE',  ( 4.703553569300189530, -8.299999950632781065, 1000.000000000000000 ) ) ;
#3122 = AXIS2_PLACEMENT_3D ( 'NONE', #4391, #3476, #7147 ) ;
#3123 = DIRECTION ( 'NONE',  ( 0.000000000000000000, 0.000000000000000000, 1.000000000000000000 ) ) ;
#3124 = AXIS2_PLACEMENT_3D ( 'NONE', #10090, #4106, #7624 ) ;
#3125 = CYLINDRICAL_SURFACE ( 'NONE', #8345, 0.2500000000000019429 ) ;
#3126 = LINE ( 'NONE', #3989, #3479 ) ;
#3127 = ORIENTED_EDGE ( 'NONE', *, *, #9538, .T. ) ;
#3128 = ORIENTED_EDGE ( 'NONE', *, *, #3064, .F. ) ;
#3129 = VERTEX_POINT ( 'NONE', #5274 ) ;
#3130 = ORIENTED_EDGE ( 'NONE', *, *, #10749, .T. ) ;
#3131 = ORIENTED_EDGE ( 'NONE', *, *, #6851, .T. ) ;
#3132 = DIRECTION ( 'NONE',  ( -0.000000000000000000, -0.000000000000000000, -1.000000000000000000 ) ) ;
#3133 = AXIS2_PLACEMENT_3D ( 'NONE', #8506, #11325, #6083 ) ;
#3134 = ADVANCED_FACE ( 'NONE', ( #10555 ), #9570, .T. ) ;
#3135 = DIRECTION ( 'NONE',  ( -0.6246948794825759599, -0.7808689439004792288, 0.000000000000000000 ) ) ;
#3136 = VECTOR ( 'NONE', #7879, 1000.000000000000114 ) ;
#3137 = ORIENTED_EDGE ( 'NONE', *, *, #5340, .F. ) ;
#3138 = EDGE_CURVE ( 'NONE', #6948, #1624, #5218, .T. ) ;
#3139 = AXIS2_PLACEMENT_3D ( 'NONE', #7589, #3221, #10968 ) ;
#3140 = EDGE_CURVE ( 'NONE', #4445, #2540, #10497, .T. ) ;
#3141 = EDGE_CURVE ( 'NONE', #5985, #10459, #9458, .T. ) ;
#3142 = DIRECTION ( 'NONE',  ( -0.7071073198482932254, -0.7071062425243914706, 0.000000000000000000 ) ) ;
#3143 = CARTESIAN_POINT ( 'NONE',  ( 24.70355370371647652, 8.049999146034519271, 1000.000000000000000 ) ) ;
#3144 = PLANE ( 'NONE',  #3312 ) ;
#3145 = ORIENTED_EDGE ( 'NONE', *, *, #1185, .F. ) ;
#3146 = VECTOR ( 'NONE', #6274, 1000.000000000000227 ) ;
#3147 = ORIENTED_EDGE ( 'NONE', *, *, #4450, .F. ) ;
#3148 = CARTESIAN_POINT ( 'NONE',  ( -3.945217054806195112, 0.1815215375101514317, 1000.000000000000000 ) ) ;
#3149 = EDGE_CURVE ( 'NONE', #711, #9711, #6179, .T. ) ;
#3150 = ADVANCED_FACE ( 'NONE', ( #8544 ), #662, .F. ) ;
#3151 = VECTOR ( 'NONE', #11, 1000.000000000000000 ) ;
#3152 = LINE ( 'NONE', #3898, #3505 ) ;
#3153 = FACE_OUTER_BOUND ( 'NONE', #1345, .T. ) ;
#3154 = CARTESIAN_POINT ( 'NONE',  ( 23.94521573359680389, 0.1815238454114489197, 0.000000000000000000 ) ) ;
#3155 = ORIENTED_EDGE ( 'NONE', *, *, #8967, .F. ) ;
#3156 = DIRECTION ( 'NONE',  ( -0.000000000000000000, -0.000000000000000000, -1.000000000000000000 ) ) ;
#3157 = LINE ( 'NONE', #5738, #3562 ) ;
#3158 = CARTESIAN_POINT ( 'NONE',  ( -2.181623338056444705, -5.999999904991462962, 1000.000000000000000 ) ) ;
#3159 = EDGE_CURVE ( 'NONE', #1708, #1229, #7964, .T. ) ;
#3160 = CYLINDRICAL_SURFACE ( 'NONE', #6516, 0.2499999999999854838 ) ;
#3161 = VERTEX_POINT ( 'NONE', #5553 ) ;
#3162 = AXIS2_PLACEMENT_3D ( 'NONE', #6262, #6377, #9767 ) ;
#3163 = CARTESIAN_POINT ( 'NONE',  ( 20.33769576579990002, 3.999999123447672833, 0.000000000000000000 ) ) ;
#3164 = LINE ( 'NONE', #2244, #559 ) ;
#3165 = VECTOR ( 'NONE', #10919, 1000.000000000000000 ) ;
#3166 = CARTESIAN_POINT ( 'NONE',  ( 0.1815215961652741905, -3.945217153978691549, 1000.000000000000000 ) ) ;
#3167 = CARTESIAN_POINT ( 'NONE',  ( 24.19999938907189829, -6.604160782369819849, 1000.000000000000000 ) ) ;
#3168 = ADVANCED_FACE ( 'NONE', ( #1815 ), #327, .T. ) ;
#3169 = LINE ( 'NONE', #6663, #1004 ) ;
#3170 = ORIENTED_EDGE ( 'NONE', *, *, #9055, .T. ) ;
#3171 = ORIENTED_EDGE ( 'NONE', *, *, #946, .F. ) ;
#3172 = AXIS2_PLACEMENT_3D ( 'NONE', #3084, #10971, #6687 ) ;
#3173 = FACE_OUTER_BOUND ( 'NONE', #11358, .T. ) ;
#3174 = CIRCLE ( 'NONE', #4086, 0.7999999999999951594 ) ;
#3175 = ORIENTED_EDGE ( 'NONE', *, *, #4397, .F. ) ;
#3176 =( NAMED_UNIT ( * ) SI_UNIT ( $, .STERADIAN. ) SOLID_ANGLE_UNIT ( ) );
#3177 = EDGE_CURVE ( 'NONE', #743, #6584, #11256, .T. ) ;
#3178 = CARTESIAN_POINT ( 'NONE',  ( 20.18152217271641646, 3.945216415219804595, 0.000000000000000000 ) ) ;
#3179 = PLANE ( 'NONE',  #6385 ) ;
#3180 = CARTESIAN_POINT ( 'NONE',  ( -5.200000160796018456, 6.604162906957935952, 0.000000000000000000 ) ) ;
#3181 = CARTESIAN_POINT ( 'NONE',  ( 22.61629509039018870, 1.484924240491736214, 1000.000000000000000 ) ) ;
#3182 = CIRCLE ( 'NONE', #1351, 0.2499999204762382021 ) ;
#3183 = CARTESIAN_POINT ( 'NONE',  ( 17.81837695844247449, 3.999999243861734222, 1000.000000000000000 ) ) ;
#3184 = AXIS2_PLACEMENT_3D ( 'NONE', #270, #8249, #3080 ) ;
#3185 = EDGE_LOOP ( 'NONE', ( #11010, #4745, #423, #2988 ) ) ;
#3186 = ORIENTED_EDGE ( 'NONE', *, *, #10537, .F. ) ;
#3188 = ORIENTED_EDGE ( 'NONE', *, *, #8040, .T. ) ;
#3187 = ORIENTED_EDGE ( 'NONE', *, *, #4687, .T. ) ;
#3189 = VERTEX_POINT ( 'NONE', #8828 ) ;
#3190 = ORIENTED_EDGE ( 'NONE', *, *, #4746, .T. ) ;
#3191 = CARTESIAN_POINT ( 'NONE',  ( 2.181623270474754239, 5.999999804297232231, 1000.000000000000000 ) ) ;
#3192 = DIRECTION ( 'NONE',  ( -1.000000000000000000, 0.000000000000000000, 0.000000000000000000 ) ) ;
#3193 = CIRCLE ( 'NONE', #252, 0.2500000949949010565 ) ;
#3194 = ORIENTED_EDGE ( 'NONE', *, *, #9395, .F. ) ;
#3195 = AXIS2_PLACEMENT_3D ( 'NONE', #6846, #1622, #5933 ) ;
#3196 = CARTESIAN_POINT ( 'NONE',  ( 28.50000104157966874, 9.999998500431178883, 1000.000000000000000 ) ) ;
#3197 = CYLINDRICAL_SURFACE ( 'NONE', #3172, 2.500000000000002220 ) ;
#3198 = DIRECTION ( 'NONE',  ( 1.000000000000000000, 0.000000000000000000, 0.000000000000000000 ) ) ;
#3199 = AXIS2_PLACEMENT_3D ( 'NONE', #1641, #7744, #11369 ) ;
#3200 = ORIENTED_EDGE ( 'NONE', *, *, #1668, .T. ) ;
#3201 = ORIENTED_EDGE ( 'NONE', *, *, #9728, .T. ) ;
#3202 = EDGE_CURVE ( 'NONE', #4331, #5694, #5380, .T. ) ;
#3203 = LINE ( 'NONE', #3148, #6361 ) ;
#3204 = EDGE_CURVE ( 'NONE', #9688, #9502, #4690, .T. ) ;
#3205 = DIRECTION ( 'NONE',  ( -0.000000000000000000, -0.000000000000000000, -1.000000000000000000 ) ) ;
#3206 = CARTESIAN_POINT ( 'NONE',  ( 14.79999950239931827, -8.049999123135782142, 0.000000000000000000 ) ) ;
#3207 = CARTESIAN_POINT ( 'NONE',  ( 28.04999892369790260, -5.199997769938708103, 1000.000000000000000 ) ) ;
#3208 = ORIENTED_EDGE ( 'NONE', *, *, #8479, .F. ) ;
#3209 = EDGE_CURVE ( 'NONE', #1923, #8016, #9229, .T. ) ;
#3210 = LINE ( 'NONE', #3260, #8401 ) ;
#3211 = CARTESIAN_POINT ( 'NONE',  ( -0.3376954256355604866, 3.749999850923668721, 0.000000000000000000 ) ) ;
#3212 = DIRECTION ( 'NONE',  ( -0.000000000000000000, -0.000000000000000000, -1.000000000000000000 ) ) ;
#3213 = AXIS2_PLACEMENT_3D ( 'NONE', #2474, #3346, #9486 ) ;
#3214 = DIRECTION ( 'NONE',  ( 0.000000000000000000, 0.000000000000000000, 1.000000000000000000 ) ) ;
#3215 = ADVANCED_FACE ( 'NONE', ( #10785 ), #7330, .F. ) ;
#3216 = ORIENTED_EDGE ( 'NONE', *, *, #4864, .F. ) ;
#3217 = EDGE_CURVE ( 'NONE', #6481, #6684, #8201, .T. ) ;
#3218 = EDGE_CURVE ( 'NONE', #11172, #5989, #965, .T. ) ;
#3219 = DIRECTION ( 'NONE',  ( 1.000000000000000000, 0.000000000000000000, 0.000000000000000000 ) ) ;
#3220 = FACE_OUTER_BOUND ( 'NONE', #2428, .T. ) ;
#3221 = DIRECTION ( 'NONE',  ( -0.000000000000000000, -0.000000000000000000, -1.000000000000000000 ) ) ;
#3222 = EDGE_CURVE ( 'NONE', #11132, #2946, #10510, .T. ) ;
#3223 = VECTOR ( 'NONE', #8507, 1000.000000000000000 ) ;
#3224 = DIRECTION ( 'NONE',  ( 0.000000000000000000, -0.000000000000000000, -1.000000000000000000 ) ) ;
#3225 = FACE_OUTER_BOUND ( 'NONE', #4852, .T. ) ;
#3226 = DIRECTION ( 'NONE',  ( -1.000000000000000000, 0.000000000000000000, 0.000000000000000000 ) ) ;
#3227 = DIRECTION ( 'NONE',  ( 0.000000000000000000, 0.000000000000000000, 1.000000000000000000 ) ) ;
#3228 = ORIENTED_EDGE ( 'NONE', *, *, #9094, .T. ) ;
#3229 = AXIS2_PLACEMENT_3D ( 'NONE', #7062, #6253, #6314 ) ;
#3230 = VERTEX_POINT ( 'NONE', #2795 ) ;
#3231 = DIRECTION ( 'NONE',  ( 0.000000000000000000, 0.000000000000000000, 1.000000000000000000 ) ) ;
#3232 = EDGE_CURVE ( 'NONE', #10601, #7445, #9058, .T. ) ;
#3233 = CARTESIAN_POINT ( 'NONE',  ( 11.07703294439118302, -8.600000338947463518, 1000.000000000000000 ) ) ;
#3234 = LINE ( 'NONE', #6722, #6200 ) ;
#3235 = AXIS2_PLACEMENT_3D ( 'NONE', #7224, #1932, #157 ) ;
#3236 = LINE ( 'NONE', #6723, #10116 ) ;
#3237 = LINE ( 'NONE', #4788, #1634 ) ;
#3238 = CARTESIAN_POINT ( 'NONE',  ( 15.80355339489029909, 7.999999578478217188, 1000.000000000000000 ) ) ;
#3239 = VERTEX_POINT ( 'NONE', #1189 ) ;
#3240 = VERTEX_POINT ( 'NONE', #6293 ) ;
#3241 = ORIENTED_EDGE ( 'NONE', *, *, #2218, .F. ) ;
#3242 = ORIENTED_EDGE ( 'NONE', *, *, #3791, .T. ) ;
#3243 = ORIENTED_EDGE ( 'NONE', *, *, #11085, .T. ) ;
#3244 = AXIS2_PLACEMENT_3D ( 'NONE', #8893, #2632, #6135 ) ;
#3245 = DIRECTION ( 'NONE',  ( -0.000000000000000000, -0.000000000000000000, -1.000000000000000000 ) ) ;
#3246 = FACE_OUTER_BOUND ( 'NONE', #2080, .T. ) ;
#3247 = VERTEX_POINT ( 'NONE', #8940 ) ;
#3248 = PLANE ( 'NONE',  #1073 ) ;
#3249 = CIRCLE ( 'NONE', #8560, 0.2500001773238259561 ) ;
#3250 = CARTESIAN_POINT ( 'NONE',  ( -4.526776894976741517, 8.226776551170781104, 1000.000000000000000 ) ) ;
#3251 = VERTEX_POINT ( 'NONE', #1925 ) ;
#3252 = DIRECTION ( 'NONE',  ( 0.7071068251285937967, 0.7071067372444985732, 0.000000000000000000 ) ) ;
#3253 = ORIENTED_EDGE ( 'NONE', *, *, #7344, .F. ) ;
#3254 = ORIENTED_EDGE ( 'NONE', *, *, #6794, .T. ) ;
#3255 = CARTESIAN_POINT ( 'NONE',  ( -8.000000450027425103, 3.319999992898295282, 1000.000000000000000 ) ) ;
#3256 = LINE ( 'NONE', #6921, #2396 ) ;
#3257 = DIRECTION ( 'NONE',  ( -0.000000000000000000, -0.000000000000000000, -1.000000000000000000 ) ) ;
#3258 = LINE ( 'NONE', #4873, #3165 ) ;
#3259 = ORIENTED_EDGE ( 'NONE', *, *, #3007, .F. ) ;
#3260 = CARTESIAN_POINT ( 'NONE',  ( 30.00000024436753776, 3.949998421455033881, 0.000000000000000000 ) ) ;
#3261 = DIRECTION ( 'NONE',  ( -0.000000000000000000, -0.000000000000000000, -1.000000000000000000 ) ) ;
#3262 = CARTESIAN_POINT ( 'NONE',  ( 2.424087059261053057, 0.6113934323519051306, 1000.000000000000000 ) ) ;
#3263 = CARTESIAN_POINT ( 'NONE',  ( -4.196446777094520186, 8.000000055594869153, 0.000000000000000000 ) ) ;
#3264 = EDGE_LOOP ( 'NONE', ( #8161, #3518, #1721, #7307 ) ) ;
#3265 = CARTESIAN_POINT ( 'NONE',  ( -8.250000260037616329, 3.070000281310325541, 1000.000000000000000 ) ) ;
#3266 = VECTOR ( 'NONE', #6418, 1000.000000000000000 ) ;
#3267 = DIRECTION ( 'NONE',  ( -0.000000000000000000, -0.000000000000000000, -1.000000000000000000 ) ) ;
#3268 = EDGE_CURVE ( 'NONE', #10247, #8341, #7099, .T. ) ;
#3269 = EDGE_CURVE ( 'NONE', #7931, #4430, #2735, .T. ) ;
#3270 = DIRECTION ( 'NONE',  ( 1.375978792292770455E-07, 0.9999999999999904521, 0.000000000000000000 ) ) ;
#3271 = EDGE_CURVE ( 'NONE', #4430, #3161, #9855, .T. ) ;
#3272 = FACE_OUTER_BOUND ( 'NONE', #6467, .T. ) ;
#3273 = EDGE_CURVE ( 'NONE', #9787, #9563, #5439, .T. ) ;
#3274 = VECTOR ( 'NONE', #6447, 1000.000000000000000 ) ;
#3275 = CARTESIAN_POINT ( 'NONE',  ( 29.39999964228799456, -3.319998076164176748, 0.000000000000000000 ) ) ;
#3276 = DIRECTION ( 'NONE',  ( -0.9999999999999992228, 3.939114658957814853E-08, 0.000000000000000000 ) ) ;
#3277 = ORIENTED_EDGE ( 'NONE', *, *, #10295, .T. ) ;
#3278 = ORIENTED_EDGE ( 'NONE', *, *, #7921, .T. ) ;
#3279 = DIRECTION ( 'NONE',  ( -0.6246967575930413297, 0.7808674414090659432, 0.000000000000000000 ) ) ;
#3280 = VECTOR ( 'NONE', #6695, 1000.000000000000000 ) ;
#3281 =( LENGTH_UNIT ( ) NAMED_UNIT ( * ) SI_UNIT ( .MILLI., .METRE. ) );
#3282 = CYLINDRICAL_SURFACE ( 'NONE', #7163, 0.5999999818872905344 ) ;
#3283 = CARTESIAN_POINT ( 'NONE',  ( 22.05060966544096601, -2.050609665440989104, 1000.000000000000000 ) ) ;
#3284 = CARTESIAN_POINT ( 'NONE',  ( -3.950000111758708687, -10.00000011175866632, 1000.000000000000000 ) ) ;
#3285 = DIRECTION ( 'NONE',  ( -1.131368892228312705E-07, 0.9999999999999935607, 0.000000000000000000 ) ) ;
#3286 = CARTESIAN_POINT ( 'NONE',  ( 19.66230419008983787, 3.999999433851542108, 0.000000000000000000 ) ) ;
#3287 = VECTOR ( 'NONE', #9498, 1000.000000000000114 ) ;
#3288 = VERTEX_POINT ( 'NONE', #8146 ) ;
#3289 = ADVANCED_FACE ( 'NONE', ( #4570 ), #1984, .T. ) ;
#3290 = ORIENTED_EDGE ( 'NONE', *, *, #9131, .T. ) ;
#3291 = ADVANCED_FACE ( 'NONE', ( #10729 ), #3779, .F. ) ;
#3292 = VERTEX_POINT ( 'NONE', #2326 ) ;
#3293 = ORIENTED_EDGE ( 'NONE', *, *, #7646, .F. ) ;
#3294 = VERTEX_POINT ( 'NONE', #546 ) ;
#3295 = CARTESIAN_POINT ( 'NONE',  ( 4.373223479645991674, 8.073223481912375377, 0.000000000000000000 ) ) ;
#3296 = DIRECTION ( 'NONE',  ( -0.000000000000000000, -0.000000000000000000, -1.000000000000000000 ) ) ;
#3297 = ORIENTED_EDGE ( 'NONE', *, *, #7284, .F. ) ;
#3298 = CIRCLE ( 'NONE', #3659, 1.000000000000006439 ) ;
#3299 = CARTESIAN_POINT ( 'NONE',  ( 29.74999964228795690, -3.949998076722499363, 0.000000000000000000 ) ) ;
#3300 = VECTOR ( 'NONE', #5277, 1000.000000000000000 ) ;
#3301 = EDGE_CURVE ( 'NONE', #11118, #8217, #9976, .T. ) ;
#3302 = CARTESIAN_POINT ( 'NONE',  ( 26.60416213172399225, -4.199997554268142252, 0.000000000000000000 ) ) ;
#3303 = DIRECTION ( 'NONE',  ( 0.000000000000000000, 0.000000000000000000, 1.000000000000000000 ) ) ;
#3304 = ORIENTED_EDGE ( 'NONE', *, *, #6230, .F. ) ;
#3305 = CARTESIAN_POINT ( 'NONE',  ( 11.07703359770149909, 8.600000268607619347, 1000.000000000000000 ) ) ;
#3306 = EDGE_LOOP ( 'NONE', ( #9993, #373, #7190, #8619 ) ) ;
#3307 = EDGE_CURVE ( 'NONE', #3076, #935, #4741, .T. ) ;
#3308 = AXIS2_PLACEMENT_3D ( 'NONE', #8172, #9025, #7994 ) ;
#3309 = VERTEX_POINT ( 'NONE', #4803 ) ;
#3310 = AXIS2_PLACEMENT_3D ( 'NONE', #2787, #2619, #10551 ) ;
#3311 = CARTESIAN_POINT ( 'NONE',  ( -3.950000111758708687, -9.750000112317428247, 1000.000000000000000 ) ) ;
#3312 = AXIS2_PLACEMENT_3D ( 'NONE', #4974, #6634, #8370 ) ;
#3313 = ADVANCED_FACE ( 'NONE', ( #1460 ), #11022, .T. ) ;
#3314 = CARTESIAN_POINT ( 'NONE',  ( -9.749999888241330126, -3.950000000000092548, 1000.000000000000000 ) ) ;
#3315 = CYLINDRICAL_SURFACE ( 'NONE', #4377, 1.000000215670572512 ) ;
#3316 = AXIS2_PLACEMENT_3D ( 'NONE', #7298, #2073, #7991 ) ;
#3317 = CARTESIAN_POINT ( 'NONE',  ( -3.950000101005074704, 10.00000012339513589, 0.000000000000000000 ) ) ;
#3318 = VECTOR ( 'NONE', #9127, 1000.000000000000000 ) ;
#3319 = EDGE_LOOP ( 'NONE', ( #7310, #877, #6307, #6368 ) ) ;
#3320 = CARTESIAN_POINT ( 'NONE',  ( 23.94521648336826658, -0.1815191648688180281, 0.000000000000000000 ) ) ;
#3321 = DIRECTION ( 'NONE',  ( -0.9999999999999946709, -1.030353708730811440E-07, -0.000000000000000000 ) ) ;
#3322 = FACE_OUTER_BOUND ( 'NONE', #1077, .T. ) ;
#3323 = ORIENTED_EDGE ( 'NONE', *, *, #10371, .T. ) ;
#3324 = DIRECTION ( 'NONE',  ( 0.000000000000000000, 0.000000000000000000, 1.000000000000000000 ) ) ;
#3325 = VERTEX_POINT ( 'NONE', #8252 ) ;
#3326 = DIRECTION ( 'NONE',  ( 1.000000000000000000, 0.000000000000000000, 0.000000000000000000 ) ) ;
#3327 = VECTOR ( 'NONE', #9924, 1000.000000000000000 ) ;
#3328 = CARTESIAN_POINT ( 'NONE',  ( -2.424087059261061050, 0.6113934323519203407, 0.000000000000000000 ) ) ;
#3329 = LINE ( 'NONE', #52, #2756 ) ;
#3330 = CARTESIAN_POINT ( 'NONE',  ( 4.373223425481992166, -8.073223395187289597, 0.000000000000000000 ) ) ;
#3331 = LINE ( 'NONE', #7649, #1105 ) ;
#3332 = DIRECTION ( 'NONE',  ( 0.000000000000000000, 0.000000000000000000, 1.000000000000000000 ) ) ;
#3333 = AXIS2_PLACEMENT_3D ( 'NONE', #10887, #10950, #7313 ) ;
#3334 = CARTESIAN_POINT ( 'NONE',  ( 4.526776848067591175, -8.226776586059830976, 1000.000000000000000 ) ) ;
#3335 = ORIENTED_EDGE ( 'NONE', *, *, #595, .F. ) ;
#3336 = EDGE_LOOP ( 'NONE', ( #320, #10077, #7478, #4262 ) ) ;
#3337 = EDGE_CURVE ( 'NONE', #7571, #7971, #4972, .T. ) ;
#3338 = DIRECTION ( 'NONE',  ( 1.000000000000000000, 0.000000000000000000, 0.000000000000000000 ) ) ;
#3339 = ADVANCED_FACE ( 'NONE', ( #9280 ), #4914, .F. ) ;
#3340 = EDGE_CURVE ( 'NONE', #4432, #3076, #6651, .T. ) ;
#3341 = AXIS2_PLACEMENT_3D ( 'NONE', #4470, #1655, #9695 ) ;
#3342 = DIRECTION ( 'NONE',  ( -0.7071067811865456854, -0.7071067811865493491, 0.000000000000000000 ) ) ;
#3343 = CARTESIAN_POINT ( 'NONE',  ( 0.1815213465332990439, 3.945216853106878307, 1000.000000000000000 ) ) ;
#3344 = PLANE ( 'NONE',  #1860 ) ;
#3345 = DIRECTION ( 'NONE',  ( 0.9999999999999363842, -3.568436106276896135E-07, 0.000000000000000000 ) ) ;
#3346 = DIRECTION ( 'NONE',  ( -0.000000000000000000, -0.000000000000000000, -1.000000000000000000 ) ) ;
#3347 = EDGE_CURVE ( 'NONE', #440, #6729, #3535, .T. ) ;
#3348 = ORIENTED_EDGE ( 'NONE', *, *, #5801, .F. ) ;
#3349 = ORIENTED_EDGE ( 'NONE', *, *, #336, .T. ) ;
#3350 = ORIENTED_EDGE ( 'NONE', *, *, #6223, .T. ) ;
#3351 = ADVANCED_FACE ( 'NONE', ( #2111 ), #3197, .F. ) ;
#3352 = AXIS2_PLACEMENT_3D ( 'NONE', #8976, #4721, #189 ) ;
#3353 = ORIENTED_EDGE ( 'NONE', *, *, #8044, .T. ) ;
#3354 = ORIENTED_EDGE ( 'NONE', *, *, #3141, .F. ) ;
#3355 = DIRECTION ( 'NONE',  ( -1.000000000000000000, 0.000000000000000000, 0.000000000000000000 ) ) ;
#3356 = EDGE_CURVE ( 'NONE', #4693, #1917, #9773, .T. ) ;
#3357 = CYLINDRICAL_SURFACE ( 'NONE', #1715, 0.2500000070781265293 ) ;
#3358 = ORIENTED_EDGE ( 'NONE', *, *, #9725, .T. ) ;
#3359 = VECTOR ( 'NONE', #9630, 1000.000000000000000 ) ;
#3360 = CARTESIAN_POINT ( 'NONE',  ( 24.52677705425439214, 8.226775795496592991, 0.000000000000000000 ) ) ;
#3361 = EDGE_CURVE ( 'NONE', #2185, #8858, #7508, .T. ) ;
#3362 = VECTOR ( 'NONE', #119, 1000.000000000000000 ) ;
#3363 = CARTESIAN_POINT ( 'NONE',  ( -9.749999888241330126, -3.950000000000092548, 0.000000000000000000 ) ) ;
#3364 = LINE ( 'NONE', #9499, #9971 ) ;
#3365 = VERTEX_POINT ( 'NONE', #384 ) ;
#3366 = DIRECTION ( 'NONE',  ( 0.7808689439004152799, -0.6246948794826561180, 0.000000000000000000 ) ) ;
#3367 = ORIENTED_EDGE ( 'NONE', *, *, #1812, .T. ) ;
#3368 = ORIENTED_EDGE ( 'NONE', *, *, #4534, .T. ) ;
#3369 = CIRCLE ( 'NONE', #5756, 0.2499999977648957594 ) ;
#3370 = LINE ( 'NONE', #6860, #2325 ) ;
#3371 = VECTOR ( 'NONE', #1980, 1000.000000000000000 ) ;
#3372 = ADVANCED_FACE ( 'NONE', ( #1355 ), #1293, .T. ) ;
#3373 = DIRECTION ( 'NONE',  ( -0.000000000000000000, -0.000000000000000000, -1.000000000000000000 ) ) ;
#3374 = DIRECTION ( 'NONE',  ( -1.000000000000000000, 0.000000000000000000, 0.000000000000000000 ) ) ;
#3375 = AXIS2_PLACEMENT_3D ( 'NONE', #7758, #3501, #970 ) ;
#3376 = DIRECTION ( 'NONE',  ( 0.000000000000000000, 0.000000000000000000, -1.000000000000000000 ) ) ;
#3377 = VERTEX_POINT ( 'NONE', #6464 ) ;
#3378 = DIRECTION ( 'NONE',  ( 1.000000000000000000, 0.000000000000000000, 0.000000000000000000 ) ) ;
#3379 = DIRECTION ( 'NONE',  ( 0.7071062905587209846, 0.7071072718140337665, -0.000000000000000000 ) ) ;
#3380 = CYLINDRICAL_SURFACE ( 'NONE', #25, 0.2499999321997235513 ) ;
#3381 = ORIENTED_EDGE ( 'NONE', *, *, #5346, .T. ) ;
#3382 = CARTESIAN_POINT ( 'NONE',  ( 5.200000113886882325, -6.604162861958459807, 1000.000000000000000 ) ) ;
#3383 = ORIENTED_EDGE ( 'NONE', *, *, #3356, .T. ) ;
#3384 = CARTESIAN_POINT ( 'NONE',  ( 28.50000102667847557, 8.499998612189891389, 1000.000000000000000 ) ) ;
#3385 = AXIS2_PLACEMENT_3D ( 'NONE', #4816, #7579, #10983 ) ;
#3386 = DIRECTION ( 'NONE',  ( 1.000000000000000000, 0.000000000000000000, 0.000000000000000000 ) ) ;
#3387 = CARTESIAN_POINT ( 'NONE',  ( 22.05060966544096601, -2.050609665440989104, 1000.000000000000000 ) ) ;
#3388 = CARTESIAN_POINT ( 'NONE',  ( -5.897056384537011198, 4.907106993368853587, 0.000000000000000000 ) ) ;
#3389 = DIRECTION ( 'NONE',  ( 0.000000000000000000, 0.000000000000000000, 1.000000000000000000 ) ) ;
#3390 = DIRECTION ( 'NONE',  ( 9.516874469714052504E-07, -0.9999999999995470290, 0.000000000000000000 ) ) ;
#3391 = DIRECTION ( 'NONE',  ( -0.000000000000000000, -0.000000000000000000, -1.000000000000000000 ) ) ;
#3392 = DIRECTION ( 'NONE',  ( 0.000000000000000000, 0.000000000000000000, 1.000000000000000000 ) ) ;
#3393 = ORIENTED_EDGE ( 'NONE', *, *, #5315, .T. ) ;
#3394 = VERTEX_POINT ( 'NONE', #11129 ) ;
#3395 = VERTEX_POINT ( 'NONE', #7455 ) ;
#3396 = VECTOR ( 'NONE', #8914, 1000.000000000000000 ) ;
#3397 = DIRECTION ( 'NONE',  ( 1.000000000000000000, 0.000000000000000000, 0.000000000000000000 ) ) ;
#3398 = CARTESIAN_POINT ( 'NONE',  ( 24.19644548396533779, -7.999997997896094226, 0.000000000000000000 ) ) ;
#3399 = DIRECTION ( 'NONE',  ( -0.000000000000000000, -0.000000000000000000, -1.000000000000000000 ) ) ;
#3400 = CARTESIAN_POINT ( 'NONE',  ( -3.320000111199962411, -9.400000112317435708, 1000.000000000000000 ) ) ;
#3401 = DIRECTION ( 'NONE',  ( -0.6246955666709524957, 0.7808683941495246916, 0.000000000000000000 ) ) ;
#3402 = AXIS2_PLACEMENT_3D ( 'NONE', #6703, #9244, #5627 ) ;
#3403 = DIRECTION ( 'NONE',  ( -1.000000000000000000, 0.000000000000000000, 0.000000000000000000 ) ) ;
#3404 = ORIENTED_EDGE ( 'NONE', *, *, #465, .T. ) ;
#3405 = ORIENTED_EDGE ( 'NONE', *, *, #10745, .F. ) ;
#3406 = ORIENTED_EDGE ( 'NONE', *, *, #3577, .T. ) ;
#3407 = ORIENTED_EDGE ( 'NONE', *, *, #9730, .F. ) ;
#3408 = ORIENTED_EDGE ( 'NONE', *, *, #3948, .T. ) ;
#3409 = CYLINDRICAL_SURFACE ( 'NONE', #1691, 0.2500000949949013895 ) ;
#3410 = FACE_OUTER_BOUND ( 'NONE', #10686, .T. ) ;
#3411 = VECTOR ( 'NONE', #4352, 1000.000000000000000 ) ;
#3412 = ORIENTED_EDGE ( 'NONE', *, *, #9598, .T. ) ;
#3413 = EDGE_CURVE ( 'NONE', #10699, #7049, #6580, .T. ) ;
#3414 = DIRECTION ( 'NONE',  ( 0.000000000000000000, 0.000000000000000000, 1.000000000000000000 ) ) ;
#3415 = EDGE_CURVE ( 'NONE', #2643, #1547, #1148, .T. ) ;
#3416 = LINE ( 'NONE', #2547, #4758 ) ;
#3417 = EDGE_CURVE ( 'NONE', #8187, #6680, #8495, .T. ) ;
#3418 = CARTESIAN_POINT ( 'NONE',  ( 16.93000065914436547, 8.249999582054593716, 0.000000000000000000 ) ) ;
#3419 = EDGE_CURVE ( 'NONE', #8889, #5388, #3030, .T. ) ;
#3420 = ORIENTED_EDGE ( 'NONE', *, *, #599, .F. ) ;
#3421 = DIRECTION ( 'NONE',  ( -0.000000000000000000, -0.000000000000000000, -1.000000000000000000 ) ) ;
#3422 = ORIENTED_EDGE ( 'NONE', *, *, #8001, .T. ) ;
#3423 = ORIENTED_EDGE ( 'NONE', *, *, #8822, .T. ) ;
#3424 = CARTESIAN_POINT ( 'NONE',  ( 23.94999866868387173, -9.999997517928891355, 0.000000000000000000 ) ) ;
#3425 = AXIS2_PLACEMENT_3D ( 'NONE', #5490, #437, #321 ) ;
#3426 = CARTESIAN_POINT ( 'NONE',  ( 14.80000037677654845, 6.604162305548194389, 1000.000000000000000 ) ) ;
#3427 = DIRECTION ( 'NONE',  ( 0.000000000000000000, 0.000000000000000000, 1.000000000000000000 ) ) ;
#3428 = CARTESIAN_POINT ( 'NONE',  ( 23.70000013644814274, -9.399997494087431349, 0.000000000000000000 ) ) ;
#3429 = EDGE_LOOP ( 'NONE', ( #9166, #10439, #11178, #8101 ) ) ;
#3430 = DIRECTION ( 'NONE',  ( 0.7071067530590896544, -0.7071068093140042699, 0.000000000000000000 ) ) ;
#3431 = CARTESIAN_POINT ( 'NONE',  ( 22.05060966544096601, -2.050609665440989104, 0.000000000000000000 ) ) ;
#3432 = PLANE ( 'NONE',  #6411 ) ;
#3433 = ORIENTED_EDGE ( 'NONE', *, *, #1399, .T. ) ;
#3434 = PLANE ( 'NONE',  #1211 ) ;
#3435 = ORIENTED_EDGE ( 'NONE', *, *, #3976, .T. ) ;
#3436 = EDGE_CURVE ( 'NONE', #1346, #2617, #5004, .T. ) ;
#3437 = EDGE_CURVE ( 'NONE', #1430, #9503, #2548, .T. ) ;
#3438 = DIRECTION ( 'NONE',  ( 0.7071052183792527757, 0.7071083439903883550, 0.000000000000000000 ) ) ;
#3439 = DIRECTION ( 'NONE',  ( 0.000000000000000000, -0.000000000000000000, -1.000000000000000000 ) ) ;
#3440 = CARTESIAN_POINT ( 'NONE',  ( 9.321434596420985486E-08, -3.800000015692917010, 0.000000000000000000 ) ) ;
#3441 = LINE ( 'NONE', #3330, #6269 ) ;
#3442 = CARTESIAN_POINT ( 'NONE',  ( -4.703553371170891673, -8.049999873677688100, 0.000000000000000000 ) ) ;
#3443 = CYLINDRICAL_SURFACE ( 'NONE', #10344, 0.2500000070780848960 ) ;
#3444 = DIRECTION ( 'NONE',  ( -0.000000000000000000, -0.000000000000000000, -1.000000000000000000 ) ) ;
#3445 = ORIENTED_EDGE ( 'NONE', *, *, #6795, .F. ) ;
#3446 = CIRCLE ( 'NONE', #4915, 2.500000000000002220 ) ;
#3447 = ORIENTED_EDGE ( 'NONE', *, *, #125, .F. ) ;
#3448 = ORIENTED_EDGE ( 'NONE', *, *, #11083, .F. ) ;
#3449 = DIRECTION ( 'NONE',  ( -0.000000000000000000, -0.000000000000000000, -1.000000000000000000 ) ) ;
#3450 = LINE ( 'NONE', #6950, #3136 ) ;
#3451 = AXIS2_PLACEMENT_3D ( 'NONE', #8688, #11165, #4198 ) ;
#3452 = CARTESIAN_POINT ( 'NONE',  ( 19.99999995234326278, 3.799999477111598800, 1000.000000000000000 ) ) ;
#3453 = PLANE ( 'NONE',  #9564 ) ;
#3454 = FACE_OUTER_BOUND ( 'NONE', #5683, .T. ) ;
#3455 = CARTESIAN_POINT ( 'NONE',  ( 17.38370490960979353, -1.484924240491737102, 0.000000000000000000 ) ) ;
#3456 = ORIENTED_EDGE ( 'NONE', *, *, #7595, .F. ) ;
#3457 = VERTEX_POINT ( 'NONE', #9620 ) ;
#3458 = ORIENTED_EDGE ( 'NONE', *, *, #3202, .T. ) ;
#3459 = ORIENTED_EDGE ( 'NONE', *, *, #2733, .F. ) ;
#3460 = VECTOR ( 'NONE', #7992, 1000.000000000000000 ) ;
#3461 = ORIENTED_EDGE ( 'NONE', *, *, #8479, .T. ) ;
#3462 = CARTESIAN_POINT ( 'NONE',  ( -3.945217254983764299, -0.1815214727701047748, 1000.000000000000000 ) ) ;
#3463 = DIRECTION ( 'NONE',  ( -0.000000000000000000, -0.000000000000000000, -1.000000000000000000 ) ) ;
#3464 = ORIENTED_EDGE ( 'NONE', *, *, #2792, .F. ) ;
#3465 = LINE ( 'NONE', #6966, #2224 ) ;
#3466 = DIRECTION ( 'NONE',  ( 0.000000000000000000, 1.000000000000000000, 0.000000000000000000 ) ) ;
#3467 = AXIS2_PLACEMENT_3D ( 'NONE', #651, #7673, #3999 ) ;
#3468 = CARTESIAN_POINT ( 'NONE',  ( 14.79999950239931472, -6.604161884127046633, 1000.000000000000000 ) ) ;
#3469 = CARTESIAN_POINT ( 'NONE',  ( 0.000000000000000000, 0.000000000000000000, 1000.000000000000000 ) ) ;
#3470 = ORIENTED_EDGE ( 'NONE', *, *, #8236, .T. ) ;
#3471 = DIRECTION ( 'NONE',  ( 4.912470419714945603E-08, 0.9999999999999987788, 0.000000000000000000 ) ) ;
#3472 = ORIENTED_EDGE ( 'NONE', *, *, #2289, .T. ) ;
#3473 = VECTOR ( 'NONE', #1349, 1000.000000000000114 ) ;
#3474 = ORIENTED_EDGE ( 'NONE', *, *, #9838, .T. ) ;
#3475 = CYLINDRICAL_SURFACE ( 'NONE', #497, 0.2499999180770873242 ) ;
#3476 = DIRECTION ( 'NONE',  ( 0.000000000000000000, 0.000000000000000000, 1.000000000000000000 ) ) ;
#3477 = VECTOR ( 'NONE', #6155, 1000.000000000000000 ) ;
#3478 = EDGE_CURVE ( 'NONE', #10132, #6583, #6055, .T. ) ;
#3479 = VECTOR ( 'NONE', #1445, 1000.000000000000000 ) ;
#3480 = EDGE_CURVE ( 'NONE', #7876, #1500, #5916, .T. ) ;
#3481 = DIRECTION ( 'NONE',  ( 1.000000000000000000, 0.000000000000000000, 0.000000000000000000 ) ) ;
#3482 = PLANE ( 'NONE',  #5740 ) ;
#3483 = ORIENTED_EDGE ( 'NONE', *, *, #4913, .F. ) ;
#3484 = AXIS2_PLACEMENT_3D ( 'NONE', #8674, #9529, #11209 ) ;
#3485 = DIRECTION ( 'NONE',  ( -0.7071072718140336555, 0.7071062905587208736, 0.000000000000000000 ) ) ;
#3486 = DIRECTION ( 'NONE',  ( 0.8320507240861908516, 0.5546995516021672179, 0.000000000000000000 ) ) ;
#3487 = ORIENTED_EDGE ( 'NONE', *, *, #6086, .T. ) ;
#3488 = VECTOR ( 'NONE', #7410, 1000.000000000000114 ) ;
#3489 = CARTESIAN_POINT ( 'NONE',  ( 8.922967111419948694, -8.600000346473544610, 1000.000000000000000 ) ) ;
#3490 = AXIS2_PLACEMENT_3D ( 'NONE', #6582, #2378, #6688 ) ;
#3491 = EDGE_CURVE ( 'NONE', #7679, #5500, #8315, .T. ) ;
#3492 = DIRECTION ( 'NONE',  ( -0.000000000000000000, -0.000000000000000000, -1.000000000000000000 ) ) ;
#3493 = EDGE_CURVE ( 'NONE', #11175, #5668, #652, .T. ) ;
#3494 = CIRCLE ( 'NONE', #3133, 1.000000007078109876 ) ;
#3495 = AXIS2_PLACEMENT_3D ( 'NONE', #9134, #4933, #3915 ) ;
#3496 = CIRCLE ( 'NONE', #8087, 0.2500001251698122373 ) ;
#3497 = CARTESIAN_POINT ( 'NONE',  ( 20.18152065683990770, -3.945215538776848163, 0.000000000000000000 ) ) ;
#3498 = EDGE_CURVE ( 'NONE', #186, #8775, #11354, .T. ) ;
#3499 = DIRECTION ( 'NONE',  ( 0.000000000000000000, -1.000000000000000000, 0.000000000000000000 ) ) ;
#3500 = CARTESIAN_POINT ( 'NONE',  ( -3.749999990525408666, 0.3376953446985325735, 0.000000000000000000 ) ) ;
#3501 = DIRECTION ( 'NONE',  ( 0.000000000000000000, 0.000000000000000000, 1.000000000000000000 ) ) ;
#3502 = DIRECTION ( 'NONE',  ( 0.9999999999989646060, -1.439044684105697216E-06, 0.000000000000000000 ) ) ;
#3503 = VERTEX_POINT ( 'NONE', #6971 ) ;
#3504 = VERTEX_POINT ( 'NONE', #3250 ) ;
#3505 = VECTOR ( 'NONE', #3205, 1000.000000000000000 ) ;
#3506 = VECTOR ( 'NONE', #8598, 999.9999999999998863 ) ;
#3507 = ORIENTED_EDGE ( 'NONE', *, *, #3939, .F. ) ;
#3508 = CARTESIAN_POINT ( 'NONE',  ( -3.945217254983764299, -0.1815214727701045527, 1000.000000000000000 ) ) ;
#3509 = CARTESIAN_POINT ( 'NONE',  ( 5.199999920073887338, 6.604162886759620932, 0.000000000000000000 ) ) ;
#3510 = CYLINDRICAL_SURFACE ( 'NONE', #3451, 1.000000000000007772 ) ;
#3511 = EDGE_CURVE ( 'NONE', #1500, #858, #3364, .T. ) ;
#3512 = CARTESIAN_POINT ( 'NONE',  ( 4.196446509750331622, 7.999999868348525389, 1000.000000000000000 ) ) ;
#3513 = CARTESIAN_POINT ( 'NONE',  ( -4.950000225616070892, 8.049999850923681421, 1000.000000000000000 ) ) ;
#3514 = CARTESIAN_POINT ( 'NONE',  ( -3.950000111758708687, -10.00000011175866810, 1000.000000000000000 ) ) ;
#3515 = ORIENTED_EDGE ( 'NONE', *, *, #7215, .T. ) ;
#3516 = EDGE_LOOP ( 'NONE', ( #2367, #1421, #5571, #1799 ) ) ;
#3517 = EDGE_LOOP ( 'NONE', ( #153, #8862, #9914, #7103 ) ) ;
#3518 = ORIENTED_EDGE ( 'NONE', *, *, #5392, .F. ) ;
#3519 = AXIS2_PLACEMENT_3D ( 'NONE', #750, #7014, #4258 ) ;
#3520 = ORIENTED_EDGE ( 'NONE', *, *, #7848, .F. ) ;
#3521 = DIRECTION ( 'NONE',  ( -1.000000000000000000, 0.000000000000000000, 0.000000000000000000 ) ) ;
#3522 = EDGE_CURVE ( 'NONE', #1225, #7903, #1707, .T. ) ;
#3523 = DIRECTION ( 'NONE',  ( 0.8320497913545187307, 0.5547009506994755590, -0.000000000000000000 ) ) ;
#3524 = VERTEX_POINT ( 'NONE', #6853 ) ;
#3525 = DIRECTION ( 'NONE',  ( 1.000000000000000000, 0.000000000000000000, 0.000000000000000000 ) ) ;
#3526 = CARTESIAN_POINT ( 'NONE',  ( 13.60000015171727838, 5.658578530155403463, 0.000000000000000000 ) ) ;
#3527 = DIRECTION ( 'NONE',  ( 1.000000000000000000, 0.000000000000000000, 0.000000000000000000 ) ) ;
#3528 = CIRCLE ( 'NONE', #7388, 0.2499998100106357035 ) ;
#3529 = DIRECTION ( 'NONE',  ( -0.000000000000000000, -0.000000000000000000, -1.000000000000000000 ) ) ;
#3530 = EDGE_LOOP ( 'NONE', ( #11344, #1694, #8746, #4795 ) ) ;
#3531 = VERTEX_POINT ( 'NONE', #3418 ) ;
#3532 = ORIENTED_EDGE ( 'NONE', *, *, #4450, .T. ) ;
#3533 = DIRECTION ( 'NONE',  ( -0.000000000000000000, -0.000000000000000000, -1.000000000000000000 ) ) ;
#3534 = DIRECTION ( 'NONE',  ( 0.000000000000000000, 0.000000000000000000, 1.000000000000000000 ) ) ;
#3535 = CIRCLE ( 'NONE', #1340, 0.5999999423801239962 ) ;
#3536 = ORIENTED_EDGE ( 'NONE', *, *, #4006, .F. ) ;
#3537 = CIRCLE ( 'NONE', #9045, 2.000000000000022649 ) ;
#3538 = DIRECTION ( 'NONE',  ( -0.000000000000000000, -0.000000000000000000, -1.000000000000000000 ) ) ;
#3539 = DIRECTION ( 'NONE',  ( -0.000000000000000000, -0.000000000000000000, -1.000000000000000000 ) ) ;
#3540 = ORIENTED_EDGE ( 'NONE', *, *, #1233, .T. ) ;
#3541 = CARTESIAN_POINT ( 'NONE',  ( 29.75000032774140379, -3.699998077281760445, 0.000000000000000000 ) ) ;
#3542 = CARTESIAN_POINT ( 'NONE',  ( 20.18152217271641646, 3.945216415219804595, 1000.000000000000000 ) ) ;
#3543 = VECTOR ( 'NONE', #485, 1000.000000000000000 ) ;
#3544 = ORIENTED_EDGE ( 'NONE', *, *, #5677, .F. ) ;
#3545 = CARTESIAN_POINT ( 'NONE',  ( 0.000000000000000000, 0.000000000000000000, 1000.000000000000000 ) ) ;
#3546 = CIRCLE ( 'NONE', #3730, 0.2499999322000956425 ) ;
#3547 = ORIENTED_EDGE ( 'NONE', *, *, #6442, .F. ) ;
#3548 = DIRECTION ( 'NONE',  ( -0.000000000000000000, -0.000000000000000000, -1.000000000000000000 ) ) ;
#3549 = VECTOR ( 'NONE', #3961, 1000.000000000000000 ) ;
#3550 = AXIS2_PLACEMENT_3D ( 'NONE', #6501, #10823, #10007 ) ;
#3551 = DIRECTION ( 'NONE',  ( -0.000000000000000000, -0.000000000000000000, -1.000000000000000000 ) ) ;
#3552 = EDGE_CURVE ( 'NONE', #10312, #5640, #1516, .T. ) ;
#3553 = DIRECTION ( 'NONE',  ( -0.000000000000000000, -0.000000000000000000, -1.000000000000000000 ) ) ;
#3554 = EDGE_CURVE ( 'NONE', #2511, #416, #5264, .T. ) ;
#3555 = DIRECTION ( 'NONE',  ( -0.9999999999999947820, -1.030353513775315696E-07, 0.000000000000000000 ) ) ;
#3556 = LINE ( 'NONE', #10515, #6122 ) ;
#3557 = CARTESIAN_POINT ( 'NONE',  ( 23.59583744492611146, 4.585785561074603223, 1000.000000000000000 ) ) ;
#3558 = EDGE_CURVE ( 'NONE', #9257, #2540, #792, .T. ) ;
#3560 = EDGE_CURVE ( 'NONE', #5811, #2424, #9387, .T. ) ;
#3559 = CARTESIAN_POINT ( 'NONE',  ( 1.484924240491744873, -2.616295090390212241, 1000.000000000000000 ) ) ;
#3561 = ORIENTED_EDGE ( 'NONE', *, *, #2318, .T. ) ;
#3562 = VECTOR ( 'NONE', #10162, 1000.000000000000000 ) ;
#3563 = ORIENTED_EDGE ( 'NONE', *, *, #10432, .T. ) ;
#3564 = EDGE_CURVE ( 'NONE', #3239, #10985, #10903, .T. ) ;
#3565 = DIRECTION ( 'NONE',  ( 0.000000000000000000, -1.000000000000000000, 0.000000000000000000 ) ) ;
#3566 = CIRCLE ( 'NONE', #4666, 1.499999888241333901 ) ;
#3567 = FACE_OUTER_BOUND ( 'NONE', #7174, .T. ) ;
#3568 = CARTESIAN_POINT ( 'NONE',  ( 15.79999938879762844, -6.604161884127046633, 1000.000000000000000 ) ) ;
#3569 = CARTESIAN_POINT ( 'NONE',  ( -3.595836833257995302, -4.585786409789890605, 1000.000000000000000 ) ) ;
#3570 = LINE ( 'NONE', #7073, #7340 ) ;
#3571 = DIRECTION ( 'NONE',  ( -0.000000000000000000, -0.000000000000000000, -1.000000000000000000 ) ) ;
#3572 = ORIENTED_EDGE ( 'NONE', *, *, #7152, .F. ) ;
#3573 = ORIENTED_EDGE ( 'NONE', *, *, #7134, .T. ) ;
#3574 = CIRCLE ( 'NONE', #2847, 0.7999999999999960476 ) ;
#3575 = ORIENTED_EDGE ( 'NONE', *, *, #7975, .F. ) ;
#3576 = ORIENTED_EDGE ( 'NONE', *, *, #6993, .F. ) ;
#3577 = EDGE_CURVE ( 'NONE', #8732, #9592, #5992, .T. ) ;
#3578 = EDGE_CURVE ( 'NONE', #6173, #7875, #4284, .T. ) ;
#3579 = EDGE_LOOP ( 'NONE', ( #3200, #6728, #501, #1130 ) ) ;
#3580 = CARTESIAN_POINT ( 'NONE',  ( 14.20000021914780142, -5.658579128741584086, 0.000000000000000000 ) ) ;
#3581 = DIRECTION ( 'NONE',  ( 0.7071051274607063064, -0.7071084349085211551, 0.000000000000000000 ) ) ;
#3582 = ORIENTED_EDGE ( 'NONE', *, *, #10654, .F. ) ;
#3583 = DIRECTION ( 'NONE',  ( -1.000000000000000000, 0.000000000000000000, 0.000000000000000000 ) ) ;
#3584 = CIRCLE ( 'NONE', #4685, 0.2499999994416864102 ) ;
#3585 = CARTESIAN_POINT ( 'NONE',  ( 23.59583744492611856, 4.585785561074598782, 1000.000000000000000 ) ) ;
#3586 = LINE ( 'NONE', #10656, #7774 ) ;
#3587 = EDGE_LOOP ( 'NONE', ( #8709, #9390, #5016, #11232 ) ) ;
#3588 = ORIENTED_EDGE ( 'NONE', *, *, #3843, .T. ) ;
#3589 = ORIENTED_EDGE ( 'NONE', *, *, #403, .F. ) ;
#3590 = CIRCLE ( 'NONE', #7995, 0.2499998100102401866 ) ;
#3591 = LINE ( 'NONE', #9735, #1407 ) ;
#3592 = DIRECTION ( 'NONE',  ( 1.000000000000000000, 0.000000000000000000, 0.000000000000000000 ) ) ;
#3593 = CARTESIAN_POINT ( 'NONE',  ( -9.399999752640761486, -3.700000111758763754, 1000.000000000000000 ) ) ;
#3594 = AXIS2_PLACEMENT_3D ( 'NONE', #7460, #2054, #5670 ) ;
#3595 = CARTESIAN_POINT ( 'NONE',  ( 3.949999932660333446, -9.999999675477502237, 1000.000000000000000 ) ) ;
#3596 = ORIENTED_EDGE ( 'NONE', *, *, #2929, .T. ) ;
#3597 = PLANE ( 'NONE',  #8513 ) ;
#3598 = DIRECTION ( 'NONE',  ( -0.7071062425243913596, 0.7071073198482933364, 0.000000000000000000 ) ) ;
#3599 = VERTEX_POINT ( 'NONE', #9445 ) ;
#3600 = ORIENTED_EDGE ( 'NONE', *, *, #6576, .F. ) ;
#3601 = CARTESIAN_POINT ( 'NONE',  ( -2.850609665440994256, 2.050609665440974894, 1000.000000000000000 ) ) ;
#3602 = ORIENTED_EDGE ( 'NONE', *, *, #10004, .F. ) ;
#3603 = DIRECTION ( 'NONE',  ( -0.7071073198482932254, -0.7071062425243914706, 0.000000000000000000 ) ) ;
#3604 = CIRCLE ( 'NONE', #5629, 0.9999999999999940048 ) ;
#3605 = CARTESIAN_POINT ( 'NONE',  ( 4.600000094994893374, -2.761522368914984149, 1000.000000000000000 ) ) ;
#3606 = CARTESIAN_POINT ( 'NONE',  ( 3.319999900343678867, 8.250000058338313735, 1000.000000000000000 ) ) ;
#3607 = CARTESIAN_POINT ( 'NONE',  ( 15.04999989174382691, 8.299999264582233138, 1000.000000000000000 ) ) ;
#3608 = CARTESIAN_POINT ( 'NONE',  ( -5.199999987655580469, -6.604162987453851663, 1000.000000000000000 ) ) ;
#3609 = ORIENTED_EDGE ( 'NONE', *, *, #7814, .T. ) ;
#3610 = VECTOR ( 'NONE', #1285, 1000.000000000000000 ) ;
#3611 = DIRECTION ( 'NONE',  ( -0.6246936091697394833, -0.7808699601486054354, 0.000000000000000000 ) ) ;
#3612 = ORIENTED_EDGE ( 'NONE', *, *, #4465, .T. ) ;
#3613 = ORIENTED_EDGE ( 'NONE', *, *, #8615, .F. ) ;
#3614 = EDGE_CURVE ( 'NONE', #1559, #8638, #1569, .T. ) ;
#3615 = DIRECTION ( 'NONE',  ( 0.000000000000000000, 0.000000000000000000, 1.000000000000000000 ) ) ;
#3616 = EDGE_CURVE ( 'NONE', #7825, #4890, #6472, .T. ) ;
#3617 = EDGE_CURVE ( 'NONE', #7799, #9490, #8646, .T. ) ;
#3618 = EDGE_CURVE ( 'NONE', #11193, #2114, #6910, .T. ) ;
#3619 = DIRECTION ( 'NONE',  ( -0.000000000000000000, -0.000000000000000000, -1.000000000000000000 ) ) ;
#3620 = DIRECTION ( 'NONE',  ( -0.000000000000000000, -0.000000000000000000, -1.000000000000000000 ) ) ;
#3621 = LINE ( 'NONE', #3569, #4612 ) ;
#3622 = AXIS2_PLACEMENT_3D ( 'NONE', #5043, #8871, #10384 ) ;
#3623 = LINE ( 'NONE', #177, #6414 ) ;
#3624 = CARTESIAN_POINT ( 'NONE',  ( 15.79999938879762844, -6.604161884127046633, 0.000000000000000000 ) ) ;
#3625 = ORIENTED_EDGE ( 'NONE', *, *, #2358, .F. ) ;
#3626 = VERTEX_POINT ( 'NONE', #9729 ) ;
#3627 = ORIENTED_EDGE ( 'NONE', *, *, #478, .T. ) ;
#3628 = EDGE_LOOP ( 'NONE', ( #7411, #1178, #8988, #566 ) ) ;
#3629 = VERTEX_POINT ( 'NONE', #1171 ) ;
#3630 = FACE_OUTER_BOUND ( 'NONE', #9085, .T. ) ;
#3631 = CYLINDRICAL_SURFACE ( 'NONE', #6666, 0.2499998100102280296 ) ;
#3632 = DIRECTION ( 'NONE',  ( -0.000000000000000000, -0.000000000000000000, -1.000000000000000000 ) ) ;
#3633 = CARTESIAN_POINT ( 'NONE',  ( 2.181623534149815136, -5.999999840064357493, 0.000000000000000000 ) ) ;
#3634 = CARTESIAN_POINT ( 'NONE',  ( 28.07322269320729191, -4.373221158289170241, 1000.000000000000000 ) ) ;
#3635 = DIRECTION ( 'NONE',  ( -0.000000000000000000, -0.000000000000000000, -1.000000000000000000 ) ) ;
#3636 = ADVANCED_FACE ( 'NONE', ( #1857 ), #10713, .F. ) ;
#3637 = ADVANCED_FACE ( 'NONE', ( #7032 ), #2838, .F. ) ;
#3638 = DIRECTION ( 'NONE',  ( 0.000000000000000000, 0.000000000000000000, 1.000000000000000000 ) ) ;
#3639 = LINE ( 'NONE', #1113, #5228 ) ;
#3640 = AXIS2_PLACEMENT_3D ( 'NONE', #8170, #8910, #9826 ) ;
#3641 = ORIENTED_EDGE ( 'NONE', *, *, #3552, .T. ) ;
#3642 = ORIENTED_EDGE ( 'NONE', *, *, #6730, .F. ) ;
#3643 = EDGE_LOOP ( 'NONE', ( #3170, #11304, #10733, #9869 ) ) ;
#3644 = CARTESIAN_POINT ( 'NONE',  ( -4.703553616209346977, 8.049999997666645868, 1000.000000000000000 ) ) ;
#3645 = LINE ( 'NONE', #2677, #544 ) ;
#3646 = CARTESIAN_POINT ( 'NONE',  ( 23.31999941821198519, -9.149997561888097763, 0.000000000000000000 ) ) ;
#3647 = ORIENTED_EDGE ( 'NONE', *, *, #9110, .F. ) ;
#3648 = AXIS2_PLACEMENT_3D ( 'NONE', #1239, #6346, #5495 ) ;
#3649 = CARTESIAN_POINT ( 'NONE',  ( -0.3376952213033496131, -3.999999809996559907, 0.000000000000000000 ) ) ;
#3650 = EDGE_CURVE ( 'NONE', #2267, #9948, #3369, .T. ) ;
#3651 = CARTESIAN_POINT ( 'NONE',  ( -0.1815214141149754101, -3.945216953801122806, 1000.000000000000000 ) ) ;
#3652 = CIRCLE ( 'NONE', #8348, 1.500000000000001332 ) ;
#3653 = VERTEX_POINT ( 'NONE', #4673 ) ;
#3654 = DIRECTION ( 'NONE',  ( -1.000000000000000000, 0.000000000000000000, 0.000000000000000000 ) ) ;
#3655 = FACE_OUTER_BOUND ( 'NONE', #2509, .T. ) ;
#3656 = ORIENTED_EDGE ( 'NONE', *, *, #1314, .F. ) ;
#3657 = DIRECTION ( 'NONE',  ( -1.000000000000000000, 0.000000000000000000, 0.000000000000000000 ) ) ;
#3658 = ORIENTED_EDGE ( 'NONE', *, *, #5310, .T. ) ;
#3659 = AXIS2_PLACEMENT_3D ( 'NONE', #8239, #1170, #368 ) ;
#3660 = CARTESIAN_POINT ( 'NONE',  ( -4.585786238752019628, -3.595836914670247353, 1000.000000000000000 ) ) ;
#3661 = EDGE_CURVE ( 'NONE', #2720, #10445, #2270, .T. ) ;
#3662 = FACE_OUTER_BOUND ( 'NONE', #4806, .T. ) ;
#3663 = VECTOR ( 'NONE', #9303, 1000.000000000000114 ) ;
#3664 = CIRCLE ( 'NONE', #5687, 0.2499999351801458769 ) ;
#3665 = LINE ( 'NONE', #1883, #2611 ) ;
#3666 = CARTESIAN_POINT ( 'NONE',  ( 3.319999801921443172, 8.000000248328129615, 0.000000000000000000 ) ) ;
#3667 = FACE_OUTER_BOUND ( 'NONE', #7495, .T. ) ;
#3668 = SURFACE_SIDE_STYLE ('',( #166 ) ) ;
#3669 = VERTEX_POINT ( 'NONE', #9900 ) ;
#3670 = PLANE ( 'NONE',  #3229 ) ;
#3671 = VERTEX_POINT ( 'NONE', #8870 ) ;
#3672 = VERTEX_POINT ( 'NONE', #997 ) ;
#3673 = VECTOR ( 'NONE', #8337, 1000.000000000000000 ) ;
#3674 = VECTOR ( 'NONE', #1208, 1000.000000000000000 ) ;
#3675 = FACE_OUTER_BOUND ( 'NONE', #5332, .T. ) ;
#3676 = AXIS2_PLACEMENT_3D ( 'NONE', #9334, #5889, #2328 ) ;
#3677 = CARTESIAN_POINT ( 'NONE',  ( 28.04999926009162081, -4.703551153453943812, 1000.000000000000000 ) ) ;
#3678 = DIRECTION ( 'NONE',  ( -0.000000000000000000, -0.000000000000000000, -1.000000000000000000 ) ) ;
#3679 = CARTESIAN_POINT ( 'NONE',  ( 3.949999932660333446, -9.999999675477502237, 0.000000000000000000 ) ) ;
#3680 = DIRECTION ( 'NONE',  ( -0.000000000000000000, -0.000000000000000000, -1.000000000000000000 ) ) ;
#3681 = CIRCLE ( 'NONE', #4796, 0.5999999050050903726 ) ;
#3682 = VECTOR ( 'NONE', #6166, 1000.000000000000114 ) ;
#3683 = CARTESIAN_POINT ( 'NONE',  ( -8.000000070047811107, 4.196446700727205048, 0.000000000000000000 ) ) ;
#3684 = ORIENTED_EDGE ( 'NONE', *, *, #4610, .F. ) ;
#3685 = ORIENTED_EDGE ( 'NONE', *, *, #9036, .F. ) ;
#3686 = EDGE_CURVE ( 'NONE', #4419, #941, #9594, .T. ) ;
#3687 = ORIENTED_EDGE ( 'NONE', *, *, #5271, .F. ) ;
#3688 = EDGE_CURVE ( 'NONE', #1055, #1011, #1112, .T. ) ;
#3689 = ADVANCED_FACE ( 'NONE', ( #6336 ), #28, .F. ) ;
#3690 = VERTEX_POINT ( 'NONE', #6171 ) ;
#3691 = DIRECTION ( 'NONE',  ( 0.9999999999978945731, -2.052102057674173808E-06, 0.000000000000000000 ) ) ;
#3692 = FACE_OUTER_BOUND ( 'NONE', #10383, .T. ) ;
#3693 = CIRCLE ( 'NONE', #10670, 1.499999999999997780 ) ;
#3694 = FACE_OUTER_BOUND ( 'NONE', #2098, .T. ) ;
#3695 = DIRECTION ( 'NONE',  ( -0.000000000000000000, 1.000000000000000000, -0.000000000000000000 ) ) ;
#3696 = EDGE_CURVE ( 'NONE', #7187, #6563, #3182, .T. ) ;
#3697 = DIRECTION ( 'NONE',  ( -0.000000000000000000, -0.000000000000000000, -1.000000000000000000 ) ) ;
#3698 = CARTESIAN_POINT ( 'NONE',  ( 13.00000024186937608, 8.599999976544870250, 1000.000000000000000 ) ) ;
#3699 = EDGE_CURVE ( 'NONE', #2817, #118, #88, .T. ) ;
#3700 = DIRECTION ( 'NONE',  ( 0.000000000000000000, 0.000000000000000000, 1.000000000000000000 ) ) ;
#3701 = VERTEX_POINT ( 'NONE', #140 ) ;
#3702 = VERTEX_POINT ( 'NONE', #8982 ) ;
#3703 = EDGE_CURVE ( 'NONE', #402, #7799, #10708, .T. ) ;
#3704 = EDGE_CURVE ( 'NONE', #11108, #4677, #3586, .T. ) ;
#3705 = ORIENTED_EDGE ( 'NONE', *, *, #7908, .T. ) ;
#3706 = CARTESIAN_POINT ( 'NONE',  ( 17.14939033455899065, -2.050609665440989104, 1000.000000000000000 ) ) ;
#3707 = LINE ( 'NONE', #206, #7896 ) ;
#3708 = CARTESIAN_POINT ( 'NONE',  ( 24.70355286087617941, -8.049997879663775890, 1000.000000000000000 ) ) ;
#3709 = EDGE_CURVE ( 'NONE', #7615, #9323, #6277, .T. ) ;
#3710 = EDGE_LOOP ( 'NONE', ( #871, #887, #1991, #1452 ) ) ;
#3711 = CIRCLE ( 'NONE', #9032, 0.2499999532848597994 ) ;
#3712 = VECTOR ( 'NONE', #1163, 1000.000000000000000 ) ;
#3713 = DIRECTION ( 'NONE',  ( -0.000000000000000000, -0.000000000000000000, -1.000000000000000000 ) ) ;
#3714 = CARTESIAN_POINT ( 'NONE',  ( 3.393721882965473835, -0.8559508052926739774, 1000.000000000000000 ) ) ;
#3715 = EDGE_LOOP ( 'NONE', ( #2674, #5002, #11359, #2139 ) ) ;
#3716 = CARTESIAN_POINT ( 'NONE',  ( -0.8559508052926739774, -3.393721882965480940, 1000.000000000000000 ) ) ;
#3717 = CARTESIAN_POINT ( 'NONE',  ( -4.373223472391156719, 8.073223360298239726, 1000.000000000000000 ) ) ;
#3718 = ORIENTED_EDGE ( 'NONE', *, *, #7392, .F. ) ;
#3719 = VERTEX_POINT ( 'NONE', #7259 ) ;
#3720 = FACE_OUTER_BOUND ( 'NONE', #2193, .T. ) ;
#3721 = ORIENTED_EDGE ( 'NONE', *, *, #4277, .T. ) ;
#3722 = ORIENTED_EDGE ( 'NONE', *, *, #3834, .T. ) ;
#3723 = AXIS2_PLACEMENT_3D ( 'NONE', #11076, #498, #9113 ) ;
#3724 = LINE ( 'NONE', #9691, #4141 ) ;
#3725 = VECTOR ( 'NONE', #9936, 1000.000000000000000 ) ;
#3726 = ADVANCED_FACE ( 'NONE', ( #9785 ), #1913, .T. ) ;
#3727 = DIRECTION ( 'NONE',  ( -0.000000000000000000, -0.000000000000000000, -1.000000000000000000 ) ) ;
#3728 = AXIS2_PLACEMENT_3D ( 'NONE', #6405, #2970, #275 ) ;
#3729 = DIRECTION ( 'NONE',  ( -1.000000000000000000, 0.000000000000000000, 0.000000000000000000 ) ) ;
#3730 = AXIS2_PLACEMENT_3D ( 'NONE', #3646, #9581, #3386 ) ;
#3731 = DIRECTION ( 'NONE',  ( -0.7071068678214261771, 0.7071066945516583102, 0.000000000000000000 ) ) ;
#3732 = DIRECTION ( 'NONE',  ( 1.000000000000000000, 0.000000000000000000, 0.000000000000000000 ) ) ;
#3733 =( NAMED_UNIT ( * ) PLANE_ANGLE_UNIT ( ) SI_UNIT ( $, .RADIAN. ) );
#3734 = ORIENTED_EDGE ( 'NONE', *, *, #6916, .F. ) ;
#3735 = DIRECTION ( 'NONE',  ( 0.8320507240861835241, -0.5546995516021784312, 0.000000000000000000 ) ) ;
#3736 = EDGE_CURVE ( 'NONE', #7428, #5208, #6391, .T. ) ;
#3737 = ORIENTED_EDGE ( 'NONE', *, *, #745, .F. ) ;
#3738 = EDGE_LOOP ( 'NONE', ( #4986, #11159, #5653, #1228 ) ) ;
#3739 = AXIS2_PLACEMENT_3D ( 'NONE', #3761, #939, #4443 ) ;
#3740 = DIRECTION ( 'NONE',  ( 1.000000000000000000, 0.000000000000000000, 0.000000000000000000 ) ) ;
#3741 = VECTOR ( 'NONE', #5362, 1000.000000000000000 ) ;
#3742 = UNCERTAINTY_MEASURE_WITH_UNIT (LENGTH_MEASURE( 1.000000000000000082E-05 ), #7483, 'distance_accuracy_value', 'NONE');
#3743 = CARTESIAN_POINT ( 'NONE',  ( 26.09999999999998366, 7.599999999999996092, 0.000000000000000000 ) ) ;
#3744 = CARTESIAN_POINT ( 'NONE',  ( 24.70355325957142156, 8.299999081214274099, 1000.000000000000000 ) ) ;
#3745 = DIRECTION ( 'NONE',  ( -1.473741152755018339E-07, -0.9999999999999891198, 0.000000000000000000 ) ) ;
#3746 = LINE ( 'NONE', #5465, #4072 ) ;
#3747 = CARTESIAN_POINT ( 'NONE',  ( 0.8559508052926600996, 3.393721882965480940, 1000.000000000000000 ) ) ;
#3748 = CIRCLE ( 'NONE', #266, 0.2500000070780848960 ) ;
#3749 = DIRECTION ( 'NONE',  ( -1.000000000000000000, 0.000000000000000000, 0.000000000000000000 ) ) ;
#3750 = STYLED_ITEM ( 'NONE', ( #9363 ), #7003 ) ;
#3751 = ORIENTED_EDGE ( 'NONE', *, *, #9975, .F. ) ;
#3752 = VERTEX_POINT ( 'NONE', #8066 ) ;
#3753 = ORIENTED_EDGE ( 'NONE', *, *, #5025, .F. ) ;
#3754 = ORIENTED_EDGE ( 'NONE', *, *, #9538, .F. ) ;
#3755 = ORIENTED_EDGE ( 'NONE', *, *, #9193, .T. ) ;
#3756 = FACE_OUTER_BOUND ( 'NONE', #10083, .T. ) ;
#3757 = CARTESIAN_POINT ( 'NONE',  ( 3.070000090333477427, 8.250000058338313735, 1000.000000000000000 ) ) ;
#3758 = CARTESIAN_POINT ( 'NONE',  ( -3.950000111758708687, -10.00000011175866632, 0.000000000000000000 ) ) ;
#3759 = LINE ( 'NONE', #7375, #10679 ) ;
#3760 = FACE_OUTER_BOUND ( 'NONE', #10690, .T. ) ;
#3761 = CARTESIAN_POINT ( 'NONE',  ( 14.20000021914780142, -5.658579128741584086, 1000.000000000000000 ) ) ;
#3762 = CIRCLE ( 'NONE', #626, 0.2499998373889852910 ) ;
#3763 = DIRECTION ( 'NONE',  ( -0.000000000000000000, -0.000000000000000000, -1.000000000000000000 ) ) ;
#3764 = ORIENTED_EDGE ( 'NONE', *, *, #7569, .F. ) ;
#3765 = ORIENTED_EDGE ( 'NONE', *, *, #7642, .T. ) ;
#3766 = CIRCLE ( 'NONE', #5232, 0.2500001773238225145 ) ;
#3767 = VERTEX_POINT ( 'NONE', #3698 ) ;
#3768 = ORIENTED_EDGE ( 'NONE', *, *, #9233, .T. ) ;
#3769 = CARTESIAN_POINT ( 'NONE',  ( 6.400000095838062286, 7.999999960302581314, 1000.000000000000000 ) ) ;
#3770 = CARTESIAN_POINT ( 'NONE',  ( 0.000000000000000000, 0.000000000000000000, 0.000000000000000000 ) ) ;
#3771 = EDGE_CURVE ( 'NONE', #867, #10387, #6112, .T. ) ;
#3772 = DIRECTION ( 'NONE',  ( 1.000000000000000000, 0.000000000000000000, 0.000000000000000000 ) ) ;
#3773 = CARTESIAN_POINT ( 'NONE',  ( -8.299999909862695091, 4.703553497455950527, 1000.000000000000000 ) ) ;
#3774 = ORIENTED_EDGE ( 'NONE', *, *, #11079, .F. ) ;
#3775 = EDGE_CURVE ( 'NONE', #6625, #4814, #10149, .T. ) ;
#3776 = EDGE_CURVE ( 'NONE', #585, #6185, #10279, .T. ) ;
#3777 = EDGE_CURVE ( 'NONE', #4824, #9951, #1157, .T. ) ;
#3778 = DIRECTION ( 'NONE',  ( -0.000000000000000000, -0.000000000000000000, -1.000000000000000000 ) ) ;
#3779 = PLANE ( 'NONE',  #3723 ) ;
#3780 = DIRECTION ( 'NONE',  ( -4.912470597355950631E-08, -0.9999999999999987788, 0.000000000000000000 ) ) ;
#3781 = DIRECTION ( 'NONE',  ( 0.7071073147009562243, -0.7071062476717363543, -0.000000000000000000 ) ) ;
#3782 = VERTEX_POINT ( 'NONE', #2956 ) ;
#3783 = VECTOR ( 'NONE', #7703, 1000.000000000000000 ) ;
#3784 = ORIENTED_EDGE ( 'NONE', *, *, #5025, .T. ) ;
#3785 = DIRECTION ( 'NONE',  ( 0.000000000000000000, 0.000000000000000000, 1.000000000000000000 ) ) ;
#3786 = AXIS2_PLACEMENT_3D ( 'NONE', #3382, #6872, #10329 ) ;
#3787 = CYLINDRICAL_SURFACE ( 'NONE', #10110, 0.2499999246625226323 ) ;
#3788 = DIRECTION ( 'NONE',  ( -1.000000000000000000, 0.000000000000000000, 0.000000000000000000 ) ) ;
#3789 = VERTEX_POINT ( 'NONE', #10952 ) ;
#3790 = DIRECTION ( 'NONE',  ( -0.000000000000000000, -0.000000000000000000, -1.000000000000000000 ) ) ;
#3791 = EDGE_CURVE ( 'NONE', #7445, #3868, #245, .T. ) ;
#3792 = CARTESIAN_POINT ( 'NONE',  ( 3.320000234036377229, -9.149999719435975010, 0.000000000000000000 ) ) ;
#3793 = FACE_OUTER_BOUND ( 'NONE', #32, .T. ) ;
#3794 = ORIENTED_EDGE ( 'NONE', *, *, #10468, .T. ) ;
#3795 = EDGE_CURVE ( 'NONE', #3789, #4939, #9095, .T. ) ;
#3796 = CARTESIAN_POINT ( 'NONE',  ( 23.94521573359680033, 0.1815238454114520561, 1000.000000000000000 ) ) ;
#3797 = ORIENTED_EDGE ( 'NONE', *, *, #6710, .F. ) ;
#3798 = CIRCLE ( 'NONE', #3244, 1.999999905005103606 ) ;
#3799 = VERTEX_POINT ( 'NONE', #5648 ) ;
#3800 = CARTESIAN_POINT ( 'NONE',  ( 10.00000003768847989, -11.40000019667912490, 1000.000000000000000 ) ) ;
#3801 = PLANE ( 'NONE',  #6610 ) ;
#3802 = CARTESIAN_POINT ( 'NONE',  ( 30.00000024436753776, 3.949998421455033881, 1000.000000000000000 ) ) ;
#3803 = CYLINDRICAL_SURFACE ( 'NONE', #7000, 0.2499999532851113204 ) ;
#3804 = CARTESIAN_POINT ( 'NONE',  ( -2.050609665440995766, 2.050609665440974894, 0.000000000000000000 ) ) ;
#3805 = DIRECTION ( 'NONE',  ( -0.000000000000000000, -0.000000000000000000, -1.000000000000000000 ) ) ;
#3806 = ORIENTED_EDGE ( 'NONE', *, *, #10011, .T. ) ;
#3807 = ORIENTED_EDGE ( 'NONE', *, *, #8394, .T. ) ;
#3808 = VERTEX_POINT ( 'NONE', #5592 ) ;
#3809 = FACE_OUTER_BOUND ( 'NONE', #8174, .T. ) ;
#3810 = ORIENTED_EDGE ( 'NONE', *, *, #6230, .T. ) ;
#3811 = DIRECTION ( 'NONE',  ( -0.000000000000000000, -0.000000000000000000, -1.000000000000000000 ) ) ;
#3812 = EDGE_CURVE ( 'NONE', #2035, #6496, #8141, .T. ) ;
#3813 = CARTESIAN_POINT ( 'NONE',  ( 3.700000044735841875, 9.750000212788878073, 0.000000000000000000 ) ) ;
#3814 = CARTESIAN_POINT ( 'NONE',  ( -4.196446777094520186, 8.250000055594854942, 0.000000000000000000 ) ) ;
#3815 = DIRECTION ( 'NONE',  ( -0.000000000000000000, -0.000000000000000000, -1.000000000000000000 ) ) ;
#3816 = DIRECTION ( 'NONE',  ( 1.000000000000000000, 0.000000000000000000, 0.000000000000000000 ) ) ;
#3817 = DIRECTION ( 'NONE',  ( -0.8320497913545186197, -0.5547009506994754480, 0.000000000000000000 ) ) ;
#3818 = ORIENTED_EDGE ( 'NONE', *, *, #2021, .T. ) ;
#3819 = ORIENTED_EDGE ( 'NONE', *, *, #6493, .T. ) ;
#3820 = ORIENTED_EDGE ( 'NONE', *, *, #5996, .F. ) ;
#3821 = VECTOR ( 'NONE', #4499, 1000.000000000000114 ) ;
#3822 = ORIENTED_EDGE ( 'NONE', *, *, #3560, .F. ) ;
#3823 = DIRECTION ( 'NONE',  ( -1.000000000000000000, 0.000000000000000000, 0.000000000000000000 ) ) ;
#3824 = FACE_OUTER_BOUND ( 'NONE', #9496, .T. ) ;
#3825 = CARTESIAN_POINT ( 'NONE',  ( 22.18162259482446430, -3.999998167242638569, 1000.000000000000000 ) ) ;
#3826 = ORIENTED_EDGE ( 'NONE', *, *, #4811, .F. ) ;
#3827 = AXIS2_PLACEMENT_3D ( 'NONE', #4495, #8867, #995 ) ;
#3828 = LINE ( 'NONE', #9111, #11375 ) ;
#3829 = CARTESIAN_POINT ( 'NONE',  ( 4.175736093454514020, -3.185786370455370609, 1000.000000000000000 ) ) ;
#3830 = EDGE_LOOP ( 'NONE', ( #4623, #4547, #3155, #6898 ) ) ;
#3831 = FACE_OUTER_BOUND ( 'NONE', #2128, .T. ) ;
#3832 = ORIENTED_EDGE ( 'NONE', *, *, #9395, .T. ) ;
#3833 = ORIENTED_EDGE ( 'NONE', *, *, #4319, .F. ) ;
#3834 = EDGE_CURVE ( 'NONE', #10945, #265, #1341, .T. ) ;
#3835 = ADVANCED_FACE ( 'NONE', ( #1545 ), #4789, .T. ) ;
#3836 = CARTESIAN_POINT ( 'NONE',  ( 20.33769447807136288, -3.749998262237527857, 1000.000000000000000 ) ) ;
#3837 = AXIS2_PLACEMENT_3D ( 'NONE', #10757, #5350, #1956 ) ;
#3838 = ADVANCED_FACE ( 'NONE', ( #10070 ), #1223, .T. ) ;
#3839 = DIRECTION ( 'NONE',  ( 1.000000000000000000, 0.000000000000000000, 0.000000000000000000 ) ) ;
#3840 = FACE_OUTER_BOUND ( 'NONE', #10078, .T. ) ;
#3841 = ORIENTED_EDGE ( 'NONE', *, *, #66, .F. ) ;
#3842 = VECTOR ( 'NONE', #7154, 1000.000000000000114 ) ;
#3843 = EDGE_CURVE ( 'NONE', #9715, #8531, #3923, .T. ) ;
#3844 = LINE ( 'NONE', #10857, #4731 ) ;
#3845 = DIRECTION ( 'NONE',  ( 0.000000000000000000, 0.000000000000000000, 1.000000000000000000 ) ) ;
#3846 = DIRECTION ( 'NONE',  ( 0.000000000000000000, 0.000000000000000000, 1.000000000000000000 ) ) ;
#3847 = CARTESIAN_POINT ( 'NONE',  ( -9.149999820441054865, -3.070000178441484540, 1000.000000000000000 ) ) ;
#3848 = VERTEX_POINT ( 'NONE', #6450 ) ;
#3849 = DIRECTION ( 'NONE',  ( 0.000000000000000000, 0.000000000000000000, 1.000000000000000000 ) ) ;
#3850 = EDGE_CURVE ( 'NONE', #9141, #6225, #8295, .T. ) ;
#3851 = ORIENTED_EDGE ( 'NONE', *, *, #9505, .F. ) ;
#3852 = ADVANCED_FACE ( 'NONE', ( #429 ), #2148, .T. ) ;
#3853 = ORIENTED_EDGE ( 'NONE', *, *, #879, .T. ) ;
#3854 = DIRECTION ( 'NONE',  ( -0.000000000000000000, -0.000000000000000000, -1.000000000000000000 ) ) ;
#3855 = VECTOR ( 'NONE', #7831, 1000.000000000000000 ) ;
#3856 = EDGE_CURVE ( 'NONE', #1566, #11286, #8353, .T. ) ;
#3857 = CIRCLE ( 'NONE', #9923, 2.000000000000013767 ) ;
#3858 = DIRECTION ( 'NONE',  ( -0.7071067372444991284, 0.7071068251285932416, 0.000000000000000000 ) ) ;
#3859 = LINE ( 'NONE', #7360, #9942 ) ;
#3860 = FACE_OUTER_BOUND ( 'NONE', #6145, .T. ) ;
#3861 = CARTESIAN_POINT ( 'NONE',  ( 27.99999925686937274, -4.196444300152229800, 1000.000000000000000 ) ) ;
#3862 = VECTOR ( 'NONE', #2824, 1000.000000000000000 ) ;
#3863 = VERTEX_POINT ( 'NONE', #6761 ) ;
#3864 = EDGE_LOOP ( 'NONE', ( #4298, #1835, #3507, #1235 ) ) ;
#3865 = VECTOR ( 'NONE', #2043, 1000.000000000000000 ) ;
#3866 = VECTOR ( 'NONE', #7565, 1000.000000000000000 ) ;
#3867 = FACE_OUTER_BOUND ( 'NONE', #1280, .T. ) ;
#3868 = VERTEX_POINT ( 'NONE', #314 ) ;
#3869 = PLANE ( 'NONE',  #2827 ) ;
#3870 = EDGE_CURVE ( 'NONE', #3294, #5554, #3986, .T. ) ;
#3871 = LINE ( 'NONE', #11001, #4920 ) ;
#3872 = CIRCLE ( 'NONE', #10282, 0.7999999999999917177 ) ;
#3873 = DIRECTION ( 'NONE',  ( 1.000000000000000000, 0.000000000000000000, 0.000000000000000000 ) ) ;
#3874 = VECTOR ( 'NONE', #11094, 1000.000000000000000 ) ;
#3875 = DIRECTION ( 'NONE',  ( 1.000000000000000000, 0.000000000000000000, 0.000000000000000000 ) ) ;
#3876 = DIRECTION ( 'NONE',  ( 0.000000000000000000, 0.000000000000000000, 1.000000000000000000 ) ) ;
#3877 = CARTESIAN_POINT ( 'NONE',  ( 23.39372188296547250, -0.8559508052926739774, 1000.000000000000000 ) ) ;
#3878 = ORIENTED_EDGE ( 'NONE', *, *, #3491, .T. ) ;
#3879 = ORIENTED_EDGE ( 'NONE', *, *, #5177, .T. ) ;
#3880 = EDGE_CURVE ( 'NONE', #10445, #2058, #2402, .T. ) ;
#3881 = ORIENTED_EDGE ( 'NONE', *, *, #4960, .F. ) ;
#3882 = EDGE_LOOP ( 'NONE', ( #372, #5666, #7459, #1141 ) ) ;
#3883 = VECTOR ( 'NONE', #1197, 1000.000000000000114 ) ;
#3884 = VERTEX_POINT ( 'NONE', #11210 ) ;
#3885 = DIRECTION ( 'NONE',  ( 0.000000000000000000, 0.000000000000000000, 1.000000000000000000 ) ) ;
#3886 = FACE_OUTER_BOUND ( 'NONE', #1584, .T. ) ;
#3887 = LINE ( 'NONE', #7386, #10703 ) ;
#3888 = ORIENTED_EDGE ( 'NONE', *, *, #1042, .T. ) ;
#3889 = FACE_OUTER_BOUND ( 'NONE', #542, .T. ) ;
#3890 = AXIS2_PLACEMENT_3D ( 'NONE', #11002, #4901, #8515 ) ;
#3891 = DIRECTION ( 'NONE',  ( -1.000000000000000000, 0.000000000000000000, 0.000000000000000000 ) ) ;
#3892 = ORIENTED_EDGE ( 'NONE', *, *, #7792, .T. ) ;
#3893 = LINE ( 'NONE', #1752, #2023 ) ;
#3894 = ORIENTED_EDGE ( 'NONE', *, *, #8555, .T. ) ;
#3895 = ORIENTED_EDGE ( 'NONE', *, *, #10810, .T. ) ;
#3896 = CARTESIAN_POINT ( 'NONE',  ( 0.3376954173967203210, -3.749999877439375240, 1000.000000000000000 ) ) ;
#3897 = AXIS2_PLACEMENT_3D ( 'NONE', #11266, #4303, #967 ) ;
#3898 = CARTESIAN_POINT ( 'NONE',  ( 6.399999902125559359, -8.000000353551500964, 1000.000000000000000 ) ) ;
#3899 = DIRECTION ( 'NONE',  ( -1.000000000000000000, 0.000000000000000000, 0.000000000000000000 ) ) ;
#3900 = DIRECTION ( 'NONE',  ( 1.000000000000000000, 0.000000000000000000, 0.000000000000000000 ) ) ;
#3901 = DIRECTION ( 'NONE',  ( 1.000000000000000000, 0.000000000000000000, 0.000000000000000000 ) ) ;
#3902 = DIRECTION ( 'NONE',  ( -0.000000000000000000, -0.000000000000000000, -1.000000000000000000 ) ) ;
#3903 = LINE ( 'NONE', #2927, #6601 ) ;
#3904 = ORIENTED_EDGE ( 'NONE', *, *, #4607, .F. ) ;
#3905 = EDGE_CURVE ( 'NONE', #5369, #10911, #5055, .T. ) ;
#3906 = CARTESIAN_POINT ( 'NONE',  ( 0.1815213465332990439, 3.945216853106878307, 1000.000000000000000 ) ) ;
#3907 = VECTOR ( 'NONE', #1742, 1000.000000000000000 ) ;
#3908 = ORIENTED_EDGE ( 'NONE', *, *, #4343, .F. ) ;
#3909 = ORIENTED_EDGE ( 'NONE', *, *, #190, .T. ) ;
#3910 = CARTESIAN_POINT ( 'NONE',  ( -8.049999986817789832, -4.950000055311750913, 1000.000000000000000 ) ) ;
#3911 = EDGE_CURVE ( 'NONE', #1590, #143, #7927, .T. ) ;
#3912 = AXIS2_PLACEMENT_3D ( 'NONE', #10089, #7564, #2220 ) ;
#3913 = ADVANCED_FACE ( 'NONE', ( #854 ), #10399, .T. ) ;
#3914 = VECTOR ( 'NONE', #8624, 1000.000000000000000 ) ;
#3915 = DIRECTION ( 'NONE',  ( 0.000000000000000000, -0.000000000000000000, -1.000000000000000000 ) ) ;
#3916 = EDGE_CURVE ( 'NONE', #11230, #7760, #8329, .T. ) ;
#3917 = CARTESIAN_POINT ( 'NONE',  ( 18.51507575950826734, 2.616295090390188705, 1000.000000000000000 ) ) ;
#3918 = ADVANCED_FACE ( 'NONE', ( #2749 ), #3443, .F. ) ;
#3919 = FACE_OUTER_BOUND ( 'NONE', #4192, .T. ) ;
#3920 = DIRECTION ( 'NONE',  ( -0.5547002758978403225, -0.8320502412227640532, 0.000000000000000000 ) ) ;
#3921 = ORIENTED_EDGE ( 'NONE', *, *, #35, .T. ) ;
#3922 = ORIENTED_EDGE ( 'NONE', *, *, #10941, .F. ) ;
#3923 = CIRCLE ( 'NONE', #11263, 0.6000001460314281498 ) ;
#3924 = ADVANCED_FACE ( 'NONE', ( #8614 ), #2519, .F. ) ;
#3925 = VECTOR ( 'NONE', #569, 1000.000000000000000 ) ;
#3926 = CARTESIAN_POINT ( 'NONE',  ( 16.30000012249772823, -9.749999968112238236, 1000.000000000000000 ) ) ;
#3927 = ORIENTED_EDGE ( 'NONE', *, *, #9582, .F. ) ;
#3928 = CARTESIAN_POINT ( 'NONE',  ( 15.47322275903297317, -8.226775410499920227, 0.000000000000000000 ) ) ;
#3929 = AXIS2_PLACEMENT_3D ( 'NONE', #11142, #8324, #455 ) ;
#3930 = LINE ( 'NONE', #5765, #9144 ) ;
#3931 = DIRECTION ( 'NONE',  ( -0.000000000000000000, -0.000000000000000000, -1.000000000000000000 ) ) ;
#3932 = VECTOR ( 'NONE', #6963, 1000.000000000000114 ) ;
#3933 = DIRECTION ( 'NONE',  ( -1.000000000000000000, 0.000000000000000000, 0.000000000000000000 ) ) ;
#3934 = CARTESIAN_POINT ( 'NONE',  ( -8.050000133560761384, -4.703553445905020780, 0.000000000000000000 ) ) ;
#3935 = FACE_OUTER_BOUND ( 'NONE', #7414, .T. ) ;
#3936 = VERTEX_POINT ( 'NONE', #3608 ) ;
#3937 = ADVANCED_FACE ( 'NONE', ( #6998 ), #2695, .T. ) ;
#3938 = ORIENTED_EDGE ( 'NONE', *, *, #340, .F. ) ;
#3939 = EDGE_CURVE ( 'NONE', #363, #2842, #8842, .T. ) ;
#3940 = ORIENTED_EDGE ( 'NONE', *, *, #45, .T. ) ;
#3941 = ORIENTED_EDGE ( 'NONE', *, *, #7882, .F. ) ;
#3942 = VECTOR ( 'NONE', #1241, 999.9999999999998863 ) ;
#3943 = LINE ( 'NONE', #8525, #2512 ) ;
#3944 = DIRECTION ( 'NONE',  ( 0.000000000000000000, 0.000000000000000000, 1.000000000000000000 ) ) ;
#3945 = CARTESIAN_POINT ( 'NONE',  ( 0.3376951537216663080, 3.999999709302311857, 0.000000000000000000 ) ) ;
#3946 = ORIENTED_EDGE ( 'NONE', *, *, #3618, .T. ) ;
#3947 = AXIS2_PLACEMENT_3D ( 'NONE', #430, #10071, #3403 ) ;
#3948 = EDGE_CURVE ( 'NONE', #3990, #11332, #2583, .T. ) ;
#3949 = LINE ( 'NONE', #7453, #7878 ) ;
#3950 = DIRECTION ( 'NONE',  ( -0.000000000000000000, -0.000000000000000000, -1.000000000000000000 ) ) ;
#3951 = LINE ( 'NONE', #11024, #8077 ) ;
#3952 = ORIENTED_EDGE ( 'NONE', *, *, #4813, .F. ) ;
#3953 = VERTEX_POINT ( 'NONE', #6882 ) ;
#3954 = DIRECTION ( 'NONE',  ( -1.000000000000000000, 0.000000000000000000, 0.000000000000000000 ) ) ;
#3955 = VECTOR ( 'NONE', #2886, 1000.000000000000000 ) ;
#3956 = LINE ( 'NONE', #9982, #7283 ) ;
#3957 = FACE_OUTER_BOUND ( 'NONE', #7380, .T. ) ;
#3958 = CARTESIAN_POINT ( 'NONE',  ( 29.14999968900309923, -3.319998076164176748, 1000.000000000000000 ) ) ;
#3959 = ORIENTED_EDGE ( 'NONE', *, *, #2776, .T. ) ;
#3960 = DIRECTION ( 'NONE',  ( -0.000000000000000000, -0.000000000000000000, -1.000000000000000000 ) ) ;
#3961 = DIRECTION ( 'NONE',  ( -0.000000000000000000, -0.000000000000000000, -1.000000000000000000 ) ) ;
#3962 = DIRECTION ( 'NONE',  ( 1.000000000000000000, 0.000000000000000000, 0.000000000000000000 ) ) ;
#3963 = LINE ( 'NONE', #2339, #101 ) ;
#3964 = ORIENTED_EDGE ( 'NONE', *, *, #2790, .F. ) ;
#3965 = AXIS2_PLACEMENT_3D ( 'NONE', #6931, #11258, #10444 ) ;
#3966 = LINE ( 'NONE', #4881, #1149 ) ;
#3967 = DIRECTION ( 'NONE',  ( 0.000000000000000000, 0.000000000000000000, 1.000000000000000000 ) ) ;
#3968 = LINE ( 'NONE', #10277, #758 ) ;
#3969 = DIRECTION ( 'NONE',  ( 0.7071073147009881987, -0.7071062476717042689, 0.000000000000000000 ) ) ;
#3970 = AXIS2_PLACEMENT_3D ( 'NONE', #8152, #7280, #10793 ) ;
#3971 = DIRECTION ( 'NONE',  ( -0.000000000000000000, -0.000000000000000000, -1.000000000000000000 ) ) ;
#3972 = ADVANCED_FACE ( 'NONE', ( #7872 ), #5112, .F. ) ;
#3973 = ORIENTED_EDGE ( 'NONE', *, *, #4629, .T. ) ;
#3974 = EDGE_CURVE ( 'NONE', #6825, #9846, #1719, .T. ) ;
#3975 = ORIENTED_EDGE ( 'NONE', *, *, #11073, .F. ) ;
#3976 = EDGE_CURVE ( 'NONE', #1788, #11274, #3556, .T. ) ;
#3977 = LINE ( 'NONE', #6614, #6462 ) ;
#3978 = EDGE_CURVE ( 'NONE', #9103, #1559, #10169, .T. ) ;
#3979 = VERTEX_POINT ( 'NONE', #11268 ) ;
#3980 = DIRECTION ( 'NONE',  ( 1.000000000000000000, 0.000000000000000000, 0.000000000000000000 ) ) ;
#3981 = VECTOR ( 'NONE', #4111, 1000.000000000000000 ) ;
#3982 = CARTESIAN_POINT ( 'NONE',  ( 15.09289281207545841, -5.897055059133182731, 1000.000000000000000 ) ) ;
#3983 = DIRECTION ( 'NONE',  ( 0.000000000000000000, 0.000000000000000000, 1.000000000000000000 ) ) ;
#3984 = DIRECTION ( 'NONE',  ( -0.000000000000000000, -0.000000000000000000, -1.000000000000000000 ) ) ;
#3985 = DIRECTION ( 'NONE',  ( 0.000000000000000000, 0.000000000000000000, 1.000000000000000000 ) ) ;
#3986 = LINE ( 'NONE', #7702, #4459 ) ;
#3987 = DIRECTION ( 'NONE',  ( 1.439044544361471436E-06, 0.9999999999989644950, 0.000000000000000000 ) ) ;
#3988 = EDGE_CURVE ( 'NONE', #7049, #7365, #3748, .T. ) ;
#3989 = CARTESIAN_POINT ( 'NONE',  ( -5.199999987655578693, -6.604162987453851663, 1000.000000000000000 ) ) ;
#3990 = VERTEX_POINT ( 'NONE', #5231 ) ;
#3991 = ORIENTED_EDGE ( 'NONE', *, *, #8079, .F. ) ;
#3992 = ORIENTED_EDGE ( 'NONE', *, *, #2327, .T. ) ;
#3993 = ADVANCED_FACE ( 'NONE', ( #6025 ), #9530, .T. ) ;
#3994 = VERTEX_POINT ( 'NONE', #8675 ) ;
#3995 = LINE ( 'NONE', #3295, #1374 ) ;
#3996 = FACE_OUTER_BOUND ( 'NONE', #4211, .T. ) ;
#3997 = ORIENTED_EDGE ( 'NONE', *, *, #9795, .T. ) ;
#3998 = ADVANCED_FACE ( 'NONE', ( #8785 ), #909, .F. ) ;
#3999 = DIRECTION ( 'NONE',  ( 1.131368892228312705E-07, -0.9999999999999935607, 0.000000000000000000 ) ) ;
#4000 = DIRECTION ( 'NONE',  ( 0.000000000000000000, 0.000000000000000000, 1.000000000000000000 ) ) ;
#4001 = AXIS2_PLACEMENT_3D ( 'NONE', #110, #3731, #2694 ) ;
#4002 = DIRECTION ( 'NONE',  ( -0.000000000000000000, -0.000000000000000000, -1.000000000000000000 ) ) ;
#4003 = VERTEX_POINT ( 'NONE', #5511 ) ;
#4004 = VERTEX_POINT ( 'NONE', #9013 ) ;
#4005 = LINE ( 'NONE', #2915, #3060 ) ;
#4006 = EDGE_CURVE ( 'NONE', #10589, #3752, #9247, .T. ) ;
#4007 = LINE ( 'NONE', #8488, #23 ) ;
#4008 = CARTESIAN_POINT ( 'NONE',  ( 28.29999805282416858, 4.950002402292236425, 1000.000000000000000 ) ) ;
#4009 = FACE_OUTER_BOUND ( 'NONE', #4706, .T. ) ;
#4010 = ORIENTED_EDGE ( 'NONE', *, *, #11158, .T. ) ;
#4011 = LINE ( 'NONE', #7521, #10418 ) ;
#4012 = DIRECTION ( 'NONE',  ( 5.260382408867367024E-07, -0.9999999999998616662, 0.000000000000000000 ) ) ;
#4013 = CARTESIAN_POINT ( 'NONE',  ( 22.42408705926105483, -0.6113934323518773750, 1000.000000000000000 ) ) ;
#4014 = LINE ( 'NONE', #2291, #5966 ) ;
#4015 = ORIENTED_EDGE ( 'NONE', *, *, #5598, .T. ) ;
#4016 = CIRCLE ( 'NONE', #3640, 0.2499999321997270207 ) ;
#4017 = EDGE_CURVE ( 'NONE', #3161, #5347, #2633, .T. ) ;
#4018 = CARTESIAN_POINT ( 'NONE',  ( 16.67999987215819502, -9.399999766946567803, 1000.000000000000000 ) ) ;
#4019 = CARTESIAN_POINT ( 'NONE',  ( -8.249999775737565599, -3.070000178441487204, 1000.000000000000000 ) ) ;
#4020 = VECTOR ( 'NONE', #3142, 1000.000000000000114 ) ;
#4021 = LINE ( 'NONE', #3166, #949 ) ;
#4022 = DIRECTION ( 'NONE',  ( -0.000000000000000000, -0.000000000000000000, -1.000000000000000000 ) ) ;
#4023 = CARTESIAN_POINT ( 'NONE',  ( 9.999999835802853454, -9.799999803598330672, 1000.000000000000000 ) ) ;
#4024 = ORIENTED_EDGE ( 'NONE', *, *, #5102, .T. ) ;
#4025 = VECTOR ( 'NONE', #8461, 1000.000000000000000 ) ;
#4026 = AXIS2_PLACEMENT_3D ( 'NONE', #5441, #6295, #8942 ) ;
#4027 = ORIENTED_EDGE ( 'NONE', *, *, #10667, .T. ) ;
#4028 = FACE_OUTER_BOUND ( 'NONE', #6327, .T. ) ;
#4029 = ORIENTED_EDGE ( 'NONE', *, *, #5865, .F. ) ;
#4030 = DIRECTION ( 'NONE',  ( -1.000000000000000000, 0.000000000000000000, 0.000000000000000000 ) ) ;
#4031 = LINE ( 'NONE', #8292, #10056 ) ;
#4032 = CARTESIAN_POINT ( 'NONE',  ( 29.14999732342325700, 3.070002611706788898, 1000.000000000000000 ) ) ;
#4033 = VECTOR ( 'NONE', #4774, 1000.000000000000000 ) ;
#4034 = CARTESIAN_POINT ( 'NONE',  ( -7.999999867156196487, -3.320000131726341674, 1000.000000000000000 ) ) ;
#4035 = VECTOR ( 'NONE', #7039, 1000.000000000000000 ) ;
#4036 = EDGE_CURVE ( 'NONE', #5615, #2830, #9061, .T. ) ;
#4037 = AXIS2_PLACEMENT_3D ( 'NONE', #6798, #6057, #3471 ) ;
#4038 = FACE_OUTER_BOUND ( 'NONE', #8985, .T. ) ;
#4039 = ORIENTED_EDGE ( 'NONE', *, *, #3361, .T. ) ;
#4040 = EDGE_CURVE ( 'NONE', #5684, #2340, #3193, .T. ) ;
#4041 = ORIENTED_EDGE ( 'NONE', *, *, #83, .T. ) ;
#4042 = ORIENTED_EDGE ( 'NONE', *, *, #444, .T. ) ;
#4043 = ORIENTED_EDGE ( 'NONE', *, *, #2773, .F. ) ;
#4044 = DIRECTION ( 'NONE',  ( -1.000000000000000000, 0.000000000000000000, 0.000000000000000000 ) ) ;
#4045 = VECTOR ( 'NONE', #1998, 1000.000000000000000 ) ;
#4046 = CARTESIAN_POINT ( 'NONE',  ( 25.99999806723914020, 2.181625789213895050, 0.000000000000000000 ) ) ;
#4047 = VECTOR ( 'NONE', #9997, 1000.000000000000000 ) ;
#4048 = EDGE_LOOP ( 'NONE', ( #5984, #9591, #2602, #7144 ) ) ;
#4049 = ADVANCED_FACE ( 'NONE', ( #1139 ), #228, .F. ) ;
#4050 = EDGE_CURVE ( 'NONE', #2313, #1916, #5022, .T. ) ;
#4051 = FACE_OUTER_BOUND ( 'NONE', #8250, .T. ) ;
#4052 = ADVANCED_FACE ( 'NONE', ( #3667 ), #9871, .F. ) ;
#4053 = DIRECTION ( 'NONE',  ( -0.000000000000000000, -0.000000000000000000, -1.000000000000000000 ) ) ;
#4054 = ADVANCED_FACE ( 'NONE', ( #7408 ), #2060, .T. ) ;
#4055 = DIRECTION ( 'NONE',  ( 0.7071067372444985732, -0.7071068251285937967, 0.000000000000000000 ) ) ;
#4056 = ORIENTED_EDGE ( 'NONE', *, *, #7053, .T. ) ;
#4057 = VECTOR ( 'NONE', #9694, 1000.000000000000000 ) ;
#4058 = AXIS2_PLACEMENT_3D ( 'NONE', #9989, #1252, #1419 ) ;
#4059 = ORIENTED_EDGE ( 'NONE', *, *, #5474, .F. ) ;
#4060 = EDGE_CURVE ( 'NONE', #722, #9031, #10530, .T. ) ;
#4061 = CARTESIAN_POINT ( 'NONE',  ( -8.300000051637836052, -4.703553445905020780, 1000.000000000000000 ) ) ;
#4062 = VECTOR ( 'NONE', #9317, 1000.000000000000000 ) ;
#4063 = CARTESIAN_POINT ( 'NONE',  ( -3.999999883449552929, -2.181623410754660153, 1000.000000000000000 ) ) ;
#4064 = DIRECTION ( 'NONE',  ( -0.000000000000000000, -0.000000000000000000, -1.000000000000000000 ) ) ;
#4065 = DIRECTION ( 'NONE',  ( 1.000000000000000000, 0.000000000000000000, 0.000000000000000000 ) ) ;
#4066 = VERTEX_POINT ( 'NONE', #5399 ) ;
#4067 = DIRECTION ( 'NONE',  ( -0.000000000000000000, -0.000000000000000000, -1.000000000000000000 ) ) ;
#4068 = CARTESIAN_POINT ( 'NONE',  ( 19.66230419008983787, 3.999999433851542108, 1000.000000000000000 ) ) ;
#4069 = CYLINDRICAL_SURFACE ( 'NONE', #9736, 0.2499999172870344122 ) ;
#4070 = DIRECTION ( 'NONE',  ( 1.000000000000000000, 0.000000000000000000, 0.000000000000000000 ) ) ;
#4071 = ORIENTED_EDGE ( 'NONE', *, *, #4278, .T. ) ;
#4072 = VECTOR ( 'NONE', #4597, 1000.000000000000000 ) ;
#4073 = EDGE_CURVE ( 'NONE', #7999, #5930, #1887, .T. ) ;
#4074 = DIRECTION ( 'NONE',  ( 1.000000000000000000, 0.000000000000000000, 0.000000000000000000 ) ) ;
#4075 = CARTESIAN_POINT ( 'NONE',  ( -8.500000101005065645, 10.00000012339513589, 1000.000000000000000 ) ) ;
#4076 = CARTESIAN_POINT ( 'NONE',  ( -8.000000070047814660, 4.196446700727205048, 0.000000000000000000 ) ) ;
#4077 = AXIS2_PLACEMENT_3D ( 'NONE', #2387, #395, #3899 ) ;
#4078 = DIRECTION ( 'NONE',  ( -0.000000000000000000, -0.000000000000000000, -1.000000000000000000 ) ) ;
#4079 = EDGE_CURVE ( 'NONE', #657, #9615, #2124, .T. ) ;
#4080 = AXIS2_PLACEMENT_3D ( 'NONE', #307, #3691, #8232 ) ;
#4081 = PLANE ( 'NONE',  #4950 ) ;
#4082 = PLANE ( 'NONE',  #9628 ) ;
#4083 = ORIENTED_EDGE ( 'NONE', *, *, #10227, .T. ) ;
#4084 = VERTEX_POINT ( 'NONE', #2873 ) ;
#4085 = CARTESIAN_POINT ( 'NONE',  ( -3.700000112317546108, -9.399999976716866712, 0.000000000000000000 ) ) ;
#4086 = AXIS2_PLACEMENT_3D ( 'NONE', #9298, #7527, #1375 ) ;
#4087 = CARTESIAN_POINT ( 'NONE',  ( 6.999999982964307144, -7.999999973571910949, 1000.000000000000000 ) ) ;
#4088 = DIRECTION ( 'NONE',  ( -1.000000000000000000, 0.000000000000000000, 0.000000000000000000 ) ) ;
#4089 = FACE_OUTER_BOUND ( 'NONE', #1834, .T. ) ;
#4090 = DIRECTION ( 'NONE',  ( 0.000000000000000000, 0.000000000000000000, 1.000000000000000000 ) ) ;
#4091 = VECTOR ( 'NONE', #10890, 1000.000000000000000 ) ;
#4092 = CARTESIAN_POINT ( 'NONE',  ( 28.29999943741544399, -4.703551156343841022, 1000.000000000000000 ) ) ;
#4093 = VECTOR ( 'NONE', #8669, 1000.000000000000000 ) ;
#4094 = ORIENTED_EDGE ( 'NONE', *, *, #436, .F. ) ;
#4095 = VERTEX_POINT ( 'NONE', #10921 ) ;
#4096 = ORIENTED_EDGE ( 'NONE', *, *, #7504, .T. ) ;
#4097 = ORIENTED_EDGE ( 'NONE', *, *, #9463, .T. ) ;
#4098 = VERTEX_POINT ( 'NONE', #3042 ) ;
#4099 = CARTESIAN_POINT ( 'NONE',  ( 0.8559508052926669830, -3.393721882965480940, 1000.000000000000000 ) ) ;
#4100 = LINE ( 'NONE', #7618, #9421 ) ;
#4101 = AXIS2_PLACEMENT_3D ( 'NONE', #6192, #10568, #737 ) ;
#4102 = VERTEX_POINT ( 'NONE', #6366 ) ;
#4103 = CARTESIAN_POINT ( 'NONE',  ( 1.484924240491744873, -2.616295090390212241, 0.000000000000000000 ) ) ;
#4104 = DIRECTION ( 'NONE',  ( 0.7071062047827904040, 0.7071073575898347841, 0.000000000000000000 ) ) ;
#4105 = ORIENTED_EDGE ( 'NONE', *, *, #671, .F. ) ;
#4106 = DIRECTION ( 'NONE',  ( 0.000000000000000000, 0.000000000000000000, 1.000000000000000000 ) ) ;
#4107 = AXIS2_PLACEMENT_3D ( 'NONE', #7914, #1763, #6181 ) ;
#4108 = ORIENTED_EDGE ( 'NONE', *, *, #9378, .T. ) ;
#4109 = ADVANCED_FACE ( 'NONE', ( #5453 ), #1023, .F. ) ;
#4110 = ORIENTED_EDGE ( 'NONE', *, *, #4749, .F. ) ;
#4111 = DIRECTION ( 'NONE',  ( -0.000000000000000000, -0.000000000000000000, -1.000000000000000000 ) ) ;
#4112 = EDGE_CURVE ( 'NONE', #7482, #6225, #612, .T. ) ;
#4113 = EDGE_CURVE ( 'NONE', #7784, #8068, #2090, .T. ) ;
#4114 = EDGE_CURVE ( 'NONE', #3808, #3868, #10801, .T. ) ;
#4115 = DIRECTION ( 'NONE',  ( 0.000000000000000000, 0.000000000000000000, 1.000000000000000000 ) ) ;
#4116 = LINE ( 'NONE', #8542, #4558 ) ;
#4117 = CARTESIAN_POINT ( 'NONE',  ( 23.94999930645384723, -9.749997629687992884, 0.000000000000000000 ) ) ;
#4118 = EDGE_LOOP ( 'NONE', ( #6668, #8574, #3572, #2099 ) ) ;
#4119 = DIRECTION ( 'NONE',  ( 1.000000000000000000, 0.000000000000000000, 0.000000000000000000 ) ) ;
#4120 = CARTESIAN_POINT ( 'NONE',  ( 0.3376954189101416537, -3.999999972434276074, 0.000000000000000000 ) ) ;
#4121 = DIRECTION ( 'NONE',  ( -1.000000000000000000, 0.000000000000000000, 0.000000000000000000 ) ) ;
#4122 = AXIS2_PLACEMENT_3D ( 'NONE', #10058, #3108, #11157 ) ;
#4123 = DIRECTION ( 'NONE',  ( 1.000000000000000000, 0.000000000000000000, 0.000000000000000000 ) ) ;
#4124 = ORIENTED_EDGE ( 'NONE', *, *, #5177, .F. ) ;
#4125 = DIRECTION ( 'NONE',  ( -9.861040709574666836E-07, -0.9999999999995137223, 0.000000000000000000 ) ) ;
#4126 = CARTESIAN_POINT ( 'NONE',  ( 28.29999943741544399, -4.703551156343841022, 0.000000000000000000 ) ) ;
#4127 = AXIS2_PLACEMENT_3D ( 'NONE', #2127, #3099, #4070 ) ;
#4128 = CARTESIAN_POINT ( 'NONE',  ( -0.1815214141149754101, -3.945216953801122806, 1000.000000000000000 ) ) ;
#4129 = ADVANCED_FACE ( 'NONE', ( #6419 ), #5567, .F. ) ;
#4130 = ADVANCED_FACE ( 'NONE', ( #5793 ), #9292, .F. ) ;
#4131 = CARTESIAN_POINT ( 'NONE',  ( 10.37569390676078207, -9.749999780357953227, 1000.000000000000000 ) ) ;
#4132 = CARTESIAN_POINT ( 'NONE',  ( -4.950000198793970796, 8.299999786103629873, 1000.000000000000000 ) ) ;
#4133 = LINE ( 'NONE', #7651, #3223 ) ;
#4134 = ORIENTED_EDGE ( 'NONE', *, *, #10333, .T. ) ;
#4135 = AXIS2_PLACEMENT_3D ( 'NONE', #8887, #2430, #1567 ) ;
#4136 = ORIENTED_EDGE ( 'NONE', *, *, #3204, .F. ) ;
#4137 = CARTESIAN_POINT ( 'NONE',  ( 4.175736093454514020, -3.185786370455370609, 1000.000000000000000 ) ) ;
#4138 = SURFACE_SIDE_STYLE ('',( #8455 ) ) ;
#4139 = CARTESIAN_POINT ( 'NONE',  ( 23.07000061153226866, 8.249999139095187672, 1000.000000000000000 ) ) ;
#4140 = DIRECTION ( 'NONE',  ( 1.000000000000000000, 0.000000000000000000, 0.000000000000000000 ) ) ;
#4141 = VECTOR ( 'NONE', #5335, 1000.000000000000000 ) ;
#4142 = FACE_OUTER_BOUND ( 'NONE', #1779, .T. ) ;
#4143 = CARTESIAN_POINT ( 'NONE',  ( 27.59999999999997300, -7.600000000000009415, 1000.000000000000000 ) ) ;
#4144 = CARTESIAN_POINT ( 'NONE',  ( -4.949999980577608483, -8.049999931419609567, 1000.000000000000000 ) ) ;
#4145 = ORIENTED_EDGE ( 'NONE', *, *, #7909, .T. ) ;
#4146 = ORIENTED_EDGE ( 'NONE', *, *, #1728, .T. ) ;
#4148 = EDGE_LOOP ( 'NONE', ( #8211, #5080, #9321, #7969 ) ) ;
#4147 = ORIENTED_EDGE ( 'NONE', *, *, #608, .F. ) ;
#4149 = ORIENTED_EDGE ( 'NONE', *, *, #1099, .T. ) ;
#4150 = ORIENTED_EDGE ( 'NONE', *, *, #2486, .T. ) ;
#4151 = AXIS2_PLACEMENT_3D ( 'NONE', #4919, #5785, #8424 ) ;
#4152 = CYLINDRICAL_SURFACE ( 'NONE', #7, 1.999999905005106049 ) ;
#4153 = EDGE_CURVE ( 'NONE', #1202, #4234, #11195, .T. ) ;
#4154 = DIRECTION ( 'NONE',  ( 1.000000000000000000, 0.000000000000000000, 0.000000000000000000 ) ) ;
#4155 = ORIENTED_EDGE ( 'NONE', *, *, #7603, .F. ) ;
#4156 = LINE ( 'NONE', #10485, #7824 ) ;
#4157 = FACE_OUTER_BOUND ( 'NONE', #9059, .T. ) ;
#4158 = AXIS2_PLACEMENT_3D ( 'NONE', #10605, #8765, #8875 ) ;
#4159 = CARTESIAN_POINT ( 'NONE',  ( -2.850609665440994256, 2.050609665440974894, 1000.000000000000000 ) ) ;
#4160 = ORIENTED_EDGE ( 'NONE', *, *, #3498, .F. ) ;
#4161 = CARTESIAN_POINT ( 'NONE',  ( 15.29644610957089235, -8.049998761037832296, 1000.000000000000000 ) ) ;
#4162 = ORIENTED_EDGE ( 'NONE', *, *, #9827, .T. ) ;
#4163 = ORIENTED_EDGE ( 'NONE', *, *, #9274, .F. ) ;
#4164 = DIRECTION ( 'NONE',  ( -0.000000000000000000, -0.000000000000000000, -1.000000000000000000 ) ) ;
#4165 = CARTESIAN_POINT ( 'NONE',  ( 16.92999944389873690, -8.249999338686601291, 0.000000000000000000 ) ) ;
#4166 = AXIS2_PLACEMENT_3D ( 'NONE', #6008, #1531, #2390 ) ;
#4167 = LINE ( 'NONE', #1365, #8418 ) ;
#4168 = LINE ( 'NONE', #6006, #785 ) ;
#4169 = EDGE_LOOP ( 'NONE', ( #10587, #10842, #10281, #8586 ) ) ;
#4170 = LINE ( 'NONE', #7686, #7302 ) ;
#4171 = LINE ( 'NONE', #5678, #3022 ) ;
#4172 = CARTESIAN_POINT ( 'NONE',  ( -9.400000077721925251, 3.700000235712694430, 1000.000000000000000 ) ) ;
#4173 = EDGE_CURVE ( 'NONE', #9100, #10912, #563, .T. ) ;
#4175 = EDGE_CURVE ( 'NONE', #712, #6408, #1369, .T. ) ;
#4174 = CARTESIAN_POINT ( 'NONE',  ( -2.616295090390220679, -1.484924240491749980, 1000.000000000000000 ) ) ;
#4176 = ORIENTED_EDGE ( 'NONE', *, *, #1314, .T. ) ;
#4177 = EDGE_CURVE ( 'NONE', #5930, #3653, #1418, .T. ) ;
#4178 = CARTESIAN_POINT ( 'NONE',  ( 17.81837695844244607, 5.999999294896182889, 1000.000000000000000 ) ) ;
#4179 = VECTOR ( 'NONE', #2200, 1000.000000000000000 ) ;
#4180 = CARTESIAN_POINT ( 'NONE',  ( -4.526776721708961837, -8.226776523139617936, 1000.000000000000000 ) ) ;
#4181 = CARTESIAN_POINT ( 'NONE',  ( -9.400000077721925251, 3.700000235712694430, 1000.000000000000000 ) ) ;
#4182 = DIRECTION ( 'NONE',  ( -1.000000000000000000, 0.000000000000000000, 0.000000000000000000 ) ) ;
#4183 = EDGE_CURVE ( 'NONE', #8234, #328, #7415, .T. ) ;
#4184 = DIRECTION ( 'NONE',  ( 0.000000000000000000, 0.000000000000000000, 1.000000000000000000 ) ) ;
#4185 = EDGE_CURVE ( 'NONE', #928, #7322, #1478, .T. ) ;
#4186 = AXIS2_PLACEMENT_3D ( 'NONE', #2360, #11113, #9207 ) ;
#4187 = PLANE ( 'NONE',  #4966 ) ;
#4188 = DIRECTION ( 'NONE',  ( 1.518813080792842302E-07, 0.9999999999999884537, -0.000000000000000000 ) ) ;
#4190 = EDGE_CURVE ( 'NONE', #5628, #7115, #4926, .T. ) ;
#4189 = DIRECTION ( 'NONE',  ( 1.000000000000000000, 0.000000000000000000, 0.000000000000000000 ) ) ;
#4191 = EDGE_LOOP ( 'NONE', ( #7127, #4562, #10178, #3722 ) ) ;
#4192 = EDGE_LOOP ( 'NONE', ( #1741, #1040, #8970, #8835 ) ) ;
#4193 = EDGE_CURVE ( 'NONE', #10985, #1926, #5044, .T. ) ;
#4194 = DIRECTION ( 'NONE',  ( -0.000000000000000000, -0.000000000000000000, -1.000000000000000000 ) ) ;
#4195 = VECTOR ( 'NONE', #4257, 1000.000000000000000 ) ;
#4196 =( NAMED_UNIT ( * ) PLANE_ANGLE_UNIT ( ) SI_UNIT ( $, .RADIAN. ) );
#4197 = DIRECTION ( 'NONE',  ( 1.000000000000000000, 0.000000000000000000, 0.000000000000000000 ) ) ;
#4198 = DIRECTION ( 'NONE',  ( -1.000000000000000000, 0.000000000000000000, 0.000000000000000000 ) ) ;
#4199 = LINE ( 'NONE', #5868, #8102 ) ;
#4200 = VECTOR ( 'NONE', #4909, 1000.000000000000000 ) ;
#4201 = CARTESIAN_POINT ( 'NONE',  ( 23.94521648336826658, -0.1815191648688180281, 0.000000000000000000 ) ) ;
#4202 = FACE_BOUND ( 'NONE', #1205, .T. ) ;
#4203 = ORIENTED_EDGE ( 'NONE', *, *, #1824, .F. ) ;
#4204 = EDGE_LOOP ( 'NONE', ( #3561, #11065, #5128, #230 ) ) ;
#4205 = ORIENTED_EDGE ( 'NONE', *, *, #5939, .F. ) ;
#4206 = ORIENTED_EDGE ( 'NONE', *, *, #10308, .F. ) ;
#4207 = ADVANCED_FACE ( 'NONE', ( #11038 ), #2391, .F. ) ;
#4208 = EDGE_LOOP ( 'NONE', ( #3470, #3407, #987, #3243 ) ) ;
#4209 = DIRECTION ( 'NONE',  ( -0.000000000000000000, -0.000000000000000000, -1.000000000000000000 ) ) ;
#4210 = DIRECTION ( 'NONE',  ( 0.7808689439004792288, -0.6246948794825759599, 0.000000000000000000 ) ) ;
#4211 = EDGE_LOOP ( 'NONE', ( #8508, #6896, #7151, #6001 ) ) ;
#4212 = AXIS2_PLACEMENT_3D ( 'NONE', #257, #8869, #6449 ) ;
#4213 = DIRECTION ( 'NONE',  ( 0.000000000000000000, 0.000000000000000000, 1.000000000000000000 ) ) ;
#4214 = CARTESIAN_POINT ( 'NONE',  ( -3.700000112317546108, -9.750000313483109693, 1000.000000000000000 ) ) ;
#4215 = DIRECTION ( 'NONE',  ( 1.000000000000000000, 0.000000000000000000, 0.000000000000000000 ) ) ;
#4216 = EDGE_CURVE ( 'NONE', #5791, #7235, #3097, .T. ) ;
#4217 = VERTEX_POINT ( 'NONE', #9402 ) ;
#4218 = PLANE ( 'NONE',  #5872 ) ;
#4219 = VERTEX_POINT ( 'NONE', #11093 ) ;
#4220 = AXIS2_PLACEMENT_3D ( 'NONE', #3167, #7475, #8447 ) ;
#4221 = ORIENTED_EDGE ( 'NONE', *, *, #10165, .F. ) ;
#4222 = AXIS2_PLACEMENT_3D ( 'NONE', #464, #3967, #6709 ) ;
#4223 = LINE ( 'NONE', #6743, #3981 ) ;
#4224 = CIRCLE ( 'NONE', #382, 0.6000000808388675777 ) ;
#4225 = CARTESIAN_POINT ( 'NONE',  ( 17.38370490960979353, -1.484924240491737102, 1000.000000000000000 ) ) ;
#4226 = CARTESIAN_POINT ( 'NONE',  ( 5.199999920073889115, 8.050000125768356440, 1000.000000000000000 ) ) ;
#4227 = CIRCLE ( 'NONE', #8641, 0.2499996647239086101 ) ;
#4228 = DIRECTION ( 'NONE',  ( 1.000000000000000000, 0.000000000000000000, 0.000000000000000000 ) ) ;
#4229 = CIRCLE ( 'NONE', #10664, 0.6000001460313968416 ) ;
#4230 = ORIENTED_EDGE ( 'NONE', *, *, #10242, .F. ) ;
#4231 = DIRECTION ( 'NONE',  ( 1.473741152755018339E-07, 0.9999999999999891198, 0.000000000000000000 ) ) ;
#4232 = DIRECTION ( 'NONE',  ( -0.000000000000000000, -0.000000000000000000, -1.000000000000000000 ) ) ;
#4233 = DIRECTION ( 'NONE',  ( -0.000000000000000000, -0.000000000000000000, -1.000000000000000000 ) ) ;
#4234 = VERTEX_POINT ( 'NONE', #1532 ) ;
#4235 = DIRECTION ( 'NONE',  ( -0.000000000000000000, -0.000000000000000000, -1.000000000000000000 ) ) ;
#4236 = ORIENTED_EDGE ( 'NONE', *, *, #2415, .F. ) ;
#4237 = LINE ( 'NONE', #11201, #2135 ) ;
#4238 = AXIS2_PLACEMENT_3D ( 'NONE', #482, #2653, #921 ) ;
#4239 = DIRECTION ( 'NONE',  ( 1.000000000000000000, 0.000000000000000000, 0.000000000000000000 ) ) ;
#4240 = DIRECTION ( 'NONE',  ( -0.7071052183792527757, -0.7071083439903883550, -0.000000000000000000 ) ) ;
#4241 = PLANE ( 'NONE',  #3341 ) ;
#4242 = DIRECTION ( 'NONE',  ( -0.7071073147009881987, 0.7071062476717042689, -0.000000000000000000 ) ) ;
#4243 = DIRECTION ( 'NONE',  ( -0.7071068251285875794, -0.7071067372445047905, -0.000000000000000000 ) ) ;
#4244 = VECTOR ( 'NONE', #3695, 1000.000000000000000 ) ;
#4245 = CARTESIAN_POINT ( 'NONE',  ( 23.31999941821198519, -9.149997561888097763, 1000.000000000000000 ) ) ;
#4246 = EDGE_LOOP ( 'NONE', ( #1918, #5316, #2251, #3641 ) ) ;
#4247 = ORIENTED_EDGE ( 'NONE', *, *, #8357, .T. ) ;
#4248 = VERTEX_POINT ( 'NONE', #4068 ) ;
#4249 = EDGE_CURVE ( 'NONE', #10764, #9926, #8547, .T. ) ;
#4250 = DIRECTION ( 'NONE',  ( 0.000000000000000000, 0.000000000000000000, 1.000000000000000000 ) ) ;
#4251 = EDGE_CURVE ( 'NONE', #1066, #644, #4171, .T. ) ;
#4252 = AXIS2_PLACEMENT_3D ( 'NONE', #2346, #4184, #2247 ) ;
#4253 = EDGE_CURVE ( 'NONE', #11120, #4527, #9425, .T. ) ;
#4254 = EDGE_CURVE ( 'NONE', #8849, #8764, #2457, .T. ) ;
#4255 = CIRCLE ( 'NONE', #7573, 0.2499999351801458769 ) ;
#4256 = CARTESIAN_POINT ( 'NONE',  ( 5.199999920073887338, 6.604162886759620932, 1000.000000000000000 ) ) ;
#4257 = DIRECTION ( 'NONE',  ( 0.000000000000000000, -1.000000000000000000, 0.000000000000000000 ) ) ;
#4258 = DIRECTION ( 'NONE',  ( 1.000000000000000000, 0.000000000000000000, 0.000000000000000000 ) ) ;
#4259 = PLANE ( 'NONE',  #7711 ) ;
#4260 = EDGE_CURVE ( 'NONE', #6763, #712, #6126, .T. ) ;
#4261 = FACE_OUTER_BOUND ( 'NONE', #1616, .T. ) ;
#4262 = ORIENTED_EDGE ( 'NONE', *, *, #6088, .T. ) ;
#4263 = ORIENTED_EDGE ( 'NONE', *, *, #4114, .F. ) ;
#4264 = AXIS2_PLACEMENT_3D ( 'NONE', #7632, #10262, #7518 ) ;
#4265 = EDGE_LOOP ( 'NONE', ( #3721, #1024, #7261, #3658 ) ) ;
#4266 = AXIS2_PLACEMENT_3D ( 'NONE', #6373, #2006, #4932 ) ;
#4267 = ORIENTED_EDGE ( 'NONE', *, *, #8359, .F. ) ;
#4268 = ORIENTED_EDGE ( 'NONE', *, *, #5120, .F. ) ;
#4269 = CARTESIAN_POINT ( 'NONE',  ( -4.373223472391156719, 8.073223360298239726, 1000.000000000000000 ) ) ;
#4270 = PLANE ( 'NONE',  #8868 ) ;
#4271 = ORIENTED_EDGE ( 'NONE', *, *, #9371, .T. ) ;
#4272 = ORIENTED_EDGE ( 'NONE', *, *, #6209, .T. ) ;
#4273 = AXIS2_PLACEMENT_3D ( 'NONE', #96, #8997, #6348 ) ;
#4274 = DIRECTION ( 'NONE',  ( -1.000000000000000000, 0.000000000000000000, 0.000000000000000000 ) ) ;
#4275 = CIRCLE ( 'NONE', #8321, 0.7999999999999912736 ) ;
#4276 = CARTESIAN_POINT ( 'NONE',  ( 29.39999999097516081, -3.699998077281760445, 1000.000000000000000 ) ) ;
#4277 = EDGE_CURVE ( 'NONE', #6637, #7798, #9800, .T. ) ;
#4278 = EDGE_CURVE ( 'NONE', #3129, #2933, #3157, .T. ) ;
#4279 = DIRECTION ( 'NONE',  ( 0.7071072718140336555, -0.7071062905587208736, 0.000000000000000000 ) ) ;
#4280 = ORIENTED_EDGE ( 'NONE', *, *, #2345, .F. ) ;
#4281 = FACE_OUTER_BOUND ( 'NONE', #11027, .T. ) ;
#4282 = ORIENTED_EDGE ( 'NONE', *, *, #9170, .T. ) ;
#4283 = VERTEX_POINT ( 'NONE', #8597 ) ;
#4284 = CIRCLE ( 'NONE', #7403, 0.8000000000000124789 ) ;
#4285 = DIRECTION ( 'NONE',  ( 1.000000000000000000, 0.000000000000000000, 0.000000000000000000 ) ) ;
#4286 = AXIS2_PLACEMENT_3D ( 'NONE', #3708, #11262, #1058 ) ;
#4287 = CYLINDRICAL_SURFACE ( 'NONE', #2962, 0.8000000000000124789 ) ;
#4288 = CARTESIAN_POINT ( 'NONE',  ( -2.050609665440989104, -2.050609665440989104, 1000.000000000000000 ) ) ;
#4289 = AXIS2_PLACEMENT_3D ( 'NONE', #3792, #2811, #7290 ) ;
#4290 = CARTESIAN_POINT ( 'NONE',  ( 3.070000090333480092, 8.250000058338313735, 1000.000000000000000 ) ) ;
#4291 = VECTOR ( 'NONE', #9311, 1000.000000000000000 ) ;
#4292 = ORIENTED_EDGE ( 'NONE', *, *, #8464, .F. ) ;
#4293 = CARTESIAN_POINT ( 'NONE',  ( -9.149999820441054865, -3.070000178441484540, 0.000000000000000000 ) ) ;
#4294 = DIRECTION ( 'NONE',  ( -0.000000000000000000, -0.000000000000000000, -1.000000000000000000 ) ) ;
#4295 = DIRECTION ( 'NONE',  ( -0.000000000000000000, -0.000000000000000000, -1.000000000000000000 ) ) ;
#4296 = ORIENTED_EDGE ( 'NONE', *, *, #9810, .F. ) ;
#4297 = CARTESIAN_POINT ( 'NONE',  ( 23.99999905012674617, -0.3376927403625773483, 1000.000000000000000 ) ) ;
#4298 = ORIENTED_EDGE ( 'NONE', *, *, #4216, .T. ) ;
#4299 = DIRECTION ( 'NONE',  ( 0.000000000000000000, 0.000000000000000000, 1.000000000000000000 ) ) ;
#4300 = CARTESIAN_POINT ( 'NONE',  ( -4.196446777094520186, 8.000000055594869153, 1000.000000000000000 ) ) ;
#4301 = DIRECTION ( 'NONE',  ( -0.7071067372445022370, 0.7071068251285900219, 0.000000000000000000 ) ) ;
#4302 = VECTOR ( 'NONE', #6836, 1000.000000000000000 ) ;
#4303 = DIRECTION ( 'NONE',  ( -0.000000000000000000, -0.000000000000000000, -1.000000000000000000 ) ) ;
#4304 = CARTESIAN_POINT ( 'NONE',  ( -9.999999776482582092, -3.949999809265136719, 0.000000000000000000 ) ) ;
#4305 = DIRECTION ( 'NONE',  ( -0.000000000000000000, -0.000000000000000000, -1.000000000000000000 ) ) ;
#4306 = DIRECTION ( 'NONE',  ( 0.9999999999999976685, -6.905104500171663651E-08, 0.000000000000000000 ) ) ;
#4307 = DIRECTION ( 'NONE',  ( -1.000000000000000000, 0.000000000000000000, 0.000000000000000000 ) ) ;
#4308 = VERTEX_POINT ( 'NONE', #5327 ) ;
#4309 = ORIENTED_EDGE ( 'NONE', *, *, #2500, .F. ) ;
#4310 = VERTEX_POINT ( 'NONE', #10557 ) ;
#4311 = VECTOR ( 'NONE', #4717, 1000.000000000000000 ) ;
#4312 = LINE ( 'NONE', #7933, #1343 ) ;
#4313 = DIRECTION ( 'NONE',  ( 1.000000000000000000, 0.000000000000000000, 0.000000000000000000 ) ) ;
#4314 = CARTESIAN_POINT ( 'NONE',  ( -6.604162962963531669, -5.199999990491699364, 1000.000000000000000 ) ) ;
#4315 = CYLINDRICAL_SURFACE ( 'NONE', #6261, 0.7999999999999951594 ) ;
#4316 = EDGE_CURVE ( 'NONE', #4638, #5488, #9686, .T. ) ;
#4317 = DIRECTION ( 'NONE',  ( -0.000000000000000000, -0.000000000000000000, -1.000000000000000000 ) ) ;
#4318 = AXIS2_PLACEMENT_3D ( 'NONE', #3796, #4652, #3611 ) ;
#4319 = EDGE_CURVE ( 'NONE', #4527, #5611, #2565, .T. ) ;
#4320 = DIRECTION ( 'NONE',  ( -0.000000000000000000, -0.000000000000000000, -1.000000000000000000 ) ) ;
#4321 = ORIENTED_EDGE ( 'NONE', *, *, #3511, .F. ) ;
#4322 = EDGE_LOOP ( 'NONE', ( #7125, #7640, #6128, #5898 ) ) ;
#4323 = EDGE_CURVE ( 'NONE', #2933, #10912, #7605, .T. ) ;
#4324 = ORIENTED_EDGE ( 'NONE', *, *, #4251, .F. ) ;
#4325 = ADVANCED_FACE ( 'NONE', ( #2506 ), #1817, .F. ) ;
#4326 = VERTEX_POINT ( 'NONE', #7859 ) ;
#4327 = ORIENTED_EDGE ( 'NONE', *, *, #2375, .F. ) ;
#4328 = LINE ( 'NONE', #3462, #4822 ) ;
#4329 = DIRECTION ( 'NONE',  ( -0.7071069933761722215, 0.7071065689968593082, 0.000000000000000000 ) ) ;
#4330 = CIRCLE ( 'NONE', #1206, 2.499999999999988454 ) ;
#4331 = VERTEX_POINT ( 'NONE', #6009 ) ;
#4332 = DIRECTION ( 'NONE',  ( 0.7808674414090659432, 0.6246967575930413297, 0.000000000000000000 ) ) ;
#4333 = ADVANCED_FACE ( 'NONE', ( #6070 ), #98, .F. ) ;
#4334 = DIRECTION ( 'NONE',  ( 1.000000000000000000, 0.000000000000000000, 0.000000000000000000 ) ) ;
#4335 = CARTESIAN_POINT ( 'NONE',  ( -7.600000000000002309, -7.600000000000009415, 0.000000000000000000 ) ) ;
#4336 = EDGE_CURVE ( 'NONE', #8799, #7552, #5096, .T. ) ;
#4337 = ORIENTED_EDGE ( 'NONE', *, *, #7054, .F. ) ;
#4338 = DIRECTION ( 'NONE',  ( 0.9999999999998616662, 5.260383482816307327E-07, 0.000000000000000000 ) ) ;
#4339 = EDGE_LOOP ( 'NONE', ( #3784, #4964, #10343, #1847 ) ) ;
#4340 = AXIS2_PLACEMENT_3D ( 'NONE', #104, #903, #9579 ) ;
#4341 = ORIENTED_EDGE ( 'NONE', *, *, #9795, .F. ) ;
#4342 = CARTESIAN_POINT ( 'NONE',  ( -0.3376954256355604866, 3.749999850923668721, 1000.000000000000000 ) ) ;
#4343 = EDGE_CURVE ( 'NONE', #10298, #3325, #5221, .T. ) ;
#4344 = VECTOR ( 'NONE', #8713, 1000.000000000000000 ) ;
#4345 = DIRECTION ( 'NONE',  ( -0.000000000000000000, -0.000000000000000000, -1.000000000000000000 ) ) ;
#4346 = CARTESIAN_POINT ( 'NONE',  ( 23.06999959806864453, -8.249997517184610274, 0.000000000000000000 ) ) ;
#4347 = CARTESIAN_POINT ( 'NONE',  ( 13.60000033202135050, 8.000000266372319757, 0.000000000000000000 ) ) ;
#4348 = ORIENTED_EDGE ( 'NONE', *, *, #7766, .F. ) ;
#4349 = FACE_OUTER_BOUND ( 'NONE', #3579, .T. ) ;
#4350 = LINE ( 'NONE', #5901, #3506 ) ;
#4351 = ORIENTED_EDGE ( 'NONE', *, *, #7353, .T. ) ;
#4352 = DIRECTION ( 'NONE',  ( -0.000000000000000000, -0.000000000000000000, -1.000000000000000000 ) ) ;
#4353 = ORIENTED_EDGE ( 'NONE', *, *, #260, .F. ) ;
#4354 = CARTESIAN_POINT ( 'NONE',  ( 5.199999920073889115, 6.604162886759620932, 0.000000000000000000 ) ) ;
#4355 = EDGE_CURVE ( 'NONE', #7079, #432, #1539, .T. ) ;
#4356 = CARTESIAN_POINT ( 'NONE',  ( 24.94999947028302145, -8.049997726335563542, 1000.000000000000000 ) ) ;
#4357 = PLANE ( 'NONE',  #6276 ) ;
#4358 = LINE ( 'NONE', #4304, #8449 ) ;
#4359 = CARTESIAN_POINT ( 'NONE',  ( 4.196446509750331622, 7.999999868348525389, 1000.000000000000000 ) ) ;
#4360 = DIRECTION ( 'NONE',  ( 0.000000000000000000, 0.000000000000000000, 1.000000000000000000 ) ) ;
#4361 = EDGE_CURVE ( 'NONE', #1014, #9198, #4457, .T. ) ;
#4362 = ORIENTED_EDGE ( 'NONE', *, *, #7656, .F. ) ;
#4363 = AXIS2_PLACEMENT_3D ( 'NONE', #8268, #6476, #343 ) ;
#4364 = ORIENTED_EDGE ( 'NONE', *, *, #1812, .F. ) ;
#4365 = ORIENTED_EDGE ( 'NONE', *, *, #837, .F. ) ;
#4366 = CARTESIAN_POINT ( 'NONE',  ( 3.070000301836649292, -8.249999674732485744, 0.000000000000000000 ) ) ;
#4367 = CYLINDRICAL_SURFACE ( 'NONE', #7706, 0.7999999999999960476 ) ;
#4368 = AXIS2_PLACEMENT_3D ( 'NONE', #6951, #10467, #2411 ) ;
#4369 = FACE_OUTER_BOUND ( 'NONE', #1204, .T. ) ;
#4370 = CARTESIAN_POINT ( 'NONE',  ( 15.04999950016403609, -8.299998825857686668, 1000.000000000000000 ) ) ;
#4371 = DIRECTION ( 'NONE',  ( 0.9999999999999059641, -4.335457616139830978E-07, 0.000000000000000000 ) ) ;
#4372 = CARTESIAN_POINT ( 'NONE',  ( 16.92999980262560911, 9.149999626758081206, 1000.000000000000000 ) ) ;
#4373 = ORIENTED_EDGE ( 'NONE', *, *, #554, .T. ) ;
#4374 = ORIENTED_EDGE ( 'NONE', *, *, #2780, .T. ) ;
#4375 = ORIENTED_EDGE ( 'NONE', *, *, #2919, .F. ) ;
#4376 = VERTEX_POINT ( 'NONE', #1705 ) ;
#4377 = AXIS2_PLACEMENT_3D ( 'NONE', #2445, #5323, #11366 ) ;
#4378 = ORIENTED_EDGE ( 'NONE', *, *, #10966, .F. ) ;
#4379 = CARTESIAN_POINT ( 'NONE',  ( -3.700000101005074260, 9.750000123395135887, 1000.000000000000000 ) ) ;
#4380 = CARTESIAN_POINT ( 'NONE',  ( -5.200000160796019344, 8.049999850923681421, 1000.000000000000000 ) ) ;
#4381 = ORIENTED_EDGE ( 'NONE', *, *, #8198, .T. ) ;
#4382 = DIRECTION ( 'NONE',  ( 1.000000000000000000, 0.000000000000000000, 0.000000000000000000 ) ) ;
#4383 = AXIS2_PLACEMENT_3D ( 'NONE', #10201, #9331, #1459 ) ;
#4384 = LINE ( 'NONE', #11237, #5311 ) ;
#4385 = EDGE_CURVE ( 'NONE', #8187, #11288, #6810, .T. ) ;
#4386 = DIRECTION ( 'NONE',  ( -0.000000000000000000, -0.000000000000000000, -1.000000000000000000 ) ) ;
#4387 = ORIENTED_EDGE ( 'NONE', *, *, #10517, .T. ) ;
#4388 = EDGE_LOOP ( 'NONE', ( #9017, #7444, #2831, #306 ) ) ;
#4389 = EDGE_LOOP ( 'NONE', ( #8905, #9011, #1490, #2315 ) ) ;
#4390 = DIRECTION ( 'NONE',  ( -0.000000000000000000, -0.000000000000000000, -1.000000000000000000 ) ) ;
#4391 = CARTESIAN_POINT ( 'NONE',  ( 28.24999780227187429, 4.196449174398556359, 1000.000000000000000 ) ) ;
#4392 = AXIS2_PLACEMENT_3D ( 'NONE', #3513, #8570, #692 ) ;
#4393 = EDGE_CURVE ( 'NONE', #6885, #4283, #9514, .T. ) ;
#4394 = VECTOR ( 'NONE', #8548, 1000.000000000000000 ) ;
#4395 = EDGE_CURVE ( 'NONE', #8114, #10193, #843, .T. ) ;
#4396 = ADVANCED_FACE ( 'NONE', ( #4349 ), #9461, .F. ) ;
#4397 = EDGE_CURVE ( 'NONE', #9305, #5301, #6986, .T. ) ;
#4398 = CYLINDRICAL_SURFACE ( 'NONE', #10446, 0.9999999999999974465 ) ;
#4399 = CARTESIAN_POINT ( 'NONE',  ( 24.58578507738358354, 3.595839530616790292, 0.000000000000000000 ) ) ;
#4400 = VERTEX_POINT ( 'NONE', #6868 ) ;
#4401 = DIRECTION ( 'NONE',  ( -0.000000000000000000, -0.000000000000000000, -1.000000000000000000 ) ) ;
#4402 = DIRECTION ( 'NONE',  ( -0.9999999999999885647, 1.518813391128282768E-07, 0.000000000000000000 ) ) ;
#4403 = ADVANCED_FACE ( 'NONE', ( #10385 ), #783, .F. ) ;
#4404 = ORIENTED_EDGE ( 'NONE', *, *, #5552, .T. ) ;
#4405 = CIRCLE ( 'NONE', #5507, 0.2499999351799368497 ) ;
#4406 = CYLINDRICAL_SURFACE ( 'NONE', #1017, 0.2499996408820565064 ) ;
#4407 = VECTOR ( 'NONE', #445, 1000.000000000000000 ) ;
#4408 = VERTEX_POINT ( 'NONE', #11314 ) ;
#4409 = CARTESIAN_POINT ( 'NONE',  ( 24.70355325957142156, 8.299999081214274099, 1000.000000000000000 ) ) ;
#4410 = VECTOR ( 'NONE', #8045, 1000.000000000000000 ) ;
#4411 = VECTOR ( 'NONE', #9818, 1000.000000000000114 ) ;
#4412 = DIRECTION ( 'NONE',  ( -1.000000000000000000, -0.000000000000000000, -0.000000000000000000 ) ) ;
#4413 = LINE ( 'NONE', #54, #6640 ) ;
#4414 = LINE ( 'NONE', #164, #9682 ) ;
#4415 = CARTESIAN_POINT ( 'NONE',  ( -4.199999930035690276, -6.604162987453851663, 1000.000000000000000 ) ) ;
#4416 = EDGE_CURVE ( 'NONE', #10848, #4805, #450, .T. ) ;
#4417 = CARTESIAN_POINT ( 'NONE',  ( 28.29999769817652222, 4.703555819707591290, 1000.000000000000000 ) ) ;
#4418 = ORIENTED_EDGE ( 'NONE', *, *, #3522, .F. ) ;
#4419 = VERTEX_POINT ( 'NONE', #5612 ) ;
#4420 = VECTOR ( 'NONE', #5425, 999.9999999999998863 ) ;
#4421 = ORIENTED_EDGE ( 'NONE', *, *, #728, .F. ) ;
#4422 = CARTESIAN_POINT ( 'NONE',  ( -8.299999909862695091, 4.703553497455950527, 1000.000000000000000 ) ) ;
#4423 = PRODUCT_CONTEXT ( 'NONE', #9638, 'mechanical' ) ;
#4424 = DIRECTION ( 'NONE',  ( -1.000000000000000000, 0.000000000000000000, 0.000000000000000000 ) ) ;
#4425 = CARTESIAN_POINT ( 'NONE',  ( 16.04999972588442958, 9.999999582799457443, 1000.000000000000000 ) ) ;
#4426 = VECTOR ( 'NONE', #5922, 1000.000000000000000 ) ;
#4427 = CYLINDRICAL_SURFACE ( 'NONE', #7555, 0.2499999204762315685 ) ;
#4428 = CARTESIAN_POINT ( 'NONE',  ( 15.09289359493533134, 5.897055605830672675, 0.000000000000000000 ) ) ;
#4429 = FACE_OUTER_BOUND ( 'NONE', #2024, .T. ) ;
#4430 = VERTEX_POINT ( 'NONE', #6406 ) ;
#4431 = ORIENTED_EDGE ( 'NONE', *, *, #10172, .T. ) ;
#4432 = VERTEX_POINT ( 'NONE', #8082 ) ;
#4433 = VERTEX_POINT ( 'NONE', #9115 ) ;
#4434 = VECTOR ( 'NONE', #9194, 1000.000000000000000 ) ;
#4435 = ORIENTED_EDGE ( 'NONE', *, *, #2357, .T. ) ;
#4436 = CARTESIAN_POINT ( 'NONE',  ( 23.32000104023952858, 7.999999329085377475, 1000.000000000000000 ) ) ;
#4437 = CARTESIAN_POINT ( 'NONE',  ( 16.04999999732799409, -9.749999766946654489, 0.000000000000000000 ) ) ;
#4438 = ORIENTED_EDGE ( 'NONE', *, *, #9608, .T. ) ;
#4439 = LINE ( 'NONE', #5199, #1845 ) ;
#4440 = CYLINDRICAL_SURFACE ( 'NONE', #8038, 2.000000000000013767 ) ;
#4441 = DIRECTION ( 'NONE',  ( 0.6246928489426997189, -0.7808705683273339249, 0.000000000000000000 ) ) ;
#4442 = VECTOR ( 'NONE', #10438, 1000.000000000000000 ) ;
#4443 = DIRECTION ( 'NONE',  ( 1.000000000000000000, 0.000000000000000000, 0.000000000000000000 ) ) ;
#4444 = AXIS2_PLACEMENT_3D ( 'NONE', #8864, #1620, #10539 ) ;
#4445 = VERTEX_POINT ( 'NONE', #9916 ) ;
#4446 = VERTEX_POINT ( 'NONE', #329 ) ;
#4447 = ORIENTED_EDGE ( 'NONE', *, *, #4593, .F. ) ;
#4448 = CARTESIAN_POINT ( 'NONE',  ( 24.52677615361344010, -8.226774437824518671, 1000.000000000000000 ) ) ;
#4449 = DIRECTION ( 'NONE',  ( -0.000000000000000000, -0.000000000000000000, -1.000000000000000000 ) ) ;
#4450 = EDGE_CURVE ( 'NONE', #10298, #6797, #4476, .T. ) ;
#4451 = VECTOR ( 'NONE', #2434, 1000.000000000000000 ) ;
#4452 = AXIS2_PLACEMENT_3D ( 'NONE', #9595, #6148, #1606 ) ;
#4453 = CARTESIAN_POINT ( 'NONE',  ( 15.29644565964607317, -8.299998696217587124, 1000.000000000000000 ) ) ;
#4454 = CARTESIAN_POINT ( 'NONE',  ( 4.703553306479084206, 8.299999708163419143, 1000.000000000000000 ) ) ;
#4455 = ORIENTED_EDGE ( 'NONE', *, *, #3347, .T. ) ;
#4456 = ADVANCED_FACE ( 'NONE', ( #8884 ), #5382, .F. ) ;
#4457 = LINE ( 'NONE', #2451, #623 ) ;
#4458 = PLANE ( 'NONE',  #9713 ) ;
#4459 = VECTOR ( 'NONE', #7490, 1000.000000000000000 ) ;
#4460 = ORIENTED_EDGE ( 'NONE', *, *, #6771, .T. ) ;
#4461 = CARTESIAN_POINT ( 'NONE',  ( -3.595836833257995302, -4.585786409789890605, 1000.000000000000000 ) ) ;
#4462 = ADVANCED_FACE ( 'NONE', ( #2051 ), #3597, .F. ) ;
#4463 = AXIS2_PLACEMENT_3D ( 'NONE', #380, #7450, #5659 ) ;
#4464 = ORIENTED_EDGE ( 'NONE', *, *, #5801, .T. ) ;
#4465 = EDGE_CURVE ( 'NONE', #2736, #6855, #10673, .T. ) ;
#4466 = EDGE_CURVE ( 'NONE', #7742, #5101, #5555, .T. ) ;
#4467 = LINE ( 'NONE', #960, #10768 ) ;
#4468 = AXIS2_PLACEMENT_3D ( 'NONE', #4585, #1201, #3732 ) ;
#4469 = CARTESIAN_POINT ( 'NONE',  ( -3.070000167687804371, 8.250000055594854942, 0.000000000000000000 ) ) ;
#4470 = CARTESIAN_POINT ( 'NONE',  ( -3.700000101005074260, 9.399999987794574352, 1000.000000000000000 ) ) ;
#4471 = DIRECTION ( 'NONE',  ( -0.000000000000000000, -0.000000000000000000, -1.000000000000000000 ) ) ;
#4472 = DIRECTION ( 'NONE',  ( 1.000000000000000000, 0.000000000000000000, 0.000000000000000000 ) ) ;
#4473 = EDGE_LOOP ( 'NONE', ( #2112, #9201, #1809, #145 ) ) ;
#4474 = DIRECTION ( 'NONE',  ( 1.000000000000000000, 0.000000000000000000, 0.000000000000000000 ) ) ;
#4475 = ORIENTED_EDGE ( 'NONE', *, *, #6490, .F. ) ;
#4476 = CIRCLE ( 'NONE', #8880, 0.9999999999999952260 ) ;
#4477 = ORIENTED_EDGE ( 'NONE', *, *, #4416, .T. ) ;
#4478 = DIRECTION ( 'NONE',  ( 1.000000000000000000, 0.000000000000000000, 0.000000000000000000 ) ) ;
#4479 = EDGE_CURVE ( 'NONE', #10181, #2660, #1063, .T. ) ;
#4480 = EDGE_CURVE ( 'NONE', #9100, #2035, #9802, .T. ) ;
#4481 = FACE_OUTER_BOUND ( 'NONE', #930, .T. ) ;
#4482 = DIRECTION ( 'NONE',  ( 0.000000000000000000, 0.000000000000000000, -1.000000000000000000 ) ) ;
#4483 = DIRECTION ( 'NONE',  ( 1.518812939936218052E-07, 0.9999999999999885647, -0.000000000000000000 ) ) ;
#4484 = DIRECTION ( 'NONE',  ( -0.000000000000000000, -0.000000000000000000, -1.000000000000000000 ) ) ;
#4485 = CYLINDRICAL_SURFACE ( 'NONE', #2659, 0.2499999439716273086 ) ;
#4486 = ORIENTED_EDGE ( 'NONE', *, *, #6704, .F. ) ;
#4487 = ORIENTED_EDGE ( 'NONE', *, *, #10449, .T. ) ;
#4488 = AXIS2_PLACEMENT_3D ( 'NONE', #9709, #5070, #8571 ) ;
#4489 = ORIENTED_EDGE ( 'NONE', *, *, #6490, .T. ) ;
#4490 = ORIENTED_EDGE ( 'NONE', *, *, #6169, .T. ) ;
#4491 = ORIENTED_EDGE ( 'NONE', *, *, #9891, .T. ) ;
#4492 = DIRECTION ( 'NONE',  ( 1.000000000000000000, 0.000000000000000000, 0.000000000000000000 ) ) ;
#4493 = CARTESIAN_POINT ( 'NONE',  ( 19.66230397645803052, -3.999998585597804190, 1000.000000000000000 ) ) ;
#4494 = ADVANCED_FACE ( 'NONE', ( #3831 ), #9060, .T. ) ;
#4495 = CARTESIAN_POINT ( 'NONE',  ( 0.3376954189101416537, -3.999999972434276074, 1000.000000000000000 ) ) ;
#4496 = AXIS2_PLACEMENT_3D ( 'NONE', #9129, #11095, #7352 ) ;
#4497 = CARTESIAN_POINT ( 'NONE',  ( 4.907106893000320547, -5.897056155655485910, 1000.000000000000000 ) ) ;
#4498 = DIRECTION ( 'NONE',  ( 0.000000000000000000, 0.000000000000000000, 1.000000000000000000 ) ) ;
#4499 = DIRECTION ( 'NONE',  ( -0.7071084349085211551, -0.7071051274607063064, 0.000000000000000000 ) ) ;
#4500 = ORIENTED_EDGE ( 'NONE', *, *, #6288, .F. ) ;
#4501 = ORIENTED_EDGE ( 'NONE', *, *, #4606, .F. ) ;
#4502 = ADVANCED_FACE ( 'NONE', ( #4691 ), #8203, .F. ) ;
#4503 = EDGE_LOOP ( 'NONE', ( #5582, #10586, #645, #347 ) ) ;
#4504 = AXIS2_PLACEMENT_3D ( 'NONE', #2629, #6073, #5960 ) ;
#4505 = CARTESIAN_POINT ( 'NONE',  ( 14.20000008751195253, 5.658578530155403463, 1000.000000000000000 ) ) ;
#4506 = DIRECTION ( 'NONE',  ( -0.000000000000000000, -0.000000000000000000, -1.000000000000000000 ) ) ;
#4507 = DIRECTION ( 'NONE',  ( 1.000000000000000000, 0.000000000000000000, 0.000000000000000000 ) ) ;
#4508 = VERTEX_POINT ( 'NONE', #7158 ) ;
#4509 = CARTESIAN_POINT ( 'NONE',  ( -8.500000101005065645, 10.00000012339513589, 1000.000000000000000 ) ) ;
#4510 = AXIS2_PLACEMENT_3D ( 'NONE', #449, #3785, #1132 ) ;
#4511 = DIRECTION ( 'NONE',  ( -5.260373377776348420E-07, 0.9999999999998616662, -0.000000000000000000 ) ) ;
#4512 = ORIENTED_EDGE ( 'NONE', *, *, #4688, .F. ) ;
#4513 = CARTESIAN_POINT ( 'NONE',  ( -3.393721882965487602, 0.8559508052926600996, 1000.000000000000000 ) ) ;
#4514 = DIRECTION ( 'NONE',  ( -0.000000000000000000, -0.000000000000000000, -1.000000000000000000 ) ) ;
#4515 = ORIENTED_EDGE ( 'NONE', *, *, #9440, .T. ) ;
#4516 = DIRECTION ( 'NONE',  ( -0.7071068251285913542, -0.7071067372445010157, 0.000000000000000000 ) ) ;
#4517 = ORIENTED_EDGE ( 'NONE', *, *, #8960, .T. ) ;
#4518 = CARTESIAN_POINT ( 'NONE',  ( -4.373223547227689245, -8.073223582606578574, 0.000000000000000000 ) ) ;
#4519 = VECTOR ( 'NONE', #9285, 1000.000000000000000 ) ;
#4520 = DIRECTION ( 'NONE',  ( -0.000000000000000000, -0.000000000000000000, -1.000000000000000000 ) ) ;
#4521 = ADVANCED_FACE ( 'NONE', ( #7332 ), #215, .F. ) ;
#4522 = CARTESIAN_POINT ( 'NONE',  ( -3.700000101005074260, 9.399999987794574352, 0.000000000000000000 ) ) ;
#4523 = EDGE_CURVE ( 'NONE', #2817, #7079, #6857, .T. ) ;
#4524 = DIRECTION ( 'NONE',  ( -0.000000000000000000, -0.000000000000000000, -1.000000000000000000 ) ) ;
#4525 = DIRECTION ( 'NONE',  ( -1.000000000000000000, 0.000000000000000000, 0.000000000000000000 ) ) ;
#4526 = DIRECTION ( 'NONE',  ( -0.9999999999998616662, -5.260373940891945154E-07, -0.000000000000000000 ) ) ;
#4527 = VERTEX_POINT ( 'NONE', #6466 ) ;
#4528 = EDGE_CURVE ( 'NONE', #3799, #10270, #7219, .T. ) ;
#4529 = AXIS2_PLACEMENT_3D ( 'NONE', #2157, #8071, #9968 ) ;
#4530 = FACE_OUTER_BOUND ( 'NONE', #6029, .T. ) ;
#4531 = ORIENTED_EDGE ( 'NONE', *, *, #9747, .T. ) ;
#4532 = ORIENTED_EDGE ( 'NONE', *, *, #6387, .T. ) ;
#4533 = DIRECTION ( 'NONE',  ( -0.000000000000000000, -0.000000000000000000, -1.000000000000000000 ) ) ;
#4534 = EDGE_CURVE ( 'NONE', #5847, #2922, #2854, .T. ) ;
#4535 = EDGE_CURVE ( 'NONE', #7208, #10416, #9255, .T. ) ;
#4536 = PLANE ( 'NONE',  #2386 ) ;
#4537 = DIRECTION ( 'NONE',  ( -0.000000000000000000, -0.000000000000000000, -1.000000000000000000 ) ) ;
#4538 = EDGE_CURVE ( 'NONE', #10459, #3395, #8631, .T. ) ;
#4539 = DIRECTION ( 'NONE',  ( 0.000000000000000000, 0.000000000000000000, 1.000000000000000000 ) ) ;
#4540 = EDGE_CURVE ( 'NONE', #2137, #6741, #7275, .T. ) ;
#4541 = VECTOR ( 'NONE', #5843, 1000.000000000000000 ) ;
#4542 = DIRECTION ( 'NONE',  ( -1.000000000000000000, -0.000000000000000000, -0.000000000000000000 ) ) ;
#4543 = DIRECTION ( 'NONE',  ( 0.000000000000000000, 0.000000000000000000, 1.000000000000000000 ) ) ;
#4544 = ORIENTED_EDGE ( 'NONE', *, *, #10367, .T. ) ;
#4545 = ORIENTED_EDGE ( 'NONE', *, *, #10227, .F. ) ;
#4546 = EDGE_CURVE ( 'NONE', #6870, #682, #7345, .T. ) ;
#4547 = ORIENTED_EDGE ( 'NONE', *, *, #7072, .F. ) ;
#4548 = ORIENTED_EDGE ( 'NONE', *, *, #5677, .T. ) ;
#4549 = ORIENTED_EDGE ( 'NONE', *, *, #2443, .F. ) ;
#4550 = CARTESIAN_POINT ( 'NONE',  ( 15.62677706052485327, 8.073222827534763724, 1000.000000000000000 ) ) ;
#4551 = AXIS2_PLACEMENT_3D ( 'NONE', #11000, #9263, #10650 ) ;
#4552 = DIRECTION ( 'NONE',  ( -0.000000000000000000, -0.000000000000000000, -1.000000000000000000 ) ) ;
#4553 = FACE_OUTER_BOUND ( 'NONE', #10328, .T. ) ;
#4554 = DIRECTION ( 'NONE',  ( 1.000000000000000000, 0.000000000000000000, 0.000000000000000000 ) ) ;
#4555 = DIRECTION ( 'NONE',  ( -0.000000000000000000, -0.000000000000000000, -1.000000000000000000 ) ) ;
#4556 = CARTESIAN_POINT ( 'NONE',  ( 19.66230419008983787, 3.999999433851542108, 1000.000000000000000 ) ) ;
#4557 = DIRECTION ( 'NONE',  ( 1.245074968886553162E-07, 0.9999999999999922284, 0.000000000000000000 ) ) ;
#4558 = VECTOR ( 'NONE', #5896, 1000.000000000000000 ) ;
#4559 = ORIENTED_EDGE ( 'NONE', *, *, #10878, .F. ) ;
#4560 = ORIENTED_EDGE ( 'NONE', *, *, #5894, .F. ) ;
#4561 = EDGE_CURVE ( 'NONE', #1676, #928, #499, .T. ) ;
#4562 = ORIENTED_EDGE ( 'NONE', *, *, #4466, .F. ) ;
#4563 = CARTESIAN_POINT ( 'NONE',  ( -4.526776894976741517, 8.226776551170781104, 0.000000000000000000 ) ) ;
#4564 = CARTESIAN_POINT ( 'NONE',  ( 17.94939033455898780, -2.050609665440989104, 1000.000000000000000 ) ) ;
#4565 = CARTESIAN_POINT ( 'NONE',  ( 3.320000255121510868, -7.999999766151117520, 1000.000000000000000 ) ) ;
#4566 = ORIENTED_EDGE ( 'NONE', *, *, #45, .F. ) ;
#4567 = AXIS2_PLACEMENT_3D ( 'NONE', #9912, #5437, #8021 ) ;
#4568 = EDGE_CURVE ( 'NONE', #8467, #1116, #6053, .T. ) ;
#4569 = DIRECTION ( 'NONE',  ( -1.000000000000000000, 0.000000000000000000, 0.000000000000000000 ) ) ;
#4570 = FACE_OUTER_BOUND ( 'NONE', #453, .T. ) ;
#4571 = ORIENTED_EDGE ( 'NONE', *, *, #7734, .F. ) ;
#4572 = DIRECTION ( 'NONE',  ( -1.030353624409846740E-07, 0.9999999999999947820, 0.000000000000000000 ) ) ;
#4573 = DIRECTION ( 'NONE',  ( -0.000000000000000000, -0.000000000000000000, -1.000000000000000000 ) ) ;
#4574 = ORIENTED_EDGE ( 'NONE', *, *, #2882, .T. ) ;
#4575 = LINE ( 'NONE', #9003, #1760 ) ;
#4576 = VERTEX_POINT ( 'NONE', #10255 ) ;
#4577 = AXIS2_PLACEMENT_3D ( 'NONE', #10828, #3697, #9843 ) ;
#4578 = VECTOR ( 'NONE', #8719, 1000.000000000000114 ) ;
#4579 = DIRECTION ( 'NONE',  ( -0.000000000000000000, -0.000000000000000000, -1.000000000000000000 ) ) ;
#4580 = CYLINDRICAL_SURFACE ( 'NONE', #2223, 0.2499999180770751672 ) ;
#4581 = AXIS2_PLACEMENT_3D ( 'NONE', #3747, #9885, #5578 ) ;
#4582 = CARTESIAN_POINT ( 'NONE',  ( -3.950000101005074704, 9.750000123395135887, 0.000000000000000000 ) ) ;
#4583 = VECTOR ( 'NONE', #10947, 1000.000000000000000 ) ;
#4584 = CARTESIAN_POINT ( 'NONE',  ( -9.750000414488168232, 3.700000235712694430, 0.000000000000000000 ) ) ;
#4585 = CARTESIAN_POINT ( 'NONE',  ( 16.67999987215819502, -9.149999338687111461, 1000.000000000000000 ) ) ;
#4586 = VERTEX_POINT ( 'NONE', #4865 ) ;
#4587 = LINE ( 'NONE', #231, #7627 ) ;
#4588 = ORIENTED_EDGE ( 'NONE', *, *, #11238, .T. ) ;
#4589 = ORIENTED_EDGE ( 'NONE', *, *, #4251, .T. ) ;
#4590 = CIRCLE ( 'NONE', #11033, 0.2499999204762315685 ) ;
#4591 = VECTOR ( 'NONE', #11335, 1000.000000000000000 ) ;
#4592 = CARTESIAN_POINT ( 'NONE',  ( 22.05060966544096601, 2.050609665440974894, 1000.000000000000000 ) ) ;
#4593 = EDGE_CURVE ( 'NONE', #10478, #9634, #5667, .T. ) ;
#4594 = CARTESIAN_POINT ( 'NONE',  ( -6.604163088458923525, 5.200000111050750107, 1000.000000000000000 ) ) ;
#4595 = LINE ( 'NONE', #3744, #9360 ) ;
#4596 = PLANE ( 'NONE',  #10812 ) ;
#4597 = DIRECTION ( 'NONE',  ( -0.000000000000000000, -0.000000000000000000, -1.000000000000000000 ) ) ;
#4598 = CYLINDRICAL_SURFACE ( 'NONE', #2018, 1.999999905005111378 ) ;
#4599 = VECTOR ( 'NONE', #106, 1000.000000000000000 ) ;
#4600 = VECTOR ( 'NONE', #3781, 999.9999999999998863 ) ;
#4601 = DIRECTION ( 'NONE',  ( 1.000000000000000000, -0.000000000000000000, -0.000000000000000000 ) ) ;
#4602 = ADVANCED_FACE ( 'NONE', ( #1461 ), #8311, .F. ) ;
#4603 = ORIENTED_EDGE ( 'NONE', *, *, #10429, .F. ) ;
#4604 = EDGE_LOOP ( 'NONE', ( #8994, #184, #9849, #683 ) ) ;
#4605 = ORIENTED_EDGE ( 'NONE', *, *, #2574, .T. ) ;
#4606 = EDGE_CURVE ( 'NONE', #6959, #9269, #5722, .T. ) ;
#4607 = EDGE_CURVE ( 'NONE', #4814, #7044, #3951, .T. ) ;
#4608 = ORIENTED_EDGE ( 'NONE', *, *, #8760, .T. ) ;
#4609 = DIRECTION ( 'NONE',  ( 1.000000000000000000, 0.000000000000000000, 0.000000000000000000 ) ) ;
#4610 = EDGE_CURVE ( 'NONE', #11301, #4004, #4955, .T. ) ;
#4611 = CARTESIAN_POINT ( 'NONE',  ( -9.150000549120136384, 3.070000281310325541, 0.000000000000000000 ) ) ;
#4612 = VECTOR ( 'NONE', #7772, 1000.000000000000000 ) ;
#4613 = LINE ( 'NONE', #3758, #7681 ) ;
#4614 = CARTESIAN_POINT ( 'NONE',  ( -4.526776721708961837, -8.226776523139617936, 0.000000000000000000 ) ) ;
#4615 = CYLINDRICAL_SURFACE ( 'NONE', #10283, 0.2499999321998354340 ) ;
#4616 = CARTESIAN_POINT ( 'NONE',  ( 3.950000044177011560, 10.00000001106444181, 1000.000000000000000 ) ) ;
#4617 = CARTESIAN_POINT ( 'NONE',  ( -6.604162962963531669, -5.199999990491699364, 0.000000000000000000 ) ) ;
#4618 = DIRECTION ( 'NONE',  ( 0.6246943452189793744, -0.7808693713108681989, 0.000000000000000000 ) ) ;
#4619 = ORIENTED_EDGE ( 'NONE', *, *, #2292, .F. ) ;
#4620 = ORIENTED_EDGE ( 'NONE', *, *, #2570, .T. ) ;
#4621 = VECTOR ( 'NONE', #1323, 1000.000000000000114 ) ;
#4622 = VERTEX_POINT ( 'NONE', #2275 ) ;
#4623 = ORIENTED_EDGE ( 'NONE', *, *, #7300, .T. ) ;
#4624 = FACE_OUTER_BOUND ( 'NONE', #8577, .T. ) ;
#4625 = LINE ( 'NONE', #3079, #6239 ) ;
#4626 = DIRECTION ( 'NONE',  ( 0.000000000000000000, 0.000000000000000000, 1.000000000000000000 ) ) ;
#4627 = CARTESIAN_POINT ( 'NONE',  ( 29.99999897117740133, -8.499998538658488201, 0.000000000000000000 ) ) ;
#4628 = ORIENTED_EDGE ( 'NONE', *, *, #3217, .F. ) ;
#4629 = EDGE_CURVE ( 'NONE', #5130, #11286, #10275, .T. ) ;
#4630 = VECTOR ( 'NONE', #6697, 1000.000000000000000 ) ;
#4631 = ADVANCED_FACE ( 'NONE', ( #10909 ), #3144, .F. ) ;
#4632 = AXIS2_PLACEMENT_3D ( 'NONE', #4379, #3521, #7024 ) ;
#4633 = CARTESIAN_POINT ( 'NONE',  ( 23.95000102667850683, 9.999998723948603896, 1000.000000000000000 ) ) ;
#4634 = CARTESIAN_POINT ( 'NONE',  ( -4.200000160796017568, 6.604162906957935952, 1000.000000000000000 ) ) ;
#4635 = ORIENTED_EDGE ( 'NONE', *, *, #5726, .F. ) ;
#4636 = CARTESIAN_POINT ( 'NONE',  ( -4.000000073439355042, -0.3376952955149725710, 1000.000000000000000 ) ) ;
#4637 = LINE ( 'NONE', #277, #8981 ) ;
#4638 = VERTEX_POINT ( 'NONE', #5781 ) ;
#4639 = EDGE_LOOP ( 'NONE', ( #4097, #3021, #11127, #6839 ) ) ;
#4640 = VECTOR ( 'NONE', #8369, 1000.000000000000114 ) ;
#4641 = DIRECTION ( 'NONE',  ( -0.7071067422666980073, 0.7071068201063949177, 0.000000000000000000 ) ) ;
#4642 = VECTOR ( 'NONE', #3397, 1000.000000000000000 ) ;
#4643 = CARTESIAN_POINT ( 'NONE',  ( -9.150000549120136384, 3.070000281310325541, 1000.000000000000000 ) ) ;
#4644 = VECTOR ( 'NONE', #8127, 1000.000000000000000 ) ;
#4645 = CARTESIAN_POINT ( 'NONE',  ( -3.999999911001639319, 0.3376953446985325735, 1000.000000000000000 ) ) ;
#4646 = CIRCLE ( 'NONE', #1353, 0.2500000949949114926 ) ;
#4647 = ORIENTED_EDGE ( 'NONE', *, *, #10287, .F. ) ;
#4648 = CARTESIAN_POINT ( 'NONE',  ( 3.070000090333480092, 8.250000058338313735, 0.000000000000000000 ) ) ;
#4649 = CARTESIAN_POINT ( 'NONE',  ( 16.60627811703450973, -0.8559508052926739774, 1000.000000000000000 ) ) ;
#4650 = CARTESIAN_POINT ( 'NONE',  ( 9.999999835802853454, -9.799999803598330672, 1000.000000000000000 ) ) ;
#4651 = VERTEX_POINT ( 'NONE', #9282 ) ;
#4652 = DIRECTION ( 'NONE',  ( -0.7808699601486055464, 0.6246936091697395943, 0.000000000000000000 ) ) ;
#4653 = ORIENTED_EDGE ( 'NONE', *, *, #7057, .T. ) ;
#4654 = ADVANCED_FACE ( 'NONE', ( #9389 ), #10203, .F. ) ;
#4655 = ORIENTED_EDGE ( 'NONE', *, *, #1512, .F. ) ;
#4656 = AXIS2_PLACEMENT_3D ( 'NONE', #9071, #7687, #4988 ) ;
#4657 = CARTESIAN_POINT ( 'NONE',  ( -8.249999987334840412, 4.196446700727205048, 1000.000000000000000 ) ) ;
#4658 = DIRECTION ( 'NONE',  ( 0.7071068251285932416, 0.7071067372444991284, -0.000000000000000000 ) ) ;
#4659 = DIRECTION ( 'NONE',  ( -0.000000000000000000, -0.000000000000000000, -1.000000000000000000 ) ) ;
#4660 = DIRECTION ( 'NONE',  ( -0.7071067811865493491, 0.7071067811865456854, 0.000000000000000000 ) ) ;
#4661 = DIRECTION ( 'NONE',  ( -0.000000000000000000, -0.000000000000000000, -1.000000000000000000 ) ) ;
#4662 = VECTOR ( 'NONE', #1310, 1000.000000000000114 ) ;
#4663 = DIRECTION ( 'NONE',  ( -3.568436288879236641E-07, -0.9999999999999363842, 0.000000000000000000 ) ) ;
#4664 = ORIENTED_EDGE ( 'NONE', *, *, #735, .F. ) ;
#4665 = ORIENTED_EDGE ( 'NONE', *, *, #8259, .T. ) ;
#4666 = AXIS2_PLACEMENT_3D ( 'NONE', #10189, #6562, #5819 ) ;
#4667 = CARTESIAN_POINT ( 'NONE',  ( 28.22677415637757292, 4.526778986716148090, 1000.000000000000000 ) ) ;
#4668 = PLANE ( 'NONE',  #3550 ) ;
#4669 = CARTESIAN_POINT ( 'NONE',  ( 23.07000061153226156, 8.249999139095187672, 1000.000000000000000 ) ) ;
#4670 = CARTESIAN_POINT ( 'NONE',  ( 9.999999758667000194, 9.799999922545918452, 0.000000000000000000 ) ) ;
#4671 = DIRECTION ( 'NONE',  ( 1.000000000000000000, -0.000000000000000000, -0.000000000000000000 ) ) ;
#4672 = EDGE_CURVE ( 'NONE', #6185, #5930, #9353, .T. ) ;
#4673 = CARTESIAN_POINT ( 'NONE',  ( -3.595836833257993970, -4.585786409789892382, 0.000000000000000000 ) ) ;
#4674 = VECTOR ( 'NONE', #2192, 1000.000000000000000 ) ;
#4675 = EDGE_CURVE ( 'NONE', #5444, #802, #5833, .T. ) ;
#4676 = CARTESIAN_POINT ( 'NONE',  ( -9.750000213322500997, 3.950000235153863670, 0.000000000000000000 ) ) ;
#4677 = VERTEX_POINT ( 'NONE', #5031 ) ;
#4678 = EDGE_CURVE ( 'NONE', #8276, #7798, #2168, .T. ) ;
#4679 = EDGE_LOOP ( 'NONE', ( #1631, #18, #5455, #2974 ) ) ;
#4680 = ORIENTED_EDGE ( 'NONE', *, *, #849, .T. ) ;
#4681 = EDGE_LOOP ( 'NONE', ( #2420, #4438, #5954, #3348 ) ) ;
#4682 = CYLINDRICAL_SURFACE ( 'NONE', #1592, 0.2499999532849378481 ) ;
#4683 = DIRECTION ( 'NONE',  ( 0.000000000000000000, 0.000000000000000000, 1.000000000000000000 ) ) ;
#4684 = DIRECTION ( 'NONE',  ( -0.000000000000000000, -0.000000000000000000, -1.000000000000000000 ) ) ;
#4685 = AXIS2_PLACEMENT_3D ( 'NONE', #973, #1832, #4474 ) ;
#4686 = ORIENTED_EDGE ( 'NONE', *, *, #1266, .F. ) ;
#4687 = EDGE_CURVE ( 'NONE', #9534, #8652, #1098, .T. ) ;
#4688 = EDGE_CURVE ( 'NONE', #6131, #5584, #8444, .T. ) ;
#4689 = PLANE ( 'NONE',  #1626 ) ;
#4690 = LINE ( 'NONE', #6233, #236 ) ;
#4691 = FACE_OUTER_BOUND ( 'NONE', #2586, .T. ) ;
#4692 = DIRECTION ( 'NONE',  ( -0.000000000000000000, -0.000000000000000000, -1.000000000000000000 ) ) ;
#4693 = VERTEX_POINT ( 'NONE', #386 ) ;
#4694 = AXIS2_PLACEMENT_3D ( 'NONE', #10688, #7114, #115 ) ;
#4695 = ORIENTED_EDGE ( 'NONE', *, *, #1801, .F. ) ;
#4696 = EDGE_CURVE ( 'NONE', #3599, #9832, #3893, .T. ) ;
#4697 = DIRECTION ( 'NONE',  ( 0.000000000000000000, 0.000000000000000000, 1.000000000000000000 ) ) ;
#4698 = AXIS2_PLACEMENT_3D ( 'NONE', #3906, #2181, #1313 ) ;
#4699 = DIRECTION ( 'NONE',  ( 0.000000000000000000, 0.000000000000000000, 1.000000000000000000 ) ) ;
#4700 = DIRECTION ( 'NONE',  ( -0.000000000000000000, -0.000000000000000000, -1.000000000000000000 ) ) ;
#4701 = ORIENTED_EDGE ( 'NONE', *, *, #6704, .T. ) ;
#4702 = DIRECTION ( 'NONE',  ( 1.000000000000000000, 0.000000000000000000, 0.000000000000000000 ) ) ;
#4703 = DIRECTION ( 'NONE',  ( 1.000000000000000000, 0.000000000000000000, 0.000000000000000000 ) ) ;
#4704 = DIRECTION ( 'NONE',  ( 1.473741152755018339E-07, 0.9999999999999891198, 0.000000000000000000 ) ) ;
#4705 = LINE ( 'NONE', #9072, #3488 ) ;
#4706 = EDGE_LOOP ( 'NONE', ( #10765, #8220, #8313, #7160 ) ) ;
#4707 = DIRECTION ( 'NONE',  ( -0.000000000000000000, -0.000000000000000000, -1.000000000000000000 ) ) ;
#4708 = ORIENTED_EDGE ( 'NONE', *, *, #595, .T. ) ;
#4709 = EDGE_CURVE ( 'NONE', #1917, #8531, #5266, .T. ) ;
#4710 = CIRCLE ( 'NONE', #9286, 0.2499998882413527468 ) ;
#4711 = ORIENTED_EDGE ( 'NONE', *, *, #4183, .F. ) ;
#4712 = DIRECTION ( 'NONE',  ( 0.000000000000000000, 0.000000000000000000, 1.000000000000000000 ) ) ;
#4713 = DIRECTION ( 'NONE',  ( 0.7071072718140132274, -0.7071062905587413017, -0.000000000000000000 ) ) ;
#4714 = LINE ( 'NONE', #2997, #1133 ) ;
#4715 = EDGE_CURVE ( 'NONE', #6825, #9101, #6912, .T. ) ;
#4716 = CARTESIAN_POINT ( 'NONE',  ( 9.624306134743992658, 9.749999899305722195, 0.000000000000000000 ) ) ;
#4717 = DIRECTION ( 'NONE',  ( -0.000000000000000000, -0.000000000000000000, -1.000000000000000000 ) ) ;
#4718 = ORIENTED_EDGE ( 'NONE', *, *, #3699, .T. ) ;
#4719 = ORIENTED_EDGE ( 'NONE', *, *, #3273, .T. ) ;
#4720 = ORIENTED_EDGE ( 'NONE', *, *, #9518, .F. ) ;
#4721 = DIRECTION ( 'NONE',  ( -0.000000000000000000, -0.000000000000000000, -1.000000000000000000 ) ) ;
#4722 = CARTESIAN_POINT ( 'NONE',  ( 23.70000138579651860, 9.399998947466265520, 1000.000000000000000 ) ) ;
#4723 = DIRECTION ( 'NONE',  ( 0.7071065689968591972, 0.7071069933761721105, 0.000000000000000000 ) ) ;
#4724 = CARTESIAN_POINT ( 'NONE',  ( 28.29999769817652222, 4.703555819707591290, 1000.000000000000000 ) ) ;
#4725 = CARTESIAN_POINT ( 'NONE',  ( 4.599999975301825472, 2.761522368914970382, 1000.000000000000000 ) ) ;
#4726 = DIRECTION ( 'NONE',  ( 1.000000000000000000, 0.000000000000000000, 0.000000000000000000 ) ) ;
#4727 = DIRECTION ( 'NONE',  ( 1.000000000000000000, 0.000000000000000000, 0.000000000000000000 ) ) ;
#4728 = ORIENTED_EDGE ( 'NONE', *, *, #3850, .F. ) ;
#4729 = VERTEX_POINT ( 'NONE', #11185 ) ;
#4730 = ORIENTED_EDGE ( 'NONE', *, *, #1668, .F. ) ;
#4731 = VECTOR ( 'NONE', #6593, 1000.000000000000227 ) ;
#4732 = ORIENTED_EDGE ( 'NONE', *, *, #11125, .T. ) ;
#4733 = ORIENTED_EDGE ( 'NONE', *, *, #7383, .T. ) ;
#4734 = CARTESIAN_POINT ( 'NONE',  ( 23.31999954204026793, -7.999997617916474901, 1000.000000000000000 ) ) ;
#4735 = DIRECTION ( 'NONE',  ( 0.000000000000000000, 0.000000000000000000, 1.000000000000000000 ) ) ;
#4736 = CARTESIAN_POINT ( 'NONE',  ( -7.600000000000002309, -7.600000000000009415, 1000.000000000000000 ) ) ;
#4737 = VERTEX_POINT ( 'NONE', #8587 ) ;
#4738 = PRODUCT_DEFINITION ( 'UNKNOWN', '', #2431, #7297 ) ;
#4739 = VECTOR ( 'NONE', #4723, 1000.000000000000114 ) ;
#4740 = FACE_OUTER_BOUND ( 'NONE', #8663, .T. ) ;
#4741 = LINE ( 'NONE', #6633, #5189 ) ;
#4742 = EDGE_LOOP ( 'NONE', ( #10999, #6028, #1281, #6976 ) ) ;
#4743 = DIRECTION ( 'NONE',  ( -0.000000000000000000, -0.000000000000000000, -1.000000000000000000 ) ) ;
#4744 = ORIENTED_EDGE ( 'NONE', *, *, #10096, .T. ) ;
#4745 = ORIENTED_EDGE ( 'NONE', *, *, #9393, .F. ) ;
#4746 = EDGE_CURVE ( 'NONE', #4095, #5783, #10653, .T. ) ;
#4747 = ORIENTED_EDGE ( 'NONE', *, *, #7582, .T. ) ;
#4748 = FACE_OUTER_BOUND ( 'NONE', #10856, .T. ) ;
#4749 = EDGE_CURVE ( 'NONE', #11041, #9130, #6119, .T. ) ;
#4750 = CIRCLE ( 'NONE', #699, 0.5999999050050903726 ) ;
#4751 = EDGE_CURVE ( 'NONE', #9759, #7387, #2550, .T. ) ;
#4752 = EDGE_CURVE ( 'NONE', #2369, #8635, #8532, .T. ) ;
#4753 = ORIENTED_EDGE ( 'NONE', *, *, #6244, .F. ) ;
#4754 = FACE_OUTER_BOUND ( 'NONE', #6664, .T. ) ;
#4755 = ADVANCED_FACE ( 'NONE', ( #11357 ), #2491, .F. ) ;
#4756 = DIRECTION ( 'NONE',  ( -0.000000000000000000, -0.000000000000000000, -1.000000000000000000 ) ) ;
#4757 = EDGE_LOOP ( 'NONE', ( #5655, #5660, #4236, #2768 ) ) ;
#4758 = VECTOR ( 'NONE', #7728, 1000.000000000000000 ) ;
#4759 = DIRECTION ( 'NONE',  ( -0.000000000000000000, -0.000000000000000000, -1.000000000000000000 ) ) ;
#4760 = CARTESIAN_POINT ( 'NONE',  ( -7.600000000000009415, 7.599999999999996092, 0.000000000000000000 ) ) ;
#4761 = CARTESIAN_POINT ( 'NONE',  ( 2.616295090390198030, -1.484924240491737990, 1000.000000000000000 ) ) ;
#4762 = LINE ( 'NONE', #10923, #8263 ) ;
#4763 = ORIENTED_EDGE ( 'NONE', *, *, #7097, .T. ) ;
#4764 = CARTESIAN_POINT ( 'NONE',  ( -4.585786238752019628, -3.595836914670247353, 0.000000000000000000 ) ) ;
#4765 = ORIENTED_EDGE ( 'NONE', *, *, #1233, .F. ) ;
#4766 = EDGE_LOOP ( 'NONE', ( #1000, #1778, #2250, #8131 ) ) ;
#4767 = LINE ( 'NONE', #8278, #6300 ) ;
#4768 = CIRCLE ( 'NONE', #4212, 0.9999999999999947820 ) ;
#4769 = AXIS2_PLACEMENT_3D ( 'NONE', #8325, #1311, #1370 ) ;
#4770 = DIRECTION ( 'NONE',  ( 1.000000000000000000, 0.000000000000000000, 0.000000000000000000 ) ) ;
#4771 = ADVANCED_FACE ( 'NONE', ( #4281 ), #8710, .F. ) ;
#4772 = ADVANCED_FACE ( 'NONE', ( #9501 ), #7796, .F. ) ;
#4773 = CARTESIAN_POINT ( 'NONE',  ( 3.700000235153940054, -9.399999651635681630, 1000.000000000000000 ) ) ;
#4774 = DIRECTION ( 'NONE',  ( -0.000000000000000000, -0.000000000000000000, -1.000000000000000000 ) ) ;
#4775 = DIRECTION ( 'NONE',  ( 5.260373377776348420E-07, -0.9999999999998616662, 0.000000000000000000 ) ) ;
#4776 = VECTOR ( 'NONE', #3285, 1000.000000000000114 ) ;
#4777 = ORIENTED_EDGE ( 'NONE', *, *, #2171, .F. ) ;
#4778 = ORIENTED_EDGE ( 'NONE', *, *, #4535, .T. ) ;
#4779 = AXIS2_PLACEMENT_3D ( 'NONE', #5349, #8737, #4197 ) ;
#4780 = VECTOR ( 'NONE', #8456, 1000.000000000000114 ) ;
#4781 = ORIENTED_EDGE ( 'NONE', *, *, #2021, .F. ) ;
#4782 = DIRECTION ( 'NONE',  ( 0.7071069833316451225, -0.7071065790413921803, 0.000000000000000000 ) ) ;
#4783 = ORIENTED_EDGE ( 'NONE', *, *, #8392, .F. ) ;
#4784 = LINE ( 'NONE', #8977, #6304 ) ;
#4785 = CARTESIAN_POINT ( 'NONE',  ( -5.999999941069436460, -2.181623410754660153, 1000.000000000000000 ) ) ;
#4786 = CIRCLE ( 'NONE', #4222, 0.2499997460652450543 ) ;
#4787 = CARTESIAN_POINT ( 'NONE',  ( 19.14404919470731770, -3.393721882965480940, 1000.000000000000000 ) ) ;
#4788 = CARTESIAN_POINT ( 'NONE',  ( -4.000000073439355042, -0.3376952955149725710, 0.000000000000000000 ) ) ;
#4789 = PLANE ( 'NONE',  #5384 ) ;
#4790 = LINE ( 'NONE', #6507, #7241 ) ;
#4791 = ORIENTED_EDGE ( 'NONE', *, *, #10019, .T. ) ;
#4792 = EDGE_LOOP ( 'NONE', ( #4728, #972, #7156, #217 ) ) ;
#4793 = EDGE_LOOP ( 'NONE', ( #8463, #8550, #3841, #8190 ) ) ;
#4794 = ORIENTED_EDGE ( 'NONE', *, *, #8760, .F. ) ;
#4795 = ORIENTED_EDGE ( 'NONE', *, *, #6598, .T. ) ;
#4796 = AXIS2_PLACEMENT_3D ( 'NONE', #3605, #10621, #5505 ) ;
#4797 = ORIENTED_EDGE ( 'NONE', *, *, #2010, .F. ) ;
#4798 = FACE_OUTER_BOUND ( 'NONE', #536, .T. ) ;
#4799 = CARTESIAN_POINT ( 'NONE',  ( 28.22677608077515998, -4.526774332770449938, 1000.000000000000000 ) ) ;
#4800 = DIRECTION ( 'NONE',  ( 0.9999999999999946709, 1.030353618555290402E-07, 0.000000000000000000 ) ) ;
#4801 = VERTEX_POINT ( 'NONE', #10313 ) ;
#4802 = DIRECTION ( 'NONE',  ( -0.000000000000000000, -0.000000000000000000, -1.000000000000000000 ) ) ;
#4803 = CARTESIAN_POINT ( 'NONE',  ( -8.000000450027425103, 3.319999992898295282, 0.000000000000000000 ) ) ;
#4804 = DIRECTION ( 'NONE',  ( -0.000000000000000000, -0.000000000000000000, -1.000000000000000000 ) ) ;
#4805 = VERTEX_POINT ( 'NONE', #2436 ) ;
#4806 = EDGE_LOOP ( 'NONE', ( #7252, #6104, #4500, #3422 ) ) ;
#4807 = PLANE ( 'NONE',  #2022 ) ;
#4808 = CARTESIAN_POINT ( 'NONE',  ( 17.38370490960976156, 1.484924240491708458, 0.000000000000000000 ) ) ;
#4809 = AXIS2_PLACEMENT_3D ( 'NONE', #9414, #1543, #8446 ) ;
#4810 = CARTESIAN_POINT ( 'NONE',  ( 24.19644548396533779, -7.999997997896094226, 1000.000000000000000 ) ) ;
#4811 = EDGE_CURVE ( 'NONE', #9846, #1202, #2383, .T. ) ;
#4812 = DIRECTION ( 'NONE',  ( 0.000000000000000000, 0.000000000000000000, 1.000000000000000000 ) ) ;
#4813 = EDGE_CURVE ( 'NONE', #3189, #4729, #5945, .T. ) ;
#4814 = VERTEX_POINT ( 'NONE', #10427 ) ;
#4815 = DIRECTION ( 'NONE',  ( 7.700623407407265731E-08, 0.9999999999999970024, -0.000000000000000000 ) ) ;
#4816 = CARTESIAN_POINT ( 'NONE',  ( 26.60416213172399225, -4.199997554268142252, 1000.000000000000000 ) ) ;
#4817 = CARTESIAN_POINT ( 'NONE',  ( 15.80355339489029909, 7.999999578478217188, 0.000000000000000000 ) ) ;
#4818 = AXIS2_PLACEMENT_3D ( 'NONE', #2175, #560, #7576 ) ;
#4819 = ADVANCED_FACE ( 'NONE', ( #710 ), #4218, .F. ) ;
#4821 = EDGE_CURVE ( 'NONE', #5444, #79, #10373, .T. ) ;
#4820 = LINE ( 'NONE', #565, #9823 ) ;
#4822 = VECTOR ( 'NONE', #7892, 1000.000000000000227 ) ;
#4823 = ORIENTED_EDGE ( 'NONE', *, *, #2931, .T. ) ;
#4824 = VERTEX_POINT ( 'NONE', #4139 ) ;
#4825 = CARTESIAN_POINT ( 'NONE',  ( 27.99999925686937274, -4.196444300152229800, 1000.000000000000000 ) ) ;
#4826 = AXIS2_PLACEMENT_3D ( 'NONE', #3143, #3950, #9165 ) ;
#4827 = VECTOR ( 'NONE', #4994, 1000.000000000000000 ) ;
#4828 = LINE ( 'NONE', #9641, #10849 ) ;
#4829 = EDGE_CURVE ( 'NONE', #6797, #7336, #5331, .T. ) ;
#4830 = DIRECTION ( 'NONE',  ( -1.000000000000000000, 0.000000000000000000, 0.000000000000000000 ) ) ;
#4831 = EDGE_CURVE ( 'NONE', #1137, #10245, #2945, .T. ) ;
#4832 = DIRECTION ( 'NONE',  ( -0.7071069456611244197, -0.7071066167119323120, 0.000000000000000000 ) ) ;
#4833 = LINE ( 'NONE', #8339, #10188 ) ;
#4834 = VERTEX_POINT ( 'NONE', #7604 ) ;
#4835 = ORIENTED_EDGE ( 'NONE', *, *, #4073, .T. ) ;
#4836 = VECTOR ( 'NONE', #9416, 1000.000000000000000 ) ;
#4837 = CIRCLE ( 'NONE', #11264, 0.5999999357946730338 ) ;
#4838 = ORIENTED_EDGE ( 'NONE', *, *, #6518, .T. ) ;
#4839 = ADVANCED_FACE ( 'NONE', ( #2359 ), #3282, .F. ) ;
#4840 = ORIENTED_EDGE ( 'NONE', *, *, #9721, .F. ) ;
#4841 = LINE ( 'NONE', #7540, #4998 ) ;
#4842 = ORIENTED_EDGE ( 'NONE', *, *, #4006, .T. ) ;
#4843 = CARTESIAN_POINT ( 'NONE',  ( 3.070000301836649292, -8.249999674732485744, 1000.000000000000000 ) ) ;
#4844 = AXIS2_PLACEMENT_3D ( 'NONE', #4649, #10746, #3901 ) ;
#4845 = CARTESIAN_POINT ( 'NONE',  ( -9.399999752640761486, -3.700000111758763754, 0.000000000000000000 ) ) ;
#4846 = LINE ( 'NONE', #8569, #2403 ) ;
#4847 = AXIS2_PLACEMENT_3D ( 'NONE', #6047, #7950, #9669 ) ;
#4848 = LINE ( 'NONE', #5706, #6409 ) ;
#4849 = CARTESIAN_POINT ( 'NONE',  ( 15.82426411082386863, 3.185786278619581857, 1000.000000000000000 ) ) ;
#4850 = CARTESIAN_POINT ( 'NONE',  ( 4.196446644081398780, -8.000000146130739509, 1000.000000000000000 ) ) ;
#4851 = VERTEX_POINT ( 'NONE', #636 ) ;
#4852 = EDGE_LOOP ( 'NONE', ( #5529, #832, #11252, #6108 ) ) ;
#4853 = ORIENTED_EDGE ( 'NONE', *, *, #1099, .F. ) ;
#4854 = ORIENTED_EDGE ( 'NONE', *, *, #83, .F. ) ;
#4855 = AXIS2_PLACEMENT_3D ( 'NONE', #154, #2797, #3654 ) ;
#4856 = ADVANCED_FACE ( 'NONE', ( #5007 ), #8566, .F. ) ;
#4857 = EDGE_LOOP ( 'NONE', ( #1080, #769, #6494, #9116 ) ) ;
#4858 = CARTESIAN_POINT ( 'NONE',  ( 23.59583541421784858, -4.585783971684326055, 1000.000000000000000 ) ) ;
#4859 = DIRECTION ( 'NONE',  ( 1.000000000000000000, 0.000000000000000000, 0.000000000000000000 ) ) ;
#4860 = VERTEX_POINT ( 'NONE', #6669 ) ;
#4861 = AXIS2_PLACEMENT_3D ( 'NONE', #2957, #2034, #7260 ) ;
#4862 = FACE_OUTER_BOUND ( 'NONE', #10974, .T. ) ;
#4863 = CARTESIAN_POINT ( 'NONE',  ( 28.29999943741544399, -4.703551156343841022, 0.000000000000000000 ) ) ;
#4864 = EDGE_CURVE ( 'NONE', #5250, #2365, #4224, .T. ) ;
#4865 = CARTESIAN_POINT ( 'NONE',  ( 2.616295090390198030, -1.484924240491737990, 0.000000000000000000 ) ) ;
#4866 = ORIENTED_EDGE ( 'NONE', *, *, #4253, .T. ) ;
#4867 = ORIENTED_EDGE ( 'NONE', *, *, #6579, .T. ) ;
#4868 = VECTOR ( 'NONE', #630, 1000.000000000000000 ) ;
#4869 = PLANE ( 'NONE',  #3970 ) ;
#4870 = DIRECTION ( 'NONE',  ( -0.000000000000000000, -0.000000000000000000, -1.000000000000000000 ) ) ;
#4871 = DIRECTION ( 'NONE',  ( -0.7071068251285937967, -0.7071067372444985732, 0.000000000000000000 ) ) ;
#4872 = CIRCLE ( 'NONE', #6333, 0.2500001043081422347 ) ;
#4873 = CARTESIAN_POINT ( 'NONE',  ( 20.18152217271641646, 3.945216415219804595, 1000.000000000000000 ) ) ;
#4874 = EDGE_LOOP ( 'NONE', ( #1360, #5074, #78, #4959 ) ) ;
#4875 = FACE_OUTER_BOUND ( 'NONE', #4963, .T. ) ;
#4876 = DIRECTION ( 'NONE',  ( 0.7071068251285913542, 0.7071067372445010157, -0.000000000000000000 ) ) ;
#4877 = CARTESIAN_POINT ( 'NONE',  ( 3.393721882965473835, -0.8559508052926739774, 0.000000000000000000 ) ) ;
#4878 = CARTESIAN_POINT ( 'NONE',  ( 19.14404919470731770, 3.393721882965480940, 0.000000000000000000 ) ) ;
#4879 = ORIENTED_EDGE ( 'NONE', *, *, #10640, .T. ) ;
#4880 = VECTOR ( 'NONE', #7811, 1000.000000000000000 ) ;
#4881 = CARTESIAN_POINT ( 'NONE',  ( -3.070000157915178107, -8.250000159032531144, 1000.000000000000000 ) ) ;
#4882 = EDGE_CURVE ( 'NONE', #1385, #7902, #6554, .T. ) ;
#4883 = CARTESIAN_POINT ( 'NONE',  ( 22.39372188296547606, -0.8559508052926739774, 1000.000000000000000 ) ) ;
#4884 = EDGE_CURVE ( 'NONE', #4084, #2549, #7544, .T. ) ;
#4885 = PLANE ( 'NONE',  #579 ) ;
#4886 = DIRECTION ( 'NONE',  ( 1.000000000000000000, 0.000000000000000000, 0.000000000000000000 ) ) ;
#4887 = AXIS2_PLACEMENT_3D ( 'NONE', #2667, #6792, #10365 ) ;
#4888 = LINE ( 'NONE', #10176, #9441 ) ;
#4889 = EDGE_LOOP ( 'NONE', ( #9140, #1242, #2715, #1094 ) ) ;
#4890 = VERTEX_POINT ( 'NONE', #2308 ) ;
#4891 = EDGE_CURVE ( 'NONE', #5584, #6974, #3117, .T. ) ;
#4892 = CARTESIAN_POINT ( 'NONE',  ( 2.393721882965478720, -0.8559508052926739774, 1000.000000000000000 ) ) ;
#4893 = ADVANCED_FACE ( 'NONE', ( #1390 ), #6772, .T. ) ;
#4894 = ORIENTED_EDGE ( 'NONE', *, *, #958, .T. ) ;
#4895 = DIRECTION ( 'NONE',  ( -0.000000000000000000, -0.000000000000000000, -1.000000000000000000 ) ) ;
#4896 = EDGE_CURVE ( 'NONE', #6959, #8437, #9314, .T. ) ;
#4897 = VECTOR ( 'NONE', #1633, 1000.000000000000114 ) ;
#4898 = ADVANCED_FACE ( 'NONE', ( #1494 ), #10289, .F. ) ;
#4899 = LINE ( 'NONE', #7484, #6241 ) ;
#4900 = LINE ( 'NONE', #11060, #9137 ) ;
#4901 = DIRECTION ( 'NONE',  ( -1.030353618555290402E-07, 0.9999999999999946709, 0.000000000000000000 ) ) ;
#4902 = LINE ( 'NONE', #8404, #6592 ) ;
#4903 = EDGE_CURVE ( 'NONE', #5259, #8799, #4899, .T. ) ;
#4904 = CARTESIAN_POINT ( 'NONE',  ( 0.3376951537216663080, 3.999999709302315409, 0.000000000000000000 ) ) ;
#4905 = VERTEX_POINT ( 'NONE', #1551 ) ;
#4906 = ORIENTED_EDGE ( 'NONE', *, *, #4385, .T. ) ;
#4907 = ORIENTED_EDGE ( 'NONE', *, *, #7488, .F. ) ;
#4908 = EDGE_LOOP ( 'NONE', ( #3001, #7822, #5755, #6866 ) ) ;
#4909 = DIRECTION ( 'NONE',  ( 0.7071067372445022370, -0.7071068251285900219, 0.000000000000000000 ) ) ;
#4910 = LINE ( 'NONE', #1564, #7214 ) ;
#4911 = ORIENTED_EDGE ( 'NONE', *, *, #805, .T. ) ;
#4912 = CARTESIAN_POINT ( 'NONE',  ( -4.373223547227689245, -8.073223582606578574, 1000.000000000000000 ) ) ;
#4913 = EDGE_CURVE ( 'NONE', #5615, #3884, #580, .T. ) ;
#4914 = CYLINDRICAL_SURFACE ( 'NONE', #4826, 0.2499999351801458769 ) ;
#4915 = AXIS2_PLACEMENT_3D ( 'NONE', #7378, #1279, #1915 ) ;
#4916 = CARTESIAN_POINT ( 'NONE',  ( 3.595836765676339919, 4.585786309095688296, 1000.000000000000000 ) ) ;
#4917 = ORIENTED_EDGE ( 'NONE', *, *, #1996, .F. ) ;
#4918 = VERTEX_POINT ( 'NONE', #3233 ) ;
#4919 = CARTESIAN_POINT ( 'NONE',  ( 24.94999947028302145, -8.049997726335563542, 1000.000000000000000 ) ) ;
#4920 = VECTOR ( 'NONE', #10886, 1000.000000000000000 ) ;
#4921 = DIRECTION ( 'NONE',  ( 1.000000000000000000, 0.000000000000000000, 0.000000000000000000 ) ) ;
#4922 = DIRECTION ( 'NONE',  ( 1.000000000000000000, 0.000000000000000000, 0.000000000000000000 ) ) ;
#4923 = CARTESIAN_POINT ( 'NONE',  ( 24.37322271240137184, -8.073221246951979069, 0.000000000000000000 ) ) ;
#4924 = ORIENTED_EDGE ( 'NONE', *, *, #10011, .F. ) ;
#4925 = CARTESIAN_POINT ( 'NONE',  ( 24.37322436406087789, 8.073222854963562511, 1000.000000000000000 ) ) ;
#4926 = LINE ( 'NONE', #6750, #6847 ) ;
#4927 = CYLINDRICAL_SURFACE ( 'NONE', #1109, 0.9999999999999940048 ) ;
#4928 = FACE_OUTER_BOUND ( 'NONE', #2683, .T. ) ;
#4929 = ORIENTED_EDGE ( 'NONE', *, *, #10018, .T. ) ;
#4930 = VECTOR ( 'NONE', #1528, 1000.000000000000114 ) ;
#4931 = CYLINDRICAL_SURFACE ( 'NONE', #10961, 2.000000051034449111 ) ;
#4932 = DIRECTION ( 'NONE',  ( 1.000000000000000000, 0.000000000000000000, 0.000000000000000000 ) ) ;
#4933 = DIRECTION ( 'NONE',  ( 0.000000000000000000, -1.000000000000000000, 0.000000000000000000 ) ) ;
#4934 = CIRCLE ( 'NONE', #6588, 1.000000215670572512 ) ;
#4935 = LINE ( 'NONE', #8389, #4434 ) ;
#4936 = CARTESIAN_POINT ( 'NONE',  ( -3.945217254983764299, -0.1815214727701045527, 1000.000000000000000 ) ) ;
#4937 = ORIENTED_EDGE ( 'NONE', *, *, #187, .T. ) ;
#4938 = DIRECTION ( 'NONE',  ( 1.000000000000000000, 0.000000000000000000, 0.000000000000000000 ) ) ;
#4939 = VERTEX_POINT ( 'NONE', #688 ) ;
#4940 = ORIENTED_EDGE ( 'NONE', *, *, #4112, .T. ) ;
#4941 = CIRCLE ( 'NONE', #5686, 2.999999782071599785 ) ;
#4942 = CIRCLE ( 'NONE', #3122, 0.2499995678663692600 ) ;
#4943 = PLANE ( 'NONE',  #9580 ) ;
#4944 = VERTEX_POINT ( 'NONE', #7435 ) ;
#4945 = FILL_AREA_STYLE ('',( #524 ) ) ;
#4946 = DIRECTION ( 'NONE',  ( 0.000000000000000000, 0.000000000000000000, 1.000000000000000000 ) ) ;
#4947 = DIRECTION ( 'NONE',  ( -1.000000000000000000, 0.000000000000000000, 0.000000000000000000 ) ) ;
#4948 = LINE ( 'NONE', #8457, #1982 ) ;
#4949 = DIRECTION ( 'NONE',  ( -1.000000000000000000, -0.000000000000000000, -0.000000000000000000 ) ) ;
#4950 = AXIS2_PLACEMENT_3D ( 'NONE', #5854, #6488, #3969 ) ;
#4951 = EDGE_CURVE ( 'NONE', #11294, #6855, #8400, .T. ) ;
#4952 = CARTESIAN_POINT ( 'NONE',  ( -3.070000167687804371, 8.250000055594854942, 0.000000000000000000 ) ) ;
#4953 = AXIS2_PLACEMENT_3D ( 'NONE', #9599, #10407, #4424 ) ;
#4954 = EDGE_CURVE ( 'NONE', #1290, #3129, #2257, .T. ) ;
#4955 = CIRCLE ( 'NONE', #3490, 0.2499999351801545644 ) ;
#4956 = CARTESIAN_POINT ( 'NONE',  ( 8.922967370325045167, 8.600000106333938632, 1000.000000000000000 ) ) ;
#4957 = FACE_OUTER_BOUND ( 'NONE', #6075, .T. ) ;
#4958 = ORIENTED_EDGE ( 'NONE', *, *, #5377, .F. ) ;
#4959 = ORIENTED_EDGE ( 'NONE', *, *, #1537, .T. ) ;
#4960 = EDGE_CURVE ( 'NONE', #6698, #935, #11355, .T. ) ;
#4961 = ORIENTED_EDGE ( 'NONE', *, *, #4112, .F. ) ;
#4962 = ADVANCED_FACE ( 'NONE', ( #4553 ), #5423, .T. ) ;
#4963 = EDGE_LOOP ( 'NONE', ( #2241, #10177, #8817, #9283, #10244, #8208, #10881, #10035, #8409, #1257, #10254, #1079, #875, #7105, #3128, #385, #6175, #2875, #10752, #10865, #9449, #1614, #397, #9879, #2210, #663, #3405, #6764, #46, #8588, #6748, #6944, #8205, #10533, #7093, #6550, #5548, #7264, #4730, #7907, #643, #3754, #7017, #6102, #7633, #1619, #4797, #9157, #6224, #6956, #9118, #7835, #2222, #8861, #75, #4337, #8327, #11200, #3774, #6461, #2277, #4695, #2389, #1506, #1790, #8933, #5093, #2304, #6844, #5033, #7323, #6654, #3751, #1451, #5944, #5129, #6799, #6056, #9661, #374, #271, #11228, #9216, #6612, #4375, #1588, #7652, #2097, #6899, #6812, #7427, #2323, #5280, #899, #8873, #10751, #5650, #4635, #1821, #5278, #9330, #10788, #1904, #7026, #489, #4365, #2888, #11016, #10877, #5275, #4512, #9028, #3684, #2209, #6234, #2068, #4364, #2589, #6394, #6491, #5381, #9098, #7956, #8954, #9336, #8804, #9422, #759, #3576, #3613, #6913, #9015, #4206, #7626, #7319, #5303, #7132, #4560, #2585, #8366, #8918, #2657, #4296, #7930, #8132, #911, #5318, #8987, #586, #4029, #9821, #8519, #9678, #417, #2932, #5135, #5556, #5071, #8697, #3464, #3253, #1575, #11130, #4840, #9746, #4221, #5674, #2314, #8204, #9290, #6475, #2350, #8343, #7143, #1254, #8743, #6570, #7577, #7499, #1739, #5142, #6144, #6862, #9325, #2901, #3547, #1751, #6457, #2600, #2316, #7823, #3881, #2045, #10109, #11276, #4486, #5602, #9904, #4268, #603, #10940, #2211, #6511, #8143, #7720, #3575, #5544, #7526, #11036, #11025, #2848, #5982, #548, #2405, #2227, #1961, #10477, #9550, #9295, #9920, #9676, #4794, #10263, #8520, #3625, #3589, #3171, #7837, #6143, #6339, #7849, #4155, #952, #3753, #2278, #1711, #5718, #1156, #5995, #10904, #1095, #9384, #3718, #7943, #9637, #10588, #10073, #7393, #2504, #8789, #1521, #10059 ) ) ;
#4964 = ORIENTED_EDGE ( 'NONE', *, *, #2078, .F. ) ;
#4965 = CARTESIAN_POINT ( 'NONE',  ( 23.39372188296547250, 0.8559508052926600996, 1000.000000000000000 ) ) ;
#4966 = AXIS2_PLACEMENT_3D ( 'NONE', #4999, #736, #628 ) ;
#4967 = CARTESIAN_POINT ( 'NONE',  ( -3.999999911001640207, 0.3376953446985326290, 0.000000000000000000 ) ) ;
#4968 = AXIS2_PLACEMENT_3D ( 'NONE', #1379, #10054, #3224 ) ;
#4969 = ORIENTED_EDGE ( 'NONE', *, *, #9866, .F. ) ;
#4970 = AXIS2_PLACEMENT_3D ( 'NONE', #1685, #1854, #6050 ) ;
#4971 = CARTESIAN_POINT ( 'NONE',  ( 24.70355286087617941, -8.299997791155394822, 1000.000000000000000 ) ) ;
#4972 = LINE ( 'NONE', #5721, #7763 ) ;
#4973 = VERTEX_POINT ( 'NONE', #2774 ) ;
#4974 = CARTESIAN_POINT ( 'NONE',  ( -9.400000077721925251, 3.700000235712694430, 1000.000000000000000 ) ) ;
#4975 = ORIENTED_EDGE ( 'NONE', *, *, #3939, .T. ) ;
#4976 = VECTOR ( 'NONE', #4983, 1000.000000000000000 ) ;
#4977 = VECTOR ( 'NONE', #618, 1000.000000000000000 ) ;
#4978 = ORIENTED_EDGE ( 'NONE', *, *, #3493, .F. ) ;
#4979 = DIRECTION ( 'NONE',  ( -0.000000000000000000, -0.000000000000000000, -1.000000000000000000 ) ) ;
#4980 = EDGE_CURVE ( 'NONE', #6408, #9532, #1258, .T. ) ;
#4981 = EDGE_CURVE ( 'NONE', #4326, #8068, #1855, .T. ) ;
#4982 = CIRCLE ( 'NONE', #942, 1.499999999999997780 ) ;
#4983 = DIRECTION ( 'NONE',  ( -0.000000000000000000, -0.000000000000000000, -1.000000000000000000 ) ) ;
#4984 = LINE ( 'NONE', #715, #5671 ) ;
#4985 = DIRECTION ( 'NONE',  ( -0.000000000000000000, -0.000000000000000000, -1.000000000000000000 ) ) ;
#4986 = ORIENTED_EDGE ( 'NONE', *, *, #7341, .F. ) ;
#4987 = DIRECTION ( 'NONE',  ( -0.000000000000000000, -0.000000000000000000, -1.000000000000000000 ) ) ;
#4988 = DIRECTION ( 'NONE',  ( -1.000000000000000000, 0.000000000000000000, 0.000000000000000000 ) ) ;
#4989 = CARTESIAN_POINT ( 'NONE',  ( -4.196446577332036298, -8.249999886329767662, 1000.000000000000000 ) ) ;
#4990 = CARTESIAN_POINT ( 'NONE',  ( 23.94521648336826658, -0.1815191648688180281, 1000.000000000000000 ) ) ;
#4991 = ORIENTED_EDGE ( 'NONE', *, *, #10867, .T. ) ;
#4992 = CIRCLE ( 'NONE', #3162, 1.000000000000007772 ) ;
#4993 = PLANE ( 'NONE',  #9654 ) ;
#4994 = DIRECTION ( 'NONE',  ( -0.000000000000000000, -0.000000000000000000, -1.000000000000000000 ) ) ;
#4995 = DIRECTION ( 'NONE',  ( 0.7808696943583326444, -0.6246939414086903897, -0.000000000000000000 ) ) ;
#4996 = AXIS2_PLACEMENT_3D ( 'NONE', #8727, #11380, #1599 ) ;
#4997 = CARTESIAN_POINT ( 'NONE',  ( 16.60627811703450973, 0.8559508052926600996, 1000.000000000000000 ) ) ;
#4998 = VECTOR ( 'NONE', #10180, 1000.000000000000000 ) ;
#4999 = CARTESIAN_POINT ( 'NONE',  ( 24.37322436406087789, 8.073222854963562511, 1000.000000000000000 ) ) ;
#5000 = PLANE ( 'NONE',  #827 ) ;
#5001 = ADVANCED_FACE ( 'NONE', ( #10595 ), #2721, .T. ) ;
#5002 = ORIENTED_EDGE ( 'NONE', *, *, #7194, .F. ) ;
#5003 = ORIENTED_EDGE ( 'NONE', *, *, #7439, .F. ) ;
#5004 = CIRCLE ( 'NONE', #9404, 0.5999999191612084282 ) ;
#5005 = DIRECTION ( 'NONE',  ( -0.000000000000000000, -0.000000000000000000, -1.000000000000000000 ) ) ;
#5006 = AXIS2_PLACEMENT_3D ( 'NONE', #9189, #9248, #10053 ) ;
#5007 = FACE_OUTER_BOUND ( 'NONE', #1562, .T. ) ;
#5008 = DIRECTION ( 'NONE',  ( 0.000000000000000000, 0.000000000000000000, 1.000000000000000000 ) ) ;
#5009 = CARTESIAN_POINT ( 'NONE',  ( 24.37322436406087789, 8.073222854963562511, 0.000000000000000000 ) ) ;
#5010 = DIRECTION ( 'NONE',  ( 1.000000000000000000, 0.000000000000000000, 0.000000000000000000 ) ) ;
#5011 = VECTOR ( 'NONE', #5205, 1000.000000000000000 ) ;
#5012 = DIRECTION ( 'NONE',  ( 1.000000000000000000, 0.000000000000000000, 0.000000000000000000 ) ) ;
#5013 = AXIS2_PLACEMENT_3D ( 'NONE', #6733, #7724, #11126 ) ;
#5014 = EDGE_LOOP ( 'NONE', ( #6635, #7586, #6814, #10702 ) ) ;
#5015 = VERTEX_POINT ( 'NONE', #7195 ) ;
#5017 = ORIENTED_EDGE ( 'NONE', *, *, #2919, .T. ) ;
#5016 = ORIENTED_EDGE ( 'NONE', *, *, #10722, .F. ) ;
#5018 = ORIENTED_EDGE ( 'NONE', *, *, #7783, .F. ) ;
#5019 = VERTEX_POINT ( 'NONE', #10825 ) ;
#5020 = CARTESIAN_POINT ( 'NONE',  ( 27.59999999999997300, -7.600000000000009415, 0.000000000000000000 ) ) ;
#5021 = CARTESIAN_POINT ( 'NONE',  ( 23.32000104023952858, 7.999999329085377475, 0.000000000000000000 ) ) ;
#5022 = CIRCLE ( 'NONE', #4844, 1.000000000000000888 ) ;
#5023 = VERTEX_POINT ( 'NONE', #6218 ) ;
#5024 = CIRCLE ( 'NONE', #10913, 0.2500001251698122373 ) ;
#5025 = EDGE_CURVE ( 'NONE', #9101, #11064, #8924, .T. ) ;
#5026 = ADVANCED_FACE ( 'NONE', ( #138 ), #9723, .F. ) ;
#5027 = CARTESIAN_POINT ( 'NONE',  ( 19.38860656764808610, 2.424087059261049948, 1000.000000000000000 ) ) ;
#5028 = EDGE_CURVE ( 'NONE', #1950, #8782, #9039, .T. ) ;
#5029 = CARTESIAN_POINT ( 'NONE',  ( 28.49999930645356727, -8.499998076722386386, 0.000000000000000000 ) ) ;
#5030 = VERTEX_POINT ( 'NONE', #1048 ) ;
#5031 = CARTESIAN_POINT ( 'NONE',  ( 10.23701884256109729, 9.958012379901335365, 0.000000000000000000 ) ) ;
#5032 = VECTOR ( 'NONE', #8147, 999.9999999999998863 ) ;
#5033 = ORIENTED_EDGE ( 'NONE', *, *, #3988, .F. ) ;
#5034 = ORIENTED_EDGE ( 'NONE', *, *, #273, .T. ) ;
#5035 = CARTESIAN_POINT ( 'NONE',  ( 20.18152217271641646, 3.945216415219804595, 1000.000000000000000 ) ) ;
#5036 = ADVANCED_FACE ( 'NONE', ( #3694 ), #10709, .F. ) ;
#5037 = EDGE_CURVE ( 'NONE', #7798, #11340, #4613, .T. ) ;
#5038 = EDGE_CURVE ( 'NONE', #3377, #9342, #7255, .T. ) ;
#5039 = CARTESIAN_POINT ( 'NONE',  ( -2.050609665440989104, -2.050609665440989104, 0.000000000000000000 ) ) ;
#5040 = CARTESIAN_POINT ( 'NONE',  ( 24.90710618184886727, -5.897053989592879297, 1000.000000000000000 ) ) ;
#5041 = DIRECTION ( 'NONE',  ( -0.9999999999999059641, 4.335459827457628502E-07, 0.000000000000000000 ) ) ;
#5042 = VERTEX_POINT ( 'NONE', #1166 ) ;
#5043 = CARTESIAN_POINT ( 'NONE',  ( 23.39372188296547250, 0.8559508052926600996, 0.000000000000000000 ) ) ;
#5044 = LINE ( 'NONE', #7522, #7788 ) ;
#5045 = LINE ( 'NONE', #3262, #4394 ) ;
#5046 = EDGE_CURVE ( 'NONE', #1566, #8187, #9781, .T. ) ;
#5047 = DIRECTION ( 'NONE',  ( -1.000000000000000000, -0.000000000000000000, -0.000000000000000000 ) ) ;
#5048 = ORIENTED_EDGE ( 'NONE', *, *, #10452, .F. ) ;
#5049 = DIRECTION ( 'NONE',  ( 0.7071083439903883550, -0.7071052183792527757, 0.000000000000000000 ) ) ;
#5050 = CYLINDRICAL_SURFACE ( 'NONE', #7405, 0.2499999351799368497 ) ;
#5051 = AXIS2_PLACEMENT_3D ( 'NONE', #7525, #511, #10217 ) ;
#5052 = DIRECTION ( 'NONE',  ( 1.000000000000000000, 0.000000000000000000, 0.000000000000000000 ) ) ;
#5053 = CARTESIAN_POINT ( 'NONE',  ( 22.18162388255300144, 3.999999123447672833, 1000.000000000000000 ) ) ;
#5054 = DIRECTION ( 'NONE',  ( -0.000000000000000000, -0.000000000000000000, -1.000000000000000000 ) ) ;
#5055 = LINE ( 'NONE', #10830, #1165 ) ;
#5056 = CARTESIAN_POINT ( 'NONE',  ( 6.400000095838062286, 7.999999960302581314, 1000.000000000000000 ) ) ;
#5057 = ADVANCED_FACE ( 'NONE', ( #1106 ), #8978, .F. ) ;
#5058 = CARTESIAN_POINT ( 'NONE',  ( 23.99999855409319593, 0.3376976739742215683, 0.000000000000000000 ) ) ;
#5059 = ORIENTED_EDGE ( 'NONE', *, *, #5376, .F. ) ;
#5060 = CIRCLE ( 'NONE', #4135, 0.2499999351799489788 ) ;
#5061 = ORIENTED_EDGE ( 'NONE', *, *, #6288, .T. ) ;
#5062 = DIRECTION ( 'NONE',  ( -0.7808674414090659432, -0.6246967575930413297, 0.000000000000000000 ) ) ;
#5063 = LINE ( 'NONE', #3116, #256 ) ;
#5064 = EDGE_CURVE ( 'NONE', #6808, #2796, #311, .T. ) ;
#5065 = DIRECTION ( 'NONE',  ( -0.000000000000000000, -0.000000000000000000, -1.000000000000000000 ) ) ;
#5066 = LINE ( 'NONE', #8738, #7309 ) ;
#5067 = CIRCLE ( 'NONE', #117, 0.2499999351801285297 ) ;
#5068 = CARTESIAN_POINT ( 'NONE',  ( 0.000000000000000000, 0.000000000000000000, 1000.000000000000000 ) ) ;
#5069 = FACE_OUTER_BOUND ( 'NONE', #845, .T. ) ;
#5070 = DIRECTION ( 'NONE',  ( 0.000000000000000000, 0.000000000000000000, 1.000000000000000000 ) ) ;
#5071 = ORIENTED_EDGE ( 'NONE', *, *, #9163, .F. ) ;
#5072 = VERTEX_POINT ( 'NONE', #9956 ) ;
#5074 = ORIENTED_EDGE ( 'NONE', *, *, #6313, .F. ) ;
#5073 = VERTEX_POINT ( 'NONE', #5588 ) ;
#5075 = ORIENTED_EDGE ( 'NONE', *, *, #521, .T. ) ;
#5076 = ORIENTED_EDGE ( 'NONE', *, *, #7719, .F. ) ;
#5077 = VECTOR ( 'NONE', #10738, 1000.000000000000000 ) ;
#5078 = DIRECTION ( 'NONE',  ( 0.7071073198482933364, 0.7071062425243913596, 0.000000000000000000 ) ) ;
#5079 = CARTESIAN_POINT ( 'NONE',  ( -0.1815216637469641014, 3.945217053284433284, 1000.000000000000000 ) ) ;
#5080 = ORIENTED_EDGE ( 'NONE', *, *, #9728, .F. ) ;
#5081 = CARTESIAN_POINT ( 'NONE',  ( -3.595837104761738345, 4.585786288550567136, 1000.000000000000000 ) ) ;
#5082 = FACE_OUTER_BOUND ( 'NONE', #7295, .T. ) ;
#5083 = CARTESIAN_POINT ( 'NONE',  ( -10.00000021276375328, 3.950000235153863670, 0.000000000000000000 ) ) ;
#5084 = ORIENTED_EDGE ( 'NONE', *, *, #463, .F. ) ;
#5085 = CARTESIAN_POINT ( 'NONE',  ( 2.181623270474754239, 5.999999804297232231, 1000.000000000000000 ) ) ;
#5086 = ORIENTED_EDGE ( 'NONE', *, *, #10299, .T. ) ;
#5087 = ORIENTED_EDGE ( 'NONE', *, *, #10726, .T. ) ;
#5088 = DIRECTION ( 'NONE',  ( -0.000000000000000000, -0.000000000000000000, -1.000000000000000000 ) ) ;
#5089 = CARTESIAN_POINT ( 'NONE',  ( 9.624306156704856008, 9.999999787547023899, 1000.000000000000000 ) ) ;
#5090 = CIRCLE ( 'NONE', #1603, 0.2500000949949010565 ) ;
#5091 = CARTESIAN_POINT ( 'NONE',  ( 24.58578566581877922, -3.595834345731794723, 1000.000000000000000 ) ) ;
#5092 = DIRECTION ( 'NONE',  ( 1.000000000000000000, 0.000000000000000000, -0.000000000000000000 ) ) ;
#5093 = ORIENTED_EDGE ( 'NONE', *, *, #1470, .F. ) ;
#5094 = ADVANCED_FACE ( 'NONE', ( #937 ), #4440, .F. ) ;
#5095 = DIRECTION ( 'NONE',  ( 1.000000000000000000, 0.000000000000000000, 0.000000000000000000 ) ) ;
#5096 = LINE ( 'NONE', #3541, #10541 ) ;
#5097 = CARTESIAN_POINT ( 'NONE',  ( 17.57591294073894517, -0.6113934323519324421, 1000.000000000000000 ) ) ;
#5098 = ORIENTED_EDGE ( 'NONE', *, *, #3974, .T. ) ;
#5099 = CYLINDRICAL_SURFACE ( 'NONE', #3965, 0.2499999532849348227 ) ;
#5100 = EDGE_CURVE ( 'NONE', #10548, #9796, #7500, .T. ) ;
#5101 = VERTEX_POINT ( 'NONE', #1391 ) ;
#5102 = EDGE_CURVE ( 'NONE', #5516, #1560, #689, .T. ) ;
#5103 = EDGE_CURVE ( 'NONE', #7176, #4102, #10235, .T. ) ;
#5104 = CYLINDRICAL_SURFACE ( 'NONE', #491, 1.499999888241301704 ) ;
#5105 = AXIS2_PLACEMENT_3D ( 'NONE', #3283, #9542, #2594 ) ;
#5106 = CARTESIAN_POINT ( 'NONE',  ( 24.20000042994506373, 6.604162250497244813, 0.000000000000000000 ) ) ;
#5107 = EDGE_CURVE ( 'NONE', #1268, #3394, #4031, .T. ) ;
#5108 = CARTESIAN_POINT ( 'NONE',  ( 9.624306134743992658, 9.749999899305722195, 1000.000000000000000 ) ) ;
#5109 = DIRECTION ( 'NONE',  ( -1.000000000000000000, 0.000000000000000000, 0.000000000000000000 ) ) ;
#5110 = AXIS2_PLACEMENT_3D ( 'NONE', #9629, #7740, #11250 ) ;
#5111 = LINE ( 'NONE', #9471, #914 ) ;
#5112 = PLANE ( 'NONE',  #9420 ) ;
#5113 = CARTESIAN_POINT ( 'NONE',  ( 24.52677705425439214, 8.226775795496592991, 1000.000000000000000 ) ) ;
#5114 = DIRECTION ( 'NONE',  ( -0.000000000000000000, -0.000000000000000000, -1.000000000000000000 ) ) ;
#5115 = ORIENTED_EDGE ( 'NONE', *, *, #4884, .T. ) ;
#5116 = DIRECTION ( 'NONE',  ( -0.9999999999998616662, -5.260373148504020885E-07, 0.000000000000000000 ) ) ;
#5117 = CIRCLE ( 'NONE', #2745, 1.499999999999987566 ) ;
#5118 = EDGE_CURVE ( 'NONE', #550, #9087, #2725, .T. ) ;
#5119 = APPLICATION_PROTOCOL_DEFINITION ( 'draft international standard', 'automotive_design', 1998, #10600 ) ;
#5120 = EDGE_CURVE ( 'NONE', #5301, #2079, #4900, .T. ) ;
#5121 = CARTESIAN_POINT ( 'NONE',  ( 5.200000113886879660, -8.049999885812717082, 1000.000000000000000 ) ) ;
#5122 = FACE_OUTER_BOUND ( 'NONE', #2553, .T. ) ;
#5123 = DIRECTION ( 'NONE',  ( -0.000000000000000000, -0.000000000000000000, -1.000000000000000000 ) ) ;
#5124 = AXIS2_PLACEMENT_3D ( 'NONE', #4099, #3245, #6681 ) ;
#5125 = DIRECTION ( 'NONE',  ( -4.335454794948288914E-07, -0.9999999999999060751, 0.000000000000000000 ) ) ;
#5126 = DIRECTION ( 'NONE',  ( -0.000000000000000000, -0.000000000000000000, -1.000000000000000000 ) ) ;
#5127 = VECTOR ( 'NONE', #6558, 1000.000000000000000 ) ;
#5128 = ORIENTED_EDGE ( 'NONE', *, *, #3159, .F. ) ;
#5129 = ORIENTED_EDGE ( 'NONE', *, *, #6435, .F. ) ;
#5130 = VERTEX_POINT ( 'NONE', #10008 ) ;
#5131 = ORIENTED_EDGE ( 'NONE', *, *, #5391, .T. ) ;
#5132 = ORIENTED_EDGE ( 'NONE', *, *, #2497, .F. ) ;
#5133 = LINE ( 'NONE', #6962, #3907 ) ;
#5134 = DIRECTION ( 'NONE',  ( -0.000000000000000000, -0.000000000000000000, -1.000000000000000000 ) ) ;
#5135 = ORIENTED_EDGE ( 'NONE', *, *, #1662, .F. ) ;
#5136 = AXIS2_PLACEMENT_3D ( 'NONE', #572, #4022, #3226 ) ;
#5137 = DIRECTION ( 'NONE',  ( 1.000000000000000000, 0.000000000000000000, 0.000000000000000000 ) ) ;
#5138 = CARTESIAN_POINT ( 'NONE',  ( -4.950000198793970796, 8.299999786103629873, 0.000000000000000000 ) ) ;
#5139 = AXIS2_PLACEMENT_3D ( 'NONE', #2469, #10349, #8625 ) ;
#5140 = CARTESIAN_POINT ( 'NONE',  ( -8.249999775737565599, -3.070000178441487204, 0.000000000000000000 ) ) ;
#5141 = DIRECTION ( 'NONE',  ( -4.912470419714945603E-08, -0.9999999999999987788, -0.000000000000000000 ) ) ;
#5142 = ORIENTED_EDGE ( 'NONE', *, *, #8236, .F. ) ;
#5143 = CARTESIAN_POINT ( 'NONE',  ( -3.070000157915177219, -8.250000159032531144, 1000.000000000000000 ) ) ;
#5144 = ORIENTED_EDGE ( 'NONE', *, *, #4183, .T. ) ;
#5145 = ORIENTED_EDGE ( 'NONE', *, *, #5410, .T. ) ;
#5146 = AXIS2_PLACEMENT_3D ( 'NONE', #8333, #1321, #7531 ) ;
#5147 = DIRECTION ( 'NONE',  ( -0.000000000000000000, -0.000000000000000000, -1.000000000000000000 ) ) ;
#5148 = AXIS2_PLACEMENT_3D ( 'NONE', #8421, #8481, #1519 ) ;
#5149 = CARTESIAN_POINT ( 'NONE',  ( 14.80000037677654845, 6.604162305548194389, 0.000000000000000000 ) ) ;
#5150 = DIRECTION ( 'NONE',  ( -0.000000000000000000, -0.000000000000000000, -1.000000000000000000 ) ) ;
#5151 = CIRCLE ( 'NONE', #6256, 0.2499998882413527468 ) ;
#5152 = DIRECTION ( 'NONE',  ( -1.000000000000000000, 0.000000000000000000, 0.000000000000000000 ) ) ;
#5153 = VECTOR ( 'NONE', #3391, 1000.000000000000000 ) ;
#5154 = ORIENTED_EDGE ( 'NONE', *, *, #7007, .F. ) ;
#5155 = CARTESIAN_POINT ( 'NONE',  ( 28.04999892369790260, -5.199997769938708103, 0.000000000000000000 ) ) ;
#5156 = DIRECTION ( 'NONE',  ( -0.000000000000000000, -0.000000000000000000, -1.000000000000000000 ) ) ;
#5157 = CYLINDRICAL_SURFACE ( 'NONE', #8258, 0.2499997600265702058 ) ;
#5158 = ORIENTED_EDGE ( 'NONE', *, *, #4821, .T. ) ;
#5159 = DIRECTION ( 'NONE',  ( -0.9999999999995790034, -9.175977932928841398E-07, 0.000000000000000000 ) ) ;
#5160 = ORIENTED_EDGE ( 'NONE', *, *, #675, .T. ) ;
#5161 = LINE ( 'NONE', #10392, #11321 ) ;
#5162 = VECTOR ( 'NONE', #3063, 1000.000000000000000 ) ;
#5163 = CARTESIAN_POINT ( 'NONE',  ( 24.58578566581877922, -3.595834345731794723, 1000.000000000000000 ) ) ;
#5164 = EDGE_CURVE ( 'NONE', #8423, #3288, #7374, .T. ) ;
#5165 = DIRECTION ( 'NONE',  ( -1.000000000000000000, 0.000000000000000000, 0.000000000000000000 ) ) ;
#5166 = ADVANCED_FACE ( 'NONE', ( #7545 ), #3179, .F. ) ;
#5167 = DIRECTION ( 'NONE',  ( -0.000000000000000000, -0.000000000000000000, -1.000000000000000000 ) ) ;
#5168 = ADVANCED_FACE ( 'NONE', ( #2309 ), #5645, .T. ) ;
#5169 = DIRECTION ( 'NONE',  ( 0.000000000000000000, 1.000000000000000000, 0.000000000000000000 ) ) ;
#5170 = DIRECTION ( 'NONE',  ( -7.700624194737733620E-08, -0.9999999999999970024, 0.000000000000000000 ) ) ;
#5171 = CIRCLE ( 'NONE', #1493, 0.9999999999999870104 ) ;
#5172 = CARTESIAN_POINT ( 'NONE',  ( 3.393721882965473835, 0.8559508052926600996, 1000.000000000000000 ) ) ;
#5173 = ORIENTED_EDGE ( 'NONE', *, *, #4523, .T. ) ;
#5174 = ORIENTED_EDGE ( 'NONE', *, *, #1237, .T. ) ;
#5175 = EDGE_LOOP ( 'NONE', ( #10315, #9752, #8411, #3115 ) ) ;
#5176 = CARTESIAN_POINT ( 'NONE',  ( 4.196446509750331622, 7.999999868348525389, 1000.000000000000000 ) ) ;
#5177 = EDGE_CURVE ( 'NONE', #941, #6677, #3234, .T. ) ;
#5178 = SHAPE_DEFINITION_REPRESENTATION ( #6437, #69 ) ;
#5179 = AXIS2_PLACEMENT_3D ( 'NONE', #4645, #5621, #9123 ) ;
#5180 = EDGE_CURVE ( 'NONE', #5101, #265, #10425, .T. ) ;
#5181 = VECTOR ( 'NONE', #4194, 1000.000000000000000 ) ;
#5182 = PLANE ( 'NONE',  #11204 ) ;
#5183 = CARTESIAN_POINT ( 'NONE',  ( 29.75000032774140379, -3.699998077281760445, 1000.000000000000000 ) ) ;
#5184 = DIRECTION ( 'NONE',  ( -1.000000000000000000, 0.000000000000000000, 0.000000000000000000 ) ) ;
#5185 = CARTESIAN_POINT ( 'NONE',  ( -8.250000260037616329, 3.320000091320538083, 1000.000000000000000 ) ) ;
#5186 = CYLINDRICAL_SURFACE ( 'NONE', #5237, 0.9999999999999952260 ) ;
#5187 = VERTEX_POINT ( 'NONE', #365 ) ;
#5188 = ORIENTED_EDGE ( 'NONE', *, *, #10390, .T. ) ;
#5189 = VECTOR ( 'NONE', #2274, 1000.000000000000000 ) ;
#5190 = ADVANCED_FACE ( 'NONE', ( #1337 ), #6556, .F. ) ;
#5191 = AXIS2_PLACEMENT_3D ( 'NONE', #5864, #1389, #1550 ) ;
#5192 = ORIENTED_EDGE ( 'NONE', *, *, #1886, .F. ) ;
#5193 = AXIS2_PLACEMENT_3D ( 'NONE', #1207, #2990, #7179 ) ;
#5194 = EDGE_LOOP ( 'NONE', ( #4136, #561, #6526, #5430 ) ) ;
#5195 = ORIENTED_EDGE ( 'NONE', *, *, #4746, .F. ) ;
#5196 = DIRECTION ( 'NONE',  ( -0.000000000000000000, -1.000000000000000000, -0.000000000000000000 ) ) ;
#5197 = DIRECTION ( 'NONE',  ( -1.000000000000000000, 0.000000000000000000, 0.000000000000000000 ) ) ;
#5198 = VERTEX_POINT ( 'NONE', #10948 ) ;
#5199 = CARTESIAN_POINT ( 'NONE',  ( -4.373223472391156719, 8.073223360298239726, 0.000000000000000000 ) ) ;
#5200 = AXIS2_PLACEMENT_3D ( 'NONE', #2095, #7377, #8240 ) ;
#5201 = LINE ( 'NONE', #8704, #5268 ) ;
#5202 = CARTESIAN_POINT ( 'NONE',  ( -1.484924240491729774, -2.616295090390199807, 0.000000000000000000 ) ) ;
#5203 = AXIS2_PLACEMENT_3D ( 'NONE', #4300, #5374, #6079 ) ;
#5204 = LINE ( 'NONE', #5140, #1822 ) ;
#5205 = DIRECTION ( 'NONE',  ( 0.000000000000000000, 1.000000000000000000, 0.000000000000000000 ) ) ;
#5206 = EDGE_LOOP ( 'NONE', ( #9719, #11008, #6904, #8007 ) ) ;
#5207 = DIRECTION ( 'NONE',  ( -0.000000000000000000, -0.000000000000000000, -1.000000000000000000 ) ) ;
#5208 = VERTEX_POINT ( 'NONE', #10067 ) ;
#5209 = EDGE_CURVE ( 'NONE', #9419, #5684, #4948, .T. ) ;
#5210 = ORIENTED_EDGE ( 'NONE', *, *, #4249, .T. ) ;
#5211 = AXIS2_PLACEMENT_3D ( 'NONE', #9961, #3876, #4726 ) ;
#5212 = CARTESIAN_POINT ( 'NONE',  ( 29.09999999999997300, -7.600000000000009415, 0.000000000000000000 ) ) ;
#5213 = VECTOR ( 'NONE', #1273, 1000.000000000000114 ) ;
#5214 = EDGE_CURVE ( 'NONE', #6797, #10778, #1219, .T. ) ;
#5215 = CARTESIAN_POINT ( 'NONE',  ( 23.69999941821214406, -9.749997629687992884, 1000.000000000000000 ) ) ;
#5216 = FACE_OUTER_BOUND ( 'NONE', #6838, .T. ) ;
#5217 = AXIS2_PLACEMENT_3D ( 'NONE', #8098, #3845, #165 ) ;
#5218 = LINE ( 'NONE', #1638, #6286 ) ;
#5219 = VERTEX_POINT ( 'NONE', #6502 ) ;
#5220 = LINE ( 'NONE', #9572, #4541 ) ;
#5221 = LINE ( 'NONE', #5276, #1363 ) ;
#5222 = DIRECTION ( 'NONE',  ( -0.000000000000000000, -0.000000000000000000, -1.000000000000000000 ) ) ;
#5223 = ORIENTED_EDGE ( 'NONE', *, *, #7766, .T. ) ;
#5224 = CARTESIAN_POINT ( 'NONE',  ( 26.09999999999998366, 7.599999999999996092, 1000.000000000000000 ) ) ;
#5225 = ORIENTED_EDGE ( 'NONE', *, *, #3340, .T. ) ;
#5226 = LINE ( 'NONE', #2689, #7644 ) ;
#5227 = FACE_OUTER_BOUND ( 'NONE', #3306, .T. ) ;
#5228 = VECTOR ( 'NONE', #141, 1000.000000000000000 ) ;
#5229 = PLANE ( 'NONE',  #4996 ) ;
#5230 = DIRECTION ( 'NONE',  ( -0.000000000000000000, -0.000000000000000000, -1.000000000000000000 ) ) ;
#5231 = CARTESIAN_POINT ( 'NONE',  ( 3.319999801921443172, 8.000000248328129615, 1000.000000000000000 ) ) ;
#5232 = AXIS2_PLACEMENT_3D ( 'NONE', #8578, #702, #80 ) ;
#5233 = DIRECTION ( 'NONE',  ( 0.000000000000000000, 0.000000000000000000, 1.000000000000000000 ) ) ;
#5234 = ORIENTED_EDGE ( 'NONE', *, *, #901, .F. ) ;
#5235 = VERTEX_POINT ( 'NONE', #7436 ) ;
#5236 = EDGE_LOOP ( 'NONE', ( #7084, #10959, #6465, #10884 ) ) ;
#5237 = AXIS2_PLACEMENT_3D ( 'NONE', #7832, #10531, #6100 ) ;
#5238 = CARTESIAN_POINT ( 'NONE',  ( 29.09999999999997300, 7.599999999999996092, 1000.000000000000000 ) ) ;
#5239 = EDGE_CURVE ( 'NONE', #2660, #6698, #3930, .T. ) ;
#5240 = EDGE_CURVE ( 'NONE', #5219, #8916, #3871, .T. ) ;
#5241 = DIRECTION ( 'NONE',  ( -0.000000000000000000, -0.000000000000000000, -1.000000000000000000 ) ) ;
#5242 = DIRECTION ( 'NONE',  ( 1.000000000000000000, 0.000000000000000000, 0.000000000000000000 ) ) ;
#5243 = CARTESIAN_POINT ( 'NONE',  ( 3.320000255121510868, -7.999999766151117520, 1000.000000000000000 ) ) ;
#5244 = DIRECTION ( 'NONE',  ( 1.000000000000000000, 0.000000000000000000, 0.000000000000000000 ) ) ;
#5245 = AXIS2_PLACEMENT_3D ( 'NONE', #9645, #59, #6762 ) ;
#5246 = CARTESIAN_POINT ( 'NONE',  ( -8.500000573694704187, -9.999999888241253743, 0.000000000000000000 ) ) ;
#5247 = ADVANCED_FACE ( 'NONE', ( #3118 ), #6616, .F. ) ;
#5248 = ORIENTED_EDGE ( 'NONE', *, *, #3777, .T. ) ;
#5249 = ORIENTED_EDGE ( 'NONE', *, *, #1967, .T. ) ;
#5250 = VERTEX_POINT ( 'NONE', #1671 ) ;
#5251 = EDGE_CURVE ( 'NONE', #3240, #7931, #1609, .T. ) ;
#5252 = ORIENTED_EDGE ( 'NONE', *, *, #3618, .F. ) ;
#5253 = EDGE_CURVE ( 'NONE', #3936, #6185, #690, .T. ) ;
#5254 = ORIENTED_EDGE ( 'NONE', *, *, #7439, .T. ) ;
#5255 = LINE ( 'NONE', #6109, #7011 ) ;
#5256 = EDGE_CURVE ( 'NONE', #5388, #9647, #5477, .T. ) ;
#5257 = CARTESIAN_POINT ( 'NONE',  ( 15.47322275903297317, -8.226775410499920227, 1000.000000000000000 ) ) ;
#5258 = CIRCLE ( 'NONE', #8543, 0.2499999439717209837 ) ;
#5259 = VERTEX_POINT ( 'NONE', #5183 ) ;
#5260 = LINE ( 'NONE', #11349, #389 ) ;
#5261 = CARTESIAN_POINT ( 'NONE',  ( 9.762981121807714047, 9.958012379901335365, 0.000000000000000000 ) ) ;
#5262 = ADVANCED_FACE ( 'NONE', ( #4369 ), #1552, .F. ) ;
#5263 = CARTESIAN_POINT ( 'NONE',  ( 24.19644548396533779, -7.999997997896094226, 0.000000000000000000 ) ) ;
#5264 = LINE ( 'NONE', #8759, #7028 ) ;
#5265 = ORIENTED_EDGE ( 'NONE', *, *, #6706, .T. ) ;
#5266 = LINE ( 'NONE', #8762, #9911 ) ;
#5267 = ORIENTED_EDGE ( 'NONE', *, *, #2357, .F. ) ;
#5268 = VECTOR ( 'NONE', #4332, 1000.000000000000000 ) ;
#5269 = ORIENTED_EDGE ( 'NONE', *, *, #3271, .T. ) ;
#5270 = CYLINDRICAL_SURFACE ( 'NONE', #4158, 2.500000000000000444 ) ;
#5271 = EDGE_CURVE ( 'NONE', #8114, #2549, #7880, .T. ) ;
#5272 = CIRCLE ( 'NONE', #9666, 0.2499999999999898137 ) ;
#5273 = LINE ( 'NONE', #779, #2539 ) ;
#5274 = CARTESIAN_POINT ( 'NONE',  ( 15.09289281207545841, -5.897055059133182731, 0.000000000000000000 ) ) ;
#5275 = ORIENTED_EDGE ( 'NONE', *, *, #4891, .F. ) ;
#5276 = CARTESIAN_POINT ( 'NONE',  ( -2.616295090390215350, 1.484924240491720671, 1000.000000000000000 ) ) ;
#5277 = DIRECTION ( 'NONE',  ( -0.000000000000000000, -0.000000000000000000, -1.000000000000000000 ) ) ;
#5278 = ORIENTED_EDGE ( 'NONE', *, *, #10319, .F. ) ;
#5279 = DIRECTION ( 'NONE',  ( 0.000000000000000000, 1.000000000000000000, 0.000000000000000000 ) ) ;
#5280 = ORIENTED_EDGE ( 'NONE', *, *, #7198, .F. ) ;
#5281 = DIRECTION ( 'NONE',  ( -0.000000000000000000, -0.000000000000000000, -1.000000000000000000 ) ) ;
#5282 = DIRECTION ( 'NONE',  ( -0.000000000000000000, -0.000000000000000000, -1.000000000000000000 ) ) ;
#5283 = CARTESIAN_POINT ( 'NONE',  ( 25.19999940546320616, -6.604160702481292944, 0.000000000000000000 ) ) ;
#5284 = CARTESIAN_POINT ( 'NONE',  ( 30.00000024436753776, 3.949998421455033881, 1000.000000000000000 ) ) ;
#5285 = DIRECTION ( 'NONE',  ( -0.9999999999999971134, 7.700624194737734943E-08, 0.000000000000000000 ) ) ;
#5286 = DIRECTION ( 'NONE',  ( -0.000000000000000000, -0.000000000000000000, -1.000000000000000000 ) ) ;
#5287 = ORIENTED_EDGE ( 'NONE', *, *, #3616, .F. ) ;
#5288 = VECTOR ( 'NONE', #2564, 1000.000000000000000 ) ;
#5289 = ORIENTED_EDGE ( 'NONE', *, *, #4951, .F. ) ;
#5290 = ORIENTED_EDGE ( 'NONE', *, *, #4393, .T. ) ;
#5291 = CARTESIAN_POINT ( 'NONE',  ( 5.800000121423037669, -5.658578617334583782, 1000.000000000000000 ) ) ;
#5292 = APPLICATION_PROTOCOL_DEFINITION ( 'draft international standard', 'automotive_design', 1998, #3113 ) ;
#5293 = CARTESIAN_POINT ( 'NONE',  ( 23.99999905012674617, -0.3376927403625773483, 0.000000000000000000 ) ) ;
#5294 = PLANE ( 'NONE',  #1262 ) ;
#5295 = CYLINDRICAL_SURFACE ( 'NONE', #222, 1.499999999999987566 ) ;
#5296 = CARTESIAN_POINT ( 'NONE',  ( 15.80355302448195687, -7.999999148696923967, 1000.000000000000000 ) ) ;
#5297 = DIRECTION ( 'NONE',  ( -1.131368751651137594E-07, 0.9999999999999935607, -0.000000000000000000 ) ) ;
#5298 = ORIENTED_EDGE ( 'NONE', *, *, #9838, .F. ) ;
#5299 = ORIENTED_EDGE ( 'NONE', *, *, #5882, .T. ) ;
#5300 = VERTEX_POINT ( 'NONE', #10 ) ;
#5301 = VERTEX_POINT ( 'NONE', #10290 ) ;
#5302 = VECTOR ( 'NONE', #10210, 1000.000000000000000 ) ;
#5303 = ORIENTED_EDGE ( 'NONE', *, *, #11144, .F. ) ;
#5304 = DIRECTION ( 'NONE',  ( 1.000000000000000000, 0.000000000000000000, 0.000000000000000000 ) ) ;
#5305 = CARTESIAN_POINT ( 'NONE',  ( -5.999999941069436460, -2.181623410754660153, 0.000000000000000000 ) ) ;
#5306 = ORIENTED_EDGE ( 'NONE', *, *, #8686, .T. ) ;
#5307 = ADVANCED_FACE ( 'NONE', ( #5122 ), #3510, .T. ) ;
#5308 = ORIENTED_EDGE ( 'NONE', *, *, #948, .T. ) ;
#5309 = CARTESIAN_POINT ( 'NONE',  ( 23.31999954204026793, -8.249997561888100961, 0.000000000000000000 ) ) ;
#5310 = EDGE_CURVE ( 'NONE', #1131, #6637, #9600, .T. ) ;
#5311 = VECTOR ( 'NONE', #1687, 1000.000000000000114 ) ;
#5312 = LINE ( 'NONE', #10486, #7697 ) ;
#5313 = ADVANCED_FACE ( 'NONE', ( #11221 ), #6773, .F. ) ;
#5314 = CARTESIAN_POINT ( 'NONE',  ( -2.050609665440995766, 2.050609665440974894, 1000.000000000000000 ) ) ;
#5315 = EDGE_CURVE ( 'NONE', #8906, #7208, #11279, .T. ) ;
#5316 = ORIENTED_EDGE ( 'NONE', *, *, #10897, .F. ) ;
#5317 = ORIENTED_EDGE ( 'NONE', *, *, #7128, .T. ) ;
#5318 = ORIENTED_EDGE ( 'NONE', *, *, #2709, .F. ) ;
#5319 = DIRECTION ( 'NONE',  ( 1.000000000000000000, 0.000000000000000000, 0.000000000000000000 ) ) ;
#5320 = CARTESIAN_POINT ( 'NONE',  ( 3.950000044177011560, 9.750000011623196627, 1000.000000000000000 ) ) ;
#5321 = AXIS2_PLACEMENT_3D ( 'NONE', #5481, #139, #2094 ) ;
#5322 = VECTOR ( 'NONE', #4514, 1000.000000000000000 ) ;
#5323 = DIRECTION ( 'NONE',  ( -0.000000000000000000, -0.000000000000000000, -1.000000000000000000 ) ) ;
#5324 = DIRECTION ( 'NONE',  ( 0.9999999999999993339, -3.939114348625349856E-08, 0.000000000000000000 ) ) ;
#5325 = ORIENTED_EDGE ( 'NONE', *, *, #272, .T. ) ;
#5326 = CIRCLE ( 'NONE', #10839, 0.2499999321997235513 ) ;
#5327 = CARTESIAN_POINT ( 'NONE',  ( 16.30000012249772823, -9.399999631345995255, 1000.000000000000000 ) ) ;
#5328 = DIRECTION ( 'NONE',  ( -0.000000000000000000, -0.000000000000000000, -1.000000000000000000 ) ) ;
#5329 = ORIENTED_EDGE ( 'NONE', *, *, #7166, .T. ) ;
#5330 = CARTESIAN_POINT ( 'NONE',  ( 4.526776848067591175, -8.226776586059830976, 1000.000000000000000 ) ) ;
#5331 = CIRCLE ( 'NONE', #196, 2.500000000000000444 ) ;
#5332 = EDGE_LOOP ( 'NONE', ( #10956, #8298, #4765, #7223 ) ) ;
#5333 = EDGE_CURVE ( 'NONE', #6481, #11230, #9326, .T. ) ;
#5334 = EDGE_CURVE ( 'NONE', #935, #11123, #5066, .T. ) ;
#5335 = DIRECTION ( 'NONE',  ( -0.000000000000000000, -0.000000000000000000, -1.000000000000000000 ) ) ;
#5336 = VECTOR ( 'NONE', #3270, 1000.000000000000114 ) ;
#5337 = CARTESIAN_POINT ( 'NONE',  ( -4.585786238752019628, -3.595836914670247353, 1000.000000000000000 ) ) ;
#5338 = FACE_OUTER_BOUND ( 'NONE', #2140, .T. ) ;
#5339 = LINE ( 'NONE', #6308, #192 ) ;
#5340 = EDGE_CURVE ( 'NONE', #5219, #9991, #637, .T. ) ;
#5341 = DIRECTION ( 'NONE',  ( -0.000000000000000000, -0.000000000000000000, -1.000000000000000000 ) ) ;
#5342 = ORIENTED_EDGE ( 'NONE', *, *, #5662, .F. ) ;
#5343 = LINE ( 'NONE', #2930, #9640 ) ;
#5344 = ORIENTED_EDGE ( 'NONE', *, *, #6146, .T. ) ;
#5345 = AXIS2_PLACEMENT_3D ( 'NONE', #5839, #4870, #5672 ) ;
#5346 = EDGE_CURVE ( 'NONE', #10559, #446, #8233, .T. ) ;
#5347 = VERTEX_POINT ( 'NONE', #6033 ) ;
#5348 = DIRECTION ( 'NONE',  ( 1.000000000000000000, 0.000000000000000000, 0.000000000000000000 ) ) ;
#5349 = CARTESIAN_POINT ( 'NONE',  ( 9.624306134743992658, 9.749999899305722195, 1000.000000000000000 ) ) ;
#5350 = DIRECTION ( 'NONE',  ( -0.000000000000000000, -0.000000000000000000, -1.000000000000000000 ) ) ;
#5351 = CIRCLE ( 'NONE', #9205, 0.2499998100102419074 ) ;
#5352 = FACE_OUTER_BOUND ( 'NONE', #7446, .T. ) ;
#5353 = DIRECTION ( 'NONE',  ( 1.000000000000000000, 0.000000000000000000, 0.000000000000000000 ) ) ;
#5354 = FACE_OUTER_BOUND ( 'NONE', #2330, .T. ) ;
#5355 = ORIENTED_EDGE ( 'NONE', *, *, #9136, .T. ) ;
#5356 = ORIENTED_EDGE ( 'NONE', *, *, #9585, .T. ) ;
#5357 = ORIENTED_EDGE ( 'NONE', *, *, #3688, .F. ) ;
#5358 = ORIENTED_EDGE ( 'NONE', *, *, #2108, .T. ) ;
#5359 = AXIS2_PLACEMENT_3D ( 'NONE', #9528, #8611, #11208 ) ;
#5360 = ORIENTED_EDGE ( 'NONE', *, *, #7137, .T. ) ;
#5361 = DIRECTION ( 'NONE',  ( -0.000000000000000000, -0.000000000000000000, -1.000000000000000000 ) ) ;
#5362 = DIRECTION ( 'NONE',  ( -0.000000000000000000, -0.000000000000000000, -1.000000000000000000 ) ) ;
#5363 = CARTESIAN_POINT ( 'NONE',  ( 4.196446509750331622, 8.249999785635550253, 0.000000000000000000 ) ) ;
#5364 = CARTESIAN_POINT ( 'NONE',  ( 9.999999758667000194, 9.799999922545918452, 0.000000000000000000 ) ) ;
#5365 = CARTESIAN_POINT ( 'NONE',  ( -9.100000000000010303, -7.600000000000009415, 1000.000000000000000 ) ) ;
#5366 = AXIS2_PLACEMENT_3D ( 'NONE', #2581, #6082, #2692 ) ;
#5367 = DIRECTION ( 'NONE',  ( 1.030354193407589000E-07, -0.9999999999999946709, 0.000000000000000000 ) ) ;
#5368 = AXIS2_PLACEMENT_3D ( 'NONE', #4269, #7785, #9612 ) ;
#5369 = VERTEX_POINT ( 'NONE', #6830 ) ;
#5370 = ORIENTED_EDGE ( 'NONE', *, *, #8334, .T. ) ;
#5371 = ORIENTED_EDGE ( 'NONE', *, *, #11329, .F. ) ;
#5372 = LINE ( 'NONE', #6062, #8207 ) ;
#5373 = DIRECTION ( 'NONE',  ( -1.000000000000000000, 0.000000000000000000, 0.000000000000000000 ) ) ;
#5374 = DIRECTION ( 'NONE',  ( 0.000000000000000000, 1.000000000000000000, 0.000000000000000000 ) ) ;
#5375 = VECTOR ( 'NONE', #1127, 1000.000000000000000 ) ;
#5376 = EDGE_CURVE ( 'NONE', #5811, #994, #10351, .T. ) ;
#5377 = EDGE_CURVE ( 'NONE', #10192, #4860, #523, .T. ) ;
#5378 = EDGE_CURVE ( 'NONE', #941, #7615, #5976, .T. ) ;
#5379 = DIRECTION ( 'NONE',  ( -0.9999999999999992228, 3.939114801982141073E-08, 0.000000000000000000 ) ) ;
#5380 = LINE ( 'NONE', #4454, #8681 ) ;
#5381 = ORIENTED_EDGE ( 'NONE', *, *, #3269, .F. ) ;
#5382 = PLANE ( 'NONE',  #1723 ) ;
#5383 = LINE ( 'NONE', #8885, #1120 ) ;
#5384 = AXIS2_PLACEMENT_3D ( 'NONE', #9472, #4188, #1601 ) ;
#5385 = EDGE_LOOP ( 'NONE', ( #9571, #2644, #2770, #4490 ) ) ;
#5386 = DIRECTION ( 'NONE',  ( 0.000000000000000000, 0.000000000000000000, 1.000000000000000000 ) ) ;
#5387 = CIRCLE ( 'NONE', #6837, 0.2500000000000019429 ) ;
#5388 = VERTEX_POINT ( 'NONE', #6891 ) ;
#5389 = EDGE_CURVE ( 'NONE', #9947, #10675, #10408, .T. ) ;
#5390 = CARTESIAN_POINT ( 'NONE',  ( 4.196446509750331622, 7.999999868348525389, 0.000000000000000000 ) ) ;
#5391 = EDGE_CURVE ( 'NONE', #6510, #1794, #10998, .T. ) ;
#5392 = EDGE_CURVE ( 'NONE', #3690, #20, #2822, .T. ) ;
#5393 = VECTOR ( 'NONE', #3261, 1000.000000000000000 ) ;
#5394 = CIRCLE ( 'NONE', #9605, 2.000000057619883531 ) ;
#5395 = DIRECTION ( 'NONE',  ( 1.000000000000000000, 0.000000000000000000, 0.000000000000000000 ) ) ;
#5396 = EDGE_CURVE ( 'NONE', #1202, #7611, #980, .T. ) ;
#5397 = LINE ( 'NONE', #6306, #9578 ) ;
#5398 = CARTESIAN_POINT ( 'NONE',  ( 0.6113934323519124581, 2.424087059261044619, 1000.000000000000000 ) ) ;
#5399 = CARTESIAN_POINT ( 'NONE',  ( 16.68000023088499262, 7.999999198498612074, 1000.000000000000000 ) ) ;
#5400 = CARTESIAN_POINT ( 'NONE',  ( 5.800000014999258546, 5.658578604065267470, 1000.000000000000000 ) ) ;
#5401 = VERTEX_POINT ( 'NONE', #1033 ) ;
#5402 = CARTESIAN_POINT ( 'NONE',  ( 28.24999968900306158, -3.069998122879333380, 1000.000000000000000 ) ) ;
#5403 = ORIENTED_EDGE ( 'NONE', *, *, #2354, .F. ) ;
#5404 = VECTOR ( 'NONE', #7045, 1000.000000000000000 ) ;
#5405 = EDGE_LOOP ( 'NONE', ( #5131, #5946, #9476, #248 ) ) ;
#5406 = CARTESIAN_POINT ( 'NONE',  ( 25.20000032951426405, 6.604162250497244813, 1000.000000000000000 ) ) ;
#5407 = VECTOR ( 'NONE', #7075, 1000.000000000000114 ) ;
#5408 = DIRECTION ( 'NONE',  ( -0.9999999999999987788, 4.912470114708642969E-08, 0.000000000000000000 ) ) ;
#5409 = DIRECTION ( 'NONE',  ( 1.000000000000000000, 0.000000000000000000, 0.000000000000000000 ) ) ;
#5410 = EDGE_CURVE ( 'NONE', #5989, #1448, #298, .T. ) ;
#5411 = LINE ( 'NONE', #3917, #1866 ) ;
#5412 = DIRECTION ( 'NONE',  ( 1.000000000000000000, 0.000000000000000000, 0.000000000000000000 ) ) ;
#5413 = LINE ( 'NONE', #9026, #3396 ) ;
#5414 = ORIENTED_EDGE ( 'NONE', *, *, #746, .T. ) ;
#5415 = ORIENTED_EDGE ( 'NONE', *, *, #5662, .T. ) ;
#5416 = VECTOR ( 'NONE', #11211, 1000.000000000000000 ) ;
#5417 = ORIENTED_EDGE ( 'NONE', *, *, #10979, .F. ) ;
#5418 = EDGE_LOOP ( 'NONE', ( #5638, #10763, #1985, #9519 ) ) ;
#5419 = ORIENTED_EDGE ( 'NONE', *, *, #340, .T. ) ;
#5420 = CARTESIAN_POINT ( 'NONE',  ( 23.59583541421784858, -4.585783971684326055, 0.000000000000000000 ) ) ;
#5421 = EDGE_CURVE ( 'NONE', #1290, #4622, #2760, .T. ) ;
#5422 = DIRECTION ( 'NONE',  ( -0.000000000000000000, -0.000000000000000000, -1.000000000000000000 ) ) ;
#5423 = CYLINDRICAL_SURFACE ( 'NONE', #1805, 0.2499998100106357035 ) ;
#5424 = AXIS2_PLACEMENT_3D ( 'NONE', #10518, #8676, #910 ) ;
#5425 = DIRECTION ( 'NONE',  ( -2.052102057674173808E-06, -0.9999999999978945731, -0.000000000000000000 ) ) ;
#5426 = DIRECTION ( 'NONE',  ( 1.000000000000000000, 0.000000000000000000, 0.000000000000000000 ) ) ;
#5427 = DIRECTION ( 'NONE',  ( -0.000000000000000000, -0.000000000000000000, -1.000000000000000000 ) ) ;
#5428 = CARTESIAN_POINT ( 'NONE',  ( -3.945217054806195112, 0.1815215375101514317, 1000.000000000000000 ) ) ;
#5429 = ORIENTED_EDGE ( 'NONE', *, *, #3916, .T. ) ;
#5430 = ORIENTED_EDGE ( 'NONE', *, *, #10576, .F. ) ;
#5431 = ORIENTED_EDGE ( 'NONE', *, *, #4017, .T. ) ;
#5432 = VECTOR ( 'NONE', #5047, 1000.000000000000000 ) ;
#5433 = CARTESIAN_POINT ( 'NONE',  ( -6.604163088458923525, 5.200000111050750107, 0.000000000000000000 ) ) ;
#5434 = CARTESIAN_POINT ( 'NONE',  ( -2.050609665440995766, 2.050609665440974894, 0.000000000000000000 ) ) ;
#5435 = DIRECTION ( 'NONE',  ( -0.000000000000000000, -0.000000000000000000, -1.000000000000000000 ) ) ;
#5436 = ORIENTED_EDGE ( 'NONE', *, *, #10153, .T. ) ;
#5437 = DIRECTION ( 'NONE',  ( -0.000000000000000000, -0.000000000000000000, -1.000000000000000000 ) ) ;
#5438 = AXIS2_PLACEMENT_3D ( 'NONE', #8667, #1422, #7587 ) ;
#5439 = LINE ( 'NONE', #3651, #5558 ) ;
#5440 = CARTESIAN_POINT ( 'NONE',  ( 16.00000101193381852, 2.761521772073602499, 1000.000000000000000 ) ) ;
#5441 = CARTESIAN_POINT ( 'NONE',  ( 3.700000044735841875, 9.399999876022635092, 1000.000000000000000 ) ) ;
#5442 = ORIENTED_EDGE ( 'NONE', *, *, #10434, .T. ) ;
#5443 = FACE_OUTER_BOUND ( 'NONE', #4604, .T. ) ;
#5444 = VERTEX_POINT ( 'NONE', #10580 ) ;
#5445 = CARTESIAN_POINT ( 'NONE',  ( -3.070000167687804371, 8.250000055594854942, 1000.000000000000000 ) ) ;
#5446 = AXIS2_PLACEMENT_3D ( 'NONE', #4505, #1919, #4285 ) ;
#5447 = LINE ( 'NONE', #8948, #3883 ) ;
#5448 = EDGE_CURVE ( 'NONE', #9788, #1290, #160, .T. ) ;
#5449 = FACE_OUTER_BOUND ( 'NONE', #590, .T. ) ;
#5450 = ADVANCED_FACE ( 'NONE', ( #1898 ), #1089, .F. ) ;
#5451 = EDGE_LOOP ( 'NONE', ( #11212, #219, #7355, #9806 ) ) ;
#5452 = FACE_BOUND ( 'NONE', #1903, .T. ) ;
#5453 = FACE_OUTER_BOUND ( 'NONE', #10200, .T. ) ;
#5454 = LINE ( 'NONE', #1140, #925 ) ;
#5455 = ORIENTED_EDGE ( 'NONE', *, *, #922, .F. ) ;
#5456 = EDGE_CURVE ( 'NONE', #6623, #10559, #10623, .T. ) ;
#5458 = EDGE_CURVE ( 'NONE', #10522, #6729, #2881, .T. ) ;
#5457 = CARTESIAN_POINT ( 'NONE',  ( -8.249999987334840412, 4.196446700727205048, 0.000000000000000000 ) ) ;
#5459 = VERTEX_POINT ( 'NONE', #8964 ) ;
#5460 = ORIENTED_EDGE ( 'NONE', *, *, #6851, .F. ) ;
#5461 = EDGE_CURVE ( 'NONE', #5842, #4326, #4016, .T. ) ;
#5462 = CARTESIAN_POINT ( 'NONE',  ( 22.42408705926105483, -0.6113934323518773750, 0.000000000000000000 ) ) ;
#5463 = CARTESIAN_POINT ( 'NONE',  ( 23.69999941821214051, -9.749997629687992884, 0.000000000000000000 ) ) ;
#5464 = DIRECTION ( 'NONE',  ( -0.000000000000000000, -0.000000000000000000, -1.000000000000000000 ) ) ;
#5465 = CARTESIAN_POINT ( 'NONE',  ( -9.100000000000006750, 7.599999999999996092, 1000.000000000000000 ) ) ;
#5466 = AXIS2_PLACEMENT_3D ( 'NONE', #1773, #8784, #3555 ) ;
#5467 = DIRECTION ( 'NONE',  ( -0.000000000000000000, -0.000000000000000000, -1.000000000000000000 ) ) ;
#5468 = DIRECTION ( 'NONE',  ( -0.000000000000000000, -0.000000000000000000, -1.000000000000000000 ) ) ;
#5469 = ORIENTED_EDGE ( 'NONE', *, *, #3417, .T. ) ;
#5470 = VERTEX_POINT ( 'NONE', #7070 ) ;
#5471 = ORIENTED_EDGE ( 'NONE', *, *, #8610, .F. ) ;
#5472 = ORIENTED_EDGE ( 'NONE', *, *, #7282, .T. ) ;
#5473 = ADVANCED_FACE ( 'NONE', ( #8107 ), #4596, .F. ) ;
#5474 = EDGE_CURVE ( 'NONE', #10736, #286, #7243, .T. ) ;
#5475 = ORIENTED_EDGE ( 'NONE', *, *, #6769, .F. ) ;
#5476 = LINE ( 'NONE', #5420, #1880 ) ;
#5477 = CIRCLE ( 'NONE', #1060, 0.2499999180770873242 ) ;
#5478 = CARTESIAN_POINT ( 'NONE',  ( 5.199999920073889115, 6.604162886759620932, 1000.000000000000000 ) ) ;
#5479 = DIRECTION ( 'NONE',  ( 0.9999999999999922284, -1.245074322413440884E-07, 0.000000000000000000 ) ) ;
#5480 = DIRECTION ( 'NONE',  ( 1.000000000000000000, 0.000000000000000000, 0.000000000000000000 ) ) ;
#5481 = CARTESIAN_POINT ( 'NONE',  ( -6.604163088458923525, 4.200000053430866132, 0.000000000000000000 ) ) ;
#5482 = CARTESIAN_POINT ( 'NONE',  ( -8.249999775737565599, -3.070000178441487204, 1000.000000000000000 ) ) ;
#5483 = DIRECTION ( 'NONE',  ( -0.000000000000000000, -0.000000000000000000, -1.000000000000000000 ) ) ;
#5484 = CIRCLE ( 'NONE', #6211, 0.2500001155129744079 ) ;
#5485 = VERTEX_POINT ( 'NONE', #2012 ) ;
#5486 = EDGE_CURVE ( 'NONE', #8341, #440, #6153, .T. ) ;
#5487 = ORIENTED_EDGE ( 'NONE', *, *, #7846, .F. ) ;
#5488 = VERTEX_POINT ( 'NONE', #5523 ) ;
#5489 = VERTEX_POINT ( 'NONE', #1151 ) ;
#5490 = CARTESIAN_POINT ( 'NONE',  ( 0.3376951537216663080, 3.999999709302315409, 1000.000000000000000 ) ) ;
#5491 = DIRECTION ( 'NONE',  ( 0.000000000000000000, 1.000000000000000000, -0.000000000000000000 ) ) ;
#5492 = DIRECTION ( 'NONE',  ( 0.000000000000000000, 0.000000000000000000, 1.000000000000000000 ) ) ;
#5493 = VERTEX_POINT ( 'NONE', #1783 ) ;
#5494 = VECTOR ( 'NONE', #2794, 1000.000000000000000 ) ;
#5495 = DIRECTION ( 'NONE',  ( 1.000000000000000000, 0.000000000000000000, 0.000000000000000000 ) ) ;
#5496 = CARTESIAN_POINT ( 'NONE',  ( 22.61629509039018870, 1.484924240491736214, 1000.000000000000000 ) ) ;
#5497 = EDGE_LOOP ( 'NONE', ( #2151, #4378, #11312, #11290 ) ) ;
#5498 = CARTESIAN_POINT ( 'NONE',  ( 15.80000037454136397, 6.604162385436707083, 1000.000000000000000 ) ) ;
#5499 = CARTESIAN_POINT ( 'NONE',  ( -5.199999987655578693, -8.050000226462572073, 0.000000000000000000 ) ) ;
#5500 = VERTEX_POINT ( 'NONE', #2704 ) ;
#5501 = PLANE ( 'NONE',  #10760 ) ;
#5502 = ORIENTED_EDGE ( 'NONE', *, *, #1954, .T. ) ;
#5503 = AXIS2_PLACEMENT_3D ( 'NONE', #5434, #9851, #9792 ) ;
#5504 = FACE_OUTER_BOUND ( 'NONE', #4639, .T. ) ;
#5505 = DIRECTION ( 'NONE',  ( 1.000000000000000000, 0.000000000000000000, 0.000000000000000000 ) ) ;
#5506 = VECTOR ( 'NONE', #2134, 1000.000000000000000 ) ;
#5507 = AXIS2_PLACEMENT_3D ( 'NONE', #6399, #8193, #5657 ) ;
#5508 = DIRECTION ( 'NONE',  ( 0.000000000000000000, 0.000000000000000000, 1.000000000000000000 ) ) ;
#5509 = VECTOR ( 'NONE', #10066, 1000.000000000000000 ) ;
#5510 = LINE ( 'NONE', #56, #6608 ) ;
#5511 = CARTESIAN_POINT ( 'NONE',  ( -1.607959945748582697E-07, 3.799999914998672512, 0.000000000000000000 ) ) ;
#5512 = DIRECTION ( 'NONE',  ( 0.9999999999999987788, -4.912470560017827756E-08, 0.000000000000000000 ) ) ;
#5513 = ORIENTED_EDGE ( 'NONE', *, *, #444, .F. ) ;
#5514 = CARTESIAN_POINT ( 'NONE',  ( -3.320000167687797710, 8.000000055594865600, 1000.000000000000000 ) ) ;
#5515 = ORIENTED_EDGE ( 'NONE', *, *, #10295, .F. ) ;
#5516 = VERTEX_POINT ( 'NONE', #9706 ) ;
#5517 = VECTOR ( 'NONE', #7233, 1000.000000000000000 ) ;
#5518 = CIRCLE ( 'NONE', #8818, 2.500000000000000444 ) ;
#5519 = DIRECTION ( 'NONE',  ( -0.000000000000000000, -0.000000000000000000, -1.000000000000000000 ) ) ;
#5520 = ADVANCED_FACE ( 'NONE', ( #1841 ), #5294, .F. ) ;
#5521 = EDGE_CURVE ( 'NONE', #682, #1481, #7937, .T. ) ;
#5522 = DIRECTION ( 'NONE',  ( -0.000000000000000000, -0.000000000000000000, -1.000000000000000000 ) ) ;
#5523 = CARTESIAN_POINT ( 'NONE',  ( 3.700000235153940054, -9.399999651635681630, 0.000000000000000000 ) ) ;
#5524 = CARTESIAN_POINT ( 'NONE',  ( 6.999999982964314249, -8.600000054410777750, 1000.000000000000000 ) ) ;
#5525 = DIRECTION ( 'NONE',  ( 0.000000000000000000, 0.000000000000000000, 1.000000000000000000 ) ) ;
#5526 = VECTOR ( 'NONE', #6003, 1000.000000000000000 ) ;
#5527 = AXIS2_PLACEMENT_3D ( 'NONE', #1129, #4573, #7159 ) ;
#5528 = DIRECTION ( 'NONE',  ( -0.000000000000000000, -1.000000000000000000, -0.000000000000000000 ) ) ;
#5529 = ORIENTED_EDGE ( 'NONE', *, *, #1317, .F. ) ;
#5530 = ORIENTED_EDGE ( 'NONE', *, *, #2087, .F. ) ;
#5531 = EDGE_CURVE ( 'NONE', #7654, #585, #8591, .T. ) ;
#5532 = CARTESIAN_POINT ( 'NONE',  ( 16.04999999732799409, -9.999999892116465006, 1000.000000000000000 ) ) ;
#5533 = EDGE_CURVE ( 'NONE', #2019, #7382, #4750, .T. ) ;
#5534 = LINE ( 'NONE', #9839, #5757 ) ;
#5535 = DIRECTION ( 'NONE',  ( 1.245074322413440884E-07, 0.9999999999999922284, 0.000000000000000000 ) ) ;
#5536 = DIRECTION ( 'NONE',  ( -1.000000000000000000, 0.000000000000000000, 0.000000000000000000 ) ) ;
#5537 = DIRECTION ( 'NONE',  ( 0.7808696943583326444, -0.6246939414086903897, -0.000000000000000000 ) ) ;
#5538 = EDGE_CURVE ( 'NONE', #7170, #1848, #4167, .T. ) ;
#5539 = DIRECTION ( 'NONE',  ( 1.000000000000000000, 0.000000000000000000, 0.000000000000000000 ) ) ;
#5540 = CARTESIAN_POINT ( 'NONE',  ( 20.61139343235192456, -2.424087059261059718, 0.000000000000000000 ) ) ;
#5541 = EDGE_LOOP ( 'NONE', ( #2236, #815, #6517, #6227 ) ) ;
#5542 = VECTOR ( 'NONE', #627, 1000.000000000000000 ) ;
#5543 = VERTEX_POINT ( 'NONE', #10155 ) ;
#5544 = ORIENTED_EDGE ( 'NONE', *, *, #7491, .F. ) ;
#5545 = DIRECTION ( 'NONE',  ( 0.9999999999999363842, -3.568436106276896135E-07, 0.000000000000000000 ) ) ;
#5546 = DIRECTION ( 'NONE',  ( -0.000000000000000000, -0.000000000000000000, -1.000000000000000000 ) ) ;
#5547 = DIRECTION ( 'NONE',  ( -0.7808689439003803079, 0.6246948794826997498, 0.000000000000000000 ) ) ;
#5548 = ORIENTED_EDGE ( 'NONE', *, *, #8841, .F. ) ;
#5549 = VECTOR ( 'NONE', #9985, 1000.000000000000000 ) ;
#5550 = AXIS2_PLACEMENT_3D ( 'NONE', #5641, #8920, #1965 ) ;
#5551 = DIRECTION ( 'NONE',  ( -4.335455959642004438E-07, -0.9999999999999059641, 0.000000000000000000 ) ) ;
#5552 = EDGE_CURVE ( 'NONE', #1560, #4419, #5952, .T. ) ;
#5553 = CARTESIAN_POINT ( 'NONE',  ( 16.67999987215819502, -9.399999766946567803, 0.000000000000000000 ) ) ;
#5554 = VERTEX_POINT ( 'NONE', #8428 ) ;
#5555 = LINE ( 'NONE', #5440, #9983 ) ;
#5556 = ORIENTED_EDGE ( 'NONE', *, *, #6918, .F. ) ;
#5557 = ORIENTED_EDGE ( 'NONE', *, *, #5240, .T. ) ;
#5558 = VECTOR ( 'NONE', #9801, 1000.000000000000114 ) ;
#5559 = LINE ( 'NONE', #9921, #9112 ) ;
#5560 = CIRCLE ( 'NONE', #10893, 0.2499998882417066304 ) ;
#5561 = EDGE_CURVE ( 'NONE', #10675, #10833, #9882, .T. ) ;
#5562 = DIRECTION ( 'NONE',  ( -0.000000000000000000, -0.000000000000000000, -1.000000000000000000 ) ) ;
#5563 = VECTOR ( 'NONE', #10013, 1000.000000000000000 ) ;
#5564 = CARTESIAN_POINT ( 'NONE',  ( 13.60000030929984050, -5.658579078262768292, 1000.000000000000000 ) ) ;
#5565 = ORIENTED_EDGE ( 'NONE', *, *, #7846, .T. ) ;
#5566 = CARTESIAN_POINT ( 'NONE',  ( 16.68000023088499262, 8.249999626757986704, 1000.000000000000000 ) ) ;
#5567 = CYLINDRICAL_SURFACE ( 'NONE', #4656, 0.2499999977648957594 ) ;
#5568 = DIRECTION ( 'NONE',  ( -0.9999999999999059641, 4.335457616139830978E-07, 0.000000000000000000 ) ) ;
#5569 = ORIENTED_EDGE ( 'NONE', *, *, #6455, .T. ) ;
#5570 = DIRECTION ( 'NONE',  ( -0.7071069833316451225, 0.7071065790413921803, 0.000000000000000000 ) ) ;
#5571 = ORIENTED_EDGE ( 'NONE', *, *, #7216, .F. ) ;
#5572 = ORIENTED_EDGE ( 'NONE', *, *, #2165, .T. ) ;
#5573 = VECTOR ( 'NONE', #8269, 1000.000000000000000 ) ;
#5574 = CYLINDRICAL_SURFACE ( 'NONE', #2994, 0.2499999351799429004 ) ;
#5575 = AXIS2_PLACEMENT_3D ( 'NONE', #7311, #8060, #7193 ) ;
#5576 = LINE ( 'NONE', #9881, #729 ) ;
#5577 = DIRECTION ( 'NONE',  ( -1.000000000000000000, 0.000000000000000000, 0.000000000000000000 ) ) ;
#5578 = DIRECTION ( 'NONE',  ( -1.000000000000000000, 0.000000000000000000, 0.000000000000000000 ) ) ;
#5579 = AXIS2_PLACEMENT_3D ( 'NONE', #720, #953, #10325 ) ;
#5580 = CARTESIAN_POINT ( 'NONE',  ( 4.000000189989805222, -2.761522307991981506, 1000.000000000000000 ) ) ;
#5581 = ORIENTED_EDGE ( 'NONE', *, *, #2648, .F. ) ;
#5582 = ORIENTED_EDGE ( 'NONE', *, *, #7909, .F. ) ;
#5583 = ORIENTED_EDGE ( 'NONE', *, *, #5939, .T. ) ;
#5584 = VERTEX_POINT ( 'NONE', #3206 ) ;
#5585 = DIRECTION ( 'NONE',  ( -1.000000000000000000, 0.000000000000000000, 0.000000000000000000 ) ) ;
#5586 = ORIENTED_EDGE ( 'NONE', *, *, #190, .F. ) ;
#5587 = DIRECTION ( 'NONE',  ( 0.9999999999999363842, -3.568429372102481070E-07, 0.000000000000000000 ) ) ;
#5588 = CARTESIAN_POINT ( 'NONE',  ( 2.616295090390203359, 1.484924240491733549, 0.000000000000000000 ) ) ;
#5589 = DIRECTION ( 'NONE',  ( -0.000000000000000000, -0.000000000000000000, -1.000000000000000000 ) ) ;
#5590 = EDGE_CURVE ( 'NONE', #847, #3701, #9340, .T. ) ;
#5591 = LINE ( 'NONE', #996, #9343 ) ;
#5592 = CARTESIAN_POINT ( 'NONE',  ( -8.226776687064896620, -4.526776724672429530, 1000.000000000000000 ) ) ;
#5593 = VECTOR ( 'NONE', #5297, 1000.000000000000227 ) ;
#5594 = EDGE_CURVE ( 'NONE', #4638, #3377, #11088, .T. ) ;
#5595 = DIRECTION ( 'NONE',  ( 0.9999999999999922284, -1.245074968886553162E-07, 0.000000000000000000 ) ) ;
#5596 = ORIENTED_EDGE ( 'NONE', *, *, #7216, .T. ) ;
#5597 = ORIENTED_EDGE ( 'NONE', *, *, #9518, .T. ) ;
#5598 = EDGE_CURVE ( 'NONE', #4004, #6131, #6432, .T. ) ;
#5599 = ADVANCED_FACE ( 'NONE', ( #9940 ), #9456, .T. ) ;
#5600 = ORIENTED_EDGE ( 'NONE', *, *, #2486, .F. ) ;
#5601 = VERTEX_POINT ( 'NONE', #505 ) ;
#5602 = ORIENTED_EDGE ( 'NONE', *, *, #4249, .F. ) ;
#5603 = DIRECTION ( 'NONE',  ( -0.000000000000000000, -0.000000000000000000, -1.000000000000000000 ) ) ;
#5604 = CYLINDRICAL_SURFACE ( 'NONE', #5871, 0.2499999204762483884 ) ;
#5605 = CARTESIAN_POINT ( 'NONE',  ( 17.81837566322598576, -3.999998775587612521, 0.000000000000000000 ) ) ;
#5606 = EDGE_CURVE ( 'NONE', #8012, #9796, #5840, .T. ) ;
#5607 = AXIS2_PLACEMENT_3D ( 'NONE', #4878, #5682, #10926 ) ;
#5608 = VERTEX_POINT ( 'NONE', #1472 ) ;
#5609 = CARTESIAN_POINT ( 'NONE',  ( 16.93000065914436547, 8.249999582054593716, 0.000000000000000000 ) ) ;
#5610 = CARTESIAN_POINT ( 'NONE',  ( 16.67999987042577459, 9.149999626758081206, 0.000000000000000000 ) ) ;
#5611 = VERTEX_POINT ( 'NONE', #5091 ) ;
#5612 = CARTESIAN_POINT ( 'NONE',  ( -5.897056256660560436, -4.907106769605135810, 1000.000000000000000 ) ) ;
#5613 = EDGE_LOOP ( 'NONE', ( #8886, #351, #2153, #4464 ) ) ;
#5614 = CIRCLE ( 'NONE', #2130, 0.2499999439716273086 ) ;
#5615 = VERTEX_POINT ( 'NONE', #5040 ) ;
#5616 = DIRECTION ( 'NONE',  ( -0.000000000000000000, -0.000000000000000000, -1.000000000000000000 ) ) ;
#5617 = EDGE_CURVE ( 'NONE', #6689, #2887, #4984, .T. ) ;
#5618 = PRODUCT_DEFINITION_SHAPE ( 'NONE', 'NONE',  #7337 ) ;
#5619 = AXIS2_PLACEMENT_3D ( 'NONE', #2172, #6587, #10037 ) ;
#5620 = LINE ( 'NONE', #4063, #7911 ) ;
#5621 = DIRECTION ( 'NONE',  ( 0.9999999999999946709, 1.030353595837683983E-07, -0.000000000000000000 ) ) ;
#5622 = ORIENTED_EDGE ( 'NONE', *, *, #629, .F. ) ;
#5623 = CARTESIAN_POINT ( 'NONE',  ( -3.999999911001640207, 0.3376953446985326290, 1000.000000000000000 ) ) ;
#5624 = CARTESIAN_POINT ( 'NONE',  ( 24.19999938907189829, -6.604160782369819849, 1000.000000000000000 ) ) ;
#5625 = CARTESIAN_POINT ( 'NONE',  ( 23.39372188296547250, -0.8559508052926739774, 1000.000000000000000 ) ) ;
#5626 = ORIENTED_EDGE ( 'NONE', *, *, #902, .T. ) ;
#5627 = DIRECTION ( 'NONE',  ( 1.000000000000000000, 0.000000000000000000, 0.000000000000000000 ) ) ;
#5628 = VERTEX_POINT ( 'NONE', #4226 ) ;
#5629 = AXIS2_PLACEMENT_3D ( 'NONE', #5949, #9451, #1576 ) ;
#5630 = VERTEX_POINT ( 'NONE', #11138 ) ;
#5631 = DIRECTION ( 'NONE',  ( 1.000000000000000000, 0.000000000000000000, 0.000000000000000000 ) ) ;
#5632 = LINE ( 'NONE', #8962, #9546 ) ;
#5633 = VECTOR ( 'NONE', #2963, 1000.000000000000000 ) ;
#5634 = CARTESIAN_POINT ( 'NONE',  ( 27.59999999999997300, 7.599999999999996092, 1000.000000000000000 ) ) ;
#5635 = DIRECTION ( 'NONE',  ( 1.000000000000000000, 0.000000000000000000, 0.000000000000000000 ) ) ;
#5636 = DIRECTION ( 'NONE',  ( 4.335457536969091295E-07, 0.9999999999999059641, 0.000000000000000000 ) ) ;
#5637 = ORIENTED_EDGE ( 'NONE', *, *, #8426, .T. ) ;
#5638 = ORIENTED_EDGE ( 'NONE', *, *, #9119, .T. ) ;
#5639 = ORIENTED_EDGE ( 'NONE', *, *, #11009, .T. ) ;
#5640 = VERTEX_POINT ( 'NONE', #10813 ) ;
#5641 = CARTESIAN_POINT ( 'NONE',  ( 28.04999787550034540, 4.950002429114308100, 1000.000000000000000 ) ) ;
#5642 = ORIENTED_EDGE ( 'NONE', *, *, #3616, .T. ) ;
#5643 = DIRECTION ( 'NONE',  ( -0.000000000000000000, -0.000000000000000000, -1.000000000000000000 ) ) ;
#5644 = AXIS2_PLACEMENT_3D ( 'NONE', #6926, #9513, #5095 ) ;
#5645 = CYLINDRICAL_SURFACE ( 'NONE', #10246, 0.2499998373889852910 ) ;
#5646 = CARTESIAN_POINT ( 'NONE',  ( 19.66230397645803052, -3.999998585597804190, 1000.000000000000000 ) ) ;
#5647 = CARTESIAN_POINT ( 'NONE',  ( 19.81847834912613138, -3.945215338599275423, 1000.000000000000000 ) ) ;
#5648 = CARTESIAN_POINT ( 'NONE',  ( 9.624306156704856008, 9.999999787547023899, 0.000000000000000000 ) ) ;
#5649 = CARTESIAN_POINT ( 'NONE',  ( 28.04999787550034540, 5.200002606438132169, 1000.000000000000000 ) ) ;
#5650 = ORIENTED_EDGE ( 'NONE', *, *, #4465, .F. ) ;
#5651 = ORIENTED_EDGE ( 'NONE', *, *, #8892, .T. ) ;
#5652 = ORIENTED_EDGE ( 'NONE', *, *, #2218, .T. ) ;
#5653 = ORIENTED_EDGE ( 'NONE', *, *, #3268, .T. ) ;
#5654 = AXIS2_PLACEMENT_3D ( 'NONE', #4669, #5479, #5535 ) ;
#5655 = ORIENTED_EDGE ( 'NONE', *, *, #10745, .T. ) ;
#5656 = CARTESIAN_POINT ( 'NONE',  ( 2.616295090390203359, 1.484924240491733549, 1000.000000000000000 ) ) ;
#5657 = DIRECTION ( 'NONE',  ( 1.000000000000000000, 0.000000000000000000, 0.000000000000000000 ) ) ;
#5658 = EDGE_CURVE ( 'NONE', #1123, #4851, #8489, .T. ) ;
#5659 = DIRECTION ( 'NONE',  ( 1.000000000000000000, 0.000000000000000000, 0.000000000000000000 ) ) ;
#5660 = ORIENTED_EDGE ( 'NONE', *, *, #528, .F. ) ;
#5661 = EDGE_CURVE ( 'NONE', #4331, #2511, #4116, .T. ) ;
#5662 = EDGE_CURVE ( 'NONE', #9305, #8545, #7517, .T. ) ;
#5663 = ADVANCED_FACE ( 'NONE', ( #3153 ), #6645, .F. ) ;
#5664 = CYLINDRICAL_SURFACE ( 'NONE', #2742, 0.2499999999999997780 ) ;
#5665 = DIRECTION ( 'NONE',  ( -0.7071068125287264250, -0.7071067498443672772, 0.000000000000000000 ) ) ;
#5666 = ORIENTED_EDGE ( 'NONE', *, *, #10081, .F. ) ;
#5667 = LINE ( 'NONE', #1295, #1839 ) ;
#5668 = VERTEX_POINT ( 'NONE', #10261 ) ;
#5669 = ORIENTED_EDGE ( 'NONE', *, *, #3102, .T. ) ;
#5670 = DIRECTION ( 'NONE',  ( 1.000000000000000000, 0.000000000000000000, 0.000000000000000000 ) ) ;
#5671 = VECTOR ( 'NONE', #9288, 1000.000000000000000 ) ;
#5672 = DIRECTION ( 'NONE',  ( -1.000000000000000000, 0.000000000000000000, 0.000000000000000000 ) ) ;
#5673 = FACE_OUTER_BOUND ( 'NONE', #1679, .T. ) ;
#5674 = ORIENTED_EDGE ( 'NONE', *, *, #5037, .F. ) ;
#5675 = VECTOR ( 'NONE', #4802, 1000.000000000000000 ) ;
#5676 = LINE ( 'NONE', #5792, #7669 ) ;
#5677 = EDGE_CURVE ( 'NONE', #3076, #8467, #7683, .T. ) ;
#5678 = CARTESIAN_POINT ( 'NONE',  ( 10.37569389161740396, 9.999999806316870021, 1000.000000000000000 ) ) ;
#5679 = DIRECTION ( 'NONE',  ( 0.000000000000000000, 0.000000000000000000, 1.000000000000000000 ) ) ;
#5680 = EDGE_LOOP ( 'NONE', ( #11348, #1678, #696, #5772 ) ) ;
#5681 = ADVANCED_FACE ( 'NONE', ( #11191 ), #3315, .F. ) ;
#5682 = DIRECTION ( 'NONE',  ( -0.000000000000000000, -0.000000000000000000, -1.000000000000000000 ) ) ;
#5683 = EDGE_LOOP ( 'NONE', ( #10790, #8576, #10001, #10346 ) ) ;
#5684 = VERTEX_POINT ( 'NONE', #6125 ) ;
#5685 = DIRECTION ( 'NONE',  ( 1.000000000000000000, 0.000000000000000000, 0.000000000000000000 ) ) ;
#5686 = AXIS2_PLACEMENT_3D ( 'NONE', #10771, #3815, #3875 ) ;
#5687 = AXIS2_PLACEMENT_3D ( 'NONE', #2965, #2213, #8248 ) ;
#5688 = DIRECTION ( 'NONE',  ( -0.000000000000000000, -0.000000000000000000, -1.000000000000000000 ) ) ;
#5689 = CARTESIAN_POINT ( 'NONE',  ( 0.3376951537216663080, 3.749999788826063885, 0.000000000000000000 ) ) ;
#5690 = DIRECTION ( 'NONE',  ( 1.000000000000000000, 0.000000000000000000, 0.000000000000000000 ) ) ;
#5691 = ADVANCED_FACE ( 'NONE', ( #10380 ), #2734, .T. ) ;
#5692 = FACE_OUTER_BOUND ( 'NONE', #533, .T. ) ;
#5693 = CIRCLE ( 'NONE', #1093, 1.000000000000001998 ) ;
#5694 = VERTEX_POINT ( 'NONE', #2502 ) ;
#5695 = ORIENTED_EDGE ( 'NONE', *, *, #6636, .F. ) ;
#5696 = AXIS2_PLACEMENT_3D ( 'NONE', #10338, #3551, #5165 ) ;
#5697 = AXIS2_PLACEMENT_3D ( 'NONE', #3032, #10146, #3198 ) ;
#5698 = VERTEX_POINT ( 'NONE', #10496 ) ;
#5699 = CARTESIAN_POINT ( 'NONE',  ( 19.81847834912613138, -3.945215338599275423, 1000.000000000000000 ) ) ;
#5700 = CARTESIAN_POINT ( 'NONE',  ( -3.950000111758708687, -10.00000011175866810, 0.000000000000000000 ) ) ;
#5701 = EDGE_CURVE ( 'NONE', #3247, #5554, #5484, .T. ) ;
#5702 = DIRECTION ( 'NONE',  ( 1.000000000000000000, 0.000000000000000000, 0.000000000000000000 ) ) ;
#5703 = DIRECTION ( 'NONE',  ( -0.000000000000000000, -0.000000000000000000, -1.000000000000000000 ) ) ;
#5704 = CIRCLE ( 'NONE', #9556, 1.000000057619887084 ) ;
#5705 = CYLINDRICAL_SURFACE ( 'NONE', #3333, 0.2499999351799463976 ) ;
#5706 = CARTESIAN_POINT ( 'NONE',  ( 3.949999932660333446, -9.999999675477502237, 1000.000000000000000 ) ) ;
#5707 = DIRECTION ( 'NONE',  ( 0.000000000000000000, 0.000000000000000000, 1.000000000000000000 ) ) ;
#5708 = PLANE ( 'NONE',  #10179 ) ;
#5709 = ORIENTED_EDGE ( 'NONE', *, *, #6284, .T. ) ;
#5710 = ORIENTED_EDGE ( 'NONE', *, *, #258, .T. ) ;
#5712 = ORIENTED_EDGE ( 'NONE', *, *, #2702, .F. ) ;
#5711 = ORIENTED_EDGE ( 'NONE', *, *, #2648, .T. ) ;
#5713 = VERTEX_POINT ( 'NONE', #6923 ) ;
#5714 = AXIS2_PLACEMENT_3D ( 'NONE', #6952, #4483, #7830 ) ;
#5715 = ORIENTED_EDGE ( 'NONE', *, *, #10367, .F. ) ;
#5716 = CARTESIAN_POINT ( 'NONE',  ( -2.850609665440984930, -2.050609665440989104, 1000.000000000000000 ) ) ;
#5717 = FACE_OUTER_BOUND ( 'NONE', #6801, .T. ) ;
#5718 = ORIENTED_EDGE ( 'NONE', *, *, #6151, .F. ) ;
#5719 = CARTESIAN_POINT ( 'NONE',  ( -0.8559508052926739774, -3.393721882965480940, 1000.000000000000000 ) ) ;
#5720 = AXIS2_PLACEMENT_3D ( 'NONE', #10055, #3106, #2189 ) ;
#5721 = CARTESIAN_POINT ( 'NONE',  ( 4.196446644081398780, -8.000000146130739509, 1000.000000000000000 ) ) ;
#5722 = LINE ( 'NONE', #3086, #4407 ) ;
#5723 = ORIENTED_EDGE ( 'NONE', *, *, #1886, .T. ) ;
#5724 = EDGE_LOOP ( 'NONE', ( #771, #3259, #3975, #1243 ) ) ;
#5725 = ORIENTED_EDGE ( 'NONE', *, *, #332, .F. ) ;
#5726 = EDGE_CURVE ( 'NONE', #3884, #2736, #10619, .T. ) ;
#5727 = ADVANCED_FACE ( 'NONE', ( #9738 ), #839, .F. ) ;
#5728 = DIRECTION ( 'NONE',  ( 0.000000000000000000, 0.000000000000000000, 1.000000000000000000 ) ) ;
#5729 = EDGE_CURVE ( 'NONE', #9948, #5584, #950, .T. ) ;
#5730 = CIRCLE ( 'NONE', #36, 0.2499999172870283337 ) ;
#5731 = VECTOR ( 'NONE', #6667, 1000.000000000000000 ) ;
#5732 = LINE ( 'NONE', #7574, #6617 ) ;
#5733 = DIRECTION ( 'NONE',  ( -0.7071062425244073468, 0.7071073198482772382, 0.000000000000000000 ) ) ;
#5734 = FACE_OUTER_BOUND ( 'NONE', #701, .T. ) ;
#5735 = ORIENTED_EDGE ( 'NONE', *, *, #1808, .T. ) ;
#5736 = ADVANCED_FACE ( 'NONE', ( #5216 ), #95, .F. ) ;
#5737 = LINE ( 'NONE', #7346, #7675 ) ;
#5738 = CARTESIAN_POINT ( 'NONE',  ( 16.40416236450338516, -4.585785185391127783, 0.000000000000000000 ) ) ;
#5739 = CARTESIAN_POINT ( 'NONE',  ( 4.703553569300189530, -8.050000032555695739, 1000.000000000000000 ) ) ;
#5740 = AXIS2_PLACEMENT_3D ( 'NONE', #4290, #7804, #3376 ) ;
#5741 = DIRECTION ( 'NONE',  ( -0.000000000000000000, -0.000000000000000000, -1.000000000000000000 ) ) ;
#5742 = ADVANCED_FACE ( 'NONE', ( #37 ), #1701, .T. ) ;
#5743 = VECTOR ( 'NONE', #10929, 1000.000000000000000 ) ;
#5744 = ORIENTED_EDGE ( 'NONE', *, *, #3222, .T. ) ;
#5745 = ADVANCED_FACE ( 'NONE', ( #6864 ), #10554, .F. ) ;
#5746 = EDGE_CURVE ( 'NONE', #2605, #8081, #5273, .T. ) ;
#5747 = CARTESIAN_POINT ( 'NONE',  ( -9.999999776482582092, -3.949999809265136719, 1000.000000000000000 ) ) ;
#5748 = AXIS2_PLACEMENT_3D ( 'NONE', #1583, #5092, #8594 ) ;
#5749 = EDGE_CURVE ( 'NONE', #1268, #6541, #7803, .T. ) ;
#5750 = VECTOR ( 'NONE', #11151, 1000.000000000000000 ) ;
#5751 = CARTESIAN_POINT ( 'NONE',  ( 20.33769446910742218, -3.999998357232442459, 1000.000000000000000 ) ) ;
#5752 = DIRECTION ( 'NONE',  ( 0.000000000000000000, 0.000000000000000000, 1.000000000000000000 ) ) ;
#5753 = LINE ( 'NONE', #8390, #179 ) ;
#5754 = LINE ( 'NONE', #9256, #10552 ) ;
#5755 = ORIENTED_EDGE ( 'NONE', *, *, #1303, .F. ) ;
#5756 = AXIS2_PLACEMENT_3D ( 'NONE', #2033, #7955, #2670 ) ;
#5757 = VECTOR ( 'NONE', #3811, 1000.000000000000000 ) ;
#5758 = ORIENTED_EDGE ( 'NONE', *, *, #5164, .T. ) ;
#5759 = VERTEX_POINT ( 'NONE', #4346 ) ;
#5760 = CARTESIAN_POINT ( 'NONE',  ( -3.950000111758708687, -9.750000112317428247, 0.000000000000000000 ) ) ;
#5761 = VERTEX_POINT ( 'NONE', #8770 ) ;
#5762 = EDGE_CURVE ( 'NONE', #91, #7876, #7963, .T. ) ;
#5763 = CARTESIAN_POINT ( 'NONE',  ( -4.200000160796017568, 6.604162906957935952, 1000.000000000000000 ) ) ;
#5764 = VECTOR ( 'NONE', #8433, 1000.000000000000000 ) ;
#5765 = CARTESIAN_POINT ( 'NONE',  ( -4.585786510794970461, 3.595836956653164496, 0.000000000000000000 ) ) ;
#5766 = DIRECTION ( 'NONE',  ( -0.000000000000000000, -0.000000000000000000, -1.000000000000000000 ) ) ;
#5767 = CARTESIAN_POINT ( 'NONE',  ( 28.24999968900306158, -3.319997690745660091, 0.000000000000000000 ) ) ;
#5768 = DIRECTION ( 'NONE',  ( -1.000000000000000000, -0.000000000000000000, -0.000000000000000000 ) ) ;
#5769 = ORIENTED_EDGE ( 'NONE', *, *, #4036, .T. ) ;
#5770 = ORIENTED_EDGE ( 'NONE', *, *, #6209, .F. ) ;
#5772 = ORIENTED_EDGE ( 'NONE', *, *, #7984, .T. ) ;
#5771 = ORIENTED_EDGE ( 'NONE', *, *, #745, .T. ) ;
#5773 = EDGE_CURVE ( 'NONE', #5640, #990, #9569, .T. ) ;
#5774 = EDGE_LOOP ( 'NONE', ( #9488, #7364, #9306, #2914 ) ) ;
#5775 = CARTESIAN_POINT ( 'NONE',  ( 14.79999950239931472, -6.604161884127046633, 1000.000000000000000 ) ) ;
#5776 = DIRECTION ( 'NONE',  ( 1.000000000000000000, 0.000000000000000000, 0.000000000000000000 ) ) ;
#5777 = ORIENTED_EDGE ( 'NONE', *, *, #4523, .F. ) ;
#5778 = CIRCLE ( 'NONE', #3213, 0.9999999999999965583 ) ;
#5779 = DIRECTION ( 'NONE',  ( -0.000000000000000000, -0.000000000000000000, -1.000000000000000000 ) ) ;
#5780 = DIRECTION ( 'NONE',  ( -0.000000000000000000, -0.000000000000000000, -1.000000000000000000 ) ) ;
#5781 = CARTESIAN_POINT ( 'NONE',  ( 3.700000235153940054, -9.399999651635681630, 1000.000000000000000 ) ) ;
#5782 = ORIENTED_EDGE ( 'NONE', *, *, #8267, .T. ) ;
#5783 = VERTEX_POINT ( 'NONE', #4453 ) ;
#5784 = VECTOR ( 'NONE', #1489, 1000.000000000000000 ) ;
#5785 = DIRECTION ( 'NONE',  ( -0.000000000000000000, -0.000000000000000000, -1.000000000000000000 ) ) ;
#5786 = LINE ( 'NONE', #10918, #9922 ) ;
#5787 = CARTESIAN_POINT ( 'NONE',  ( 28.24999780227187429, 4.196449174398556359, 1000.000000000000000 ) ) ;
#5788 = ADVANCED_FACE ( 'NONE', ( #892 ), #4398, .T. ) ;
#5789 = AXIS2_PLACEMENT_3D ( 'NONE', #7175, #1026, #5570 ) ;
#5790 = DIRECTION ( 'NONE',  ( 1.000000000000000000, 0.000000000000000000, 0.000000000000000000 ) ) ;
#5791 = VERTEX_POINT ( 'NONE', #9683 ) ;
#5792 = CARTESIAN_POINT ( 'NONE',  ( 30.00000091491977727, 8.499998612189891389, 1000.000000000000000 ) ) ;
#5793 = FACE_OUTER_BOUND ( 'NONE', #927, .T. ) ;
#5794 = DIRECTION ( 'NONE',  ( 1.000000000000000000, 0.000000000000000000, 0.000000000000000000 ) ) ;
#5795 = ADVANCED_FACE ( 'NONE', ( #1814 ), #8826, .F. ) ;
#5796 = DIRECTION ( 'NONE',  ( 1.000000000000000000, 0.000000000000000000, 0.000000000000000000 ) ) ;
#5797 = VERTEX_POINT ( 'NONE', #4509 ) ;
#5798 = CARTESIAN_POINT ( 'NONE',  ( 23.74999844978504981, 0.3376976724608071745, 1000.000000000000000 ) ) ;
#5799 = VECTOR ( 'NONE', #6299, 1000.000000000000114 ) ;
#5800 = CARTESIAN_POINT ( 'NONE',  ( 23.95000102667850683, 9.999998723948603896, 0.000000000000000000 ) ) ;
#5801 = EDGE_CURVE ( 'NONE', #8633, #7497, #2968, .T. ) ;
#5802 = ADVANCED_FACE ( 'NONE', ( #9164 ), #5664, .T. ) ;
#5803 = DIRECTION ( 'NONE',  ( -0.000000000000000000, -0.000000000000000000, -1.000000000000000000 ) ) ;
#5804 = ADVANCED_FACE ( 'NONE', ( #1124 ), #4689, .F. ) ;
#5805 = DIRECTION ( 'NONE',  ( 1.000000000000000000, 0.000000000000000000, 0.000000000000000000 ) ) ;
#5806 = EDGE_CURVE ( 'NONE', #5489, #308, #8792, .T. ) ;
#5807 = LINE ( 'NONE', #10115, #3663 ) ;
#5808 = CIRCLE ( 'NONE', #8552, 0.9999999999999952260 ) ;
#5809 = FACE_OUTER_BOUND ( 'NONE', #1329, .T. ) ;
#5810 = ORIENTED_EDGE ( 'NONE', *, *, #8259, .F. ) ;
#5811 = VERTEX_POINT ( 'NONE', #9799 ) ;
#5812 = DIRECTION ( 'NONE',  ( -0.9999999999999060751, 4.335457536969091825E-07, 0.000000000000000000 ) ) ;
#5813 = ORIENTED_EDGE ( 'NONE', *, *, #2375, .T. ) ;
#5814 = LINE ( 'NONE', #9479, #4291 ) ;
#5815 = CARTESIAN_POINT ( 'NONE',  ( -3.319999967925382656, -8.250000159032531144, 1000.000000000000000 ) ) ;
#5816 = CARTESIAN_POINT ( 'NONE',  ( 15.40000063195458324, 2.761521082694395890, 0.000000000000000000 ) ) ;
#5817 = CARTESIAN_POINT ( 'NONE',  ( -6.604163088458923525, 5.200000111050750107, 1000.000000000000000 ) ) ;
#5818 = DIRECTION ( 'NONE',  ( 1.000000000000000000, 0.000000000000000000, 0.000000000000000000 ) ) ;
#5819 = DIRECTION ( 'NONE',  ( 1.000000000000000000, 0.000000000000000000, 0.000000000000000000 ) ) ;
#5820 = ORIENTED_EDGE ( 'NONE', *, *, #3703, .F. ) ;
#5821 = ADVANCED_FACE ( 'NONE', ( #3889 ), #1983, .T. ) ;
#5822 = VERTEX_POINT ( 'NONE', #4633 ) ;
#5823 = EDGE_CURVE ( 'NONE', #3288, #11356, #1924, .T. ) ;
#5825 = ORIENTED_EDGE ( 'NONE', *, *, #9418, .F. ) ;
#5824 = VERTEX_POINT ( 'NONE', #383 ) ;
#5826 = ORIENTED_EDGE ( 'NONE', *, *, #8568, .F. ) ;
#5827 = CARTESIAN_POINT ( 'NONE',  ( 16.93000065914436547, 8.249999582054593716, 1000.000000000000000 ) ) ;
#5828 = DIRECTION ( 'NONE',  ( -0.000000000000000000, -0.000000000000000000, -1.000000000000000000 ) ) ;
#5829 = ORIENTED_EDGE ( 'NONE', *, *, #619, .F. ) ;
#5830 = DIRECTION ( 'NONE',  ( -1.000000000000000000, 0.000000000000000000, 0.000000000000000000 ) ) ;
#5831 = CARTESIAN_POINT ( 'NONE',  ( 16.92999944389873335, -8.249999338686601291, 1000.000000000000000 ) ) ;
#5832 = CIRCLE ( 'NONE', #7107, 1.000000057619883753 ) ;
#5833 = LINE ( 'NONE', #10972, #6611 ) ;
#5834 = ORIENTED_EDGE ( 'NONE', *, *, #8124, .T. ) ;
#5835 = ORIENTED_EDGE ( 'NONE', *, *, #7738, .F. ) ;
#5836 = DIRECTION ( 'NONE',  ( -0.000000000000000000, -0.000000000000000000, -1.000000000000000000 ) ) ;
#5837 = VECTOR ( 'NONE', #7709, 1000.000000000000000 ) ;
#5838 = EDGE_CURVE ( 'NONE', #4918, #3702, #7272, .T. ) ;
#5839 = CARTESIAN_POINT ( 'NONE',  ( 15.80000037454136397, 6.604162385436707083, 1000.000000000000000 ) ) ;
#5840 = LINE ( 'NONE', #4008, #354 ) ;
#5841 = CYLINDRICAL_SURFACE ( 'NONE', #1688, 0.2499999532848927453 ) ;
#5842 = VERTEX_POINT ( 'NONE', #8078 ) ;
#5843 = DIRECTION ( 'NONE',  ( -0.000000000000000000, -0.000000000000000000, -1.000000000000000000 ) ) ;
#5844 = DIRECTION ( 'NONE',  ( 1.000000000000000000, 0.000000000000000000, 0.000000000000000000 ) ) ;
#5845 = LINE ( 'NONE', #1479, #3318 ) ;
#5846 = DIRECTION ( 'NONE',  ( 0.7071067723447224118, 0.7071067900283725116, -0.000000000000000000 ) ) ;
#5847 = VERTEX_POINT ( 'NONE', #2163 ) ;
#5848 = VECTOR ( 'NONE', #10437, 1000.000000000000227 ) ;
#5849 = CARTESIAN_POINT ( 'NONE',  ( 17.81837695844244607, 5.999999294896182889, 1000.000000000000000 ) ) ;
#5850 = CARTESIAN_POINT ( 'NONE',  ( 24.19644703095001503, 7.999998949105774138, 1000.000000000000000 ) ) ;
#5851 = DIRECTION ( 'NONE',  ( -1.000000000000000000, -0.000000000000000000, -0.000000000000000000 ) ) ;
#5852 = AXIS2_PLACEMENT_3D ( 'NONE', #3593, #9854, #2909 ) ;
#5853 = CARTESIAN_POINT ( 'NONE',  ( 6.399999902125558471, -8.000000353551500964, 0.000000000000000000 ) ) ;
#5854 = CARTESIAN_POINT ( 'NONE',  ( 4.373223425481992166, -8.073223395187289597, 1000.000000000000000 ) ) ;
#5855 = CARTESIAN_POINT ( 'NONE',  ( 28.29999805282416858, 4.950002402292236425, 1000.000000000000000 ) ) ;
#5856 = ORIENTED_EDGE ( 'NONE', *, *, #10657, .F. ) ;
#5857 = ORIENTED_EDGE ( 'NONE', *, *, #1432, .F. ) ;
#5858 = VECTOR ( 'NONE', #1221, 1000.000000000000000 ) ;
#5859 = EDGE_CURVE ( 'NONE', #8202, #712, #6463, .T. ) ;
#5860 = AXIS2_PLACEMENT_3D ( 'NONE', #5739, #9242, #8383 ) ;
#5861 = LINE ( 'NONE', #4892, #51 ) ;
#5862 = ADVANCED_FACE ( 'NONE', ( #10784 ), #7390, .F. ) ;
#5863 = EDGE_LOOP ( 'NONE', ( #5267, #1005, #9731, #4431 ) ) ;
#5864 = CARTESIAN_POINT ( 'NONE',  ( 0.000000000000000000, 0.000000000000000000, 0.000000000000000000 ) ) ;
#5865 = EDGE_CURVE ( 'NONE', #1028, #7187, #10906, .T. ) ;
#5866 = CARTESIAN_POINT ( 'NONE',  ( 3.320000043618251517, 9.400000011623204088, 1000.000000000000000 ) ) ;
#5867 = DIRECTION ( 'NONE',  ( -0.000000000000000000, -0.000000000000000000, -1.000000000000000000 ) ) ;
#5868 = CARTESIAN_POINT ( 'NONE',  ( -7.999999867156196487, -3.320000131726341674, 1000.000000000000000 ) ) ;
#5869 = AXIS2_PLACEMENT_3D ( 'NONE', #6713, #6662, #5690 ) ;
#5870 = DIRECTION ( 'NONE',  ( 1.375978792292770455E-07, 0.9999999999999904521, 0.000000000000000000 ) ) ;
#5871 = AXIS2_PLACEMENT_3D ( 'NONE', #9159, #6572, #10838 ) ;
#5872 = AXIS2_PLACEMENT_3D ( 'NONE', #7731, #3366, #6856 ) ;
#5873 = CARTESIAN_POINT ( 'NONE',  ( 10.37569389161740396, 9.749999806316870021, 1000.000000000000000 ) ) ;
#5874 = ADVANCED_FACE ( 'NONE', ( #8996 ), #2110, .F. ) ;
#5875 = ORIENTED_EDGE ( 'NONE', *, *, #3159, .T. ) ;
#5876 = ORIENTED_EDGE ( 'NONE', *, *, #5552, .F. ) ;
#5877 = ORIENTED_EDGE ( 'NONE', *, *, #6117, .T. ) ;
#5878 = EDGE_CURVE ( 'NONE', #9607, #328, #1188, .T. ) ;
#5879 = ORIENTED_EDGE ( 'NONE', *, *, #3976, .F. ) ;
#5880 = ORIENTED_EDGE ( 'NONE', *, *, #9444, .T. ) ;
#5881 = CARTESIAN_POINT ( 'NONE',  ( -3.595837104761738345, 4.585786288550567136, 1000.000000000000000 ) ) ;
#5882 = EDGE_CURVE ( 'NONE', #3531, #2643, #326, .T. ) ;
#5883 = CARTESIAN_POINT ( 'NONE',  ( 5.800000014999258546, 5.658578604065267470, 1000.000000000000000 ) ) ;
#5884 = VECTOR ( 'NONE', #6658, 1000.000000000000000 ) ;
#5885 = ORIENTED_EDGE ( 'NONE', *, *, #4355, .F. ) ;
#5886 = EDGE_CURVE ( 'NONE', #5783, #2267, #3828, .T. ) ;
#5887 = PLANE ( 'NONE',  #11007 ) ;
#5888 = DIRECTION ( 'NONE',  ( 0.9999999999998616662, 5.260372866946472392E-07, 0.000000000000000000 ) ) ;
#5889 = DIRECTION ( 'NONE',  ( 0.000000000000000000, 0.000000000000000000, 1.000000000000000000 ) ) ;
#5890 = ORIENTED_EDGE ( 'NONE', *, *, #1126, .F. ) ;
#5891 = EDGE_LOOP ( 'NONE', ( #7809, #10808, #7292, #8274 ) ) ;
#5892 = CARTESIAN_POINT ( 'NONE',  ( -3.800000116697989316, 3.018084393513476016E-08, 0.000000000000000000 ) ) ;
#5893 = VECTOR ( 'NONE', #4949, 1000.000000000000000 ) ;
#5894 = EDGE_CURVE ( 'NONE', #1557, #9239, #11189, .T. ) ;
#5895 = CARTESIAN_POINT ( 'NONE',  ( -3.070000167687801707, 9.150000055594867732, 1000.000000000000000 ) ) ;
#5896 = DIRECTION ( 'NONE',  ( -0.000000000000000000, -0.000000000000000000, -1.000000000000000000 ) ) ;
#5897 = DIRECTION ( 'NONE',  ( -1.000000000000000000, 0.000000000000000000, 0.000000000000000000 ) ) ;
#5898 = ORIENTED_EDGE ( 'NONE', *, *, #49, .T. ) ;
#5899 = CARTESIAN_POINT ( 'NONE',  ( 15.62677641780198279, -8.073222469966875536, 1000.000000000000000 ) ) ;
#5900 = CARTESIAN_POINT ( 'NONE',  ( 15.29644692136327500, 8.299999394222338012, 0.000000000000000000 ) ) ;
#5901 = CARTESIAN_POINT ( 'NONE',  ( 9.999999835802853454, -9.799999803598330672, 0.000000000000000000 ) ) ;
#5902 = DIRECTION ( 'NONE',  ( -0.000000000000000000, -0.000000000000000000, -1.000000000000000000 ) ) ;
#5903 = ORIENTED_EDGE ( 'NONE', *, *, #2107, .T. ) ;
#5904 = CARTESIAN_POINT ( 'NONE',  ( 25.20000032951426405, 8.049999489505980321, 1000.000000000000000 ) ) ;
#5905 = ADVANCED_FACE ( 'NONE', ( #4740 ), #495, .F. ) ;
#5906 = CARTESIAN_POINT ( 'NONE',  ( 29.14999968900309923, -3.319998076164176748, 1000.000000000000000 ) ) ;
#5907 = FACE_OUTER_BOUND ( 'NONE', #7542, .T. ) ;
#5908 = AXIS2_PLACEMENT_3D ( 'NONE', #225, #9068, #3729 ) ;
#5909 = LINE ( 'NONE', #677, #9386 ) ;
#5910 = AXIS2_PLACEMENT_3D ( 'NONE', #2306, #5812, #8454 ) ;
#5911 = CARTESIAN_POINT ( 'NONE',  ( -3.950000101005074704, 10.00000012339513589, 1000.000000000000000 ) ) ;
#5912 = CARTESIAN_POINT ( 'NONE',  ( 28.24999683168492837, 3.070002611706798668, 0.000000000000000000 ) ) ;
#5913 = FACE_OUTER_BOUND ( 'NONE', #5418, .T. ) ;
#5914 = ORIENTED_EDGE ( 'NONE', *, *, #3498, .T. ) ;
#5915 = ORIENTED_EDGE ( 'NONE', *, *, #8539, .T. ) ;
#5916 = CIRCLE ( 'NONE', #10327, 0.2500000753375107854 ) ;
#5917 =( GEOMETRIC_REPRESENTATION_CONTEXT ( 3 ) GLOBAL_UNCERTAINTY_ASSIGNED_CONTEXT ( ( #173 ) ) GLOBAL_UNIT_ASSIGNED_CONTEXT ( ( #7602, #11111, #8347 ) ) REPRESENTATION_CONTEXT ( 'NONE', 'WORKASPACE' ) );
#5918 = DIRECTION ( 'NONE',  ( 1.000000000000000000, -0.000000000000000000, -0.000000000000000000 ) ) ;
#5919 = CIRCLE ( 'NONE', #9963, 2.999999847569633893 ) ;
#5920 = DIRECTION ( 'NONE',  ( -0.000000000000000000, -0.000000000000000000, -1.000000000000000000 ) ) ;
#5921 = DIRECTION ( 'NONE',  ( 1.000000000000000000, 0.000000000000000000, 0.000000000000000000 ) ) ;
#5922 = DIRECTION ( 'NONE',  ( -0.000000000000000000, -0.000000000000000000, -1.000000000000000000 ) ) ;
#5923 = PLANE ( 'NONE',  #7894 ) ;
#5924 = VECTOR ( 'NONE', #1051, 1000.000000000000114 ) ;
#5925 = DIRECTION ( 'NONE',  ( 0.000000000000000000, 0.000000000000000000, 1.000000000000000000 ) ) ;
#5926 = AXIS2_PLACEMENT_3D ( 'NONE', #7693, #6018, #9523 ) ;
#5927 = ORIENTED_EDGE ( 'NONE', *, *, #9418, .T. ) ;
#5928 = ORIENTED_EDGE ( 'NONE', *, *, #3617, .F. ) ;
#5929 = ORIENTED_EDGE ( 'NONE', *, *, #5859, .T. ) ;
#5930 = VERTEX_POINT ( 'NONE', #11181 ) ;
#5931 = ORIENTED_EDGE ( 'NONE', *, *, #2013, .T. ) ;
#5932 = DIRECTION ( 'NONE',  ( 1.000000000000000000, 0.000000000000000000, 0.000000000000000000 ) ) ;
#5933 = DIRECTION ( 'NONE',  ( 1.000000000000000000, 0.000000000000000000, 0.000000000000000000 ) ) ;
#5934 = AXIS2_PLACEMENT_3D ( 'NONE', #6477, #7234, #9988 ) ;
#5935 = VERTEX_POINT ( 'NONE', #4103 ) ;
#5936 = AXIS2_PLACEMENT_3D ( 'NONE', #6272, #5422, #8700 ) ;
#5937 = EDGE_CURVE ( 'NONE', #6964, #8271, #4934, .T. ) ;
#5938 = DIRECTION ( 'NONE',  ( 1.000000000000000000, 0.000000000000000000, 0.000000000000000000 ) ) ;
#5939 = EDGE_CURVE ( 'NONE', #1647, #8575, #3083, .T. ) ;
#5940 = CARTESIAN_POINT ( 'NONE',  ( 0.000000000000000000, 0.000000000000000000, 1000.000000000000000 ) ) ;
#5941 = EDGE_CURVE ( 'NONE', #7336, #5847, #361, .T. ) ;
#5942 = CARTESIAN_POINT ( 'NONE',  ( 3.320000255121510868, -8.249999719435976431, 0.000000000000000000 ) ) ;
#5943 = ADVANCED_FACE ( 'NONE', ( #8529 ), #5887, .F. ) ;
#5944 = ORIENTED_EDGE ( 'NONE', *, *, #5315, .F. ) ;
#5945 = LINE ( 'NONE', #9447, #7897 ) ;
#5946 = ORIENTED_EDGE ( 'NONE', *, *, #1789, .F. ) ;
#5947 = ORIENTED_EDGE ( 'NONE', *, *, #1176, .F. ) ;
#5948 = EDGE_CURVE ( 'NONE', #2137, #10860, #7507, .T. ) ;
#5949 = CARTESIAN_POINT ( 'NONE',  ( 23.39372188296547250, -0.8559508052926739774, 0.000000000000000000 ) ) ;
#5950 = VECTOR ( 'NONE', #8355, 1000.000000000000114 ) ;
#5951 = DIRECTION ( 'NONE',  ( -0.000000000000000000, -0.000000000000000000, -1.000000000000000000 ) ) ;
#5952 = LINE ( 'NONE', #2385, #6754 ) ;
#5953 = FACE_OUTER_BOUND ( 'NONE', #11374, .T. ) ;
#5954 = ORIENTED_EDGE ( 'NONE', *, *, #1865, .F. ) ;
#5955 = DIRECTION ( 'NONE',  ( 0.7808689439003803079, -0.6246948794826996387, -0.000000000000000000 ) ) ;
#5956 = CARTESIAN_POINT ( 'NONE',  ( 19.81847889642714122, 3.945216615397359572, 1000.000000000000000 ) ) ;
#5957 = DIRECTION ( 'NONE',  ( -0.000000000000000000, -0.000000000000000000, -1.000000000000000000 ) ) ;
#5958 = ORIENTED_EDGE ( 'NONE', *, *, #8426, .F. ) ;
#5959 = AXIS2_PLACEMENT_3D ( 'NONE', #2655, #9604, #6157 ) ;
#5960 = DIRECTION ( 'NONE',  ( 1.000000000000000000, 0.000000000000000000, 0.000000000000000000 ) ) ;
#5961 = ORIENTED_EDGE ( 'NONE', *, *, #8399, .T. ) ;
#5962 = ADVANCED_FACE ( 'NONE', ( #11020 ), #3248, .F. ) ;
#5963 = EDGE_CURVE ( 'NONE', #5608, #8016, #10309, .T. ) ;
#5964 = PLANE ( 'NONE',  #5977 ) ;
#5965 = FACE_OUTER_BOUND ( 'NONE', #9744, .T. ) ;
#5966 = VECTOR ( 'NONE', #9347, 1000.000000000000000 ) ;
#5967 = CARTESIAN_POINT ( 'NONE',  ( 3.320000043618251517, 9.400000011623204088, 1000.000000000000000 ) ) ;
#5968 = FACE_OUTER_BOUND ( 'NONE', #4679, .T. ) ;
#5969 = DIRECTION ( 'NONE',  ( -1.000000000000000000, 0.000000000000000000, 0.000000000000000000 ) ) ;
#5970 = CARTESIAN_POINT ( 'NONE',  ( 28.24999683168492837, 3.070002611706798668, 1000.000000000000000 ) ) ;
#5971 = CARTESIAN_POINT ( 'NONE',  ( 4.599999975301825472, 2.761522368914970382, 0.000000000000000000 ) ) ;
#5972 = EDGE_LOOP ( 'NONE', ( #8620, #1297, #7861, #7063 ) ) ;
#5973 = CARTESIAN_POINT ( 'NONE',  ( 28.07322269320729191, -4.373221158289170241, 0.000000000000000000 ) ) ;
#5974 = SHAPE_REPRESENTATION_RELATIONSHIP ( 'NONE' , 'NONE' ,  #10957, #7003 ) ;
#5975 = FACE_OUTER_BOUND ( 'NONE', #4246, .T. ) ;
#5976 = LINE ( 'NONE', #4314, #6577 ) ;
#5977 = AXIS2_PLACEMENT_3D ( 'NONE', #7813, #5049, #3438 ) ;
#5978 = CARTESIAN_POINT ( 'NONE',  ( 9.624306213962194434, -9.999999898994914815, 1000.000000000000000 ) ) ;
#5979 = LINE ( 'NONE', #9656, #3855 ) ;
#5980 = FACE_OUTER_BOUND ( 'NONE', #10762, .T. ) ;
#5981 = ORIENTED_EDGE ( 'NONE', *, *, #10799, .T. ) ;
#5982 = ORIENTED_EDGE ( 'NONE', *, *, #6794, .F. ) ;
#5983 = ORIENTED_EDGE ( 'NONE', *, *, #7282, .F. ) ;
#5984 = ORIENTED_EDGE ( 'NONE', *, *, #9027, .T. ) ;
#5985 = VERTEX_POINT ( 'NONE', #8475 ) ;
#5986 = DIRECTION ( 'NONE',  ( -1.000000000000000000, 0.000000000000000000, 0.000000000000000000 ) ) ;
#5987 = CARTESIAN_POINT ( 'NONE',  ( -2.050609665440989104, -2.050609665440989104, 1000.000000000000000 ) ) ;
#5988 = VERTEX_POINT ( 'NONE', #598 ) ;
#5989 = VERTEX_POINT ( 'NONE', #3196 ) ;
#5990 = CARTESIAN_POINT ( 'NONE',  ( 17.94939033455898780, -2.050609665440989104, 1000.000000000000000 ) ) ;
#5991 = DIRECTION ( 'NONE',  ( -0.000000000000000000, -0.000000000000000000, -1.000000000000000000 ) ) ;
#5992 = LINE ( 'NONE', #4159, #1894 ) ;
#5993 = ORIENTED_EDGE ( 'NONE', *, *, #6149, .T. ) ;
#5994 = DIRECTION ( 'NONE',  ( -0.000000000000000000, -0.000000000000000000, -1.000000000000000000 ) ) ;
#5995 = ORIENTED_EDGE ( 'NONE', *, *, #35, .F. ) ;
#5996 = EDGE_CURVE ( 'NONE', #9212, #6522, #10631, .T. ) ;
#5997 = ORIENTED_EDGE ( 'NONE', *, *, #4316, .T. ) ;
#5998 = CARTESIAN_POINT ( 'NONE',  ( -4.703553616209346977, 8.299999915743732970, 1000.000000000000000 ) ) ;
#5999 = EDGE_CURVE ( 'NONE', #182, #6905, #11075, .T. ) ;
#6000 = ADVANCED_FACE ( 'NONE', ( #4157 ), #442, .F. ) ;
#6002 = EDGE_CURVE ( 'NONE', #8202, #6870, #3949, .T. ) ;
#6001 = ORIENTED_EDGE ( 'NONE', *, *, #1789, .T. ) ;
#6003 = DIRECTION ( 'NONE',  ( -0.000000000000000000, -0.000000000000000000, -1.000000000000000000 ) ) ;
#6004 = CIRCLE ( 'NONE', #1245, 2.000000051034449111 ) ;
#6005 = DIRECTION ( 'NONE',  ( -0.000000000000000000, -0.000000000000000000, -1.000000000000000000 ) ) ;
#6006 = CARTESIAN_POINT ( 'NONE',  ( 3.700000044735841875, 9.399999876022635092, 0.000000000000000000 ) ) ;
#6007 = ORIENTED_EDGE ( 'NONE', *, *, #9453, .T. ) ;
#6008 = CARTESIAN_POINT ( 'NONE',  ( 28.24999933220688320, -4.196444300152229800, 1000.000000000000000 ) ) ;
#6009 = CARTESIAN_POINT ( 'NONE',  ( 4.703553306479084206, 8.299999708163419143, 1000.000000000000000 ) ) ;
#6010 = LINE ( 'NONE', #7688, #8435 ) ;
#6011 = ORIENTED_EDGE ( 'NONE', *, *, #10019, .F. ) ;
#6012 = LINE ( 'NONE', #787, #2867 ) ;
#6013 = EDGE_LOOP ( 'NONE', ( #316, #9660, #24, #2561 ) ) ;
#6014 = EDGE_CURVE ( 'NONE', #3365, #1327, #10144, .T. ) ;
#6015 = DIRECTION ( 'NONE',  ( 1.000000000000000000, 0.000000000000000000, 0.000000000000000000 ) ) ;
#6016 = ADVANCED_FACE ( 'NONE', ( #4862 ), #2219, .T. ) ;
#6017 = AXIS2_PLACEMENT_3D ( 'NONE', #7086, #7606, #526 ) ;
#6018 = DIRECTION ( 'NONE',  ( -0.000000000000000000, -0.000000000000000000, -1.000000000000000000 ) ) ;
#6019 = DIRECTION ( 'NONE',  ( 0.000000000000000000, 0.000000000000000000, 1.000000000000000000 ) ) ;
#6020 = PLANE ( 'NONE',  #8085 ) ;
#6021 = EDGE_CURVE ( 'NONE', #4376, #10848, #1406, .T. ) ;
#6022 = PLANE ( 'NONE',  #11239 ) ;
#6023 = AXIS2_PLACEMENT_3D ( 'NONE', #2559, #8715, #2680 ) ;
#6024 = DIRECTION ( 'NONE',  ( 0.000000000000000000, -0.000000000000000000, 1.000000000000000000 ) ) ;
#6025 = FACE_OUTER_BOUND ( 'NONE', #2126, .T. ) ;
#6026 = CARTESIAN_POINT ( 'NONE',  ( 2.424087059261054389, -0.6113934323519062408, 0.000000000000000000 ) ) ;
#6027 = ORIENTED_EDGE ( 'NONE', *, *, #3209, .T. ) ;
#6028 = ORIENTED_EDGE ( 'NONE', *, *, #816, .F. ) ;
#6029 = EDGE_LOOP ( 'NONE', ( #9400, #2437, #279, #5914 ) ) ;
#6030 = CARTESIAN_POINT ( 'NONE',  ( -8.300000051637836052, -4.703553445905020780, 1000.000000000000000 ) ) ;
#6031 = AXIS2_PLACEMENT_3D ( 'NONE', #1061, #3713, #4569 ) ;
#6032 = CARTESIAN_POINT ( 'NONE',  ( 19.66230507519518866, 3.749999338857418429, 0.000000000000000000 ) ) ;
#6033 = CARTESIAN_POINT ( 'NONE',  ( 16.93000030041748261, -9.149999627769133781, 0.000000000000000000 ) ) ;
#6034 = ADVANCED_FACE ( 'NONE', ( #4051 ), #7562, .F. ) ;
#6035 = LINE ( 'NONE', #1842, #1316 ) ;
#6036 = CARTESIAN_POINT ( 'NONE',  ( 2.393721882965478720, -0.8559508052926739774, 1000.000000000000000 ) ) ;
#6037 = LINE ( 'NONE', #1675, #5593 ) ;
#6038 = AXIS2_PLACEMENT_3D ( 'NONE', #583, #1497, #5818 ) ;
#6039 = ORIENTED_EDGE ( 'NONE', *, *, #671, .T. ) ;
#6040 = ORIENTED_EDGE ( 'NONE', *, *, #7419, .T. ) ;
#6041 = AXIS2_PLACEMENT_3D ( 'NONE', #8025, #6352, #42 ) ;
#6042 = ORIENTED_EDGE ( 'NONE', *, *, #6702, .F. ) ;
#6043 = EDGE_LOOP ( 'NONE', ( #5487, #8882, #3201, #9215 ) ) ;
#6044 = ORIENTED_EDGE ( 'NONE', *, *, #8706, .F. ) ;
#6045 = CARTESIAN_POINT ( 'NONE',  ( 0.000000000000000000, 0.000000000000000000, 0.000000000000000000 ) ) ;
#6046 = EDGE_CURVE ( 'NONE', #10617, #4310, #4384, .T. ) ;
#6047 = CARTESIAN_POINT ( 'NONE',  ( 2.050609665440981999, -2.050609665440989104, 1000.000000000000000 ) ) ;
#6048 = VERTEX_POINT ( 'NONE', #7954 ) ;
#6049 = VECTOR ( 'NONE', #357, 1000.000000000000000 ) ;
#6050 = DIRECTION ( 'NONE',  ( 1.000000000000000000, 0.000000000000000000, 0.000000000000000000 ) ) ;
#6051 = CYLINDRICAL_SURFACE ( 'NONE', #2493, 1.499999888241333013 ) ;
#6052 = CIRCLE ( 'NONE', #1096, 2.500000000000000444 ) ;
#6053 = CIRCLE ( 'NONE', #1646, 0.2499999204762315685 ) ;
#6054 = DIRECTION ( 'NONE',  ( -1.000000000000000000, 0.000000000000000000, 0.000000000000000000 ) ) ;
#6055 = LINE ( 'NONE', #6736, #10889 ) ;
#6056 = ORIENTED_EDGE ( 'NONE', *, *, #1749, .F. ) ;
#6057 = DIRECTION ( 'NONE',  ( 0.9999999999999987788, -4.912470419714945603E-08, 0.000000000000000000 ) ) ;
#6058 = ORIENTED_EDGE ( 'NONE', *, *, #8477, .T. ) ;
#6059 = AXIS2_PLACEMENT_3D ( 'NONE', #3442, #11156, #6760 ) ;
#6060 = ORIENTED_EDGE ( 'NONE', *, *, #9313, .T. ) ;
#6061 = AXIS2_PLACEMENT_3D ( 'NONE', #6032, #806, #4313 ) ;
#6062 = CARTESIAN_POINT ( 'NONE',  ( 25.19999940546320616, -6.604160702481292944, 1000.000000000000000 ) ) ;
#6063 = CARTESIAN_POINT ( 'NONE',  ( -4.703553616209346977, 8.299999915743732970, 1000.000000000000000 ) ) ;
#6064 = DIRECTION ( 'NONE',  ( 3.939114801982141073E-08, 0.9999999999999992228, -0.000000000000000000 ) ) ;
#6065 = VECTOR ( 'NONE', #4520, 1000.000000000000000 ) ;
#6066 = PLANE ( 'NONE',  #775 ) ;
#6067 = AXIS2_PLACEMENT_3D ( 'NONE', #7220, #2912, #9743 ) ;
#6068 = ORIENTED_EDGE ( 'NONE', *, *, #3141, .T. ) ;
#6069 = CARTESIAN_POINT ( 'NONE',  ( 17.81837695844244607, 5.999999294896182889, 0.000000000000000000 ) ) ;
#6070 = FACE_OUTER_BOUND ( 'NONE', #6930, .T. ) ;
#6071 = LINE ( 'NONE', #9574, #4578 ) ;
#6072 = VERTEX_POINT ( 'NONE', #4276 ) ;
#6074 = ADVANCED_FACE ( 'NONE', ( #10423 ), #10596, .F. ) ;
#6073 = DIRECTION ( 'NONE',  ( 0.000000000000000000, 0.000000000000000000, 1.000000000000000000 ) ) ;
#6075 = EDGE_LOOP ( 'NONE', ( #8243, #5947, #9073, #9199 ) ) ;
#6076 = ADVANCED_FACE ( 'NONE', ( #87 ), #938, .F. ) ;
#6077 = CARTESIAN_POINT ( 'NONE',  ( 28.29999769817652222, 4.703555819707591290, 0.000000000000000000 ) ) ;
#6078 = AXIS2_PLACEMENT_3D ( 'NONE', #1969, #8062, #312 ) ;
#6079 = DIRECTION ( 'NONE',  ( 0.000000000000000000, -0.000000000000000000, 1.000000000000000000 ) ) ;
#6080 = CARTESIAN_POINT ( 'NONE',  ( 4.907106893000320547, -5.897056155655485910, 1000.000000000000000 ) ) ;
#6081 = ADVANCED_FACE ( 'NONE', ( #5082 ), #6908, .F. ) ;
#6082 = DIRECTION ( 'NONE',  ( -0.7071073147009723225, 0.7071062476717202561, 0.000000000000000000 ) ) ;
#6083 = DIRECTION ( 'NONE',  ( 1.000000000000000000, 0.000000000000000000, 0.000000000000000000 ) ) ;
#6084 = DIRECTION ( 'NONE',  ( -1.000000000000000000, 0.000000000000000000, 0.000000000000000000 ) ) ;
#6085 = VECTOR ( 'NONE', #10990, 1000.000000000000000 ) ;
#6086 = EDGE_CURVE ( 'NONE', #11274, #2490, #7328, .T. ) ;
#6088 = EDGE_CURVE ( 'NONE', #9788, #6974, #7031, .T. ) ;
#6087 = CARTESIAN_POINT ( 'NONE',  ( 15.47322365656571286, 8.226776018407308655, 0.000000000000000000 ) ) ;
#6089 = EDGE_LOOP ( 'NONE', ( #3367, #342, #7036, #2038 ) ) ;
#6090 = ORIENTED_EDGE ( 'NONE', *, *, #8961, .T. ) ;
#6091 = ORIENTED_EDGE ( 'NONE', *, *, #6559, .T. ) ;
#6092 = EDGE_CURVE ( 'NONE', #4283, #4217, #1997, .T. ) ;
#6093 = LINE ( 'NONE', #6889, #431 ) ;
#6094 = VECTOR ( 'NONE', #8771, 1000.000000000000000 ) ;
#6095 = AXIS2_PLACEMENT_3D ( 'NONE', #2716, #9717, #7839 ) ;
#6096 = LINE ( 'NONE', #1840, #1837 ) ;
#6097 = DIRECTION ( 'NONE',  ( -0.000000000000000000, -0.000000000000000000, -1.000000000000000000 ) ) ;
#6098 = DIRECTION ( 'NONE',  ( 1.000000000000000000, 0.000000000000000000, 0.000000000000000000 ) ) ;
#6099 = LINE ( 'NONE', #4201, #7335 ) ;
#6100 = DIRECTION ( 'NONE',  ( -1.000000000000000000, 0.000000000000000000, 0.000000000000000000 ) ) ;
#6101 = ORIENTED_EDGE ( 'NONE', *, *, #8685, .T. ) ;
#6102 = ORIENTED_EDGE ( 'NONE', *, *, #805, .F. ) ;
#6103 = AXIS2_PLACEMENT_3D ( 'NONE', #8309, #4053, #3891 ) ;
#6104 = ORIENTED_EDGE ( 'NONE', *, *, #5746, .F. ) ;
#6105 = VECTOR ( 'NONE', #1147, 1000.000000000000000 ) ;
#6106 = ORIENTED_EDGE ( 'NONE', *, *, #8267, .F. ) ;
#6107 = EDGE_CURVE ( 'NONE', #7779, #7322, #5204, .T. ) ;
#6108 = ORIENTED_EDGE ( 'NONE', *, *, #5456, .F. ) ;
#6109 = CARTESIAN_POINT ( 'NONE',  ( 28.07322269320729191, -4.373221158289170241, 0.000000000000000000 ) ) ;
#6110 = CARTESIAN_POINT ( 'NONE',  ( 13.00000024186937608, 7.999999886392772375, 1000.000000000000000 ) ) ;
#6111 = ORIENTED_EDGE ( 'NONE', *, *, #3075, .T. ) ;
#6112 = CIRCLE ( 'NONE', #5211, 0.5999999818872905344 ) ;
#6113 = FACE_OUTER_BOUND ( 'NONE', #4265, .T. ) ;
#6114 = AXIS2_PLACEMENT_3D ( 'NONE', #5106, #2846, #8074 ) ;
#6115 = DIRECTION ( 'NONE',  ( 0.000000000000000000, 0.000000000000000000, 1.000000000000000000 ) ) ;
#6116 = CARTESIAN_POINT ( 'NONE',  ( 5.200000113886882325, -6.604162861958459807, 1000.000000000000000 ) ) ;
#6117 = EDGE_CURVE ( 'NONE', #9951, #11140, #2723, .T. ) ;
#6118 = ORIENTED_EDGE ( 'NONE', *, *, #8749, .T. ) ;
#6119 = LINE ( 'NONE', #770, #10843 ) ;
#6120 = EDGE_LOOP ( 'NONE', ( #9733, #2544, #5195, #220 ) ) ;
#6121 = ORIENTED_EDGE ( 'NONE', *, *, #4715, .F. ) ;
#6122 = VECTOR ( 'NONE', #5341, 1000.000000000000000 ) ;
#6123 = DIRECTION ( 'NONE',  ( 0.000000000000000000, 0.000000000000000000, 1.000000000000000000 ) ) ;
#6124 = FACE_OUTER_BOUND ( 'NONE', #3516, .T. ) ;
#6125 = CARTESIAN_POINT ( 'NONE',  ( -3.945217254983764299, -0.1815214727701045527, 0.000000000000000000 ) ) ;
#6126 = CIRCLE ( 'NONE', #1180, 0.2500000949949013895 ) ;
#6127 = CARTESIAN_POINT ( 'NONE',  ( 3.070000301836649292, -8.249999674732485744, 1000.000000000000000 ) ) ;
#6128 = ORIENTED_EDGE ( 'NONE', *, *, #9540, .F. ) ;
#6129 = DIRECTION ( 'NONE',  ( 1.000000000000000000, 0.000000000000000000, 0.000000000000000000 ) ) ;
#6130 = CARTESIAN_POINT ( 'NONE',  ( -7.600000000000009415, 7.599999999999996092, 1000.000000000000000 ) ) ;
#6131 = VERTEX_POINT ( 'NONE', #8584 ) ;
#6132 = LINE ( 'NONE', #668, #8372 ) ;
#6133 = ORIENTED_EDGE ( 'NONE', *, *, #9725, .F. ) ;
#6134 = AXIS2_PLACEMENT_3D ( 'NONE', #9548, #3571, #926 ) ;
#6135 = DIRECTION ( 'NONE',  ( 1.000000000000000000, 0.000000000000000000, 0.000000000000000000 ) ) ;
#6136 = CYLINDRICAL_SURFACE ( 'NONE', #7167, 1.999999905005097389 ) ;
#6137 = EDGE_CURVE ( 'NONE', #6072, #7552, #3416, .T. ) ;
#6138 = AXIS2_PLACEMENT_3D ( 'NONE', #7476, #3971, #10118 ) ;
#6139 = DIRECTION ( 'NONE',  ( -0.000000000000000000, -0.000000000000000000, -1.000000000000000000 ) ) ;
#6140 = DIRECTION ( 'NONE',  ( 1.000000000000000000, 0.000000000000000000, 0.000000000000000000 ) ) ;
#6141 = CARTESIAN_POINT ( 'NONE',  ( 28.04999907568971196, -4.949997762860674833, 0.000000000000000000 ) ) ;
#6142 = PLANE ( 'NONE',  #5245 ) ;
#6143 = ORIENTED_EDGE ( 'NONE', *, *, #2520, .F. ) ;
#6144 = ORIENTED_EDGE ( 'NONE', *, *, #3709, .F. ) ;
#6145 = EDGE_LOOP ( 'NONE', ( #988, #4163, #9663, #9492 ) ) ;
#6146 = EDGE_CURVE ( 'NONE', #11175, #3629, #707, .T. ) ;
#6147 = CIRCLE ( 'NONE', #1198, 0.2499999172870283337 ) ;
#6148 = DIRECTION ( 'NONE',  ( -0.000000000000000000, -0.000000000000000000, -1.000000000000000000 ) ) ;
#6149 = EDGE_CURVE ( 'NONE', #8575, #11301, #8705, .T. ) ;
#6150 = ADVANCED_FACE ( 'NONE', ( #1627 ), #9674, .F. ) ;
#6151 = EDGE_CURVE ( 'NONE', #416, #7115, #1271, .T. ) ;
#6152 = CARTESIAN_POINT ( 'NONE',  ( -2.181623320331199878, -3.999999999986361576, 0.000000000000000000 ) ) ;
#6153 = LINE ( 'NONE', #9653, #8783 ) ;
#6154 = DIRECTION ( 'NONE',  ( -0.000000000000000000, -0.000000000000000000, -1.000000000000000000 ) ) ;
#6155 = DIRECTION ( 'NONE',  ( -0.000000000000000000, -0.000000000000000000, -1.000000000000000000 ) ) ;
#6156 = VECTOR ( 'NONE', #5902, 1000.000000000000000 ) ;
#6157 = DIRECTION ( 'NONE',  ( 1.000000000000000000, 0.000000000000000000, 0.000000000000000000 ) ) ;
#6158 = ORIENTED_EDGE ( 'NONE', *, *, #9237, .T. ) ;
#6159 = ORIENTED_EDGE ( 'NONE', *, *, #8683, .F. ) ;
#6160 = VERTEX_POINT ( 'NONE', #2669 ) ;
#6161 = ORIENTED_EDGE ( 'NONE', *, *, #7656, .T. ) ;
#6162 = ORIENTED_EDGE ( 'NONE', *, *, #461, .T. ) ;
#6163 = CARTESIAN_POINT ( 'NONE',  ( 25.20000032951426405, 6.604162250497244813, 0.000000000000000000 ) ) ;
#6164 = CARTESIAN_POINT ( 'NONE',  ( 9.999999835802853454, -9.799999803598330672, 0.000000000000000000 ) ) ;
#6165 = CIRCLE ( 'NONE', #10949, 0.2500000070780848960 ) ;
#6166 = DIRECTION ( 'NONE',  ( 0.9999999999999946709, 1.030353633468727792E-07, -0.000000000000000000 ) ) ;
#6167 = DIRECTION ( 'NONE',  ( 0.000000000000000000, 0.000000000000000000, 1.000000000000000000 ) ) ;
#6168 = CARTESIAN_POINT ( 'NONE',  ( -3.320000099887525202, 9.150000055594867732, 0.000000000000000000 ) ) ;
#6169 = EDGE_CURVE ( 'NONE', #8423, #3088, #5312, .T. ) ;
#6170 = EDGE_CURVE ( 'NONE', #10245, #1137, #5117, .T. ) ;
#6171 = CARTESIAN_POINT ( 'NONE',  ( -4.373223472391157607, 8.073223360298239726, 1000.000000000000000 ) ) ;
#6172 = VERTEX_POINT ( 'NONE', #5263 ) ;
#6173 = VERTEX_POINT ( 'NONE', #7898 ) ;
#6174 = VECTOR ( 'NONE', #4125, 1000.000000000000114 ) ;
#6175 = ORIENTED_EDGE ( 'NONE', *, *, #9251, .F. ) ;
#6176 = DIRECTION ( 'NONE',  ( 0.000000000000000000, 0.000000000000000000, 1.000000000000000000 ) ) ;
#6177 = VECTOR ( 'NONE', #9392, 1000.000000000000000 ) ;
#6178 = CARTESIAN_POINT ( 'NONE',  ( 23.99999905012674262, -0.3376927403625773483, 0.000000000000000000 ) ) ;
#6179 = LINE ( 'NONE', #1529, #10701 ) ;
#6180 = ORIENTED_EDGE ( 'NONE', *, *, #7227, .F. ) ;
#6181 = DIRECTION ( 'NONE',  ( -0.6246943452189793744, 0.7808693713108681989, 0.000000000000000000 ) ) ;
#6182 = LINE ( 'NONE', #10674, #6983 ) ;
#6183 = ORIENTED_EDGE ( 'NONE', *, *, #8142, .T. ) ;
#6184 = CARTESIAN_POINT ( 'NONE',  ( -3.749999978444454207, -0.3376952940015581772, 1000.000000000000000 ) ) ;
#6185 = VERTEX_POINT ( 'NONE', #880 ) ;
#6186 = CARTESIAN_POINT ( 'NONE',  ( 16.04999999732799409, -9.999999892116465006, 0.000000000000000000 ) ) ;
#6187 = EDGE_CURVE ( 'NONE', #1481, #5543, #8813, .T. ) ;
#6188 = DIRECTION ( 'NONE',  ( 0.7071062476717202561, 0.7071073147009723225, -0.000000000000000000 ) ) ;
#6189 = CARTESIAN_POINT ( 'NONE',  ( 16.92999980262560911, 9.149999626758081206, 0.000000000000000000 ) ) ;
#6190 = ORIENTED_EDGE ( 'NONE', *, *, #5941, .T. ) ;
#6191 = DIRECTION ( 'NONE',  ( 1.000000000000000000, 0.000000000000000000, 0.000000000000000000 ) ) ;
#6192 = CARTESIAN_POINT ( 'NONE',  ( 16.04999998218452362, 9.749999694558225016, 1000.000000000000000 ) ) ;
#6193 = CARTESIAN_POINT ( 'NONE',  ( 6.224264087271771828, -5.234314527246279880, 1000.000000000000000 ) ) ;
#6194 = ORIENTED_EDGE ( 'NONE', *, *, #1255, .F. ) ;
#6195 = VECTOR ( 'NONE', #4759, 1000.000000000000000 ) ;
#6196 = ORIENTED_EDGE ( 'NONE', *, *, #5240, .F. ) ;
#6197 = CARTESIAN_POINT ( 'NONE',  ( -4.196446777094520186, 8.000000055594869153, 1000.000000000000000 ) ) ;
#6198 = SHAPE_DEFINITION_REPRESENTATION ( #5618, #10957 ) ;
#6199 = CYLINDRICAL_SURFACE ( 'NONE', #4953, 2.000000000000022649 ) ;
#6200 = VECTOR ( 'NONE', #4088, 1000.000000000000000 ) ;
#6201 = CARTESIAN_POINT ( 'NONE',  ( 26.60416040461126386, 5.200002606438131281, 1000.000000000000000 ) ) ;
#6202 = LINE ( 'NONE', #7881, #3151 ) ;
#6203 = DIRECTION ( 'NONE',  ( -0.9999999999999885647, 1.518813391128282768E-07, 0.000000000000000000 ) ) ;
#6204 = DIRECTION ( 'NONE',  ( -0.000000000000000000, -0.000000000000000000, -1.000000000000000000 ) ) ;
#6205 = ORIENTED_EDGE ( 'NONE', *, *, #3480, .T. ) ;
#6206 = ORIENTED_EDGE ( 'NONE', *, *, #1591, .F. ) ;
#6207 = EDGE_CURVE ( 'NONE', #9759, #84, #4941, .T. ) ;
#6208 = EDGE_LOOP ( 'NONE', ( #9665, #1455, #798, #1617 ) ) ;
#6209 = EDGE_CURVE ( 'NONE', #2858, #3189, #2373, .T. ) ;
#6210 = ORIENTED_EDGE ( 'NONE', *, *, #7982, .F. ) ;
#6211 = AXIS2_PLACEMENT_3D ( 'NONE', #8879, #3427, #3481 ) ;
#6212 = EDGE_CURVE ( 'NONE', #3629, #10284, #1856, .T. ) ;
#6213 = EDGE_LOOP ( 'NONE', ( #3393, #10549, #6675, #9552 ) ) ;
#6214 = CARTESIAN_POINT ( 'NONE',  ( 24.70355370371647652, 8.049999146034519271, 1000.000000000000000 ) ) ;
#6215 = CARTESIAN_POINT ( 'NONE',  ( -3.700000101005074260, 9.399999987794574352, 1000.000000000000000 ) ) ;
#6216 = ORIENTED_EDGE ( 'NONE', *, *, #4079, .F. ) ;
#6217 = ORIENTED_EDGE ( 'NONE', *, *, #11283, .T. ) ;
#6218 = CARTESIAN_POINT ( 'NONE',  ( 16.29999987042587506, 9.749999694558225016, 1000.000000000000000 ) ) ;
#6219 = AXIS2_PLACEMENT_3D ( 'NONE', #5719, #8368, #5830 ) ;
#6220 = EDGE_CURVE ( 'NONE', #9503, #2660, #9169, .T. ) ;
#6221 = DIRECTION ( 'NONE',  ( -0.000000000000000000, -0.000000000000000000, -1.000000000000000000 ) ) ;
#6222 = DIRECTION ( 'NONE',  ( -0.000000000000000000, -0.000000000000000000, -1.000000000000000000 ) ) ;
#6223 = EDGE_CURVE ( 'NONE', #1848, #3110, #3298, .T. ) ;
#6224 = ORIENTED_EDGE ( 'NONE', *, *, #3661, .F. ) ;
#6225 = VERTEX_POINT ( 'NONE', #7376 ) ;
#6226 = EDGE_CURVE ( 'NONE', #11064, #7611, #10264, .T. ) ;
#6227 = ORIENTED_EDGE ( 'NONE', *, *, #1266, .T. ) ;
#6228 = DIRECTION ( 'NONE',  ( 1.000000000000000000, 0.000000000000000000, 0.000000000000000000 ) ) ;
#6229 = LINE ( 'NONE', #1057, #8623 ) ;
#6230 = EDGE_CURVE ( 'NONE', #9631, #1430, #8980, .T. ) ;
#6231 = VECTOR ( 'NONE', #10080, 1000.000000000000000 ) ;
#6232 = DIRECTION ( 'NONE',  ( 1.000000000000000000, 0.000000000000000000, 0.000000000000000000 ) ) ;
#6233 = CARTESIAN_POINT ( 'NONE',  ( 17.14939033455899065, -2.050609665440989104, 1000.000000000000000 ) ) ;
#6234 = ORIENTED_EDGE ( 'NONE', *, *, #1237, .F. ) ;
#6235 = CIRCLE ( 'NONE', #2562, 0.2499998882413007051 ) ;
#6236 = CARTESIAN_POINT ( 'NONE',  ( 3.950000044177011560, 10.00000001106443648, 0.000000000000000000 ) ) ;
#6237 = DIRECTION ( 'NONE',  ( -1.000000000000000000, 0.000000000000000000, 0.000000000000000000 ) ) ;
#6238 = ORIENTED_EDGE ( 'NONE', *, *, #7844, .T. ) ;
#6239 = VECTOR ( 'NONE', #6459, 1000.000000000000114 ) ;
#6240 = DIRECTION ( 'NONE',  ( -0.000000000000000000, -0.000000000000000000, -1.000000000000000000 ) ) ;
#6241 = VECTOR ( 'NONE', #8349, 1000.000000000000000 ) ;
#6242 = EDGE_LOOP ( 'NONE', ( #11184, #6040, #3404, #376 ) ) ;
#6243 = LINE ( 'NONE', #5390, #7650 ) ;
#6244 = EDGE_CURVE ( 'NONE', #4729, #2019, #313, .T. ) ;
#6245 = CIRCLE ( 'NONE', #2029, 1.499999888241330348 ) ;
#6246 = CIRCLE ( 'NONE', #10473, 0.2499999351799463976 ) ;
#6247 = CARTESIAN_POINT ( 'NONE',  ( 15.29644692136327500, 8.049999469559809384, 1000.000000000000000 ) ) ;
#6248 = CARTESIAN_POINT ( 'NONE',  ( -3.595836833257993970, -4.585786409789892382, 1000.000000000000000 ) ) ;
#6249 = LINE ( 'NONE', #1022, #9864 ) ;
#6250 = CARTESIAN_POINT ( 'NONE',  ( 20.85595080529266454, 3.393721882965480940, 1000.000000000000000 ) ) ;
#6251 = DIRECTION ( 'NONE',  ( 1.000000000000000000, 0.000000000000000000, 0.000000000000000000 ) ) ;
#6252 = ORIENTED_EDGE ( 'NONE', *, *, #10285, .T. ) ;
#6253 = DIRECTION ( 'NONE',  ( -1.030353633468727792E-07, 0.9999999999999946709, 0.000000000000000000 ) ) ;
#6254 = EDGE_CURVE ( 'NONE', #7665, #2217, #1050, .T. ) ;
#6255 = VERTEX_POINT ( 'NONE', #8182 ) ;
#6256 = AXIS2_PLACEMENT_3D ( 'NONE', #1825, #8838, #9122 ) ;
#6257 = ORIENTED_EDGE ( 'NONE', *, *, #10792, .T. ) ;
#6258 = LINE ( 'NONE', #10630, #8497 ) ;
#6259 = CARTESIAN_POINT ( 'NONE',  ( -3.950000111758708687, -10.00000011175866632, 1000.000000000000000 ) ) ;
#6260 = DIRECTION ( 'NONE',  ( 0.7071066945516583102, 0.7071068678214261771, -0.000000000000000000 ) ) ;
#6261 = AXIS2_PLACEMENT_3D ( 'NONE', #9707, #8740, #5184 ) ;
#6262 = CARTESIAN_POINT ( 'NONE',  ( 23.39372188296547250, 0.8559508052926600996, 1000.000000000000000 ) ) ;
#6263 = CARTESIAN_POINT ( 'NONE',  ( -0.8559508052926739774, 3.393721882965480940, 0.000000000000000000 ) ) ;
#6264 = CARTESIAN_POINT ( 'NONE',  ( 2.424087059261053057, 0.6113934323519051306, 1000.000000000000000 ) ) ;
#6265 = ORIENTED_EDGE ( 'NONE', *, *, #10160, .T. ) ;
#6266 = EDGE_LOOP ( 'NONE', ( #9168, #7432, #3922, #408 ) ) ;
#6267 = ORIENTED_EDGE ( 'NONE', *, *, #9253, .F. ) ;
#6268 = ORIENTED_EDGE ( 'NONE', *, *, #4678, .T. ) ;
#6269 = VECTOR ( 'NONE', #6820, 1000.000000000000000 ) ;
#6270 = ORIENTED_EDGE ( 'NONE', *, *, #1263, .F. ) ;
#6271 = DIRECTION ( 'NONE',  ( 0.000000000000000000, 0.000000000000000000, 1.000000000000000000 ) ) ;
#6272 = CARTESIAN_POINT ( 'NONE',  ( -9.750000213322500997, 3.950000235153863670, 1000.000000000000000 ) ) ;
#6273 = DIRECTION ( 'NONE',  ( -0.000000000000000000, -0.000000000000000000, -1.000000000000000000 ) ) ;
#6274 = DIRECTION ( 'NONE',  ( -9.516871885576335902E-07, 0.9999999999995470290, -0.000000000000000000 ) ) ;
#6275 = CYLINDRICAL_SURFACE ( 'NONE', #1826, 0.2499999994416864102 ) ;
#6276 = AXIS2_PLACEMENT_3D ( 'NONE', #7869, #3499, #9642 ) ;
#6277 = LINE ( 'NONE', #4617, #4644 ) ;
#6278 = FACE_OUTER_BOUND ( 'NONE', #3864, .T. ) ;
#6279 = AXIS2_PLACEMENT_3D ( 'NONE', #5760, #1492, #9202 ) ;
#6280 = ORIENTED_EDGE ( 'NONE', *, *, #6660, .T. ) ;
#6281 = EDGE_LOOP ( 'NONE', ( #8196, #8189, #3833, #7470 ) ) ;
#6282 = FACE_OUTER_BOUND ( 'NONE', #1179, .T. ) ;
#6283 = CYLINDRICAL_SURFACE ( 'NONE', #10462, 0.2499999994412444859 ) ;
#6284 = EDGE_CURVE ( 'NONE', #7551, #10848, #2935, .T. ) ;
#6285 = DIRECTION ( 'NONE',  ( -1.000000000000000000, 0.000000000000000000, 0.000000000000000000 ) ) ;
#6286 = VECTOR ( 'NONE', #6982, 1000.000000000000000 ) ;
#6287 = ORIENTED_EDGE ( 'NONE', *, *, #2929, .F. ) ;
#6288 = EDGE_CURVE ( 'NONE', #2842, #2605, #11378, .T. ) ;
#6289 = VECTOR ( 'NONE', #8850, 1000.000000000000000 ) ;
#6290 = EDGE_CURVE ( 'NONE', #118, #550, #4768, .T. ) ;
#6291 = ADVANCED_FACE ( 'NONE', ( #1970 ), #8064, .F. ) ;
#6292 = CARTESIAN_POINT ( 'NONE',  ( -0.3376954256355604866, 3.749999850923668721, 1000.000000000000000 ) ) ;
#6293 = CARTESIAN_POINT ( 'NONE',  ( 16.30000012249772823, -9.749999968112238236, 1000.000000000000000 ) ) ;
#6294 = CARTESIAN_POINT ( 'NONE',  ( 20.00000000000000355, 0.000000000000000000, 1000.000000000000000 ) ) ;
#6295 = DIRECTION ( 'NONE',  ( -3.568436106276831020E-07, -0.9999999999999363842, 0.000000000000000000 ) ) ;
#6296 = AXIS2_PLACEMENT_3D ( 'NONE', #4556, #5367, #10599 ) ;
#6297 = EDGE_CURVE ( 'NONE', #4308, #4430, #5591, .T. ) ;
#6298 = ORIENTED_EDGE ( 'NONE', *, *, #9114, .T. ) ;
#6299 = DIRECTION ( 'NONE',  ( -0.7071067498443671662, 0.7071068125287263140, 0.000000000000000000 ) ) ;
#6300 = VECTOR ( 'NONE', #409, 1000.000000000000000 ) ;
#6301 = ORIENTED_EDGE ( 'NONE', *, *, #7284, .T. ) ;
#6302 = LINE ( 'NONE', #5445, #2320 ) ;
#6303 = VECTOR ( 'NONE', #1075, 1000.000000000000000 ) ;
#6304 = VECTOR ( 'NONE', #364, 1000.000000000000000 ) ;
#6305 = CARTESIAN_POINT ( 'NONE',  ( 25.20000032951426405, 8.049999489505980321, 1000.000000000000000 ) ) ;
#6306 = CARTESIAN_POINT ( 'NONE',  ( -5.200000160796019344, 8.049999850923681421, 1000.000000000000000 ) ) ;
#6307 = ORIENTED_EDGE ( 'NONE', *, *, #7353, .F. ) ;
#6308 = CARTESIAN_POINT ( 'NONE',  ( 23.07000072358898635, 9.149999428177721938, 1000.000000000000000 ) ) ;
#6309 = EDGE_CURVE ( 'NONE', #3027, #1410, #7199, .T. ) ;
#6310 = CARTESIAN_POINT ( 'NONE',  ( -8.226776687064896620, -4.526776724672429530, 1000.000000000000000 ) ) ;
#6311 =( NAMED_UNIT ( * ) SI_UNIT ( $, .STERADIAN. ) SOLID_ANGLE_UNIT ( ) );
#6312 = ORIENTED_EDGE ( 'NONE', *, *, #6046, .T. ) ;
#6313 = EDGE_CURVE ( 'NONE', #10192, #10270, #10712, .T. ) ;
#6314 = DIRECTION ( 'NONE',  ( -0.9999999999999946709, -1.030353633468727792E-07, 0.000000000000000000 ) ) ;
#6315 = ORIENTED_EDGE ( 'NONE', *, *, #7769, .T. ) ;
#6316 = AXIS2_PLACEMENT_3D ( 'NONE', #3211, #6700, #10214 ) ;
#6317 = EDGE_LOOP ( 'NONE', ( #655, #4348, #5530, #6268 ) ) ;
#6318 = CARTESIAN_POINT ( 'NONE',  ( 24.19644703095001503, 7.999998949105764368, 1000.000000000000000 ) ) ;
#6319 = CYLINDRICAL_SURFACE ( 'NONE', #1107, 0.2500001773238259561 ) ;
#6320 = CARTESIAN_POINT ( 'NONE',  ( 28.50000104157966874, 9.999998500431178883, 1000.000000000000000 ) ) ;
#6321 = CARTESIAN_POINT ( 'NONE',  ( 24.20000042994506373, 6.604162250497244813, 1000.000000000000000 ) ) ;
#6322 = FACE_OUTER_BOUND ( 'NONE', #10490, .T. ) ;
#6323 = LINE ( 'NONE', #7247, #3955 ) ;
#6324 = ORIENTED_EDGE ( 'NONE', *, *, #7007, .T. ) ;
#6325 = EDGE_LOOP ( 'NONE', ( #3127, #3023, #7443, #9262 ) ) ;
#6326 = VECTOR ( 'NONE', #7941, 1000.000000000000000 ) ;
#6327 = EDGE_LOOP ( 'NONE', ( #9448, #11197, #7320, #19 ) ) ;
#6328 = VERTEX_POINT ( 'NONE', #5365 ) ;
#6329 = EDGE_LOOP ( 'NONE', ( #4879, #2366, #11013, #4150 ) ) ;
#6330 = DIRECTION ( 'NONE',  ( 0.000000000000000000, 0.000000000000000000, 1.000000000000000000 ) ) ;
#6331 = CYLINDRICAL_SURFACE ( 'NONE', #9249, 1.500000000000001332 ) ;
#6332 = CARTESIAN_POINT ( 'NONE',  ( -8.250000260037616329, 3.070000281310325541, 1000.000000000000000 ) ) ;
#6333 = AXIS2_PLACEMENT_3D ( 'NONE', #10108, #3214, #5796 ) ;
#6334 = CARTESIAN_POINT ( 'NONE',  ( 4.000000189989806110, -2.761522307991981506, 0.000000000000000000 ) ) ;
#6335 = CARTESIAN_POINT ( 'NONE',  ( 29.39999749776685434, 3.699998947466240473, 1000.000000000000000 ) ) ;
#6336 = FACE_OUTER_BOUND ( 'NONE', #8915, .T. ) ;
#6337 = DIRECTION ( 'NONE',  ( -5.260372866946472392E-07, 0.9999999999998616662, 0.000000000000000000 ) ) ;
#6338 = ORIENTED_EDGE ( 'NONE', *, *, #9281, .T. ) ;
#6339 = ORIENTED_EDGE ( 'NONE', *, *, #11005, .F. ) ;
#6340 = ORIENTED_EDGE ( 'NONE', *, *, #6002, .F. ) ;
#6341 = AXIS2_PLACEMENT_3D ( 'NONE', #1534, #10269, #2393 ) ;
#6342 = CYLINDRICAL_SURFACE ( 'NONE', #8938, 2.999999782071599785 ) ;
#6343 = LINE ( 'NONE', #7095, #8460 ) ;
#6344 = PLANE ( 'NONE',  #2441 ) ;
#6345 = EDGE_LOOP ( 'NONE', ( #621, #11244, #1436, #10628 ) ) ;
#6346 = DIRECTION ( 'NONE',  ( -0.000000000000000000, -0.000000000000000000, -1.000000000000000000 ) ) ;
#6347 = CIRCLE ( 'NONE', #4340, 0.2499998100102011622 ) ;
#6348 = DIRECTION ( 'NONE',  ( 1.000000000000000000, 0.000000000000000000, 0.000000000000000000 ) ) ;
#6349 = EDGE_LOOP ( 'NONE', ( #6298, #11229, #9565, #9625 ) ) ;
#6350 = ADVANCED_FACE ( 'NONE', ( #2777 ), #6275, .T. ) ;
#6351 = DIRECTION ( 'NONE',  ( -0.000000000000000000, -0.000000000000000000, -1.000000000000000000 ) ) ;
#6352 = DIRECTION ( 'NONE',  ( 0.6246939414086903897, 0.7808696943583326444, -0.000000000000000000 ) ) ;
#6353 = VERTEX_POINT ( 'NONE', #6335 ) ;
#6354 = DIRECTION ( 'NONE',  ( -1.000000000000000000, 0.000000000000000000, 0.000000000000000000 ) ) ;
#6355 = ADVANCED_FACE ( 'NONE', ( #3760 ), #7258, .F. ) ;
#6356 = EDGE_LOOP ( 'NONE', ( #8744, #6158, #9774, #9142 ) ) ;
#6357 = ORIENTED_EDGE ( 'NONE', *, *, #6842, .T. ) ;
#6358 = EDGE_CURVE ( 'NONE', #1708, #349, #4848, .T. ) ;
#6359 = ADVANCED_FACE ( 'NONE', ( #7608 ), #9149, .F. ) ;
#6360 = CARTESIAN_POINT ( 'NONE',  ( 0.000000000000000000, 0.000000000000000000, 1000.000000000000000 ) ) ;
#6361 = VECTOR ( 'NONE', #4979, 1000.000000000000000 ) ;
#6362 = CARTESIAN_POINT ( 'NONE',  ( -9.999999989246326493, 8.500000697089852508, 0.000000000000000000 ) ) ;
#6363 = LINE ( 'NONE', #2808, #10880 ) ;
#6364 = EDGE_CURVE ( 'NONE', #8679, #10536, #6620, .T. ) ;
#6365 = LINE ( 'NONE', #9816, #4045 ) ;
#6366 = CARTESIAN_POINT ( 'NONE',  ( -9.399999752640761486, -3.700000111758763754, 0.000000000000000000 ) ) ;
#6367 = CARTESIAN_POINT ( 'NONE',  ( 4.000000189989806110, -2.761522307991981506, 1000.000000000000000 ) ) ;
#6368 = ORIENTED_EDGE ( 'NONE', *, *, #8602, .F. ) ;
#6369 = FACE_OUTER_BOUND ( 'NONE', #4793, .T. ) ;
#6370 = EDGE_CURVE ( 'NONE', #7875, #5824, #9370, .T. ) ;
#6371 = ORIENTED_EDGE ( 'NONE', *, *, #5878, .T. ) ;
#6372 = ORIENTED_EDGE ( 'NONE', *, *, #8133, .F. ) ;
#6373 = CARTESIAN_POINT ( 'NONE',  ( 17.94939033455898780, -2.050609665440989104, 0.000000000000000000 ) ) ;
#6374 = ADVANCED_FACE ( 'NONE', ( #9266 ), #10069, .T. ) ;
#6375 = CARTESIAN_POINT ( 'NONE',  ( 24.70355286087617941, -8.299997791155394822, 0.000000000000000000 ) ) ;
#6376 = DIRECTION ( 'NONE',  ( -0.000000000000000000, -0.000000000000000000, -1.000000000000000000 ) ) ;
#6377 = DIRECTION ( 'NONE',  ( -0.000000000000000000, -0.000000000000000000, -1.000000000000000000 ) ) ;
#6378 = AXIS2_PLACEMENT_3D ( 'NONE', #1972, #5595, #4557 ) ;
#6379 = CARTESIAN_POINT ( 'NONE',  ( -8.049999974682753745, 4.703553494566054205, 0.000000000000000000 ) ) ;
#6380 = CARTESIAN_POINT ( 'NONE',  ( 4.196446644081398780, -8.000000146130739509, 0.000000000000000000 ) ) ;
#6381 = ORIENTED_EDGE ( 'NONE', *, *, #7603, .T. ) ;
#6382 = ORIENTED_EDGE ( 'NONE', *, *, #6941, .T. ) ;
#6383 = ORIENTED_EDGE ( 'NONE', *, *, #1662, .T. ) ;
#6384 = PLANE ( 'NONE',  #2793 ) ;
#6385 = AXIS2_PLACEMENT_3D ( 'NONE', #480, #10185, #9264 ) ;
#6386 = FACE_OUTER_BOUND ( 'NONE', #4473, .T. ) ;
#6387 = EDGE_CURVE ( 'NONE', #7665, #9227, #483, .T. ) ;
#6388 = CARTESIAN_POINT ( 'NONE',  ( 0.000000000000000000, 0.000000000000000000, 1000.000000000000000 ) ) ;
#6389 = DIRECTION ( 'NONE',  ( 0.000000000000000000, 0.000000000000000000, 1.000000000000000000 ) ) ;
#6390 = DIRECTION ( 'NONE',  ( -0.000000000000000000, -0.000000000000000000, -1.000000000000000000 ) ) ;
#6391 = LINE ( 'NONE', #8927, #5924 ) ;
#6392 = PLANE ( 'NONE',  #1371 ) ;
#6393 = ORIENTED_EDGE ( 'NONE', *, *, #11371, .T. ) ;
#6394 = ORIENTED_EDGE ( 'NONE', *, *, #4017, .F. ) ;
#6395 = EDGE_CURVE ( 'NONE', #7235, #8081, #6955, .T. ) ;
#6396 = ORIENTED_EDGE ( 'NONE', *, *, #1517, .T. ) ;
#6397 = VERTEX_POINT ( 'NONE', #3121 ) ;
#6398 = CARTESIAN_POINT ( 'NONE',  ( 28.07322141253985848, 4.373225564130556187, 1000.000000000000000 ) ) ;
#6399 = CARTESIAN_POINT ( 'NONE',  ( -4.703553371170891673, -8.049999873677688100, 1000.000000000000000 ) ) ;
#6400 = FACE_OUTER_BOUND ( 'NONE', #294, .T. ) ;
#6401 = CARTESIAN_POINT ( 'NONE',  ( 0.1815215961652738574, -3.945217153978691549, 1000.000000000000000 ) ) ;
#6402 = ORIENTED_EDGE ( 'NONE', *, *, #1300, .T. ) ;
#6403 = VECTOR ( 'NONE', #8200, 1000.000000000000000 ) ;
#6404 = DIRECTION ( 'NONE',  ( 0.000000000000000000, 1.000000000000000000, -0.000000000000000000 ) ) ;
#6405 = CARTESIAN_POINT ( 'NONE',  ( 28.50000102667847557, 8.499998612189891389, 1000.000000000000000 ) ) ;
#6406 = CARTESIAN_POINT ( 'NONE',  ( 16.30000012249772823, -9.399999631345995255, 0.000000000000000000 ) ) ;
#6407 = FACE_OUTER_BOUND ( 'NONE', #11235, .T. ) ;
#6408 = VERTEX_POINT ( 'NONE', #1277 ) ;
#6409 = VECTOR ( 'NONE', #7438, 1000.000000000000000 ) ;
#6410 = ORIENTED_EDGE ( 'NONE', *, *, #5209, .T. ) ;
#6411 = AXIS2_PLACEMENT_3D ( 'NONE', #6987, #6928, #10442 ) ;
#6412 = CARTESIAN_POINT ( 'NONE',  ( 3.320000255121510868, -7.999999766151117520, 0.000000000000000000 ) ) ;
#6413 = CARTESIAN_POINT ( 'NONE',  ( 0.000000000000000000, 0.000000000000000000, 1000.000000000000000 ) ) ;
#6414 = VECTOR ( 'NONE', #4542, 1000.000000000000000 ) ;
#6415 = AXIS2_PLACEMENT_3D ( 'NONE', #1183, #4626, #3772 ) ;
#6416 = CYLINDRICAL_SURFACE ( 'NONE', #9950, 0.2499998100102011622 ) ;
#6417 = AXIS2_PLACEMENT_3D ( 'NONE', #1630, #11302, #6973 ) ;
#6418 = DIRECTION ( 'NONE',  ( 1.000000000000000000, -0.000000000000000000, -0.000000000000000000 ) ) ;
#6419 = FACE_OUTER_BOUND ( 'NONE', #8937, .T. ) ;
#6420 = FACE_OUTER_BOUND ( 'NONE', #5206, .T. ) ;
#6421 = DIRECTION ( 'NONE',  ( -0.9999999999999363842, 3.568429372102481070E-07, 0.000000000000000000 ) ) ;
#6422 = ORIENTED_EDGE ( 'NONE', *, *, #7431, .T. ) ;
#6423 = ADVANCED_FACE ( 'NONE', ( #9318 ), #2260, .T. ) ;
#6424 = DIRECTION ( 'NONE',  ( 7.700624194737733620E-08, 0.9999999999999970024, 0.000000000000000000 ) ) ;
#6425 = ORIENTED_EDGE ( 'NONE', *, *, #4540, .F. ) ;
#6426 = ORIENTED_EDGE ( 'NONE', *, *, #2641, .F. ) ;
#6427 = AXIS2_PLACEMENT_3D ( 'NONE', #4356, #8670, #7868 ) ;
#6428 = CARTESIAN_POINT ( 'NONE',  ( 23.32000042154285069, 8.249999139095187672, 0.000000000000000000 ) ) ;
#6429 = EDGE_CURVE ( 'NONE', #3110, #8720, #1456, .T. ) ;
#6430 = EDGE_CURVE ( 'NONE', #1558, #10476, #1084, .T. ) ;
#6431 = LINE ( 'NONE', #9939, #2578 ) ;
#6432 = LINE ( 'NONE', #8378, #1813 ) ;
#6433 = EDGE_CURVE ( 'NONE', #6509, #9212, #10012, .T. ) ;
#6434 = DIRECTION ( 'NONE',  ( -0.000000000000000000, -0.000000000000000000, -1.000000000000000000 ) ) ;
#6435 = EDGE_CURVE ( 'NONE', #3979, #8906, #7520, .T. ) ;
#6436 = DIRECTION ( 'NONE',  ( 1.000000000000000000, 0.000000000000000000, 0.000000000000000000 ) ) ;
#6437 = PRODUCT_DEFINITION_SHAPE ( 'NONE', 'NONE',  #4738 ) ;
#6438 = VECTOR ( 'NONE', #1587, 1000.000000000000000 ) ;
#6439 = DIRECTION ( 'NONE',  ( -3.439947106367258874E-08, 0.9999999999999994449, 0.000000000000000000 ) ) ;
#6440 = ORIENTED_EDGE ( 'NONE', *, *, #1536, .F. ) ;
#6441 = ORIENTED_EDGE ( 'NONE', *, *, #2246, .F. ) ;
#6442 = EDGE_CURVE ( 'NONE', #2340, #4446, #3237, .T. ) ;
#6443 = EDGE_LOOP ( 'NONE', ( #2727, #2899, #10016, #243 ) ) ;
#6444 = LINE ( 'NONE', #7191, #3712 ) ;
#6445 = DIRECTION ( 'NONE',  ( 0.000000000000000000, 0.000000000000000000, 1.000000000000000000 ) ) ;
#6446 = AXIS2_PLACEMENT_3D ( 'NONE', #6557, #6503, #5536 ) ;
#6447 = DIRECTION ( 'NONE',  ( 0.000000000000000000, -1.000000000000000000, 0.000000000000000000 ) ) ;
#6448 = FACE_OUTER_BOUND ( 'NONE', #9117, .T. ) ;
#6449 = DIRECTION ( 'NONE',  ( 1.000000000000000000, 0.000000000000000000, 0.000000000000000000 ) ) ;
#6450 = CARTESIAN_POINT ( 'NONE',  ( -9.999999989246326493, 8.500000697089852508, 1000.000000000000000 ) ) ;
#6451 = LINE ( 'NONE', #8241, #8168 ) ;
#6452 = EDGE_LOOP ( 'NONE', ( #10501, #6210, #9964, #10306 ) ) ;
#6453 = ORIENTED_EDGE ( 'NONE', *, *, #9975, .T. ) ;
#6454 = AXIS2_PLACEMENT_3D ( 'NONE', #11337, #5123, #6098 ) ;
#6455 = EDGE_CURVE ( 'NONE', #5485, #5101, #4902, .T. ) ;
#6456 = ORIENTED_EDGE ( 'NONE', *, *, #4153, .T. ) ;
#6457 = ORIENTED_EDGE ( 'NONE', *, *, #5209, .F. ) ;
#6458 = CYLINDRICAL_SURFACE ( 'NONE', #3072, 1.999999721762228733 ) ;
#6459 = DIRECTION ( 'NONE',  ( -0.9999999999999363842, 3.568429372102481070E-07, 0.000000000000000000 ) ) ;
#6460 = DIRECTION ( 'NONE',  ( 0.000000000000000000, -0.000000000000000000, -1.000000000000000000 ) ) ;
#6461 = ORIENTED_EDGE ( 'NONE', *, *, #9868, .F. ) ;
#6462 = VECTOR ( 'NONE', #2254, 1000.000000000000114 ) ;
#6463 = LINE ( 'NONE', #2851, #9162 ) ;
#6464 = CARTESIAN_POINT ( 'NONE',  ( 3.700000235153938277, -9.749999787236243165, 1000.000000000000000 ) ) ;
#6465 = ORIENTED_EDGE ( 'NONE', *, *, #8043, .F. ) ;
#6466 = CARTESIAN_POINT ( 'NONE',  ( 25.89705509252597437, -4.907104382447458057, 1000.000000000000000 ) ) ;
#6467 = EDGE_LOOP ( 'NONE', ( #2608, #2943, #11066, #6676 ) ) ;
#6468 = VERTEX_POINT ( 'NONE', #529 ) ;
#6469 = DIRECTION ( 'NONE',  ( 1.000000000000000000, 0.000000000000000000, 0.000000000000000000 ) ) ;
#6470 = VECTOR ( 'NONE', #7645, 1000.000000000000000 ) ;
#6471 = DIRECTION ( 'NONE',  ( -0.9999999999999059641, 4.335456038812783825E-07, -0.000000000000000000 ) ) ;
#6472 = CIRCLE ( 'NONE', #2818, 1.499999664723909776 ) ;
#6473 = CARTESIAN_POINT ( 'NONE',  ( -3.700000101005074260, 9.399999987794574352, 1000.000000000000000 ) ) ;
#6474 = AXIS2_PLACEMENT_3D ( 'NONE', #9410, #10334, #10666 ) ;
#6475 = ORIENTED_EDGE ( 'NONE', *, *, #10117, .F. ) ;
#6476 = DIRECTION ( 'NONE',  ( -0.9999999999999971134, 7.700623407407268378E-08, 0.000000000000000000 ) ) ;
#6477 = CARTESIAN_POINT ( 'NONE',  ( 19.66230397645803052, -3.749998445676236525, 1000.000000000000000 ) ) ;
#6478 = FACE_OUTER_BOUND ( 'NONE', #7886, .T. ) ;
#6479 = VERTEX_POINT ( 'NONE', #4034 ) ;
#6480 = CYLINDRICAL_SURFACE ( 'NONE', #105, 0.2499999204762382021 ) ;
#6481 = VERTEX_POINT ( 'NONE', #3181 ) ;
#6482 = ORIENTED_EDGE ( 'NONE', *, *, #2947, .T. ) ;
#6483 = VECTOR ( 'NONE', #617, 1000.000000000000114 ) ;
#6484 = LINE ( 'NONE', #7989, #6105 ) ;
#6485 = CIRCLE ( 'NONE', #9793, 1.999999721762228733 ) ;
#6486 = CARTESIAN_POINT ( 'NONE',  ( 23.99999834547691080, 2.181625789213895494, 1000.000000000000000 ) ) ;
#6487 = LINE ( 'NONE', #8281, #7928 ) ;
#6488 = DIRECTION ( 'NONE',  ( -0.7071062476717042689, -0.7071073147009881987, 0.000000000000000000 ) ) ;
#6489 = LINE ( 'NONE', #2940, #8354 ) ;
#6490 = EDGE_CURVE ( 'NONE', #143, #9877, #8063, .T. ) ;
#6491 = ORIENTED_EDGE ( 'NONE', *, *, #3271, .F. ) ;
#6492 = VERTEX_POINT ( 'NONE', #10187 ) ;
#6493 = EDGE_CURVE ( 'NONE', #1570, #11274, #3014, .T. ) ;
#6494 = ORIENTED_EDGE ( 'NONE', *, *, #8, .F. ) ;
#6495 = EDGE_CURVE ( 'NONE', #6496, #61, #2146, .T. ) ;
#6496 = VERTEX_POINT ( 'NONE', #6776 ) ;
#6497 = AXIS2_PLACEMENT_3D ( 'NONE', #4144, #10294, #10953 ) ;
#6498 = CARTESIAN_POINT ( 'NONE',  ( 10.37569390676078207, -9.749999780357953227, 1000.000000000000000 ) ) ;
#6499 = ADVANCED_FACE ( 'NONE', ( #10471 ), #10410, .F. ) ;
#6500 = EDGE_LOOP ( 'NONE', ( #5414, #10789, #10492, #4105 ) ) ;
#6501 = CARTESIAN_POINT ( 'NONE',  ( 15.82426419831452158, -3.185787088414715473, 1000.000000000000000 ) ) ;
#6502 = CARTESIAN_POINT ( 'NONE',  ( 0.1815213465332990439, 3.945216853106878307, 1000.000000000000000 ) ) ;
#6503 = DIRECTION ( 'NONE',  ( -0.000000000000000000, -0.000000000000000000, -1.000000000000000000 ) ) ;
#6504 = CARTESIAN_POINT ( 'NONE',  ( 15.05000031195666921, 8.049999329402451664, 1000.000000000000000 ) ) ;
#6505 = DIRECTION ( 'NONE',  ( 1.000000000000000000, 0.000000000000000000, 0.000000000000000000 ) ) ;
#6506 = CIRCLE ( 'NONE', #8176, 0.9999999999999940048 ) ;
#6507 = CARTESIAN_POINT ( 'NONE',  ( -6.099999999999990763, -7.600000000000009415, 1000.000000000000000 ) ) ;
#6508 = ORIENTED_EDGE ( 'NONE', *, *, #10369, .T. ) ;
#6509 = VERTEX_POINT ( 'NONE', #8629 ) ;
#6510 = VERTEX_POINT ( 'NONE', #4428 ) ;
#6511 = ORIENTED_EDGE ( 'NONE', *, *, #10160, .F. ) ;
#6512 = ORIENTED_EDGE ( 'NONE', *, *, #3650, .T. ) ;
#6513 = DIRECTION ( 'NONE',  ( -0.000000000000000000, -0.000000000000000000, -1.000000000000000000 ) ) ;
#6514 = DIRECTION ( 'NONE',  ( 1.000000000000000000, 0.000000000000000000, 0.000000000000000000 ) ) ;
#6515 = CARTESIAN_POINT ( 'NONE',  ( 23.99999905012674617, -0.3376927403625773483, 1000.000000000000000 ) ) ;
#6516 = AXIS2_PLACEMENT_3D ( 'NONE', #6652, #1420, #8384 ) ;
#6517 = ORIENTED_EDGE ( 'NONE', *, *, #4253, .F. ) ;
#6518 = EDGE_CURVE ( 'NONE', #858, #3457, #8796, .T. ) ;
#6519 = EDGE_CURVE ( 'NONE', #5668, #2302, #8741, .T. ) ;
#6520 = CARTESIAN_POINT ( 'NONE',  ( 15.80355362147843579, 8.249999388488360452, 0.000000000000000000 ) ) ;
#6521 = CARTESIAN_POINT ( 'NONE',  ( -4.703553616209346977, 8.299999915743732970, 0.000000000000000000 ) ) ;
#6522 = VERTEX_POINT ( 'NONE', #1612 ) ;
#6523 = CARTESIAN_POINT ( 'NONE',  ( -8.500000573694704187, -9.999999888241253743, 1000.000000000000000 ) ) ;
#6524 = ORIENTED_EDGE ( 'NONE', *, *, #8622, .T. ) ;
#6525 = AXIS2_PLACEMENT_3D ( 'NONE', #3299, #6167, #6850 ) ;
#6526 = ORIENTED_EDGE ( 'NONE', *, *, #3911, .T. ) ;
#6527 = DIRECTION ( 'NONE',  ( -0.000000000000000000, -0.000000000000000000, -1.000000000000000000 ) ) ;
#6528 = PRODUCT_DEFINITION_SHAPE ( 'NONE', 'NONE',  #11385 ) ;
#6529 = ADVANCED_FACE ( 'NONE', ( #7712 ), #1785, .F. ) ;
#6530 = CIRCLE ( 'NONE', #1573, 0.8000000000000124789 ) ;
#6531 = DIRECTION ( 'NONE',  ( -0.000000000000000000, -0.000000000000000000, -1.000000000000000000 ) ) ;
#6532 = DIRECTION ( 'NONE',  ( -0.000000000000000000, -0.000000000000000000, -1.000000000000000000 ) ) ;
#6533 = EDGE_LOOP ( 'NONE', ( #9714, #4230, #5059, #9477 ) ) ;
#6534 = PLANE ( 'NONE',  #10987 ) ;
#6535 = CARTESIAN_POINT ( 'NONE',  ( -3.749999978444454207, -0.3376952940015581772, 0.000000000000000000 ) ) ;
#6536 = ORIENTED_EDGE ( 'NONE', *, *, #6170, .T. ) ;
#6537 = DIRECTION ( 'NONE',  ( 7.700624194737733620E-08, 0.9999999999999970024, 0.000000000000000000 ) ) ;
#6538 = VERTEX_POINT ( 'NONE', #865 ) ;
#6539 = VECTOR ( 'NONE', #2618, 1000.000000000000000 ) ;
#6540 = EDGE_CURVE ( 'NONE', #7333, #8775, #6099, .T. ) ;
#6541 = VERTEX_POINT ( 'NONE', #7883 ) ;
#6542 = FACE_OUTER_BOUND ( 'NONE', #3185, .T. ) ;
#6543 = DIRECTION ( 'NONE',  ( -1.000000000000000000, 0.000000000000000000, 0.000000000000000000 ) ) ;
#6544 = CIRCLE ( 'NONE', #10590, 0.8000000000000124789 ) ;
#6545 = DIRECTION ( 'NONE',  ( -0.000000000000000000, -0.000000000000000000, -1.000000000000000000 ) ) ;
#6546 = CARTESIAN_POINT ( 'NONE',  ( 25.19999940546319550, -8.049997726335563542, 0.000000000000000000 ) ) ;
#6547 = CARTESIAN_POINT ( 'NONE',  ( -8.300000051637834275, -4.703553445905020780, 1000.000000000000000 ) ) ;
#6548 = ORIENTED_EDGE ( 'NONE', *, *, #9175, .T. ) ;
#6549 = ORIENTED_EDGE ( 'NONE', *, *, #9874, .T. ) ;
#6550 = ORIENTED_EDGE ( 'NONE', *, *, #11300, .F. ) ;
#6551 = LINE ( 'NONE', #522, #5181 ) ;
#6552 = ORIENTED_EDGE ( 'NONE', *, *, #1517, .F. ) ;
#6553 = CARTESIAN_POINT ( 'NONE',  ( -3.070000167687801707, 9.150000055594867732, 0.000000000000000000 ) ) ;
#6554 = LINE ( 'NONE', #5866, #5509 ) ;
#6555 = CIRCLE ( 'NONE', #6738, 0.2499999351801285297 ) ;
#6556 = PLANE ( 'NONE',  #3093 ) ;
#6557 = CARTESIAN_POINT ( 'NONE',  ( 2.181623534149815136, -5.999999840064357493, 1000.000000000000000 ) ) ;
#6558 = DIRECTION ( 'NONE',  ( -0.000000000000000000, -0.000000000000000000, -1.000000000000000000 ) ) ;
#6559 = EDGE_CURVE ( 'NONE', #10032, #2084, #10353, .T. ) ;
#6560 = CARTESIAN_POINT ( 'NONE',  ( 19.66230397645803052, -3.749998445676236525, 1000.000000000000000 ) ) ;
#6561 = EDGE_CURVE ( 'NONE', #802, #10239, #5979, .T. ) ;
#6562 = DIRECTION ( 'NONE',  ( 0.000000000000000000, 0.000000000000000000, 1.000000000000000000 ) ) ;
#6563 = VERTEX_POINT ( 'NONE', #9485 ) ;
#6564 = ADVANCED_FACE ( 'NONE', ( #10529 ), #4259, .F. ) ;
#6565 = ORIENTED_EDGE ( 'NONE', *, *, #9506, .T. ) ;
#6567 = ORIENTED_EDGE ( 'NONE', *, *, #4696, .T. ) ;
#6566 = ORIENTED_EDGE ( 'NONE', *, *, #9760, .F. ) ;
#6568 = ORIENTED_EDGE ( 'NONE', *, *, #7641, .T. ) ;
#6569 = AXIS2_PLACEMENT_3D ( 'NONE', #4785, #6671, #3062 ) ;
#6570 = ORIENTED_EDGE ( 'NONE', *, *, #2008, .F. ) ;
#6571 = CARTESIAN_POINT ( 'NONE',  ( 4.196446644081398780, -8.000000146130739509, 0.000000000000000000 ) ) ;
#6572 = DIRECTION ( 'NONE',  ( -0.000000000000000000, -0.000000000000000000, -1.000000000000000000 ) ) ;
#6573 = CARTESIAN_POINT ( 'NONE',  ( 14.80000037677654845, 6.604162305548194389, 1000.000000000000000 ) ) ;
#6574 = ORIENTED_EDGE ( 'NONE', *, *, #5617, .T. ) ;
#6575 = EDGE_CURVE ( 'NONE', #10498, #1186, #751, .T. ) ;
#6576 = EDGE_CURVE ( 'NONE', #9130, #7665, #2214, .T. ) ;
#6577 = VECTOR ( 'NONE', #3399, 1000.000000000000000 ) ;
#6578 = DIRECTION ( 'NONE',  ( -0.9999999999999363842, 3.568436106276896135E-07, 0.000000000000000000 ) ) ;
#6579 = EDGE_CURVE ( 'NONE', #928, #4973, #3, .T. ) ;
#6580 = LINE ( 'NONE', #4863, #4640 ) ;
#6581 = ADVANCED_FACE ( 'NONE', ( #2414 ), #5923, .F. ) ;
#6582 = CARTESIAN_POINT ( 'NONE',  ( 15.29644610957089235, -8.049998761037832296, 0.000000000000000000 ) ) ;
#6583 = VERTEX_POINT ( 'NONE', #11338 ) ;
#6584 = VERTEX_POINT ( 'NONE', #6036 ) ;
#6585 = CARTESIAN_POINT ( 'NONE',  ( 14.79999950239931827, -6.604161884127046633, 1000.000000000000000 ) ) ;
#6586 = ADVANCED_FACE ( 'NONE', ( #5069 ), #11224, .T. ) ;
#6587 = DIRECTION ( 'NONE',  ( -0.000000000000000000, -0.000000000000000000, -1.000000000000000000 ) ) ;
#6588 = AXIS2_PLACEMENT_3D ( 'NONE', #3302, #5779, #1514 ) ;
#6589 = DIRECTION ( 'NONE',  ( -0.000000000000000000, -0.000000000000000000, -1.000000000000000000 ) ) ;
#6590 = DIRECTION ( 'NONE',  ( -0.000000000000000000, -1.000000000000000000, -0.000000000000000000 ) ) ;
#6591 = ORIENTED_EDGE ( 'NONE', *, *, #6297, .T. ) ;
#6592 = VECTOR ( 'NONE', #5870, 1000.000000000000114 ) ;
#6593 = DIRECTION ( 'NONE',  ( 4.335455959642004438E-07, 0.9999999999999059641, -0.000000000000000000 ) ) ;
#6594 = DIRECTION ( 'NONE',  ( 0.000000000000000000, 0.000000000000000000, 1.000000000000000000 ) ) ;
#6595 = DIRECTION ( 'NONE',  ( 1.000000000000000000, 0.000000000000000000, 0.000000000000000000 ) ) ;
#6596 = CARTESIAN_POINT ( 'NONE',  ( -3.999999911001640207, 0.3376953446985326290, 1000.000000000000000 ) ) ;
#6597 = ORIENTED_EDGE ( 'NONE', *, *, #8922, .T. ) ;
#6598 = EDGE_CURVE ( 'NONE', #6255, #3672, #6833, .T. ) ;
#6599 = CARTESIAN_POINT ( 'NONE',  ( -8.299999921997731178, -4.950000028489665027, 0.000000000000000000 ) ) ;
#6600 = CIRCLE ( 'NONE', #7528, 0.2499999321997244117 ) ;
#6601 = VECTOR ( 'NONE', #6421, 1000.000000000000114 ) ;
#6602 = VECTOR ( 'NONE', #5065, 1000.000000000000000 ) ;
#6603 = DIRECTION ( 'NONE',  ( 1.000000000000000000, 0.000000000000000000, 0.000000000000000000 ) ) ;
#6604 = CYLINDRICAL_SURFACE ( 'NONE', #4809, 0.7999999999999986011 ) ;
#6605 = ADVANCED_FACE ( 'NONE', ( #3454 ), #6953, .F. ) ;
#6606 = CARTESIAN_POINT ( 'NONE',  ( 20.85595080529266454, -3.393721882965480940, 1000.000000000000000 ) ) ;
#6607 = CARTESIAN_POINT ( 'NONE',  ( 16.04999972588442958, 9.999999582799457443, 0.000000000000000000 ) ) ;
#6608 = VECTOR ( 'NONE', #9697, 1000.000000000000114 ) ;
#6609 = ORIENTED_EDGE ( 'NONE', *, *, #8079, .T. ) ;
#6610 = AXIS2_PLACEMENT_3D ( 'NONE', #6259, #174, #5408 ) ;
#6611 = VECTOR ( 'NONE', #602, 1000.000000000000000 ) ;
#6612 = ORIENTED_EDGE ( 'NONE', *, *, #9587, .F. ) ;
#6613 = VERTEX_POINT ( 'NONE', #241 ) ;
#6614 = CARTESIAN_POINT ( 'NONE',  ( 23.07000061153226156, 8.249999139095187672, 1000.000000000000000 ) ) ;
#6615 = DIRECTION ( 'NONE',  ( 1.000000000000000000, 0.000000000000000000, -0.000000000000000000 ) ) ;
#6616 = CYLINDRICAL_SURFACE ( 'NONE', #7116, 0.6000003799796309600 ) ;
#6617 = VECTOR ( 'NONE', #10154, 1000.000000000000114 ) ;
#6618 = LINE ( 'NONE', #10128, #10864 ) ;
#6619 = VECTOR ( 'NONE', #5568, 1000.000000000000114 ) ;
#6620 = LINE ( 'NONE', #7489, #2196 ) ;
#6621 = LINE ( 'NONE', #4904, #8162 ) ;
#6622 = ORIENTED_EDGE ( 'NONE', *, *, #10979, .T. ) ;
#6623 = VERTEX_POINT ( 'NONE', #7122 ) ;
#6624 = VERTEX_POINT ( 'NONE', #9769 ) ;
#6625 = VERTEX_POINT ( 'NONE', #10759 ) ;
#6626 = VECTOR ( 'NONE', #7487, 1000.000000000000000 ) ;
#6627 = ORIENTED_EDGE ( 'NONE', *, *, #9658, .F. ) ;
#6628 = FACE_OUTER_BOUND ( 'NONE', #10204, .T. ) ;
#6629 = FACE_OUTER_BOUND ( 'NONE', #6984, .T. ) ;
#6630 = ORIENTED_EDGE ( 'NONE', *, *, #575, .T. ) ;
#6631 = CARTESIAN_POINT ( 'NONE',  ( 16.60627811703450973, 0.8559508052926600996, 0.000000000000000000 ) ) ;
#6632 = VECTOR ( 'NONE', #9884, 999.9999999999998863 ) ;
#6633 = CARTESIAN_POINT ( 'NONE',  ( -4.000000100991433882, 2.181623443726382838, 1000.000000000000000 ) ) ;
#6634 = DIRECTION ( 'NONE',  ( 0.9999999999999363842, -3.568436288879236641E-07, 0.000000000000000000 ) ) ;
#6635 = ORIENTED_EDGE ( 'NONE', *, *, #3696, .T. ) ;
#6636 = EDGE_CURVE ( 'NONE', #5072, #8234, #1210, .T. ) ;
#6637 = VERTEX_POINT ( 'NONE', #10583 ) ;
#6638 = CARTESIAN_POINT ( 'NONE',  ( 3.070000301836649292, -8.249999674732485744, 1000.000000000000000 ) ) ;
#6639 = EDGE_CURVE ( 'NONE', #7365, #6964, #3623, .T. ) ;
#6640 = VECTOR ( 'NONE', #3553, 1000.000000000000000 ) ;
#6641 = EDGE_CURVE ( 'NONE', #9592, #3325, #1836, .T. ) ;
#6642 = EDGE_CURVE ( 'NONE', #1788, #9186, #5326, .T. ) ;
#6643 = CIRCLE ( 'NONE', #8120, 0.2499999351799489788 ) ;
#6644 = CARTESIAN_POINT ( 'NONE',  ( 15.82426419831451447, -3.185787088414710588, 0.000000000000000000 ) ) ;
#6645 = CYLINDRICAL_SURFACE ( 'NONE', #11180, 0.5999999753018379067 ) ;
#6646 = FACE_OUTER_BOUND ( 'NONE', #4118, .T. ) ;
#6647 = ORIENTED_EDGE ( 'NONE', *, *, #10172, .F. ) ;
#6648 = DIRECTION ( 'NONE',  ( 1.000000000000000000, 0.000000000000000000, 0.000000000000000000 ) ) ;
#6649 = DIRECTION ( 'NONE',  ( -0.000000000000000000, -0.000000000000000000, -1.000000000000000000 ) ) ;
#6650 = CARTESIAN_POINT ( 'NONE',  ( 23.74999875875750988, -0.3376927403625773483, 1000.000000000000000 ) ) ;
#6651 = CIRCLE ( 'NONE', #3912, 1.999999905005098277 ) ;
#6652 = CARTESIAN_POINT ( 'NONE',  ( -4.196446777094520186, 8.250000055594854942, 1000.000000000000000 ) ) ;
#6653 = AXIS2_PLACEMENT_3D ( 'NONE', #8104, #4712, #3740 ) ;
#6654 = ORIENTED_EDGE ( 'NONE', *, *, #8128, .F. ) ;
#6655 = LINE ( 'NONE', #7588, #1513 ) ;
#6656 = AXIS2_PLACEMENT_3D ( 'NONE', #3934, #7315, #2463 ) ;
#6657 = CIRCLE ( 'NONE', #10905, 2.999999847569633893 ) ;
#6658 = DIRECTION ( 'NONE',  ( -0.000000000000000000, -0.000000000000000000, -1.000000000000000000 ) ) ;
#6659 = ADVANCED_FACE ( 'NONE', ( #6322 ), #4598, .F. ) ;
#6660 = EDGE_CURVE ( 'NONE', #5401, #9419, #9944, .T. ) ;
#6661 = LINE ( 'NONE', #5053, #5542 ) ;
#6662 = DIRECTION ( 'NONE',  ( 0.000000000000000000, 0.000000000000000000, 1.000000000000000000 ) ) ;
#6663 = CARTESIAN_POINT ( 'NONE',  ( 29.14999953105075647, -3.069998122879336044, 1000.000000000000000 ) ) ;
#6664 = EDGE_LOOP ( 'NONE', ( #2900, #5154, #9861, #1663 ) ) ;
#6665 = AXIS2_PLACEMENT_3D ( 'NONE', #8952, #1946, #1999 ) ;
#6666 = AXIS2_PLACEMENT_3D ( 'NONE', #1683, #8806, #5197 ) ;
#6667 = DIRECTION ( 'NONE',  ( -0.000000000000000000, -0.000000000000000000, -1.000000000000000000 ) ) ;
#6668 = ORIENTED_EDGE ( 'NONE', *, *, #1868, .T. ) ;
#6669 = CARTESIAN_POINT ( 'NONE',  ( 3.700000044735841875, 9.750000212788878073, 1000.000000000000000 ) ) ;
#6670 = VECTOR ( 'NONE', #3816, 1000.000000000000000 ) ;
#6671 = DIRECTION ( 'NONE',  ( -0.000000000000000000, -0.000000000000000000, -1.000000000000000000 ) ) ;
#6672 = DIRECTION ( 'NONE',  ( 0.7071062425244073468, -0.7071073198482772382, 0.000000000000000000 ) ) ;
#6673 = CARTESIAN_POINT ( 'NONE',  ( 19.14404919470731770, -3.393721882965480940, 0.000000000000000000 ) ) ;
#6674 = DIRECTION ( 'NONE',  ( -1.000000000000000000, 0.000000000000000000, 0.000000000000000000 ) ) ;
#6675 = ORIENTED_EDGE ( 'NONE', *, *, #5762, .F. ) ;
#6676 = ORIENTED_EDGE ( 'NONE', *, *, #6641, .F. ) ;
#6678 = ORIENTED_EDGE ( 'NONE', *, *, #816, .T. ) ;
#6677 = VERTEX_POINT ( 'NONE', #8856 ) ;
#6679 = EDGE_LOOP ( 'NONE', ( #6508, #3685, #10159, #2492 ) ) ;
#6680 = VERTEX_POINT ( 'NONE', #10697 ) ;
#6681 = DIRECTION ( 'NONE',  ( -1.000000000000000000, 0.000000000000000000, 0.000000000000000000 ) ) ;
#6682 = EDGE_CURVE ( 'NONE', #2079, #10764, #2755, .T. ) ;
#6683 = CARTESIAN_POINT ( 'NONE',  ( 10.23701884256109729, 9.958012379901335365, 1000.000000000000000 ) ) ;
#6684 = VERTEX_POINT ( 'NONE', #1091 ) ;
#6685 = ORIENTED_EDGE ( 'NONE', *, *, #10895, .T. ) ;
#6686 = DIRECTION ( 'NONE',  ( -0.9999999999998616662, -5.260383482816307327E-07, -0.000000000000000000 ) ) ;
#6687 = DIRECTION ( 'NONE',  ( -1.000000000000000000, 0.000000000000000000, 0.000000000000000000 ) ) ;
#6688 = DIRECTION ( 'NONE',  ( 1.000000000000000000, 0.000000000000000000, 0.000000000000000000 ) ) ;
#6689 = VERTEX_POINT ( 'NONE', #983 ) ;
#6690 = EDGE_LOOP ( 'NONE', ( #4517, #2959, #10257, #5034 ) ) ;
#6691 = VECTOR ( 'NONE', #6204, 1000.000000000000000 ) ;
#6692 = CARTESIAN_POINT ( 'NONE',  ( -8.049999986817789832, -5.199999990491696700, 0.000000000000000000 ) ) ;
#6693 =( REPRESENTATION_RELATIONSHIP ('NONE','NONE', #69, #10957 ) REPRESENTATION_RELATIONSHIP_WITH_TRANSFORMATION ( #7990 )SHAPE_REPRESENTATION_RELATIONSHIP( ) );
#6694 = DIRECTION ( 'NONE',  ( -6.905104500171662327E-08, -0.9999999999999975575, 0.000000000000000000 ) ) ;
#6695 = DIRECTION ( 'NONE',  ( -0.000000000000000000, -0.000000000000000000, -1.000000000000000000 ) ) ;
#6696 = VECTOR ( 'NONE', #8100, 1000.000000000000000 ) ;
#6697 = DIRECTION ( 'NONE',  ( 0.7808674414090659432, 0.6246967575930413297, 0.000000000000000000 ) ) ;
#6698 = VERTEX_POINT ( 'NONE', #1843 ) ;
#6699 = CARTESIAN_POINT ( 'NONE',  ( 4.175736093454514020, -3.185786370455370609, 0.000000000000000000 ) ) ;
#6700 = DIRECTION ( 'NONE',  ( 0.000000000000000000, 0.000000000000000000, 1.000000000000000000 ) ) ;
#6701 = FACE_OUTER_BOUND ( 'NONE', #8165, .T. ) ;
#6702 = EDGE_CURVE ( 'NONE', #8720, #9161, #5693, .T. ) ;
#6704 = EDGE_CURVE ( 'NONE', #9926, #1430, #8991, .T. ) ;
#6703 = CARTESIAN_POINT ( 'NONE',  ( -2.050609665440995766, 2.050609665440974894, 1000.000000000000000 ) ) ;
#6705 = VERTEX_POINT ( 'NONE', #7303 ) ;
#6706 = EDGE_CURVE ( 'NONE', #5611, #10312, #9907, .T. ) ;
#6707 = CARTESIAN_POINT ( 'NONE',  ( -4.585786238752019628, -3.595836914670247353, 0.000000000000000000 ) ) ;
#6708 = PLANE ( 'NONE',  #11084 ) ;
#6709 = DIRECTION ( 'NONE',  ( 1.000000000000000000, 0.000000000000000000, 0.000000000000000000 ) ) ;
#6710 = EDGE_CURVE ( 'NONE', #3936, #7999, #7157, .T. ) ;
#6711 = DIRECTION ( 'NONE',  ( 1.000000000000000000, 0.000000000000000000, 0.000000000000000000 ) ) ;
#6712 = EDGE_CURVE ( 'NONE', #10736, #7510, #8968, .T. ) ;
#6713 = CARTESIAN_POINT ( 'NONE',  ( 28.24999732342335790, 3.320002564991417326, 1000.000000000000000 ) ) ;
#6714 = VECTOR ( 'NONE', #10678, 999.9999999999998863 ) ;
#6715 = CARTESIAN_POINT ( 'NONE',  ( 16.30000012249772823, -9.749999968112238236, 1000.000000000000000 ) ) ;
#6716 = ORIENTED_EDGE ( 'NONE', *, *, #11289, .F. ) ;
#6717 = ORIENTED_EDGE ( 'NONE', *, *, #8, .T. ) ;
#6718 = ADVANCED_FACE ( 'NONE', ( #2076 ), #71, .T. ) ;
#6719 = DIRECTION ( 'NONE',  ( 1.000000000000000000, 0.000000000000000000, 0.000000000000000000 ) ) ;
#6720 = CIRCLE ( 'NONE', #7838, 0.2499999532849487005 ) ;
#6721 = CARTESIAN_POINT ( 'NONE',  ( 15.40000027008729688, -2.761522904833349390, 1000.000000000000000 ) ) ;
#6722 = CARTESIAN_POINT ( 'NONE',  ( -6.604162962963531669, -5.199999990491699364, 1000.000000000000000 ) ) ;
#6723 = CARTESIAN_POINT ( 'NONE',  ( 16.29999987042586440, 9.749999694558225016, 1000.000000000000000 ) ) ;
#6724 = DIRECTION ( 'NONE',  ( -0.000000000000000000, -0.000000000000000000, -1.000000000000000000 ) ) ;
#6725 = LINE ( 'NONE', #3183, #1729 ) ;
#6726 = ORIENTED_EDGE ( 'NONE', *, *, #1172, .F. ) ;
#6727 = ORIENTED_EDGE ( 'NONE', *, *, #4696, .F. ) ;
#6728 = ORIENTED_EDGE ( 'NONE', *, *, #2528, .F. ) ;
#6729 = VERTEX_POINT ( 'NONE', #9082 ) ;
#6730 = EDGE_CURVE ( 'NONE', #3994, #7387, #3570, .T. ) ;
#6731 = ORIENTED_EDGE ( 'NONE', *, *, #9798, .T. ) ;
#6732 = DIRECTION ( 'NONE',  ( -0.000000000000000000, -0.000000000000000000, -1.000000000000000000 ) ) ;
#6733 = CARTESIAN_POINT ( 'NONE',  ( -9.150000260037566946, 3.320000234595096966, 1000.000000000000000 ) ) ;
#6734 = ORIENTED_EDGE ( 'NONE', *, *, #8539, .F. ) ;
#6735 = CARTESIAN_POINT ( 'NONE',  ( 29.39999964228799456, -3.319998076164176748, 1000.000000000000000 ) ) ;
#6736 = CARTESIAN_POINT ( 'NONE',  ( -3.950000101005074704, 10.00000012339513589, 1000.000000000000000 ) ) ;
#6737 = EDGE_CURVE ( 'NONE', #7322, #7176, #6600, .T. ) ;
#6738 = AXIS2_PLACEMENT_3D ( 'NONE', #2336, #9344, #6809 ) ;
#6739 = ORIENTED_EDGE ( 'NONE', *, *, #7124, .T. ) ;
#6740 = DIRECTION ( 'NONE',  ( 1.000000000000000000, 0.000000000000000000, 0.000000000000000000 ) ) ;
#6741 = VERTEX_POINT ( 'NONE', #467 ) ;
#6742 = ORIENTED_EDGE ( 'NONE', *, *, #8257, .F. ) ;
#6743 = CARTESIAN_POINT ( 'NONE',  ( 28.04999787550034540, 5.200002606438132169, 1000.000000000000000 ) ) ;
#6744 = VECTOR ( 'NONE', #6097, 1000.000000000000000 ) ;
#6745 = DIRECTION ( 'NONE',  ( 0.000000000000000000, 0.000000000000000000, 1.000000000000000000 ) ) ;
#6746 = DIRECTION ( 'NONE',  ( -1.000000000000000000, 0.000000000000000000, 0.000000000000000000 ) ) ;
#6747 = PLANE ( 'NONE',  #4264 ) ;
#6748 = ORIENTED_EDGE ( 'NONE', *, *, #826, .F. ) ;
#6749 = DIRECTION ( 'NONE',  ( -1.000000000000000000, -0.000000000000000000, -0.000000000000000000 ) ) ;
#6750 = CARTESIAN_POINT ( 'NONE',  ( 5.199999920073889115, 8.050000125768356440, 1000.000000000000000 ) ) ;
#6751 = CYLINDRICAL_SURFACE ( 'NONE', #906, 0.2500002913692379591 ) ;
#6752 = DIRECTION ( 'NONE',  ( 1.000000000000000000, 0.000000000000000000, 0.000000000000000000 ) ) ;
#6753 = ORIENTED_EDGE ( 'NONE', *, *, #9312, .T. ) ;
#6754 = VECTOR ( 'NONE', #4871, 1000.000000000000000 ) ;
#6755 = DIRECTION ( 'NONE',  ( -0.000000000000000000, -0.000000000000000000, -1.000000000000000000 ) ) ;
#6756 = CARTESIAN_POINT ( 'NONE',  ( 10.37569389161740396, 9.749999806316870021, 0.000000000000000000 ) ) ;
#6757 = LINE ( 'NONE', #4128, #8451 ) ;
#6758 = AXIS2_PLACEMENT_3D ( 'NONE', #7793, #4441, #6970 ) ;
#6759 = DIRECTION ( 'NONE',  ( 1.000000000000000000, 0.000000000000000000, 0.000000000000000000 ) ) ;
#6760 = DIRECTION ( 'NONE',  ( 1.000000000000000000, 0.000000000000000000, 0.000000000000000000 ) ) ;
#6761 = CARTESIAN_POINT ( 'NONE',  ( 1.484924240491744873, -2.616295090390212241, 1000.000000000000000 ) ) ;
#6762 = DIRECTION ( 'NONE',  ( 0.000000000000000000, 0.000000000000000000, 1.000000000000000000 ) ) ;
#6763 = VERTEX_POINT ( 'NONE', #9254 ) ;
#6764 = ORIENTED_EDGE ( 'NONE', *, *, #9941, .F. ) ;
#6765 = VECTOR ( 'NONE', #9727, 1000.000000000000000 ) ;
#6766 = ADVANCED_FACE ( 'NONE', ( #11105 ), #7533, .F. ) ;
#6767 = AXIS2_PLACEMENT_3D ( 'NONE', #1818, #7915, #954 ) ;
#6768 = CARTESIAN_POINT ( 'NONE',  ( -3.070000157915178107, -8.250000159032531144, 0.000000000000000000 ) ) ;
#6769 = EDGE_CURVE ( 'NONE', #2114, #10132, #10273, .T. ) ;
#6770 = EDGE_CURVE ( 'NONE', #8782, #3799, #6235, .T. ) ;
#6771 = EDGE_CURVE ( 'NONE', #8437, #3789, #1287, .T. ) ;
#6772 = CYLINDRICAL_SURFACE ( 'NONE', #11205, 0.2499998100102046317 ) ;
#6773 = CYLINDRICAL_SURFACE ( 'NONE', #4368, 0.2500000163913711493 ) ;
#6774 = CARTESIAN_POINT ( 'NONE',  ( -4.373223547227689245, -8.073223582606578574, 1000.000000000000000 ) ) ;
#6775 = AXIS2_PLACEMENT_3D ( 'NONE', #10293, #1674, #1734 ) ;
#6776 = CARTESIAN_POINT ( 'NONE',  ( 19.81847834912613138, -3.945215338599275423, 1000.000000000000000 ) ) ;
#6777 = EDGE_CURVE ( 'NONE', #10403, #5684, #9195, .T. ) ;
#6778 = AXIS2_PLACEMENT_3D ( 'NONE', #8687, #7069, #9705 ) ;
#6779 = VECTOR ( 'NONE', #10184, 1000.000000000000000 ) ;
#6780 = CARTESIAN_POINT ( 'NONE',  ( 24.58578566581877922, -3.595834345731794723, 0.000000000000000000 ) ) ;
#6781 = EDGE_LOOP ( 'NONE', ( #5003, #9967, #8695, #6039 ) ) ;
#6782 = ORIENTED_EDGE ( 'NONE', *, *, #7068, .F. ) ;
#6784 = ORIENTED_EDGE ( 'NONE', *, *, #2702, .T. ) ;
#6783 = ORIENTED_EDGE ( 'NONE', *, *, #7491, .T. ) ;
#6785 = ORIENTED_EDGE ( 'NONE', *, *, #818, .F. ) ;
#6786 = ORIENTED_EDGE ( 'NONE', *, *, #3812, .F. ) ;
#6787 = DIRECTION ( 'NONE',  ( -0.000000000000000000, -0.000000000000000000, -1.000000000000000000 ) ) ;
#6788 = CARTESIAN_POINT ( 'NONE',  ( -8.050000032424675211, 4.950000103972798549, 1000.000000000000000 ) ) ;
#6789 = AXIS2_PLACEMENT_3D ( 'NONE', #5108, #5282, #904 ) ;
#6790 = EDGE_LOOP ( 'NONE', ( #1114, #7998, #10660, #3895 ) ) ;
#6791 = AXIS2_PLACEMENT_3D ( 'NONE', #4650, #10569, #1076 ) ;
#6792 = DIRECTION ( 'NONE',  ( -0.000000000000000000, -0.000000000000000000, -1.000000000000000000 ) ) ;
#6793 = DIRECTION ( 'NONE',  ( -0.000000000000000000, -0.000000000000000000, -1.000000000000000000 ) ) ;
#6794 = EDGE_CURVE ( 'NONE', #2862, #6972, #10228, .T. ) ;
#6795 = EDGE_CURVE ( 'NONE', #6624, #4066, #5807, .T. ) ;
#6796 = DIRECTION ( 'NONE',  ( 1.000000000000000000, 0.000000000000000000, 0.000000000000000000 ) ) ;
#6797 = VERTEX_POINT ( 'NONE', #9999 ) ;
#6798 = CARTESIAN_POINT ( 'NONE',  ( -10.00000021276375328, 3.950000235153863670, 1000.000000000000000 ) ) ;
#6799 = ORIENTED_EDGE ( 'NONE', *, *, #9473, .F. ) ;
#6800 = AXIS2_PLACEMENT_3D ( 'NONE', #1413, #3038, #556 ) ;
#6801 = EDGE_LOOP ( 'NONE', ( #8768, #1736, #9156, #631 ) ) ;
#6802 = CARTESIAN_POINT ( 'NONE',  ( 15.80355302448195687, -8.249998894762160973, 1000.000000000000000 ) ) ;
#6803 = ADVANCED_FACE ( 'NONE', ( #1383 ), #4081, .F. ) ;
#6804 = CIRCLE ( 'NONE', #8651, 1.000000007078056807 ) ;
#6805 = DIRECTION ( 'NONE',  ( -0.000000000000000000, -0.000000000000000000, -1.000000000000000000 ) ) ;
#6806 = DIRECTION ( 'NONE',  ( 0.000000000000000000, 0.000000000000000000, 1.000000000000000000 ) ) ;
#6807 = DIRECTION ( 'NONE',  ( -0.7071067422666980073, 0.7071068201063949177, 0.000000000000000000 ) ) ;
#6808 = VERTEX_POINT ( 'NONE', #2248 ) ;
#6809 = DIRECTION ( 'NONE',  ( 1.000000000000000000, 0.000000000000000000, 0.000000000000000000 ) ) ;
#6810 = LINE ( 'NONE', #8773, #7042 ) ;
#6811 = DIRECTION ( 'NONE',  ( 0.5546995516021673289, -0.8320507240861909626, 0.000000000000000000 ) ) ;
#6812 = ORIENTED_EDGE ( 'NONE', *, *, #8787, .F. ) ;
#6813 = FACE_OUTER_BOUND ( 'NONE', #1963, .T. ) ;
#6814 = ORIENTED_EDGE ( 'NONE', *, *, #8686, .F. ) ;
#6815 = CIRCLE ( 'NONE', #10687, 0.2499999351799524483 ) ;
#6816 = LINE ( 'NONE', #2341, #6174 ) ;
#6817 = DIRECTION ( 'NONE',  ( 1.000000000000000000, 0.000000000000000000, 0.000000000000000000 ) ) ;
#6818 = CARTESIAN_POINT ( 'NONE',  ( 3.595837038065416547, -4.585786137746946878, 1000.000000000000000 ) ) ;
#6819 = CIRCLE ( 'NONE', #7009, 0.2500000000000002220 ) ;
#6820 = DIRECTION ( 'NONE',  ( -0.7071073147009881987, 0.7071062476717042689, -0.000000000000000000 ) ) ;
#6821 = VECTOR ( 'NONE', #8058, 1000.000000000000000 ) ;
#6822 = CARTESIAN_POINT ( 'NONE',  ( 4.373223425481991278, -8.073223395187291374, 0.000000000000000000 ) ) ;
#6823 = CARTESIAN_POINT ( 'NONE',  ( 12.99999998296434711, -8.000000484978855297, 0.000000000000000000 ) ) ;
#6824 = DIRECTION ( 'NONE',  ( -0.000000000000000000, -0.000000000000000000, -1.000000000000000000 ) ) ;
#6825 = VERTEX_POINT ( 'NONE', #9356 ) ;
#6826 = EDGE_LOOP ( 'NONE', ( #8288, #2975, #8809, #490 ) ) ;
#6827 = AXIS2_PLACEMENT_3D ( 'NONE', #8080, #213, #7218 ) ;
#6828 = CARTESIAN_POINT ( 'NONE',  ( 23.39372188296547250, 0.8559508052926600996, 0.000000000000000000 ) ) ;
#6829 = CARTESIAN_POINT ( 'NONE',  ( 21.48492424049173621, 2.616295090390203804, 0.000000000000000000 ) ) ;
#6830 = CARTESIAN_POINT ( 'NONE',  ( 23.32000066756055645, 9.399999083066850503, 1000.000000000000000 ) ) ;
#6831 = DIRECTION ( 'NONE',  ( -0.7071073198482773492, -0.7071062425244074579, 0.000000000000000000 ) ) ;
#6832 = EDGE_CURVE ( 'NONE', #5030, #2340, #7423, .T. ) ;
#6833 = LINE ( 'NONE', #809, #8808 ) ;
#6834 = VECTOR ( 'NONE', #4386, 1000.000000000000000 ) ;
#6835 = ADVANCED_FACE ( 'NONE', ( #3919 ), #1325, .F. ) ;
#6836 = DIRECTION ( 'NONE',  ( 1.000000000000000000, 0.000000000000000000, 0.000000000000000000 ) ) ;
#6837 = AXIS2_PLACEMENT_3D ( 'NONE', #6756, #10988, #624 ) ;
#6838 = EDGE_LOOP ( 'NONE', ( #7833, #1373, #5622, #10743 ) ) ;
#6839 = ORIENTED_EDGE ( 'NONE', *, *, #1510, .T. ) ;
#6840 = EDGE_CURVE ( 'NONE', #5198, #4376, #10099, .T. ) ;
#6841 = ORIENTED_EDGE ( 'NONE', *, *, #10004, .T. ) ;
#6842 = EDGE_CURVE ( 'NONE', #7664, #8053, #5753, .T. ) ;
#6843 = ORIENTED_EDGE ( 'NONE', *, *, #1111, .F. ) ;
#6844 = ORIENTED_EDGE ( 'NONE', *, *, #6639, .F. ) ;
#6845 = DIRECTION ( 'NONE',  ( -4.912470419714945603E-08, -0.9999999999999987788, -0.000000000000000000 ) ) ;
#6846 = CARTESIAN_POINT ( 'NONE',  ( 20.33769576579990002, 3.749999286058680603, 1000.000000000000000 ) ) ;
#6847 = VECTOR ( 'NONE', #8382, 1000.000000000000000 ) ;
#6848 = ORIENTED_EDGE ( 'NONE', *, *, #10194, .F. ) ;
#6849 = CIRCLE ( 'NONE', #10721, 0.7999999999999960476 ) ;
#6850 = DIRECTION ( 'NONE',  ( 1.000000000000000000, 0.000000000000000000, 0.000000000000000000 ) ) ;
#6851 = EDGE_CURVE ( 'NONE', #8874, #5130, #10933, .T. ) ;
#6852 = DIRECTION ( 'NONE',  ( 0.7071067045960413022, 0.7071068577770455166, 0.000000000000000000 ) ) ;
#6853 = CARTESIAN_POINT ( 'NONE',  ( -9.100000000000006750, 7.599999999999996092, 1000.000000000000000 ) ) ;
#6854 = ADVANCED_FACE ( 'NONE', ( #3860 ), #7361, .T. ) ;
#6855 = VERTEX_POINT ( 'NONE', #6546 ) ;
#6856 = DIRECTION ( 'NONE',  ( 0.6246948794826561180, 0.7808689439004152799, 0.000000000000000000 ) ) ;
#6857 = CIRCLE ( 'NONE', #10917, 0.9999999999999947820 ) ;
#6858 = ORIENTED_EDGE ( 'NONE', *, *, #5378, .F. ) ;
#6859 = EDGE_LOOP ( 'NONE', ( #10206, #233, #4718, #10735 ) ) ;
#6860 = CARTESIAN_POINT ( 'NONE',  ( 23.94999866868387173, -9.999997517928891355, 1000.000000000000000 ) ) ;
#6861 = EDGE_CURVE ( 'NONE', #4834, #1547, #1265, .T. ) ;
#6862 = ORIENTED_EDGE ( 'NONE', *, *, #8059, .F. ) ;
#6863 = CARTESIAN_POINT ( 'NONE',  ( 23.59583744492611146, 4.585785561074603223, 1000.000000000000000 ) ) ;
#6864 = FACE_OUTER_BOUND ( 'NONE', #4681, .T. ) ;
#6865 = CARTESIAN_POINT ( 'NONE',  ( 29.75000032774140379, -3.699998077281760445, 1000.000000000000000 ) ) ;
#6866 = ORIENTED_EDGE ( 'NONE', *, *, #8116, .T. ) ;
#6867 = DIRECTION ( 'NONE',  ( -0.000000000000000000, -0.000000000000000000, -1.000000000000000000 ) ) ;
#6868 = CARTESIAN_POINT ( 'NONE',  ( 24.94999899642598606, -8.299997661515275738, 0.000000000000000000 ) ) ;
#6869 = CARTESIAN_POINT ( 'NONE',  ( 4.949999912995925122, 8.299999837803520464, 0.000000000000000000 ) ) ;
#6870 = VERTEX_POINT ( 'NONE', #3107 ) ;
#6871 = AXIS2_PLACEMENT_3D ( 'NONE', #2404, #6824, #2521 ) ;
#6872 = DIRECTION ( 'NONE',  ( 1.000000000000000000, 0.000000000000000000, -0.000000000000000000 ) ) ;
#6873 = ORIENTED_EDGE ( 'NONE', *, *, #1434, .T. ) ;
#6874 = CARTESIAN_POINT ( 'NONE',  ( 27.99999925686936919, -4.196444300152229800, 1000.000000000000000 ) ) ;
#6875 = ADVANCED_FACE ( 'NONE', ( #8282 ), #413, .F. ) ;
#6876 = CARTESIAN_POINT ( 'NONE',  ( -4.703553371170891673, -8.049999873677688100, 1000.000000000000000 ) ) ;
#6877 = CARTESIAN_POINT ( 'NONE',  ( -3.320000167687797710, 8.250000055594854942, 1000.000000000000000 ) ) ;
#6878 = AXIS2_PLACEMENT_3D ( 'NONE', #9531, #5233, #6942 ) ;
#6879 = CYLINDRICAL_SURFACE ( 'NONE', #5696, 0.6000001460313968416 ) ;
#6880 = CARTESIAN_POINT ( 'NONE',  ( 12.99999998296434711, -8.000000484978855297, 1000.000000000000000 ) ) ;
#6881 = DIRECTION ( 'NONE',  ( 1.000000000000000000, 0.000000000000000000, 0.000000000000000000 ) ) ;
#6882 = CARTESIAN_POINT ( 'NONE',  ( -8.299999921997731178, -4.950000028489665027, 1000.000000000000000 ) ) ;
#6883 = CARTESIAN_POINT ( 'NONE',  ( 24.95000031312306987, 8.049999194463003604, 0.000000000000000000 ) ) ;
#6884 = ADVANCED_FACE ( 'NONE', ( #678 ), #10398, .F. ) ;
#6885 = VERTEX_POINT ( 'NONE', #7819 ) ;
#6886 = ORIENTED_EDGE ( 'NONE', *, *, #4829, .T. ) ;
#6887 = CIRCLE ( 'NONE', #6525, 0.2499999994416864102 ) ;
#6888 = ORIENTED_EDGE ( 'NONE', *, *, #8332, .F. ) ;
#6889 = CARTESIAN_POINT ( 'NONE',  ( 17.57591294073892740, 0.6113934323519233383, 1000.000000000000000 ) ) ;
#6890 = DIRECTION ( 'NONE',  ( -0.000000000000000000, -0.000000000000000000, -1.000000000000000000 ) ) ;
#6891 = CARTESIAN_POINT ( 'NONE',  ( -4.703553616209346977, 8.299999915743732970, 0.000000000000000000 ) ) ;
#6892 = VECTOR ( 'NONE', #1768, 1000.000000000000114 ) ;
#6893 = CARTESIAN_POINT ( 'NONE',  ( 23.70000013644814274, -9.399997494087431349, 1000.000000000000000 ) ) ;
#6894 = CARTESIAN_POINT ( 'NONE',  ( 4.196446644081398780, -8.000000146130739509, 1000.000000000000000 ) ) ;
#6895 = CARTESIAN_POINT ( 'NONE',  ( 15.82426411082386863, 3.185786278619581857, 0.000000000000000000 ) ) ;
#6896 = ORIENTED_EDGE ( 'NONE', *, *, #293, .F. ) ;
#6897 = VERTEX_POINT ( 'NONE', #6822 ) ;
#6898 = ORIENTED_EDGE ( 'NONE', *, *, #7595, .T. ) ;
#6899 = ORIENTED_EDGE ( 'NONE', *, *, #9693, .F. ) ;
#6900 = ORIENTED_EDGE ( 'NONE', *, *, #8749, .F. ) ;
#6901 = CIRCLE ( 'NONE', #10970, 1.500000000000008216 ) ;
#6902 = DIRECTION ( 'NONE',  ( -1.000000000000000000, 0.000000000000000000, 0.000000000000000000 ) ) ;
#6903 = CARTESIAN_POINT ( 'NONE',  ( 15.62677641780198279, -8.073222469966875536, 1000.000000000000000 ) ) ;
#6904 = ORIENTED_EDGE ( 'NONE', *, *, #8357, .F. ) ;
#6905 = VERTEX_POINT ( 'NONE', #3275 ) ;
#6906 = CARTESIAN_POINT ( 'NONE',  ( 16.40416236450338516, -4.585785185391127783, 1000.000000000000000 ) ) ;
#6907 = EDGE_CURVE ( 'NONE', #6988, #8889, #8613, .T. ) ;
#6908 = PLANE ( 'NONE',  #8974 ) ;
#6909 = EDGE_CURVE ( 'NONE', #990, #7333, #11026, .T. ) ;
#6910 = LINE ( 'NONE', #7202, #10336 ) ;
#6911 = VERTEX_POINT ( 'NONE', #10340 ) ;
#6912 = LINE ( 'NONE', #11243, #6969 ) ;
#6913 = ORIENTED_EDGE ( 'NONE', *, *, #685, .F. ) ;
#6914 = ORIENTED_EDGE ( 'NONE', *, *, #1299, .T. ) ;
#6915 = FACE_OUTER_BOUND ( 'NONE', #10359, .T. ) ;
#6916 = EDGE_CURVE ( 'NONE', #100, #5630, #5111, .T. ) ;
#6917 = ORIENTED_EDGE ( 'NONE', *, *, #6949, .T. ) ;
#6918 = EDGE_CURVE ( 'NONE', #2020, #9198, #9544, .T. ) ;
#6919 = ADVANCED_FACE ( 'NONE', ( #10278 ), #1718, .F. ) ;
#6920 = ADVANCED_FACE ( 'NONE', ( #1488 ), #2518, .F. ) ;
#6921 = CARTESIAN_POINT ( 'NONE',  ( 23.95000102667850683, 9.999998723948603896, 1000.000000000000000 ) ) ;
#6922 = AXIS2_PLACEMENT_3D ( 'NONE', #5566, #1200, #4702 ) ;
#6923 = CARTESIAN_POINT ( 'NONE',  ( -5.200000160796019344, 8.049999850923681421, 0.000000000000000000 ) ) ;
#6924 = CARTESIAN_POINT ( 'NONE',  ( -4.000000100991433882, 2.181623443726382838, 1000.000000000000000 ) ) ;
#6925 = ORIENTED_EDGE ( 'NONE', *, *, #2563, .F. ) ;
#6926 = CARTESIAN_POINT ( 'NONE',  ( -3.319999967925382656, -8.250000159032531144, 0.000000000000000000 ) ) ;
#6927 = DIRECTION ( 'NONE',  ( 0.000000000000000000, 0.000000000000000000, 1.000000000000000000 ) ) ;
#6928 = DIRECTION ( 'NONE',  ( 0.000000000000000000, -1.000000000000000000, 0.000000000000000000 ) ) ;
#6929 = EDGE_CURVE ( 'NONE', #4217, #6637, #4358, .T. ) ;
#6930 = EDGE_LOOP ( 'NONE', ( #6280, #2478, #3100, #90 ) ) ;
#6931 = CARTESIAN_POINT ( 'NONE',  ( 3.320000043618244412, 9.150000058338269682, 1000.000000000000000 ) ) ;
#6932 = EDGE_LOOP ( 'NONE', ( #5993, #10426, #5983, #5583 ) ) ;
#6933 = CARTESIAN_POINT ( 'NONE',  ( 28.00000012113675041, -3.319997592323320479, 0.000000000000000000 ) ) ;
#6934 = AXIS2_PLACEMENT_3D ( 'NONE', #5816, #3983, #1439 ) ;
#6935 = DIRECTION ( 'NONE',  ( -0.000000000000000000, -0.000000000000000000, -1.000000000000000000 ) ) ;
#6936 = DIRECTION ( 'NONE',  ( -0.000000000000000000, -0.000000000000000000, -1.000000000000000000 ) ) ;
#6937 = FACE_OUTER_BOUND ( 'NONE', #8958, .T. ) ;
#6938 = VECTOR ( 'NONE', #1006, 1000.000000000000000 ) ;
#6939 = DIRECTION ( 'NONE',  ( 0.7071066167119323120, -0.7071069456611244197, 0.000000000000000000 ) ) ;
#6940 = CARTESIAN_POINT ( 'NONE',  ( 15.29644692136327500, 8.299999394222338012, 1000.000000000000000 ) ) ;
#6941 = EDGE_CURVE ( 'NONE', #10132, #5797, #11381, .T. ) ;
#6942 = DIRECTION ( 'NONE',  ( 1.000000000000000000, 0.000000000000000000, 0.000000000000000000 ) ) ;
#6943 = ORIENTED_EDGE ( 'NONE', *, *, #5533, .T. ) ;
#6944 = ORIENTED_EDGE ( 'NONE', *, *, #3361, .F. ) ;
#6945 = ORIENTED_EDGE ( 'NONE', *, *, #6244, .T. ) ;
#6946 = PLANE ( 'NONE',  #7021 ) ;
#6947 = VECTOR ( 'NONE', #5991, 1000.000000000000000 ) ;
#6948 = VERTEX_POINT ( 'NONE', #795 ) ;
#6949 = EDGE_CURVE ( 'NONE', #3288, #10736, #3494, .T. ) ;
#6950 = CARTESIAN_POINT ( 'NONE',  ( 24.58578507738358354, 3.595839530616790292, 0.000000000000000000 ) ) ;
#6951 = CARTESIAN_POINT ( 'NONE',  ( 24.95000031312306987, 8.049999194463003604, 1000.000000000000000 ) ) ;
#6952 = CARTESIAN_POINT ( 'NONE',  ( 13.00000025118520952, -8.600000631010226826, 1000.000000000000000 ) ) ;
#6953 = PLANE ( 'NONE',  #3308 ) ;
#6954 = LINE ( 'NONE', #4372, #6691 ) ;
#6955 = CIRCLE ( 'NONE', #6038, 0.2499999246625226323 ) ;
#6956 = ORIENTED_EDGE ( 'NONE', *, *, #9027, .F. ) ;
#6957 = ORIENTED_EDGE ( 'NONE', *, *, #9868, .T. ) ;
#6958 = AXIS2_PLACEMENT_3D ( 'NONE', #890, #5491, #3534 ) ;
#6959 = VERTEX_POINT ( 'NONE', #9588 ) ;
#6960 = ORIENTED_EDGE ( 'NONE', *, *, #3436, .T. ) ;
#6961 = ORIENTED_EDGE ( 'NONE', *, *, #2992, .F. ) ;
#6962 = CARTESIAN_POINT ( 'NONE',  ( 23.70000013644814274, -9.399997494087431349, 1000.000000000000000 ) ) ;
#6963 = DIRECTION ( 'NONE',  ( -7.152555139911705747E-07, 0.9999999999997442046, -0.000000000000000000 ) ) ;
#6964 = VERTEX_POINT ( 'NONE', #2639 ) ;
#6965 = AXIS2_PLACEMENT_3D ( 'NONE', #11282, #2533, #5244 ) ;
#6966 = CARTESIAN_POINT ( 'NONE',  ( -0.1815216637469636851, 3.945217053284433284, 1000.000000000000000 ) ) ;
#6967 = DIRECTION ( 'NONE',  ( -0.000000000000000000, -0.000000000000000000, -1.000000000000000000 ) ) ;
#6968 = AXIS2_PLACEMENT_3D ( 'NONE', #10901, #3025, #6514 ) ;
#6969 = VECTOR ( 'NONE', #5994, 1000.000000000000000 ) ;
#6970 = DIRECTION ( 'NONE',  ( 0.7808705683273339249, 0.6246928489426997189, 0.000000000000000000 ) ) ;
#6971 = CARTESIAN_POINT ( 'NONE',  ( -5.897056256660560436, -4.907106769605135810, 0.000000000000000000 ) ) ;
#6972 = VERTEX_POINT ( 'NONE', #853 ) ;
#6973 = DIRECTION ( 'NONE',  ( -1.000000000000000000, 0.000000000000000000, 0.000000000000000000 ) ) ;
#6974 = VERTEX_POINT ( 'NONE', #9415 ) ;
#6975 = CIRCLE ( 'NONE', #9915, 0.2499998882413440593 ) ;
#6976 = ORIENTED_EDGE ( 'NONE', *, *, #10288, .T. ) ;
#6977 = VECTOR ( 'NONE', #353, 1000.000000000000000 ) ;
#6978 = DIRECTION ( 'NONE',  ( -1.000000000000000000, 0.000000000000000000, 0.000000000000000000 ) ) ;
#6979 = CARTESIAN_POINT ( 'NONE',  ( 9.999999835802853454, -9.799999803598330672, 1000.000000000000000 ) ) ;
#6980 = EDGE_CURVE ( 'NONE', #11123, #5401, #4590, .T. ) ;
#6981 = CARTESIAN_POINT ( 'NONE',  ( 24.19999938907189829, -6.604160782369819849, 0.000000000000000000 ) ) ;
#6982 = DIRECTION ( 'NONE',  ( -0.000000000000000000, -0.000000000000000000, -1.000000000000000000 ) ) ;
#6983 = VECTOR ( 'NONE', #9687, 1000.000000000000000 ) ;
#6984 = EDGE_LOOP ( 'NONE', ( #4701, #3304, #10927, #1449 ) ) ;
#6985 = ADVANCED_FACE ( 'NONE', ( #8558 ), #4187, .F. ) ;
#6986 = LINE ( 'NONE', #1586, #7797 ) ;
#6987 = CARTESIAN_POINT ( 'NONE',  ( 28.24999968900306158, -3.069998122879336044, 1000.000000000000000 ) ) ;
#6988 = VERTEX_POINT ( 'NONE', #4132 ) ;
#6989 = DIRECTION ( 'NONE',  ( 1.000000000000000000, 0.000000000000000000, 0.000000000000000000 ) ) ;
#6990 = EDGE_CURVE ( 'NONE', #8665, #1307, #7701, .T. ) ;
#6991 = ORIENTED_EDGE ( 'NONE', *, *, #9730, .T. ) ;
#6992 = EDGE_CURVE ( 'NONE', #4433, #6885, #3331, .T. ) ;
#6993 = EDGE_CURVE ( 'NONE', #9342, #349, #6975, .T. ) ;
#6994 = DIRECTION ( 'NONE',  ( 0.9999999999999059641, -4.335459427792263828E-07, -0.000000000000000000 ) ) ;
#6995 = FACE_OUTER_BOUND ( 'NONE', #9549, .T. ) ;
#6996 = LINE ( 'NONE', #10511, #419 ) ;
#6997 = DIRECTION ( 'NONE',  ( 0.000000000000000000, 0.000000000000000000, 1.000000000000000000 ) ) ;
#6998 = FACE_OUTER_BOUND ( 'NONE', #7957, .T. ) ;
#6999 = DIRECTION ( 'NONE',  ( 6.905104500171662327E-08, 0.9999999999999975575, 0.000000000000000000 ) ) ;
#7000 = AXIS2_PLACEMENT_3D ( 'NONE', #7301, #6434, #4830 ) ;
#7001 = FACE_OUTER_BOUND ( 'NONE', #5774, .T. ) ;
#7002 = ORIENTED_EDGE ( 'NONE', *, *, #2996, .T. ) ;
#7003 = ADVANCED_BREP_SHAPE_REPRESENTATION ( '', ( #223, #2634 ), #2272 ) ;
#7004 = VERTEX_POINT ( 'NONE', #1138 ) ;
#7005 = ORIENTED_EDGE ( 'NONE', *, *, #65, .F. ) ;
#7006 = CARTESIAN_POINT ( 'NONE',  ( 23.99999925874300644, -2.181620839390427502, 1000.000000000000000 ) ) ;
#7007 = EDGE_CURVE ( 'NONE', #9711, #5601, #9012, .T. ) ;
#7008 = APPLICATION_PROTOCOL_DEFINITION ( 'draft international standard', 'automotive_design', 1998, #1936 ) ;
#7009 = AXIS2_PLACEMENT_3D ( 'NONE', #4582, #7977, #8949 ) ;
#7010 = EDGE_CURVE ( 'NONE', #363, #5791, #287, .T. ) ;
#7011 = VECTOR ( 'NONE', #10417, 1000.000000000000114 ) ;
#7012 = CARTESIAN_POINT ( 'NONE',  ( 23.94999866868387173, -9.999997517928891355, 0.000000000000000000 ) ) ;
#7013 = DIRECTION ( 'NONE',  ( -0.000000000000000000, -0.000000000000000000, -1.000000000000000000 ) ) ;
#7014 = DIRECTION ( 'NONE',  ( -0.000000000000000000, -0.000000000000000000, -1.000000000000000000 ) ) ;
#7015 = CARTESIAN_POINT ( 'NONE',  ( 28.22677608077515998, -4.526774332770449938, 1000.000000000000000 ) ) ;
#7016 = FACE_BOUND ( 'NONE', #387, .T. ) ;
#7017 = ORIENTED_EDGE ( 'NONE', *, *, #7368, .F. ) ;
#7018 = ORIENTED_EDGE ( 'NONE', *, *, #3736, .T. ) ;
#7019 = AXIS2_PLACEMENT_3D ( 'NONE', #3829, #7274, #7155 ) ;
#7020 = ORIENTED_EDGE ( 'NONE', *, *, #4891, .T. ) ;
#7021 = AXIS2_PLACEMENT_3D ( 'NONE', #5, #9650, #1669 ) ;
#7022 = EDGE_LOOP ( 'NONE', ( #10372, #2815, #10924, #7726 ) ) ;
#7023 = EDGE_LOOP ( 'NONE', ( #6453, #7685, #4321, #2418 ) ) ;
#7024 = DIRECTION ( 'NONE',  ( 0.000000000000000000, 0.000000000000000000, 1.000000000000000000 ) ) ;
#7025 = CARTESIAN_POINT ( 'NONE',  ( 30.00000091491977727, 8.499998612189891389, 1000.000000000000000 ) ) ;
#7026 = ORIENTED_EDGE ( 'NONE', *, *, #2993, .F. ) ;
#7027 = CARTESIAN_POINT ( 'NONE',  ( 0.6113934323519336633, -2.424087059261049948, 1000.000000000000000 ) ) ;
#7028 = VECTOR ( 'NONE', #5888, 1000.000000000000000 ) ;
#7029 = CYLINDRICAL_SURFACE ( 'NONE', #4887, 1.499999888241329682 ) ;
#7030 = CIRCLE ( 'NONE', #9783, 0.2500000885090440939 ) ;
#7031 = LINE ( 'NONE', #3468, #7130 ) ;
#7032 = FACE_OUTER_BOUND ( 'NONE', #9432, .T. ) ;
#7033 = VERTEX_POINT ( 'NONE', #908 ) ;
#7034 = ORIENTED_EDGE ( 'NONE', *, *, #8194, .F. ) ;
#7035 = EDGE_CURVE ( 'NONE', #5988, #888, #5339, .T. ) ;
#7036 = ORIENTED_EDGE ( 'NONE', *, *, #8622, .F. ) ;
#7037 = AXIS2_PLACEMENT_3D ( 'NONE', #4760, #8033, #10684 ) ;
#7038 = DIRECTION ( 'NONE',  ( 0.000000000000000000, 0.000000000000000000, 1.000000000000000000 ) ) ;
#7039 = DIRECTION ( 'NONE',  ( -0.000000000000000000, -0.000000000000000000, -1.000000000000000000 ) ) ;
#7040 = AXIS2_PLACEMENT_3D ( 'NONE', #8526, #648, #4154 ) ;
#7041 = DIRECTION ( 'NONE',  ( -1.000000000000000000, 0.000000000000000000, 0.000000000000000000 ) ) ;
#7042 = VECTOR ( 'NONE', #8718, 1000.000000000000000 ) ;
#7043 = CARTESIAN_POINT ( 'NONE',  ( 0.6113934323519124581, 2.424087059261044619, 0.000000000000000000 ) ) ;
#7044 = VERTEX_POINT ( 'NONE', #4584 ) ;
#7045 = DIRECTION ( 'NONE',  ( -0.7808681934391462631, 0.6246958175585011208, -0.000000000000000000 ) ) ;
#7046 = DIRECTION ( 'NONE',  ( -1.000000000000000000, 0.000000000000000000, 0.000000000000000000 ) ) ;
#7047 = VERTEX_POINT ( 'NONE', #5398 ) ;
#7048 = CARTESIAN_POINT ( 'NONE',  ( 15.80355302448195687, -7.999999148696918638, 0.000000000000000000 ) ) ;
#7049 = VERTEX_POINT ( 'NONE', #10744 ) ;
#7050 = CIRCLE ( 'NONE', #1542, 0.9999999999999974465 ) ;
#7051 = LINE ( 'NONE', #2804, #6892 ) ;
#7052 = CARTESIAN_POINT ( 'NONE',  ( -6.000000005996534824, 2.181623461451620560, 1000.000000000000000 ) ) ;
#7053 = EDGE_CURVE ( 'NONE', #9615, #1491, #2810, .T. ) ;
#7054 = EDGE_CURVE ( 'NONE', #286, #10548, #6365, .T. ) ;
#7055 = VECTOR ( 'NONE', #8284, 1000.000000000000000 ) ;
#7056 = LINE ( 'NONE', #9751, #7570 ) ;
#7057 = EDGE_CURVE ( 'NONE', #11140, #8014, #9870, .T. ) ;
#7058 = CARTESIAN_POINT ( 'NONE',  ( 5.199999920073889115, 8.050000125768356440, 0.000000000000000000 ) ) ;
#7059 = DIRECTION ( 'NONE',  ( -0.9999999999995471400, -9.516874469714053563E-07, 0.000000000000000000 ) ) ;
#7060 = DIRECTION ( 'NONE',  ( -0.000000000000000000, -0.000000000000000000, -1.000000000000000000 ) ) ;
#7061 = EDGE_CURVE ( 'NONE', #3294, #8070, #5510, .T. ) ;
#7062 = CARTESIAN_POINT ( 'NONE',  ( -0.3376952213033496131, -3.999999809996559907, 1000.000000000000000 ) ) ;
#7063 = ORIENTED_EDGE ( 'NONE', *, *, #1864, .T. ) ;
#7064 = ORIENTED_EDGE ( 'NONE', *, *, #9624, .T. ) ;
#7065 = CIRCLE ( 'NONE', #2857, 0.2500004282593760729 ) ;
#7066 = DIRECTION ( 'NONE',  ( -0.000000000000000000, -0.000000000000000000, -1.000000000000000000 ) ) ;
#7067 = ADVANCED_FACE ( 'NONE', ( #8951 ), #227, .F. ) ;
#7068 = EDGE_CURVE ( 'NONE', #1186, #8423, #2718, .T. ) ;
#7069 = DIRECTION ( 'NONE',  ( -0.000000000000000000, -0.000000000000000000, -1.000000000000000000 ) ) ;
#7070 = CARTESIAN_POINT ( 'NONE',  ( 13.77573613563306942, 5.234314435410487576, 1000.000000000000000 ) ) ;
#7071 = PLANE ( 'NONE',  #5714 ) ;
#7072 = EDGE_CURVE ( 'NONE', #5985, #7129, #6249, .T. ) ;
#7073 = CARTESIAN_POINT ( 'NONE',  ( 13.00000024186937608, 8.599999976544870250, 0.000000000000000000 ) ) ;
#7074 = AXIS2_PLACEMENT_3D ( 'NONE', #6184, #6240, #6354 ) ;
#7075 = DIRECTION ( 'NONE',  ( -0.7071067498443671662, 0.7071068125287263140, 0.000000000000000000 ) ) ;
#7076 = ORIENTED_EDGE ( 'NONE', *, *, #258, .F. ) ;
#7077 = EDGE_LOOP ( 'NONE', ( #6873, #214, #10520, #6091 ) ) ;
#7078 = EDGE_CURVE ( 'NONE', #6911, #3070, #8032, .T. ) ;
#7079 = VERTEX_POINT ( 'NONE', #7289 ) ;
#7080 = VERTEX_POINT ( 'NONE', #10624 ) ;
#7081 = VERTEX_POINT ( 'NONE', #2748 ) ;
#7082 = CYLINDRICAL_SURFACE ( 'NONE', #2423, 1.000000007078056807 ) ;
#7083 = LINE ( 'NONE', #4493, #2093 ) ;
#7084 = ORIENTED_EDGE ( 'NONE', *, *, #3269, .T. ) ;
#7085 = CARTESIAN_POINT ( 'NONE',  ( 4.703553303589187884, 8.049999772983470692, 0.000000000000000000 ) ) ;
#7086 = CARTESIAN_POINT ( 'NONE',  ( 28.04999787550034540, 4.950002429114308100, 0.000000000000000000 ) ) ;
#7087 = DIRECTION ( 'NONE',  ( -1.000000000000000000, 0.000000000000000000, 0.000000000000000000 ) ) ;
#7088 = DIRECTION ( 'NONE',  ( -0.000000000000000000, -0.000000000000000000, -1.000000000000000000 ) ) ;
#7089 = ORIENTED_EDGE ( 'NONE', *, *, #2641, .T. ) ;
#7090 = ORIENTED_EDGE ( 'NONE', *, *, #1169, .T. ) ;
#7091 = ADVANCED_FACE ( 'NONE', ( #2924 ), #9643, .F. ) ;
#7092 = AXIS2_PLACEMENT_3D ( 'NONE', #1862, #836, #9626 ) ;
#7093 = ORIENTED_EDGE ( 'NONE', *, *, #10503, .F. ) ;
#7094 = LINE ( 'NONE', #10493, #6539 ) ;
#7095 = CARTESIAN_POINT ( 'NONE',  ( 3.700000044735841875, 9.399999876022635092, 1000.000000000000000 ) ) ;
#7096 = VECTOR ( 'NONE', #7723, 999.9999999999998863 ) ;
#7097 = EDGE_CURVE ( 'NONE', #10836, #2617, #4414, .T. ) ;
#7098 = DIRECTION ( 'NONE',  ( -0.000000000000000000, -0.000000000000000000, -1.000000000000000000 ) ) ;
#7099 = LINE ( 'NONE', #10611, #8126 ) ;
#7100 = EDGE_LOOP ( 'NONE', ( #8385, #6726, #2537, #8943 ) ) ;
#7101 = DIRECTION ( 'NONE',  ( -1.000000000000000000, 0.000000000000000000, 0.000000000000000000 ) ) ;
#7102 = FACE_OUTER_BOUND ( 'NONE', #6781, .T. ) ;
#7103 = ORIENTED_EDGE ( 'NONE', *, *, #6907, .T. ) ;
#7104 = DIRECTION ( 'NONE',  ( 1.000000000000000000, 0.000000000000000000, 0.000000000000000000 ) ) ;
#7105 = ORIENTED_EDGE ( 'NONE', *, *, #9233, .F. ) ;
#7106 = CYLINDRICAL_SURFACE ( 'NONE', #1402, 2.999999847569633893 ) ;
#7107 = AXIS2_PLACEMENT_3D ( 'NONE', #398, #3960, #3900 ) ;
#7108 = LINE ( 'NONE', #9009, #7546 ) ;
#7109 = LINE ( 'NONE', #6473, #8851 ) ;
#7110 = EDGE_LOOP ( 'NONE', ( #7090, #6011, #786, #10504 ) ) ;
#7111 = DIRECTION ( 'NONE',  ( -0.000000000000000000, -0.000000000000000000, -1.000000000000000000 ) ) ;
#7112 = CARTESIAN_POINT ( 'NONE',  ( -3.950000101005074704, 9.750000123395135887, 1000.000000000000000 ) ) ;
#7113 = VERTEX_POINT ( 'NONE', #3666 ) ;
#7114 = DIRECTION ( 'NONE',  ( -0.000000000000000000, -0.000000000000000000, -1.000000000000000000 ) ) ;
#7115 = VERTEX_POINT ( 'NONE', #7058 ) ;
#7116 = AXIS2_PLACEMENT_3D ( 'NONE', #10127, #2258, #863 ) ;
#7117 = ORIENTED_EDGE ( 'NONE', *, *, #1967, .F. ) ;
#7118 = DIRECTION ( 'NONE',  ( 1.000000000000000000, 0.000000000000000000, 0.000000000000000000 ) ) ;
#7119 = CARTESIAN_POINT ( 'NONE',  ( -4.585786510794970461, 3.595836956653164496, 1000.000000000000000 ) ) ;
#7120 = CARTESIAN_POINT ( 'NONE',  ( -4.949999980577608483, -8.049999931419609567, 0.000000000000000000 ) ) ;
#7121 = LINE ( 'NONE', #8795, #8290 ) ;
#7122 = CARTESIAN_POINT ( 'NONE',  ( 22.39372188296547606, -0.8559508052926739774, 0.000000000000000000 ) ) ;
#7123 = DIRECTION ( 'NONE',  ( -0.000000000000000000, -0.000000000000000000, -1.000000000000000000 ) ) ;
#7124 = EDGE_CURVE ( 'NONE', #3848, #1559, #10567, .T. ) ;
#7125 = ORIENTED_EDGE ( 'NONE', *, *, #4254, .T. ) ;
#7126 = VERTEX_POINT ( 'NONE', #8840 ) ;
#7127 = ORIENTED_EDGE ( 'NONE', *, *, #5180, .F. ) ;
#7128 = EDGE_CURVE ( 'NONE', #10403, #5030, #5090, .T. ) ;
#7129 = VERTEX_POINT ( 'NONE', #1885 ) ;
#7130 = VECTOR ( 'NONE', #27, 1000.000000000000000 ) ;
#7131 = ADVANCED_FACE ( 'NONE', ( #7171, #10683, #5452, #4875, #10982, #11037, #8432, #8381 ), #6534, .F. ) ;
#7132 = ORIENTED_EDGE ( 'NONE', *, *, #2673, .F. ) ;
#7133 = CARTESIAN_POINT ( 'NONE',  ( 4.200000106808827738, -6.604162941846972501, 1000.000000000000000 ) ) ;
#7134 = EDGE_CURVE ( 'NONE', #7126, #6048, #8580, .T. ) ;
#7135 = DIRECTION ( 'NONE',  ( -0.000000000000000000, -0.000000000000000000, -1.000000000000000000 ) ) ;
#7136 = CARTESIAN_POINT ( 'NONE',  ( 3.700000235153938277, -9.749999787236243165, 1000.000000000000000 ) ) ;
#7137 = EDGE_CURVE ( 'NONE', #6584, #1225, #513, .T. ) ;
#7138 = DIRECTION ( 'NONE',  ( 0.6246936091697394833, 0.7808699601486054354, -0.000000000000000000 ) ) ;
#7139 = VECTOR ( 'NONE', #7217, 1000.000000000000114 ) ;
#7140 = DIRECTION ( 'NONE',  ( -0.000000000000000000, -0.000000000000000000, -1.000000000000000000 ) ) ;
#7141 = CARTESIAN_POINT ( 'NONE',  ( 5.199999920073887338, 6.604162886759620932, 1000.000000000000000 ) ) ;
#7142 = DIRECTION ( 'NONE',  ( -0.5547009506994755590, 0.8320497913545187307, 0.000000000000000000 ) ) ;
#7143 = ORIENTED_EDGE ( 'NONE', *, *, #6107, .F. ) ;
#7144 = ORIENTED_EDGE ( 'NONE', *, *, #4606, .T. ) ;
#7145 = EDGE_LOOP ( 'NONE', ( #5269, #9804, #7942, #6591 ) ) ;
#7146 = DIRECTION ( 'NONE',  ( -0.000000000000000000, -0.000000000000000000, -1.000000000000000000 ) ) ;
#7147 = DIRECTION ( 'NONE',  ( 1.000000000000000000, 0.000000000000000000, 0.000000000000000000 ) ) ;
#7148 = AXIS2_PLACEMENT_3D ( 'NONE', #9898, #1339, #10951 ) ;
#7149 = FACE_OUTER_BOUND ( 'NONE', #1629, .T. ) ;
#7150 = CIRCLE ( 'NONE', #4779, 0.2499998882413007051 ) ;
#7151 = ORIENTED_EDGE ( 'NONE', *, *, #8685, .F. ) ;
#7152 = EDGE_CURVE ( 'NONE', #3752, #11118, #5737, .T. ) ;
#7153 = EDGE_CURVE ( 'NONE', #4308, #10589, #4011, .T. ) ;
#7154 = DIRECTION ( 'NONE',  ( 0.9999999999999946709, 1.030353633468727792E-07, -0.000000000000000000 ) ) ;
#7155 = DIRECTION ( 'NONE',  ( -0.7071067530590896544, 0.7071068093140042699, 0.000000000000000000 ) ) ;
#7156 = ORIENTED_EDGE ( 'NONE', *, *, #2345, .T. ) ;
#7157 = CIRCLE ( 'NONE', #727, 1.000000057619890192 ) ;
#7158 = CARTESIAN_POINT ( 'NONE',  ( -3.320000111199962411, -9.400000112317435708, 0.000000000000000000 ) ) ;
#7159 = DIRECTION ( 'NONE',  ( 1.000000000000000000, 0.000000000000000000, 0.000000000000000000 ) ) ;
#7160 = ORIENTED_EDGE ( 'NONE', *, *, #10654, .T. ) ;
#7161 = VECTOR ( 'NONE', #9765, 1000.000000000000227 ) ;
#7162 = LINE ( 'NONE', #9805, #840 ) ;
#7163 = AXIS2_PLACEMENT_3D ( 'NONE', #6721, #5920, #4030 ) ;
#7164 = ORIENTED_EDGE ( 'NONE', *, *, #9807, .T. ) ;
#7165 = CARTESIAN_POINT ( 'NONE',  ( 4.907106802391994371, 5.897056182837714822, 0.000000000000000000 ) ) ;
#7166 = EDGE_CURVE ( 'NONE', #5694, #416, #2059, .T. ) ;
#7167 = AXIS2_PLACEMENT_3D ( 'NONE', #7052, #11323, #1716 ) ;
#7168 = FACE_OUTER_BOUND ( 'NONE', #4742, .T. ) ;
#7169 = DIRECTION ( 'NONE',  ( -0.000000000000000000, -0.000000000000000000, -1.000000000000000000 ) ) ;
#7170 = VERTEX_POINT ( 'NONE', #10044 ) ;
#7171 = FACE_BOUND ( 'NONE', #8254, .T. ) ;
#7172 = CARTESIAN_POINT ( 'NONE',  ( -3.070000167687804371, 8.250000055594854942, 1000.000000000000000 ) ) ;
#7173 = CARTESIAN_POINT ( 'NONE',  ( 18.51507575950825668, -2.616295090390189593, 0.000000000000000000 ) ) ;
#7174 = EDGE_LOOP ( 'NONE', ( #10121, #8472, #1962, #5958 ) ) ;
#7175 = CARTESIAN_POINT ( 'NONE',  ( 23.59583541421784858, -4.585783971684326055, 1000.000000000000000 ) ) ;
#7176 = VERTEX_POINT ( 'NONE', #2286 ) ;
#7177 = CIRCLE ( 'NONE', #10491, 0.9999999999999940048 ) ;
#7178 = ORIENTED_EDGE ( 'NONE', *, *, #1749, .T. ) ;
#7179 = DIRECTION ( 'NONE',  ( 1.000000000000000000, 0.000000000000000000, 0.000000000000000000 ) ) ;
#7180 = CARTESIAN_POINT ( 'NONE',  ( -9.999999999999998224, -8.499999999999992895, 1000.000000000000000 ) ) ;
#7181 = CARTESIAN_POINT ( 'NONE',  ( 2.181623252749523179, 3.999999899292130845, 1000.000000000000000 ) ) ;
#7182 = CIRCLE ( 'NONE', #1680, 0.9999998995691983250 ) ;
#7183 = DIRECTION ( 'NONE',  ( -9.175977932928840339E-07, 0.9999999999995788924, 0.000000000000000000 ) ) ;
#7184 = CARTESIAN_POINT ( 'NONE',  ( -3.945217054806195112, 0.1815215375101514317, 0.000000000000000000 ) ) ;
#7185 = DIRECTION ( 'NONE',  ( -0.9999999999999992228, 3.939114658957814853E-08, 0.000000000000000000 ) ) ;
#7186 = VERTEX_POINT ( 'NONE', #4925 ) ;
#7187 = VERTEX_POINT ( 'NONE', #562 ) ;
#7188 = ORIENTED_EDGE ( 'NONE', *, *, #8680, .T. ) ;
#7189 = ORIENTED_EDGE ( 'NONE', *, *, #4395, .T. ) ;
#7190 = ORIENTED_EDGE ( 'NONE', *, *, #1025, .F. ) ;
#7191 = CARTESIAN_POINT ( 'NONE',  ( -8.226776624144690686, 4.526776845104122593, 1000.000000000000000 ) ) ;
#7192 = CIRCLE ( 'NONE', #3352, 1.000000007078109876 ) ;
#7193 = DIRECTION ( 'NONE',  ( 0.7071073198482932254, 0.7071062425243914706, 0.000000000000000000 ) ) ;
#7194 = EDGE_CURVE ( 'NONE', #11172, #799, #5676, .T. ) ;
#7195 = CARTESIAN_POINT ( 'NONE',  ( -2.500000000000000444, 0.000000000000000000, 0.000000000000000000 ) ) ;
#7196 = FACE_OUTER_BOUND ( 'NONE', #10166, .T. ) ;
#7197 = FACE_OUTER_BOUND ( 'NONE', #1684, .T. ) ;
#7198 = EDGE_CURVE ( 'NONE', #6048, #3019, #7578, .T. ) ;
#7199 = LINE ( 'NONE', #9093, #11017 ) ;
#7200 = VECTOR ( 'NONE', #10339, 1000.000000000000227 ) ;
#7201 = EDGE_CURVE ( 'NONE', #7207, #885, #1309, .T. ) ;
#7202 = CARTESIAN_POINT ( 'NONE',  ( -3.700000101005074260, 9.750000123395135887, 1000.000000000000000 ) ) ;
#7203 = EDGE_CURVE ( 'NONE', #2887, #4651, #11092, .T. ) ;
#7204 = LINE ( 'NONE', #8185, #1423 ) ;
#7205 = AXIS2_PLACEMENT_3D ( 'NONE', #2186, #3049, #5685 ) ;
#7206 = ORIENTED_EDGE ( 'NONE', *, *, #5118, .F. ) ;
#7207 = VERTEX_POINT ( 'NONE', #1249 ) ;
#7208 = VERTEX_POINT ( 'NONE', #9291 ) ;
#7209 = LINE ( 'NONE', #8989, #134 ) ;
#7210 = CARTESIAN_POINT ( 'NONE',  ( -8.000000247135805154, -4.196446520686222925, 1000.000000000000000 ) ) ;
#7211 = DIRECTION ( 'NONE',  ( -0.000000000000000000, -0.000000000000000000, -1.000000000000000000 ) ) ;
#7212 = AXIS2_PLACEMENT_3D ( 'NONE', #7857, #9510, #7741 ) ;
#7213 = VERTEX_POINT ( 'NONE', #8323 ) ;
#7214 = VECTOR ( 'NONE', #5134, 1000.000000000000000 ) ;
#7215 = EDGE_CURVE ( 'NONE', #8028, #8696, #9070, .T. ) ;
#7216 = EDGE_CURVE ( 'NONE', #2169, #10181, #5832, .T. ) ;
#7217 = DIRECTION ( 'NONE',  ( -9.516874469714052504E-07, 0.9999999999995470290, 0.000000000000000000 ) ) ;
#7218 = DIRECTION ( 'NONE',  ( -1.000000000000000000, 0.000000000000000000, 0.000000000000000000 ) ) ;
#7219 = LINE ( 'NONE', #6236, #3942 ) ;
#7220 = CARTESIAN_POINT ( 'NONE',  ( 15.80355302448195687, -8.249998894762160973, 1000.000000000000000 ) ) ;
#7221 = VECTOR ( 'NONE', #5141, 1000.000000000000000 ) ;
#7222 = ORIENTED_EDGE ( 'NONE', *, *, #1937, .F. ) ;
#7223 = ORIENTED_EDGE ( 'NONE', *, *, #10084, .T. ) ;
#7224 = CARTESIAN_POINT ( 'NONE',  ( 2.050609665440981999, 2.050609665440974894, 1000.000000000000000 ) ) ;
#7225 = EDGE_LOOP ( 'NONE', ( #6357, #3456, #5371, #10147 ) ) ;
#7226 = ORIENTED_EDGE ( 'NONE', *, *, #1111, .T. ) ;
#7227 = EDGE_CURVE ( 'NONE', #4066, #8572, #8226, .T. ) ;
#7228 = DIRECTION ( 'NONE',  ( -0.000000000000000000, -0.000000000000000000, -1.000000000000000000 ) ) ;
#7229 = AXIS2_PLACEMENT_3D ( 'NONE', #2178, #7467, #10045 ) ;
#7230 = CARTESIAN_POINT ( 'NONE',  ( 4.199999862453999810, 6.604162886759620932, 1000.000000000000000 ) ) ;
#7231 = CARTESIAN_POINT ( 'NONE',  ( 29.75000057964370725, 3.699998947466245358, 1000.000000000000000 ) ) ;
#7232 = ORIENTED_EDGE ( 'NONE', *, *, #8134, .T. ) ;
#7233 = DIRECTION ( 'NONE',  ( -0.000000000000000000, -0.000000000000000000, -1.000000000000000000 ) ) ;
#7234 = DIRECTION ( 'NONE',  ( -0.000000000000000000, -0.000000000000000000, -1.000000000000000000 ) ) ;
#7235 = VERTEX_POINT ( 'NONE', #7466 ) ;
#7236 = CARTESIAN_POINT ( 'NONE',  ( 25.89705509252597437, -4.907104382447458057, 0.000000000000000000 ) ) ;
#7237 = ORIENTED_EDGE ( 'NONE', *, *, #2849, .F. ) ;
#7238 = ADVANCED_FACE ( 'NONE', ( #3096 ), #2237, .T. ) ;
#7239 = ORIENTED_EDGE ( 'NONE', *, *, #6840, .F. ) ;
#7240 = DIRECTION ( 'NONE',  ( -0.000000000000000000, -0.000000000000000000, -1.000000000000000000 ) ) ;
#7241 = VECTOR ( 'NONE', #10773, 1000.000000000000000 ) ;
#7242 = LINE ( 'NONE', #4594, #6977 ) ;
#7243 = LINE ( 'NONE', #6201, #8046 ) ;
#7244 = CARTESIAN_POINT ( 'NONE',  ( 22.39372188296546184, 0.8559508052926600996, 1000.000000000000000 ) ) ;
#7245 = EDGE_CURVE ( 'NONE', #6680, #5493, #3844, .T. ) ;
#7246 = DIRECTION ( 'NONE',  ( 0.000000000000000000, 0.000000000000000000, 1.000000000000000000 ) ) ;
#7247 = CARTESIAN_POINT ( 'NONE',  ( 22.61629509039018160, -1.484924240491742875, 1000.000000000000000 ) ) ;
#7248 = ORIENTED_EDGE ( 'NONE', *, *, #2850, .T. ) ;
#7249 = ORIENTED_EDGE ( 'NONE', *, *, #7634, .T. ) ;
#7250 = AXIS2_PLACEMENT_3D ( 'NONE', #574, #3227, #4938 ) ;
#7251 = ORIENTED_EDGE ( 'NONE', *, *, #3614, .T. ) ;
#7252 = ORIENTED_EDGE ( 'NONE', *, *, #6395, .T. ) ;
#7253 = CYLINDRICAL_SURFACE ( 'NONE', #10689, 0.2500004282594558980 ) ;
#7254 = CARTESIAN_POINT ( 'NONE',  ( 25.19999940546319550, -8.049997726335563542, 1000.000000000000000 ) ) ;
#7255 = LINE ( 'NONE', #7136, #2347 ) ;
#7256 = AXIS2_PLACEMENT_3D ( 'NONE', #10750, #9074, #10570 ) ;
#7257 = FACE_OUTER_BOUND ( 'NONE', #10642, .T. ) ;
#7258 = CYLINDRICAL_SURFACE ( 'NONE', #7148, 0.6000000808388675777 ) ;
#7259 = CARTESIAN_POINT ( 'NONE',  ( 16.04999999732799409, -9.999999892116465006, 1000.000000000000000 ) ) ;
#7260 = DIRECTION ( 'NONE',  ( 1.000000000000000000, 0.000000000000000000, 0.000000000000000000 ) ) ;
#7261 = ORIENTED_EDGE ( 'NONE', *, *, #7642, .F. ) ;
#7262 = ORIENTED_EDGE ( 'NONE', *, *, #6313, .T. ) ;
#7263 = ORIENTED_EDGE ( 'NONE', *, *, #10390, .F. ) ;
#7264 = ORIENTED_EDGE ( 'NONE', *, *, #772, .F. ) ;
#7265 = DIRECTION ( 'NONE',  ( -0.9999999999999059641, 4.335457616139830978E-07, 0.000000000000000000 ) ) ;
#7266 = CARTESIAN_POINT ( 'NONE',  ( 0.6113934323519124581, 2.424087059261044619, 1000.000000000000000 ) ) ;
#7267 = CARTESIAN_POINT ( 'NONE',  ( 29.99999964172965505, -3.949998076722499363, 1000.000000000000000 ) ) ;
#7268 = CARTESIAN_POINT ( 'NONE',  ( 20.33769446910742218, -3.999998357232442459, 0.000000000000000000 ) ) ;
#7270 = EDGE_CURVE ( 'NONE', #8467, #11123, #9987, .T. ) ;
#7269 = ORIENTED_EDGE ( 'NONE', *, *, #4190, .F. ) ;
#7271 = EDGE_CURVE ( 'NONE', #2490, #2862, #782, .T. ) ;
#7272 = LINE ( 'NONE', #8939, #6403 ) ;
#7273 = VECTOR ( 'NONE', #10618, 1000.000000000000000 ) ;
#7274 = DIRECTION ( 'NONE',  ( 0.7071068093140042699, 0.7071067530590896544, -0.000000000000000000 ) ) ;
#7275 = LINE ( 'NONE', #9167, #7530 ) ;
#7276 = CYLINDRICAL_SURFACE ( 'NONE', #6767, 1.000000000000000888 ) ;
#7277 = ORIENTED_EDGE ( 'NONE', *, *, #180, .F. ) ;
#7278 = EDGE_CURVE ( 'NONE', #133, #7851, #8769, .T. ) ;
#7279 = ORIENTED_EDGE ( 'NONE', *, *, #5658, .F. ) ;
#7280 = DIRECTION ( 'NONE',  ( -1.518813391128282768E-07, -0.9999999999999885647, 0.000000000000000000 ) ) ;
#7281 = ADVANCED_FACE ( 'NONE', ( #1704 ), #10324, .T. ) ;
#7282 = EDGE_CURVE ( 'NONE', #1647, #4095, #7743, .T. ) ;
#7283 = VECTOR ( 'NONE', #4641, 1000.000000000000000 ) ;
#7284 = EDGE_CURVE ( 'NONE', #8084, #1788, #11141, .T. ) ;
#7285 = CARTESIAN_POINT ( 'NONE',  ( 3.070000090333477427, 8.250000058338313735, 0.000000000000000000 ) ) ;
#7286 = EDGE_CURVE ( 'NONE', #3671, #2917, #5220, .T. ) ;
#7287 = LINE ( 'NONE', #5564, #587 ) ;
#7288 = ORIENTED_EDGE ( 'NONE', *, *, #8332, .T. ) ;
#7289 = CARTESIAN_POINT ( 'NONE',  ( -0.6113934323519131242, -2.424087059261059718, 1000.000000000000000 ) ) ;
#7290 = DIRECTION ( 'NONE',  ( 1.000000000000000000, 0.000000000000000000, 0.000000000000000000 ) ) ;
#7291 = LINE ( 'NONE', #9699, #8820 ) ;
#7292 = ORIENTED_EDGE ( 'NONE', *, *, #6771, .F. ) ;
#7293 = CARTESIAN_POINT ( 'NONE',  ( -0.3376952213033496686, -3.999999809996560796, 1000.000000000000000 ) ) ;
#7294 = VERTEX_POINT ( 'NONE', #665 ) ;
#7295 = EDGE_LOOP ( 'NONE', ( #7901, #1861, #7263, #11285 ) ) ;
#7296 = CARTESIAN_POINT ( 'NONE',  ( 4.373223479645991674, 8.073223481912375377, 1000.000000000000000 ) ) ;
#7297 = PRODUCT_DEFINITION_CONTEXT ( 'detailed design', #1936, 'design' ) ;
#7298 = CARTESIAN_POINT ( 'NONE',  ( 23.39372188296547250, 0.8559508052926600996, 1000.000000000000000 ) ) ;
#7299 = DIRECTION ( 'NONE',  ( -0.000000000000000000, -0.000000000000000000, -1.000000000000000000 ) ) ;
#7300 = EDGE_CURVE ( 'NONE', #8053, #7129, #6004, .T. ) ;
#7301 = CARTESIAN_POINT ( 'NONE',  ( 28.24999732342335790, 3.320002564991417326, 1000.000000000000000 ) ) ;
#7302 = VECTOR ( 'NONE', #5955, 1000.000000000000227 ) ;
#7303 = CARTESIAN_POINT ( 'NONE',  ( 23.94999866868387173, -9.999997517928891355, 1000.000000000000000 ) ) ;
#7304 = LINE ( 'NONE', #1092, #7810 ) ;
#7305 = ORIENTED_EDGE ( 'NONE', *, *, #9274, .T. ) ;
#7306 = EDGE_LOOP ( 'NONE', ( #9853, #3647, #10034, #10021 ) ) ;
#7307 = ORIENTED_EDGE ( 'NONE', *, *, #1134, .T. ) ;
#7308 = DIRECTION ( 'NONE',  ( -0.000000000000000000, -0.000000000000000000, -1.000000000000000000 ) ) ;
#7309 = VECTOR ( 'NONE', #10527, 1000.000000000000114 ) ;
#7310 = ORIENTED_EDGE ( 'NONE', *, *, #1087, .T. ) ;
#7311 = CARTESIAN_POINT ( 'NONE',  ( -4.373223547227689245, -8.073223582606578574, 1000.000000000000000 ) ) ;
#7312 = DIRECTION ( 'NONE',  ( 0.9999999999999987788, -4.912470114708642969E-08, -0.000000000000000000 ) ) ;
#7313 = DIRECTION ( 'NONE',  ( -1.000000000000000000, 0.000000000000000000, 0.000000000000000000 ) ) ;
#7314 = CARTESIAN_POINT ( 'NONE',  ( 20.85595080529266454, -3.393721882965480940, 0.000000000000000000 ) ) ;
#7315 = DIRECTION ( 'NONE',  ( -0.000000000000000000, -0.000000000000000000, -1.000000000000000000 ) ) ;
#7316 = ADVANCED_FACE ( 'NONE', ( #2505 ), #1585, .T. ) ;
#7317 = CARTESIAN_POINT ( 'NONE',  ( -8.300000051637836052, -4.703553445905020780, 0.000000000000000000 ) ) ;
#7318 = AXIS2_PLACEMENT_3D ( 'NONE', #239, #123, #9022 ) ;
#7319 = ORIENTED_EDGE ( 'NONE', *, *, #9624, .F. ) ;
#7320 = ORIENTED_EDGE ( 'NONE', *, *, #8892, .F. ) ;
#7321 = ORIENTED_EDGE ( 'NONE', *, *, #7769, .F. ) ;
#7322 = VERTEX_POINT ( 'NONE', #4293 ) ;
#7323 = ORIENTED_EDGE ( 'NONE', *, *, #3413, .F. ) ;
#7324 = DIRECTION ( 'NONE',  ( -0.000000000000000000, -0.000000000000000000, -1.000000000000000000 ) ) ;
#7325 = LINE ( 'NONE', #2158, #6231 ) ;
#7326 = CARTESIAN_POINT ( 'NONE',  ( 23.32000066756055645, 9.399999083066850503, 0.000000000000000000 ) ) ;
#7327 = ORIENTED_EDGE ( 'NONE', *, *, #10519, .F. ) ;
#7328 = CIRCLE ( 'NONE', #532, 0.2499999321997235513 ) ;
#7329 = DIRECTION ( 'NONE',  ( 0.000000000000000000, 0.000000000000000000, 1.000000000000000000 ) ) ;
#7330 = CYLINDRICAL_SURFACE ( 'NONE', #2070, 0.9999998995691983250 ) ;
#7331 = ORIENTED_EDGE ( 'NONE', *, *, #6929, .T. ) ;
#7332 = FACE_OUTER_BOUND ( 'NONE', #1269, .T. ) ;
#7333 = VERTEX_POINT ( 'NONE', #3320 ) ;
#7334 = ORIENTED_EDGE ( 'NONE', *, *, #2465, .T. ) ;
#7335 = VECTOR ( 'NONE', #3401, 1000.000000000000227 ) ;
#7336 = VERTEX_POINT ( 'NONE', #1477 ) ;
#7337 = PRODUCT_DEFINITION ( 'UNKNOWN', '', #7583, #8223 ) ;
#7338 = DIRECTION ( 'NONE',  ( -1.000000000000000000, 0.000000000000000000, 0.000000000000000000 ) ) ;
#7339 = FACE_OUTER_BOUND ( 'NONE', #9761, .T. ) ;
#7340 = VECTOR ( 'NONE', #6203, 999.9999999999998863 ) ;
#7341 = EDGE_CURVE ( 'NONE', #7382, #440, #719, .T. ) ;
#7342 = AXIS2_PLACEMENT_3D ( 'NONE', #2905, #3944, #378 ) ;
#7343 = CARTESIAN_POINT ( 'NONE',  ( 22.05060966544096601, 2.050609665440974894, 0.000000000000000000 ) ) ;
#7344 = EDGE_CURVE ( 'NONE', #10239, #9771, #10603, .T. ) ;
#7345 = CIRCLE ( 'NONE', #5697, 2.000000057619885308 ) ;
#7346 = CARTESIAN_POINT ( 'NONE',  ( 16.92999944389873690, -8.249999338686601291, 1000.000000000000000 ) ) ;
#7347 = DIRECTION ( 'NONE',  ( -1.000000000000000000, 0.000000000000000000, 0.000000000000000000 ) ) ;
#7348 = LINE ( 'NONE', #10859, #7888 ) ;
#7349 = CARTESIAN_POINT ( 'NONE',  ( 9.999999835802853454, -9.799999803598330672, 0.000000000000000000 ) ) ;
#7350 = ORIENTED_EDGE ( 'NONE', *, *, #10168, .T. ) ;
#7351 = EDGE_CURVE ( 'NONE', #9948, #9788, #10213, .T. ) ;
#7353 = EDGE_CURVE ( 'NONE', #446, #8635, #681, .T. ) ;
#7352 = DIRECTION ( 'NONE',  ( 1.000000000000000000, 0.000000000000000000, 0.000000000000000000 ) ) ;
#7354 = ORIENTED_EDGE ( 'NONE', *, *, #6941, .F. ) ;
#7355 = ORIENTED_EDGE ( 'NONE', *, *, #8417, .F. ) ;
#7356 = VECTOR ( 'NONE', #8106, 1000.000000000000114 ) ;
#7357 = DIRECTION ( 'NONE',  ( 0.000000000000000000, 0.000000000000000000, 1.000000000000000000 ) ) ;
#7358 =( GEOMETRIC_REPRESENTATION_CONTEXT ( 3 ) GLOBAL_UNCERTAINTY_ASSIGNED_CONTEXT ( ( #10755 ) ) GLOBAL_UNIT_ASSIGNED_CONTEXT ( ( #2812, #3733, #6311 ) ) REPRESENTATION_CONTEXT ( 'NONE', 'WORKASPACE' ) );
#7359 = LINE ( 'NONE', #122, #2216 ) ;
#7360 = CARTESIAN_POINT ( 'NONE',  ( 13.00000025118520952, -8.600000631010226826, 0.000000000000000000 ) ) ;
#7361 = CYLINDRICAL_SURFACE ( 'NONE', #3120, 0.2500001743436057744 ) ;
#7362 = VECTOR ( 'NONE', #1941, 1000.000000000000000 ) ;
#7363 = CARTESIAN_POINT ( 'NONE',  ( -4.703553616209346977, 8.049999997666645868, 1000.000000000000000 ) ) ;
#7364 = ORIENTED_EDGE ( 'NONE', *, *, #4316, .F. ) ;
#7365 = VERTEX_POINT ( 'NONE', #5155 ) ;
#7366 = ORIENTED_EDGE ( 'NONE', *, *, #8824, .F. ) ;
#7367 = ADVANCED_FACE ( 'NONE', ( #11194 ), #616, .T. ) ;
#7368 = EDGE_CURVE ( 'NONE', #3070, #799, #3210, .T. ) ;
#7369 = ORIENTED_EDGE ( 'NONE', *, *, #10503, .T. ) ;
#7370 = CYLINDRICAL_SURFACE ( 'NONE', #5550, 0.2500001773238225145 ) ;
#7371 = ORIENTED_EDGE ( 'NONE', *, *, #4385, .F. ) ;
#7372 = DIRECTION ( 'NONE',  ( 1.000000000000000000, 0.000000000000000000, 0.000000000000000000 ) ) ;
#7373 = AXIS2_PLACEMENT_3D ( 'NONE', #9148, #9092, #1220 ) ;
#7374 = LINE ( 'NONE', #3011, #4739 ) ;
#7375 = CARTESIAN_POINT ( 'NONE',  ( 6.400000095838062286, 7.999999960302581314, 0.000000000000000000 ) ) ;
#7376 = CARTESIAN_POINT ( 'NONE',  ( -6.100000000000012079, 7.599999999999996092, 0.000000000000000000 ) ) ;
#7377 = DIRECTION ( 'NONE',  ( 0.000000000000000000, 0.000000000000000000, 1.000000000000000000 ) ) ;
#7378 = CARTESIAN_POINT ( 'NONE',  ( 20.00000000000000355, 0.000000000000000000, 1000.000000000000000 ) ) ;
#7379 = EDGE_LOOP ( 'NONE', ( #7381, #3175, #4309, #1160 ) ) ;
#7380 = EDGE_LOOP ( 'NONE', ( #9246, #2678, #4387, #11342 ) ) ;
#7381 = ORIENTED_EDGE ( 'NONE', *, *, #8342, .T. ) ;
#7382 = VERTEX_POINT ( 'NONE', #6699 ) ;
#7383 = EDGE_CURVE ( 'NONE', #7556, #363, #6555, .T. ) ;
#7384 = LINE ( 'NONE', #5716, #9480 ) ;
#7385 = CARTESIAN_POINT ( 'NONE',  ( 19.66230397645803052, -3.999998585597810852, 0.000000000000000000 ) ) ;
#7386 = CARTESIAN_POINT ( 'NONE',  ( 0.1815213465332990439, 3.945216853106878307, 0.000000000000000000 ) ) ;
#7387 = VERTEX_POINT ( 'NONE', #2450 ) ;
#7388 = AXIS2_PLACEMENT_3D ( 'NONE', #9867, #5508, #9815 ) ;
#7389 = VECTOR ( 'NONE', #5918, 1000.000000000000000 ) ;
#7390 = PLANE ( 'NONE',  #163 ) ;
#7391 = DIRECTION ( 'NONE',  ( 0.000000000000000000, 0.000000000000000000, 1.000000000000000000 ) ) ;
#7392 = EDGE_CURVE ( 'NONE', #1491, #7113, #8947, .T. ) ;
#7393 = ORIENTED_EDGE ( 'NONE', *, *, #9937, .F. ) ;
#7394 = CARTESIAN_POINT ( 'NONE',  ( -4.585786238752019628, -3.595836914670247353, 1000.000000000000000 ) ) ;
#7395 = ORIENTED_EDGE ( 'NONE', *, *, #10447, .F. ) ;
#7396 = ORIENTED_EDGE ( 'NONE', *, *, #6117, .F. ) ;
#7397 = EDGE_LOOP ( 'NONE', ( #8815, #4043, #8800, #7164 ) ) ;
#7398 = DIRECTION ( 'NONE',  ( -0.000000000000000000, -0.000000000000000000, -1.000000000000000000 ) ) ;
#7399 = DIRECTION ( 'NONE',  ( -0.000000000000000000, -0.000000000000000000, -1.000000000000000000 ) ) ;
#7400 = AXIS2_PLACEMENT_3D ( 'NONE', #2590, #1838, #5348 ) ;
#7401 = EDGE_LOOP ( 'NONE', ( #10137, #9226, #4176, #8380 ) ) ;
#7402 = CARTESIAN_POINT ( 'NONE',  ( 25.20000032951426405, 6.604162250497244813, 0.000000000000000000 ) ) ;
#7403 = AXIS2_PLACEMENT_3D ( 'NONE', #7794, #3303, #6796 ) ;
#7404 = LINE ( 'NONE', #1306, #7755 ) ;
#7405 = AXIS2_PLACEMENT_3D ( 'NONE', #6876, #6935, #6285 ) ;
#7406 = ORIENTED_EDGE ( 'NONE', *, *, #5028, .T. ) ;
#7407 = CARTESIAN_POINT ( 'NONE',  ( 24.37322271240137539, -8.073221246951977292, 0.000000000000000000 ) ) ;
#7408 = FACE_OUTER_BOUND ( 'NONE', #2767, .T. ) ;
#7409 = CARTESIAN_POINT ( 'NONE',  ( 3.949999932660333446, -9.999999675477502237, 0.000000000000000000 ) ) ;
#7410 = DIRECTION ( 'NONE',  ( 0.9999999999999992228, -3.939114801982141073E-08, -0.000000000000000000 ) ) ;
#7411 = ORIENTED_EDGE ( 'NONE', *, *, #8399, .F. ) ;
#7412 = FACE_OUTER_BOUND ( 'NONE', #4048, .T. ) ;
#7413 = EDGE_LOOP ( 'NONE', ( #6183, #724, #6180, #5075 ) ) ;
#7414 = EDGE_LOOP ( 'NONE', ( #10402, #2271, #3445, #448 ) ) ;
#7415 = CIRCLE ( 'NONE', #3929, 0.6000001460313968416 ) ;
#7416 = LINE ( 'NONE', #4075, #4827 ) ;
#7417 = VECTOR ( 'NONE', #3523, 1000.000000000000114 ) ;
#7418 = EDGE_CURVE ( 'NONE', #9563, #9551, #4170, .T. ) ;
#7419 = EDGE_CURVE ( 'NONE', #5761, #2313, #3446, .T. ) ;
#7420 = CARTESIAN_POINT ( 'NONE',  ( 20.18152065683991125, -3.945215538776844610, 1000.000000000000000 ) ) ;
#7421 = EDGE_CURVE ( 'NONE', #1116, #4944, #1224, .T. ) ;
#7422 = CARTESIAN_POINT ( 'NONE',  ( 2.050609665440981999, -2.050609665440989104, 1000.000000000000000 ) ) ;
#7423 = LINE ( 'NONE', #1428, #3673 ) ;
#7424 = AXIS2_PLACEMENT_3D ( 'NONE', #6294, #2973, #9978 ) ;
#7425 = CARTESIAN_POINT ( 'NONE',  ( 19.38860656764808610, 2.424087059261049948, 0.000000000000000000 ) ) ;
#7426 = ORIENTED_EDGE ( 'NONE', *, *, #2015, .T. ) ;
#7427 = ORIENTED_EDGE ( 'NONE', *, *, #963, .F. ) ;
#7428 = VERTEX_POINT ( 'NONE', #2840 ) ;
#7429 = ADVANCED_FACE ( 'NONE', ( #10831 ), #2096, .F. ) ;
#7430 = CARTESIAN_POINT ( 'NONE',  ( 20.18152065683990770, -3.945215538776848163, 1000.000000000000000 ) ) ;
#7431 = EDGE_CURVE ( 'NONE', #4860, #6808, #7204, .T. ) ;
#7432 = ORIENTED_EDGE ( 'NONE', *, *, #7035, .F. ) ;
#7433 = LINE ( 'NONE', #1104, #74 ) ;
#7434 = EDGE_CURVE ( 'NONE', #3251, #381, #7855, .T. ) ;
#7435 = CARTESIAN_POINT ( 'NONE',  ( -3.800000116697989316, 3.018084393513476016E-08, 1000.000000000000000 ) ) ;
#7436 = CARTESIAN_POINT ( 'NONE',  ( -4.196446577332036298, -7.999999969042732140, 0.000000000000000000 ) ) ;
#7437 = CARTESIAN_POINT ( 'NONE',  ( -7.999999867156196487, -3.320000131726341674, 0.000000000000000000 ) ) ;
#7438 = DIRECTION ( 'NONE',  ( -0.000000000000000000, -0.000000000000000000, -1.000000000000000000 ) ) ;
#7439 = EDGE_CURVE ( 'NONE', #812, #7716, #10795, .T. ) ;
#7440 = CARTESIAN_POINT ( 'NONE',  ( -9.750000213322500997, 3.950000235153863670, 1000.000000000000000 ) ) ;
#7441 = CARTESIAN_POINT ( 'NONE',  ( 20.85595080529266454, 3.393721882965480940, 0.000000000000000000 ) ) ;
#7442 = ORIENTED_EDGE ( 'NONE', *, *, #2500, .T. ) ;
#7443 = ORIENTED_EDGE ( 'NONE', *, *, #3218, .F. ) ;
#7445 = VERTEX_POINT ( 'NONE', #7317 ) ;
#7444 = ORIENTED_EDGE ( 'NONE', *, *, #687, .F. ) ;
#7446 = EDGE_LOOP ( 'NONE', ( #8761, #5829, #9732, #6567 ) ) ;
#7447 = ORIENTED_EDGE ( 'NONE', *, *, #10084, .F. ) ;
#7448 = CARTESIAN_POINT ( 'NONE',  ( 3.070000090333480092, 9.150000347420848001, 0.000000000000000000 ) ) ;
#7449 = FACE_OUTER_BOUND ( 'NONE', #10896, .T. ) ;
#7450 = DIRECTION ( 'NONE',  ( 0.000000000000000000, 0.000000000000000000, 1.000000000000000000 ) ) ;
#7451 = AXIS2_PLACEMENT_3D ( 'NONE', #5971, #3392, #4189 ) ;
#7452 = ORIENTED_EDGE ( 'NONE', *, *, #9452, .F. ) ;
#7453 = CARTESIAN_POINT ( 'NONE',  ( 0.3376954189101416537, -3.999999972434276074, 1000.000000000000000 ) ) ;
#7454 = EDGE_CURVE ( 'NONE', #8919, #5500, #4790, .T. ) ;
#7455 = CARTESIAN_POINT ( 'NONE',  ( 14.80000037677654845, 6.604162305548194389, 1000.000000000000000 ) ) ;
#7456 = DIRECTION ( 'NONE',  ( -0.000000000000000000, -0.000000000000000000, -1.000000000000000000 ) ) ;
#7457 = ORIENTED_EDGE ( 'NONE', *, *, #5886, .T. ) ;
#7458 = AXIS2_PLACEMENT_3D ( 'NONE', #7895, #7791, #8756 ) ;
#7459 = ORIENTED_EDGE ( 'NONE', *, *, #902, .F. ) ;
#7460 = CARTESIAN_POINT ( 'NONE',  ( -4.196446777094520186, 8.250000055594854942, 1000.000000000000000 ) ) ;
#7461 = ADVANCED_FACE ( 'NONE', ( #371 ), #8983, .F. ) ;
#7462 = CIRCLE ( 'NONE', #4510, 0.2499998882413440593 ) ;
#7463 = CARTESIAN_POINT ( 'NONE',  ( 15.62677641780198279, -8.073222469966875536, 1000.000000000000000 ) ) ;
#7464 = LINE ( 'NONE', #3207, #2985 ) ;
#7465 = ORIENTED_EDGE ( 'NONE', *, *, #9937, .T. ) ;
#7466 = CARTESIAN_POINT ( 'NONE',  ( 15.29644692136327500, 8.299999394222332683, 0.000000000000000000 ) ) ;
#7467 = DIRECTION ( 'NONE',  ( -0.000000000000000000, -0.000000000000000000, -1.000000000000000000 ) ) ;
#7468 = DIRECTION ( 'NONE',  ( -1.000000000000000000, 0.000000000000000000, 0.000000000000000000 ) ) ;
#7469 = CARTESIAN_POINT ( 'NONE',  ( 27.99999737013824586, 3.320002564991417326, 1000.000000000000000 ) ) ;
#7470 = ORIENTED_EDGE ( 'NONE', *, *, #11383, .T. ) ;
#7471 = LINE ( 'NONE', #5747, #5743 ) ;
#7472 = FACE_OUTER_BOUND ( 'NONE', #7413, .T. ) ;
#7473 = VECTOR ( 'NONE', #8302, 1000.000000000000000 ) ;
#7474 = CARTESIAN_POINT ( 'NONE',  ( 19.99999995234326278, 3.799999477111598800, 0.000000000000000000 ) ) ;
#7475 = DIRECTION ( 'NONE',  ( -0.000000000000000000, -0.000000000000000000, -1.000000000000000000 ) ) ;
#7476 = CARTESIAN_POINT ( 'NONE',  ( -6.604163042852044363, -4.199999983413666094, 0.000000000000000000 ) ) ;
#7477 = ORIENTED_EDGE ( 'NONE', *, *, #6290, .F. ) ;
#7478 = ORIENTED_EDGE ( 'NONE', *, *, #5448, .F. ) ;
#7479 = EDGE_CURVE ( 'NONE', #5300, #9161, #3639, .T. ) ;
#7480 = CARTESIAN_POINT ( 'NONE',  ( 3.950000044177011560, 10.00000001106444181, 1000.000000000000000 ) ) ;
#7481 = DIRECTION ( 'NONE',  ( -0.000000000000000000, -0.000000000000000000, -1.000000000000000000 ) ) ;
#7482 = VERTEX_POINT ( 'NONE', #1052 ) ;
#7483 =( LENGTH_UNIT ( ) NAMED_UNIT ( * ) SI_UNIT ( .MILLI., .METRE. ) );
#7484 = CARTESIAN_POINT ( 'NONE',  ( 29.75000032774140379, -3.699998077281760445, 1000.000000000000000 ) ) ;
#7485 = VECTOR ( 'NONE', #7806, 1000.000000000000000 ) ;
#7486 = CARTESIAN_POINT ( 'NONE',  ( 3.949999932660333446, -9.999999675477502237, 1000.000000000000000 ) ) ;
#7487 = DIRECTION ( 'NONE',  ( 0.000000000000000000, 1.000000000000000000, 0.000000000000000000 ) ) ;
#7488 = EDGE_CURVE ( 'NONE', #1530, #1352, #7050, .T. ) ;
#7489 = CARTESIAN_POINT ( 'NONE',  ( -8.073223496192357018, -4.373223302086835851, 1000.000000000000000 ) ) ;
#7490 = DIRECTION ( 'NONE',  ( -0.000000000000000000, -0.000000000000000000, -1.000000000000000000 ) ) ;
#7491 = EDGE_CURVE ( 'NONE', #8638, #7044, #10925, .T. ) ;
#7492 = LINE ( 'NONE', #4956, #2290 ) ;
#7493 = PLANE ( 'NONE',  #2041 ) ;
#7494 = ORIENTED_EDGE ( 'NONE', *, *, #3564, .T. ) ;
#7495 = EDGE_LOOP ( 'NONE', ( #8527, #4362, #7985, #9847 ) ) ;
#7496 = ADVANCED_FACE ( 'NONE', ( #2898 ), #6392, .F. ) ;
#7497 = VERTEX_POINT ( 'NONE', #3017 ) ;
#7498 = EDGE_CURVE ( 'NONE', #2549, #1411, #6451, .T. ) ;
#7499 = ORIENTED_EDGE ( 'NONE', *, *, #3791, .F. ) ;
#7500 = CIRCLE ( 'NONE', #6017, 0.2500001773238225145 ) ;
#7501 = ORIENTED_EDGE ( 'NONE', *, *, #6187, .F. ) ;
#7502 = CARTESIAN_POINT ( 'NONE',  ( -0.1815214141149754101, -3.945216953801122806, 1000.000000000000000 ) ) ;
#7503 = CARTESIAN_POINT ( 'NONE',  ( 15.82426411082386863, 3.185786278619581857, 1000.000000000000000 ) ) ;
#7504 = EDGE_CURVE ( 'NONE', #753, #3000, #10892, .T. ) ;
#7505 = ORIENTED_EDGE ( 'NONE', *, *, #8115, .F. ) ;
#7506 = AXIS2_PLACEMENT_3D ( 'NONE', #1759, #8657, #3374 ) ;
#7507 = LINE ( 'NONE', #4912, #4020 ) ;
#7508 = LINE ( 'NONE', #10202, #9584 ) ;
#7509 = DIRECTION ( 'NONE',  ( -1.000000000000000000, 0.000000000000000000, 0.000000000000000000 ) ) ;
#7510 = VERTEX_POINT ( 'NONE', #5649 ) ;
#7511 = ORIENTED_EDGE ( 'NONE', *, *, #1250, .F. ) ;
#7512 = DIRECTION ( 'NONE',  ( 0.9999999999999987788, -4.912469924867394254E-08, 0.000000000000000000 ) ) ;
#7513 = VECTOR ( 'NONE', #6793, 1000.000000000000000 ) ;
#7514 = EDGE_CURVE ( 'NONE', #1624, #4084, #3762, .T. ) ;
#7515 = ADVANCED_FACE ( 'NONE', ( #6278 ), #9786, .F. ) ;
#7516 = PLANE ( 'NONE',  #392 ) ;
#7517 = LINE ( 'NONE', #11034, #10063 ) ;
#7518 = DIRECTION ( 'NONE',  ( -1.473741064913210316E-07, -0.9999999999999891198, 0.000000000000000000 ) ) ;
#7519 = ORIENTED_EDGE ( 'NONE', *, *, #9810, .T. ) ;
#7520 = CIRCLE ( 'NONE', #7885, 0.2499995678663276266 ) ;
#7521 = CARTESIAN_POINT ( 'NONE',  ( 16.30000012249772823, -9.399999631345995255, 1000.000000000000000 ) ) ;
#7522 = CARTESIAN_POINT ( 'NONE',  ( 29.99999964172965505, -3.949998076722499363, 0.000000000000000000 ) ) ;
#7523 = LINE ( 'NONE', #9403, #11379 ) ;
#7524 = AXIS2_PLACEMENT_3D ( 'NONE', #896, #5328, #6237 ) ;
#7525 = CARTESIAN_POINT ( 'NONE',  ( -7.600000000000002309, -7.600000000000009415, 0.000000000000000000 ) ) ;
#7526 = ORIENTED_EDGE ( 'NONE', *, *, #3614, .F. ) ;
#7527 = DIRECTION ( 'NONE',  ( 0.000000000000000000, 0.000000000000000000, 1.000000000000000000 ) ) ;
#7528 = AXIS2_PLACEMENT_3D ( 'NONE', #2016, #5525, #9708 ) ;
#7529 = VECTOR ( 'NONE', #346, 1000.000000000000000 ) ;
#7530 = VECTOR ( 'NONE', #4002, 1000.000000000000000 ) ;
#7531 = DIRECTION ( 'NONE',  ( 1.000000000000000000, 0.000000000000000000, 0.000000000000000000 ) ) ;
#7532 = CARTESIAN_POINT ( 'NONE',  ( 6.224264026549540141, 5.234314592515013409, 0.000000000000000000 ) ) ;
#7533 = CYLINDRICAL_SURFACE ( 'NONE', #5136, 0.9999998863983138309 ) ;
#7534 = CARTESIAN_POINT ( 'NONE',  ( 9.999999758667000194, 9.799999922545918452, 1000.000000000000000 ) ) ;
#7535 = VECTOR ( 'NONE', #10514, 1000.000000000000000 ) ;
#7536 = ORIENTED_EDGE ( 'NONE', *, *, #7783, .T. ) ;
#7537 = VECTOR ( 'NONE', #4713, 1000.000000000000114 ) ;
#7538 = CLOSED_SHELL ( 'NONE', ( #9454, #3637, #3289, #7786, #5745, #8002, #4502, #2245, #3351, #1770, #9748, #255, #2305, #6920, #7777, #7131, #7639, #396, #7987, #1382, #2162, #733, #6581, #609, #8534, #3067, #2865, #2230, #3134, #530, #2002, #7496, #9664, #11307, #3015, #4654, #9797, #9597, #811, #8499, #11023, #5802, #6605, #5094, #1030, #4856, #2036, #6499, #8707, #9481, #9949, #8439, #10868, #107, #4109, #418, #2650, #10014, #3937, #1347, #8883, #4771, #11146, #6034, #4631, #9668, #8965, #6586, #5862, #10433, #2152, #10505, #10391, #11042, #5804, #730, #1177, #1457, #2861, #2231, #4333, #4819, #8647, #4456, #6150, #4602, #6919, #2722, #9176, #8042, #1598, #2717, #3372, #10259, #7717, #3689, #5691, #5795, #1274, #1890, #209, #8890, #1085, #2866, #876, #6000, #881, #961, #4893, #3291, #280, #11353, #10805, #5962, #10578, #5736, #3998, #8637, #2892, #8279, #8484, #5943, #11018, #9960, #5036, #1933, #1444, #9892, #8599, #10861, #2281, #355, #6803, #11219, #6529, #9953, #4898, #1380, #8213, #5450, #3081, #5190, #5742, #7461, #194, #10087, #5727, #114, #10107, #5166, #10150, #2921, #5001, #6564, #9332, #11153, #10610, #4130, #4129, #947, #6766, #7067, #6659, #7091, #4054, #10223, #596, #9301, #2117, #3029, #8273, #6835, #3150, #1378, #4755, #3004, #10363, #4962, #1648, #7924, #7429, #8153, #672, #10086, #1935, #635, #6374, #3010, #6350, #3071, #8556, #2971, #477, #2816, #8955, #7316, #4325, #1103, #7560, #3918, #10954, #5681, #6875, #4403, #1015, #405, #1725, #8218, #9512, #5905, #9673, #11207, #4207, #6884, #10125, #8197, #474, #8972, #5599, #8406, #2485, #8846, #6854, #4049, #10050, #5821, #5473, #9033, #4462, #8745, #4396, #11364, #966, #5026, #3726, #10661, #11148, #6985, #3339, #11019, #5313, #11049, #3215, #6081, #992, #2732, #5168, #6074, #3972, #7698, #3636, #8898, #2658, #1645, #10939, #6359, #7515, #1577, #6076, #4494, #7572, #1238, #3924, #120, #10791, #2234, #3913, #5520, #11287, #5874, #2638, #1727, #6423, #10574, #5307, #4521, #5788, #7801, #535, #471, #496, #8767, #11102, #4052, #8275, #5262, #1019, #484, #9030, #1027, #6016, #8747, #9811, #11218, #555, #9299, #8183, #4772, #6718, #1578, #3838, #2603, #7367, #5057, #1437, #121, #185, #300, #5663, #7865, #6291, #3168, #2679, #2496, #6355, #3835, #9076, #2225, #2714, #3993, #7281, #11281, #4839, #3852, #5247, #3313, #1397, #7238, #11225, #9245, #9651, #10986 ) ) ;
#7539 = ORIENTED_EDGE ( 'NONE', *, *, #10722, .T. ) ;
#7540 = CARTESIAN_POINT ( 'NONE',  ( -8.299999909862695091, 4.703553497455950527, 1000.000000000000000 ) ) ;
#7541 = CARTESIAN_POINT ( 'NONE',  ( 8.922967370325045167, 8.600000106333938632, 1000.000000000000000 ) ) ;
#7542 = EDGE_LOOP ( 'NONE', ( #4711, #5695, #10798, #6371 ) ) ;
#7543 = CARTESIAN_POINT ( 'NONE',  ( 0.000000000000000000, 0.000000000000000000, 0.000000000000000000 ) ) ;
#7544 = LINE ( 'NONE', #3178, #6779 ) ;
#7545 = FACE_OUTER_BOUND ( 'NONE', #7145, .T. ) ;
#7546 = VECTOR ( 'NONE', #1135, 1000.000000000000114 ) ;
#7547 = CARTESIAN_POINT ( 'NONE',  ( 3.595836765676336810, 4.585786309095691848, 1000.000000000000000 ) ) ;
#7548 = AXIS2_PLACEMENT_3D ( 'NONE', #1873, #7967, #1987 ) ;
#7549 = CARTESIAN_POINT ( 'NONE',  ( 0.000000000000000000, 0.000000000000000000, 0.000000000000000000 ) ) ;
#7550 = PLANE ( 'NONE',  #8521 ) ;
#7551 = VERTEX_POINT ( 'NONE', #5540 ) ;
#7552 = VERTEX_POINT ( 'NONE', #9044 ) ;
#7553 = ORIENTED_EDGE ( 'NONE', *, *, #3650, .F. ) ;
#7554 = ORIENTED_EDGE ( 'NONE', *, *, #2415, .T. ) ;
#7555 = AXIS2_PLACEMENT_3D ( 'NONE', #2761, #10582, #7939 ) ;
#7556 = VERTEX_POINT ( 'NONE', #1173 ) ;
#7557 = LINE ( 'NONE', #2370, #10406 ) ;
#7558 = PLANE ( 'NONE',  #10152 ) ;
#7559 = ORIENTED_EDGE ( 'NONE', *, *, #1591, .T. ) ;
#7560 = ADVANCED_FACE ( 'NONE', ( #4038 ), #5708, .F. ) ;
#7561 = EDGE_CURVE ( 'NONE', #84, #10700, #7492, .T. ) ;
#7562 = PLANE ( 'NONE',  #4383 ) ;
#7563 = AXIS2_PLACEMENT_3D ( 'NONE', #2133, #2823, #8048 ) ;
#7564 = DIRECTION ( 'NONE',  ( -0.000000000000000000, -0.000000000000000000, -1.000000000000000000 ) ) ;
#7565 = DIRECTION ( 'NONE',  ( -0.000000000000000000, -0.000000000000000000, -1.000000000000000000 ) ) ;
#7566 = ORIENTED_EDGE ( 'NONE', *, *, #6990, .T. ) ;
#7567 = ORIENTED_EDGE ( 'NONE', *, *, #463, .T. ) ;
#7568 = DIRECTION ( 'NONE',  ( -0.000000000000000000, -0.000000000000000000, -1.000000000000000000 ) ) ;
#7569 = EDGE_CURVE ( 'NONE', #4834, #10006, #1556, .T. ) ;
#7570 = VECTOR ( 'NONE', #8095, 1000.000000000000227 ) ;
#7571 = VERTEX_POINT ( 'NONE', #4850 ) ;
#7572 = ADVANCED_FACE ( 'NONE', ( #3935 ), #7550, .F. ) ;
#7573 = AXIS2_PLACEMENT_3D ( 'NONE', #6214, #8004, #4492 ) ;
#7574 = CARTESIAN_POINT ( 'NONE',  ( 15.62677706052485682, 8.073222827534767276, 1000.000000000000000 ) ) ;
#7575 = DIRECTION ( 'NONE',  ( -0.000000000000000000, -0.000000000000000000, -1.000000000000000000 ) ) ;
#7576 = DIRECTION ( 'NONE',  ( 9.516871885576335902E-07, -0.9999999999995470290, 0.000000000000000000 ) ) ;
#7577 = ORIENTED_EDGE ( 'NONE', *, *, #1610, .F. ) ;
#7578 = LINE ( 'NONE', #7407, #10234 ) ;
#7579 = DIRECTION ( 'NONE',  ( -0.000000000000000000, -0.000000000000000000, -1.000000000000000000 ) ) ;
#7580 = DIRECTION ( 'NONE',  ( -0.000000000000000000, -0.000000000000000000, -1.000000000000000000 ) ) ;
#7581 = AXIS2_PLACEMENT_3D ( 'NONE', #5610, #7391, #1240 ) ;
#7582 = EDGE_CURVE ( 'NONE', #11108, #4576, #1498, .T. ) ;
#7583 = PRODUCT_DEFINITION_FORMATION_WITH_SPECIFIED_SOURCE ( 'ANY', '', #924, .NOT_KNOWN. ) ;
#7584 = LINE ( 'NONE', #2986, #8365 ) ;
#7585 = AXIS2_PLACEMENT_3D ( 'NONE', #2243, #3267, #514 ) ;
#7586 = ORIENTED_EDGE ( 'NONE', *, *, #1335, .F. ) ;
#7587 = DIRECTION ( 'NONE',  ( 1.000000000000000000, 0.000000000000000000, 0.000000000000000000 ) ) ;
#7588 = CARTESIAN_POINT ( 'NONE',  ( -3.800000116697989316, 3.018084393513476016E-08, 1000.000000000000000 ) ) ;
#7589 = CARTESIAN_POINT ( 'NONE',  ( 16.04999999732799409, -9.749999766946654489, 1000.000000000000000 ) ) ;
#7590 = VECTOR ( 'NONE', #7088, 1000.000000000000000 ) ;
#7591 = CIRCLE ( 'NONE', #8144, 1.500000000000008216 ) ;
#7592 = LINE ( 'NONE', #4019, #11213 ) ;
#7593 = DIRECTION ( 'NONE',  ( 0.000000000000000000, 0.000000000000000000, 1.000000000000000000 ) ) ;
#7594 = DIRECTION ( 'NONE',  ( -0.9999999999999946709, -1.030354193407589000E-07, 0.000000000000000000 ) ) ;
#7595 = EDGE_CURVE ( 'NONE', #170, #8053, #6725, .T. ) ;
#7596 = CARTESIAN_POINT ( 'NONE',  ( 24.19644703095001503, 7.999998949105764368, 0.000000000000000000 ) ) ;
#7597 = ORIENTED_EDGE ( 'NONE', *, *, #2947, .F. ) ;
#7598 = VECTOR ( 'NONE', #4305, 1000.000000000000000 ) ;
#7599 = VECTOR ( 'NONE', #251, 1000.000000000000000 ) ;
#7600 = ORIENTED_EDGE ( 'NONE', *, *, #3217, .T. ) ;
#7601 = CARTESIAN_POINT ( 'NONE',  ( 20.00000000000000355, 0.000000000000000000, 0.000000000000000000 ) ) ;
#7602 =( LENGTH_UNIT ( ) NAMED_UNIT ( * ) SI_UNIT ( .MILLI., .METRE. ) );
#7603 = EDGE_CURVE ( 'NONE', #7611, #10879, #6621, .T. ) ;
#7604 = CARTESIAN_POINT ( 'NONE',  ( 16.68000022030514984, 9.399999558957663481, 1000.000000000000000 ) ) ;
#7605 = CIRCLE ( 'NONE', #11098, 1.999999905005111378 ) ;
#7606 = DIRECTION ( 'NONE',  ( -0.000000000000000000, -0.000000000000000000, -1.000000000000000000 ) ) ;
#7607 = LINE ( 'NONE', #7547, #4426 ) ;
#7608 = FACE_OUTER_BOUND ( 'NONE', #8702, .T. ) ;
#7609 = DIRECTION ( 'NONE',  ( 0.9999999999989646060, -1.439044544361471647E-06, 0.000000000000000000 ) ) ;
#7610 = ORIENTED_EDGE ( 'NONE', *, *, #664, .F. ) ;
#7611 = VERTEX_POINT ( 'NONE', #11006 ) ;
#7612 = AXIS2_PLACEMENT_3D ( 'NONE', #7441, #9320, #5012 ) ;
#7614 = VERTEX_POINT ( 'NONE', #6780 ) ;
#7613 = ORIENTED_EDGE ( 'NONE', *, *, #2046, .T. ) ;
#7615 = VERTEX_POINT ( 'NONE', #1342 ) ;
#7616 = ORIENTED_EDGE ( 'NONE', *, *, #6575, .F. ) ;
#7617 = LINE ( 'NONE', #8414, #1468 ) ;
#7618 = CARTESIAN_POINT ( 'NONE',  ( 26.60416213172399225, -5.199997769938708103, 1000.000000000000000 ) ) ;
#7619 = ORIENTED_EDGE ( 'NONE', *, *, #3911, .F. ) ;
#7620 = CIRCLE ( 'NONE', #10741, 0.9999998863983138309 ) ;
#7621 = DIRECTION ( 'NONE',  ( 1.000000000000000000, 0.000000000000000000, 0.000000000000000000 ) ) ;
#7622 = CARTESIAN_POINT ( 'NONE',  ( 5.800000121423037669, -5.658578617334583782, 0.000000000000000000 ) ) ;
#7623 = ORIENTED_EDGE ( 'NONE', *, *, #4864, .T. ) ;
#7624 = DIRECTION ( 'NONE',  ( 1.000000000000000000, 0.000000000000000000, 0.000000000000000000 ) ) ;
#7625 = ORIENTED_EDGE ( 'NONE', *, *, #4323, .T. ) ;
#7626 = ORIENTED_EDGE ( 'NONE', *, *, #3558, .F. ) ;
#7627 = VECTOR ( 'NONE', #3735, 999.9999999999998863 ) ;
#7628 = CARTESIAN_POINT ( 'NONE',  ( -7.600000000000002309, -7.600000000000009415, 1000.000000000000000 ) ) ;
#7629 = CARTESIAN_POINT ( 'NONE',  ( 23.94521573359680033, 0.1815238454114520561, 0.000000000000000000 ) ) ;
#7630 = DIRECTION ( 'NONE',  ( 1.000000000000000000, 0.000000000000000000, 0.000000000000000000 ) ) ;
#7631 = CIRCLE ( 'NONE', #649, 0.2499997600265702058 ) ;
#7632 = CARTESIAN_POINT ( 'NONE',  ( 29.99999964172965505, -3.949998076722499363, 1000.000000000000000 ) ) ;
#7633 = ORIENTED_EDGE ( 'NONE', *, *, #7203, .F. ) ;
#7634 = EDGE_CURVE ( 'NONE', #657, #11242, #10238, .T. ) ;
#7635 = CARTESIAN_POINT ( 'NONE',  ( 22.18162388255297301, 5.999999123447688376, 1000.000000000000000 ) ) ;
#7636 = CARTESIAN_POINT ( 'NONE',  ( -3.595836833257995302, -4.585786409789890605, 0.000000000000000000 ) ) ;
#7637 = FACE_OUTER_BOUND ( 'NONE', #6242, .T. ) ;
#7638 = LINE ( 'NONE', #11145, #4880 ) ;
#7639 = ADVANCED_FACE ( 'NONE', ( #8405 ), #3125, .T. ) ;
#7640 = ORIENTED_EDGE ( 'NONE', *, *, #11320, .F. ) ;
#7641 = EDGE_CURVE ( 'NONE', #3524, #9141, #814, .T. ) ;
#7642 = EDGE_CURVE ( 'NONE', #1131, #8276, #3566, .T. ) ;
#7643 = CARTESIAN_POINT ( 'NONE',  ( -3.393721882965487602, -0.8559508052926739774, 1000.000000000000000 ) ) ;
#7644 = VECTOR ( 'NONE', #4579, 1000.000000000000000 ) ;
#7645 = DIRECTION ( 'NONE',  ( -0.000000000000000000, -0.000000000000000000, -1.000000000000000000 ) ) ;
#7646 = EDGE_CURVE ( 'NONE', #1039, #1923, #9260, .T. ) ;
#7647 = DIRECTION ( 'NONE',  ( 0.000000000000000000, 0.000000000000000000, 1.000000000000000000 ) ) ;
#7648 = CARTESIAN_POINT ( 'NONE',  ( 6.399999902125558471, -8.000000353551500964, 1000.000000000000000 ) ) ;
#7649 = CARTESIAN_POINT ( 'NONE',  ( -9.749999888241337231, -3.700000111758763754, 1000.000000000000000 ) ) ;
#7650 = VECTOR ( 'NONE', #8946, 1000.000000000000114 ) ;
#7651 = CARTESIAN_POINT ( 'NONE',  ( 15.29644692136327500, 8.299999394222332683, 1000.000000000000000 ) ) ;
#7652 = ORIENTED_EDGE ( 'NONE', *, *, #3075, .F. ) ;
#7653 = PLANE ( 'NONE',  #5910 ) ;
#7654 = VERTEX_POINT ( 'NONE', #584 ) ;
#7655 = DIRECTION ( 'NONE',  ( 1.000000000000000000, 0.000000000000000000, 0.000000000000000000 ) ) ;
#7656 = EDGE_CURVE ( 'NONE', #7080, #9877, #11168, .T. ) ;
#7657 = AXIS2_PLACEMENT_3D ( 'NONE', #8934, #6123, #9791 ) ;
#7658 = DIRECTION ( 'NONE',  ( -0.000000000000000000, -0.000000000000000000, -1.000000000000000000 ) ) ;
#7659 = CARTESIAN_POINT ( 'NONE',  ( 3.950000044177011560, 9.750000011623196627, 1000.000000000000000 ) ) ;
#7660 = CARTESIAN_POINT ( 'NONE',  ( -8.073223683611651325, 4.373223670622857995, 1000.000000000000000 ) ) ;
#7661 = CARTESIAN_POINT ( 'NONE',  ( 17.38370490960976156, 1.484924240491708458, 1000.000000000000000 ) ) ;
#7662 = CARTESIAN_POINT ( 'NONE',  ( 9.999999758667000194, 9.799999922545918452, 1000.000000000000000 ) ) ;
#7663 = ORIENTED_EDGE ( 'NONE', *, *, #9768, .F. ) ;
#7664 = VERTEX_POINT ( 'NONE', #3286 ) ;
#7665 = VERTEX_POINT ( 'NONE', #8462 ) ;
#7666 = VERTEX_POINT ( 'NONE', #11117 ) ;
#7667 = ORIENTED_EDGE ( 'NONE', *, *, #8040, .F. ) ;
#7668 = DIRECTION ( 'NONE',  ( 0.000000000000000000, 0.000000000000000000, 1.000000000000000000 ) ) ;
#7669 = VECTOR ( 'NONE', #4067, 1000.000000000000000 ) ;
#7670 = PLANE ( 'NONE',  #8503 ) ;
#7671 = ORIENTED_EDGE ( 'NONE', *, *, #3775, .T. ) ;
#7672 = CARTESIAN_POINT ( 'NONE',  ( 19.99999870685413583, -3.799998400491069628, 1000.000000000000000 ) ) ;
#7673 = DIRECTION ( 'NONE',  ( -0.9999999999999936717, -1.131368892228312837E-07, 0.000000000000000000 ) ) ;
#7674 = DIRECTION ( 'NONE',  ( -0.000000000000000000, -0.000000000000000000, -1.000000000000000000 ) ) ;
#7675 = VECTOR ( 'NONE', #9240, 1000.000000000000227 ) ;
#7676 = ORIENTED_EDGE ( 'NONE', *, *, #7695, .T. ) ;
#7677 = CARTESIAN_POINT ( 'NONE',  ( 22.39372188296546184, 0.8559508052926600996, 1000.000000000000000 ) ) ;
#7678 = ORIENTED_EDGE ( 'NONE', *, *, #6949, .F. ) ;
#7679 = VERTEX_POINT ( 'NONE', #8517 ) ;
#7680 = DIRECTION ( 'NONE',  ( 0.000000000000000000, 0.000000000000000000, 1.000000000000000000 ) ) ;
#7681 = VECTOR ( 'NONE', #7312, 1000.000000000000000 ) ;
#7682 = FACE_OUTER_BOUND ( 'NONE', #8231, .T. ) ;
#7683 = LINE ( 'NONE', #10321, #4930 ) ;
#7684 = CARTESIAN_POINT ( 'NONE',  ( 14.80000037677654845, 6.604162305548194389, 0.000000000000000000 ) ) ;
#7685 = ORIENTED_EDGE ( 'NONE', *, *, #6518, .F. ) ;
#7686 = CARTESIAN_POINT ( 'NONE',  ( 0.1815215961652738574, -3.945217153978691549, 1000.000000000000000 ) ) ;
#7687 = DIRECTION ( 'NONE',  ( -0.000000000000000000, -0.000000000000000000, -1.000000000000000000 ) ) ;
#7688 = CARTESIAN_POINT ( 'NONE',  ( 29.75000032774140379, -3.699998077281760445, 1000.000000000000000 ) ) ;
#7689 = LINE ( 'NONE', #5224, #10381 ) ;
#7690 = ORIENTED_EDGE ( 'NONE', *, *, #7700, .F. ) ;
#7691 = AXIS2_PLACEMENT_3D ( 'NONE', #1869, #6064, #5379 ) ;
#7692 = CARTESIAN_POINT ( 'NONE',  ( 16.04999998218452362, 9.749999694558225016, 1000.000000000000000 ) ) ;
#7693 = CARTESIAN_POINT ( 'NONE',  ( 4.950000178706927656, -8.049999885812717082, 1000.000000000000000 ) ) ;
#7694 = EDGE_CURVE ( 'NONE', #833, #5459, #11103, .T. ) ;
#7695 = EDGE_CURVE ( 'NONE', #7902, #9615, #7972, .T. ) ;
#7696 = DIRECTION ( 'NONE',  ( -0.7071066167119323120, 0.7071069456611244197, -0.000000000000000000 ) ) ;
#7697 = VECTOR ( 'NONE', #8758, 1000.000000000000000 ) ;
#7698 = ADVANCED_FACE ( 'NONE', ( #9429 ), #3068, .T. ) ;
#7699 = LINE ( 'NONE', #3051, #766 ) ;
#7700 = EDGE_CURVE ( 'NONE', #4814, #103, #73, .T. ) ;
#7701 = LINE ( 'NONE', #1600, #2577 ) ;
#7702 = CARTESIAN_POINT ( 'NONE',  ( 9.762981034530938018, -9.958012648220465834, 1000.000000000000000 ) ) ;
#7703 = DIRECTION ( 'NONE',  ( -0.000000000000000000, -0.000000000000000000, -1.000000000000000000 ) ) ;
#7704 = ORIENTED_EDGE ( 'NONE', *, *, #5762, .T. ) ;
#7705 = VECTOR ( 'NONE', #8009, 1000.000000000000000 ) ;
#7706 = AXIS2_PLACEMENT_3D ( 'NONE', #1670, #6890, #7708 ) ;
#7707 = LINE ( 'NONE', #2647, #8673 ) ;
#7708 = DIRECTION ( 'NONE',  ( -1.000000000000000000, 0.000000000000000000, 0.000000000000000000 ) ) ;
#7709 = DIRECTION ( 'NONE',  ( -0.000000000000000000, -0.000000000000000000, -1.000000000000000000 ) ) ;
#7710 = LINE ( 'NONE', #4032, #2232 ) ;
#7711 = AXIS2_PLACEMENT_3D ( 'NONE', #5296, #5125, #2654 ) ;
#7712 = FACE_OUTER_BOUND ( 'NONE', #8711, .T. ) ;
#7713 = CIRCLE ( 'NONE', #9734, 0.2499999351799429004 ) ;
#7714 = AXIS2_PLACEMENT_3D ( 'NONE', #7394, #4055, #3252 ) ;
#7715 = CYLINDRICAL_SURFACE ( 'NONE', #8528, 0.8000000000000124789 ) ;
#7716 = VERTEX_POINT ( 'NONE', #3455 ) ;
#7717 = ADVANCED_FACE ( 'NONE', ( #5980 ), #810, .T. ) ;
#7718 = ORIENTED_EDGE ( 'NONE', *, *, #1515, .F. ) ;
#7719 = EDGE_CURVE ( 'NONE', #265, #9539, #15, .T. ) ;
#7720 = ORIENTED_EDGE ( 'NONE', *, *, #7844, .F. ) ;
#7721 = ORIENTED_EDGE ( 'NONE', *, *, #10512, .F. ) ;
#7722 = VERTEX_POINT ( 'NONE', #10474 ) ;
#7723 = DIRECTION ( 'NONE',  ( 0.7071067372444991284, -0.7071068251285932416, -0.000000000000000000 ) ) ;
#7724 = DIRECTION ( 'NONE',  ( 0.000000000000000000, 0.000000000000000000, 1.000000000000000000 ) ) ;
#7725 = AXIS2_PLACEMENT_3D ( 'NONE', #732, #11377, #4182 ) ;
#7726 = ORIENTED_EDGE ( 'NONE', *, *, #2528, .T. ) ;
#7727 = CARTESIAN_POINT ( 'NONE',  ( 3.320000255121510868, -8.249999719435976431, 1000.000000000000000 ) ) ;
#7728 = DIRECTION ( 'NONE',  ( -0.000000000000000000, -0.000000000000000000, -1.000000000000000000 ) ) ;
#7729 = DIRECTION ( 'NONE',  ( 0.000000000000000000, 0.000000000000000000, 1.000000000000000000 ) ) ;
#7730 = ORIENTED_EDGE ( 'NONE', *, *, #461, .F. ) ;
#7731 = CARTESIAN_POINT ( 'NONE',  ( -3.945217254983764299, -0.1815214727701047748, 1000.000000000000000 ) ) ;
#7732 = ORIENTED_EDGE ( 'NONE', *, *, #8133, .T. ) ;
#7733 = CIRCLE ( 'NONE', #8283, 0.2499998100103061061 ) ;
#7734 = EDGE_CURVE ( 'NONE', #1146, #8175, #457, .T. ) ;
#7735 = ORIENTED_EDGE ( 'NONE', *, *, #3978, .T. ) ;
#7736 = DIRECTION ( 'NONE',  ( -0.7808705683273339249, -0.6246928489426997189, 0.000000000000000000 ) ) ;
#7737 = CIRCLE ( 'NONE', #4238, 1.000000000000001998 ) ;
#7738 = EDGE_CURVE ( 'NONE', #5847, #8633, #5778, .T. ) ;
#7739 = CARTESIAN_POINT ( 'NONE',  ( 13.60000012899577371, -8.000000484978855297, 1000.000000000000000 ) ) ;
#7740 = DIRECTION ( 'NONE',  ( -1.000000000000000000, 0.000000000000000000, 0.000000000000000000 ) ) ;
#7741 = DIRECTION ( 'NONE',  ( -1.000000000000000000, 0.000000000000000000, 0.000000000000000000 ) ) ;
#7742 = VERTEX_POINT ( 'NONE', #8742 ) ;
#7743 = LINE ( 'NONE', #5899, #3821 ) ;
#7744 = DIRECTION ( 'NONE',  ( 1.000000000000000000, 0.000000000000000000, -0.000000000000000000 ) ) ;
#7745 = CARTESIAN_POINT ( 'NONE',  ( 13.60000030929984050, -5.658579078262768292, 1000.000000000000000 ) ) ;
#7746 = EDGE_LOOP ( 'NONE', ( #776, #2903, #2293, #10212 ) ) ;
#7747 = FACE_OUTER_BOUND ( 'NONE', #6533, .T. ) ;
#7748 = ORIENTED_EDGE ( 'NONE', *, *, #9798, .F. ) ;
#7749 = VECTOR ( 'NONE', #7183, 1000.000000000000114 ) ;
#7750 = DIRECTION ( 'NONE',  ( -0.000000000000000000, -0.000000000000000000, -1.000000000000000000 ) ) ;
#7751 = AXIS2_PLACEMENT_3D ( 'NONE', #8805, #11292, #820 ) ;
#7752 = DIRECTION ( 'NONE',  ( 0.000000000000000000, -1.000000000000000000, 0.000000000000000000 ) ) ;
#7753 = DIRECTION ( 'NONE',  ( -0.000000000000000000, -0.000000000000000000, -1.000000000000000000 ) ) ;
#7754 = CYLINDRICAL_SURFACE ( 'NONE', #1473, 0.2499999321997270207 ) ;
#7755 = VECTOR ( 'NONE', #2334, 1000.000000000000114 ) ;
#7756 = CARTESIAN_POINT ( 'NONE',  ( 16.40416346849669793, 4.585785587922150519, 1000.000000000000000 ) ) ;
#7757 = DIRECTION ( 'NONE',  ( -1.000000000000000000, -0.000000000000000000, -0.000000000000000000 ) ) ;
#7758 = CARTESIAN_POINT ( 'NONE',  ( -8.500000101005065645, 8.500000235153807537, 0.000000000000000000 ) ) ;
#7759 = CYLINDRICAL_SURFACE ( 'NONE', #8725, 0.9999999999999978906 ) ;
#7760 = VERTEX_POINT ( 'NONE', #10411 ) ;
#7761 = ORIENTED_EDGE ( 'NONE', *, *, #6576, .T. ) ;
#7762 = ORIENTED_EDGE ( 'NONE', *, *, #6137, .T. ) ;
#7763 = VECTOR ( 'NONE', #1408, 1000.000000000000000 ) ;
#7764 = EDGE_CURVE ( 'NONE', #3626, #2643, #6954, .T. ) ;
#7765 = CARTESIAN_POINT ( 'NONE',  ( -2.616295090390215350, 1.484924240491720671, 1000.000000000000000 ) ) ;
#7766 = EDGE_CURVE ( 'NONE', #9435, #11340, #866, .T. ) ;
#7767 = CIRCLE ( 'NONE', #9406, 0.5999999423801239962 ) ;
#7768 = APPLICATION_PROTOCOL_DEFINITION ( 'draft international standard', 'automotive_design', 1998, #9638 ) ;
#7769 = EDGE_CURVE ( 'NONE', #4622, #9100, #2295, .T. ) ;
#7770 = CARTESIAN_POINT ( 'NONE',  ( 23.99999855409319593, 0.3376976739742215683, 1000.000000000000000 ) ) ;
#7771 = DIRECTION ( 'NONE',  ( 1.000000000000000000, 0.000000000000000000, 0.000000000000000000 ) ) ;
#7772 = DIRECTION ( 'NONE',  ( 0.7071068251285913542, 0.7071067372445010157, -0.000000000000000000 ) ) ;
#7773 = DIRECTION ( 'NONE',  ( -0.000000000000000000, -0.000000000000000000, -1.000000000000000000 ) ) ;
#7774 = VECTOR ( 'NONE', #2779, 1000.000000000000000 ) ;
#7775 = FACE_BOUND ( 'NONE', #686, .T. ) ;
#7776 = AXIS2_PLACEMENT_3D ( 'NONE', #10723, #7752, #3439 ) ;
#7777 = ADVANCED_FACE ( 'NONE', ( #752, #11284, #4261, #4202, #2708, #7775, #7016, #1786 ), #2598, .T. ) ;
#7778 = ORIENTED_EDGE ( 'NONE', *, *, #5120, .T. ) ;
#7779 = VERTEX_POINT ( 'NONE', #8692 ) ;
#7780 = ORIENTED_EDGE ( 'NONE', *, *, #5038, .T. ) ;
#7781 = EDGE_CURVE ( 'NONE', #10312, #8603, #6037, .T. ) ;
#7782 = EDGE_LOOP ( 'NONE', ( #5639, #2155, #9327, #4991 ) ) ;
#7783 = EDGE_CURVE ( 'NONE', #3626, #4834, #3035, .T. ) ;
#7784 = VERTEX_POINT ( 'NONE', #1735 ) ;
#7785 = DIRECTION ( 'NONE',  ( 0.7071062476717363543, 0.7071073147009562243, -0.000000000000000000 ) ) ;
#7786 = ADVANCED_FACE ( 'NONE', ( #4429 ), #5186, .T. ) ;
#7787 = FACE_OUTER_BOUND ( 'NONE', #6826, .T. ) ;
#7788 = VECTOR ( 'NONE', #10266, 1000.000000000000000 ) ;
#7789 = ORIENTED_EDGE ( 'NONE', *, *, #109, .T. ) ;
#7790 = AXIS2_PLACEMENT_3D ( 'NONE', #6110, #3463, #2607 ) ;
#7791 = DIRECTION ( 'NONE',  ( -0.000000000000000000, -0.000000000000000000, -1.000000000000000000 ) ) ;
#7792 = EDGE_CURVE ( 'NONE', #11288, #3309, #9996, .T. ) ;
#7793 = CARTESIAN_POINT ( 'NONE',  ( 20.18152217271641646, 3.945216415219804595, 1000.000000000000000 ) ) ;
#7794 = CARTESIAN_POINT ( 'NONE',  ( 17.94939033455898780, 2.050609665440974894, 1000.000000000000000 ) ) ;
#7795 = ORIENTED_EDGE ( 'NONE', *, *, #9941, .T. ) ;
#7796 = CYLINDRICAL_SURFACE ( 'NONE', #6417, 0.7999999999999912736 ) ;
#7797 = VECTOR ( 'NONE', #11254, 1000.000000000000000 ) ;
#7798 = VERTEX_POINT ( 'NONE', #5246 ) ;
#7799 = VERTEX_POINT ( 'NONE', #9657 ) ;
#7800 = DIRECTION ( 'NONE',  ( 1.000000000000000000, 0.000000000000000000, 0.000000000000000000 ) ) ;
#7801 = ADVANCED_FACE ( 'NONE', ( #693 ), #7715, .F. ) ;
#7802 = DIRECTION ( 'NONE',  ( -0.000000000000000000, -0.000000000000000000, -1.000000000000000000 ) ) ;
#7803 = LINE ( 'NONE', #1637, #10435 ) ;
#7804 = DIRECTION ( 'NONE',  ( 1.000000000000000000, 0.000000000000000000, 0.000000000000000000 ) ) ;
#7805 = ORIENTED_EDGE ( 'NONE', *, *, #9193, .F. ) ;
#7806 = DIRECTION ( 'NONE',  ( -0.000000000000000000, 1.000000000000000000, -0.000000000000000000 ) ) ;
#7807 = DIRECTION ( 'NONE',  ( -1.000000000000000000, 0.000000000000000000, 0.000000000000000000 ) ) ;
#7808 = DIRECTION ( 'NONE',  ( -1.000000000000000000, 0.000000000000000000, 0.000000000000000000 ) ) ;
#7809 = ORIENTED_EDGE ( 'NONE', *, *, #3661, .T. ) ;
#7810 = VECTOR ( 'NONE', #7123, 1000.000000000000000 ) ;
#7811 = DIRECTION ( 'NONE',  ( -0.000000000000000000, -1.000000000000000000, -0.000000000000000000 ) ) ;
#7812 = ORIENTED_EDGE ( 'NONE', *, *, #1081, .T. ) ;
#7813 = CARTESIAN_POINT ( 'NONE',  ( 28.07322141253985848, 4.373225564130556187, 1000.000000000000000 ) ) ;
#7814 = EDGE_CURVE ( 'NONE', #2264, #1066, #6489, .T. ) ;
#7815 = DIRECTION ( 'NONE',  ( 0.000000000000000000, 0.000000000000000000, 1.000000000000000000 ) ) ;
#7816 = AXIS2_PLACEMENT_3D ( 'NONE', #6883, #11328, #10457 ) ;
#7817 = CARTESIAN_POINT ( 'NONE',  ( 23.59583541421784858, -4.585783971684326055, 1000.000000000000000 ) ) ;
#7818 = CARTESIAN_POINT ( 'NONE',  ( 0.1815215961652738574, -3.945217153978691549, 0.000000000000000000 ) ) ;
#7819 = CARTESIAN_POINT ( 'NONE',  ( -9.749999888241337231, -3.700000111758765531, 1000.000000000000000 ) ) ;
#7820 = DIRECTION ( 'NONE',  ( -0.000000000000000000, -0.000000000000000000, -1.000000000000000000 ) ) ;
#7821 = CARTESIAN_POINT ( 'NONE',  ( -8.250000260037616329, 3.070000281310326429, 1000.000000000000000 ) ) ;
#7822 = ORIENTED_EDGE ( 'NONE', *, *, #2882, .F. ) ;
#7823 = ORIENTED_EDGE ( 'NONE', *, *, #5334, .F. ) ;
#7824 = VECTOR ( 'NONE', #10544, 1000.000000000000000 ) ;
#7825 = VERTEX_POINT ( 'NONE', #2826 ) ;
#7826 = DIRECTION ( 'NONE',  ( -0.7071067045960413022, -0.7071068577770455166, -0.000000000000000000 ) ) ;
#7827 = DIRECTION ( 'NONE',  ( -0.000000000000000000, -0.000000000000000000, -1.000000000000000000 ) ) ;
#7828 = CARTESIAN_POINT ( 'NONE',  ( 10.23701891969694344, -9.958012260953749362, 1000.000000000000000 ) ) ;
#7829 = VECTOR ( 'NONE', #3548, 1000.000000000000000 ) ;
#7830 = DIRECTION ( 'NONE',  ( -0.9999999999999885647, 1.518812939936218052E-07, 0.000000000000000000 ) ) ;
#7831 = DIRECTION ( 'NONE',  ( -0.000000000000000000, 1.000000000000000000, -0.000000000000000000 ) ) ;
#7832 = CARTESIAN_POINT ( 'NONE',  ( 3.393721882965473835, -0.8559508052926739774, 1000.000000000000000 ) ) ;
#7833 = ORIENTED_EDGE ( 'NONE', *, *, #3776, .T. ) ;
#7834 = EDGE_LOOP ( 'NONE', ( #3515, #3420, #11054, #4134 ) ) ;
#7835 = ORIENTED_EDGE ( 'NONE', *, *, #1434, .F. ) ;
#7836 = VERTEX_POINT ( 'NONE', #8228 ) ;
#7837 = ORIENTED_EDGE ( 'NONE', *, *, #4254, .F. ) ;
#7838 = AXIS2_PLACEMENT_3D ( 'NONE', #8017, #6176, #7800 ) ;
#7839 = DIRECTION ( 'NONE',  ( -1.000000000000000000, 0.000000000000000000, 0.000000000000000000 ) ) ;
#7840 = PLANE ( 'NONE',  #1902 ) ;
#7841 = ORIENTED_EDGE ( 'NONE', *, *, #4361, .T. ) ;
#7842 = EDGE_CURVE ( 'NONE', #6974, #3129, #7620, .T. ) ;
#7843 = CARTESIAN_POINT ( 'NONE',  ( -3.700000112317546108, -9.399999976716866712, 1000.000000000000000 ) ) ;
#7844 = EDGE_CURVE ( 'NONE', #1331, #5130, #10816, .T. ) ;
#7845 = CARTESIAN_POINT ( 'NONE',  ( 15.62677641780198279, -8.073222469966875536, 0.000000000000000000 ) ) ;
#7846 = EDGE_CURVE ( 'NONE', #1530, #116, #7304, .T. ) ;
#7847 = DIRECTION ( 'NONE',  ( -0.000000000000000000, -0.000000000000000000, -1.000000000000000000 ) ) ;
#7848 = EDGE_CURVE ( 'NONE', #6353, #2785, #2999, .T. ) ;
#7849 = ORIENTED_EDGE ( 'NONE', *, *, #2573, .F. ) ;
#7850 = DIRECTION ( 'NONE',  ( -0.000000000000000000, -0.000000000000000000, -1.000000000000000000 ) ) ;
#7851 = VERTEX_POINT ( 'NONE', #8173 ) ;
#7852 = ORIENTED_EDGE ( 'NONE', *, *, #2592, .T. ) ;
#7853 = DIRECTION ( 'NONE',  ( 0.000000000000000000, 0.000000000000000000, 1.000000000000000000 ) ) ;
#7854 = LINE ( 'NONE', #6863, #2763 ) ;
#7855 = CIRCLE ( 'NONE', #9315, 0.9999999999999940048 ) ;
#7856 = DIRECTION ( 'NONE',  ( -1.131368751651137594E-07, 0.9999999999999935607, -0.000000000000000000 ) ) ;
#7857 = CARTESIAN_POINT ( 'NONE',  ( 4.196446509750331622, 8.249999785635550253, 1000.000000000000000 ) ) ;
#7858 = ORIENTED_EDGE ( 'NONE', *, *, #9598, .F. ) ;
#7859 = CARTESIAN_POINT ( 'NONE',  ( 3.320000135614183279, -9.399999651635681630, 1000.000000000000000 ) ) ;
#7860 = DIRECTION ( 'NONE',  ( -3.568436288879236641E-07, -0.9999999999999363842, 0.000000000000000000 ) ) ;
#7861 = ORIENTED_EDGE ( 'NONE', *, *, #7201, .T. ) ;
#7862 = PLANE ( 'NONE',  #3786 ) ;
#7863 = ORIENTED_EDGE ( 'NONE', *, *, #2458, .F. ) ;
#7864 = EDGE_CURVE ( 'NONE', #8000, #2817, #3574, .T. ) ;
#7865 = ADVANCED_FACE ( 'NONE', ( #302 ), #9886, .T. ) ;
#7866 = DIRECTION ( 'NONE',  ( -1.439044684105697004E-06, -0.9999999999989644950, -0.000000000000000000 ) ) ;
#7867 = AXIS2_PLACEMENT_3D ( 'NONE', #3633, #9895, #193 ) ;
#7868 = DIRECTION ( 'NONE',  ( -1.000000000000000000, 0.000000000000000000, 0.000000000000000000 ) ) ;
#7869 = CARTESIAN_POINT ( 'NONE',  ( 20.33769576579990002, 3.999999123447672833, 1000.000000000000000 ) ) ;
#7870 = AXIS2_PLACEMENT_3D ( 'NONE', #6981, #10609, #6232 ) ;
#7871 = DIRECTION ( 'NONE',  ( -0.000000000000000000, -0.000000000000000000, -1.000000000000000000 ) ) ;
#7872 = FACE_OUTER_BOUND ( 'NONE', #9019, .T. ) ;
#7873 = CYLINDRICAL_SURFACE ( 'NONE', #1012, 0.2499999322000956425 ) ;
#7874 = ORIENTED_EDGE ( 'NONE', *, *, #9505, .T. ) ;
#7875 = VERTEX_POINT ( 'NONE', #9831 ) ;
#7876 = VERTEX_POINT ( 'NONE', #3861 ) ;
#7877 = DIRECTION ( 'NONE',  ( -0.000000000000000000, -0.000000000000000000, -1.000000000000000000 ) ) ;
#7878 = VECTOR ( 'NONE', #10969, 1000.000000000000114 ) ;
#7879 = DIRECTION ( 'NONE',  ( 0.7071065689968591972, 0.7071069933761721105, 0.000000000000000000 ) ) ;
#7880 = LINE ( 'NONE', #3452, #2530 ) ;
#7881 = CARTESIAN_POINT ( 'NONE',  ( -9.100000000000013856, -7.600000000000009415, 1000.000000000000000 ) ) ;
#7882 = EDGE_CURVE ( 'NONE', #10193, #1411, #10636, .T. ) ;
#7883 = CARTESIAN_POINT ( 'NONE',  ( 20.33769446910742218, -3.999998357232442459, 0.000000000000000000 ) ) ;
#7884 = CARTESIAN_POINT ( 'NONE',  ( -9.750000414488168232, 3.700000235712694430, 1000.000000000000000 ) ) ;
#7885 = AXIS2_PLACEMENT_3D ( 'NONE', #5767, #1441, #2362 ) ;
#7886 = EDGE_LOOP ( 'NONE', ( #4853, #10704, #3909, #5652 ) ) ;
#7887 = ORIENTED_EDGE ( 'NONE', *, *, #3340, .F. ) ;
#7888 = VECTOR ( 'NONE', #3212, 1000.000000000000000 ) ;
#7889 = ORIENTED_EDGE ( 'NONE', *, *, #11079, .T. ) ;
#7890 = ORIENTED_EDGE ( 'NONE', *, *, #1196, .F. ) ;
#7891 = ORIENTED_EDGE ( 'NONE', *, *, #6092, .T. ) ;
#7892 = DIRECTION ( 'NONE',  ( -0.6246948794826560070, -0.7808689439004151689, -0.000000000000000000 ) ) ;
#7893 = DIRECTION ( 'NONE',  ( 1.000000000000000000, 0.000000000000000000, 0.000000000000000000 ) ) ;
#7894 = AXIS2_PLACEMENT_3D ( 'NONE', #9428, #12, #1554 ) ;
#7895 = CARTESIAN_POINT ( 'NONE',  ( 17.94939033455898780, -2.050609665440989104, 1000.000000000000000 ) ) ;
#7896 = VECTOR ( 'NONE', #10606, 1000.000000000000000 ) ;
#7897 = VECTOR ( 'NONE', #2615, 1000.000000000000000 ) ;
#7898 = CARTESIAN_POINT ( 'NONE',  ( 18.51507575950826734, 2.616295090390188705, 1000.000000000000000 ) ) ;
#7899 = VECTOR ( 'NONE', #10360, 1000.000000000000000 ) ;
#7900 = DIRECTION ( 'NONE',  ( 1.000000000000000000, 0.000000000000000000, 0.000000000000000000 ) ) ;
#7901 = ORIENTED_EDGE ( 'NONE', *, *, #2297, .T. ) ;
#7902 = VERTEX_POINT ( 'NONE', #2765 ) ;
#7903 = VERTEX_POINT ( 'NONE', #6264 ) ;
#7904 = DIRECTION ( 'NONE',  ( 0.000000000000000000, 0.000000000000000000, 1.000000000000000000 ) ) ;
#7905 = CIRCLE ( 'NONE', #742, 0.9999999999999956701 ) ;
#7906 = EDGE_CURVE ( 'NONE', #6885, #4905, #284, .T. ) ;
#7908 = EDGE_CURVE ( 'NONE', #5628, #1055, #9083, .T. ) ;
#7907 = ORIENTED_EDGE ( 'NONE', *, *, #10726, .F. ) ;
#7909 = EDGE_CURVE ( 'NONE', #10700, #8234, #5413, .T. ) ;
#7910 = CARTESIAN_POINT ( 'NONE',  ( 19.14404919470731770, 3.393721882965480940, 1000.000000000000000 ) ) ;
#7911 = VECTOR ( 'NONE', #6589, 1000.000000000000000 ) ;
#7912 = FACE_OUTER_BOUND ( 'NONE', #1115, .T. ) ;
#7913 = EDGE_LOOP ( 'NONE', ( #303, #11331, #2713, #5997 ) ) ;
#7914 = CARTESIAN_POINT ( 'NONE',  ( -3.945217054806195112, 0.1815215375101514317, 1000.000000000000000 ) ) ;
#7915 = DIRECTION ( 'NONE',  ( -0.000000000000000000, -0.000000000000000000, -1.000000000000000000 ) ) ;
#7916 = ORIENTED_EDGE ( 'NONE', *, *, #3736, .F. ) ;
#7917 = CARTESIAN_POINT ( 'NONE',  ( 23.95000102667850683, 9.749999083066548167, 1000.000000000000000 ) ) ;
#7918 = ORIENTED_EDGE ( 'NONE', *, *, #8823, .F. ) ;
#7919 = EDGE_CURVE ( 'NONE', #1327, #7126, #1212, .T. ) ;
#7920 = CARTESIAN_POINT ( 'NONE',  ( 10.00000003768847989, -11.40000019667912490, 1000.000000000000000 ) ) ;
#7921 = EDGE_CURVE ( 'NONE', #10420, #3504, #1746, .T. ) ;
#7922 = AXIS2_PLACEMENT_3D ( 'NONE', #3314, #6805, #10320 ) ;
#7923 = FACE_OUTER_BOUND ( 'NONE', #6208, .T. ) ;
#7924 = ADVANCED_FACE ( 'NONE', ( #5354 ), #4485, .T. ) ;
#7925 = PLANE ( 'NONE',  #5366 ) ;
#7926 = DIRECTION ( 'NONE',  ( -0.000000000000000000, -0.000000000000000000, -1.000000000000000000 ) ) ;
#7927 = LINE ( 'NONE', #796, #7598 ) ;
#7928 = VECTOR ( 'NONE', #2075, 1000.000000000000114 ) ;
#7929 = LINE ( 'NONE', #9590, #1555 ) ;
#7930 = ORIENTED_EDGE ( 'NONE', *, *, #4980, .F. ) ;
#7931 = VERTEX_POINT ( 'NONE', #127 ) ;
#7932 = EDGE_LOOP ( 'NONE', ( #435, #9102, #1476, #4146 ) ) ;
#7933 = CARTESIAN_POINT ( 'NONE',  ( 23.59583744492611856, 4.585785561074598782, 1000.000000000000000 ) ) ;
#7934 = VECTOR ( 'NONE', #10682, 1000.000000000000227 ) ;
#7935 = CIRCLE ( 'NONE', #4444, 0.2499999994412449300 ) ;
#7936 = CARTESIAN_POINT ( 'NONE',  ( 23.32000066756055645, 9.149999139095129408, 1000.000000000000000 ) ) ;
#7937 = LINE ( 'NONE', #8854, #3460 ) ;
#7938 = EDGE_CURVE ( 'NONE', #234, #3251, #6506, .T. ) ;
#7939 = DIRECTION ( 'NONE',  ( -1.000000000000000000, 0.000000000000000000, 0.000000000000000000 ) ) ;
#7940 = CARTESIAN_POINT ( 'NONE',  ( 26.60416040461126386, 5.200002606438131281, 1000.000000000000000 ) ) ;
#7941 = DIRECTION ( 'NONE',  ( -0.000000000000000000, -0.000000000000000000, -1.000000000000000000 ) ) ;
#7942 = ORIENTED_EDGE ( 'NONE', *, *, #7153, .F. ) ;
#7943 = ORIENTED_EDGE ( 'NONE', *, *, #7053, .F. ) ;
#7944 = VERTEX_POINT ( 'NONE', #3683 ) ;
#7945 = AXIS2_PLACEMENT_3D ( 'NONE', #9078, #3854, #5631 ) ;
#7946 = ORIENTED_EDGE ( 'NONE', *, *, #4416, .F. ) ;
#7947 = ORIENTED_EDGE ( 'NONE', *, *, #7646, .T. ) ;
#7948 = PLANE ( 'NONE',  #5368 ) ;
#7949 = EDGE_CURVE ( 'NONE', #234, #4805, #6323, .T. ) ;
#7950 = DIRECTION ( 'NONE',  ( -0.000000000000000000, -0.000000000000000000, -1.000000000000000000 ) ) ;
#7951 = ORIENTED_EDGE ( 'NONE', *, *, #10577, .T. ) ;
#7952 = CARTESIAN_POINT ( 'NONE',  ( -2.181623542388648307, 5.999999850923684264, 1000.000000000000000 ) ) ;
#7953 = VECTOR ( 'NONE', #10782, 1000.000000000000000 ) ;
#7954 = CARTESIAN_POINT ( 'NONE',  ( 24.52677615361344010, -8.226774437824518671, 0.000000000000000000 ) ) ;
#7955 = DIRECTION ( 'NONE',  ( -0.000000000000000000, -0.000000000000000000, -1.000000000000000000 ) ) ;
#7956 = ORIENTED_EDGE ( 'NONE', *, *, #821, .F. ) ;
#7957 = EDGE_LOOP ( 'NONE', ( #8221, #3082, #5475, #3832 ) ) ;
#7958 = ORIENTED_EDGE ( 'NONE', *, *, #7431, .F. ) ;
#7959 = VECTOR ( 'NONE', #4876, 1000.000000000000000 ) ;
#7960 = DIRECTION ( 'NONE',  ( 0.9999999999999987788, -4.912469924867394254E-08, 0.000000000000000000 ) ) ;
#7961 = DIRECTION ( 'NONE',  ( 1.000000000000000000, -0.000000000000000000, -0.000000000000000000 ) ) ;
#7962 = VECTOR ( 'NONE', #5828, 1000.000000000000000 ) ;
#7963 = LINE ( 'NONE', #11309, #5848 ) ;
#7964 = LINE ( 'NONE', #3595, #2807 ) ;
#7965 = EDGE_LOOP ( 'NONE', ( #6090, #9981, #5876, #5355 ) ) ;
#7966 = DIRECTION ( 'NONE',  ( -0.000000000000000000, -0.000000000000000000, -1.000000000000000000 ) ) ;
#7967 = DIRECTION ( 'NONE',  ( -0.000000000000000000, -0.000000000000000000, -1.000000000000000000 ) ) ;
#7968 = ORIENTED_EDGE ( 'NONE', *, *, #1865, .T. ) ;
#7969 = ORIENTED_EDGE ( 'NONE', *, *, #5538, .T. ) ;
#7970 = DIRECTION ( 'NONE',  ( 0.000000000000000000, 0.000000000000000000, 1.000000000000000000 ) ) ;
#7971 = VERTEX_POINT ( 'NONE', #6380 ) ;
#7972 = CIRCLE ( 'NONE', #2649, 0.2499999532849348227 ) ;
#7973 = CARTESIAN_POINT ( 'NONE',  ( 23.06999948601189132, -9.149997561888097763, 1000.000000000000000 ) ) ;
#7974 = CARTESIAN_POINT ( 'NONE',  ( -0.1815216637469641014, 3.945217053284433284, 1000.000000000000000 ) ) ;
#7975 = EDGE_CURVE ( 'NONE', #7044, #1331, #9357, .T. ) ;
#7976 = AXIS2_PLACEMENT_3D ( 'NONE', #5580, #8111, #6439 ) ;
#7977 = DIRECTION ( 'NONE',  ( 0.000000000000000000, 0.000000000000000000, 1.000000000000000000 ) ) ;
#7978 = EDGE_CURVE ( 'NONE', #8763, #644, #10993, .T. ) ;
#7979 = DIRECTION ( 'NONE',  ( 1.000000000000000000, 0.000000000000000000, 0.000000000000000000 ) ) ;
#7980 = CARTESIAN_POINT ( 'NONE',  ( 13.60000012899577371, -8.000000484978855297, 1000.000000000000000 ) ) ;
#7981 = ORIENTED_EDGE ( 'NONE', *, *, #9876, .F. ) ;
#7982 = EDGE_CURVE ( 'NONE', #1307, #6897, #10934, .T. ) ;
#7984 = EDGE_CURVE ( 'NONE', #3990, #7113, #414, .T. ) ;
#7983 = CARTESIAN_POINT ( 'NONE',  ( 7.000000457936243592, 8.600000106333938632, 0.000000000000000000 ) ) ;
#7985 = ORIENTED_EDGE ( 'NONE', *, *, #2488, .T. ) ;
#7986 = ORIENTED_EDGE ( 'NONE', *, *, #5590, .F. ) ;
#7987 = ADVANCED_FACE ( 'NONE', ( #5809 ), #5000, .F. ) ;
#7988 = CIRCLE ( 'NONE', #3402, 0.7999999999999986011 ) ;
#7989 = CARTESIAN_POINT ( 'NONE',  ( 2.424087059261054389, -0.6113934323519062408, 1000.000000000000000 ) ) ;
#7990 = ITEM_DEFINED_TRANSFORMATION ( 'NONE', 'NONE', #5191,  #2634 ) ;
#7991 = DIRECTION ( 'NONE',  ( 1.000000000000000000, 0.000000000000000000, 0.000000000000000000 ) ) ;
#7992 = DIRECTION ( 'NONE',  ( 0.7071067372445022370, -0.7071068251285900219, 0.000000000000000000 ) ) ;
#7993 = DIRECTION ( 'NONE',  ( -0.9999999999997442046, -7.152555139911705747E-07, 0.000000000000000000 ) ) ;
#7994 = DIRECTION ( 'NONE',  ( 0.000000000000000000, -0.000000000000000000, -1.000000000000000000 ) ) ;
#7995 = AXIS2_PLACEMENT_3D ( 'NONE', #956, #7970, #7104 ) ;
#7996 = CARTESIAN_POINT ( 'NONE',  ( 23.31999954204026793, -8.249997561888100961, 1000.000000000000000 ) ) ;
#7997 = ORIENTED_EDGE ( 'NONE', *, *, #6540, .T. ) ;
#7998 = ORIENTED_EDGE ( 'NONE', *, *, #3140, .F. ) ;
#7999 = VERTEX_POINT ( 'NONE', #2136 ) ;
#8000 = VERTEX_POINT ( 'NONE', #8391 ) ;
#8001 = EDGE_CURVE ( 'NONE', #2842, #7235, #4133, .T. ) ;
#8002 = ADVANCED_FACE ( 'NONE', ( #5692 ), #11106, .F. ) ;
#8003 = ORIENTED_EDGE ( 'NONE', *, *, #10304, .F. ) ;
#8004 = DIRECTION ( 'NONE',  ( -0.000000000000000000, -0.000000000000000000, -1.000000000000000000 ) ) ;
#8005 = LINE ( 'NONE', #6164, #7417 ) ;
#8006 = CIRCLE ( 'NONE', #3594, 0.2499999999999854838 ) ;
#8007 = ORIENTED_EDGE ( 'NONE', *, *, #687, .T. ) ;
#8008 = DIRECTION ( 'NONE',  ( -0.000000000000000000, -0.000000000000000000, -1.000000000000000000 ) ) ;
#8009 = DIRECTION ( 'NONE',  ( -0.000000000000000000, -0.000000000000000000, -1.000000000000000000 ) ) ;
#8010 = CARTESIAN_POINT ( 'NONE',  ( -1.484924240491729774, -2.616295090390199807, 1000.000000000000000 ) ) ;
#8011 = DIRECTION ( 'NONE',  ( -1.000000000000000000, 0.000000000000000000, 0.000000000000000000 ) ) ;
#8012 = VERTEX_POINT ( 'NONE', #5855 ) ;
#8013 = EDGE_CURVE ( 'NONE', #4801, #2052, #4888, .T. ) ;
#8014 = VERTEX_POINT ( 'NONE', #7596 ) ;
#8015 = CIRCLE ( 'NONE', #4151, 0.2499999351801736325 ) ;
#8016 = VERTEX_POINT ( 'NONE', #7425 ) ;
#8017 = CARTESIAN_POINT ( 'NONE',  ( -3.320000111199955306, -9.150000159032487090, 1000.000000000000000 ) ) ;
#8018 = CARTESIAN_POINT ( 'NONE',  ( 3.700000044735841875, 9.399999876022635092, 1000.000000000000000 ) ) ;
#8019 = CARTESIAN_POINT ( 'NONE',  ( 10.00000003768847989, -11.40000019667912490, 0.000000000000000000 ) ) ;
#8020 = VECTOR ( 'NONE', #2040, 1000.000000000000114 ) ;
#8021 = DIRECTION ( 'NONE',  ( -1.000000000000000000, 0.000000000000000000, 0.000000000000000000 ) ) ;
#8022 = CARTESIAN_POINT ( 'NONE',  ( 16.30000012249772823, -9.399999631345995255, 0.000000000000000000 ) ) ;
#8023 = ORIENTED_EDGE ( 'NONE', *, *, #5474, .T. ) ;
#8024 = DIRECTION ( 'NONE',  ( -0.000000000000000000, -0.000000000000000000, -1.000000000000000000 ) ) ;
#8025 = CARTESIAN_POINT ( 'NONE',  ( 20.18152065683991125, -3.945215538776844610, 1000.000000000000000 ) ) ;
#8026 = ORIENTED_EDGE ( 'NONE', *, *, #10216, .F. ) ;
#8027 = DIRECTION ( 'NONE',  ( -0.000000000000000000, -0.000000000000000000, -1.000000000000000000 ) ) ;
#8028 = VERTEX_POINT ( 'NONE', #1267 ) ;
#8029 = LINE ( 'NONE', #4354, #7273 ) ;
#8030 = CARTESIAN_POINT ( 'NONE',  ( 29.75000057964370725, 3.949998612190155800, 1000.000000000000000 ) ) ;
#8031 = DIRECTION ( 'NONE',  ( -0.000000000000000000, -0.000000000000000000, -1.000000000000000000 ) ) ;
#8032 = LINE ( 'NONE', #5284, #2902 ) ;
#8033 = DIRECTION ( 'NONE',  ( 0.000000000000000000, 0.000000000000000000, 1.000000000000000000 ) ) ;
#8034 = CYLINDRICAL_SURFACE ( 'NONE', #9919, 0.5999999191612084282 ) ;
#8035 = ORIENTED_EDGE ( 'NONE', *, *, #5118, .T. ) ;
#8036 = PLANE ( 'NONE',  #4318 ) ;
#8037 = ORIENTED_EDGE ( 'NONE', *, *, #664, .T. ) ;
#8038 = AXIS2_PLACEMENT_3D ( 'NONE', #7952, #86, #3583 ) ;
#8039 = VERTEX_POINT ( 'NONE', #9139 ) ;
#8040 = EDGE_CURVE ( 'NONE', #10691, #711, #10930, .T. ) ;
#8041 = DIRECTION ( 'NONE',  ( 1.000000000000000000, 0.000000000000000000, 0.000000000000000000 ) ) ;
#8042 = ADVANCED_FACE ( 'NONE', ( #2249 ), #4082, .F. ) ;
#8043 = EDGE_CURVE ( 'NONE', #3240, #4308, #9304, .T. ) ;
#8044 = EDGE_CURVE ( 'NONE', #867, #1754, #11052, .T. ) ;
#8045 = DIRECTION ( 'NONE',  ( -0.9999999999998616662, -5.260383482816307327E-07, -0.000000000000000000 ) ) ;
#8046 = VECTOR ( 'NONE', #6376, 1000.000000000000000 ) ;
#8047 = CARTESIAN_POINT ( 'NONE',  ( 6.400000063803160444, -5.658578617334583782, 1000.000000000000000 ) ) ;
#8048 = DIRECTION ( 'NONE',  ( 1.000000000000000000, 0.000000000000000000, 0.000000000000000000 ) ) ;
#8049 = DIRECTION ( 'NONE',  ( -0.000000000000000000, -0.000000000000000000, -1.000000000000000000 ) ) ;
#8050 = DIRECTION ( 'NONE',  ( -0.000000000000000000, -0.000000000000000000, -1.000000000000000000 ) ) ;
#8051 = EDGE_LOOP ( 'NONE', ( #10899, #1981, #4124, #2449 ) ) ;
#8052 = EDGE_LOOP ( 'NONE', ( #8186, #8723, #4664, #11072 ) ) ;
#8053 = VERTEX_POINT ( 'NONE', #1326 ) ;
#8054 = ORIENTED_EDGE ( 'NONE', *, *, #335, .T. ) ;
#8055 = AXIS2_PLACEMENT_3D ( 'NONE', #6520, #10844, #9057 ) ;
#8056 = EDGE_CURVE ( 'NONE', #4973, #7176, #4833, .T. ) ;
#8057 = ORIENTED_EDGE ( 'NONE', *, *, #10519, .T. ) ;
#8058 = DIRECTION ( 'NONE',  ( -0.000000000000000000, -0.000000000000000000, -1.000000000000000000 ) ) ;
#8059 = EDGE_CURVE ( 'NONE', #3503, #7615, #11109, .T. ) ;
#8060 = DIRECTION ( 'NONE',  ( 0.7071062425243914706, -0.7071073198482932254, 0.000000000000000000 ) ) ;
#8061 = DIRECTION ( 'NONE',  ( -1.000000000000000000, 0.000000000000000000, 0.000000000000000000 ) ) ;
#8062 = DIRECTION ( 'NONE',  ( -0.000000000000000000, -0.000000000000000000, -1.000000000000000000 ) ) ;
#8063 = CIRCLE ( 'NONE', #2555, 0.9999999999999940048 ) ;
#8064 = CYLINDRICAL_SURFACE ( 'NONE', #8431, 0.5999999050050903726 ) ;
#8065 = EDGE_CURVE ( 'NONE', #381, #10559, #5754, .T. ) ;
#8066 = CARTESIAN_POINT ( 'NONE',  ( 16.93000030041748261, -9.149999627769133781, 1000.000000000000000 ) ) ;
#8067 = CARTESIAN_POINT ( 'NONE',  ( 9.999999835802853454, -9.799999803598330672, 1000.000000000000000 ) ) ;
#8068 = VERTEX_POINT ( 'NONE', #518 ) ;
#8069 = EDGE_LOOP ( 'NONE', ( #7997, #4160, #6843, #3461 ) ) ;
#8070 = VERTEX_POINT ( 'NONE', #4023 ) ;
#8071 = DIRECTION ( 'NONE',  ( -0.000000000000000000, -0.000000000000000000, -1.000000000000000000 ) ) ;
#8072 = DIRECTION ( 'NONE',  ( 0.000000000000000000, -1.000000000000000000, 0.000000000000000000 ) ) ;
#8073 = VECTOR ( 'NONE', #7871, 1000.000000000000000 ) ;
#8074 = DIRECTION ( 'NONE',  ( 1.000000000000000000, 0.000000000000000000, 0.000000000000000000 ) ) ;
#8075 = VECTOR ( 'NONE', #4506, 1000.000000000000000 ) ;
#8076 = ORIENTED_EDGE ( 'NONE', *, *, #7848, .T. ) ;
#8077 = VECTOR ( 'NONE', #7456, 1000.000000000000000 ) ;
#8078 = CARTESIAN_POINT ( 'NONE',  ( 3.070000301836650181, -9.149999719435975010, 1000.000000000000000 ) ) ;
#8079 = EDGE_CURVE ( 'NONE', #6538, #8636, #3169, .T. ) ;
#8080 = CARTESIAN_POINT ( 'NONE',  ( 3.393721882965473835, 0.8559508052926600996, 1000.000000000000000 ) ) ;
#8081 = VERTEX_POINT ( 'NONE', #6087 ) ;
#8082 = CARTESIAN_POINT ( 'NONE',  ( -4.585786510794968684, 3.595836956653166272, 1000.000000000000000 ) ) ;
#8083 = LINE ( 'NONE', #8148, #11045 ) ;
#8084 = VERTEX_POINT ( 'NONE', #1777 ) ;
#8085 = AXIS2_PLACEMENT_3D ( 'NONE', #6818, #9413, #4301 ) ;
#8086 = DIRECTION ( 'NONE',  ( -5.260373377776792053E-07, 0.9999999999998616662, 0.000000000000000000 ) ) ;
#8087 = AXIS2_PLACEMENT_3D ( 'NONE', #2515, #6019, #10171 ) ;
#8088 = ORIENTED_EDGE ( 'NONE', *, *, #1263, .T. ) ;
#8089 = LINE ( 'NONE', #50, #3053 ) ;
#8090 = EDGE_CURVE ( 'NONE', #10247, #7382, #9475, .T. ) ;
#8091 = VECTOR ( 'NONE', #8656, 1000.000000000000000 ) ;
#8092 = MECHANICAL_DESIGN_GEOMETRIC_PRESENTATION_REPRESENTATION (  '', ( #9547 ), #7358 ) ;
#8093 = CARTESIAN_POINT ( 'NONE',  ( 10.37569389161740396, 9.999999806316870021, 0.000000000000000000 ) ) ;
#8094 = CARTESIAN_POINT ( 'NONE',  ( -8.050000133560761384, -4.703553445905020780, 1000.000000000000000 ) ) ;
#8095 = DIRECTION ( 'NONE',  ( -0.9999999999999059641, 4.335454794948288384E-07, -0.000000000000000000 ) ) ;
#8096 = ORIENTED_EDGE ( 'NONE', *, *, #4831, .F. ) ;
#8097 = DIRECTION ( 'NONE',  ( -0.000000000000000000, -0.000000000000000000, -1.000000000000000000 ) ) ;
#8098 = CARTESIAN_POINT ( 'NONE',  ( 16.67999987215819502, -9.149999338687111461, 0.000000000000000000 ) ) ;
#8099 = ORIENTED_EDGE ( 'NONE', *, *, #1748, .T. ) ;
#8100 = DIRECTION ( 'NONE',  ( -0.000000000000000000, -0.000000000000000000, -1.000000000000000000 ) ) ;
#8101 = ORIENTED_EDGE ( 'NONE', *, *, #6364, .T. ) ;
#8102 = VECTOR ( 'NONE', #9367, 1000.000000000000000 ) ;
#8103 = ORIENTED_EDGE ( 'NONE', *, *, #9809, .T. ) ;
#8104 = CARTESIAN_POINT ( 'NONE',  ( 9.624306213962194434, -9.749999783481941407, 1000.000000000000000 ) ) ;
#8105 = UNCERTAINTY_MEASURE_WITH_UNIT (LENGTH_MEASURE( 1.000000000000000082E-05 ), #3281, 'distance_accuracy_value', 'NONE');
#8106 = DIRECTION ( 'NONE',  ( 0.7071067723447224118, 0.7071067900283725116, -0.000000000000000000 ) ) ;
#8107 = FACE_OUTER_BOUND ( 'NONE', #3715, .T. ) ;
#8108 = AXIS2_PLACEMENT_3D ( 'NONE', #7422, #4539, #9081 ) ;
#8109 = CARTESIAN_POINT ( 'NONE',  ( 17.57591294073894517, -0.6113934323519324421, 1000.000000000000000 ) ) ;
#8110 = DIRECTION ( 'NONE',  ( 1.000000000000000000, 0.000000000000000000, 0.000000000000000000 ) ) ;
#8111 = DIRECTION ( 'NONE',  ( 0.9999999999999994449, 3.439947106367258874E-08, -0.000000000000000000 ) ) ;
#8112 = ORIENTED_EDGE ( 'NONE', *, *, #9866, .T. ) ;
#8113 = ORIENTED_EDGE ( 'NONE', *, *, #5333, .F. ) ;
#8114 = VERTEX_POINT ( 'NONE', #2464 ) ;
#8115 = EDGE_CURVE ( 'NONE', #8665, #9239, #8616, .T. ) ;
#8116 = EDGE_CURVE ( 'NONE', #9186, #2490, #738, .T. ) ;
#8117 = AXIS2_PLACEMENT_3D ( 'NONE', #8839, #6139, #5109 ) ;
#8118 = EDGE_LOOP ( 'NONE', ( #6783, #3904, #1068, #10230 ) ) ;
#8119 = CARTESIAN_POINT ( 'NONE',  ( 23.94521648336826658, -0.1815191648688180281, 1000.000000000000000 ) ) ;
#8120 = AXIS2_PLACEMENT_3D ( 'NONE', #1388, #5005, #1332 ) ;
#8121 = CARTESIAN_POINT ( 'NONE',  ( 23.07000061153226156, 8.249999139095187672, 0.000000000000000000 ) ) ;
#8122 = DIRECTION ( 'NONE',  ( -0.000000000000000000, -0.000000000000000000, -1.000000000000000000 ) ) ;
#8123 = CARTESIAN_POINT ( 'NONE',  ( -5.200000160796018456, 6.604162906957935952, 1000.000000000000000 ) ) ;
#8124 = EDGE_CURVE ( 'NONE', #116, #5073, #462, .T. ) ;
#8125 = DIRECTION ( 'NONE',  ( 0.000000000000000000, 0.000000000000000000, 1.000000000000000000 ) ) ;
#8126 = VECTOR ( 'NONE', #1870, 1000.000000000000227 ) ;
#8127 = DIRECTION ( 'NONE',  ( -1.000000000000000000, 0.000000000000000000, 0.000000000000000000 ) ) ;
#8128 = EDGE_CURVE ( 'NONE', #3457, #10699, #1922, .T. ) ;
#8129 = DIRECTION ( 'NONE',  ( -0.9999999999998616662, -5.260363835888214905E-07, 0.000000000000000000 ) ) ;
#8130 = VECTOR ( 'NONE', #9824, 1000.000000000000000 ) ;
#8131 = ORIENTED_EDGE ( 'NONE', *, *, #8056, .T. ) ;
#8132 = ORIENTED_EDGE ( 'NONE', *, *, #4175, .F. ) ;
#8133 = EDGE_CURVE ( 'NONE', #1066, #11108, #9277, .T. ) ;
#8134 = EDGE_CURVE ( 'NONE', #9220, #91, #2303, .T. ) ;
#8135 = ORIENTED_EDGE ( 'NONE', *, *, #9192, .T. ) ;
#8136 = ORIENTED_EDGE ( 'NONE', *, *, #8579, .T. ) ;
#8137 = DIRECTION ( 'NONE',  ( -0.000000000000000000, -0.000000000000000000, -1.000000000000000000 ) ) ;
#8138 = CARTESIAN_POINT ( 'NONE',  ( 16.04999999732799409, -9.999999892116459677, 0.000000000000000000 ) ) ;
#8139 = DIRECTION ( 'NONE',  ( -1.000000000000000000, 0.000000000000000000, 0.000000000000000000 ) ) ;
#8140 = FACE_OUTER_BOUND ( 'NONE', #4503, .T. ) ;
#8141 = CIRCLE ( 'NONE', #8866, 0.2500001399215676101 ) ;
#8142 = EDGE_CURVE ( 'NONE', #9388, #3531, #7065, .T. ) ;
#8143 = ORIENTED_EDGE ( 'NONE', *, *, #4629, .F. ) ;
#8144 = AXIS2_PLACEMENT_3D ( 'NONE', #4736, #8992, #1122 ) ;
#8145 = CARTESIAN_POINT ( 'NONE',  ( -2.616295090390220679, -1.484924240491749980, 1000.000000000000000 ) ) ;
#8146 = CARTESIAN_POINT ( 'NONE',  ( 25.89705414534308048, 4.907109385551685854, 1000.000000000000000 ) ) ;
#8147 = DIRECTION ( 'NONE',  ( 0.9999999999999947820, 1.030353513775315696E-07, -0.000000000000000000 ) ) ;
#8148 = CARTESIAN_POINT ( 'NONE',  ( -1.607959945748582697E-07, 3.799999914998672512, 1000.000000000000000 ) ) ;
#8149 = AXIS2_PLACEMENT_3D ( 'NONE', #5624, #2925, #10858 ) ;
#8150 = ORIENTED_EDGE ( 'NONE', *, *, #7479, .T. ) ;
#8151 = VERTEX_POINT ( 'NONE', #5058 ) ;
#8152 = CARTESIAN_POINT ( 'NONE',  ( 13.00000024186937608, 8.599999976544870250, 1000.000000000000000 ) ) ;
#8153 = ADVANCED_FACE ( 'NONE', ( #2642 ), #7873, .T. ) ;
#8154 = AXIS2_PLACEMENT_3D ( 'NONE', #10105, #2238, #5844 ) ;
#8155 = LINE ( 'NONE', #9067, #4599 ) ;
#8156 = CARTESIAN_POINT ( 'NONE',  ( 23.95000102667850683, 9.999998723948591461, 1000.000000000000000 ) ) ;
#8157 = ORIENTED_EDGE ( 'NONE', *, *, #7245, .F. ) ;
#8158 = CARTESIAN_POINT ( 'NONE',  ( 25.99999806723914020, 2.181625789213895050, 1000.000000000000000 ) ) ;
#8159 = DIRECTION ( 'NONE',  ( -0.000000000000000000, -0.000000000000000000, -1.000000000000000000 ) ) ;
#8160 = CARTESIAN_POINT ( 'NONE',  ( 4.175736061044474035, 3.185786557152958665, 1000.000000000000000 ) ) ;
#8161 = ORIENTED_EDGE ( 'NONE', *, *, #40, .T. ) ;
#8162 = VECTOR ( 'NONE', #8296, 1000.000000000000114 ) ;
#8163 = FACE_OUTER_BOUND ( 'NONE', #5497, .T. ) ;
#8164 = EDGE_CURVE ( 'NONE', #7004, #4729, #10003, .T. ) ;
#8165 = EDGE_LOOP ( 'NONE', ( #4894, #6425, #5725, #6217 ) ) ;
#8166 = ORIENTED_EDGE ( 'NONE', *, *, #1320, .F. ) ;
#8167 = DIRECTION ( 'NONE',  ( -0.000000000000000000, -1.000000000000000000, -0.000000000000000000 ) ) ;
#8168 = VECTOR ( 'NONE', #199, 1000.000000000000000 ) ;
#8169 = CARTESIAN_POINT ( 'NONE',  ( 0.000000000000000000, 0.000000000000000000, 0.000000000000000000 ) ) ;
#8170 = CARTESIAN_POINT ( 'NONE',  ( 3.320000234036377229, -9.149999719435975010, 1000.000000000000000 ) ) ;
#8171 = CARTESIAN_POINT ( 'NONE',  ( -2.500000000000000444, 0.000000000000000000, 1000.000000000000000 ) ) ;
#8172 = CARTESIAN_POINT ( 'NONE',  ( -0.3376954256355604866, 3.999999850923669165, 1000.000000000000000 ) ) ;
#8173 = CARTESIAN_POINT ( 'NONE',  ( 22.18162388255300144, 3.999999123447672833, 1000.000000000000000 ) ) ;
#8174 = EDGE_LOOP ( 'NONE', ( #10074, #6441, #1447, #2329 ) ) ;
#8175 = VERTEX_POINT ( 'NONE', #6026 ) ;
#8176 = AXIS2_PLACEMENT_3D ( 'NONE', #10698, #8050, #1037 ) ;
#8177 = PLANE ( 'NONE',  #4080 ) ;
#8178 = DIRECTION ( 'NONE',  ( 0.000000000000000000, -1.000000000000000000, 0.000000000000000000 ) ) ;
#8179 = DIRECTION ( 'NONE',  ( -0.8320502412227640532, 0.5547002758978403225, 0.000000000000000000 ) ) ;
#8180 = AXIS2_PLACEMENT_3D ( 'NONE', #1891, #2752, #291 ) ;
#8181 = FACE_OUTER_BOUND ( 'NONE', #2567, .T. ) ;
#8182 = CARTESIAN_POINT ( 'NONE',  ( -2.181623542388620329, 3.999999850923670497, 1000.000000000000000 ) ) ;
#8183 = ADVANCED_FACE ( 'NONE', ( #797 ), #7759, .T. ) ;
#8184 = DIRECTION ( 'NONE',  ( 1.000000000000000000, 0.000000000000000000, 0.000000000000000000 ) ) ;
#8185 = CARTESIAN_POINT ( 'NONE',  ( 3.700000044735841875, 9.750000212788878073, 1000.000000000000000 ) ) ;
#8186 = ORIENTED_EDGE ( 'NONE', *, *, #10319, .T. ) ;
#8187 = VERTEX_POINT ( 'NONE', #7821 ) ;
#8188 = ORIENTED_EDGE ( 'NONE', *, *, #325, .T. ) ;
#8189 = ORIENTED_EDGE ( 'NONE', *, *, #10867, .F. ) ;
#8190 = ORIENTED_EDGE ( 'NONE', *, *, #11028, .T. ) ;
#8191 = AXIS2_PLACEMENT_3D ( 'NONE', #10561, #5386, #10734 ) ;
#8192 = DIRECTION ( 'NONE',  ( 1.000000000000000000, 0.000000000000000000, 0.000000000000000000 ) ) ;
#8193 = DIRECTION ( 'NONE',  ( -0.000000000000000000, -0.000000000000000000, -1.000000000000000000 ) ) ;
#8194 = EDGE_CURVE ( 'NONE', #10421, #10245, #1661, .T. ) ;
#8195 = LINE ( 'NONE', #3825, #3371 ) ;
#8196 = ORIENTED_EDGE ( 'NONE', *, *, #1470, .T. ) ;
#8197 = ADVANCED_FACE ( 'NONE', ( #5913 ), #8786, .F. ) ;
#8198 = EDGE_CURVE ( 'NONE', #4310, #5019, #1386, .T. ) ;
#8199 = EDGE_CURVE ( 'NONE', #6353, #2887, #7929, .T. ) ;
#8200 = DIRECTION ( 'NONE',  ( -0.000000000000000000, -0.000000000000000000, -1.000000000000000000 ) ) ;
#8201 = LINE ( 'NONE', #5496, #5375 ) ;
#8202 = VERTEX_POINT ( 'NONE', #2584 ) ;
#8203 = CYLINDRICAL_SURFACE ( 'NONE', #4855, 1.500000000000011768 ) ;
#8204 = ORIENTED_EDGE ( 'NONE', *, *, #6929, .F. ) ;
#8205 = ORIENTED_EDGE ( 'NONE', *, *, #337, .F. ) ;
#8206 = CARTESIAN_POINT ( 'NONE',  ( 3.320000043618244412, 9.150000058338269682, 1000.000000000000000 ) ) ;
#8207 = VECTOR ( 'NONE', #1810, 1000.000000000000000 ) ;
#8208 = ORIENTED_EDGE ( 'NONE', *, *, #3415, .F. ) ;
#8209 = CARTESIAN_POINT ( 'NONE',  ( -8.073223496192355242, -4.373223302086836739, 0.000000000000000000 ) ) ;
#8210 = DIRECTION ( 'NONE',  ( -0.000000000000000000, -0.000000000000000000, -1.000000000000000000 ) ) ;
#8211 = ORIENTED_EDGE ( 'NONE', *, *, #10871, .F. ) ;
#8212 = CARTESIAN_POINT ( 'NONE',  ( 24.70355286087617941, -8.049997879663775890, 0.000000000000000000 ) ) ;
#8213 = ADVANCED_FACE ( 'NONE', ( #7001 ), #6142, .F. ) ;
#8214 = CARTESIAN_POINT ( 'NONE',  ( -4.907106869973677732, -5.897056283531931342, 1000.000000000000000 ) ) ;
#8215 = LINE ( 'NONE', #8160, #4411 ) ;
#8216 = CARTESIAN_POINT ( 'NONE',  ( 23.07000072358898635, 9.149999428177721938, 0.000000000000000000 ) ) ;
#8217 = VERTEX_POINT ( 'NONE', #1546 ) ;
#8218 = ADVANCED_FACE ( 'NONE', ( #4530 ), #8036, .F. ) ;
#8219 = LINE ( 'NONE', #3559, #1755 ) ;
#8220 = ORIENTED_EDGE ( 'NONE', *, *, #9371, .F. ) ;
#8221 = ORIENTED_EDGE ( 'NONE', *, *, #2864, .T. ) ;
#8222 = DIRECTION ( 'NONE',  ( -1.000000000000000000, 0.000000000000000000, 0.000000000000000000 ) ) ;
#8223 = PRODUCT_DEFINITION_CONTEXT ( 'detailed design', #3113, 'design' ) ;
#8224 = LINE ( 'NONE', #8909, #7537 ) ;
#8225 = CARTESIAN_POINT ( 'NONE',  ( 29.39999999097516081, -3.699998077281760445, 1000.000000000000000 ) ) ;
#8226 = CIRCLE ( 'NONE', #6922, 0.2500004282593760729 ) ;
#8227 = CARTESIAN_POINT ( 'NONE',  ( -9.400000213322504905, 3.320000234595096966, 1000.000000000000000 ) ) ;
#8228 = CARTESIAN_POINT ( 'NONE',  ( 23.59583541421784858, -4.585783971684326055, 0.000000000000000000 ) ) ;
#8229 = ORIENTED_EDGE ( 'NONE', *, *, #3988, .T. ) ;
#8230 = ORIENTED_EDGE ( 'NONE', *, *, #6712, .F. ) ;
#8231 = EDGE_LOOP ( 'NONE', ( #7891, #11053, #8305, #5290 ) ) ;
#8232 = DIRECTION ( 'NONE',  ( 2.052102057674173808E-06, 0.9999999999978945731, 0.000000000000000000 ) ) ;
#8233 = CIRCLE ( 'NONE', #2731, 2.499999999999977796 ) ;
#8234 = VERTEX_POINT ( 'NONE', #7983 ) ;
#8235 = DIRECTION ( 'NONE',  ( 0.000000000000000000, 0.000000000000000000, -1.000000000000000000 ) ) ;
#8236 = EDGE_CURVE ( 'NONE', #9323, #10601, #2473, .T. ) ;
#8237 = CARTESIAN_POINT ( 'NONE',  ( 20.33769576579990002, 3.749999286058680603, 1000.000000000000000 ) ) ;
#8238 = LINE ( 'NONE', #1276, #31 ) ;
#8239 = CARTESIAN_POINT ( 'NONE',  ( 0.8559508052926600996, 3.393721882965480940, 0.000000000000000000 ) ) ;
#8240 = DIRECTION ( 'NONE',  ( 1.000000000000000000, 0.000000000000000000, 0.000000000000000000 ) ) ;
#8241 = CARTESIAN_POINT ( 'NONE',  ( 19.81847889642714122, 3.945216615397359572, 0.000000000000000000 ) ) ;
#8242 = AXIS2_PLACEMENT_3D ( 'NONE', #9766, #5409, #4482 ) ;
#8243 = ORIENTED_EDGE ( 'NONE', *, *, #9587, .T. ) ;
#8244 = VERTEX_POINT ( 'NONE', #7293 ) ;
#8245 = EDGE_LOOP ( 'NONE', ( #10051, #7610, #3073, #6422 ) ) ;
#8246 = ORIENTED_EDGE ( 'NONE', *, *, #10447, .T. ) ;
#8247 = DIRECTION ( 'NONE',  ( 1.000000000000000000, 0.000000000000000000, 0.000000000000000000 ) ) ;
#8248 = DIRECTION ( 'NONE',  ( 1.000000000000000000, 0.000000000000000000, 0.000000000000000000 ) ) ;
#8249 = DIRECTION ( 'NONE',  ( 0.000000000000000000, -1.000000000000000000, 0.000000000000000000 ) ) ;
#8250 = EDGE_LOOP ( 'NONE', ( #11012, #1117, #7690, #2989 ) ) ;
#8251 = DIRECTION ( 'NONE',  ( -1.000000000000000000, 0.000000000000000000, 0.000000000000000000 ) ) ;
#8252 = CARTESIAN_POINT ( 'NONE',  ( -2.616295090390215350, 1.484924240491720671, 0.000000000000000000 ) ) ;
#8253 = CARTESIAN_POINT ( 'NONE',  ( -2.424087059261058386, -0.6113934323519324421, 1000.000000000000000 ) ) ;
#8254 = EDGE_LOOP ( 'NONE', ( #3853, #7968, #1270, #2067, #8035, #3358, #824, #5710, #1604, #6841, #4708, #5834, #1162, #3350, #470, #10243, #304, #2961, #10131, #9500, #4680 ) ) ;
#8255 = AXIS2_PLACEMENT_3D ( 'NONE', #6504, #6724, #2311 ) ;
#8256 = ORIENTED_EDGE ( 'NONE', *, *, #1536, .T. ) ;
#8257 = EDGE_CURVE ( 'NONE', #9711, #11041, #10753, .T. ) ;
#8258 = AXIS2_PLACEMENT_3D ( 'NONE', #8662, #4295, #7808 ) ;
#8259 = EDGE_CURVE ( 'NONE', #3863, #5935, #8219, .T. ) ;
#8260 = DIRECTION ( 'NONE',  ( -0.000000000000000000, -0.000000000000000000, -1.000000000000000000 ) ) ;
#8261 = EDGE_CURVE ( 'NONE', #8531, #9834, #5343, .T. ) ;
#8262 = CARTESIAN_POINT ( 'NONE',  ( 6.400000095838062286, 7.999999960302581314, 1000.000000000000000 ) ) ;
#8263 = VECTOR ( 'NONE', #401, 1000.000000000000000 ) ;
#8264 = DIRECTION ( 'NONE',  ( 0.000000000000000000, 0.000000000000000000, 1.000000000000000000 ) ) ;
#8265 = VECTOR ( 'NONE', #11112, 1000.000000000000000 ) ;
#8266 = ORIENTED_EDGE ( 'NONE', *, *, #9094, .F. ) ;
#8267 = EDGE_CURVE ( 'NONE', #10043, #5259, #3584, .T. ) ;
#8268 = CARTESIAN_POINT ( 'NONE',  ( 13.60000033202134873, 8.000000266372319757, 1000.000000000000000 ) ) ;
#8269 = DIRECTION ( 'NONE',  ( -0.000000000000000000, -0.000000000000000000, -1.000000000000000000 ) ) ;
#8270 = CARTESIAN_POINT ( 'NONE',  ( 15.82426411082386863, 3.185786278619581857, 0.000000000000000000 ) ) ;
#8271 = VERTEX_POINT ( 'NONE', #7236 ) ;
#8272 = DIRECTION ( 'NONE',  ( -1.000000000000000000, 0.000000000000000000, 0.000000000000000000 ) ) ;
#8273 = ADVANCED_FACE ( 'NONE', ( #2065 ), #8903, .F. ) ;
#8274 = ORIENTED_EDGE ( 'NONE', *, *, #11362, .T. ) ;
#8275 = ADVANCED_FACE ( 'NONE', ( #8163 ), #1143, .T. ) ;
#8276 = VERTEX_POINT ( 'NONE', #1948 ) ;
#8277 = VECTOR ( 'NONE', #4995, 1000.000000000000000 ) ;
#8278 = CARTESIAN_POINT ( 'NONE',  ( 4.373223479645991674, 8.073223481912375377, 1000.000000000000000 ) ) ;
#8279 = ADVANCED_FACE ( 'NONE', ( #6369 ), #3670, .F. ) ;
#8280 = CARTESIAN_POINT ( 'NONE',  ( -3.700000101005074260, 9.399999987794574352, 1000.000000000000000 ) ) ;
#8281 = CARTESIAN_POINT ( 'NONE',  ( 29.39999999097516081, -3.699998077281760445, 0.000000000000000000 ) ) ;
#8282 = FACE_OUTER_BOUND ( 'NONE', #6281, .T. ) ;
#8283 = AXIS2_PLACEMENT_3D ( 'NONE', #11137, #2501, #8592 ) ;
#8284 = DIRECTION ( 'NONE',  ( 1.000000000000000000, 0.000000000000000000, 0.000000000000000000 ) ) ;
#8285 = EDGE_LOOP ( 'NONE', ( #6265, #7371, #2005, #507 ) ) ;
#8286 = ORIENTED_EDGE ( 'NONE', *, *, #7351, .T. ) ;
#8287 = DIRECTION ( 'NONE',  ( 0.000000000000000000, 1.000000000000000000, -0.000000000000000000 ) ) ;
#8288 = ORIENTED_EDGE ( 'NONE', *, *, #2520, .T. ) ;
#8289 = DIRECTION ( 'NONE',  ( -1.000000000000000000, 0.000000000000000000, 0.000000000000000000 ) ) ;
#8290 = VECTOR ( 'NONE', #6154, 1000.000000000000000 ) ;
#8291 = EDGE_CURVE ( 'NONE', #8679, #2483, #835, .T. ) ;
#8292 = CARTESIAN_POINT ( 'NONE',  ( 20.33769446910742218, -3.999998357232442459, 1000.000000000000000 ) ) ;
#8293 = PLANE ( 'NONE',  #7373 ) ;
#8294 = DIRECTION ( 'NONE',  ( -1.000000000000000000, 0.000000000000000000, 0.000000000000000000 ) ) ;
#8295 = LINE ( 'NONE', #8559, #5563 ) ;
#8296 = DIRECTION ( 'NONE',  ( -0.9999999999999946709, -1.030353708730811440E-07, -0.000000000000000000 ) ) ;
#8297 = ORIENTED_EDGE ( 'NONE', *, *, #2149, .T. ) ;
#8298 = ORIENTED_EDGE ( 'NONE', *, *, #10225, .F. ) ;
#8299 = EDGE_LOOP ( 'NONE', ( #2525, #10705, #8230, #8023 ) ) ;
#8300 = EDGE_CURVE ( 'NONE', #10193, #4248, #11305, .T. ) ;
#8301 = ORIENTED_EDGE ( 'NONE', *, *, #11125, .F. ) ;
#8302 = DIRECTION ( 'NONE',  ( -0.000000000000000000, -0.000000000000000000, -1.000000000000000000 ) ) ;
#8303 = DIRECTION ( 'NONE',  ( -1.000000000000000000, 0.000000000000000000, 0.000000000000000000 ) ) ;
#8304 = PLANE ( 'NONE',  #3184 ) ;
#8305 = ORIENTED_EDGE ( 'NONE', *, *, #7906, .F. ) ;
#8306 = CIRCLE ( 'NONE', #9763, 0.2499998882417066304 ) ;
#8307 = AXIS2_PLACEMENT_3D ( 'NONE', #6498, #2086, #10822 ) ;
#8308 = CARTESIAN_POINT ( 'NONE',  ( 15.62677641780198279, -8.073222469966875536, 1000.000000000000000 ) ) ;
#8309 = CARTESIAN_POINT ( 'NONE',  ( -8.250000057145948418, -4.196446741133244451, 1000.000000000000000 ) ) ;
#8310 = EDGE_LOOP ( 'NONE', ( #11011, #4059, #7678, #10659 ) ) ;
#8311 = PLANE ( 'NONE',  #7714 ) ;
#8312 = ORIENTED_EDGE ( 'NONE', *, *, #4395, .F. ) ;
#8313 = ORIENTED_EDGE ( 'NONE', *, *, #948, .F. ) ;
#8314 = CARTESIAN_POINT ( 'NONE',  ( -0.3376954256355604866, 3.999999850923669165, 0.000000000000000000 ) ) ;
#8315 = CIRCLE ( 'NONE', #2627, 1.500000000000011768 ) ;
#8316 = DIRECTION ( 'NONE',  ( 0.000000000000000000, 0.000000000000000000, 1.000000000000000000 ) ) ;
#8317 = AXIS2_PLACEMENT_3D ( 'NONE', #6828, #915, #803 ) ;
#8318 = LINE ( 'NONE', #10854, #10291 ) ;
#8319 = VECTOR ( 'NONE', #11299, 1000.000000000000000 ) ;
#8320 = CARTESIAN_POINT ( 'NONE',  ( -4.196446577332036298, -7.999999969042732140, 1000.000000000000000 ) ) ;
#8321 = AXIS2_PLACEMENT_3D ( 'NONE', #11322, #8878, #2044 ) ;
#8322 = ORIENTED_EDGE ( 'NONE', *, *, #5214, .T. ) ;
#8323 = CARTESIAN_POINT ( 'NONE',  ( -3.319999869503133194, -8.000000349022345247, 1000.000000000000000 ) ) ;
#8324 = DIRECTION ( 'NONE',  ( 0.000000000000000000, 0.000000000000000000, 1.000000000000000000 ) ) ;
#8325 = CARTESIAN_POINT ( 'NONE',  ( 4.175736061044474035, 3.185786557152958665, 1000.000000000000000 ) ) ;
#8326 = CARTESIAN_POINT ( 'NONE',  ( -5.200000160796018456, 6.604162906957935952, 0.000000000000000000 ) ) ;
#8327 = ORIENTED_EDGE ( 'NONE', *, *, #10027, .F. ) ;
#8328 = ORIENTED_EDGE ( 'NONE', *, *, #8164, .F. ) ;
#8329 = CIRCLE ( 'NONE', #1357, 1.000000000000007772 ) ;
#8330 = CYLINDRICAL_SURFACE ( 'NONE', #5006, 0.2500000070781369099 ) ;
#8331 = VECTOR ( 'NONE', #136, 1000.000000000000000 ) ;
#8332 = EDGE_CURVE ( 'NONE', #10415, #10691, #1203, .T. ) ;
#8333 = CARTESIAN_POINT ( 'NONE',  ( -3.320000167687797710, 8.250000055594854942, 0.000000000000000000 ) ) ;
#8334 = EDGE_CURVE ( 'NONE', #9220, #3979, #2003, .T. ) ;
#8335 = DIRECTION ( 'NONE',  ( 0.000000000000000000, 0.000000000000000000, 1.000000000000000000 ) ) ;
#8336 = EDGE_CURVE ( 'NONE', #9659, #5042, #2698, .T. ) ;
#8337 = DIRECTION ( 'NONE',  ( -0.000000000000000000, -0.000000000000000000, -1.000000000000000000 ) ) ;
#8338 = VECTOR ( 'NONE', #41, 1000.000000000000114 ) ;
#8339 = CARTESIAN_POINT ( 'NONE',  ( -9.399999752640761486, -3.320000012219006980, 1000.000000000000000 ) ) ;
#8340 = ORIENTED_EDGE ( 'NONE', *, *, #8832, .F. ) ;
#8341 = VERTEX_POINT ( 'NONE', #6193 ) ;
#8342 = EDGE_CURVE ( 'NONE', #7944, #5301, #6147, .T. ) ;
#8343 = ORIENTED_EDGE ( 'NONE', *, *, #6737, .F. ) ;
#8344 = EDGE_LOOP ( 'NONE', ( #1296, #6716, #9487, #4835 ) ) ;
#8345 = AXIS2_PLACEMENT_3D ( 'NONE', #5873, #11063, #6674 ) ;
#8346 = DIRECTION ( 'NONE',  ( -0.000000000000000000, -0.000000000000000000, -1.000000000000000000 ) ) ;
#8347 =( NAMED_UNIT ( * ) SI_UNIT ( $, .STERADIAN. ) SOLID_ANGLE_UNIT ( ) );
#8348 = AXIS2_PLACEMENT_3D ( 'NONE', #5020, #7668, #5932 ) ;
#8349 = DIRECTION ( 'NONE',  ( -0.000000000000000000, -0.000000000000000000, -1.000000000000000000 ) ) ;
#8350 = DIRECTION ( 'NONE',  ( 0.7071067372444991284, -0.7071068251285932416, -0.000000000000000000 ) ) ;
#8351 = PLANE ( 'NONE',  #1672 ) ;
#8352 = DIRECTION ( 'NONE',  ( -0.000000000000000000, -0.000000000000000000, -1.000000000000000000 ) ) ;
#8353 = LINE ( 'NONE', #9150, #3543 ) ;
#8354 = VECTOR ( 'NONE', #7185, 1000.000000000000114 ) ;
#8355 = DIRECTION ( 'NONE',  ( -0.8320507240861908516, -0.5546995516021672179, -0.000000000000000000 ) ) ;
#8356 = ORIENTED_EDGE ( 'NONE', *, *, #675, .F. ) ;
#8357 = EDGE_CURVE ( 'NONE', #8070, #9947, #4587, .T. ) ;
#8358 = ORIENTED_EDGE ( 'NONE', *, *, #2778, .F. ) ;
#8359 = EDGE_CURVE ( 'NONE', #753, #4331, #10938, .T. ) ;
#8360 = ORIENTED_EDGE ( 'NONE', *, *, #3091, .T. ) ;
#8361 = EDGE_LOOP ( 'NONE', ( #4720, #2601, #10028, #1977 ) ) ;
#8362 = VERTEX_POINT ( 'NONE', #10984 ) ;
#8363 = CARTESIAN_POINT ( 'NONE',  ( 4.950000151884827559, -8.299999820992665533, 0.000000000000000000 ) ) ;
#8364 = LINE ( 'NONE', #493, #2820 ) ;
#8365 = VECTOR ( 'NONE', #5846, 1000.000000000000114 ) ;
#8366 = ORIENTED_EDGE ( 'NONE', *, *, #10607, .F. ) ;
#8367 = VECTOR ( 'NONE', #9667, 1000.000000000000114 ) ;
#8368 = DIRECTION ( 'NONE',  ( -0.000000000000000000, -0.000000000000000000, -1.000000000000000000 ) ) ;
#8369 = DIRECTION ( 'NONE',  ( -1.439044544361471436E-06, -0.9999999999989644950, 0.000000000000000000 ) ) ;
#8370 = DIRECTION ( 'NONE',  ( 3.568436288879236641E-07, 0.9999999999999363842, 0.000000000000000000 ) ) ;
#8371 = ORIENTED_EDGE ( 'NONE', *, *, #5521, .F. ) ;
#8372 = VECTOR ( 'NONE', #10388, 1000.000000000000000 ) ;
#8373 = ORIENTED_EDGE ( 'NONE', *, *, #3771, .F. ) ;
#8374 = CARTESIAN_POINT ( 'NONE',  ( -4.000000100991433882, 2.181623443726382838, 0.000000000000000000 ) ) ;
#8375 = DIRECTION ( 'NONE',  ( 1.000000000000000000, 0.000000000000000000, 0.000000000000000000 ) ) ;
#8376 = VECTOR ( 'NONE', #3603, 1000.000000000000114 ) ;
#8377 = CARTESIAN_POINT ( 'NONE',  ( 3.595837038065416547, -4.585786137746946878, 1000.000000000000000 ) ) ;
#8378 = CARTESIAN_POINT ( 'NONE',  ( 15.29644565964607317, -8.299998696217587124, 0.000000000000000000 ) ) ;
#8379 = DIRECTION ( 'NONE',  ( 1.000000000000000000, 0.000000000000000000, 0.000000000000000000 ) ) ;
#8380 = ORIENTED_EDGE ( 'NONE', *, *, #4466, .T. ) ;
#8381 = FACE_BOUND ( 'NONE', #3020, .T. ) ;
#8382 = DIRECTION ( 'NONE',  ( -0.000000000000000000, -0.000000000000000000, -1.000000000000000000 ) ) ;
#8383 = DIRECTION ( 'NONE',  ( -1.000000000000000000, 0.000000000000000000, 0.000000000000000000 ) ) ;
#8384 = DIRECTION ( 'NONE',  ( -1.000000000000000000, 0.000000000000000000, 0.000000000000000000 ) ) ;
#8385 = ORIENTED_EDGE ( 'NONE', *, *, #11300, .T. ) ;
#8386 = AXIS2_PLACEMENT_3D ( 'NONE', #146, #7853, #5319 ) ;
#8387 = CYLINDRICAL_SURFACE ( 'NONE', #7585, 0.2499999351801545644 ) ;
#8388 = DIRECTION ( 'NONE',  ( 1.000000000000000000, 0.000000000000000000, 0.000000000000000000 ) ) ;
#8389 = CARTESIAN_POINT ( 'NONE',  ( 26.09999999999996945, -7.600000000000009415, 1000.000000000000000 ) ) ;
#8390 = CARTESIAN_POINT ( 'NONE',  ( 19.66230419008983787, 3.999999433851542108, 0.000000000000000000 ) ) ;
#8391 = CARTESIAN_POINT ( 'NONE',  ( -2.850609665440984930, -2.050609665440989104, 1000.000000000000000 ) ) ;
#8392 = EDGE_CURVE ( 'NONE', #6522, #10479, #9086, .T. ) ;
#8393 = ORIENTED_EDGE ( 'NONE', *, *, #5594, .T. ) ;
#8394 = EDGE_CURVE ( 'NONE', #9631, #2169, #3963, .T. ) ;
#8395 = ORIENTED_EDGE ( 'NONE', *, *, #9658, .T. ) ;
#8396 = EDGE_CURVE ( 'NONE', #8732, #10298, #7988, .T. ) ;
#8397 = ORIENTED_EDGE ( 'NONE', *, *, #1172, .T. ) ;
#8398 = CARTESIAN_POINT ( 'NONE',  ( 19.99999870685413583, -3.799998400491069628, 1000.000000000000000 ) ) ;
#8399 = EDGE_CURVE ( 'NONE', #8016, #7033, #10560, .T. ) ;
#8400 = LINE ( 'NONE', #9206, #4583 ) ;
#8401 = VECTOR ( 'NONE', #4231, 1000.000000000000000 ) ;
#8402 = DIRECTION ( 'NONE',  ( -0.000000000000000000, -0.000000000000000000, -1.000000000000000000 ) ) ;
#8403 = CARTESIAN_POINT ( 'NONE',  ( -8.226776624144690686, 4.526776845104122593, 0.000000000000000000 ) ) ;
#8404 = CARTESIAN_POINT ( 'NONE',  ( 16.00000025197457987, -2.761522904833349390, 0.000000000000000000 ) ) ;
#8405 = FACE_OUTER_BOUND ( 'NONE', #2406, .T. ) ;
#8406 = ADVANCED_FACE ( 'NONE', ( #7412 ), #9185, .F. ) ;
#8407 = CARTESIAN_POINT ( 'NONE',  ( 23.94999866868387173, -9.999997517928891355, 1000.000000000000000 ) ) ;
#8408 = ORIENTED_EDGE ( 'NONE', *, *, #2419, .T. ) ;
#8409 = ORIENTED_EDGE ( 'NONE', *, *, #11297, .F. ) ;
#8411 = ORIENTED_EDGE ( 'NONE', *, *, #1804, .F. ) ;
#8410 = EDGE_LOOP ( 'NONE', ( #6133, #7005, #698, #4665 ) ) ;
#8412 = EDGE_CURVE ( 'NONE', #7799, #867, #7584, .T. ) ;
#8413 = ORIENTED_EDGE ( 'NONE', *, *, #9099, .T. ) ;
#8414 = CARTESIAN_POINT ( 'NONE',  ( 15.04999950016403609, -8.299998825857686668, 1000.000000000000000 ) ) ;
#8415 = CARTESIAN_POINT ( 'NONE',  ( 3.595836765676336810, 4.585786309095691848, 0.000000000000000000 ) ) ;
#8416 = ORIENTED_EDGE ( 'NONE', *, *, #5999, .T. ) ;
#8417 = EDGE_CURVE ( 'NONE', #79, #7213, #2120, .T. ) ;
#8418 = VECTOR ( 'NONE', #4064, 1000.000000000000000 ) ;
#8419 = DIRECTION ( 'NONE',  ( 1.000000000000000000, 0.000000000000000000, 0.000000000000000000 ) ) ;
#8420 = DIRECTION ( 'NONE',  ( 0.000000000000000000, 0.000000000000000000, 1.000000000000000000 ) ) ;
#8421 = CARTESIAN_POINT ( 'NONE',  ( -4.199999930035690276, -6.604162987453851663, 0.000000000000000000 ) ) ;
#8422 = ORIENTED_EDGE ( 'NONE', *, *, #9307, .F. ) ;
#8423 = VERTEX_POINT ( 'NONE', #10048 ) ;
#8424 = DIRECTION ( 'NONE',  ( 1.000000000000000000, 0.000000000000000000, 0.000000000000000000 ) ) ;
#8425 = AXIS2_PLACEMENT_3D ( 'NONE', #9559, #828, #4334 ) ;
#8426 = EDGE_CURVE ( 'NONE', #5500, #7679, #8536, .T. ) ;
#8427 = CARTESIAN_POINT ( 'NONE',  ( 4.196446509750331622, 8.249999785635550253, 1000.000000000000000 ) ) ;
#8428 = CARTESIAN_POINT ( 'NONE',  ( 9.762981034530938018, -9.958012648220465834, 0.000000000000000000 ) ) ;
#8429 = CARTESIAN_POINT ( 'NONE',  ( 19.99999870685413583, -3.799998400491069628, 0.000000000000000000 ) ) ;
#8430 = ORIENTED_EDGE ( 'NONE', *, *, #1515, .T. ) ;
#8431 = AXIS2_PLACEMENT_3D ( 'NONE', #2955, #7140, #10655 ) ;
#8432 = FACE_BOUND ( 'NONE', #2285, .T. ) ;
#8433 = DIRECTION ( 'NONE',  ( 0.9999999999998616662, 5.260363835888214905E-07, -0.000000000000000000 ) ) ;
#8434 = PLANE ( 'NONE',  #4769 ) ;
#8435 = VECTOR ( 'NONE', #4121, 1000.000000000000000 ) ;
#8436 = LINE ( 'NONE', #4990, #9648 ) ;
#8437 = VERTEX_POINT ( 'NONE', #7469 ) ;
#8438 = DIRECTION ( 'NONE',  ( -0.000000000000000000, -0.000000000000000000, -1.000000000000000000 ) ) ;
#8439 = ADVANCED_FACE ( 'NONE', ( #4928 ), #3160, .T. ) ;
#8440 = CARTESIAN_POINT ( 'NONE',  ( 24.70355325957142156, 8.299999081214274099, 0.000000000000000000 ) ) ;
#8441 = FACE_OUTER_BOUND ( 'NONE', #646, .T. ) ;
#8442 = AXIS2_PLACEMENT_3D ( 'NONE', #10455, #5169, #6024 ) ;
#8443 = CIRCLE ( 'NONE', #7342, 0.2499996647239086101 ) ;
#8444 = CIRCLE ( 'NONE', #1467, 0.2499999977648957594 ) ;
#8445 = LINE ( 'NONE', #4076, #8630 ) ;
#8446 = DIRECTION ( 'NONE',  ( -1.000000000000000000, 0.000000000000000000, 0.000000000000000000 ) ) ;
#8447 = DIRECTION ( 'NONE',  ( -1.000000000000000000, 0.000000000000000000, 0.000000000000000000 ) ) ;
#8448 = CARTESIAN_POINT ( 'NONE',  ( 3.319999801921443172, 8.000000248328129615, 1000.000000000000000 ) ) ;
#8449 = VECTOR ( 'NONE', #1657, 1000.000000000000114 ) ;
#8450 = VERTEX_POINT ( 'NONE', #1256 ) ;
#8451 = VECTOR ( 'NONE', #5803, 1000.000000000000000 ) ;
#8452 = CIRCLE ( 'NONE', #10850, 0.7999999999999986011 ) ;
#8453 = ORIENTED_EDGE ( 'NONE', *, *, #1654, .F. ) ;
#8454 = DIRECTION ( 'NONE',  ( -4.335457536969091295E-07, -0.9999999999999059641, 0.000000000000000000 ) ) ;
#8455 = SURFACE_STYLE_FILL_AREA ( #4945 ) ;
#8456 = DIRECTION ( 'NONE',  ( -9.861040709574666836E-07, -0.9999999999995137223, 0.000000000000000000 ) ) ;
#8457 = CARTESIAN_POINT ( 'NONE',  ( -3.945217254983764299, -0.1815214727701047748, 0.000000000000000000 ) ) ;
#8458 = VECTOR ( 'NONE', #6188, 1000.000000000000000 ) ;
#8459 = CARTESIAN_POINT ( 'NONE',  ( -3.700000101005074260, 9.750000123395135887, 1000.000000000000000 ) ) ;
#8460 = VECTOR ( 'NONE', #8766, 1000.000000000000000 ) ;
#8461 = DIRECTION ( 'NONE',  ( 0.000000000000000000, 1.000000000000000000, 0.000000000000000000 ) ) ;
#8462 = CARTESIAN_POINT ( 'NONE',  ( 23.32000003690838597, -9.399997494087431349, 1000.000000000000000 ) ) ;
#8463 = ORIENTED_EDGE ( 'NONE', *, *, #5865, .T. ) ;
#8464 = EDGE_CURVE ( 'NONE', #7742, #10945, #10377, .T. ) ;
#8465 = VERTEX_POINT ( 'NONE', #4764 ) ;
#8466 = ORIENTED_EDGE ( 'NONE', *, *, #337, .T. ) ;
#8467 = VERTEX_POINT ( 'NONE', #6596 ) ;
#8468 = CIRCLE ( 'NONE', #11051, 0.2499999999999854838 ) ;
#8469 = ORIENTED_EDGE ( 'NONE', *, *, #6795, .T. ) ;
#8470 = DIRECTION ( 'NONE',  ( -0.000000000000000000, -0.000000000000000000, -1.000000000000000000 ) ) ;
#8471 = DIRECTION ( 'NONE',  ( -1.000000000000000000, 0.000000000000000000, 0.000000000000000000 ) ) ;
#8472 = ORIENTED_EDGE ( 'NONE', *, *, #9442, .T. ) ;
#8473 = EDGE_CURVE ( 'NONE', #1917, #402, #4820, .T. ) ;
#8474 = EDGE_CURVE ( 'NONE', #8717, #8782, #4014, .T. ) ;
#8475 = CARTESIAN_POINT ( 'NONE',  ( 16.40416346849669793, 4.585785587922150519, 1000.000000000000000 ) ) ;
#8476 = VECTOR ( 'NONE', #8627, 1000.000000000000000 ) ;
#8477 = EDGE_CURVE ( 'NONE', #2917, #8151, #4872, .T. ) ;
#8478 = CARTESIAN_POINT ( 'NONE',  ( 12.99999998296434711, -8.000000484978855297, 1000.000000000000000 ) ) ;
#8479 = EDGE_CURVE ( 'NONE', #10134, #7333, #8436, .T. ) ;
#8480 = ORIENTED_EDGE ( 'NONE', *, *, #5396, .F. ) ;
#8481 = DIRECTION ( 'NONE',  ( -0.000000000000000000, -0.000000000000000000, -1.000000000000000000 ) ) ;
#8482 = VERTEX_POINT ( 'NONE', #2240 ) ;
#8483 = EDGE_LOOP ( 'NONE', ( #8229, #6961, #5471, #1635 ) ) ;
#8484 = ADVANCED_FACE ( 'NONE', ( #10862 ), #6480, .T. ) ;
#8485 = DIRECTION ( 'NONE',  ( 0.000000000000000000, -1.000000000000000000, 0.000000000000000000 ) ) ;
#8486 = AXIS2_PLACEMENT_3D ( 'NONE', #11367, #8658, #5152 ) ;
#8487 = AXIS2_PLACEMENT_3D ( 'NONE', #11162, #3231, #6719 ) ;
#8488 = CARTESIAN_POINT ( 'NONE',  ( -4.703553374060774672, -8.299999808857622341, 0.000000000000000000 ) ) ;
#8489 = LINE ( 'NONE', #558, #9696 ) ;
#8490 = CARTESIAN_POINT ( 'NONE',  ( 24.70355286087617941, -8.049997879663775890, 1000.000000000000000 ) ) ;
#8491 = ORIENTED_EDGE ( 'NONE', *, *, #2508, .T. ) ;
#8492 = DIRECTION ( 'NONE',  ( -0.000000000000000000, -0.000000000000000000, -1.000000000000000000 ) ) ;
#8493 = CARTESIAN_POINT ( 'NONE',  ( 15.29644565964607317, -8.299998696217587124, 1000.000000000000000 ) ) ;
#8494 = CARTESIAN_POINT ( 'NONE',  ( -8.300000039502801741, 4.950000103972798549, 1000.000000000000000 ) ) ;
#8495 = CIRCLE ( 'NONE', #2620, 0.2499998100102124310 ) ;
#8496 = DIRECTION ( 'NONE',  ( -0.000000000000000000, -0.000000000000000000, -1.000000000000000000 ) ) ;
#8497 = VECTOR ( 'NONE', #4533, 1000.000000000000000 ) ;
#8498 = ORIENTED_EDGE ( 'NONE', *, *, #5458, .T. ) ;
#8499 = ADVANCED_FACE ( 'NONE', ( #404 ), #1372, .F. ) ;
#8500 = DIRECTION ( 'NONE',  ( -2.052102057674173808E-06, -0.9999999999978945731, -0.000000000000000000 ) ) ;
#8501 = CARTESIAN_POINT ( 'NONE',  ( 10.23701891969694344, -9.958012260953749362, 0.000000000000000000 ) ) ;
#8502 = AXIS2_PLACEMENT_3D ( 'NONE', #9844, #3529, #9675 ) ;
#8503 = AXIS2_PLACEMENT_3D ( 'NONE', #703, #761, #8581 ) ;
#8504 = FACE_OUTER_BOUND ( 'NONE', #4889, .T. ) ;
#8505 = CARTESIAN_POINT ( 'NONE',  ( 23.59583541421784858, -4.585783971684326055, 1000.000000000000000 ) ) ;
#8506 = CARTESIAN_POINT ( 'NONE',  ( 26.60416093153460082, 4.200002599360153077, 1000.000000000000000 ) ) ;
#8507 = DIRECTION ( 'NONE',  ( -0.000000000000000000, -0.000000000000000000, -1.000000000000000000 ) ) ;
#8508 = ORIENTED_EDGE ( 'NONE', *, *, #3064, .T. ) ;
#8509 = AXIS2_PLACEMENT_3D ( 'NONE', #8493, #4012, #2287 ) ;
#8510 = CIRCLE ( 'NONE', #7040, 0.2499998100102280296 ) ;
#8511 = LINE ( 'NONE', #2198, #9396 ) ;
#8512 = DIRECTION ( 'NONE',  ( 0.000000000000000000, 0.000000000000000000, 1.000000000000000000 ) ) ;
#8513 = AXIS2_PLACEMENT_3D ( 'NONE', #10786, #3780, #2113 ) ;
#8514 = CARTESIAN_POINT ( 'NONE',  ( -9.999999999999998224, -8.499999999999992895, 1000.000000000000000 ) ) ;
#8515 = DIRECTION ( 'NONE',  ( -0.9999999999999946709, -1.030353618555290402E-07, 0.000000000000000000 ) ) ;
#8516 = DIRECTION ( 'NONE',  ( 1.000000000000000000, 0.000000000000000000, 0.000000000000000000 ) ) ;
#8517 = CARTESIAN_POINT ( 'NONE',  ( -9.100000000000013856, -7.600000000000009415, 0.000000000000000000 ) ) ;
#8518 = DIRECTION ( 'NONE',  ( 4.912469924867394254E-08, 0.9999999999999987788, -0.000000000000000000 ) ) ;
#8519 = ORIENTED_EDGE ( 'NONE', *, *, #4177, .F. ) ;
#8520 = ORIENTED_EDGE ( 'NONE', *, *, #2299, .F. ) ;
#8521 = AXIS2_PLACEMENT_3D ( 'NONE', #3238, #9268, #531 ) ;
#8522 = ORIENTED_EDGE ( 'NONE', *, *, #5376, .T. ) ;
#8523 = ORIENTED_EDGE ( 'NONE', *, *, #3686, .T. ) ;
#8524 = VERTEX_POINT ( 'NONE', #8326 ) ;
#8525 = CARTESIAN_POINT ( 'NONE',  ( -8.299999921997731178, -4.950000028489665027, 1000.000000000000000 ) ) ;
#8526 = CARTESIAN_POINT ( 'NONE',  ( 4.196446864528406984, -8.249999956140868562, 0.000000000000000000 ) ) ;
#8527 = ORIENTED_EDGE ( 'NONE', *, *, #10285, .F. ) ;
#8528 = AXIS2_PLACEMENT_3D ( 'NONE', #11226, #5468, #8857 ) ;
#8529 = FACE_OUTER_BOUND ( 'NONE', #7306, .T. ) ;
#8530 = DIRECTION ( 'NONE',  ( 1.000000000000000000, 0.000000000000000000, 0.000000000000000000 ) ) ;
#8531 = VERTEX_POINT ( 'NONE', #1709 ) ;
#8532 = LINE ( 'NONE', #7677, #6 ) ;
#8533 = VERTEX_POINT ( 'NONE', #10502 ) ;
#8534 = ADVANCED_FACE ( 'NONE', ( #6813 ), #5099, .T. ) ;
#8535 = ORIENTED_EDGE ( 'NONE', *, *, #8617, .T. ) ;
#8536 = CIRCLE ( 'NONE', #5051, 1.500000000000011768 ) ;
#8537 = DIRECTION ( 'NONE',  ( 1.000000000000000000, 0.000000000000000000, 0.000000000000000000 ) ) ;
#8538 = EDGE_CURVE ( 'NONE', #7213, #9771, #723, .T. ) ;
#8539 = EDGE_CURVE ( 'NONE', #10006, #8945, #6012, .T. ) ;
#8540 = EDGE_CURVE ( 'NONE', #4737, #7428, #11133, .T. ) ;
#8541 = LINE ( 'NONE', #3634, #9739 ) ;
#8542 = CARTESIAN_POINT ( 'NONE',  ( 4.703553306479084206, 8.299999708163419143, 1000.000000000000000 ) ) ;
#8543 = AXIS2_PLACEMENT_3D ( 'NONE', #11236, #4213, #11350 ) ;
#8544 = FACE_OUTER_BOUND ( 'NONE', #2614, .T. ) ;
#8545 = VERTEX_POINT ( 'NONE', #9576 ) ;
#8546 = DIRECTION ( 'NONE',  ( 0.000000000000000000, 0.000000000000000000, 1.000000000000000000 ) ) ;
#8547 = LINE ( 'NONE', #666, #4662 ) ;
#8548 = DIRECTION ( 'NONE',  ( -0.000000000000000000, -0.000000000000000000, -1.000000000000000000 ) ) ;
#8549 = CARTESIAN_POINT ( 'NONE',  ( 28.04999793814995357, 4.703555819707591290, 1000.000000000000000 ) ) ;
#8550 = ORIENTED_EDGE ( 'NONE', *, *, #10824, .F. ) ;
#8551 = CARTESIAN_POINT ( 'NONE',  ( 19.66230397645803052, -3.999998585597804190, 0.000000000000000000 ) ) ;
#8552 = AXIS2_PLACEMENT_3D ( 'NONE', #567, #673, #4074 ) ;
#8553 = CARTESIAN_POINT ( 'NONE',  ( -0.3376952213033496686, -3.999999809996560796, 1000.000000000000000 ) ) ;
#8554 = CARTESIAN_POINT ( 'NONE',  ( 28.50000104157966874, 9.999998500431178883, 0.000000000000000000 ) ) ;
#8555 = EDGE_CURVE ( 'NONE', #3230, #1137, #7689, .T. ) ;
#8556 = ADVANCED_FACE ( 'NONE', ( #11317 ), #3434, .F. ) ;
#8557 = CARTESIAN_POINT ( 'NONE',  ( 4.703553306479084206, 8.299999708163419143, 0.000000000000000000 ) ) ;
#8558 = FACE_OUTER_BOUND ( 'NONE', #10538, .T. ) ;
#8559 = CARTESIAN_POINT ( 'NONE',  ( -6.100000000000012079, 7.599999999999996092, 1000.000000000000000 ) ) ;
#8560 = AXIS2_PLACEMENT_3D ( 'NONE', #10916, #6527, #11135 ) ;
#8561 = CARTESIAN_POINT ( 'NONE',  ( 16.68000023088499262, 8.249999626757986704, 0.000000000000000000 ) ) ;
#8562 = ORIENTED_EDGE ( 'NONE', *, *, #1483, .F. ) ;
#8563 = ORIENTED_EDGE ( 'NONE', *, *, #7270, .T. ) ;
#8564 = DIRECTION ( 'NONE',  ( -0.000000000000000000, -0.000000000000000000, -1.000000000000000000 ) ) ;
#8565 = AXIS2_PLACEMENT_3D ( 'NONE', #4965, #4209, #4044 ) ;
#8566 = CYLINDRICAL_SURFACE ( 'NONE', #9726, 1.000000000000000888 ) ;
#8567 = CARTESIAN_POINT ( 'NONE',  ( 16.30000012249772823, -9.749999968112238236, 1000.000000000000000 ) ) ;
#8568 = EDGE_CURVE ( 'NONE', #9005, #5208, #9465, .T. ) ;
#8569 = CARTESIAN_POINT ( 'NONE',  ( 16.00000025197457987, -2.761522904833349390, 1000.000000000000000 ) ) ;
#8570 = DIRECTION ( 'NONE',  ( -0.000000000000000000, -0.000000000000000000, -1.000000000000000000 ) ) ;
#8571 = DIRECTION ( 'NONE',  ( 1.000000000000000000, 0.000000000000000000, 0.000000000000000000 ) ) ;
#8572 = VERTEX_POINT ( 'NONE', #620 ) ;
#8573 = ORIENTED_EDGE ( 'NONE', *, *, #6639, .T. ) ;
#8575 = VERTEX_POINT ( 'NONE', #8664 ) ;
#8574 = ORIENTED_EDGE ( 'NONE', *, *, #3301, .F. ) ;
#8576 = ORIENTED_EDGE ( 'NONE', *, *, #6598, .F. ) ;
#8577 = EDGE_LOOP ( 'NONE', ( #577, #7269, #9690, #5329 ) ) ;
#8578 = CARTESIAN_POINT ( 'NONE',  ( 28.04999787550034540, 4.950002429114308100, 1000.000000000000000 ) ) ;
#8579 = EDGE_CURVE ( 'NONE', #2037, #10032, #7631, .T. ) ;
#8580 = CIRCLE ( 'NONE', #1796, 0.2499999114916155729 ) ;
#8581 = DIRECTION ( 'NONE',  ( -0.9999999999998616662, -5.260363325060191763E-07, 0.000000000000000000 ) ) ;
#8582 = ORIENTED_EDGE ( 'NONE', *, *, #10081, .T. ) ;
#8583 = DIRECTION ( 'NONE',  ( 0.000000000000000000, 0.000000000000000000, 1.000000000000000000 ) ) ;
#8584 = CARTESIAN_POINT ( 'NONE',  ( 15.04999950016403609, -8.299998825857686668, 0.000000000000000000 ) ) ;
#8585 = CARTESIAN_POINT ( 'NONE',  ( 28.49999930645356727, -8.499998076722386386, 1000.000000000000000 ) ) ;
#8586 = ORIENTED_EDGE ( 'NONE', *, *, #4173, .T. ) ;
#8587 = CARTESIAN_POINT ( 'NONE',  ( 6.399999902125559359, -8.000000353551500964, 0.000000000000000000 ) ) ;
#8588 = ORIENTED_EDGE ( 'NONE', *, *, #6046, .F. ) ;
#8589 = ORIENTED_EDGE ( 'NONE', *, *, #9452, .T. ) ;
#8590 = FACE_OUTER_BOUND ( 'NONE', #2477, .T. ) ;
#8591 = CIRCLE ( 'NONE', #3101, 0.2500000070781369099 ) ;
#8592 = DIRECTION ( 'NONE',  ( 1.000000000000000000, 0.000000000000000000, 0.000000000000000000 ) ) ;
#8593 = CARTESIAN_POINT ( 'NONE',  ( 4.600000094994893374, -2.761522368914984149, 0.000000000000000000 ) ) ;
#8594 = DIRECTION ( 'NONE',  ( -0.000000000000000000, 0.000000000000000000, -1.000000000000000000 ) ) ;
#8595 = ORIENTED_EDGE ( 'NONE', *, *, #2591, .T. ) ;
#8596 = CARTESIAN_POINT ( 'NONE',  ( 14.20000021914780142, -5.658579128741584086, 1000.000000000000000 ) ) ;
#8597 = CARTESIAN_POINT ( 'NONE',  ( -9.749999888241337231, -3.700000111758765531, 0.000000000000000000 ) ) ;
#8598 = DIRECTION ( 'NONE',  ( 0.8320507240861835241, -0.5546995516021784312, 0.000000000000000000 ) ) ;
#8599 = ADVANCED_FACE ( 'NONE', ( #7747 ), #7862, .F. ) ;
#8600 = ORIENTED_EDGE ( 'NONE', *, *, #7419, .F. ) ;
#8602 = EDGE_CURVE ( 'NONE', #3292, #446, #6132, .T. ) ;
#8601 = LINE ( 'NONE', #3263, #481 ) ;
#8603 = VERTEX_POINT ( 'NONE', #4297 ) ;
#8604 = VECTOR ( 'NONE', #1568, 1000.000000000000000 ) ;
#8605 = EDGE_CURVE ( 'NONE', #1547, #8945, #11373, .T. ) ;
#8606 = DIRECTION ( 'NONE',  ( 0.000000000000000000, 0.000000000000000000, 1.000000000000000000 ) ) ;
#8607 = LINE ( 'NONE', #8553, #607 ) ;
#8608 = LINE ( 'NONE', #2635, #1289 ) ;
#8609 = AXIS2_PLACEMENT_3D ( 'NONE', #10237, #427, #3933 ) ;
#8610 = EDGE_CURVE ( 'NONE', #4851, #8362, #6165, .T. ) ;
#8611 = DIRECTION ( 'NONE',  ( -0.000000000000000000, -0.000000000000000000, -1.000000000000000000 ) ) ;
#8612 = EDGE_CURVE ( 'NONE', #7760, #5608, #4330, .T. ) ;
#8613 = LINE ( 'NONE', #8729, #8073 ) ;
#8614 = FACE_OUTER_BOUND ( 'NONE', #1930, .T. ) ;
#8615 = EDGE_CURVE ( 'NONE', #5488, #9342, #7638, .T. ) ;
#8617 = EDGE_CURVE ( 'NONE', #3701, #5042, #8601, .T. ) ;
#8616 = LINE ( 'NONE', #3334, #10366 ) ;
#8618 = ORIENTED_EDGE ( 'NONE', *, *, #8199, .T. ) ;
#8619 = ORIENTED_EDGE ( 'NONE', *, *, #8474, .T. ) ;
#8620 = ORIENTED_EDGE ( 'NONE', *, *, #2465, .F. ) ;
#8621 = VECTOR ( 'NONE', #4671, 1000.000000000000000 ) ;
#8622 = EDGE_CURVE ( 'NONE', #11118, #3782, #10564, .T. ) ;
#8623 = VECTOR ( 'NONE', #8072, 1000.000000000000000 ) ;
#8624 = DIRECTION ( 'NONE',  ( 0.000000000000000000, -1.000000000000000000, 0.000000000000000000 ) ) ;
#8625 = DIRECTION ( 'NONE',  ( 1.000000000000000000, 0.000000000000000000, 0.000000000000000000 ) ) ;
#8626 = CARTESIAN_POINT ( 'NONE',  ( 27.99999925686936919, -4.196444300152229800, 0.000000000000000000 ) ) ;
#8627 = DIRECTION ( 'NONE',  ( -0.7071067045960413022, -0.7071068577770455166, -0.000000000000000000 ) ) ;
#8628 = VECTOR ( 'NONE', #3052, 1000.000000000000000 ) ;
#8629 = CARTESIAN_POINT ( 'NONE',  ( 17.38370490960976156, 1.484924240491708458, 1000.000000000000000 ) ) ;
#8630 = VECTOR ( 'NONE', #2187, 1000.000000000000227 ) ;
#8631 = CIRCLE ( 'NONE', #8812, 0.9999999977648166283 ) ;
#8632 = DIRECTION ( 'NONE',  ( 1.000000000000000000, 0.000000000000000000, 0.000000000000000000 ) ) ;
#8633 = VERTEX_POINT ( 'NONE', #4174 ) ;
#8634 = EDGE_LOOP ( 'NONE', ( #9466, #7505, #5581, #158 ) ) ;
#8635 = VERTEX_POINT ( 'NONE', #2510 ) ;
#8636 = VERTEX_POINT ( 'NONE', #9517 ) ;
#8637 = ADVANCED_FACE ( 'NONE', ( #1644 ), #5501, .F. ) ;
#8638 = VERTEX_POINT ( 'NONE', #9745 ) ;
#8639 = CARTESIAN_POINT ( 'NONE',  ( 14.79999950239931827, -8.049999123135782142, 1000.000000000000000 ) ) ;
#8640 = CARTESIAN_POINT ( 'NONE',  ( 13.60000015171727838, 5.658578530155403463, 1000.000000000000000 ) ) ;
#8641 = AXIS2_PLACEMENT_3D ( 'NONE', #8030, #4699, #5395 ) ;
#8642 = ORIENTED_EDGE ( 'NONE', *, *, #2190, .T. ) ;
#8643 = DIRECTION ( 'NONE',  ( -0.000000000000000000, -0.000000000000000000, -1.000000000000000000 ) ) ;
#8644 = DIRECTION ( 'NONE',  ( 0.000000000000000000, 0.000000000000000000, 1.000000000000000000 ) ) ;
#8645 = CARTESIAN_POINT ( 'NONE',  ( -5.999999941069436460, -2.181623410754660153, 1000.000000000000000 ) ) ;
#8646 = LINE ( 'NONE', #767, #8319 ) ;
#8647 = ADVANCED_FACE ( 'NONE', ( #5443 ), #8776, .T. ) ;
#8648 = ORIENTED_EDGE ( 'NONE', *, *, #11101, .T. ) ;
#8649 = DIRECTION ( 'NONE',  ( -0.000000000000000000, 1.000000000000000000, -0.000000000000000000 ) ) ;
#8650 = ORIENTED_EDGE ( 'NONE', *, *, #3232, .T. ) ;
#8651 = AXIS2_PLACEMENT_3D ( 'NONE', #9842, #426, #2202 ) ;
#8652 = VERTEX_POINT ( 'NONE', #2800 ) ;
#8653 = LINE ( 'NONE', #774, #1034 ) ;
#8654 = ORIENTED_EDGE ( 'NONE', *, *, #3511, .T. ) ;
#8655 = CIRCLE ( 'NONE', #10870, 0.2499998882415192802 ) ;
#8656 = DIRECTION ( 'NONE',  ( -0.000000000000000000, -0.000000000000000000, -1.000000000000000000 ) ) ;
#8657 = DIRECTION ( 'NONE',  ( -0.000000000000000000, -0.000000000000000000, -1.000000000000000000 ) ) ;
#8658 = DIRECTION ( 'NONE',  ( -0.000000000000000000, -0.000000000000000000, -1.000000000000000000 ) ) ;
#8659 = ORIENTED_EDGE ( 'NONE', *, *, #2352, .T. ) ;
#8660 = CARTESIAN_POINT ( 'NONE',  ( -3.393721882965487602, 0.8559508052926600996, 1000.000000000000000 ) ) ;
#8661 = CARTESIAN_POINT ( 'NONE',  ( 28.07322269320729191, -4.373221158289170241, 1000.000000000000000 ) ) ;
#8662 = CARTESIAN_POINT ( 'NONE',  ( 28.04999793814995357, 4.703555819707591290, 1000.000000000000000 ) ) ;
#8663 = EDGE_LOOP ( 'NONE', ( #6957, #10488, #7616, #7812 ) ) ;
#8664 = CARTESIAN_POINT ( 'NONE',  ( 15.62677641780198279, -8.073222469966875536, 0.000000000000000000 ) ) ;
#8665 = VERTEX_POINT ( 'NONE', #5330 ) ;
#8666 = CIRCLE ( 'NONE', #1330, 0.2499999204762483884 ) ;
#8667 = CARTESIAN_POINT ( 'NONE',  ( 28.04999793814995357, 4.703555819707591290, 0.000000000000000000 ) ) ;
#8668 = AXIS2_PLACEMENT_3D ( 'NONE', #3926, #5585, #6330 ) ;
#8669 = DIRECTION ( 'NONE',  ( -0.000000000000000000, -0.000000000000000000, -1.000000000000000000 ) ) ;
#8670 = DIRECTION ( 'NONE',  ( -0.000000000000000000, -0.000000000000000000, -1.000000000000000000 ) ) ;
#8671 = VECTOR ( 'NONE', #1062, 1000.000000000000000 ) ;
#8672 = LINE ( 'NONE', #7818, #7200 ) ;
#8673 = VECTOR ( 'NONE', #2701, 1000.000000000000000 ) ;
#8674 = CARTESIAN_POINT ( 'NONE',  ( 23.74999875875750988, -0.3376927403625773483, 0.000000000000000000 ) ) ;
#8675 = CARTESIAN_POINT ( 'NONE',  ( 13.00000024186937608, 8.599999976544870250, 0.000000000000000000 ) ) ;
#8676 = DIRECTION ( 'NONE',  ( 0.000000000000000000, 0.000000000000000000, 1.000000000000000000 ) ) ;
#8677 = ORIENTED_EDGE ( 'NONE', *, *, #8605, .T. ) ;
#8678 = ORIENTED_EDGE ( 'NONE', *, *, #7153, .T. ) ;
#8679 = VERTEX_POINT ( 'NONE', #9689 ) ;
#8680 = EDGE_CURVE ( 'NONE', #10945, #5470, #9859, .T. ) ;
#8681 = VECTOR ( 'NONE', #2852, 1000.000000000000000 ) ;
#8682 = LINE ( 'NONE', #4366, #597 ) ;
#8683 = EDGE_CURVE ( 'NONE', #2302, #4508, #4575, .T. ) ;
#8684 = VECTOR ( 'NONE', #4800, 1000.000000000000114 ) ;
#8685 = EDGE_CURVE ( 'NONE', #3395, #7556, #7162, .T. ) ;
#8686 = EDGE_CURVE ( 'NONE', #8244, #9787, #2675, .T. ) ;
#8687 = CARTESIAN_POINT ( 'NONE',  ( -7.600000000000002309, -7.600000000000009415, 1000.000000000000000 ) ) ;
#8688 = CARTESIAN_POINT ( 'NONE',  ( 20.85595080529266454, 3.393721882965480940, 1000.000000000000000 ) ) ;
#8689 = DIRECTION ( 'NONE',  ( 0.9999999999998616662, 5.260373940891945154E-07, 0.000000000000000000 ) ) ;
#8690 = DIRECTION ( 'NONE',  ( -1.000000000000000000, 0.000000000000000000, 0.000000000000000000 ) ) ;
#8691 = VECTOR ( 'NONE', #10546, 1000.000000000000000 ) ;
#8692 = CARTESIAN_POINT ( 'NONE',  ( -8.249999775737565599, -3.070000178441487204, 0.000000000000000000 ) ) ;
#8693 = COLOUR_RGB ( '',0.8666666666666666963, 0.9098039215686274384, 1.000000000000000000 ) ;
#8694 = ORIENTED_EDGE ( 'NONE', *, *, #2636, .T. ) ;
#8695 = ORIENTED_EDGE ( 'NONE', *, *, #4050, .T. ) ;
#8696 = VERTEX_POINT ( 'NONE', #7048 ) ;
#8697 = ORIENTED_EDGE ( 'NONE', *, *, #958, .F. ) ;
#8698 = ORIENTED_EDGE ( 'NONE', *, *, #2458, .T. ) ;
#8699 = FACE_OUTER_BOUND ( 'NONE', #8897, .T. ) ;
#8700 = DIRECTION ( 'NONE',  ( -1.000000000000000000, 0.000000000000000000, 0.000000000000000000 ) ) ;
#8701 = AXIS2_PLACEMENT_3D ( 'NONE', #4415, #57, #399 ) ;
#8702 = EDGE_LOOP ( 'NONE', ( #3768, #9459, #2182, #9381 ) ) ;
#8703 = DIRECTION ( 'NONE',  ( 0.7071073147009562243, -0.7071062476717363543, -0.000000000000000000 ) ) ;
#8704 = CARTESIAN_POINT ( 'NONE',  ( 19.81847834912613138, -3.945215338599275423, 1000.000000000000000 ) ) ;
#8705 = LINE ( 'NONE', #7845, #3287 ) ;
#8706 = EDGE_CURVE ( 'NONE', #1352, #7170, #9091, .T. ) ;
#8707 = ADVANCED_FACE ( 'NONE', ( #1067 ), #8944, .F. ) ;
#8708 = DIRECTION ( 'NONE',  ( 0.000000000000000000, 0.000000000000000000, 1.000000000000000000 ) ) ;
#8709 = ORIENTED_EDGE ( 'NONE', *, *, #9862, .T. ) ;
#8710 = PLANE ( 'NONE',  #4037 ) ;
#8711 = EDGE_LOOP ( 'NONE', ( #7064, #2368, #9516, #10148 ) ) ;
#8712 = EDGE_LOOP ( 'NONE', ( #999, #4628, #2455, #2115 ) ) ;
#8713 = DIRECTION ( 'NONE',  ( -1.000000000000000000, -0.000000000000000000, -0.000000000000000000 ) ) ;
#8714 = CARTESIAN_POINT ( 'NONE',  ( 1.484924240491739766, 2.616295090390196254, 0.000000000000000000 ) ) ;
#8715 = DIRECTION ( 'NONE',  ( -0.000000000000000000, -0.000000000000000000, -1.000000000000000000 ) ) ;
#8716 = DIRECTION ( 'NONE',  ( -0.000000000000000000, -0.000000000000000000, -1.000000000000000000 ) ) ;
#8717 = VERTEX_POINT ( 'NONE', #218 ) ;
#8718 = DIRECTION ( 'NONE',  ( -0.000000000000000000, -0.000000000000000000, -1.000000000000000000 ) ) ;
#8719 = DIRECTION ( 'NONE',  ( -1.439044684105697004E-06, -0.9999999999989644950, -0.000000000000000000 ) ) ;
#8720 = VERTEX_POINT ( 'NONE', #898 ) ;
#8721 = VECTOR ( 'NONE', #4601, 1000.000000000000000 ) ;
#8722 = CARTESIAN_POINT ( 'NONE',  ( 29.39999999097516081, -3.699998077281760445, 1000.000000000000000 ) ) ;
#8723 = ORIENTED_EDGE ( 'NONE', *, *, #1450, .F. ) ;
#8724 = LINE ( 'NONE', #159, #6714 ) ;
#8725 = AXIS2_PLACEMENT_3D ( 'NONE', #5172, #9417, #4307 ) ;
#8726 = LINE ( 'NONE', #10565, #1118 ) ;
#8727 = CARTESIAN_POINT ( 'NONE',  ( -6.604162962963531669, -5.199999990491699364, 1000.000000000000000 ) ) ;
#8728 = ORIENTED_EDGE ( 'NONE', *, *, #9309, .F. ) ;
#8729 = CARTESIAN_POINT ( 'NONE',  ( -4.950000198793970796, 8.299999786103629873, 1000.000000000000000 ) ) ;
#8730 = DIRECTION ( 'NONE',  ( -0.000000000000000000, -0.000000000000000000, -1.000000000000000000 ) ) ;
#8731 = DIRECTION ( 'NONE',  ( 1.000000000000000000, 0.000000000000000000, 0.000000000000000000 ) ) ;
#8732 = VERTEX_POINT ( 'NONE', #3601 ) ;
#8733 = ORIENTED_EDGE ( 'NONE', *, *, #6712, .T. ) ;
#8734 = VECTOR ( 'NONE', #11179, 1000.000000000000114 ) ;
#8735 = EDGE_LOOP ( 'NONE', ( #3992, #601, #5403, #7762 ) ) ;
#8736 = LINE ( 'NONE', #10575, #3362 ) ;
#8737 = DIRECTION ( 'NONE',  ( 0.000000000000000000, 0.000000000000000000, 1.000000000000000000 ) ) ;
#8738 = CARTESIAN_POINT ( 'NONE',  ( -3.999999911001639319, 0.3376953446985325735, 0.000000000000000000 ) ) ;
#8739 = CIRCLE ( 'NONE', #9104, 0.2500000949949013895 ) ;
#8740 = DIRECTION ( 'NONE',  ( -0.000000000000000000, -0.000000000000000000, -1.000000000000000000 ) ) ;
#8741 = LINE ( 'NONE', #923, #10827 ) ;
#8742 = CARTESIAN_POINT ( 'NONE',  ( 16.00000101193381852, 2.761521772073602499, 1000.000000000000000 ) ) ;
#8743 = ORIENTED_EDGE ( 'NONE', *, *, #8013, .F. ) ;
#8744 = ORIENTED_EDGE ( 'NONE', *, *, #6370, .F. ) ;
#8745 = ADVANCED_FACE ( 'NONE', ( #3720 ), #4406, .T. ) ;
#8746 = ORIENTED_EDGE ( 'NONE', *, *, #11158, .F. ) ;
#8747 = ADVANCED_FACE ( 'NONE', ( #44 ), #1013, .F. ) ;
#8748 = ORIENTED_EDGE ( 'NONE', *, *, #6730, .T. ) ;
#8749 = EDGE_CURVE ( 'NONE', #8482, #6624, #3590, .T. ) ;
#8750 = ORIENTED_EDGE ( 'NONE', *, *, #6861, .F. ) ;
#8751 = VECTOR ( 'NONE', #7736, 1000.000000000000000 ) ;
#8752 = DIRECTION ( 'NONE',  ( 0.000000000000000000, 0.000000000000000000, 1.000000000000000000 ) ) ;
#8753 = DIRECTION ( 'NONE',  ( -0.000000000000000000, -0.000000000000000000, -1.000000000000000000 ) ) ;
#8754 = ORIENTED_EDGE ( 'NONE', *, *, #9259, .T. ) ;
#8755 = DIRECTION ( 'NONE',  ( 0.000000000000000000, 0.000000000000000000, 1.000000000000000000 ) ) ;
#8756 = DIRECTION ( 'NONE',  ( -1.000000000000000000, 0.000000000000000000, 0.000000000000000000 ) ) ;
#8757 = EDGE_CURVE ( 'NONE', #10476, #1558, #11310, .T. ) ;
#8758 = DIRECTION ( 'NONE',  ( -0.000000000000000000, -0.000000000000000000, -1.000000000000000000 ) ) ;
#8759 = CARTESIAN_POINT ( 'NONE',  ( 4.703553306479084206, 8.299999708163419143, 0.000000000000000000 ) ) ;
#8760 = EDGE_CURVE ( 'NONE', #5713, #8889, #5060, .T. ) ;
#8761 = ORIENTED_EDGE ( 'NONE', *, *, #144, .T. ) ;
#8762 = CARTESIAN_POINT ( 'NONE',  ( 13.60000012899577371, -8.000000484978855297, 1000.000000000000000 ) ) ;
#8763 = VERTEX_POINT ( 'NONE', #2484 ) ;
#8764 = VERTEX_POINT ( 'NONE', #1686 ) ;
#8765 = DIRECTION ( 'NONE',  ( -0.000000000000000000, -0.000000000000000000, -1.000000000000000000 ) ) ;
#8766 = DIRECTION ( 'NONE',  ( -0.000000000000000000, -0.000000000000000000, -1.000000000000000000 ) ) ;
#8767 = ADVANCED_FACE ( 'NONE', ( #2545 ), #825, .F. ) ;
#8768 = ORIENTED_EDGE ( 'NONE', *, *, #2709, .T. ) ;
#8769 = CIRCLE ( 'NONE', #1976, 2.000000000000022649 ) ;
#8770 = CARTESIAN_POINT ( 'NONE',  ( 17.50000000000000000, 0.000000000000000000, 1000.000000000000000 ) ) ;
#8771 = DIRECTION ( 'NONE',  ( 0.000000000000000000, 1.000000000000000000, 0.000000000000000000 ) ) ;
#8772 = VERTEX_POINT ( 'NONE', #7672 ) ;
#8773 = CARTESIAN_POINT ( 'NONE',  ( -8.250000260037616329, 3.070000281310326429, 1000.000000000000000 ) ) ;
#8774 = CYLINDRICAL_SURFACE ( 'NONE', #7524, 0.9999999999999870104 ) ;
#8775 = VERTEX_POINT ( 'NONE', #9439 ) ;
#8776 = CYLINDRICAL_SURFACE ( 'NONE', #7074, 0.2500000949949010565 ) ;
#8777 = ORIENTED_EDGE ( 'NONE', *, *, #10944, .T. ) ;
#8778 = CARTESIAN_POINT ( 'NONE',  ( 17.81837566322598576, -3.999998775587612521, 1000.000000000000000 ) ) ;
#8779 = EDGE_CURVE ( 'NONE', #8039, #11132, #11295, .T. ) ;
#8780 = CARTESIAN_POINT ( 'NONE',  ( -2.181623320331199878, -3.999999999986361576, 1000.000000000000000 ) ) ;
#8781 = CARTESIAN_POINT ( 'NONE',  ( 3.393721882965473835, 0.8559508052926600996, 1000.000000000000000 ) ) ;
#8782 = VERTEX_POINT ( 'NONE', #5261 ) ;
#8783 = VECTOR ( 'NONE', #3620, 1000.000000000000000 ) ;
#8784 = DIRECTION ( 'NONE',  ( -1.030353513775315696E-07, 0.9999999999999947820, 0.000000000000000000 ) ) ;
#8785 = FACE_OUTER_BOUND ( 'NONE', #9822, .T. ) ;
#8786 = PLANE ( 'NONE',  #3039 ) ;
#8787 = EDGE_CURVE ( 'NONE', #5601, #5759, #5614, .T. ) ;
#8788 = VERTEX_POINT ( 'NONE', #3526 ) ;
#8789 = ORIENTED_EDGE ( 'NONE', *, *, #6770, .F. ) ;
#8790 = ORIENTED_EDGE ( 'NONE', *, *, #10222, .F. ) ;
#8791 = DIRECTION ( 'NONE',  ( 1.000000000000000000, 0.000000000000000000, 0.000000000000000000 ) ) ;
#8792 = CIRCLE ( 'NONE', #8055, 0.2499998100102401866 ) ;
#8793 = DIRECTION ( 'NONE',  ( -1.000000000000000000, 0.000000000000000000, 0.000000000000000000 ) ) ;
#8794 = DIRECTION ( 'NONE',  ( -3.939114658957814853E-08, -0.9999999999999992228, 0.000000000000000000 ) ) ;
#8795 = CARTESIAN_POINT ( 'NONE',  ( 4.175736061044475811, 3.185786557152957776, 1000.000000000000000 ) ) ;
#8796 = LINE ( 'NONE', #7015, #3477 ) ;
#8797 = DIRECTION ( 'NONE',  ( 1.000000000000000000, 0.000000000000000000, 0.000000000000000000 ) ) ;
#8798 = VECTOR ( 'NONE', #2472, 1000.000000000000000 ) ;
#8799 = VERTEX_POINT ( 'NONE', #9618 ) ;
#8800 = ORIENTED_EDGE ( 'NONE', *, *, #8779, .F. ) ;
#8801 = CIRCLE ( 'NONE', #369, 0.2499999172870344122 ) ;
#8802 = ORIENTED_EDGE ( 'NONE', *, *, #6430, .T. ) ;
#8803 = ORIENTED_EDGE ( 'NONE', *, *, #1308, .T. ) ;
#8804 = ORIENTED_EDGE ( 'NONE', *, *, #11161, .F. ) ;
#8805 = CARTESIAN_POINT ( 'NONE',  ( -8.050000032424675211, 4.950000103972798549, 1000.000000000000000 ) ) ;
#8806 = DIRECTION ( 'NONE',  ( -0.000000000000000000, -0.000000000000000000, -1.000000000000000000 ) ) ;
#8807 = ORIENTED_EDGE ( 'NONE', *, *, #2508, .F. ) ;
#8808 = VECTOR ( 'NONE', #4317, 1000.000000000000000 ) ;
#8809 = ORIENTED_EDGE ( 'NONE', *, *, #1574, .F. ) ;
#8810 = DIRECTION ( 'NONE',  ( -0.000000000000000000, -0.000000000000000000, -1.000000000000000000 ) ) ;
#8811 = AXIS2_PLACEMENT_3D ( 'NONE', #9990, #9930, #2983 ) ;
#8812 = AXIS2_PLACEMENT_3D ( 'NONE', #5498, #8999, #1128 ) ;
#8813 = LINE ( 'NONE', #4497, #7705 ) ;
#8814 = DIRECTION ( 'NONE',  ( -0.000000000000000000, 1.000000000000000000, -0.000000000000000000 ) ) ;
#8815 = ORIENTED_EDGE ( 'NONE', *, *, #2358, .T. ) ;
#8816 = ORIENTED_EDGE ( 'NONE', *, *, #818, .T. ) ;
#8817 = ORIENTED_EDGE ( 'NONE', *, *, #1621, .F. ) ;
#8818 = AXIS2_PLACEMENT_3D ( 'NONE', #8169, #7647, #6603 ) ;
#8819 = LINE ( 'NONE', #4448, #2143 ) ;
#8820 = VECTOR ( 'NONE', #4704, 1000.000000000000000 ) ;
#8821 = DIRECTION ( 'NONE',  ( -0.000000000000000000, -0.000000000000000000, -1.000000000000000000 ) ) ;
#8822 = EDGE_CURVE ( 'NONE', #2226, #4445, #8913, .T. ) ;
#8823 = EDGE_CURVE ( 'NONE', #5668, #10284, #705, .T. ) ;
#8824 = EDGE_CURVE ( 'NONE', #4622, #2933, #878, .T. ) ;
#8825 = EDGE_CURVE ( 'NONE', #1926, #8799, #6887, .T. ) ;
#8826 = PLANE ( 'NONE',  #5852 ) ;
#8827 = AXIS2_PLACEMENT_3D ( 'NONE', #5039, #10260, #11249 ) ;
#8828 = CARTESIAN_POINT ( 'NONE',  ( 3.999999999999989786, 2.761522368914970382, 1000.000000000000000 ) ) ;
#8829 = ORIENTED_EDGE ( 'NONE', *, *, #5421, .T. ) ;
#8830 = CARTESIAN_POINT ( 'NONE',  ( 3.700000235153940054, -9.399999651635681630, 1000.000000000000000 ) ) ;
#8831 = DIRECTION ( 'NONE',  ( -0.000000000000000000, -0.000000000000000000, -1.000000000000000000 ) ) ;
#8832 = EDGE_CURVE ( 'NONE', #2946, #8524, #4156, .T. ) ;
#8833 = ORIENTED_EDGE ( 'NONE', *, *, #1158, .T. ) ;
#8834 = DIRECTION ( 'NONE',  ( -1.000000000000000000, 0.000000000000000000, 0.000000000000000000 ) ) ;
#8835 = ORIENTED_EDGE ( 'NONE', *, *, #4913, .T. ) ;
#8836 = LINE ( 'NONE', #4518, #8376 ) ;
#8837 = VECTOR ( 'NONE', #9265, 1000.000000000000114 ) ;
#8838 = DIRECTION ( 'NONE',  ( 0.000000000000000000, 0.000000000000000000, 1.000000000000000000 ) ) ;
#8839 = CARTESIAN_POINT ( 'NONE',  ( 5.800000121423037669, -5.658578617334583782, 1000.000000000000000 ) ) ;
#8840 = CARTESIAN_POINT ( 'NONE',  ( 24.70355286087617941, -8.299997791155391269, 0.000000000000000000 ) ) ;
#8841 = EDGE_CURVE ( 'NONE', #10911, #888, #5258, .T. ) ;
#8842 = LINE ( 'NONE', #6940, #800 ) ;
#8843 = CARTESIAN_POINT ( 'NONE',  ( 7.000000241869461348, 7.999999960302581314, 1000.000000000000000 ) ) ;
#8844 = ORIENTED_EDGE ( 'NONE', *, *, #3699, .F. ) ;
#8845 = AXIS2_PLACEMENT_3D ( 'NONE', #571, #8335, #6759 ) ;
#8846 = ADVANCED_FACE ( 'NONE', ( #763 ), #10422, .F. ) ;
#8847 = DIRECTION ( 'NONE',  ( -0.000000000000000000, -0.000000000000000000, -1.000000000000000000 ) ) ;
#8848 = EDGE_LOOP ( 'NONE', ( #3602, #1889, #10629, #6162 ) ) ;
#8849 = VERTEX_POINT ( 'NONE', #9672 ) ;
#8850 = DIRECTION ( 'NONE',  ( -0.000000000000000000, -0.000000000000000000, -1.000000000000000000 ) ) ;
#8851 = VECTOR ( 'NONE', #10622, 1000.000000000000000 ) ;
#8852 = VECTOR ( 'NONE', #8564, 1000.000000000000000 ) ;
#8853 = CARTESIAN_POINT ( 'NONE',  ( 23.99999905012674262, -0.3376927403625773483, 1000.000000000000000 ) ) ;
#8854 = CARTESIAN_POINT ( 'NONE',  ( 3.595837038065416547, -4.585786137746946878, 1000.000000000000000 ) ) ;
#8855 = CARTESIAN_POINT ( 'NONE',  ( 5.200000113886879660, -8.049999885812717082, 0.000000000000000000 ) ) ;
#8856 = CARTESIAN_POINT ( 'NONE',  ( -8.049999986817789832, -5.199999990491696700, 1000.000000000000000 ) ) ;
#8857 = DIRECTION ( 'NONE',  ( -1.000000000000000000, 0.000000000000000000, 0.000000000000000000 ) ) ;
#8858 = VERTEX_POINT ( 'NONE', #3360 ) ;
#8859 = ORIENTED_EDGE ( 'NONE', *, *, #3140, .T. ) ;
#8860 = AXIS2_PLACEMENT_3D ( 'NONE', #10322, #8716, #841 ) ;
#8861 = ORIENTED_EDGE ( 'NONE', *, *, #9119, .F. ) ;
#8862 = ORIENTED_EDGE ( 'NONE', *, *, #1791, .F. ) ;
#8863 = ORIENTED_EDGE ( 'NONE', *, *, #6769, .T. ) ;
#8864 = CARTESIAN_POINT ( 'NONE',  ( 3.950000044177011560, 9.750000011623196627, 0.000000000000000000 ) ) ;
#8865 = CARTESIAN_POINT ( 'NONE',  ( 24.19644703095001503, 8.249999037614808017, 1000.000000000000000 ) ) ;
#8866 = AXIS2_PLACEMENT_3D ( 'NONE', #6560, #3123, #6505 ) ;
#8867 = DIRECTION ( 'NONE',  ( -1.030353624409858122E-07, 0.9999999999999946709, 0.000000000000000000 ) ) ;
#8868 = AXIS2_PLACEMENT_3D ( 'NONE', #5079, #3135, #4210 ) ;
#8869 = DIRECTION ( 'NONE',  ( -0.000000000000000000, -0.000000000000000000, -1.000000000000000000 ) ) ;
#8870 = CARTESIAN_POINT ( 'NONE',  ( 23.94521573359680389, 0.1815238454114489197, 1000.000000000000000 ) ) ;
#8871 = DIRECTION ( 'NONE',  ( -0.000000000000000000, -0.000000000000000000, -1.000000000000000000 ) ) ;
#8872 = ORIENTED_EDGE ( 'NONE', *, *, #10607, .T. ) ;
#8873 = ORIENTED_EDGE ( 'NONE', *, *, #1158, .F. ) ;
#8874 = VERTEX_POINT ( 'NONE', #1800 ) ;
#8875 = DIRECTION ( 'NONE',  ( -1.000000000000000000, 0.000000000000000000, 0.000000000000000000 ) ) ;
#8876 = CARTESIAN_POINT ( 'NONE',  ( 2.616295090390198030, -1.484924240491737990, 1000.000000000000000 ) ) ;
#8877 = AXIS2_PLACEMENT_3D ( 'NONE', #1047, #4552, #81 ) ;
#8878 = DIRECTION ( 'NONE',  ( 0.000000000000000000, 0.000000000000000000, 1.000000000000000000 ) ) ;
#8879 = CARTESIAN_POINT ( 'NONE',  ( 9.624306213962194434, -9.749999783481941407, 0.000000000000000000 ) ) ;
#8880 = AXIS2_PLACEMENT_3D ( 'NONE', #4513, #4743, #1928 ) ;
#8881 = CARTESIAN_POINT ( 'NONE',  ( 16.30000012249772823, -9.749999968112238236, 0.000000000000000000 ) ) ;
#8882 = ORIENTED_EDGE ( 'NONE', *, *, #7488, .T. ) ;
#8883 = ADVANCED_FACE ( 'NONE', ( #10307 ), #7029, .T. ) ;
#8884 = FACE_OUTER_BOUND ( 'NONE', #7746, .T. ) ;
#8885 = CARTESIAN_POINT ( 'NONE',  ( 13.00000024186937608, 8.599999976544870250, 1000.000000000000000 ) ) ;
#8886 = ORIENTED_EDGE ( 'NONE', *, *, #879, .F. ) ;
#8887 = CARTESIAN_POINT ( 'NONE',  ( -4.950000225616070892, 8.049999850923681421, 0.000000000000000000 ) ) ;
#8888 = EDGE_CURVE ( 'NONE', #9688, #1590, #10009, .T. ) ;
#8889 = VERTEX_POINT ( 'NONE', #5138 ) ;
#8890 = ADVANCED_FACE ( 'NONE', ( #6113 ), #6051, .T. ) ;
#8891 = VECTOR ( 'NONE', #1442, 1000.000000000000000 ) ;
#8892 = EDGE_CURVE ( 'NONE', #6496, #8772, #5201, .T. ) ;
#8893 = CARTESIAN_POINT ( 'NONE',  ( -2.181623338056444705, -5.999999904991462962, 0.000000000000000000 ) ) ;
#8894 = LINE ( 'NONE', #6305, #6065 ) ;
#8895 = VECTOR ( 'NONE', #1720, 1000.000000000000000 ) ;
#8896 = CYLINDRICAL_SURFACE ( 'NONE', #9221, 0.2499999994412414606 ) ;
#8897 = EDGE_LOOP ( 'NONE', ( #695, #10739, #2180, #8694 ) ) ;
#8898 = ADVANCED_FACE ( 'NONE', ( #1745 ), #4931, .F. ) ;
#8899 = CARTESIAN_POINT ( 'NONE',  ( 24.19644703095001503, 7.999998949105774138, 0.000000000000000000 ) ) ;
#8900 = CARTESIAN_POINT ( 'NONE',  ( 3.070000090333480092, 9.150000347420848001, 1000.000000000000000 ) ) ;
#8901 = DIRECTION ( 'NONE',  ( 1.000000000000000000, 0.000000000000000000, 0.000000000000000000 ) ) ;
#8902 = ORIENTED_EDGE ( 'NONE', *, *, #5392, .T. ) ;
#8903 = PLANE ( 'NONE',  #5789 ) ;
#8904 = EDGE_CURVE ( 'NONE', #4219, #1215, #5161, .T. ) ;
#8905 = ORIENTED_EDGE ( 'NONE', *, *, #7938, .T. ) ;
#8906 = VERTEX_POINT ( 'NONE', #6933 ) ;
#8907 = CARTESIAN_POINT ( 'NONE',  ( -8.049999974682753745, 4.703553494566054205, 1000.000000000000000 ) ) ;
#8908 = EDGE_CURVE ( 'NONE', #1787, #1215, #4237, .T. ) ;
#8909 = CARTESIAN_POINT ( 'NONE',  ( 15.62677706052485682, 8.073222827534767276, 0.000000000000000000 ) ) ;
#8910 = DIRECTION ( 'NONE',  ( 0.000000000000000000, 0.000000000000000000, 1.000000000000000000 ) ) ;
#8911 = CARTESIAN_POINT ( 'NONE',  ( 16.29999987042587506, 9.749999694558225016, 1000.000000000000000 ) ) ;
#8912 = CARTESIAN_POINT ( 'NONE',  ( -4.199999930035690276, -6.604162987453851663, 1000.000000000000000 ) ) ;
#8913 = CIRCLE ( 'NONE', #10205, 0.2499999532848602157 ) ;
#8914 = DIRECTION ( 'NONE',  ( -1.000000000000000000, -0.000000000000000000, -0.000000000000000000 ) ) ;
#8915 = EDGE_LOOP ( 'NONE', ( #10389, #2700, #11343, #9132 ) ) ;
#8916 = VERTEX_POINT ( 'NONE', #1649 ) ;
#8917 = ORIENTED_EDGE ( 'NONE', *, *, #1949, .T. ) ;
#8918 = ORIENTED_EDGE ( 'NONE', *, *, #755, .F. ) ;
#8919 = VERTEX_POINT ( 'NONE', #11150 ) ;
#8920 = DIRECTION ( 'NONE',  ( -0.000000000000000000, -0.000000000000000000, -1.000000000000000000 ) ) ;
#8921 = DIRECTION ( 'NONE',  ( 0.7071084349085211551, 0.7071051274607063064, 0.000000000000000000 ) ) ;
#8922 = EDGE_CURVE ( 'NONE', #3671, #10498, #656, .T. ) ;
#8923 = VECTOR ( 'NONE', #9297, 1000.000000000000000 ) ;
#8924 = LINE ( 'NONE', #2894, #2173 ) ;
#8925 = LINE ( 'NONE', #2558, #568 ) ;
#8926 = DIRECTION ( 'NONE',  ( 1.000000000000000000, 0.000000000000000000, 0.000000000000000000 ) ) ;
#8927 = CARTESIAN_POINT ( 'NONE',  ( 6.999999982964314249, -8.600000054410777750, 0.000000000000000000 ) ) ;
#8928 = CARTESIAN_POINT ( 'NONE',  ( 15.29644692136327500, 8.299999394222338012, 1000.000000000000000 ) ) ;
#8929 = ORIENTED_EDGE ( 'NONE', *, *, #6495, .F. ) ;
#8930 = ORIENTED_EDGE ( 'NONE', *, *, #10517, .F. ) ;
#8931 = AXIS2_PLACEMENT_3D ( 'NONE', #944, #3533, #889 ) ;
#8932 = EDGE_CURVE ( 'NONE', #6613, #6255, #2513, .T. ) ;
#8933 = ORIENTED_EDGE ( 'NONE', *, *, #11009, .F. ) ;
#8934 = CARTESIAN_POINT ( 'NONE',  ( 15.40000027008729688, -2.761522904833349390, 0.000000000000000000 ) ) ;
#8935 = LINE ( 'NONE', #7210, #4035 ) ;
#8936 = FACE_OUTER_BOUND ( 'NONE', #9789, .T. ) ;
#8937 = EDGE_LOOP ( 'NONE', ( #2379, #9374, #7553, #9489 ) ) ;
#8938 = AXIS2_PLACEMENT_3D ( 'NONE', #10779, #6513, #10719 ) ;
#8939 = CARTESIAN_POINT ( 'NONE',  ( 11.07703294439118302, -8.600000338947463518, 1000.000000000000000 ) ) ;
#8940 = CARTESIAN_POINT ( 'NONE',  ( 9.624306213962194434, -9.999999898994914815, 0.000000000000000000 ) ) ;
#8941 = DIRECTION ( 'NONE',  ( 0.000000000000000000, -1.000000000000000000, 0.000000000000000000 ) ) ;
#8942 = DIRECTION ( 'NONE',  ( 0.9999999999999363842, -3.568436106276831020E-07, 0.000000000000000000 ) ) ;
#8943 = ORIENTED_EDGE ( 'NONE', *, *, #7035, .T. ) ;
#8944 = PLANE ( 'NONE',  #9457 ) ;
#8945 = VERTEX_POINT ( 'NONE', #11097 ) ;
#8946 = DIRECTION ( 'NONE',  ( 0.9999999999999059641, -4.335455880471362164E-07, -0.000000000000000000 ) ) ;
#8947 = CIRCLE ( 'NONE', #338, 0.2499998100102011622 ) ;
#8948 = CARTESIAN_POINT ( 'NONE',  ( -0.1815214141149754101, -3.945216953801122806, 0.000000000000000000 ) ) ;
#8949 = DIRECTION ( 'NONE',  ( 1.000000000000000000, 0.000000000000000000, 0.000000000000000000 ) ) ;
#8950 = EDGE_CURVE ( 'NONE', #5023, #2264, #4710, .T. ) ;
#8951 = FACE_OUTER_BOUND ( 'NONE', #10300, .T. ) ;
#8952 = CARTESIAN_POINT ( 'NONE',  ( 24.95000031312306987, 8.049999194463003604, 1000.000000000000000 ) ) ;
#8953 = CARTESIAN_POINT ( 'NONE',  ( -9.999999776482582092, -3.949999809265136719, 1000.000000000000000 ) ) ;
#8954 = ORIENTED_EDGE ( 'NONE', *, *, #5561, .F. ) ;
#8955 = ADVANCED_FACE ( 'NONE', ( #1593 ), #725, .F. ) ;
#8956 = DIRECTION ( 'NONE',  ( 0.000000000000000000, 0.000000000000000000, 1.000000000000000000 ) ) ;
#8957 = ORIENTED_EDGE ( 'NONE', *, *, #1176, .T. ) ;
#8958 = EDGE_LOOP ( 'NONE', ( #10356, #6647, #3383, #10061 ) ) ;
#8959 = FACE_OUTER_BOUND ( 'NONE', #8712, .T. ) ;
#8960 = EDGE_CURVE ( 'NONE', #3087, #2084, #10208, .T. ) ;
#8961 = EDGE_CURVE ( 'NONE', #8465, #3503, #790, .T. ) ;
#8962 = CARTESIAN_POINT ( 'NONE',  ( 4.175736061044474035, 3.185786557152958665, 0.000000000000000000 ) ) ;
#8963 = VECTOR ( 'NONE', #4659, 1000.000000000000000 ) ;
#8964 = CARTESIAN_POINT ( 'NONE',  ( -5.199999987655578693, -8.050000226462572073, 1000.000000000000000 ) ) ;
#8965 = ADVANCED_FACE ( 'NONE', ( #11319 ), #4993, .F. ) ;
#8966 = DIRECTION ( 'NONE',  ( 7.700623407407265731E-08, 0.9999999999999970024, -0.000000000000000000 ) ) ;
#8967 = EDGE_CURVE ( 'NONE', #170, #5985, #10023, .T. ) ;
#8968 = LINE ( 'NONE', #7940, #11203 ) ;
#8969 = DIRECTION ( 'NONE',  ( -0.000000000000000000, -0.000000000000000000, -1.000000000000000000 ) ) ;
#8970 = ORIENTED_EDGE ( 'NONE', *, *, #4036, .F. ) ;
#8971 = ORIENTED_EDGE ( 'NONE', *, *, #8612, .F. ) ;
#8972 = ADVANCED_FACE ( 'NONE', ( #11261 ), #5964, .F. ) ;
#8973 = VERTEX_POINT ( 'NONE', #8551 ) ;
#8974 = AXIS2_PLACEMENT_3D ( 'NONE', #3585, #11298, #6852 ) ;
#8975 = EDGE_LOOP ( 'NONE', ( #1871, #957, #9054, #8563 ) ) ;
#8976 = CARTESIAN_POINT ( 'NONE',  ( 26.60416093153460082, 4.200002599360153077, 0.000000000000000000 ) ) ;
#8977 = CARTESIAN_POINT ( 'NONE',  ( -0.3376954256355604866, 3.999999850923669165, 1000.000000000000000 ) ) ;
#8978 = CYLINDRICAL_SURFACE ( 'NONE', #10991, 2.500000000000000444 ) ;
#8979 = CARTESIAN_POINT ( 'NONE',  ( -7.600000000000009415, 7.599999999999996092, 0.000000000000000000 ) ) ;
#8980 = LINE ( 'NONE', #10888, #367 ) ;
#8981 = VECTOR ( 'NONE', #2685, 1000.000000000000000 ) ;
#8982 = CARTESIAN_POINT ( 'NONE',  ( 11.07703294439118302, -8.600000338947463518, 0.000000000000000000 ) ) ;
#8983 = PLANE ( 'NONE',  #89 ) ;
#8984 = ORIENTED_EDGE ( 'NONE', *, *, #2161, .F. ) ;
#8985 = EDGE_LOOP ( 'NONE', ( #9348, #10638, #7279, #8395 ) ) ;
#8986 = EDGE_CURVE ( 'NONE', #3325, #10778, #5808, .T. ) ;
#8987 = ORIENTED_EDGE ( 'NONE', *, *, #1597, .F. ) ;
#8988 = ORIENTED_EDGE ( 'NONE', *, *, #10038, .T. ) ;
#8989 = CARTESIAN_POINT ( 'NONE',  ( -3.700000112317546108, -9.399999976716866712, 0.000000000000000000 ) ) ;
#8990 = LINE ( 'NONE', #6979, #8075 ) ;
#8991 = CIRCLE ( 'NONE', #9351, 0.2500000070781265293 ) ;
#8992 = DIRECTION ( 'NONE',  ( 0.000000000000000000, 0.000000000000000000, 1.000000000000000000 ) ) ;
#8993 = VECTOR ( 'NONE', #10025, 1000.000000000000114 ) ;
#8994 = ORIENTED_EDGE ( 'NONE', *, *, #4040, .T. ) ;
#8995 = AXIS2_PLACEMENT_3D ( 'NONE', #1571, #9562, #4338 ) ;
#8996 = FACE_OUTER_BOUND ( 'NONE', #2129, .T. ) ;
#8997 = DIRECTION ( 'NONE',  ( 0.000000000000000000, 0.000000000000000000, 1.000000000000000000 ) ) ;
#8998 = VECTOR ( 'NONE', #7926, 1000.000000000000000 ) ;
#8999 = DIRECTION ( 'NONE',  ( -0.000000000000000000, -0.000000000000000000, -1.000000000000000000 ) ) ;
#9000 = FACE_OUTER_BOUND ( 'NONE', #2263, .T. ) ;
#9001 = ORIENTED_EDGE ( 'NONE', *, *, #6918, .T. ) ;
#9002 = VECTOR ( 'NONE', #2296, 1000.000000000000000 ) ;
#9003 = CARTESIAN_POINT ( 'NONE',  ( -3.320000111199962411, -9.400000112317435708, 1000.000000000000000 ) ) ;
#9004 = AXIS2_PLACEMENT_3D ( 'NONE', #5363, #8755, #5137 ) ;
#9005 = VERTEX_POINT ( 'NONE', #10220 ) ;
#9006 = CYLINDRICAL_SURFACE ( 'NONE', #1227, 0.2500000949949114926 ) ;
#9007 = VECTOR ( 'NONE', #4345, 1000.000000000000000 ) ;
#9008 = AXIS2_PLACEMENT_3D ( 'NONE', #2452, #5957, #1642 ) ;
#9009 = CARTESIAN_POINT ( 'NONE',  ( 4.000000189989805222, -2.761522307991981506, 1000.000000000000000 ) ) ;
#9010 = CARTESIAN_POINT ( 'NONE',  ( 3.700000044735841875, 9.399999876022635092, 0.000000000000000000 ) ) ;
#9011 = ORIENTED_EDGE ( 'NONE', *, *, #1317, .T. ) ;
#9012 = LINE ( 'NONE', #1074, #8998 ) ;
#9013 = CARTESIAN_POINT ( 'NONE',  ( 15.29644565964607317, -8.299998696217587124, 0.000000000000000000 ) ) ;
#9014 = FACE_OUTER_BOUND ( 'NONE', #4389, .T. ) ;
#9015 = ORIENTED_EDGE ( 'NONE', *, *, #4113, .F. ) ;
#9016 = DIRECTION ( 'NONE',  ( 1.000000000000000000, 0.000000000000000000, 0.000000000000000000 ) ) ;
#9017 = ORIENTED_EDGE ( 'NONE', *, *, #11161, .T. ) ;
#9018 = AXIS2_PLACEMENT_3D ( 'NONE', #808, #7993, #70 ) ;
#9019 = EDGE_LOOP ( 'NONE', ( #1806, #3941, #8312, #10047 ) ) ;
#9020 = LINE ( 'NONE', #9995, #3725 ) ;
#9021 = DIRECTION ( 'NONE',  ( 1.000000000000000000, 0.000000000000000000, 0.000000000000000000 ) ) ;
#9022 = DIRECTION ( 'NONE',  ( 1.000000000000000000, 0.000000000000000000, 0.000000000000000000 ) ) ;
#9023 = CIRCLE ( 'NONE', #7563, 0.2499999532848597994 ) ;
#9024 = CARTESIAN_POINT ( 'NONE',  ( 4.950000178706927656, -8.049999885812717082, 1000.000000000000000 ) ) ;
#9025 = DIRECTION ( 'NONE',  ( 0.000000000000000000, -1.000000000000000000, 0.000000000000000000 ) ) ;
#9026 = CARTESIAN_POINT ( 'NONE',  ( 7.000000457936243592, 8.600000106333938632, 0.000000000000000000 ) ) ;
#9027 = EDGE_CURVE ( 'NONE', #9269, #2720, #6816, .T. ) ;
#9028 = ORIENTED_EDGE ( 'NONE', *, *, #5598, .F. ) ;
#9029 = ORIENTED_EDGE ( 'NONE', *, *, #8336, .F. ) ;
#9030 = ADVANCED_FACE ( 'NONE', ( #9349 ), #1482, .T. ) ;
#9031 = VERTEX_POINT ( 'NONE', #5904 ) ;
#9032 = AXIS2_PLACEMENT_3D ( 'NONE', #9179, #8264, #8379 ) ;
#9033 = ADVANCED_FACE ( 'NONE', ( #10332 ), #5104, .T. ) ;
#9034 = EDGE_LOOP ( 'NONE', ( #10724, #2671, #264, #1677 ) ) ;
#9035 = DIRECTION ( 'NONE',  ( -0.000000000000000000, -0.000000000000000000, -1.000000000000000000 ) ) ;
#9036 = EDGE_CURVE ( 'NONE', #3365, #4400, #11376, .T. ) ;
#9037 = AXIS2_PLACEMENT_3D ( 'NONE', #2949, #7308, #4609 ) ;
#9038 = CARTESIAN_POINT ( 'NONE',  ( 4.196446509750331622, 7.999999868348525389, 1000.000000000000000 ) ) ;
#9039 = LINE ( 'NONE', #5364, #9692 ) ;
#9040 = CARTESIAN_POINT ( 'NONE',  ( 29.39999749776685434, 3.699998947466240473, 1000.000000000000000 ) ) ;
#9041 = DIRECTION ( 'NONE',  ( 1.000000000000000000, 0.000000000000000000, 0.000000000000000000 ) ) ;
#9042 = CIRCLE ( 'NONE', #53, 0.2499999180770751672 ) ;
#9043 = DIRECTION ( 'NONE',  ( 0.000000000000000000, -0.000000000000000000, -1.000000000000000000 ) ) ;
#9044 = CARTESIAN_POINT ( 'NONE',  ( 29.39999999097516081, -3.699998077281760445, 0.000000000000000000 ) ) ;
#9045 = AXIS2_PLACEMENT_3D ( 'NONE', #2757, #7240, #8041 ) ;
#9046 = VERTEX_POINT ( 'NONE', #6186 ) ;
#9047 = ORIENTED_EDGE ( 'NONE', *, *, #7764, .T. ) ;
#9048 = ORIENTED_EDGE ( 'NONE', *, *, #10897, .T. ) ;
#9049 = ORIENTED_EDGE ( 'NONE', *, *, #10376, .T. ) ;
#9050 = CARTESIAN_POINT ( 'NONE',  ( 13.00000025118520952, -8.600000631010225050, 0.000000000000000000 ) ) ;
#9051 = CARTESIAN_POINT ( 'NONE',  ( -4.949999980577608483, -8.299999938497746754, 1000.000000000000000 ) ) ;
#9052 = DIRECTION ( 'NONE',  ( 0.000000000000000000, 0.000000000000000000, 1.000000000000000000 ) ) ;
#9053 = VECTOR ( 'NONE', #2489, 1000.000000000000000 ) ;
#9054 = ORIENTED_EDGE ( 'NONE', *, *, #4568, .F. ) ;
#9055 = EDGE_CURVE ( 'NONE', #4677, #1950, #7051, .T. ) ;
#9056 = EDGE_CURVE ( 'NONE', #7113, #576, #6243, .T. ) ;
#9057 = DIRECTION ( 'NONE',  ( 1.000000000000000000, 0.000000000000000000, 0.000000000000000000 ) ) ;
#9058 = LINE ( 'NONE', #9684, #2991 ) ;
#9059 = EDGE_LOOP ( 'NONE', ( #1041, #6159, #9610, #10404 ) ) ;
#9060 = CYLINDRICAL_SURFACE ( 'NONE', #82, 0.2499998100102401866 ) ;
#9061 = CIRCLE ( 'NONE', #8149, 1.000000016391309421 ) ;
#9062 = ORIENTED_EDGE ( 'NONE', *, *, #2284, .T. ) ;
#9063 = CIRCLE ( 'NONE', #3195, 0.2499998373889852910 ) ;
#9064 = VERTEX_POINT ( 'NONE', #4409 ) ;
#9065 = DIRECTION ( 'NONE',  ( 1.000000000000000000, 0.000000000000000000, 0.000000000000000000 ) ) ;
#9066 = AXIS2_PLACEMENT_3D ( 'NONE', #8661, #3379, #3485 ) ;
#9067 = CARTESIAN_POINT ( 'NONE',  ( 20.18152065683990770, -3.945215538776848163, 1000.000000000000000 ) ) ;
#9068 = DIRECTION ( 'NONE',  ( -0.000000000000000000, -0.000000000000000000, -1.000000000000000000 ) ) ;
#9069 = ORIENTED_EDGE ( 'NONE', *, *, #3688, .T. ) ;
#9070 = LINE ( 'NONE', #454, #11164 ) ;
#9071 = CARTESIAN_POINT ( 'NONE',  ( 15.04999950016403609, -8.049998828092791214, 1000.000000000000000 ) ) ;
#9072 = CARTESIAN_POINT ( 'NONE',  ( 16.04999999732799409, -9.999999892116459677, 1000.000000000000000 ) ) ;
#9073 = ORIENTED_EDGE ( 'NONE', *, *, #9378, .F. ) ;
#9074 = DIRECTION ( 'NONE',  ( 0.000000000000000000, 0.000000000000000000, 1.000000000000000000 ) ) ;
#9075 = ORIENTED_EDGE ( 'NONE', *, *, #6014, .T. ) ;
#9076 = ADVANCED_FACE ( 'NONE', ( #9749 ), #7106, .T. ) ;
#9077 = ORIENTED_EDGE ( 'NONE', *, *, #7694, .T. ) ;
#9078 = CARTESIAN_POINT ( 'NONE',  ( 10.00000027307906159, 11.39999989540801906, 0.000000000000000000 ) ) ;
#9079 = VECTOR ( 'NONE', #3054, 1000.000000000000000 ) ;
#9080 = LINE ( 'NONE', #10694, #3674 ) ;
#9081 = DIRECTION ( 'NONE',  ( 1.000000000000000000, 0.000000000000000000, 0.000000000000000000 ) ) ;
#9082 = CARTESIAN_POINT ( 'NONE',  ( 6.400000063803160444, -5.658578617334583782, 0.000000000000000000 ) ) ;
#9083 = LINE ( 'NONE', #1901, #9267 ) ;
#9084 = ORIENTED_EDGE ( 'NONE', *, *, #11174, .T. ) ;
#9085 = EDGE_LOOP ( 'NONE', ( #4823, #3822, #4917, #813 ) ) ;
#9086 = CIRCLE ( 'NONE', #4127, 2.500000000000002220 ) ;
#9087 = VERTEX_POINT ( 'NONE', #10563 ) ;
#9088 = CARTESIAN_POINT ( 'NONE',  ( -9.749999888241337231, -3.700000111758763754, 0.000000000000000000 ) ) ;
#9089 = LINE ( 'NONE', #2199, #1168 ) ;
#9090 = DIRECTION ( 'NONE',  ( -0.9999999999999993339, 3.939114348625349856E-08, 0.000000000000000000 ) ) ;
#9091 = CIRCLE ( 'NONE', #3235, 0.7999999999999912736 ) ;
#9092 = DIRECTION ( 'NONE',  ( -1.000000000000000000, 0.000000000000000000, 0.000000000000000000 ) ) ;
#9093 = CARTESIAN_POINT ( 'NONE',  ( 20.18152065683991125, -3.945215538776844610, 0.000000000000000000 ) ) ;
#9094 = EDGE_CURVE ( 'NONE', #9951, #6492, #1823, .T. ) ;
#9095 = LINE ( 'NONE', #5970, #4836 ) ;
#9096 = EDGE_CURVE ( 'NONE', #2829, #1722, #3724, .T. ) ;
#9097 = DIRECTION ( 'NONE',  ( 0.000000000000000000, 0.000000000000000000, 1.000000000000000000 ) ) ;
#9098 = ORIENTED_EDGE ( 'NONE', *, *, #11238, .F. ) ;
#9099 = EDGE_CURVE ( 'NONE', #1558, #9534, #5226, .T. ) ;
#9100 = VERTEX_POINT ( 'NONE', #8778 ) ;
#9101 = VERTEX_POINT ( 'NONE', #7165 ) ;
#9102 = ORIENTED_EDGE ( 'NONE', *, *, #9136, .F. ) ;
#9103 = VERTEX_POINT ( 'NONE', #1069 ) ;
#9104 = AXIS2_PLACEMENT_3D ( 'NONE', #3896, #8316, #8375 ) ;
#9105 = DIRECTION ( 'NONE',  ( -0.000000000000000000, -0.000000000000000000, -1.000000000000000000 ) ) ;
#9106 = CARTESIAN_POINT ( 'NONE',  ( -3.700000112317546108, -9.750000313483109693, 1000.000000000000000 ) ) ;
#9107 = CARTESIAN_POINT ( 'NONE',  ( 26.60416213172399225, -5.199997769938708103, 1000.000000000000000 ) ) ;
#9108 = ORIENTED_EDGE ( 'NONE', *, *, #5533, .F. ) ;
#9109 = EDGE_CURVE ( 'NONE', #4248, #7664, #8089, .T. ) ;
#9110 = EDGE_CURVE ( 'NONE', #9563, #1469, #4467, .T. ) ;
#9111 = CARTESIAN_POINT ( 'NONE',  ( 15.29644565964607317, -8.299998696217587124, 1000.000000000000000 ) ) ;
#9112 = VECTOR ( 'NONE', #1301, 1000.000000000000000 ) ;
#9113 = DIRECTION ( 'NONE',  ( 0.9999999999999059641, -4.335456038812783825E-07, 0.000000000000000000 ) ) ;
#9114 = EDGE_CURVE ( 'NONE', #3653, #1028, #3798, .T. ) ;
#9115 = CARTESIAN_POINT ( 'NONE',  ( -9.399999752640761486, -3.700000111758763754, 1000.000000000000000 ) ) ;
#9116 = ORIENTED_EDGE ( 'NONE', *, *, #2363, .F. ) ;
#9117 = EDGE_LOOP ( 'NONE', ( #9124, #8453, #10218, #1858 ) ) ;
#9118 = ORIENTED_EDGE ( 'NONE', *, *, #10167, .F. ) ;
#9119 = EDGE_CURVE ( 'NONE', #9796, #3087, #2575, .T. ) ;
#9120 = DIRECTION ( 'NONE',  ( 0.000000000000000000, 0.000000000000000000, 1.000000000000000000 ) ) ;
#9121 = CIRCLE ( 'NONE', #11149, 0.2499999999999997780 ) ;
#9122 = DIRECTION ( 'NONE',  ( 1.000000000000000000, 0.000000000000000000, 0.000000000000000000 ) ) ;
#9123 = DIRECTION ( 'NONE',  ( -1.030353595837683983E-07, 0.9999999999999946709, 0.000000000000000000 ) ) ;
#9124 = ORIENTED_EDGE ( 'NONE', *, *, #4980, .T. ) ;
#9125 = CARTESIAN_POINT ( 'NONE',  ( 10.37569389161740396, 9.749999806316870021, 0.000000000000000000 ) ) ;
#9126 = DIRECTION ( 'NONE',  ( -0.000000000000000000, -0.000000000000000000, -1.000000000000000000 ) ) ;
#9127 = DIRECTION ( 'NONE',  ( -0.000000000000000000, -0.000000000000000000, -1.000000000000000000 ) ) ;
#9128 = ORIENTED_EDGE ( 'NONE', *, *, #8473, .T. ) ;
#9129 = CARTESIAN_POINT ( 'NONE',  ( 15.40000063195458324, 2.761521082694395890, 1000.000000000000000 ) ) ;
#9130 = VERTEX_POINT ( 'NONE', #7973 ) ;
#9131 = EDGE_CURVE ( 'NONE', #11242, #3990, #6347, .T. ) ;
#9132 = ORIENTED_EDGE ( 'NONE', *, *, #1250, .T. ) ;
#9133 = CYLINDRICAL_SURFACE ( 'NONE', #9775, 0.2499999172870283337 ) ;
#9134 = CARTESIAN_POINT ( 'NONE',  ( -3.950000101005074704, 10.00000012339513589, 1000.000000000000000 ) ) ;
#9135 = CARTESIAN_POINT ( 'NONE',  ( -3.595837104761738345, 4.585786288550567136, 0.000000000000000000 ) ) ;
#9136 = EDGE_CURVE ( 'NONE', #1560, #8465, #1712, .T. ) ;
#9137 = VECTOR ( 'NONE', #2144, 1000.000000000000114 ) ;
#9138 = DIRECTION ( 'NONE',  ( -1.000000000000000000, 0.000000000000000000, 0.000000000000000000 ) ) ;
#9139 = CARTESIAN_POINT ( 'NONE',  ( -3.595837104761738345, 4.585786288550567136, 1000.000000000000000 ) ) ;
#9140 = ORIENTED_EDGE ( 'NONE', *, *, #10117, .T. ) ;
#9141 = VERTEX_POINT ( 'NONE', #2743 ) ;
#9142 = ORIENTED_EDGE ( 'NONE', *, *, #9662, .F. ) ;
#9143 = FACE_OUTER_BOUND ( 'NONE', #1213, .T. ) ;
#9144 = VECTOR ( 'NONE', #8350, 999.9999999999998863 ) ;
#9145 = ORIENTED_EDGE ( 'NONE', *, *, #10727, .T. ) ;
#9146 = FACE_OUTER_BOUND ( 'NONE', #1358, .T. ) ;
#9147 = DIRECTION ( 'NONE',  ( 3.939114348625349856E-08, 0.9999999999999993339, -0.000000000000000000 ) ) ;
#9148 = CARTESIAN_POINT ( 'NONE',  ( -5.200000160796018456, 6.604162906957935952, 1000.000000000000000 ) ) ;
#9149 = CYLINDRICAL_SURFACE ( 'NONE', #8255, 0.2499999351801285297 ) ;
#9150 = CARTESIAN_POINT ( 'NONE',  ( -9.150000549120136384, 3.070000281310325541, 1000.000000000000000 ) ) ;
#9151 = DIRECTION ( 'NONE',  ( 1.000000000000000000, 0.000000000000000000, 0.000000000000000000 ) ) ;
#9152 = AXIS2_PLACEMENT_3D ( 'NONE', #7659, #2470, #7771 ) ;
#9153 = ORIENTED_EDGE ( 'NONE', *, *, #2443, .T. ) ;
#9154 = ORIENTED_EDGE ( 'NONE', *, *, #5461, .T. ) ;
#9155 = ORIENTED_EDGE ( 'NONE', *, *, #7152, .T. ) ;
#9156 = ORIENTED_EDGE ( 'NONE', *, *, #7418, .F. ) ;
#9157 = ORIENTED_EDGE ( 'NONE', *, *, #3880, .F. ) ;
#9158 = LINE ( 'NONE', #10837, #5633 ) ;
#9159 = CARTESIAN_POINT ( 'NONE',  ( 0.3376951537216663080, 3.749999788826063885, 1000.000000000000000 ) ) ;
#9160 = LINE ( 'NONE', #1288, #64 ) ;
#9161 = VERTEX_POINT ( 'NONE', #1879 ) ;
#9162 = VECTOR ( 'NONE', #9974, 1000.000000000000000 ) ;
#9163 = EDGE_CURVE ( 'NONE', #6741, #2020, #8836, .T. ) ;
#9164 = FACE_OUTER_BOUND ( 'NONE', #4322, .T. ) ;
#9165 = DIRECTION ( 'NONE',  ( -1.000000000000000000, 0.000000000000000000, 0.000000000000000000 ) ) ;
#9166 = ORIENTED_EDGE ( 'NONE', *, *, #2008, .T. ) ;
#9167 = CARTESIAN_POINT ( 'NONE',  ( -4.373223547227689245, -8.073223582606578574, 1000.000000000000000 ) ) ;
#9168 = ORIENTED_EDGE ( 'NONE', *, *, #8841, .T. ) ;
#9169 = CIRCLE ( 'NONE', #5321, 1.000000057619883753 ) ;
#9170 = EDGE_CURVE ( 'NONE', #7115, #1011, #8029, .T. ) ;
#9171 = ORIENTED_EDGE ( 'NONE', *, *, #7949, .T. ) ;
#9172 = CIRCLE ( 'NONE', #6061, 0.2500000949956990293 ) ;
#9173 = DIRECTION ( 'NONE',  ( 1.000000000000000000, 0.000000000000000000, 0.000000000000000000 ) ) ;
#9174 = EDGE_CURVE ( 'NONE', #5030, #5516, #8724, .T. ) ;
#9175 = EDGE_CURVE ( 'NONE', #8084, #1570, #6302, .T. ) ;
#9176 = ADVANCED_FACE ( 'NONE', ( #10095 ), #282, .F. ) ;
#9177 = CARTESIAN_POINT ( 'NONE',  ( 23.70000138579651860, 9.749999284232508501, 0.000000000000000000 ) ) ;
#9178 = EDGE_CURVE ( 'NONE', #9551, #8202, #8739, .T. ) ;
#9179 = CARTESIAN_POINT ( 'NONE',  ( -8.249999820441056286, -3.320000131726341674, 0.000000000000000000 ) ) ;
#9180 = ORIENTED_EDGE ( 'NONE', *, *, #1300, .F. ) ;
#9181 = DIRECTION ( 'NONE',  ( -0.7071073575879872619, 0.7071062047846379262, -0.000000000000000000 ) ) ;
#9182 = CARTESIAN_POINT ( 'NONE',  ( 0.3376951537216663080, 3.999999709302315409, 1000.000000000000000 ) ) ;
#9183 = LINE ( 'NONE', #2179, #10112 ) ;
#9184 = ORIENTED_EDGE ( 'NONE', *, *, #4060, .T. ) ;
#9185 = PLANE ( 'NONE',  #640 ) ;
#9186 = VERTEX_POINT ( 'NONE', #1362 ) ;
#9187 = ORIENTED_EDGE ( 'NONE', *, *, #6710, .T. ) ;
#9188 = VECTOR ( 'NONE', #6694, 1000.000000000000114 ) ;
#9189 = CARTESIAN_POINT ( 'NONE',  ( -4.949999980577608483, -8.049999931419609567, 1000.000000000000000 ) ) ;
#9190 = AXIS2_PLACEMENT_3D ( 'NONE', #6877, #7753, #10395 ) ;
#9191 = DIRECTION ( 'NONE',  ( 0.000000000000000000, 0.000000000000000000, 1.000000000000000000 ) ) ;
#9192 = EDGE_CURVE ( 'NONE', #1385, #657, #1769, .T. ) ;
#9193 = EDGE_CURVE ( 'NONE', #3690, #847, #8006, .T. ) ;
#9194 = DIRECTION ( 'NONE',  ( -0.000000000000000000, -0.000000000000000000, -1.000000000000000000 ) ) ;
#9195 = LINE ( 'NONE', #4936, #8628 ) ;
#9196 = AXIS2_PLACEMENT_3D ( 'NONE', #1305, #10098, #11032 ) ;
#9197 = DIRECTION ( 'NONE',  ( -0.9999999999998616662, -5.260373377776348420E-07, 0.000000000000000000 ) ) ;
#9198 = VERTEX_POINT ( 'NONE', #3090 ) ;
#9199 = ORIENTED_EDGE ( 'NONE', *, *, #10194, .T. ) ;
#9200 = EDGE_LOOP ( 'NONE', ( #7916, #1698, #10297, #859 ) ) ;
#9201 = ORIENTED_EDGE ( 'NONE', *, *, #2046, .F. ) ;
#9202 = DIRECTION ( 'NONE',  ( 1.000000000000000000, 0.000000000000000000, 0.000000000000000000 ) ) ;
#9203 = ORIENTED_EDGE ( 'NONE', *, *, #48, .T. ) ;
#9204 = CARTESIAN_POINT ( 'NONE',  ( 27.59999999999997300, -7.600000000000009415, 1000.000000000000000 ) ) ;
#9205 = AXIS2_PLACEMENT_3D ( 'NONE', #10826, #254, #5480 ) ;
#9206 = CARTESIAN_POINT ( 'NONE',  ( 25.19999940546319550, -8.049997726335563542, 1000.000000000000000 ) ) ;
#9207 = DIRECTION ( 'NONE',  ( 1.000000000000000000, 0.000000000000000000, 0.000000000000000000 ) ) ;
#9208 = CARTESIAN_POINT ( 'NONE',  ( 29.14999732342325700, 3.320002786050393784, 0.000000000000000000 ) ) ;
#9209 = CARTESIAN_POINT ( 'NONE',  ( 23.32000003690838597, -9.399997494087431349, 1000.000000000000000 ) ) ;
#9210 = DIRECTION ( 'NONE',  ( -1.375978792292770455E-07, -0.9999999999999904521, 0.000000000000000000 ) ) ;
#9211 = CARTESIAN_POINT ( 'NONE',  ( -7.600000000000009415, 7.599999999999996092, 1000.000000000000000 ) ) ;
#9212 = VERTEX_POINT ( 'NONE', #4808 ) ;
#9213 = ORIENTED_EDGE ( 'NONE', *, *, #2422, .F. ) ;
#9214 = VECTOR ( 'NONE', #10758, 1000.000000000000000 ) ;
#9215 = ORIENTED_EDGE ( 'NONE', *, *, #8124, .F. ) ;
#9216 = ORIENTED_EDGE ( 'NONE', *, *, #3564, .F. ) ;
#9217 = ORIENTED_EDGE ( 'NONE', *, *, #10645, .T. ) ;
#9218 = LINE ( 'NONE', #647, #7096 ) ;
#9219 = DIRECTION ( 'NONE',  ( -0.000000000000000000, -0.000000000000000000, -1.000000000000000000 ) ) ;
#9220 = VERTEX_POINT ( 'NONE', #2976 ) ;
#9221 = AXIS2_PLACEMENT_3D ( 'NONE', #1020, #8031, #2057 ) ;
#9222 = CIRCLE ( 'NONE', #4266, 0.7999999999999951594 ) ;
#9223 = CARTESIAN_POINT ( 'NONE',  ( -3.700000112317546108, -9.399999976716866712, 1000.000000000000000 ) ) ;
#9224 = DIRECTION ( 'NONE',  ( 1.000000000000000000, 0.000000000000000000, 0.000000000000000000 ) ) ;
#9225 = DIRECTION ( 'NONE',  ( 0.7071067372445047905, -0.7071068251285875794, 0.000000000000000000 ) ) ;
#9226 = ORIENTED_EDGE ( 'NONE', *, *, #2082, .F. ) ;
#9227 = VERTEX_POINT ( 'NONE', #2228 ) ;
#9228 = DIRECTION ( 'NONE',  ( 0.000000000000000000, 0.000000000000000000, 1.000000000000000000 ) ) ;
#9229 = CIRCLE ( 'NONE', #4273, 2.499999999999988454 ) ;
#9230 = CARTESIAN_POINT ( 'NONE',  ( 15.05000031195666921, 8.049999329402451664, 0.000000000000000000 ) ) ;
#9231 = AXIS2_PLACEMENT_3D ( 'NONE', #4592, #10754, #2879 ) ;
#9232 = CARTESIAN_POINT ( 'NONE',  ( 3.949999932660333446, -9.999999675477502237, 1000.000000000000000 ) ) ;
#9233 = EDGE_CURVE ( 'NONE', #2160, #5791, #5067, .T. ) ;
#9234 = CARTESIAN_POINT ( 'NONE',  ( 10.37569390676078207, -9.749999780357953227, 0.000000000000000000 ) ) ;
#9235 = AXIS2_PLACEMENT_3D ( 'NONE', #5029, #1628, #7900 ) ;
#9236 = DIRECTION ( 'NONE',  ( -0.000000000000000000, -0.000000000000000000, -1.000000000000000000 ) ) ;
#9237 = EDGE_CURVE ( 'NONE', #7875, #6509, #6530, .T. ) ;
#9238 = AXIS2_PLACEMENT_3D ( 'NONE', #3910, #1594, #6817 ) ;
#9239 = VERTEX_POINT ( 'NONE', #502 ) ;
#9240 = DIRECTION ( 'NONE',  ( -9.516871885576335902E-07, 0.9999999999995470290, -0.000000000000000000 ) ) ;
#9241 = CARTESIAN_POINT ( 'NONE',  ( 0.3376954173967203210, -3.749999877439375240, 0.000000000000000000 ) ) ;
#9242 = DIRECTION ( 'NONE',  ( -0.000000000000000000, -0.000000000000000000, -1.000000000000000000 ) ) ;
#9243 = EDGE_CURVE ( 'NONE', #3377, #1708, #7462, .T. ) ;
#9245 = ADVANCED_FACE ( 'NONE', ( #4748 ), #4869, .T. ) ;
#9244 = DIRECTION ( 'NONE',  ( 0.000000000000000000, 0.000000000000000000, 1.000000000000000000 ) ) ;
#9246 = ORIENTED_EDGE ( 'NONE', *, *, #5346, .F. ) ;
#9247 = CIRCLE ( 'NONE', #4468, 0.2500004282594558980 ) ;
#9248 = DIRECTION ( 'NONE',  ( -0.000000000000000000, -0.000000000000000000, -1.000000000000000000 ) ) ;
#9249 = AXIS2_PLACEMENT_3D ( 'NONE', #9204, #309, #8289 ) ;
#9250 = LINE ( 'NONE', #410, #5336 ) ;
#9251 = EDGE_CURVE ( 'NONE', #7129, #6510, #3956, .T. ) ;
#9252 = DIRECTION ( 'NONE',  ( 6.905103824792231470E-08, 0.9999999999999975575, 0.000000000000000000 ) ) ;
#9253 = EDGE_CURVE ( 'NONE', #149, #2019, #4005, .T. ) ;
#9254 = CARTESIAN_POINT ( 'NONE',  ( 0.1815215961652741905, -3.945217153978691549, 0.000000000000000000 ) ) ;
#9255 = CIRCLE ( 'NONE', #10102, 0.2500000753375107854 ) ;
#9256 = CARTESIAN_POINT ( 'NONE',  ( 22.42408705926105483, -0.6113934323518773750, 1000.000000000000000 ) ) ;
#9257 = VERTEX_POINT ( 'NONE', #6412 ) ;
#9258 = ORIENTED_EDGE ( 'NONE', *, *, #10967, .T. ) ;
#9259 = EDGE_CURVE ( 'NONE', #3599, #6397, #5559, .T. ) ;
#9260 = CIRCLE ( 'NONE', #7612, 1.000000000000007772 ) ;
#9261 = DIRECTION ( 'NONE',  ( 1.000000000000000000, 0.000000000000000000, 0.000000000000000000 ) ) ;
#9262 = ORIENTED_EDGE ( 'NONE', *, *, #7194, .T. ) ;
#9263 = DIRECTION ( 'NONE',  ( -0.000000000000000000, -0.000000000000000000, -1.000000000000000000 ) ) ;
#9264 = DIRECTION ( 'NONE',  ( -0.9999999999999363842, 3.568438467617037874E-07, 0.000000000000000000 ) ) ;
#9265 = DIRECTION ( 'NONE',  ( -4.912470560017827756E-08, -0.9999999999999987788, 0.000000000000000000 ) ) ;
#9266 = FACE_OUTER_BOUND ( 'NONE', #262, .T. ) ;
#9267 = VECTOR ( 'NONE', #5528, 1000.000000000000000 ) ;
#9268 = DIRECTION ( 'NONE',  ( 4.335455246482890841E-07, 0.9999999999999060751, -0.000000000000000000 ) ) ;
#9269 = VERTEX_POINT ( 'NONE', #1195 ) ;
#9270 = ORIENTED_EDGE ( 'NONE', *, *, #7569, .T. ) ;
#9272 = ORIENTED_EDGE ( 'NONE', *, *, #6435, .T. ) ;
#9271 = EDGE_LOOP ( 'NONE', ( #11170, #5826, #8246, #11091 ) ) ;
#9273 = ORIENTED_EDGE ( 'NONE', *, *, #9036, .T. ) ;
#9274 = EDGE_CURVE ( 'NONE', #3669, #6689, #3036, .T. ) ;
#9275 = CYLINDRICAL_SURFACE ( 'NONE', #8565, 1.000000000000007772 ) ;
#9276 = FACE_OUTER_BOUND ( 'NONE', #2063, .T. ) ;
#9277 = CIRCLE ( 'NONE', #6878, 0.2500000000000019429 ) ;
#9278 = ORIENTED_EDGE ( 'NONE', *, *, #65, .T. ) ;
#9279 = DIRECTION ( 'NONE',  ( -0.6246943452189502866, 0.7808693713108916246, 0.000000000000000000 ) ) ;
#9280 = FACE_OUTER_BOUND ( 'NONE', #10140, .T. ) ;
#9281 = EDGE_CURVE ( 'NONE', #9659, #8084, #5272, .T. ) ;
#9282 = CARTESIAN_POINT ( 'NONE',  ( 29.75000057964370725, 3.699998947466245358, 0.000000000000000000 ) ) ;
#9283 = ORIENTED_EDGE ( 'NONE', *, *, #11174, .F. ) ;
#9284 = ORIENTED_EDGE ( 'NONE', *, *, #1791, .T. ) ;
#9285 = DIRECTION ( 'NONE',  ( 0.9999999999998616662, 5.260373377776792053E-07, -0.000000000000000000 ) ) ;
#9286 = AXIS2_PLACEMENT_3D ( 'NONE', #7692, #8606, #3219 ) ;
#9287 = CARTESIAN_POINT ( 'NONE',  ( 20.33769576579990002, 3.999999123447665728, 0.000000000000000000 ) ) ;
#9288 = DIRECTION ( 'NONE',  ( -0.000000000000000000, 1.000000000000000000, -0.000000000000000000 ) ) ;
#9289 = CARTESIAN_POINT ( 'NONE',  ( 4.526776654127246502, 8.226776422445404080, 0.000000000000000000 ) ) ;
#9290 = ORIENTED_EDGE ( 'NONE', *, *, #6092, .F. ) ;
#9291 = CARTESIAN_POINT ( 'NONE',  ( 27.99999925686937274, -4.196444300152229800, 0.000000000000000000 ) ) ;
#9292 = PLANE ( 'NONE',  #8509 ) ;
#9293 = DIRECTION ( 'NONE',  ( 0.000000000000000000, 0.000000000000000000, 1.000000000000000000 ) ) ;
#9294 = DIRECTION ( 'NONE',  ( 1.000000000000000000, -0.000000000000000000, -0.000000000000000000 ) ) ;
#9295 = ORIENTED_EDGE ( 'NONE', *, *, #40, .F. ) ;
#9296 = AXIS2_PLACEMENT_3D ( 'NONE', #10962, #3885, #3078 ) ;
#9297 = DIRECTION ( 'NONE',  ( -1.000000000000000000, 0.000000000000000000, 0.000000000000000000 ) ) ;
#9298 = CARTESIAN_POINT ( 'NONE',  ( 17.94939033455898780, -2.050609665440989104, 0.000000000000000000 ) ) ;
#9299 = ADVANCED_FACE ( 'NONE', ( #2116 ), #2863, .F. ) ;
#9300 = CARTESIAN_POINT ( 'NONE',  ( 6.399999934160463866, 5.658578553586465887, 0.000000000000000000 ) ) ;
#9301 = ADVANCED_FACE ( 'NONE', ( #5504 ), #9006, .T. ) ;
#9302 = CARTESIAN_POINT ( 'NONE',  ( 3.070000301836649292, -8.249999674732485744, 0.000000000000000000 ) ) ;
#9303 = DIRECTION ( 'NONE',  ( 0.9999999999999059641, -4.335455246482890312E-07, 0.000000000000000000 ) ) ;
#9304 = LINE ( 'NONE', #6715, #9079 ) ;
#9305 = VERTEX_POINT ( 'NONE', #391 ) ;
#9306 = ORIENTED_EDGE ( 'NONE', *, *, #2419, .F. ) ;
#9307 = EDGE_CURVE ( 'NONE', #858, #1123, #3249, .T. ) ;
#9308 = LINE ( 'NONE', #10122, #5731 ) ;
#9309 = EDGE_CURVE ( 'NONE', #5493, #7944, #9504, .T. ) ;
#9310 = ORIENTED_EDGE ( 'NONE', *, *, #3491, .F. ) ;
#9311 = DIRECTION ( 'NONE',  ( -0.000000000000000000, -0.000000000000000000, -1.000000000000000000 ) ) ;
#9312 = EDGE_CURVE ( 'NONE', #754, #1385, #11246, .T. ) ;
#9313 = EDGE_CURVE ( 'NONE', #4445, #5842, #658, .T. ) ;
#9314 = LINE ( 'NONE', #9364, #4780 ) ;
#9315 = AXIS2_PLACEMENT_3D ( 'NONE', #3877, #3763, #4727 ) ;
#9316 = DIRECTION ( 'NONE',  ( -0.000000000000000000, -1.000000000000000000, -0.000000000000000000 ) ) ;
#9317 = DIRECTION ( 'NONE',  ( 0.9999999999999987788, -4.912470114708642969E-08, -0.000000000000000000 ) ) ;
#9318 = FACE_OUTER_BOUND ( 'NONE', #2739, .T. ) ;
#9319 = EDGE_CURVE ( 'NONE', #10314, #7445, #2495, .T. ) ;
#9320 = DIRECTION ( 'NONE',  ( -0.000000000000000000, -0.000000000000000000, -1.000000000000000000 ) ) ;
#9321 = ORIENTED_EDGE ( 'NONE', *, *, #8706, .T. ) ;
#9322 = ORIENTED_EDGE ( 'NONE', *, *, #3222, .F. ) ;
#9324 = ORIENTED_EDGE ( 'NONE', *, *, #180, .T. ) ;
#9323 = VERTEX_POINT ( 'NONE', #6692 ) ;
#9325 = ORIENTED_EDGE ( 'NONE', *, *, #8961, .F. ) ;
#9326 = CIRCLE ( 'NONE', #10807, 0.7999999999999847233 ) ;
#9327 = ORIENTED_EDGE ( 'NONE', *, *, #6706, .F. ) ;
#9328 = CYLINDRICAL_SURFACE ( 'NONE', #5124, 0.9999999999999991118 ) ;
#9329 = DIRECTION ( 'NONE',  ( -0.000000000000000000, -0.000000000000000000, -1.000000000000000000 ) ) ;
#9330 = ORIENTED_EDGE ( 'NONE', *, *, #10967, .F. ) ;
#9331 = DIRECTION ( 'NONE',  ( 0.000000000000000000, 1.000000000000000000, 0.000000000000000000 ) ) ;
#9332 = ADVANCED_FACE ( 'NONE', ( #2279 ), #11188, .T. ) ;
#9333 = DIRECTION ( 'NONE',  ( 0.7071067498443671662, -0.7071068125287263140, 0.000000000000000000 ) ) ;
#9334 = CARTESIAN_POINT ( 'NONE',  ( -9.150000260037566946, 3.320000234595096966, 0.000000000000000000 ) ) ;
#9335 = ORIENTED_EDGE ( 'NONE', *, *, #5878, .F. ) ;
#9336 = ORIENTED_EDGE ( 'NONE', *, *, #420, .F. ) ;
#9337 = CARTESIAN_POINT ( 'NONE',  ( -3.950000111758708687, -10.00000011175866810, 1000.000000000000000 ) ) ;
#9338 = VECTOR ( 'NONE', #2324, 1000.000000000000000 ) ;
#9339 = DIRECTION ( 'NONE',  ( 0.9999999999999059641, -4.335459827457628502E-07, 0.000000000000000000 ) ) ;
#9340 = LINE ( 'NONE', #2282, #3280 ) ;
#9341 = LINE ( 'NONE', #9399, #1501 ) ;
#9342 = VERTEX_POINT ( 'NONE', #10207 ) ;
#9343 = VECTOR ( 'NONE', #6221, 1000.000000000000000 ) ;
#9344 = DIRECTION ( 'NONE',  ( -0.000000000000000000, -0.000000000000000000, -1.000000000000000000 ) ) ;
#9345 = CARTESIAN_POINT ( 'NONE',  ( 17.81837566322598576, -3.999998775587612521, 1000.000000000000000 ) ) ;
#9346 = DIRECTION ( 'NONE',  ( -1.000000000000000000, 0.000000000000000000, 0.000000000000000000 ) ) ;
#9347 = DIRECTION ( 'NONE',  ( -0.000000000000000000, -0.000000000000000000, -1.000000000000000000 ) ) ;
#9348 = ORIENTED_EDGE ( 'NONE', *, *, #3413, .T. ) ;
#9349 = FACE_OUTER_BOUND ( 'NONE', #5613, .T. ) ;
#9350 = DIRECTION ( 'NONE',  ( -0.9999999999999059641, 4.335459427792263298E-07, 0.000000000000000000 ) ) ;
#9351 = AXIS2_PLACEMENT_3D ( 'NONE', #126, #5467, #1900 ) ;
#9352 = CIRCLE ( 'NONE', #2204, 0.7999999999999951594 ) ;
#9353 = CIRCLE ( 'NONE', #5148, 1.000000057619890192 ) ;
#9354 = DIRECTION ( 'NONE',  ( -6.905103824792231470E-08, -0.9999999999999975575, -0.000000000000000000 ) ) ;
#9355 = LINE ( 'NONE', #8505, #6085 ) ;
#9356 = CARTESIAN_POINT ( 'NONE',  ( 4.907106802391994371, 5.897056182837714822, 1000.000000000000000 ) ) ;
#9357 = LINE ( 'NONE', #1429, #7055 ) ;
#9358 = ORIENTED_EDGE ( 'NONE', *, *, #8261, .F. ) ;
#9359 = AXIS2_PLACEMENT_3D ( 'NONE', #10989, #9191, #4770 ) ;
#9360 = VECTOR ( 'NONE', #7481, 1000.000000000000000 ) ;
#9361 = ORIENTED_EDGE ( 'NONE', *, *, #8922, .F. ) ;
#9362 = CARTESIAN_POINT ( 'NONE',  ( 29.09999999999995879, 7.599999999999996092, 0.000000000000000000 ) ) ;
#9363 = PRESENTATION_STYLE_ASSIGNMENT (( #2408 ) ) ;
#9364 = CARTESIAN_POINT ( 'NONE',  ( 27.99999823440559155, 4.196448953951311900, 1000.000000000000000 ) ) ;
#9365 = CARTESIAN_POINT ( 'NONE',  ( 20.00000000000000355, 0.000000000000000000, 0.000000000000000000 ) ) ;
#9366 = VECTOR ( 'NONE', #9782, 1000.000000000000000 ) ;
#9367 = DIRECTION ( 'NONE',  ( -0.000000000000000000, -0.000000000000000000, -1.000000000000000000 ) ) ;
#9368 = AXIS2_PLACEMENT_3D ( 'NONE', #456, #3846, #10922 ) ;
#9369 = EDGE_CURVE ( 'NONE', #11294, #3365, #8015, .T. ) ;
#9370 = LINE ( 'NONE', #3065, #5127 ) ;
#9371 = EDGE_CURVE ( 'NONE', #10043, #1926, #8653, .T. ) ;
#9372 = CARTESIAN_POINT ( 'NONE',  ( 16.30000012076539306, 9.399999558957663481, 1000.000000000000000 ) ) ;
#9373 = ORIENTED_EDGE ( 'NONE', *, *, #11021, .F. ) ;
#9374 = ORIENTED_EDGE ( 'NONE', *, *, #5729, .F. ) ;
#9375 = EDGE_CURVE ( 'NONE', #6988, #10420, #713, .T. ) ;
#9377 = ORIENTED_EDGE ( 'NONE', *, *, #9178, .T. ) ;
#9376 = ORIENTED_EDGE ( 'NONE', *, *, #849, .F. ) ;
#9378 = EDGE_CURVE ( 'NONE', #6705, #7825, #3370, .T. ) ;
#9379 = VERTEX_POINT ( 'NONE', #552 ) ;
#9380 = AXIS2_PLACEMENT_3D ( 'NONE', #9208, #2092, #4554 ) ;
#9381 = ORIENTED_EDGE ( 'NONE', *, *, #293, .T. ) ;
#9382 = DIRECTION ( 'NONE',  ( -9.516874469714052504E-07, 0.9999999999995470290, 0.000000000000000000 ) ) ;
#9383 = DIRECTION ( 'NONE',  ( -1.000000000000000000, -0.000000000000000000, -0.000000000000000000 ) ) ;
#9384 = ORIENTED_EDGE ( 'NONE', *, *, #9056, .F. ) ;
#9385 = DIRECTION ( 'NONE',  ( 5.260373430062014070E-07, -0.9999999999998616662, 0.000000000000000000 ) ) ;
#9386 = VECTOR ( 'NONE', #1381, 999.9999999999998863 ) ;
#9387 = LINE ( 'NONE', #6116, #6834 ) ;
#9388 = VERTEX_POINT ( 'NONE', #1412 ) ;
#9389 = FACE_OUTER_BOUND ( 'NONE', #4339, .T. ) ;
#9390 = ORIENTED_EDGE ( 'NONE', *, *, #7504, .F. ) ;
#9391 = ORIENTED_EDGE ( 'NONE', *, *, #10038, .F. ) ;
#9392 = DIRECTION ( 'NONE',  ( -0.000000000000000000, -0.000000000000000000, -1.000000000000000000 ) ) ;
#9393 = EDGE_CURVE ( 'NONE', #5459, #585, #10378, .T. ) ;
#9394 = CIRCLE ( 'NONE', #11247, 1.000000007078056807 ) ;
#9395 = EDGE_CURVE ( 'NONE', #2114, #6972, #11082, .T. ) ;
#9396 = VECTOR ( 'NONE', #2353, 1000.000000000000000 ) ;
#9397 = LINE ( 'NONE', #6063, #9366 ) ;
#9398 = CARTESIAN_POINT ( 'NONE',  ( 4.599999975301825472, 2.761522368914970382, 1000.000000000000000 ) ) ;
#9399 = CARTESIAN_POINT ( 'NONE',  ( -9.399999752640761486, -3.700000111758763754, 1000.000000000000000 ) ) ;
#9400 = ORIENTED_EDGE ( 'NONE', *, *, #1801, .T. ) ;
#9401 = CARTESIAN_POINT ( 'NONE',  ( 4.175736093454514020, -3.185786370455370609, 0.000000000000000000 ) ) ;
#9402 = CARTESIAN_POINT ( 'NONE',  ( -9.999999776482582092, -3.949999809265136719, 0.000000000000000000 ) ) ;
#9403 = CARTESIAN_POINT ( 'NONE',  ( -10.00000021276375151, 3.950000235153863670, 1000.000000000000000 ) ) ;
#9404 = AXIS2_PLACEMENT_3D ( 'NONE', #11182, #11241, #8530 ) ;
#9405 = DIRECTION ( 'NONE',  ( -0.000000000000000000, -0.000000000000000000, -1.000000000000000000 ) ) ;
#9406 = AXIS2_PLACEMENT_3D ( 'NONE', #5291, #977, #8791 ) ;
#9407 = ORIENTED_EDGE ( 'NONE', *, *, #8986, .F. ) ;
#9408 = DIRECTION ( 'NONE',  ( 0.000000000000000000, 0.000000000000000000, 1.000000000000000000 ) ) ;
#9409 = EDGE_CURVE ( 'NONE', #1116, #5401, #3203, .T. ) ;
#9410 = CARTESIAN_POINT ( 'NONE',  ( 23.95000102667850683, 9.749999083066548167, 0.000000000000000000 ) ) ;
#9411 = VECTOR ( 'NONE', #10341, 1000.000000000000000 ) ;
#9412 = CIRCLE ( 'NONE', #1525, 1.000000000000006439 ) ;
#9413 = DIRECTION ( 'NONE',  ( 0.7071068251285900219, 0.7071067372445022370, -0.000000000000000000 ) ) ;
#9414 = CARTESIAN_POINT ( 'NONE',  ( -2.050609665440995766, 2.050609665440974894, 1000.000000000000000 ) ) ;
#9415 = CARTESIAN_POINT ( 'NONE',  ( 14.79999950239931472, -6.604161884127046633, 0.000000000000000000 ) ) ;
#9416 = DIRECTION ( 'NONE',  ( 1.000000000000000000, 0.000000000000000000, 0.000000000000000000 ) ) ;
#9417 = DIRECTION ( 'NONE',  ( -0.000000000000000000, -0.000000000000000000, -1.000000000000000000 ) ) ;
#9418 = EDGE_CURVE ( 'NONE', #6680, #3309, #2331, .T. ) ;
#9419 = VERTEX_POINT ( 'NONE', #5892 ) ;
#9420 = AXIS2_PLACEMENT_3D ( 'NONE', #9589, #11382, #9644 ) ;
#9421 = VECTOR ( 'NONE', #9383, 1000.000000000000000 ) ;
#9422 = ORIENTED_EDGE ( 'NONE', *, *, #5701, .F. ) ;
#9423 = DIRECTION ( 'NONE',  ( 0.000000000000000000, 0.000000000000000000, 1.000000000000000000 ) ) ;
#9424 = DIRECTION ( 'NONE',  ( 0.000000000000000000, 0.000000000000000000, 1.000000000000000000 ) ) ;
#9425 = CIRCLE ( 'NONE', #3385, 1.000000215670572512 ) ;
#9426 = CARTESIAN_POINT ( 'NONE',  ( 22.05060966544096601, 2.050609665440974894, 1000.000000000000000 ) ) ;
#9427 = DIRECTION ( 'NONE',  ( 1.000000000000000000, 0.000000000000000000, 0.000000000000000000 ) ) ;
#9428 = CARTESIAN_POINT ( 'NONE',  ( 3.700000044735841875, 9.750000212788878073, 1000.000000000000000 ) ) ;
#9429 = FACE_OUTER_BOUND ( 'NONE', #9034, .T. ) ;
#9430 = ORIENTED_EDGE ( 'NONE', *, *, #1681, .F. ) ;
#9431 = ORIENTED_EDGE ( 'NONE', *, *, #10449, .F. ) ;
#9433 = ORIENTED_EDGE ( 'NONE', *, *, #8540, .F. ) ;
#9432 = EDGE_LOOP ( 'NONE', ( #9324, #3406, #10806, #2438 ) ) ;
#9434 = ORIENTED_EDGE ( 'NONE', *, *, #8392, .T. ) ;
#9435 = VERTEX_POINT ( 'NONE', #9337 ) ;
#9436 = LINE ( 'NONE', #10138, #4200 ) ;
#9437 = DIRECTION ( 'NONE',  ( 1.000000000000000000, 0.000000000000000000, 0.000000000000000000 ) ) ;
#9438 = ORIENTED_EDGE ( 'NONE', *, *, #8013, .T. ) ;
#9440 = EDGE_CURVE ( 'NONE', #7510, #10548, #4223, .T. ) ;
#9439 = CARTESIAN_POINT ( 'NONE',  ( 23.79999907959877348, 2.342460489468400908E-06, 0.000000000000000000 ) ) ;
#9441 = VECTOR ( 'NONE', #5636, 1000.000000000000114 ) ;
#9442 = EDGE_CURVE ( 'NONE', #8919, #6328, #6901, .T. ) ;
#9443 = CARTESIAN_POINT ( 'NONE',  ( 23.32000104023952858, 7.999999329085377475, 1000.000000000000000 ) ) ;
#9444 = EDGE_CURVE ( 'NONE', #588, #8114, #1524, .T. ) ;
#9445 = CARTESIAN_POINT ( 'NONE',  ( 4.950000151884827559, -8.299999820992665533, 1000.000000000000000 ) ) ;
#9446 = ORIENTED_EDGE ( 'NONE', *, *, #8779, .T. ) ;
#9447 = CARTESIAN_POINT ( 'NONE',  ( 3.999999999999989786, 2.761522368914970382, 1000.000000000000000 ) ) ;
#9448 = ORIENTED_EDGE ( 'NONE', *, *, #2993, .T. ) ;
#9449 = ORIENTED_EDGE ( 'NONE', *, *, #7498, .F. ) ;
#9450 = AXIS2_PLACEMENT_3D ( 'NONE', #10164, #3849, #9992 ) ;
#9451 = DIRECTION ( 'NONE',  ( -0.000000000000000000, -0.000000000000000000, -1.000000000000000000 ) ) ;
#9452 = EDGE_CURVE ( 'NONE', #9435, #11175, #10581, .T. ) ;
#9453 = EDGE_CURVE ( 'NONE', #4805, #6623, #3604, .T. ) ;
#9454 = ADVANCED_FACE ( 'NONE', ( #8590 ), #5270, .F. ) ;
#9455 = DIRECTION ( 'NONE',  ( -0.000000000000000000, -0.000000000000000000, -1.000000000000000000 ) ) ;
#9456 = CYLINDRICAL_SURFACE ( 'NONE', #1435, 0.2499995678663692600 ) ;
#9457 = AXIS2_PLACEMENT_3D ( 'NONE', #102, #8086, #1989 ) ;
#9458 = LINE ( 'NONE', #1761, #10141 ) ;
#9459 = ORIENTED_EDGE ( 'NONE', *, *, #7010, .F. ) ;
#9460 = DIRECTION ( 'NONE',  ( -1.000000000000000000, 0.000000000000000000, 0.000000000000000000 ) ) ;
#9461 = PLANE ( 'NONE',  #3199 ) ;
#9462 = CARTESIAN_POINT ( 'NONE',  ( -3.320000099887525202, 9.150000055594867732, 1000.000000000000000 ) ) ;
#9463 = EDGE_CURVE ( 'NONE', #1410, #6541, #10400, .T. ) ;
#9464 = EDGE_LOOP ( 'NONE', ( #3254, #3194, #5252, #4574 ) ) ;
#9465 = LINE ( 'NONE', #3489, #3411 ) ;
#9466 = ORIENTED_EDGE ( 'NONE', *, *, #5894, .T. ) ;
#9467 = DIRECTION ( 'NONE',  ( -1.000000000000000000, 0.000000000000000000, 0.000000000000000000 ) ) ;
#9468 = PLANE ( 'NONE',  #7776 ) ;
#9469 = DIRECTION ( 'NONE',  ( 0.000000000000000000, 0.000000000000000000, 1.000000000000000000 ) ) ;
#9470 = CARTESIAN_POINT ( 'NONE',  ( 27.99999737013824586, 3.320002564991417326, 0.000000000000000000 ) ) ;
#9471 = CARTESIAN_POINT ( 'NONE',  ( 23.70000138579651860, 9.749999284232508501, 1000.000000000000000 ) ) ;
#9472 = CARTESIAN_POINT ( 'NONE',  ( 6.999999982964314249, -8.600000054410777750, 1000.000000000000000 ) ) ;
#9473 = EDGE_CURVE ( 'NONE', #8636, #3979, #9566, .T. ) ;
#9474 = VECTOR ( 'NONE', #606, 1000.000000000000000 ) ;
#9475 = LINE ( 'NONE', #857, #8895 ) ;
#9476 = ORIENTED_EDGE ( 'NONE', *, *, #4538, .F. ) ;
#9477 = ORIENTED_EDGE ( 'NONE', *, *, #3560, .T. ) ;
#9478 = CARTESIAN_POINT ( 'NONE',  ( 24.52677615361344010, -8.226774437824518671, 1000.000000000000000 ) ) ;
#9479 = CARTESIAN_POINT ( 'NONE',  ( -0.6113934323519131242, -2.424087059261059718, 1000.000000000000000 ) ) ;
#9480 = VECTOR ( 'NONE', #9105, 1000.000000000000000 ) ;
#9481 = ADVANCED_FACE ( 'NONE', ( #6282 ), #3475, .F. ) ;
#9482 = CARTESIAN_POINT ( 'NONE',  ( 13.00000025118520952, -8.600000631010226826, 1000.000000000000000 ) ) ;
#9483 = CARTESIAN_POINT ( 'NONE',  ( -4.703553616209346977, 8.049999997666645868, 0.000000000000000000 ) ) ;
#9484 = CARTESIAN_POINT ( 'NONE',  ( 4.949999912995925122, 8.049999830725379724, 1000.000000000000000 ) ) ;
#9485 = CARTESIAN_POINT ( 'NONE',  ( -0.1815214141149754101, -3.945216953801122806, 0.000000000000000000 ) ) ;
#9486 = DIRECTION ( 'NONE',  ( 1.000000000000000000, 0.000000000000000000, 0.000000000000000000 ) ) ;
#9487 = ORIENTED_EDGE ( 'NONE', *, *, #2284, .F. ) ;
#9488 = ORIENTED_EDGE ( 'NONE', *, *, #685, .T. ) ;
#9490 = VERTEX_POINT ( 'NONE', #11360 ) ;
#9489 = ORIENTED_EDGE ( 'NONE', *, *, #9768, .T. ) ;
#9491 = ORIENTED_EDGE ( 'NONE', *, *, #1621, .T. ) ;
#9492 = ORIENTED_EDGE ( 'NONE', *, *, #2118, .T. ) ;
#9493 = CARTESIAN_POINT ( 'NONE',  ( 23.70000138579651860, 9.399998947466265520, 0.000000000000000000 ) ) ;
#9494 = AXIS2_PLACEMENT_3D ( 'NONE', #8660, #11313, #8011 ) ;
#9495 = LINE ( 'NONE', #8640, #7962 ) ;
#9496 = EDGE_LOOP ( 'NONE', ( #10136, #7918, #4978, #5344 ) ) ;
#9497 = DIRECTION ( 'NONE',  ( 1.000000000000000000, 0.000000000000000000, 0.000000000000000000 ) ) ;
#9498 = DIRECTION ( 'NONE',  ( -0.7071084349085211551, -0.7071051274607063064, 0.000000000000000000 ) ) ;
#9499 = CARTESIAN_POINT ( 'NONE',  ( 28.07322269320729191, -4.373221158289170241, 1000.000000000000000 ) ) ;
#9500 = ORIENTED_EDGE ( 'NONE', *, *, #1236, .T. ) ;
#9501 = FACE_OUTER_BOUND ( 'NONE', #4148, .T. ) ;
#9502 = VERTEX_POINT ( 'NONE', #2554 ) ;
#9503 = VERTEX_POINT ( 'NONE', #5433 ) ;
#9504 = LINE ( 'NONE', #1466, #856 ) ;
#9505 = EDGE_CURVE ( 'NONE', #1014, #833, #7094, .T. ) ;
#9506 = EDGE_CURVE ( 'NONE', #2830, #11294, #5372, .T. ) ;
#9507 = AXIS2_PLACEMENT_3D ( 'NONE', #9234, #6806, #2937 ) ;
#9508 = DIRECTION ( 'NONE',  ( -0.000000000000000000, -0.000000000000000000, -1.000000000000000000 ) ) ;
#9509 = DIRECTION ( 'NONE',  ( -1.000000000000000000, 0.000000000000000000, 0.000000000000000000 ) ) ;
#9510 = DIRECTION ( 'NONE',  ( -0.000000000000000000, -0.000000000000000000, -1.000000000000000000 ) ) ;
#9511 = ORIENTED_EDGE ( 'NONE', *, *, #11155, .T. ) ;
#9512 = ADVANCED_FACE ( 'NONE', ( #33 ), #2786, .T. ) ;
#9513 = DIRECTION ( 'NONE',  ( 0.000000000000000000, 0.000000000000000000, 1.000000000000000000 ) ) ;
#9514 = LINE ( 'NONE', #895, #2101 ) ;
#9515 = CARTESIAN_POINT ( 'NONE',  ( 22.42408705926104773, 0.6113934323519090164, 0.000000000000000000 ) ) ;
#9516 = ORIENTED_EDGE ( 'NONE', *, *, #187, .F. ) ;
#9517 = CARTESIAN_POINT ( 'NONE',  ( 29.14999953105075647, -3.069998122879336044, 0.000000000000000000 ) ) ;
#9518 = EDGE_CURVE ( 'NONE', #1754, #5485, #2499, .T. ) ;
#9519 = ORIENTED_EDGE ( 'NONE', *, *, #5606, .T. ) ;
#9520 = EDGE_CURVE ( 'NONE', #5470, #7207, #659, .T. ) ;
#9521 = EDGE_CURVE ( 'NONE', #4433, #4102, #3591, .T. ) ;
#9522 = DIRECTION ( 'NONE',  ( 9.861037438611865446E-07, 0.9999999999995137223, 0.000000000000000000 ) ) ;
#9523 = DIRECTION ( 'NONE',  ( -1.000000000000000000, 0.000000000000000000, 0.000000000000000000 ) ) ;
#9524 = CYLINDRICAL_SURFACE ( 'NONE', #3139, 0.2500001251698122373 ) ;
#9525 = EDGE_CURVE ( 'NONE', #2302, #5444, #6720, .T. ) ;
#9526 = LINE ( 'NONE', #7817, #10651 ) ;
#9527 = VECTOR ( 'NONE', #2032, 1000.000000000000114 ) ;
#9528 = CARTESIAN_POINT ( 'NONE',  ( 4.703553569300189530, -8.050000032555695739, 1000.000000000000000 ) ) ;
#9529 = DIRECTION ( 'NONE',  ( 0.000000000000000000, 0.000000000000000000, 1.000000000000000000 ) ) ;
#9530 = PLANE ( 'NONE',  #9790 ) ;
#9531 = CARTESIAN_POINT ( 'NONE',  ( 10.37569389161740396, 9.749999806316870021, 1000.000000000000000 ) ) ;
#9532 = VERTEX_POINT ( 'NONE', #10550 ) ;
#9533 = ORIENTED_EDGE ( 'NONE', *, *, #1523, .F. ) ;
#9534 = VERTEX_POINT ( 'NONE', #5212 ) ;
#9535 = CIRCLE ( 'NONE', #3310, 0.7999999999999933831 ) ;
#9536 = CARTESIAN_POINT ( 'NONE',  ( 23.94999930645384723, -9.749997629687992884, 1000.000000000000000 ) ) ;
#9537 = AXIS2_PLACEMENT_3D ( 'NONE', #525, #9424, #5702 ) ;
#9539 = VERTEX_POINT ( 'NONE', #1756 ) ;
#9538 = EDGE_CURVE ( 'NONE', #799, #1448, #2697, .T. ) ;
#9540 = EDGE_CURVE ( 'NONE', #4098, #6613, #9121, .T. ) ;
#9541 = FACE_OUTER_BOUND ( 'NONE', #6859, .T. ) ;
#9542 = DIRECTION ( 'NONE',  ( -0.000000000000000000, -0.000000000000000000, -1.000000000000000000 ) ) ;
#9543 = DIRECTION ( 'NONE',  ( 5.260373940891945154E-07, -0.9999999999998616662, 0.000000000000000000 ) ) ;
#9544 = CIRCLE ( 'NONE', #6059, 0.2499999351799368497 ) ;
#9545 = DIRECTION ( 'NONE',  ( -4.335457616139831507E-07, -0.9999999999999060751, 0.000000000000000000 ) ) ;
#9546 = VECTOR ( 'NONE', #1955, 1000.000000000000114 ) ;
#9547 = STYLED_ITEM ( 'NONE', ( #10802 ), #223 ) ;
#9548 = CARTESIAN_POINT ( 'NONE',  ( -8.249999820441056286, -3.320000131726341674, 1000.000000000000000 ) ) ;
#9549 = EDGE_LOOP ( 'NONE', ( #129, #7748, #9702, #3018 ) ) ;
#9550 = ORIENTED_EDGE ( 'NONE', *, *, #1944, .F. ) ;
#9551 = VERTEX_POINT ( 'NONE', #2676 ) ;
#9552 = ORIENTED_EDGE ( 'NONE', *, *, #2803, .T. ) ;
#9553 = ORIENTED_EDGE ( 'NONE', *, *, #1025, .T. ) ;
#9554 = DIRECTION ( 'NONE',  ( 1.000000000000000000, 0.000000000000000000, 0.000000000000000000 ) ) ;
#9555 = FACE_OUTER_BOUND ( 'NONE', #3710, .T. ) ;
#9556 = AXIS2_PLACEMENT_3D ( 'NONE', #7230, #5562, #3839 ) ;
#9557 = ORIENTED_EDGE ( 'NONE', *, *, #3437, .T. ) ;
#9558 = DIRECTION ( 'NONE',  ( -0.000000000000000000, -0.000000000000000000, -1.000000000000000000 ) ) ;
#9559 = CARTESIAN_POINT ( 'NONE',  ( 4.949999912995925122, 8.049999830725379724, 0.000000000000000000 ) ) ;
#9560 = DIRECTION ( 'NONE',  ( -0.000000000000000000, -0.000000000000000000, -1.000000000000000000 ) ) ;
#9561 = ORIENTED_EDGE ( 'NONE', *, *, #1660, .T. ) ;
#9562 = DIRECTION ( 'NONE',  ( 5.260383482816307327E-07, -0.9999999999998616662, 0.000000000000000000 ) ) ;
#9563 = VERTEX_POINT ( 'NONE', #9679 ) ;
#9564 = AXIS2_PLACEMENT_3D ( 'NONE', #3512, #2532, #10634 ) ;
#9565 = ORIENTED_EDGE ( 'NONE', *, *, #325, .F. ) ;
#9566 = LINE ( 'NONE', #1696, #4344 ) ;
#9567 = VECTOR ( 'NONE', #4660, 1000.000000000000114 ) ;
#9568 = CARTESIAN_POINT ( 'NONE',  ( 17.94939033455898780, 2.050609665440974894, 1000.000000000000000 ) ) ;
#9569 = LINE ( 'NONE', #6178, #10820 ) ;
#9570 = CYLINDRICAL_SURFACE ( 'NONE', #7212, 0.2499999172870248643 ) ;
#9571 = ORIENTED_EDGE ( 'NONE', *, *, #1083, .T. ) ;
#9572 = CARTESIAN_POINT ( 'NONE',  ( 23.94521573359680389, 0.1815238454114489197, 1000.000000000000000 ) ) ;
#9573 = DIRECTION ( 'NONE',  ( -1.000000000000000000, 0.000000000000000000, 0.000000000000000000 ) ) ;
#9574 = CARTESIAN_POINT ( 'NONE',  ( 28.29999769817652222, 4.703555819707591290, 1000.000000000000000 ) ) ;
#9575 = ORIENTED_EDGE ( 'NONE', *, *, #9520, .F. ) ;
#9576 = CARTESIAN_POINT ( 'NONE',  ( -8.226776624144690686, 4.526776845104122593, 1000.000000000000000 ) ) ;
#9577 = ORIENTED_EDGE ( 'NONE', *, *, #10240, .T. ) ;
#9578 = VECTOR ( 'NONE', #4700, 1000.000000000000000 ) ;
#9579 = DIRECTION ( 'NONE',  ( 1.000000000000000000, 0.000000000000000000, 0.000000000000000000 ) ) ;
#9580 = AXIS2_PLACEMENT_3D ( 'NONE', #5699, #3279, #5062 ) ;
#9581 = DIRECTION ( 'NONE',  ( 0.000000000000000000, 0.000000000000000000, 1.000000000000000000 ) ) ;
#9582 = EDGE_CURVE ( 'NONE', #5822, #100, #1776, .T. ) ;
#9583 = DIRECTION ( 'NONE',  ( -1.000000000000000000, 0.000000000000000000, 0.000000000000000000 ) ) ;
#9584 = VECTOR ( 'NONE', #4104, 1000.000000000000000 ) ;
#9585 = EDGE_CURVE ( 'NONE', #10415, #6048, #8819, .T. ) ;
#9586 = DIRECTION ( 'NONE',  ( 1.000000000000000000, 0.000000000000000000, 0.000000000000000000 ) ) ;
#9587 = EDGE_CURVE ( 'NONE', #974, #3239, #11306, .T. ) ;
#9588 = CARTESIAN_POINT ( 'NONE',  ( 27.99999823440559155, 4.196448953951311900, 1000.000000000000000 ) ) ;
#9589 = CARTESIAN_POINT ( 'NONE',  ( 19.81847889642714122, 3.945216615397359572, 1000.000000000000000 ) ) ;
#9590 = CARTESIAN_POINT ( 'NONE',  ( 29.39999749776685434, 3.699998947466240473, 1000.000000000000000 ) ) ;
#9591 = ORIENTED_EDGE ( 'NONE', *, *, #11362, .F. ) ;
#9592 = VERTEX_POINT ( 'NONE', #92 ) ;
#9593 = ORIENTED_EDGE ( 'NONE', *, *, #5948, .T. ) ;
#9594 = CIRCLE ( 'NONE', #8502, 1.000000007078039488 ) ;
#9595 = CARTESIAN_POINT ( 'NONE',  ( 22.18162259482446430, -5.999997902175799425, 0.000000000000000000 ) ) ;
#9596 = AXIS2_PLACEMENT_3D ( 'NONE', #10082, #2215, #2906 ) ;
#9597 = ADVANCED_FACE ( 'NONE', ( #6915 ), #10431, .F. ) ;
#9598 = EDGE_CURVE ( 'NONE', #5698, #5761, #10219, .T. ) ;
#9599 = CARTESIAN_POINT ( 'NONE',  ( 22.18162388255297301, 5.999999123447688376, 1000.000000000000000 ) ) ;
#9600 = LINE ( 'NONE', #8514, #2908 ) ;
#9601 = CARTESIAN_POINT ( 'NONE',  ( 23.59583744492611856, 4.585785561074598782, 0.000000000000000000 ) ) ;
#9602 = CARTESIAN_POINT ( 'NONE',  ( 28.22677415637757292, 4.526778986716148090, 1000.000000000000000 ) ) ;
#9603 = AXIS2_PLACEMENT_3D ( 'NONE', #9817, #9928, #1251 ) ;
#9604 = DIRECTION ( 'NONE',  ( 0.000000000000000000, 0.000000000000000000, 1.000000000000000000 ) ) ;
#9605 = AXIS2_PLACEMENT_3D ( 'NONE', #5305, #2664, #10419 ) ;
#9606 = ORIENTED_EDGE ( 'NONE', *, *, #9375, .T. ) ;
#9607 = VERTEX_POINT ( 'NONE', #3769 ) ;
#9608 = EDGE_CURVE ( 'NONE', #8000, #1398, #7384, .T. ) ;
#9609 = ORIENTED_EDGE ( 'NONE', *, *, #7781, .T. ) ;
#9610 = ORIENTED_EDGE ( 'NONE', *, *, #6519, .F. ) ;
#9611 = ORIENTED_EDGE ( 'NONE', *, *, #6226, .T. ) ;
#9612 = DIRECTION ( 'NONE',  ( -0.7071073147009562243, 0.7071062476717363543, 0.000000000000000000 ) ) ;
#9613 = FACE_OUTER_BOUND ( 'NONE', #3045, .T. ) ;
#9614 = VECTOR ( 'NONE', #10731, 1000.000000000000000 ) ;
#9615 = VERTEX_POINT ( 'NONE', #7448 ) ;
#9616 =( GEOMETRIC_REPRESENTATION_CONTEXT ( 3 ) GLOBAL_UNCERTAINTY_ASSIGNED_CONTEXT ( ( #3742 ) ) GLOBAL_UNIT_ASSIGNED_CONTEXT ( ( #7483, #4196, #3176 ) ) REPRESENTATION_CONTEXT ( 'NONE', 'WORKASPACE' ) );
#9617 = EDGE_LOOP ( 'NONE', ( #4753, #3952, #6396, #10846 ) ) ;
#9618 = CARTESIAN_POINT ( 'NONE',  ( 29.75000032774140379, -3.699998077281760445, 0.000000000000000000 ) ) ;
#9619 = DIRECTION ( 'NONE',  ( 1.000000000000000000, 0.000000000000000000, 0.000000000000000000 ) ) ;
#9620 = CARTESIAN_POINT ( 'NONE',  ( 28.22677608077515998, -4.526774332770449938, 0.000000000000000000 ) ) ;
#9621 = VERTEX_POINT ( 'NONE', #9850 ) ;
#9622 = DIRECTION ( 'NONE',  ( -0.000000000000000000, -0.000000000000000000, -1.000000000000000000 ) ) ;
#9623 = ORIENTED_EDGE ( 'NONE', *, *, #5377, .T. ) ;
#9624 = EDGE_CURVE ( 'NONE', #7971, #9257, #267, .T. ) ;
#9625 = ORIENTED_EDGE ( 'NONE', *, *, #11289, .T. ) ;
#9626 = DIRECTION ( 'NONE',  ( 1.000000000000000000, 0.000000000000000000, 0.000000000000000000 ) ) ;
#9627 = CYLINDRICAL_SURFACE ( 'NONE', #2944, 1.000000057619883753 ) ;
#9628 = AXIS2_PLACEMENT_3D ( 'NONE', #6547, #9197, #4775 ) ;
#9629 = CARTESIAN_POINT ( 'NONE',  ( -5.199999987655578693, -6.604162987453851663, 1000.000000000000000 ) ) ;
#9630 = DIRECTION ( 'NONE',  ( -0.000000000000000000, -0.000000000000000000, -1.000000000000000000 ) ) ;
#9631 = VERTEX_POINT ( 'NONE', #10079 ) ;
#9632 = CARTESIAN_POINT ( 'NONE',  ( 17.81837585970492910, -5.999998680592713463, 0.000000000000000000 ) ) ;
#9633 = CARTESIAN_POINT ( 'NONE',  ( 9.999999758667000194, 9.799999922545918452, 1000.000000000000000 ) ) ;
#9634 = VERTEX_POINT ( 'NONE', #3024 ) ;
#9635 = VECTOR ( 'NONE', #3276, 1000.000000000000114 ) ;
#9636 = CARTESIAN_POINT ( 'NONE',  ( 16.30000012076539306, 9.399999558957663481, 0.000000000000000000 ) ) ;
#9637 = ORIENTED_EDGE ( 'NONE', *, *, #7695, .F. ) ;
#9638 = APPLICATION_CONTEXT ( 'automotive_design' ) ;
#9639 = DIRECTION ( 'NONE',  ( -0.000000000000000000, -0.000000000000000000, -1.000000000000000000 ) ) ;
#9640 = VECTOR ( 'NONE', #6424, 1000.000000000000227 ) ;
#9641 = CARTESIAN_POINT ( 'NONE',  ( 20.33769576579990002, 3.999999123447672833, 1000.000000000000000 ) ) ;
#9642 = DIRECTION ( 'NONE',  ( 0.000000000000000000, -0.000000000000000000, -1.000000000000000000 ) ) ;
#9643 = PLANE ( 'NONE',  #5466 ) ;
#9644 = DIRECTION ( 'NONE',  ( 0.7808681934391462631, -0.6246958175585011208, 0.000000000000000000 ) ) ;
#9645 = CARTESIAN_POINT ( 'NONE',  ( 3.700000235153940054, -9.399999651635681630, 1000.000000000000000 ) ) ;
#9646 = EDGE_LOOP ( 'NONE', ( #6111, #9858, #1400, #4532 ) ) ;
#9647 = VERTEX_POINT ( 'NONE', #4563 ) ;
#9648 = VECTOR ( 'NONE', #348, 1000.000000000000000 ) ;
#9649 = ORIENTED_EDGE ( 'NONE', *, *, #8888, .F. ) ;
#9650 = DIRECTION ( 'NONE',  ( -0.7071062047846379262, -0.7071073575879872619, 0.000000000000000000 ) ) ;
#9651 = ADVANCED_FACE ( 'NONE', ( #1119 ), #6342, .T. ) ;
#9652 = CARTESIAN_POINT ( 'NONE',  ( -3.595837104761738345, 4.585786288550567136, 1000.000000000000000 ) ) ;
#9653 = CARTESIAN_POINT ( 'NONE',  ( 6.224264087271771828, -5.234314527246279880, 1000.000000000000000 ) ) ;
#9654 = AXIS2_PLACEMENT_3D ( 'NONE', #3265, #622, #4299 ) ;
#9655 = CARTESIAN_POINT ( 'NONE',  ( 16.04999972588442958, 9.999999582799457443, 1000.000000000000000 ) ) ;
#9656 = CARTESIAN_POINT ( 'NONE',  ( -3.070000157915177219, -8.250000159032531144, 0.000000000000000000 ) ) ;
#9657 = CARTESIAN_POINT ( 'NONE',  ( 13.77573621418299510, -5.234315123776769774, 1000.000000000000000 ) ) ;
#9658 = EDGE_CURVE ( 'NONE', #1123, #10699, #9158, .T. ) ;
#9659 = VERTEX_POINT ( 'NONE', #377 ) ;
#9660 = ORIENTED_EDGE ( 'NONE', *, *, #2118, .F. ) ;
#9661 = ORIENTED_EDGE ( 'NONE', *, *, #2327, .F. ) ;
#9662 = EDGE_CURVE ( 'NONE', #5824, #9212, #6544, .T. ) ;
#9663 = ORIENTED_EDGE ( 'NONE', *, *, #1042, .F. ) ;
#9664 = ADVANCED_FACE ( 'NONE', ( #4624 ), #10900, .F. ) ;
#9665 = ORIENTED_EDGE ( 'NONE', *, *, #4113, .T. ) ;
#9666 = AXIS2_PLACEMENT_3D ( 'NONE', #10977, #4697, #334 ) ;
#9667 = DIRECTION ( 'NONE',  ( -1.131368892228312705E-07, 0.9999999999999935607, 0.000000000000000000 ) ) ;
#9668 = ADVANCED_FACE ( 'NONE', ( #2904 ), #4682, .T. ) ;
#9669 = DIRECTION ( 'NONE',  ( -1.000000000000000000, 0.000000000000000000, 0.000000000000000000 ) ) ;
#9670 = ORIENTED_EDGE ( 'NONE', *, *, #10834, .F. ) ;
#9671 = CARTESIAN_POINT ( 'NONE',  ( -3.070000157915178107, -8.250000159032531144, 1000.000000000000000 ) ) ;
#9672 = CARTESIAN_POINT ( 'NONE',  ( -0.1815216637469636851, 3.945217053284433284, 0.000000000000000000 ) ) ;
#9673 = ADVANCED_FACE ( 'NONE', ( #4798 ), #6458, .F. ) ;
#9674 = CYLINDRICAL_SURFACE ( 'NONE', #10072, 2.000000057619883087 ) ;
#9675 = DIRECTION ( 'NONE',  ( 1.000000000000000000, 0.000000000000000000, 0.000000000000000000 ) ) ;
#9676 = ORIENTED_EDGE ( 'NONE', *, *, #3419, .F. ) ;
#9677 = ORIENTED_EDGE ( 'NONE', *, *, #4355, .T. ) ;
#9678 = ORIENTED_EDGE ( 'NONE', *, *, #4672, .F. ) ;
#9679 = CARTESIAN_POINT ( 'NONE',  ( 9.321434596420985486E-08, -3.800000015692917010, 1000.000000000000000 ) ) ;
#9680 = CARTESIAN_POINT ( 'NONE',  ( -6.604163088458923525, 4.200000053430866132, 1000.000000000000000 ) ) ;
#9681 = EDGE_CURVE ( 'NONE', #10032, #9379, #1978, .T. ) ;
#9682 = VECTOR ( 'NONE', #4471, 1000.000000000000000 ) ;
#9683 = CARTESIAN_POINT ( 'NONE',  ( 15.04999989174382691, 8.299999264582233138, 0.000000000000000000 ) ) ;
#9684 = CARTESIAN_POINT ( 'NONE',  ( -8.300000051637834275, -4.703553445905020780, 0.000000000000000000 ) ) ;
#9685 = ORIENTED_EDGE ( 'NONE', *, *, #9874, .F. ) ;
#9686 = LINE ( 'NONE', #8830, #2645 ) ;
#9687 = DIRECTION ( 'NONE',  ( -0.000000000000000000, -0.000000000000000000, -1.000000000000000000 ) ) ;
#9688 = VERTEX_POINT ( 'NONE', #3706 ) ;
#9689 = CARTESIAN_POINT ( 'NONE',  ( -8.073223496192357018, -4.373223302086835851, 1000.000000000000000 ) ) ;
#9690 = ORIENTED_EDGE ( 'NONE', *, *, #2289, .F. ) ;
#9691 = CARTESIAN_POINT ( 'NONE',  ( 25.20000032951426405, 6.604162250497244813, 1000.000000000000000 ) ) ;
#9692 = VECTOR ( 'NONE', #8179, 1000.000000000000114 ) ;
#9693 = EDGE_CURVE ( 'NONE', #5759, #333, #1231, .T. ) ;
#9694 = DIRECTION ( 'NONE',  ( -0.000000000000000000, -0.000000000000000000, -1.000000000000000000 ) ) ;
#9695 = DIRECTION ( 'NONE',  ( 0.000000000000000000, -0.000000000000000000, -1.000000000000000000 ) ) ;
#9696 = VECTOR ( 'NONE', #611, 1000.000000000000114 ) ;
#9697 = DIRECTION ( 'NONE',  ( 0.8320497913545187307, 0.5547009506994755590, -0.000000000000000000 ) ) ;
#9698 = DIRECTION ( 'NONE',  ( -0.000000000000000000, -0.000000000000000000, -1.000000000000000000 ) ) ;
#9699 = CARTESIAN_POINT ( 'NONE',  ( 30.00000024436753776, 3.949998421455033881, 1000.000000000000000 ) ) ;
#9700 = CARTESIAN_POINT ( 'NONE',  ( 4.703553303589187884, 8.049999772983470692, 1000.000000000000000 ) ) ;
#9701 = ORIENTED_EDGE ( 'NONE', *, *, #5180, .T. ) ;
#9702 = ORIENTED_EDGE ( 'NONE', *, *, #9520, .T. ) ;
#9703 = CARTESIAN_POINT ( 'NONE',  ( 16.67999998376797066, -7.999999528676540628, 1000.000000000000000 ) ) ;
#9704 = VECTOR ( 'NONE', #6686, 1000.000000000000000 ) ;
#9705 = DIRECTION ( 'NONE',  ( -1.000000000000000000, 0.000000000000000000, 0.000000000000000000 ) ) ;
#9706 = CARTESIAN_POINT ( 'NONE',  ( -3.999999883449552929, -2.181623410754660153, 1000.000000000000000 ) ) ;
#9707 = CARTESIAN_POINT ( 'NONE',  ( 17.94939033455898780, -2.050609665440989104, 1000.000000000000000 ) ) ;
#9708 = DIRECTION ( 'NONE',  ( 1.000000000000000000, 0.000000000000000000, 0.000000000000000000 ) ) ;
#9709 = CARTESIAN_POINT ( 'NONE',  ( 16.67999987042577459, 9.149999626758081206, 1000.000000000000000 ) ) ;
#9710 = AXIS2_PLACEMENT_3D ( 'NONE', #2896, #197, #5426 ) ;
#9711 = VERTEX_POINT ( 'NONE', #4734 ) ;
#9712 = ORIENTED_EDGE ( 'NONE', *, *, #2773, .T. ) ;
#9713 = AXIS2_PLACEMENT_3D ( 'NONE', #9803, #3598, #10558 ) ;
#9714 = ORIENTED_EDGE ( 'NONE', *, *, #755, .T. ) ;
#9715 = VERTEX_POINT ( 'NONE', #9050 ) ;
#9716 = ORIENTED_EDGE ( 'NONE', *, *, #6207, .F. ) ;
#9717 = DIRECTION ( 'NONE',  ( -0.000000000000000000, -0.000000000000000000, -1.000000000000000000 ) ) ;
#9718 = PLANE ( 'NONE',  #447 ) ;
#9719 = ORIENTED_EDGE ( 'NONE', *, *, #420, .T. ) ;
#9720 = AXIS2_PLACEMENT_3D ( 'NONE', #10815, #4661, #5412 ) ;
#9721 = EDGE_CURVE ( 'NONE', #10284, #4508, #7209, .T. ) ;
#9722 = DIRECTION ( 'NONE',  ( -0.000000000000000000, -0.000000000000000000, -1.000000000000000000 ) ) ;
#9723 = PLANE ( 'NONE',  #5654 ) ;
#9724 = CIRCLE ( 'NONE', #6415, 0.2499999172870344122 ) ;
#9725 = EDGE_CURVE ( 'NONE', #9087, #5935, #1045, .T. ) ;
#9726 = AXIS2_PLACEMENT_3D ( 'NONE', #5763, #2410, #4947 ) ;
#9727 = DIRECTION ( 'NONE',  ( -0.000000000000000000, -0.000000000000000000, -1.000000000000000000 ) ) ;
#9728 = EDGE_CURVE ( 'NONE', #1352, #5073, #10024, .T. ) ;
#9729 = CARTESIAN_POINT ( 'NONE',  ( 16.92999980262560911, 9.149999626758081206, 1000.000000000000000 ) ) ;
#9730 = EDGE_CURVE ( 'NONE', #3953, #10601, #3943, .T. ) ;
#9731 = ORIENTED_EDGE ( 'NONE', *, *, #981, .T. ) ;
#9732 = ORIENTED_EDGE ( 'NONE', *, *, #9259, .F. ) ;
#9733 = ORIENTED_EDGE ( 'NONE', *, *, #4610, .T. ) ;
#9734 = AXIS2_PLACEMENT_3D ( 'NONE', #2011, #5522, #9021 ) ;
#9735 = CARTESIAN_POINT ( 'NONE',  ( -9.399999752640761486, -3.700000111758763754, 1000.000000000000000 ) ) ;
#9736 = AXIS2_PLACEMENT_3D ( 'NONE', #11039, #2239, #7468 ) ;
#9737 = DIRECTION ( 'NONE',  ( 1.000000000000000000, 0.000000000000000000, 0.000000000000000000 ) ) ;
#9738 = FACE_OUTER_BOUND ( 'NONE', #3882, .T. ) ;
#9739 = VECTOR ( 'NONE', #3373, 1000.000000000000000 ) ;
#9740 = DIRECTION ( 'NONE',  ( -0.000000000000000000, -0.000000000000000000, -1.000000000000000000 ) ) ;
#9741 = ORIENTED_EDGE ( 'NONE', *, *, #7641, .F. ) ;
#9742 = CARTESIAN_POINT ( 'NONE',  ( 28.24999933220688320, -4.196444300152229800, 0.000000000000000000 ) ) ;
#9743 = DIRECTION ( 'NONE',  ( 1.000000000000000000, 0.000000000000000000, 0.000000000000000000 ) ) ;
#9744 = EDGE_LOOP ( 'NONE', ( #8677, #6734, #3764, #10534 ) ) ;
#9745 = CARTESIAN_POINT ( 'NONE',  ( -10.00000021276375151, 3.950000235153863670, 0.000000000000000000 ) ) ;
#9746 = ORIENTED_EDGE ( 'NONE', *, *, #6212, .F. ) ;
#9747 = EDGE_CURVE ( 'NONE', #4576, #1950, #7557, .T. ) ;
#9748 = ADVANCED_FACE ( 'NONE', ( #2268 ), #9275, .T. ) ;
#9749 = FACE_OUTER_BOUND ( 'NONE', #9271, .T. ) ;
#9750 = DIRECTION ( 'NONE',  ( -1.000000000000000000, 0.000000000000000000, 0.000000000000000000 ) ) ;
#9751 = CARTESIAN_POINT ( 'NONE',  ( 15.80355302448195687, -7.999999148696923967, 1000.000000000000000 ) ) ;
#9752 = ORIENTED_EDGE ( 'NONE', *, *, #8908, .F. ) ;
#9753 = CARTESIAN_POINT ( 'NONE',  ( -9.999999989246326493, 8.500000697089852508, 1000.000000000000000 ) ) ;
#9754 = DIRECTION ( 'NONE',  ( -1.000000000000000000, 0.000000000000000000, 0.000000000000000000 ) ) ;
#9755 = DIRECTION ( 'NONE',  ( -1.000000000000000000, 0.000000000000000000, 0.000000000000000000 ) ) ;
#9756 = ORIENTED_EDGE ( 'NONE', *, *, #2184, .T. ) ;
#9757 = AXIS2_PLACEMENT_3D ( 'NONE', #5689, #5752, #5805 ) ;
#9758 = DIRECTION ( 'NONE',  ( 1.000000000000000000, 0.000000000000000000, 0.000000000000000000 ) ) ;
#9759 = VERTEX_POINT ( 'NONE', #11124 ) ;
#9760 = EDGE_CURVE ( 'NONE', #10181, #4432, #9218, .T. ) ;
#9761 = EDGE_LOOP ( 'NONE', ( #3242, #4263, #9946, #2351 ) ) ;
#9762 = CARTESIAN_POINT ( 'NONE',  ( 28.24999683168492837, 3.070002611706798668, 0.000000000000000000 ) ) ;
#9763 = AXIS2_PLACEMENT_3D ( 'NONE', #4117, #4812, #4065 ) ;
#9764 = CIRCLE ( 'NONE', #7751, 0.2500000070781265293 ) ;
#9765 = DIRECTION ( 'NONE',  ( -0.6246955666709524957, 0.7808683941495246916, 0.000000000000000000 ) ) ;
#9766 = CARTESIAN_POINT ( 'NONE',  ( 3.700000235153940054, -9.749999787236243165, 1000.000000000000000 ) ) ;
#9767 = DIRECTION ( 'NONE',  ( 1.000000000000000000, 0.000000000000000000, 0.000000000000000000 ) ) ;
#9768 = EDGE_CURVE ( 'NONE', #2267, #6131, #7617, .T. ) ;
#9769 = CARTESIAN_POINT ( 'NONE',  ( 15.80355339489029909, 7.999999578478217188, 1000.000000000000000 ) ) ;
#9770 = DIRECTION ( 'NONE',  ( 0.000000000000000000, 0.000000000000000000, 1.000000000000000000 ) ) ;
#9771 = VERTEX_POINT ( 'NONE', #1453 ) ;
#9772 = EDGE_LOOP ( 'NONE', ( #6238, #5460, #5084, #4374 ) ) ;
#9773 = CIRCLE ( 'NONE', #1697, 0.6000001460314281498 ) ;
#9774 = ORIENTED_EDGE ( 'NONE', *, *, #6433, .T. ) ;
#9775 = AXIS2_PLACEMENT_3D ( 'NONE', #4657, #5519, #8222 ) ;
#9776 = ORIENTED_EDGE ( 'NONE', *, *, #109, .F. ) ;
#9777 = ORIENTED_EDGE ( 'NONE', *, *, #8291, .T. ) ;
#9778 = CYLINDRICAL_SURFACE ( 'NONE', #8307, 0.2499998882415192802 ) ;
#9779 = DIRECTION ( 'NONE',  ( -1.000000000000000000, 0.000000000000000000, 0.000000000000000000 ) ) ;
#9780 = AXIS2_PLACEMENT_3D ( 'NONE', #7440, #3332, #1278 ) ;
#9781 = LINE ( 'NONE', #6332, #1427 ) ;
#9782 = DIRECTION ( 'NONE',  ( -0.000000000000000000, -0.000000000000000000, -1.000000000000000000 ) ) ;
#9783 = AXIS2_PLACEMENT_3D ( 'NONE', #2576, #7815, #4239 ) ;
#9784 = CARTESIAN_POINT ( 'NONE',  ( 4.000000189989805222, -2.761522307991981506, 0.000000000000000000 ) ) ;
#9785 = FACE_OUTER_BOUND ( 'NONE', #2522, .T. ) ;
#9786 = PLANE ( 'NONE',  #1738 ) ;
#9787 = VERTEX_POINT ( 'NONE', #7502 ) ;
#9788 = VERTEX_POINT ( 'NONE', #5775 ) ;
#9789 = EDGE_LOOP ( 'NONE', ( #8872, #6727, #4327, #30 ) ) ;
#9790 = AXIS2_PLACEMENT_3D ( 'NONE', #7980, #5285, #5170 ) ;
#9791 = DIRECTION ( 'NONE',  ( 1.000000000000000000, 0.000000000000000000, 0.000000000000000000 ) ) ;
#9792 = DIRECTION ( 'NONE',  ( 1.000000000000000000, 0.000000000000000000, 0.000000000000000000 ) ) ;
#9793 = AXIS2_PLACEMENT_3D ( 'NONE', #4046, #10361, #9437 ) ;
#9794 = CARTESIAN_POINT ( 'NONE',  ( 17.50000000000000000, 0.000000000000000000, 1000.000000000000000 ) ) ;
#9795 = EDGE_CURVE ( 'NONE', #3848, #6625, #11233, .T. ) ;
#9797 = ADVANCED_FACE ( 'NONE', ( #6628 ), #4152, .F. ) ;
#9796 = VERTEX_POINT ( 'NONE', #11070 ) ;
#9798 = EDGE_CURVE ( 'NONE', #5470, #9539, #1403, .T. ) ;
#9799 = CARTESIAN_POINT ( 'NONE',  ( 5.200000113886882325, -6.604162861958459807, 1000.000000000000000 ) ) ;
#9800 = CIRCLE ( 'NONE', #8154, 1.499999888241333901 ) ;
#9801 = DIRECTION ( 'NONE',  ( 0.7808693713108915135, 0.6246943452189501755, 0.000000000000000000 ) ) ;
#9802 = LINE ( 'NONE', #1009, #5032 ) ;
#9803 = CARTESIAN_POINT ( 'NONE',  ( 4.373223479645991674, 8.073223481912375377, 1000.000000000000000 ) ) ;
#9804 = ORIENTED_EDGE ( 'NONE', *, *, #10096, .F. ) ;
#9805 = CARTESIAN_POINT ( 'NONE',  ( 14.80000037677654845, 6.604162305548194389, 1000.000000000000000 ) ) ;
#9806 = ORIENTED_EDGE ( 'NONE', *, *, #10598, .T. ) ;
#9807 = EDGE_CURVE ( 'NONE', #8039, #8450, #10303, .T. ) ;
#9808 = CARTESIAN_POINT ( 'NONE',  ( 24.94999899642598606, -8.299997661515275738, 1000.000000000000000 ) ) ;
#9809 = EDGE_CURVE ( 'NONE', #11242, #1491, #2426, .T. ) ;
#9810 = EDGE_CURVE ( 'NONE', #9532, #5543, #9436, .T. ) ;
#9811 = ADVANCED_FACE ( 'NONE', ( #540 ), #9328, .T. ) ;
#9812 = CARTESIAN_POINT ( 'NONE',  ( 2.393721882965476055, 0.8559508052926600996, 1000.000000000000000 ) ) ;
#9813 = EDGE_CURVE ( 'NONE', #186, #3671, #492, .T. ) ;
#9814 = VECTOR ( 'NONE', #4663, 1000.000000000000000 ) ;
#9815 = DIRECTION ( 'NONE',  ( 1.000000000000000000, 0.000000000000000000, 0.000000000000000000 ) ) ;
#9816 = CARTESIAN_POINT ( 'NONE',  ( 26.60416040461126386, 5.200002606438131281, 0.000000000000000000 ) ) ;
#9817 = CARTESIAN_POINT ( 'NONE',  ( 29.39999749776685434, 3.699998947466240473, 1000.000000000000000 ) ) ;
#9818 = DIRECTION ( 'NONE',  ( -0.7071067691300000346, -0.7071067932430947778, -0.000000000000000000 ) ) ;
#9819 = VERTEX_POINT ( 'NONE', #4858 ) ;
#9820 = DIRECTION ( 'NONE',  ( -0.7071073575879872619, 0.7071062047846379262, -0.000000000000000000 ) ) ;
#9821 = ORIENTED_EDGE ( 'NONE', *, *, #9114, .F. ) ;
#9822 = EDGE_LOOP ( 'NONE', ( #11078, #2543, #3797, #1503 ) ) ;
#9823 = VECTOR ( 'NONE', #6537, 1000.000000000000227 ) ;
#9824 = DIRECTION ( 'NONE',  ( -0.000000000000000000, -0.000000000000000000, -1.000000000000000000 ) ) ;
#9825 = LINE ( 'NONE', #10632, #4047 ) ;
#9826 = DIRECTION ( 'NONE',  ( 1.000000000000000000, 0.000000000000000000, 0.000000000000000000 ) ) ;
#9827 = EDGE_CURVE ( 'NONE', #8572, #3626, #10248, .T. ) ;
#9828 = DIRECTION ( 'NONE',  ( -0.000000000000000000, -0.000000000000000000, -1.000000000000000000 ) ) ;
#9829 = DIRECTION ( 'NONE',  ( -0.000000000000000000, -0.000000000000000000, -1.000000000000000000 ) ) ;
#9830 = AXIS2_PLACEMENT_3D ( 'NONE', #26, #3466, #2609 ) ;
#9831 = CARTESIAN_POINT ( 'NONE',  ( 17.14939033455897643, 2.050609665440974894, 1000.000000000000000 ) ) ;
#9832 = VERTEX_POINT ( 'NONE', #8363 ) ;
#9833 = ORIENTED_EDGE ( 'NONE', *, *, #6170, .F. ) ;
#9834 = VERTEX_POINT ( 'NONE', #1507 ) ;
#9835 = ORIENTED_EDGE ( 'NONE', *, *, #7908, .F. ) ;
#9836 = ORIENTED_EDGE ( 'NONE', *, *, #6579, .F. ) ;
#9837 = LINE ( 'NONE', #9088, #589 ) ;
#9838 = EDGE_CURVE ( 'NONE', #8652, #9534, #3652, .T. ) ;
#9839 = CARTESIAN_POINT ( 'NONE',  ( -3.595836833257993970, -4.585786409789892382, 1000.000000000000000 ) ) ;
#9840 = AXIS2_PLACEMENT_3D ( 'NONE', #5990, #8644, #9497 ) ;
#9841 = DIRECTION ( 'NONE',  ( 1.000000000000000000, -0.000000000000000000, -0.000000000000000000 ) ) ;
#9842 = CARTESIAN_POINT ( 'NONE',  ( 4.200000106808827738, -6.604162941846972501, 1000.000000000000000 ) ) ;
#9843 = DIRECTION ( 'NONE',  ( 1.000000000000000000, 0.000000000000000000, 0.000000000000000000 ) ) ;
#9844 = CARTESIAN_POINT ( 'NONE',  ( -6.604163042852044363, -4.199999983413666094, 1000.000000000000000 ) ) ;
#9845 = CARTESIAN_POINT ( 'NONE',  ( 20.33769576579990002, 3.749999286058680603, 0.000000000000000000 ) ) ;
#9846 = VERTEX_POINT ( 'NONE', #11176 ) ;
#9847 = ORIENTED_EDGE ( 'NONE', *, *, #10966, .T. ) ;
#9848 = AXIS2_PLACEMENT_3D ( 'NONE', #6360, #8260, #9863 ) ;
#9849 = ORIENTED_EDGE ( 'NONE', *, *, #7128, .F. ) ;
#9850 = CARTESIAN_POINT ( 'NONE',  ( 22.18162388255300144, 3.999999123447672833, 0.000000000000000000 ) ) ;
#9851 = DIRECTION ( 'NONE',  ( 0.000000000000000000, 0.000000000000000000, 1.000000000000000000 ) ) ;
#9852 = LINE ( 'NONE', #7268, #8684 ) ;
#9853 = ORIENTED_EDGE ( 'NONE', *, *, #1597, .T. ) ;
#9854 = DIRECTION ( 'NONE',  ( 1.000000000000000000, 0.000000000000000000, 0.000000000000000000 ) ) ;
#9855 = LINE ( 'NONE', #8022, #8671 ) ;
#9856 = DIRECTION ( 'NONE',  ( 0.000000000000000000, 0.000000000000000000, 1.000000000000000000 ) ) ;
#9857 = CARTESIAN_POINT ( 'NONE',  ( 4.196446509750331622, 7.999999868348525389, 0.000000000000000000 ) ) ;
#9858 = ORIENTED_EDGE ( 'NONE', *, *, #9938, .F. ) ;
#9859 = LINE ( 'NONE', #10676, #5799 ) ;
#9860 = ORIENTED_EDGE ( 'NONE', *, *, #4882, .T. ) ;
#9861 = ORIENTED_EDGE ( 'NONE', *, *, #3149, .F. ) ;
#9862 = EDGE_CURVE ( 'NONE', #9634, #3000, #3995, .T. ) ;
#9863 = DIRECTION ( 'NONE',  ( -1.000000000000000000, 0.000000000000000000, 0.000000000000000000 ) ) ;
#9864 = VECTOR ( 'NONE', #4524, 1000.000000000000000 ) ;
#9865 = DIRECTION ( 'NONE',  ( -0.000000000000000000, -0.000000000000000000, -1.000000000000000000 ) ) ;
#9866 = EDGE_CURVE ( 'NONE', #7510, #8012, #3766, .T. ) ;
#9867 = CARTESIAN_POINT ( 'NONE',  ( 24.19644615144748911, -8.249997807905835145, 0.000000000000000000 ) ) ;
#9868 = EDGE_CURVE ( 'NONE', #8151, #6160, #10647, .T. ) ;
#9869 = ORIENTED_EDGE ( 'NONE', *, *, #3704, .T. ) ;
#9870 = LINE ( 'NONE', #8899, #557 ) ;
#9871 = CYLINDRICAL_SURFACE ( 'NONE', #10910, 2.499999999999998668 ) ;
#9872 = CARTESIAN_POINT ( 'NONE',  ( 4.196446644081398780, -8.000000146130739509, 1000.000000000000000 ) ) ;
#9873 = EDGE_LOOP ( 'NONE', ( #9084, #2711, #4777, #5915 ) ) ;
#9874 = EDGE_CURVE ( 'NONE', #9834, #9490, #1302, .T. ) ;
#9876 = EDGE_CURVE ( 'NONE', #8533, #9064, #4255, .T. ) ;
#9875 = CARTESIAN_POINT ( 'NONE',  ( -8.250000057145948418, -4.196446741133244451, 1000.000000000000000 ) ) ;
#9877 = VERTEX_POINT ( 'NONE', #135 ) ;
#9878 = VECTOR ( 'NONE', #9316, 1000.000000000000000 ) ;
#9879 = ORIENTED_EDGE ( 'NONE', *, *, #10640, .F. ) ;
#9880 = CARTESIAN_POINT ( 'NONE',  ( 6.400000063803160444, -5.658578617334583782, 1000.000000000000000 ) ) ;
#9881 = CARTESIAN_POINT ( 'NONE',  ( 23.07000061153226866, 8.249999139095187672, 1000.000000000000000 ) ) ;
#9882 = CIRCLE ( 'NONE', #9507, 0.2499998882415192802 ) ;
#9883 = DIRECTION ( 'NONE',  ( 1.000000000000000000, 0.000000000000000000, 0.000000000000000000 ) ) ;
#9884 = DIRECTION ( 'NONE',  ( 0.9999999999999993339, -3.939114348625349856E-08, 0.000000000000000000 ) ) ;
#9885 = DIRECTION ( 'NONE',  ( -0.000000000000000000, -0.000000000000000000, -1.000000000000000000 ) ) ;
#9886 = PLANE ( 'NONE',  #7976 ) ;
#9887 = EDGE_LOOP ( 'NONE', ( #3047, #1259, #2928, #5572 ) ) ;
#9888 = ORIENTED_EDGE ( 'NONE', *, *, #1376, .T. ) ;
#9889 = ORIENTED_EDGE ( 'NONE', *, *, #4175, .T. ) ;
#9890 = VECTOR ( 'NONE', #274, 1000.000000000000000 ) ;
#9891 = EDGE_CURVE ( 'NONE', #7294, #9631, #9764, .T. ) ;
#9892 = ADVANCED_FACE ( 'NONE', ( #3630 ), #7082, .F. ) ;
#9893 = CARTESIAN_POINT ( 'NONE',  ( 29.99999964172964440, -3.949998076722499363, 1000.000000000000000 ) ) ;
#9894 = FACE_OUTER_BOUND ( 'NONE', #2394, .T. ) ;
#9895 = DIRECTION ( 'NONE',  ( -0.000000000000000000, -0.000000000000000000, -1.000000000000000000 ) ) ;
#9896 = LINE ( 'NONE', #9040, #4244 ) ;
#9897 = AXIS2_PLACEMENT_3D ( 'NONE', #2203, #11003, #8294 ) ;
#9898 = CARTESIAN_POINT ( 'NONE',  ( 6.999999982964307144, -7.999999973571910949, 1000.000000000000000 ) ) ;
#9899 = CIRCLE ( 'NONE', #5503, 0.7999999999999986011 ) ;
#9900 = CARTESIAN_POINT ( 'NONE',  ( 29.39999749776685434, 3.320002687628304194, 1000.000000000000000 ) ) ;
#9901 = DIRECTION ( 'NONE',  ( -0.9999999999998616662, -5.260372866946472392E-07, 0.000000000000000000 ) ) ;
#9902 = ORIENTED_EDGE ( 'NONE', *, *, #8787, .T. ) ;
#9903 = ORIENTED_EDGE ( 'NONE', *, *, #3850, .T. ) ;
#9904 = ORIENTED_EDGE ( 'NONE', *, *, #6682, .F. ) ;
#9905 = CARTESIAN_POINT ( 'NONE',  ( 17.94939033455898780, 2.050609665440974894, 0.000000000000000000 ) ) ;
#9906 = LINE ( 'NONE', #7266, #2381 ) ;
#9907 = CIRCLE ( 'NONE', #9720, 1.999999895691859875 ) ;
#9908 = DIRECTION ( 'NONE',  ( 0.6246948794826997498, 0.7808689439003803079, -0.000000000000000000 ) ) ;
#9909 = AXIS2_PLACEMENT_3D ( 'NONE', #269, #8139, #4946 ) ;
#9910 = ORIENTED_EDGE ( 'NONE', *, *, #8612, .T. ) ;
#9911 = VECTOR ( 'NONE', #3421, 1000.000000000000000 ) ;
#9912 = CARTESIAN_POINT ( 'NONE',  ( 29.75000057964370725, 3.949998612190155800, 1000.000000000000000 ) ) ;
#9913 = DIRECTION ( 'NONE',  ( 1.000000000000000000, 0.000000000000000000, 0.000000000000000000 ) ) ;
#9914 = ORIENTED_EDGE ( 'NONE', *, *, #9375, .F. ) ;
#9915 = AXIS2_PLACEMENT_3D ( 'NONE', #11267, #3389, #6881 ) ;
#9916 = CARTESIAN_POINT ( 'NONE',  ( 3.070000301836649292, -8.249999674732485744, 1000.000000000000000 ) ) ;
#9917 = CARTESIAN_POINT ( 'NONE',  ( -0.6113934323519131242, -2.424087059261059718, 0.000000000000000000 ) ) ;
#9918 = VERTEX_POINT ( 'NONE', #9493 ) ;
#9919 = AXIS2_PLACEMENT_3D ( 'NONE', #5400, #7060, #9755 ) ;
#9920 = ORIENTED_EDGE ( 'NONE', *, *, #5256, .F. ) ;
#9921 = CARTESIAN_POINT ( 'NONE',  ( 4.703553569300189530, -8.299999950632782841, 1000.000000000000000 ) ) ;
#9922 = VECTOR ( 'NONE', #2233, 1000.000000000000000 ) ;
#9923 = AXIS2_PLACEMENT_3D ( 'NONE', #721, #1706, #2507 ) ;
#9924 = DIRECTION ( 'NONE',  ( -0.000000000000000000, -0.000000000000000000, -1.000000000000000000 ) ) ;
#9925 = FACE_OUTER_BOUND ( 'NONE', #2494, .T. ) ;
#9926 = VERTEX_POINT ( 'NONE', #21 ) ;
#9927 = DIRECTION ( 'NONE',  ( -0.9999999999999059641, 4.335454794948288384E-07, -0.000000000000000000 ) ) ;
#9928 = DIRECTION ( 'NONE',  ( -1.000000000000000000, 0.000000000000000000, 0.000000000000000000 ) ) ;
#9929 = DIRECTION ( 'NONE',  ( 0.000000000000000000, 0.000000000000000000, 1.000000000000000000 ) ) ;
#9930 = DIRECTION ( 'NONE',  ( -0.000000000000000000, -0.000000000000000000, -1.000000000000000000 ) ) ;
#9931 = ORIENTED_EDGE ( 'NONE', *, *, #11283, .F. ) ;
#9932 = DIRECTION ( 'NONE',  ( -0.000000000000000000, -0.000000000000000000, -1.000000000000000000 ) ) ;
#9933 = ORIENTED_EDGE ( 'NONE', *, *, #826, .T. ) ;
#9934 = AXIS2_PLACEMENT_3D ( 'NONE', #10770, #5589, #2836 ) ;
#9935 = ORIENTED_EDGE ( 'NONE', *, *, #4821, .F. ) ;
#9936 = DIRECTION ( 'NONE',  ( -0.000000000000000000, -0.000000000000000000, -1.000000000000000000 ) ) ;
#9937 = EDGE_CURVE ( 'NONE', #10270, #6808, #7935, .T. ) ;
#9938 = EDGE_CURVE ( 'NONE', #2217, #4219, #5133, .T. ) ;
#9939 = CARTESIAN_POINT ( 'NONE',  ( 16.93000030041748261, -9.149999627769133781, 1000.000000000000000 ) ) ;
#9940 = FACE_OUTER_BOUND ( 'NONE', #2783, .T. ) ;
#9941 = EDGE_CURVE ( 'NONE', #5019, #1722, #2663, .T. ) ;
#9942 = VECTOR ( 'NONE', #356, 999.9999999999998863 ) ;
#9943 = CARTESIAN_POINT ( 'NONE',  ( 13.60000033202134873, 8.000000266372319757, 0.000000000000000000 ) ) ;
#9944 = LINE ( 'NONE', #7184, #3862 ) ;
#9945 = CARTESIAN_POINT ( 'NONE',  ( -2.050609665440989104, -2.050609665440989104, 1000.000000000000000 ) ) ;
#9946 = ORIENTED_EDGE ( 'NONE', *, *, #3102, .F. ) ;
#9947 = VERTEX_POINT ( 'NONE', #991 ) ;
#9948 = VERTEX_POINT ( 'NONE', #8639 ) ;
#9949 = ADVANCED_FACE ( 'NONE', ( #932 ), #7948, .F. ) ;
#9950 = AXIS2_PLACEMENT_3D ( 'NONE', #3606, #8210, #3788 ) ;
#9951 = VERTEX_POINT ( 'NONE', #4436 ) ;
#9952 = CARTESIAN_POINT ( 'NONE',  ( 16.67999987215819502, -9.399999766946567803, 1000.000000000000000 ) ) ;
#9953 = ADVANCED_FACE ( 'NONE', ( #760 ), #11345, .T. ) ;
#9954 = VECTOR ( 'NONE', #9035, 1000.000000000000000 ) ;
#9955 = FACE_OUTER_BOUND ( 'NONE', #7022, .T. ) ;
#9956 = CARTESIAN_POINT ( 'NONE',  ( 7.000000457936243592, 8.600000106333938632, 1000.000000000000000 ) ) ;
#9957 = CARTESIAN_POINT ( 'NONE',  ( 23.06999948601189132, -9.149997561888097763, 1000.000000000000000 ) ) ;
#9958 = CARTESIAN_POINT ( 'NONE',  ( -3.700000112317546108, -9.750000313483109693, 0.000000000000000000 ) ) ;
#9959 = VECTOR ( 'NONE', #10145, 1000.000000000000000 ) ;
#9960 = ADVANCED_FACE ( 'NONE', ( #8699 ), #3409, .T. ) ;
#9961 = CARTESIAN_POINT ( 'NONE',  ( 15.40000027008729688, -2.761522904833349390, 1000.000000000000000 ) ) ;
#9962 = DIRECTION ( 'NONE',  ( 1.000000000000000000, 0.000000000000000000, 0.000000000000000000 ) ) ;
#9963 = AXIS2_PLACEMENT_3D ( 'NONE', #3800, #171, #1895 ) ;
#9964 = ORIENTED_EDGE ( 'NONE', *, *, #6990, .F. ) ;
#9965 = ORIENTED_EDGE ( 'NONE', *, *, #9131, .F. ) ;
#9966 = ORIENTED_EDGE ( 'NONE', *, *, #11005, .T. ) ;
#9967 = ORIENTED_EDGE ( 'NONE', *, *, #465, .F. ) ;
#9968 = DIRECTION ( 'NONE',  ( -1.000000000000000000, 0.000000000000000000, 0.000000000000000000 ) ) ;
#9969 = PLANE ( 'NONE',  #551 ) ;
#9970 = PLANE ( 'NONE',  #2083 ) ;
#9971 = VECTOR ( 'NONE', #4279, 1000.000000000000114 ) ;
#9972 = ORIENTED_EDGE ( 'NONE', *, *, #1081, .F. ) ;
#9973 = CIRCLE ( 'NONE', #5013, 0.2499999532849378481 ) ;
#9974 = DIRECTION ( 'NONE',  ( -0.000000000000000000, -0.000000000000000000, -1.000000000000000000 ) ) ;
#9975 = EDGE_CURVE ( 'NONE', #10416, #3457, #5255, .T. ) ;
#9976 = LINE ( 'NONE', #5831, #1882 ) ;
#9977 = ORIENTED_EDGE ( 'NONE', *, *, #4050, .F. ) ;
#9978 = DIRECTION ( 'NONE',  ( -1.000000000000000000, 0.000000000000000000, 0.000000000000000000 ) ) ;
#9979 = ORIENTED_EDGE ( 'NONE', *, *, #7700, .T. ) ;
#9980 = AXIS2_PLACEMENT_3D ( 'NONE', #11071, #9329, #3192 ) ;
#9981 = ORIENTED_EDGE ( 'NONE', *, *, #1021, .F. ) ;
#9982 = CARTESIAN_POINT ( 'NONE',  ( 16.40416346849669793, 4.585785587922150519, 0.000000000000000000 ) ) ;
#9983 = VECTOR ( 'NONE', #1191, 1000.000000000000000 ) ;
#9984 = DIRECTION ( 'NONE',  ( 0.6246955666709526067, -0.7808683941495246916, 0.000000000000000000 ) ) ;
#9985 = DIRECTION ( 'NONE',  ( -0.9999999999999987788, 4.912470597355950631E-08, -0.000000000000000000 ) ) ;
#9986 = EDGE_LOOP ( 'NONE', ( #8930, #2417, #1974, #10937, #7239, #10863, #594, #9649, #2841, #9977, #8600, #7858, #8807, #1964, #10817, #9391, #8971, #10774, #8113, #7863, #2769 ) ) ;
#9987 = LINE ( 'NONE', #5623, #6195 ) ;
#9988 = DIRECTION ( 'NONE',  ( -1.000000000000000000, 0.000000000000000000, 0.000000000000000000 ) ) ;
#9989 = CARTESIAN_POINT ( 'NONE',  ( 24.19644703095001503, 8.249999037614808017, 0.000000000000000000 ) ) ;
#9990 = CARTESIAN_POINT ( 'NONE',  ( -3.320000111199955306, -9.150000159032487090, 1000.000000000000000 ) ) ;
#9991 = VERTEX_POINT ( 'NONE', #2541 ) ;
#9992 = DIRECTION ( 'NONE',  ( 1.000000000000000000, 0.000000000000000000, 0.000000000000000000 ) ) ;
#9993 = ORIENTED_EDGE ( 'NONE', *, *, #6770, .T. ) ;
#9994 = ORIENTED_EDGE ( 'NONE', *, *, #10429, .T. ) ;
#9995 = CARTESIAN_POINT ( 'NONE',  ( 21.48492424049173621, 2.616295090390203804, 1000.000000000000000 ) ) ;
#9996 = CIRCLE ( 'NONE', #5959, 0.2499998100102124310 ) ;
#9997 = DIRECTION ( 'NONE',  ( 0.7071062047827904040, 0.7071073575898347841, 0.000000000000000000 ) ) ;
#9998 = LINE ( 'NONE', #8225, #7749 ) ;
#9999 = CARTESIAN_POINT ( 'NONE',  ( -2.424087059261061494, 0.6113934323519204517, 1000.000000000000000 ) ) ;
#10000 = CARTESIAN_POINT ( 'NONE',  ( 4.373223425481991278, -8.073223395187291374, 1000.000000000000000 ) ) ;
#10001 = ORIENTED_EDGE ( 'NONE', *, *, #8932, .F. ) ;
#10002 = ORIENTED_EDGE ( 'NONE', *, *, #3777, .F. ) ;
#10003 = CIRCLE ( 'NONE', #7451, 0.5999999753018379067 ) ;
#10004 = EDGE_CURVE ( 'NONE', #8175, #7666, #2613, .T. ) ;
#10005 = LINE ( 'NONE', #2832, #10318 ) ;
#10006 = VERTEX_POINT ( 'NONE', #1682 ) ;
#10007 = DIRECTION ( 'NONE',  ( -0.7071067723447224118, -0.7071067900283725116, 0.000000000000000000 ) ) ;
#10008 = CARTESIAN_POINT ( 'NONE',  ( -9.400000213322504905, 3.320000234595096966, 0.000000000000000000 ) ) ;
#10009 = CIRCLE ( 'NONE', #9840, 0.7999999999999951594 ) ;
#10010 = LINE ( 'NONE', #8123, #212 ) ;
#10011 = EDGE_CURVE ( 'NONE', #4944, #10403, #4328, .T. ) ;
#10012 = LINE ( 'NONE', #7661, #10637 ) ;
#10013 = DIRECTION ( 'NONE',  ( -0.000000000000000000, -0.000000000000000000, -1.000000000000000000 ) ) ;
#10014 = ADVANCED_FACE ( 'NONE', ( #10480 ), #872, .F. ) ;
#10015 = DIRECTION ( 'NONE',  ( -0.000000000000000000, -0.000000000000000000, -1.000000000000000000 ) ) ;
#10016 = ORIENTED_EDGE ( 'NONE', *, *, #6207, .T. ) ;
#10017 = ORIENTED_EDGE ( 'NONE', *, *, #629, .T. ) ;
#10018 = EDGE_CURVE ( 'NONE', #1307, #7571, #768, .T. ) ;
#10019 = EDGE_CURVE ( 'NONE', #8482, #5489, #10706, .T. ) ;
#10020 = ORIENTED_EDGE ( 'NONE', *, *, #6088, .F. ) ;
#10021 = ORIENTED_EDGE ( 'NONE', *, *, #1335, .T. ) ;
#10022 = EDGE_LOOP ( 'NONE', ( #2984, #1572, #8790, #9716, #1859, #10965, #2753, #9575, #789, #4292, #3656, #8373, #2801, #5820, #2950, #1623, #697, #7395, #3459, #3216, #9180, #5715, #2122, #9533, #6552, #5770, #5586, #2766 ) ) ;
#10023 = CIRCLE ( 'NONE', #310, 2.000000051034449111 ) ;
#10024 = LINE ( 'NONE', #5656, #7473 ) ;
#10025 = DIRECTION ( 'NONE',  ( 0.9999999999999992228, -3.939114801982141073E-08, -0.000000000000000000 ) ) ;
#10026 = LINE ( 'NONE', #6515, #7953 ) ;
#10027 = EDGE_CURVE ( 'NONE', #11356, #286, #7192, .T. ) ;
#10028 = ORIENTED_EDGE ( 'NONE', *, *, #3771, .T. ) ;
#10029 = CARTESIAN_POINT ( 'NONE',  ( 25.89705414534308048, 4.907109385551685854, 1000.000000000000000 ) ) ;
#10030 = AXIS2_PLACEMENT_3D ( 'NONE', #3311, #7680, #8537 ) ;
#10031 = DIRECTION ( 'NONE',  ( 1.000000000000000000, 0.000000000000000000, 0.000000000000000000 ) ) ;
#10032 = VERTEX_POINT ( 'NONE', #4667 ) ;
#10033 = DIRECTION ( 'NONE',  ( -0.000000000000000000, -0.000000000000000000, -1.000000000000000000 ) ) ;
#10034 = ORIENTED_EDGE ( 'NONE', *, *, #3273, .F. ) ;
#10035 = ORIENTED_EDGE ( 'NONE', *, *, #8142, .F. ) ;
#10036 = ORIENTED_EDGE ( 'NONE', *, *, #6146, .F. ) ;
#10037 = DIRECTION ( 'NONE',  ( -1.000000000000000000, 0.000000000000000000, 0.000000000000000000 ) ) ;
#10038 = EDGE_CURVE ( 'NONE', #5608, #6173, #1144, .T. ) ;
#10039 = EDGE_CURVE ( 'NONE', #7836, #3884, #5476, .T. ) ;
#10040 = VECTOR ( 'NONE', #7265, 1000.000000000000114 ) ;
#10041 = PLANE ( 'NONE',  #1304 ) ;
#10042 = CYLINDRICAL_SURFACE ( 'NONE', #4077, 1.000000057619887528 ) ;
#10043 = VERTEX_POINT ( 'NONE', #9893 ) ;
#10044 = CARTESIAN_POINT ( 'NONE',  ( 1.484924240491739766, 2.616295090390196254, 1000.000000000000000 ) ) ;
#10045 = DIRECTION ( 'NONE',  ( -1.000000000000000000, 0.000000000000000000, 0.000000000000000000 ) ) ;
#10046 = DIRECTION ( 'NONE',  ( -0.000000000000000000, -0.000000000000000000, -1.000000000000000000 ) ) ;
#10047 = ORIENTED_EDGE ( 'NONE', *, *, #5271, .T. ) ;
#10048 = CARTESIAN_POINT ( 'NONE',  ( 24.58578507738358354, 3.595839530616790292, 1000.000000000000000 ) ) ;
#10049 = ORIENTED_EDGE ( 'NONE', *, *, #4749, .T. ) ;
#10050 = ADVANCED_FACE ( 'NONE', ( #9143 ), #6384, .F. ) ;
#10051 = ORIENTED_EDGE ( 'NONE', *, *, #5064, .T. ) ;
#10052 = AXIS2_PLACEMENT_3D ( 'NONE', #8158, #8097, #6191 ) ;
#10053 = DIRECTION ( 'NONE',  ( -1.000000000000000000, 0.000000000000000000, 0.000000000000000000 ) ) ;
#10054 = DIRECTION ( 'NONE',  ( 0.000000000000000000, -1.000000000000000000, 0.000000000000000000 ) ) ;
#10055 = CARTESIAN_POINT ( 'NONE',  ( 20.00000000000000355, 0.000000000000000000, 0.000000000000000000 ) ) ;
#10056 = VECTOR ( 'NONE', #425, 1000.000000000000114 ) ;
#10057 = CARTESIAN_POINT ( 'NONE',  ( -3.700000101005074260, 9.750000123395135887, 0.000000000000000000 ) ) ;
#10058 = CARTESIAN_POINT ( 'NONE',  ( -7.600000000000009415, 7.599999999999996092, 1000.000000000000000 ) ) ;
#10059 = ORIENTED_EDGE ( 'NONE', *, *, #9055, .F. ) ;
#10060 = EDGE_LOOP ( 'NONE', ( #5115, #3687, #3037, #1230 ) ) ;
#10061 = ORIENTED_EDGE ( 'NONE', *, *, #4709, .T. ) ;
#10062 = LINE ( 'NONE', #1549, #8852 ) ;
#10063 = VECTOR ( 'NONE', #5733, 1000.000000000000114 ) ;
#10064 = ORIENTED_EDGE ( 'NONE', *, *, #9312, .F. ) ;
#10065 = LINE ( 'NONE', #1217, #11273 ) ;
#10066 = DIRECTION ( 'NONE',  ( -0.000000000000000000, -0.000000000000000000, -1.000000000000000000 ) ) ;
#10067 = CARTESIAN_POINT ( 'NONE',  ( 8.922967111419948694, -8.600000346473544610, 0.000000000000000000 ) ) ;
#10068 = LINE ( 'NONE', #9957, #2048 ) ;
#10069 = CYLINDRICAL_SURFACE ( 'NONE', #9897, 1.499999664723909776 ) ;
#10070 = FACE_OUTER_BOUND ( 'NONE', #10357, .T. ) ;
#10071 = DIRECTION ( 'NONE',  ( -0.000000000000000000, -0.000000000000000000, -1.000000000000000000 ) ) ;
#10072 = AXIS2_PLACEMENT_3D ( 'NONE', #8645, #765, #6054 ) ;
#10073 = ORIENTED_EDGE ( 'NONE', *, *, #5064, .F. ) ;
#10074 = ORIENTED_EDGE ( 'NONE', *, *, #5561, .T. ) ;
#10076 = VERTEX_POINT ( 'NONE', #7430 ) ;
#10075 = ORIENTED_EDGE ( 'NONE', *, *, #10657, .T. ) ;
#10077 = ORIENTED_EDGE ( 'NONE', *, *, #4954, .F. ) ;
#10078 = EDGE_LOOP ( 'NONE', ( #10996, #2853, #9965, #8103 ) ) ;
#10079 = CARTESIAN_POINT ( 'NONE',  ( -8.050000327467651928, 5.200000111050748330, 1000.000000000000000 ) ) ;
#10080 = DIRECTION ( 'NONE',  ( -0.000000000000000000, -0.000000000000000000, -1.000000000000000000 ) ) ;
#10081 = EDGE_CURVE ( 'NONE', #3719, #9046, #10766, .T. ) ;
#10082 = CARTESIAN_POINT ( 'NONE',  ( 25.99999915443486387, -2.181620857115679435, 0.000000000000000000 ) ) ;
#10083 = EDGE_LOOP ( 'NONE', ( #5431, #1348, #3536, #4744 ) ) ;
#10084 = EDGE_CURVE ( 'NONE', #8545, #2079, #6444, .T. ) ;
#10085 = AXIS2_PLACEMENT_3D ( 'NONE', #7549, #4090, #639 ) ;
#10086 = ADVANCED_FACE ( 'NONE', ( #2771 ), #8177, .F. ) ;
#10087 = ADVANCED_FACE ( 'NONE', ( #3809 ), #9778, .T. ) ;
#10088 = DIRECTION ( 'NONE',  ( 3.568436106276896135E-07, 0.9999999999999363842, -0.000000000000000000 ) ) ;
#10089 = CARTESIAN_POINT ( 'NONE',  ( -6.000000005996534824, 2.181623461451620560, 1000.000000000000000 ) ) ;
#10090 = CARTESIAN_POINT ( 'NONE',  ( 27.59999999999997300, -7.600000000000009415, 0.000000000000000000 ) ) ;
#10091 = ORIENTED_EDGE ( 'NONE', *, *, #5239, .T. ) ;
#10092 = AXIS2_PLACEMENT_3D ( 'NONE', #3804, #7246, #6436 ) ;
#10093 = ORIENTED_EDGE ( 'NONE', *, *, #8056, .F. ) ;
#10094 = VECTOR ( 'NONE', #919, 1000.000000000000227 ) ;
#10095 = FACE_OUTER_BOUND ( 'NONE', #4208, .T. ) ;
#10096 = EDGE_CURVE ( 'NONE', #10589, #3161, #421, .T. ) ;
#10097 = EDGE_CURVE ( 'NONE', #1448, #10646, #10005, .T. ) ;
#10098 = DIRECTION ( 'NONE',  ( -0.000000000000000000, -0.000000000000000000, -1.000000000000000000 ) ) ;
#10099 = CIRCLE ( 'NONE', #10649, 0.9999999999999940048 ) ;
#10100 = CIRCLE ( 'NONE', #5146, 0.2499999999999898137 ) ;
#10101 = DIRECTION ( 'NONE',  ( -0.000000000000000000, -0.000000000000000000, -1.000000000000000000 ) ) ;
#10102 = AXIS2_PLACEMENT_3D ( 'NONE', #9742, #9856, #1986 ) ;
#10103 = ORIENTED_EDGE ( 'NONE', *, *, #10216, .T. ) ;
#10104 = CARTESIAN_POINT ( 'NONE',  ( 29.75000057964370725, 3.699998947466240473, 0.000000000000000000 ) ) ;
#10105 = CARTESIAN_POINT ( 'NONE',  ( -8.500000111758666321, -8.499999999999992895, 0.000000000000000000 ) ) ;
#10106 = FACE_OUTER_BOUND ( 'NONE', #8634, .T. ) ;
#10107 = ADVANCED_FACE ( 'NONE', ( #362 ), #1102, .F. ) ;
#10108 = CARTESIAN_POINT ( 'NONE',  ( 23.74999844978504981, 0.3376976724608071745, 0.000000000000000000 ) ) ;
#10109 = ORIENTED_EDGE ( 'NONE', *, *, #6220, .F. ) ;
#10110 = AXIS2_PLACEMENT_3D ( 'NONE', #6247, #9865, #9750 ) ;
#10111 = FACE_OUTER_BOUND ( 'NONE', #6120, .T. ) ;
#10112 = VECTOR ( 'NONE', #345, 1000.000000000000000 ) ;
#10113 = CARTESIAN_POINT ( 'NONE',  ( 15.09289281207545841, -5.897055059133182731, 1000.000000000000000 ) ) ;
#10114 = DIRECTION ( 'NONE',  ( -0.000000000000000000, -0.000000000000000000, -1.000000000000000000 ) ) ;
#10115 = CARTESIAN_POINT ( 'NONE',  ( 15.80355339489029909, 7.999999578478217188, 1000.000000000000000 ) ) ;
#10116 = VECTOR ( 'NONE', #10236, 1000.000000000000114 ) ;
#10117 = EDGE_CURVE ( 'NONE', #4102, #4283, #9837, .T. ) ;
#10118 = DIRECTION ( 'NONE',  ( 1.000000000000000000, 0.000000000000000000, 0.000000000000000000 ) ) ;
#10119 = ORIENTED_EDGE ( 'NONE', *, *, #9525, .F. ) ;
#10120 = EDGE_LOOP ( 'NONE', ( #4608, #10362, #8026, #10296 ) ) ;
#10121 = ORIENTED_EDGE ( 'NONE', *, *, #7454, .F. ) ;
#10122 = CARTESIAN_POINT ( 'NONE',  ( 13.00000025118520952, -8.600000631010225050, 1000.000000000000000 ) ) ;
#10123 = ORIENTED_EDGE ( 'NONE', *, *, #3149, .T. ) ;
#10124 = CIRCLE ( 'NONE', #8108, 0.7999999999999933831 ) ;
#10125 = ADVANCED_FACE ( 'NONE', ( #3867 ), #7370, .F. ) ;
#10126 = CARTESIAN_POINT ( 'NONE',  ( 24.90710618184886727, -5.897053989592879297, 1000.000000000000000 ) ) ;
#10127 = CARTESIAN_POINT ( 'NONE',  ( 15.40000063195458324, 2.761521082694395890, 1000.000000000000000 ) ) ;
#10128 = CARTESIAN_POINT ( 'NONE',  ( 6.999999982964314249, -8.600000054410777750, 1000.000000000000000 ) ) ;
#10129 = DIRECTION ( 'NONE',  ( -0.000000000000000000, -0.000000000000000000, -1.000000000000000000 ) ) ;
#10130 = DIRECTION ( 'NONE',  ( 1.000000000000000000, 0.000000000000000000, 0.000000000000000000 ) ) ;
#10131 = ORIENTED_EDGE ( 'NONE', *, *, #8986, .T. ) ;
#10132 = VERTEX_POINT ( 'NONE', #10882 ) ;
#10134 = VERTEX_POINT ( 'NONE', #8119 ) ;
#10133 = ORIENTED_EDGE ( 'NONE', *, *, #735, .T. ) ;
#10135 = CIRCLE ( 'NONE', #6279, 0.2499999994412410165 ) ;
#10136 = ORIENTED_EDGE ( 'NONE', *, *, #6212, .T. ) ;
#10137 = ORIENTED_EDGE ( 'NONE', *, *, #6455, .F. ) ;
#10138 = CARTESIAN_POINT ( 'NONE',  ( 3.595837038065416547, -4.585786137746946878, 0.000000000000000000 ) ) ;
#10139 = DIRECTION ( 'NONE',  ( 0.000000000000000000, 0.000000000000000000, 1.000000000000000000 ) ) ;
#10140 = EDGE_LOOP ( 'NONE', ( #9933, #4854, #7981, #1214 ) ) ;
#10141 = VECTOR ( 'NONE', #6807, 1000.000000000000000 ) ;
#10142 = AXIS2_PLACEMENT_3D ( 'NONE', #476, #2256, #3980 ) ;
#10143 = CIRCLE ( 'NONE', #6653, 0.2500001155129744079 ) ;
#10144 = LINE ( 'NONE', #4971, #9704 ) ;
#10145 = DIRECTION ( 'NONE',  ( 0.9999999999998616662, 5.260373377776792053E-07, -0.000000000000000000 ) ) ;
#10146 = DIRECTION ( 'NONE',  ( -0.000000000000000000, -0.000000000000000000, -1.000000000000000000 ) ) ;
#10147 = ORIENTED_EDGE ( 'NONE', *, *, #9109, .T. ) ;
#10148 = ORIENTED_EDGE ( 'NONE', *, *, #3337, .T. ) ;
#10149 = CIRCLE ( 'NONE', #9780, 0.2499999994412510085 ) ;
#10150 = ADVANCED_FACE ( 'NONE', ( #3756 ), #7253, .T. ) ;
#10151 = CARTESIAN_POINT ( 'NONE',  ( 3.700000044735841875, 9.399999876022635092, 1000.000000000000000 ) ) ;
#10152 = AXIS2_PLACEMENT_3D ( 'NONE', #2481, #2371, #1404 ) ;
#10153 = EDGE_CURVE ( 'NONE', #8772, #3027, #3058, .T. ) ;
#10154 = DIRECTION ( 'NONE',  ( 0.7071072718140132274, -0.7071062905587413017, -0.000000000000000000 ) ) ;
#10155 = CARTESIAN_POINT ( 'NONE',  ( 4.907106893000320547, -5.897056155655485910, 0.000000000000000000 ) ) ;
#10156 = AXIS2_PLACEMENT_3D ( 'NONE', #10772, #5427, #2897 ) ;
#10157 = CARTESIAN_POINT ( 'NONE',  ( -2.181623338056444705, -5.999999904991462962, 1000.000000000000000 ) ) ;
#10158 = CIRCLE ( 'NONE', #1359, 0.2499999532849487005 ) ;
#10159 = ORIENTED_EDGE ( 'NONE', *, *, #9369, .F. ) ;
#10160 = EDGE_CURVE ( 'NONE', #11286, #11288, #10997, .T. ) ;
#10161 = CARTESIAN_POINT ( 'NONE',  ( 4.949999912995925122, 8.299999837803520464, 1000.000000000000000 ) ) ;
#10162 = DIRECTION ( 'NONE',  ( 0.7071066945516583102, 0.7071068678214261771, -0.000000000000000000 ) ) ;
#10163 = CARTESIAN_POINT ( 'NONE',  ( 6.400000095838062286, 7.999999960302581314, 0.000000000000000000 ) ) ;
#10164 = CARTESIAN_POINT ( 'NONE',  ( -3.319999967925382656, -8.250000159032531144, 1000.000000000000000 ) ) ;
#10165 = EDGE_CURVE ( 'NONE', #11340, #3629, #10135, .T. ) ;
#10166 = EDGE_LOOP ( 'NONE', ( #3921, #894, #4267, #4096 ) ) ;
#10167 = EDGE_CURVE ( 'NONE', #10898, #9269, #2987, .T. ) ;
#10168 = EDGE_CURVE ( 'NONE', #3048, #3994, #2066, .T. ) ;
#10169 = CIRCLE ( 'NONE', #3375, 1.499999888241330348 ) ;
#10170 = DIRECTION ( 'NONE',  ( -0.000000000000000000, -0.000000000000000000, -1.000000000000000000 ) ) ;
#10171 = DIRECTION ( 'NONE',  ( 1.000000000000000000, 0.000000000000000000, 0.000000000000000000 ) ) ;
#10172 = EDGE_CURVE ( 'NONE', #4693, #9715, #9308, .T. ) ;
#10173 = CARTESIAN_POINT ( 'NONE',  ( -8.500000101005065645, 8.500000235153807537, 1000.000000000000000 ) ) ;
#10174 = DIRECTION ( 'NONE',  ( 1.000000000000000000, 0.000000000000000000, 0.000000000000000000 ) ) ;
#10175 = DIRECTION ( 'NONE',  ( 1.000000000000000000, 0.000000000000000000, 0.000000000000000000 ) ) ;
#10176 = CARTESIAN_POINT ( 'NONE',  ( -8.000000247135805154, -4.196446520686222925, 0.000000000000000000 ) ) ;
#10177 = ORIENTED_EDGE ( 'NONE', *, *, #7978, .F. ) ;
#10178 = ORIENTED_EDGE ( 'NONE', *, *, #8464, .T. ) ;
#10179 = AXIS2_PLACEMENT_3D ( 'NONE', #4092, #7609, #3987 ) ;
#10180 = DIRECTION ( 'NONE',  ( -0.000000000000000000, -0.000000000000000000, -1.000000000000000000 ) ) ;
#10181 = VERTEX_POINT ( 'NONE', #3114 ) ;
#10182 =( NAMED_UNIT ( * ) PLANE_ANGLE_UNIT ( ) SI_UNIT ( $, .RADIAN. ) );
#10183 = EDGE_CURVE ( 'NONE', #6870, #6408, #6551, .T. ) ;
#10184 = DIRECTION ( 'NONE',  ( -0.7808705683273339249, -0.6246928489426997189, 0.000000000000000000 ) ) ;
#10185 = DIRECTION ( 'NONE',  ( 3.568438467617037874E-07, 0.9999999999999363842, -0.000000000000000000 ) ) ;
#10186 = CARTESIAN_POINT ( 'NONE',  ( -7.600000000000009415, 7.599999999999996092, 1000.000000000000000 ) ) ;
#10187 = CARTESIAN_POINT ( 'NONE',  ( 24.19644703095001503, 7.999998949105764368, 1000.000000000000000 ) ) ;
#10188 = VECTOR ( 'NONE', #468, 1000.000000000000000 ) ;
#10189 = CARTESIAN_POINT ( 'NONE',  ( -8.500000111758666321, -8.499999999999992895, 1000.000000000000000 ) ) ;
#10190 = CARTESIAN_POINT ( 'NONE',  ( 4.703553569300189530, -8.299999950632781065, 1000.000000000000000 ) ) ;
#10191 = VERTEX_POINT ( 'NONE', #473 ) ;
#10192 = VERTEX_POINT ( 'NONE', #7480 ) ;
#10193 = VERTEX_POINT ( 'NONE', #11056 ) ;
#10194 = EDGE_CURVE ( 'NONE', #6705, #974, #10062, .T. ) ;
#10195 = ORIENTED_EDGE ( 'NONE', *, *, #8757, .T. ) ;
#10196 = ORIENTED_EDGE ( 'NONE', *, *, #8300, .T. ) ;
#10197 = CARTESIAN_POINT ( 'NONE',  ( 13.77573613563306942, 5.234314435410487576, 1000.000000000000000 ) ) ;
#10198 = CARTESIAN_POINT ( 'NONE',  ( -8.049999986817789832, -5.199999990491696700, 1000.000000000000000 ) ) ;
#10199 = AXIS2_PLACEMENT_3D ( 'NONE', #168, #9932, #10804 ) ;
#10200 = EDGE_LOOP ( 'NONE', ( #3819, #5879, #3297, #6548 ) ) ;
#10201 = CARTESIAN_POINT ( 'NONE',  ( -9.750000414488168232, 3.700000235712694430, 1000.000000000000000 ) ) ;
#10202 = CARTESIAN_POINT ( 'NONE',  ( 24.37322436406087789, 8.073222854963562511, 0.000000000000000000 ) ) ;
#10203 = PLANE ( 'NONE',  #2758 ) ;
#10204 = EDGE_LOOP ( 'NONE', ( #9611, #8480, #3826, #740 ) ) ;
#10205 = AXIS2_PLACEMENT_3D ( 'NONE', #7727, #8583, #5938 ) ;
#10206 = ORIENTED_EDGE ( 'NONE', *, *, #9608, .F. ) ;
#10207 = CARTESIAN_POINT ( 'NONE',  ( 3.700000235153938277, -9.749999787236243165, 0.000000000000000000 ) ) ;
#10208 = CIRCLE ( 'NONE', #5438, 0.2499997600265702058 ) ;
#10209 = CYLINDRICAL_SURFACE ( 'NONE', #5345, 0.9999999977648166283 ) ;
#10210 = DIRECTION ( 'NONE',  ( -0.000000000000000000, -1.000000000000000000, -0.000000000000000000 ) ) ;
#10211 = CARTESIAN_POINT ( 'NONE',  ( 19.81847834912613138, -3.945215338599275423, 0.000000000000000000 ) ) ;
#10212 = ORIENTED_EDGE ( 'NONE', *, *, #6832, .T. ) ;
#10213 = LINE ( 'NONE', #10440, #7485 ) ;
#10214 = DIRECTION ( 'NONE',  ( 1.000000000000000000, 0.000000000000000000, 0.000000000000000000 ) ) ;
#10215 = CARTESIAN_POINT ( 'NONE',  ( 16.04999972588442958, 9.999999582799457443, 1000.000000000000000 ) ) ;
#10216 = EDGE_CURVE ( 'NONE', #11171, #6988, #6643, .T. ) ;
#10217 = DIRECTION ( 'NONE',  ( 1.000000000000000000, 0.000000000000000000, 0.000000000000000000 ) ) ;
#10218 = ORIENTED_EDGE ( 'NONE', *, *, #4546, .F. ) ;
#10219 = CIRCLE ( 'NONE', #9296, 2.500000000000002220 ) ;
#10220 = CARTESIAN_POINT ( 'NONE',  ( 8.922967111419948694, -8.600000346473544610, 1000.000000000000000 ) ) ;
#10221 = LINE ( 'NONE', #2397, #6470 ) ;
#10222 = EDGE_CURVE ( 'NONE', #84, #5072, #8511, .T. ) ;
#10223 = ADVANCED_FACE ( 'NONE', ( #4028 ), #4943, .F. ) ;
#10224 = CYLINDRICAL_SURFACE ( 'NONE', #1844, 0.2500004282593760729 ) ;
#10225 = EDGE_CURVE ( 'NONE', #10876, #10764, #4841, .T. ) ;
#10226 = CYLINDRICAL_SURFACE ( 'NONE', #3897, 0.9999999999999940048 ) ;
#10227 = EDGE_CURVE ( 'NONE', #6584, #1146, #5861, .T. ) ;
#10228 = LINE ( 'NONE', #10057, #5506 ) ;
#10229 = CARTESIAN_POINT ( 'NONE',  ( 15.82426419831451447, -3.185787088414710588, 1000.000000000000000 ) ) ;
#10230 = ORIENTED_EDGE ( 'NONE', *, *, #394, .T. ) ;
#10231 = ORIENTED_EDGE ( 'NONE', *, *, #1867, .T. ) ;
#10232 = CARTESIAN_POINT ( 'NONE',  ( 5.200000113886879660, -8.049999885812717082, 1000.000000000000000 ) ) ;
#10233 = CARTESIAN_POINT ( 'NONE',  ( 0.000000000000000000, 0.000000000000000000, 1000.000000000000000 ) ) ;
#10234 = VECTOR ( 'NONE', #9181, 1000.000000000000114 ) ;
#10235 = LINE ( 'NONE', #4845, #9878 ) ;
#10236 = DIRECTION ( 'NONE',  ( -7.152555139911705747E-07, 0.9999999999997442046, -0.000000000000000000 ) ) ;
#10237 = CARTESIAN_POINT ( 'NONE',  ( 23.39372188296547250, 0.8559508052926600996, 1000.000000000000000 ) ) ;
#10238 = LINE ( 'NONE', #2312, #1187 ) ;
#10239 = VERTEX_POINT ( 'NONE', #6768 ) ;
#10240 = EDGE_CURVE ( 'NONE', #5988, #4824, #3977, .T. ) ;
#10241 = ORIENTED_EDGE ( 'NONE', *, *, #1793, .T. ) ;
#10242 = EDGE_CURVE ( 'NONE', #994, #2208, #10286, .T. ) ;
#10244 = ORIENTED_EDGE ( 'NONE', *, *, #8605, .F. ) ;
#10243 = ORIENTED_EDGE ( 'NONE', *, *, #6702, .T. ) ;
#10245 = VERTEX_POINT ( 'NONE', #9362 ) ;
#10246 = AXIS2_PLACEMENT_3D ( 'NONE', #8237, #8402, #581 ) ;
#10247 = VERTEX_POINT ( 'NONE', #4137 ) ;
#10248 = LINE ( 'NONE', #5827, #2552 ) ;
#10249 = DIRECTION ( 'NONE',  ( 1.000000000000000000, 0.000000000000000000, 0.000000000000000000 ) ) ;
#10250 = ORIENTED_EDGE ( 'NONE', *, *, #2442, .T. ) ;
#10251 = VECTOR ( 'NONE', #6260, 1000.000000000000000 ) ;
#10252 = DIRECTION ( 'NONE',  ( -0.000000000000000000, -0.000000000000000000, -1.000000000000000000 ) ) ;
#10253 = DIRECTION ( 'NONE',  ( 1.000000000000000000, 0.000000000000000000, 0.000000000000000000 ) ) ;
#10254 = ORIENTED_EDGE ( 'NONE', *, *, #1169, .F. ) ;
#10255 = CARTESIAN_POINT ( 'NONE',  ( 9.999999758667000194, 9.799999922545918452, 1000.000000000000000 ) ) ;
#10256 = ORIENTED_EDGE ( 'NONE', *, *, #2422, .T. ) ;
#10257 = ORIENTED_EDGE ( 'NONE', *, *, #8579, .F. ) ;
#10258 = DIRECTION ( 'NONE',  ( 0.000000000000000000, 0.000000000000000000, 1.000000000000000000 ) ) ;
#10259 = ADVANCED_FACE ( 'NONE', ( #3173 ), #7653, .F. ) ;
#10260 = DIRECTION ( 'NONE',  ( 0.000000000000000000, 0.000000000000000000, 1.000000000000000000 ) ) ;
#10261 = CARTESIAN_POINT ( 'NONE',  ( -3.700000112317546108, -9.399999976716866712, 1000.000000000000000 ) ) ;
#10262 = DIRECTION ( 'NONE',  ( -0.9999999999999891198, 1.473741064913210316E-07, 0.000000000000000000 ) ) ;
#10263 = ORIENTED_EDGE ( 'NONE', *, *, #2149, .F. ) ;
#10264 = CIRCLE ( 'NONE', #9710, 1.999999905005106049 ) ;
#10265 = CARTESIAN_POINT ( 'NONE',  ( -3.070000167687804371, 8.250000055594854942, 1000.000000000000000 ) ) ;
#10266 = DIRECTION ( 'NONE',  ( 1.473741064913210316E-07, 0.9999999999999891198, -0.000000000000000000 ) ) ;
#10267 = CARTESIAN_POINT ( 'NONE',  ( 23.74999875875750988, -0.3376927403625773483, 1000.000000000000000 ) ) ;
#10268 = AXIS2_PLACEMENT_3D ( 'NONE', #6130, #1929, #7046 ) ;
#10269 = DIRECTION ( 'NONE',  ( 0.000000000000000000, 0.000000000000000000, 1.000000000000000000 ) ) ;
#10270 = VERTEX_POINT ( 'NONE', #578 ) ;
#10271 = DIRECTION ( 'NONE',  ( -0.7071068251285937967, -0.7071067372444985732, 0.000000000000000000 ) ) ;
#10272 = DIRECTION ( 'NONE',  ( 4.335459427792263828E-07, 0.9999999999999060751, -0.000000000000000000 ) ) ;
#10273 = CIRCLE ( 'NONE', #10461, 0.2500000000000002220 ) ;
#10274 = VECTOR ( 'NONE', #10579, 999.9999999999998863 ) ;
#10275 = CIRCLE ( 'NONE', #3676, 0.2499999532849378481 ) ;
#10276 = CARTESIAN_POINT ( 'NONE',  ( 26.60416213172399225, -5.199997769938713432, 1000.000000000000000 ) ) ;
#10277 = CARTESIAN_POINT ( 'NONE',  ( 23.70000138579651860, 9.399998947466265520, 1000.000000000000000 ) ) ;
#10278 = FACE_OUTER_BOUND ( 'NONE', #1505, .T. ) ;
#10279 = LINE ( 'NONE', #11004, #9411 ) ;
#10280 = DIRECTION ( 'NONE',  ( 1.000000000000000000, 0.000000000000000000, 0.000000000000000000 ) ) ;
#10281 = ORIENTED_EDGE ( 'NONE', *, *, #4480, .F. ) ;
#10282 = AXIS2_PLACEMENT_3D ( 'NONE', #3387, #9469, #5052 ) ;
#10283 = AXIS2_PLACEMENT_3D ( 'NONE', #58, #855, #11269 ) ;
#10284 = VERTEX_POINT ( 'NONE', #4085 ) ;
#10285 = EDGE_CURVE ( 'NONE', #9877, #7551, #962, .T. ) ;
#10286 = LINE ( 'NONE', #10232, #1504 ) ;
#10287 = EDGE_CURVE ( 'NONE', #1787, #6705, #5560, .T. ) ;
#10288 = EDGE_CURVE ( 'NONE', #2843, #8720, #7707, .T. ) ;
#10289 = PLANE ( 'NONE',  #553 ) ;
#10290 = CARTESIAN_POINT ( 'NONE',  ( -8.073223683611651325, 4.373223670622857995, 0.000000000000000000 ) ) ;
#10291 = VECTOR ( 'NONE', #6471, 1000.000000000000227 ) ;
#10292 = CARTESIAN_POINT ( 'NONE',  ( 14.80000037677654134, 8.049999329402451664, 0.000000000000000000 ) ) ;
#10293 = CARTESIAN_POINT ( 'NONE',  ( 23.31999941821198519, -9.149997561888097763, 1000.000000000000000 ) ) ;
#10294 = DIRECTION ( 'NONE',  ( -0.000000000000000000, -0.000000000000000000, -1.000000000000000000 ) ) ;
#10295 = EDGE_CURVE ( 'NONE', #5698, #6522, #6093, .T. ) ;
#10296 = ORIENTED_EDGE ( 'NONE', *, *, #2849, .T. ) ;
#10297 = ORIENTED_EDGE ( 'NONE', *, *, #2733, .T. ) ;
#10298 = VERTEX_POINT ( 'NONE', #7765 ) ;
#10299 = EDGE_CURVE ( 'NONE', #11332, #576, #11215, .T. ) ;
#10300 = EDGE_LOOP ( 'NONE', ( #4071, #7366, #3077, #2102 ) ) ;
#10301 = VECTOR ( 'NONE', #11190, 1000.000000000000000 ) ;
#10302 = ORIENTED_EDGE ( 'NONE', *, *, #1196, .T. ) ;
#10303 = LINE ( 'NONE', #5881, #10464 ) ;
#10304 = EDGE_CURVE ( 'NONE', #847, #9659, #1781, .T. ) ;
#10305 = DIRECTION ( 'NONE',  ( -0.000000000000000000, -0.000000000000000000, -1.000000000000000000 ) ) ;
#10306 = ORIENTED_EDGE ( 'NONE', *, *, #8115, .T. ) ;
#10307 = FACE_OUTER_BOUND ( 'NONE', #2372, .T. ) ;
#10308 = EDGE_CURVE ( 'NONE', #2540, #7784, #8682, .T. ) ;
#10309 = LINE ( 'NONE', #5027, #7513 ) ;
#10310 = CIRCLE ( 'NONE', #5359, 0.2499999180770847151 ) ;
#10311 = DIRECTION ( 'NONE',  ( 1.000000000000000000, 0.000000000000000000, 0.000000000000000000 ) ) ;
#10312 = VERTEX_POINT ( 'NONE', #7006 ) ;
#10313 = CARTESIAN_POINT ( 'NONE',  ( -8.000000247135805154, -4.196446520686222925, 0.000000000000000000 ) ) ;
#10314 = VERTEX_POINT ( 'NONE', #6030 ) ;
#10315 = ORIENTED_EDGE ( 'NONE', *, *, #8904, .T. ) ;
#10316 = DIRECTION ( 'NONE',  ( -1.000000000000000000, 0.000000000000000000, 0.000000000000000000 ) ) ;
#10317 = AXIS2_PLACEMENT_3D ( 'NONE', #6880, #2461, #794 ) ;
#10318 = VECTOR ( 'NONE', #1272, 1000.000000000000000 ) ;
#10319 = EDGE_CURVE ( 'NONE', #7081, #7836, #11259, .T. ) ;
#10320 = DIRECTION ( 'NONE',  ( -1.000000000000000000, 0.000000000000000000, 0.000000000000000000 ) ) ;
#10321 = CARTESIAN_POINT ( 'NONE',  ( -3.999999911001639319, 0.3376953446985325735, 1000.000000000000000 ) ) ;
#10322 = CARTESIAN_POINT ( 'NONE',  ( 3.950000123395282170, -9.749999787236230731, 1000.000000000000000 ) ) ;
#10323 = ORIENTED_EDGE ( 'NONE', *, *, #4319, .T. ) ;
#10324 = CYLINDRICAL_SURFACE ( 'NONE', #873, 0.5999999098479646964 ) ;
#10325 = DIRECTION ( 'NONE',  ( 1.000000000000000000, 0.000000000000000000, 0.000000000000000000 ) ) ;
#10326 = FACE_OUTER_BOUND ( 'NONE', #11260, .T. ) ;
#10327 = AXIS2_PLACEMENT_3D ( 'NONE', #10424, #1689, #10311 ) ;
#10328 = EDGE_LOOP ( 'NONE', ( #7248, #1548, #7667, #8777 ) ) ;
#10329 = DIRECTION ( 'NONE',  ( -0.000000000000000000, 0.000000000000000000, -1.000000000000000000 ) ) ;
#10330 = VECTOR ( 'NONE', #8167, 1000.000000000000000 ) ;
#10331 = ORIENTED_EDGE ( 'NONE', *, *, #8417, .T. ) ;
#10332 = FACE_OUTER_BOUND ( 'NONE', #6325, .T. ) ;
#10333 = EDGE_CURVE ( 'NONE', #3782, #8028, #10405, .T. ) ;
#10334 = DIRECTION ( 'NONE',  ( 0.000000000000000000, 0.000000000000000000, 1.000000000000000000 ) ) ;
#10335 = CARTESIAN_POINT ( 'NONE',  ( 6.399999934160463866, 5.658578553586465887, 1000.000000000000000 ) ) ;
#10336 = VECTOR ( 'NONE', #8814, 1000.000000000000000 ) ;
#10337 = CIRCLE ( 'NONE', #247, 0.2499999532848927453 ) ;
#10338 = CARTESIAN_POINT ( 'NONE',  ( 7.000000241869461348, 7.999999960302581314, 1000.000000000000000 ) ) ;
#10339 = DIRECTION ( 'NONE',  ( 0.7808689439003803079, -0.6246948794826996387, -0.000000000000000000 ) ) ;
#10340 = CARTESIAN_POINT ( 'NONE',  ( 30.00000024436753776, 3.949998421455033881, 1000.000000000000000 ) ) ;
#10341 = DIRECTION ( 'NONE',  ( -0.000000000000000000, 1.000000000000000000, -0.000000000000000000 ) ) ;
#10342 = DIRECTION ( 'NONE',  ( -1.000000000000000000, 0.000000000000000000, 0.000000000000000000 ) ) ;
#10343 = ORIENTED_EDGE ( 'NONE', *, *, #3974, .F. ) ;
#10344 = AXIS2_PLACEMENT_3D ( 'NONE', #111, #2640, #9754 ) ;
#10345 = CIRCLE ( 'NONE', #3013, 0.5999999191612084282 ) ;
#10346 = ORIENTED_EDGE ( 'NONE', *, *, #11320, .T. ) ;
#10347 = CARTESIAN_POINT ( 'NONE',  ( 16.00000025197457987, -2.761522904833349390, 1000.000000000000000 ) ) ;
#10348 = DIRECTION ( 'NONE',  ( 0.000000000000000000, 0.000000000000000000, 1.000000000000000000 ) ) ;
#10349 = DIRECTION ( 'NONE',  ( 0.000000000000000000, 0.000000000000000000, 1.000000000000000000 ) ) ;
#10350 = AXIS2_PLACEMENT_3D ( 'NONE', #10499, #4294, #7807 ) ;
#10351 = LINE ( 'NONE', #1732, #4195 ) ;
#10352 = DIRECTION ( 'NONE',  ( 0.9999999999999993339, -3.939114465788600158E-08, 0.000000000000000000 ) ) ;
#10353 = LINE ( 'NONE', #9602, #8798 ) ;
#10354 = CARTESIAN_POINT ( 'NONE',  ( 3.393721882965473835, -0.8559508052926739774, 0.000000000000000000 ) ) ;
#10355 = EDGE_LOOP ( 'NONE', ( #7206, #1724, #9677, #9278 ) ) ;
#10356 = ORIENTED_EDGE ( 'NONE', *, *, #3843, .F. ) ;
#10357 = EDGE_LOOP ( 'NONE', ( #6042, #11227, #8642, #8150 ) ) ;
#10358 = ORIENTED_EDGE ( 'NONE', *, *, #4561, .T. ) ;
#10359 = EDGE_LOOP ( 'NONE', ( #6381, #10547, #2435, #520 ) ) ;
#10360 = DIRECTION ( 'NONE',  ( -0.000000000000000000, -0.000000000000000000, -1.000000000000000000 ) ) ;
#10361 = DIRECTION ( 'NONE',  ( -0.000000000000000000, -0.000000000000000000, -1.000000000000000000 ) ) ;
#10362 = ORIENTED_EDGE ( 'NONE', *, *, #6907, .F. ) ;
#10363 = ADVANCED_FACE ( 'NONE', ( #11275 ), #6946, .F. ) ;
#10364 = LINE ( 'NONE', #7027, #205 ) ;
#10365 = DIRECTION ( 'NONE',  ( -1.000000000000000000, 0.000000000000000000, 0.000000000000000000 ) ) ;
#10366 = VECTOR ( 'NONE', #5286, 1000.000000000000000 ) ;
#10367 = EDGE_CURVE ( 'NONE', #8341, #10522, #7767, .T. ) ;
#10368 = DIRECTION ( 'NONE',  ( 0.7071062905587414127, 0.7071072718140133384, -0.000000000000000000 ) ) ;
#10369 = EDGE_CURVE ( 'NONE', #6855, #4400, #2255, .T. ) ;
#10370 = CARTESIAN_POINT ( 'NONE',  ( 23.79999907959877348, 2.342460489468400908E-06, 1000.000000000000000 ) ) ;
#10371 = EDGE_CURVE ( 'NONE', #8635, #6684, #2072, .T. ) ;
#10372 = ORIENTED_EDGE ( 'NONE', *, *, #772, .T. ) ;
#10373 = LINE ( 'NONE', #5143, #916 ) ;
#10374 = EDGE_LOOP ( 'NONE', ( #7465, #7958, #4958, #7262 ) ) ;
#10375 = EDGE_LOOP ( 'NONE', ( #9685, #3964, #10585, #632 ) ) ;
#10376 = EDGE_CURVE ( 'NONE', #4860, #754, #861, .T. ) ;
#10377 = CIRCLE ( 'NONE', #4496, 0.6000003799796309600 ) ;
#10378 = LINE ( 'NONE', #2440, #6177 ) ;
#10379 = CARTESIAN_POINT ( 'NONE',  ( 20.61139343235189614, 2.424087059261047283, 0.000000000000000000 ) ) ;
#10380 = FACE_OUTER_BOUND ( 'NONE', #200, .T. ) ;
#10381 = VECTOR ( 'NONE', #11199, 1000.000000000000000 ) ;
#10382 = CARTESIAN_POINT ( 'NONE',  ( 28.29999769817652222, 4.703555819707591290, 0.000000000000000000 ) ) ;
#10383 = EDGE_LOOP ( 'NONE', ( #246, #8802, #8595, #2476 ) ) ;
#10384 = DIRECTION ( 'NONE',  ( 1.000000000000000000, 0.000000000000000000, 0.000000000000000000 ) ) ;
#10385 = FACE_OUTER_BOUND ( 'NONE', #7782, .T. ) ;
#10386 = CARTESIAN_POINT ( 'NONE',  ( 0.6113934323519336633, -2.424087059261049948, 1000.000000000000000 ) ) ;
#10387 = VERTEX_POINT ( 'NONE', #10347 ) ;
#10388 = DIRECTION ( 'NONE',  ( -0.000000000000000000, -0.000000000000000000, -1.000000000000000000 ) ) ;
#10389 = ORIENTED_EDGE ( 'NONE', *, *, #6107, .T. ) ;
#10390 = EDGE_CURVE ( 'NONE', #5187, #133, #4312, .T. ) ;
#10391 = ADVANCED_FACE ( 'NONE', ( #2526 ), #2468, .F. ) ;
#10392 = CARTESIAN_POINT ( 'NONE',  ( 23.69999941821214406, -9.749997629687992884, 0.000000000000000000 ) ) ;
#10393 = VECTOR ( 'NONE', #10271, 1000.000000000000000 ) ;
#10394 = CARTESIAN_POINT ( 'NONE',  ( 6.224264026549540141, 5.234314592515013409, 1000.000000000000000 ) ) ;
#10395 = DIRECTION ( 'NONE',  ( -1.000000000000000000, 0.000000000000000000, 0.000000000000000000 ) ) ;
#10396 = FACE_OUTER_BOUND ( 'NONE', #6679, .T. ) ;
#10397 = DIRECTION ( 'NONE',  ( 0.9999999999998616662, 5.260363325060191763E-07, 0.000000000000000000 ) ) ;
#10398 = PLANE ( 'NONE',  #8442 ) ;
#10399 = CYLINDRICAL_SURFACE ( 'NONE', #4101, 0.2499998882413527468 ) ;
#10400 = CIRCLE ( 'NONE', #1957, 0.2500000949949114926 ) ;
#10401 = CARTESIAN_POINT ( 'NONE',  ( 29.09999999999995879, 7.599999999999996092, 1000.000000000000000 ) ) ;
#10402 = ORIENTED_EDGE ( 'NONE', *, *, #11297, .T. ) ;
#10403 = VERTEX_POINT ( 'NONE', #3508 ) ;
#10404 = ORIENTED_EDGE ( 'NONE', *, *, #8823, .T. ) ;
#10405 = LINE ( 'NONE', #9703, #10513 ) ;
#10406 = VECTOR ( 'NONE', #6732, 1000.000000000000000 ) ;
#10407 = DIRECTION ( 'NONE',  ( -0.000000000000000000, -0.000000000000000000, -1.000000000000000000 ) ) ;
#10408 = LINE ( 'NONE', #7828, #8963 ) ;
#10409 = FACE_OUTER_BOUND ( 'NONE', #5680, .T. ) ;
#10410 = CYLINDRICAL_SURFACE ( 'NONE', #4392, 0.2499999351799489788 ) ;
#10411 = CARTESIAN_POINT ( 'NONE',  ( 20.61139343235189614, 2.424087059261047283, 1000.000000000000000 ) ) ;
#10412 = ORIENTED_EDGE ( 'NONE', *, *, #7278, .T. ) ;
#10413 = ORIENTED_EDGE ( 'NONE', *, *, #503, .T. ) ;
#10414 = EDGE_LOOP ( 'NONE', ( #3412, #3130, #4783, #5515 ) ) ;
#10415 = VERTEX_POINT ( 'NONE', #9478 ) ;
#10416 = VERTEX_POINT ( 'NONE', #5973 ) ;
#10417 = DIRECTION ( 'NONE',  ( 0.7071072718140336555, -0.7071062905587208736, 0.000000000000000000 ) ) ;
#10418 = VECTOR ( 'NONE', #508, 1000.000000000000000 ) ;
#10419 = DIRECTION ( 'NONE',  ( 1.000000000000000000, 0.000000000000000000, 0.000000000000000000 ) ) ;
#10420 = VERTEX_POINT ( 'NONE', #10463 ) ;
#10421 = VERTEX_POINT ( 'NONE', #5238 ) ;
#10422 = PLANE ( 'NONE',  #9830 ) ;
#10423 = FACE_OUTER_BOUND ( 'NONE', #10060, .T. ) ;
#10424 = CARTESIAN_POINT ( 'NONE',  ( 28.24999933220688320, -4.196444300152229800, 1000.000000000000000 ) ) ;
#10425 = CIRCLE ( 'NONE', #6934, 0.6000003799796309600 ) ;
#10426 = ORIENTED_EDGE ( 'NONE', *, *, #11216, .F. ) ;
#10427 = CARTESIAN_POINT ( 'NONE',  ( -9.750000414488168232, 3.700000235712694430, 1000.000000000000000 ) ) ;
#10428 = ORIENTED_EDGE ( 'NONE', *, *, #3834, .F. ) ;
#10429 = EDGE_CURVE ( 'NONE', #2785, #4651, #63, .T. ) ;
#10430 = ORIENTED_EDGE ( 'NONE', *, *, #1126, .T. ) ;
#10431 = PLANE ( 'NONE',  #3425 ) ;
#10432 = EDGE_CURVE ( 'NONE', #2830, #2736, #8736, .T. ) ;
#10433 = ADVANCED_FACE ( 'NONE', ( #352 ), #9133, .T. ) ;
#10434 = EDGE_CURVE ( 'NONE', #7387, #10700, #2621, .T. ) ;
#10435 = VECTOR ( 'NONE', #7098, 1000.000000000000000 ) ;
#10436 = CARTESIAN_POINT ( 'NONE',  ( 23.99999834547691080, 2.181625789213895494, 1000.000000000000000 ) ) ;
#10437 = DIRECTION ( 'NONE',  ( -9.861037438611865446E-07, -0.9999999999995137223, -0.000000000000000000 ) ) ;
#10438 = DIRECTION ( 'NONE',  ( -1.000000000000000000, 0.000000000000000000, 0.000000000000000000 ) ) ;
#10439 = ORIENTED_EDGE ( 'NONE', *, *, #700, .F. ) ;
#10440 = CARTESIAN_POINT ( 'NONE',  ( 14.79999950239931827, -6.604161884127046633, 1000.000000000000000 ) ) ;
#10441 = CARTESIAN_POINT ( 'NONE',  ( 24.58578566581877567, -3.595834345731796500, 1000.000000000000000 ) ) ;
#10442 = DIRECTION ( 'NONE',  ( 0.000000000000000000, -0.000000000000000000, -1.000000000000000000 ) ) ;
#10443 = ORIENTED_EDGE ( 'NONE', *, *, #700, .T. ) ;
#10444 = DIRECTION ( 'NONE',  ( -1.000000000000000000, 0.000000000000000000, 0.000000000000000000 ) ) ;
#10445 = VERTEX_POINT ( 'NONE', #9762 ) ;
#10446 = AXIS2_PLACEMENT_3D ( 'NONE', #7910, #3538, #7041 ) ;
#10447 = EDGE_CURVE ( 'NONE', #9005, #4918, #5919, .T. ) ;
#10448 = DIRECTION ( 'NONE',  ( -1.000000000000000000, 0.000000000000000000, 0.000000000000000000 ) ) ;
#10449 = EDGE_CURVE ( 'NONE', #9031, #2829, #2069, .T. ) ;
#10450 = CARTESIAN_POINT ( 'NONE',  ( 26.60416040461126386, 5.200002606438131281, 1000.000000000000000 ) ) ;
#10451 = LINE ( 'NONE', #2580, #1652 ) ;
#10452 = EDGE_CURVE ( 'NONE', #11230, #1039, #9020, .T. ) ;
#10453 = VECTOR ( 'NONE', #4692, 1000.000000000000000 ) ;
#10454 = DIRECTION ( 'NONE',  ( 0.7071067422666980073, -0.7071068201063949177, 0.000000000000000000 ) ) ;
#10455 = CARTESIAN_POINT ( 'NONE',  ( 26.60416040461126386, 5.200002606438131281, 1000.000000000000000 ) ) ;
#10456 = DIRECTION ( 'NONE',  ( 1.000000000000000000, 0.000000000000000000, 0.000000000000000000 ) ) ;
#10457 = DIRECTION ( 'NONE',  ( 1.000000000000000000, 0.000000000000000000, 0.000000000000000000 ) ) ;
#10458 = ORIENTED_EDGE ( 'NONE', *, *, #9525, .T. ) ;
#10459 = VERTEX_POINT ( 'NONE', #235 ) ;
#10460 = EDGE_LOOP ( 'NONE', ( #8535, #9029, #8003, #3031 ) ) ;
#10461 = AXIS2_PLACEMENT_3D ( 'NONE', #2300, #2348, #10175 ) ;
#10462 = AXIS2_PLACEMENT_3D ( 'NONE', #5320, #8821, #945 ) ;
#10463 = CARTESIAN_POINT ( 'NONE',  ( -4.703553616209346977, 8.299999915743732970, 1000.000000000000000 ) ) ;
#10464 = VECTOR ( 'NONE', #1563, 1000.000000000000000 ) ;
#10465 = PRODUCT_CONTEXT ( 'NONE', #10600, 'mechanical' ) ;
#10466 = LINE ( 'NONE', #7770, #4591 ) ;
#10467 = DIRECTION ( 'NONE',  ( -0.000000000000000000, -0.000000000000000000, -1.000000000000000000 ) ) ;
#10468 = EDGE_CURVE ( 'NONE', #1229, #3294, #10143, .T. ) ;
#10469 = PLANE ( 'NONE',  #9018 ) ;
#10470 = VECTOR ( 'NONE', #2872, 1000.000000000000000 ) ;
#10471 = FACE_OUTER_BOUND ( 'NONE', #10120, .T. ) ;
#10472 = CIRCLE ( 'NONE', #9359, 1.500000000000001332 ) ;
#10473 = AXIS2_PLACEMENT_3D ( 'NONE', #7085, #9722, #3525 ) ;
#10474 = CARTESIAN_POINT ( 'NONE',  ( 16.29999987042587506, 9.749999694558225016, 0.000000000000000000 ) ) ;
#10475 = ORIENTED_EDGE ( 'NONE', *, *, #8412, .T. ) ;
#10476 = VERTEX_POINT ( 'NONE', #2934 ) ;
#10477 = ORIENTED_EDGE ( 'NONE', *, *, #8617, .F. ) ;
#10478 = VERTEX_POINT ( 'NONE', #7296 ) ;
#10479 = VERTEX_POINT ( 'NONE', #296 ) ;
#10480 = FACE_OUTER_BOUND ( 'NONE', #9464, .T. ) ;
#10481 = LINE ( 'NONE', #5257, #8331 ) ;
#10482 = ORIENTED_EDGE ( 'NONE', *, *, #6642, .T. ) ;
#10483 = CIRCLE ( 'NONE', #5527, 0.9999999999999974465 ) ;
#10484 = CARTESIAN_POINT ( 'NONE',  ( 19.81847834912613138, -3.945215338599275423, 0.000000000000000000 ) ) ;
#10485 = CARTESIAN_POINT ( 'NONE',  ( -5.200000160796018456, 6.604162906957935952, 1000.000000000000000 ) ) ;
#10486 = CARTESIAN_POINT ( 'NONE',  ( 24.58578507738358354, 3.595839530616790292, 1000.000000000000000 ) ) ;
#10487 = DIRECTION ( 'NONE',  ( 0.000000000000000000, 0.000000000000000000, 1.000000000000000000 ) ) ;
#10488 = ORIENTED_EDGE ( 'NONE', *, *, #1793, .F. ) ;
#10489 = DIRECTION ( 'NONE',  ( 1.000000000000000000, 0.000000000000000000, 0.000000000000000000 ) ) ;
#10490 = EDGE_LOOP ( 'NONE', ( #7625, #11107, #7321, #2789 ) ) ;
#10491 = AXIS2_PLACEMENT_3D ( 'NONE', #4787, #2953, #3873 ) ;
#10492 = ORIENTED_EDGE ( 'NONE', *, *, #10620, .F. ) ;
#10493 = CARTESIAN_POINT ( 'NONE',  ( -4.703553374060774672, -8.299999808857622341, 1000.000000000000000 ) ) ;
#10494 = CARTESIAN_POINT ( 'NONE',  ( 0.3376954189101416537, -3.999999972434276074, 0.000000000000000000 ) ) ;
#10495 = VECTOR ( 'NONE', #10932, 1000.000000000000000 ) ;
#10496 = CARTESIAN_POINT ( 'NONE',  ( 17.57591294073892740, 0.6113934323519233383, 1000.000000000000000 ) ) ;
#10497 = LINE ( 'NONE', #6127, #3359 ) ;
#10498 = VERTEX_POINT ( 'NONE', #10809 ) ;
#10499 = CARTESIAN_POINT ( 'NONE',  ( 25.99999915443486387, -2.181620857115679435, 1000.000000000000000 ) ) ;
#10500 = FACE_OUTER_BOUND ( 'NONE', #3643, .T. ) ;
#10501 = ORIENTED_EDGE ( 'NONE', *, *, #2673, .T. ) ;
#10503 = EDGE_CURVE ( 'NONE', #6468, #11140, #968, .T. ) ;
#10502 = CARTESIAN_POINT ( 'NONE',  ( 24.52677705425439214, 8.226775795496592991, 1000.000000000000000 ) ) ;
#10504 = ORIENTED_EDGE ( 'NONE', *, *, #5746, .T. ) ;
#10505 = ADVANCED_FACE ( 'NONE', ( #3675 ), #5574, .F. ) ;
#10506 = DIRECTION ( 'NONE',  ( -0.000000000000000000, -0.000000000000000000, -1.000000000000000000 ) ) ;
#10507 = AXIS2_PLACEMENT_3D ( 'NONE', #6045, #8752, #9554 ) ;
#10508 = CARTESIAN_POINT ( 'NONE',  ( -8.050000327467651928, 5.200000111050748330, 0.000000000000000000 ) ) ;
#10509 = EDGE_CURVE ( 'NONE', #1225, #8175, #6484, .T. ) ;
#10510 = CIRCLE ( 'NONE', #1511, 1.000000000000000888 ) ;
#10511 = CARTESIAN_POINT ( 'NONE',  ( 6.999999982964314249, -8.600000054410777750, 1000.000000000000000 ) ) ;
#10512 = EDGE_CURVE ( 'NONE', #3230, #10421, #1884, .T. ) ;
#10513 = VECTOR ( 'NONE', #7877, 1000.000000000000000 ) ;
#10514 = DIRECTION ( 'NONE',  ( -1.000000000000000000, 0.000000000000000000, 0.000000000000000000 ) ) ;
#10515 = CARTESIAN_POINT ( 'NONE',  ( -3.070000167687801707, 9.150000055594867732, 1000.000000000000000 ) ) ;
#10516 = LINE ( 'NONE', #5113, #5153 ) ;
#10517 = EDGE_CURVE ( 'NONE', #381, #3292, #237, .T. ) ;
#10519 = EDGE_CURVE ( 'NONE', #3767, #3994, #6258, .T. ) ;
#10518 = CARTESIAN_POINT ( 'NONE',  ( 28.24999968900306158, -3.319997690745660091, 1000.000000000000000 ) ) ;
#10520 = ORIENTED_EDGE ( 'NONE', *, *, #9681, .F. ) ;
#10521 = ORIENTED_EDGE ( 'NONE', *, *, #7270, .F. ) ;
#10522 = VERTEX_POINT ( 'NONE', #9880 ) ;
#10523 = EDGE_CURVE ( 'NONE', #2166, #9621, #3537, .T. ) ;
#10524 = DIRECTION ( 'NONE',  ( 1.000000000000000000, 0.000000000000000000, 0.000000000000000000 ) ) ;
#10525 = CIRCLE ( 'NONE', #4286, 0.2499999114916155729 ) ;
#10526 = PLANE ( 'NONE',  #1465 ) ;
#10527 = DIRECTION ( 'NONE',  ( 1.030353595837683983E-07, -0.9999999999999946709, -0.000000000000000000 ) ) ;
#10528 = FACE_OUTER_BOUND ( 'NONE', #534, .T. ) ;
#10529 = FACE_OUTER_BOUND ( 'NONE', #7834, .T. ) ;
#10530 = CIRCLE ( 'NONE', #6665, 0.2500000163913711493 ) ;
#10531 = DIRECTION ( 'NONE',  ( -0.000000000000000000, -0.000000000000000000, -1.000000000000000000 ) ) ;
#10532 = VECTOR ( 'NONE', #3296, 1000.000000000000000 ) ;
#10533 = ORIENTED_EDGE ( 'NONE', *, *, #7057, .F. ) ;
#10534 = ORIENTED_EDGE ( 'NONE', *, *, #6861, .T. ) ;
#10535 = ORIENTED_EDGE ( 'NONE', *, *, #3218, .T. ) ;
#10536 = VERTEX_POINT ( 'NONE', #10692 ) ;
#10537 = EDGE_CURVE ( 'NONE', #6492, #8014, #2819, .T. ) ;
#10538 = EDGE_LOOP ( 'NONE', ( #4039, #3447, #7890, #5771 ) ) ;
#10539 = DIRECTION ( 'NONE',  ( 1.000000000000000000, 0.000000000000000000, 0.000000000000000000 ) ) ;
#10540 = CARTESIAN_POINT ( 'NONE',  ( 28.24999683168492837, 3.070002611706798668, 1000.000000000000000 ) ) ;
#10541 = VECTOR ( 'NONE', #9573, 1000.000000000000000 ) ;
#10542 = ORIENTED_EDGE ( 'NONE', *, *, #7124, .F. ) ;
#10543 = LINE ( 'NONE', #2666, #3682 ) ;
#10544 = DIRECTION ( 'NONE',  ( -0.000000000000000000, -0.000000000000000000, -1.000000000000000000 ) ) ;
#10545 = DIRECTION ( 'NONE',  ( 0.000000000000000000, 0.000000000000000000, 1.000000000000000000 ) ) ;
#10546 = DIRECTION ( 'NONE',  ( -0.000000000000000000, -0.000000000000000000, -1.000000000000000000 ) ) ;
#10547 = ORIENTED_EDGE ( 'NONE', *, *, #336, .F. ) ;
#10548 = VERTEX_POINT ( 'NONE', #1953 ) ;
#10549 = ORIENTED_EDGE ( 'NONE', *, *, #10667, .F. ) ;
#10550 = CARTESIAN_POINT ( 'NONE',  ( 3.595837038065416547, -4.585786137746946878, 0.000000000000000000 ) ) ;
#10551 = DIRECTION ( 'NONE',  ( 1.000000000000000000, 0.000000000000000000, 0.000000000000000000 ) ) ;
#10552 = VECTOR ( 'NONE', #1384, 1000.000000000000000 ) ;
#10553 = ORIENTED_EDGE ( 'NONE', *, *, #6430, .F. ) ;
#10554 = CYLINDRICAL_SURFACE ( 'NONE', #2916, 0.7999999999999960476 ) ;
#10555 = FACE_OUTER_BOUND ( 'NONE', #2656, .T. ) ;
#10556 = ORIENTED_EDGE ( 'NONE', *, *, #6021, .F. ) ;
#10557 = CARTESIAN_POINT ( 'NONE',  ( 24.95000031312306987, 8.299999210854373644, 0.000000000000000000 ) ) ;
#10558 = DIRECTION ( 'NONE',  ( -0.7071073198482933364, -0.7071062425243913596, 0.000000000000000000 ) ) ;
#10559 = VERTEX_POINT ( 'NONE', #5462 ) ;
#10560 = CIRCLE ( 'NONE', #5607, 0.9999999999999974465 ) ;
#10561 = CARTESIAN_POINT ( 'NONE',  ( -0.3376952213033496131, -3.749999889520322149, 1000.000000000000000 ) ) ;
#10562 = EDGE_LOOP ( 'NONE', ( #1753, #3483, #6925, #1097 ) ) ;
#10563 = CARTESIAN_POINT ( 'NONE',  ( 0.6113934323519336633, -2.424087059261049948, 0.000000000000000000 ) ) ;
#10564 = CIRCLE ( 'NONE', #6341, 0.2499998100103061061 ) ;
#10565 = CARTESIAN_POINT ( 'NONE',  ( 6.399999934160463866, 5.658578553586465887, 1000.000000000000000 ) ) ;
#10566 = DIRECTION ( 'NONE',  ( -0.7071068201063949177, -0.7071067422666980073, 0.000000000000000000 ) ) ;
#10567 = LINE ( 'NONE', #9753, #3085 ) ;
#10568 = DIRECTION ( 'NONE',  ( -0.000000000000000000, -0.000000000000000000, -1.000000000000000000 ) ) ;
#10569 = DIRECTION ( 'NONE',  ( 0.5546995516021784312, 0.8320507240861835241, -0.000000000000000000 ) ) ;
#10570 = DIRECTION ( 'NONE',  ( 1.000000000000000000, 0.000000000000000000, 0.000000000000000000 ) ) ;
#10571 = EDGE_LOOP ( 'NONE', ( #9557, #3145, #3033, #3810 ) ) ;
#10572 = AXIS2_PLACEMENT_3D ( 'NONE', #8206, #5728, #9065 ) ;
#10573 = EDGE_LOOP ( 'NONE', ( #4778, #10803, #10928, #4027 ) ) ;
#10574 = ADVANCED_FACE ( 'NONE', ( #8959 ), #1082, .F. ) ;
#10575 = CARTESIAN_POINT ( 'NONE',  ( 25.19999940546320616, -6.604160702481292944, 1000.000000000000000 ) ) ;
#10576 = EDGE_CURVE ( 'NONE', #9502, #143, #9222, .T. ) ;
#10577 = EDGE_CURVE ( 'NONE', #5797, #9103, #7416, .T. ) ;
#10578 = ADVANCED_FACE ( 'NONE', ( #6542 ), #8330, .F. ) ;
#10579 = DIRECTION ( 'NONE',  ( 0.9999999999999885647, -1.518812939936218052E-07, -0.000000000000000000 ) ) ;
#10580 = CARTESIAN_POINT ( 'NONE',  ( -3.070000157915177219, -9.150000448115063634, 1000.000000000000000 ) ) ;
#10581 = CIRCLE ( 'NONE', #10030, 0.2499999994412410165 ) ;
#10582 = DIRECTION ( 'NONE',  ( -0.000000000000000000, -0.000000000000000000, -1.000000000000000000 ) ) ;
#10583 = CARTESIAN_POINT ( 'NONE',  ( -9.999999999999998224, -8.499999999999992895, 0.000000000000000000 ) ) ;
#10584 = DIRECTION ( 'NONE',  ( 1.000000000000000000, 0.000000000000000000, -0.000000000000000000 ) ) ;
#10585 = ORIENTED_EDGE ( 'NONE', *, *, #3703, .T. ) ;
#10586 = ORIENTED_EDGE ( 'NONE', *, *, #7561, .F. ) ;
#10587 = ORIENTED_EDGE ( 'NONE', *, *, #837, .T. ) ;
#10588 = ORIENTED_EDGE ( 'NONE', *, *, #3092, .F. ) ;
#10589 = VERTEX_POINT ( 'NONE', #4018 ) ;
#10590 = AXIS2_PLACEMENT_3D ( 'NONE', #9905, #2212, #8192 ) ;
#10591 = DIRECTION ( 'NONE',  ( -0.000000000000000000, -0.000000000000000000, -1.000000000000000000 ) ) ;
#10592 = LINE ( 'NONE', #1797, #3932 ) ;
#10593 = EDGE_LOOP ( 'NONE', ( #6383, #4147, #3851, #7841 ) ) ;
#10594 = DIRECTION ( 'NONE',  ( -5.260373377776348420E-07, 0.9999999999998616662, -0.000000000000000000 ) ) ;
#10595 = FACE_OUTER_BOUND ( 'NONE', #6089, .T. ) ;
#10596 = PLANE ( 'NONE',  #6758 ) ;
#10597 = EDGE_CURVE ( 'NONE', #4905, #4217, #7471, .T. ) ;
#10598 = EDGE_CURVE ( 'NONE', #79, #10239, #3966, .T. ) ;
#10599 = DIRECTION ( 'NONE',  ( 0.9999999999999946709, 1.030354193407589000E-07, 0.000000000000000000 ) ) ;
#10600 = APPLICATION_CONTEXT ( 'automotive_design' ) ;
#10601 = VERTEX_POINT ( 'NONE', #6599 ) ;
#10602 = ORIENTED_EDGE ( 'NONE', *, *, #5606, .F. ) ;
#10603 = CIRCLE ( 'NONE', #5644, 0.2499998100102046317 ) ;
#10604 = ORIENTED_EDGE ( 'NONE', *, *, #1512, .T. ) ;
#10605 = CARTESIAN_POINT ( 'NONE',  ( 0.000000000000000000, 0.000000000000000000, 1000.000000000000000 ) ) ;
#10606 = DIRECTION ( 'NONE',  ( -0.000000000000000000, -0.000000000000000000, -1.000000000000000000 ) ) ;
#10607 = EDGE_CURVE ( 'NONE', #2208, #9832, #1699, .T. ) ;
#10608 = AXIS2_PLACEMENT_3D ( 'NONE', #1968, #253, #1910 ) ;
#10609 = DIRECTION ( 'NONE',  ( -0.000000000000000000, -0.000000000000000000, -1.000000000000000000 ) ) ;
#10610 = ADVANCED_FACE ( 'NONE', ( #10111 ), #8387, .F. ) ;
#10611 = CARTESIAN_POINT ( 'NONE',  ( 4.175736093454514020, -3.185786370455370609, 1000.000000000000000 ) ) ;
#10612 = ORIENTED_EDGE ( 'NONE', *, *, #11363, .T. ) ;
#10613 = CARTESIAN_POINT ( 'NONE',  ( 15.80355362147843579, 8.249999388488360452, 1000.000000000000000 ) ) ;
#10614 = LINE ( 'NONE', #3717, #4600 ) ;
#10615 = ORIENTED_EDGE ( 'NONE', *, *, #9473, .T. ) ;
#10616 = CARTESIAN_POINT ( 'NONE',  ( 27.59999999999997300, -7.600000000000009415, 1000.000000000000000 ) ) ;
#10617 = VERTEX_POINT ( 'NONE', #8440 ) ;
#10618 = DIRECTION ( 'NONE',  ( -0.000000000000000000, -1.000000000000000000, -0.000000000000000000 ) ) ;
#10619 = CIRCLE ( 'NONE', #7870, 1.000000016391309421 ) ;
#10620 = EDGE_CURVE ( 'NONE', #7716, #9502, #3174, .T. ) ;
#10621 = DIRECTION ( 'NONE',  ( 0.000000000000000000, 0.000000000000000000, 1.000000000000000000 ) ) ;
#10622 = DIRECTION ( 'NONE',  ( -0.000000000000000000, -0.000000000000000000, -1.000000000000000000 ) ) ;
#10623 = CIRCLE ( 'NONE', #7318, 0.9999999999999940048 ) ;
#10624 = CARTESIAN_POINT ( 'NONE',  ( 19.38860656764808255, -2.424087059261063271, 1000.000000000000000 ) ) ;
#10625 = DIRECTION ( 'NONE',  ( 0.9999999999999059641, -4.335455880471362164E-07, -0.000000000000000000 ) ) ;
#10626 = ORIENTED_EDGE ( 'NONE', *, *, #4903, .F. ) ;
#10627 = DIRECTION ( 'NONE',  ( 0.000000000000000000, 0.000000000000000000, 1.000000000000000000 ) ) ;
#10628 = ORIENTED_EDGE ( 'NONE', *, *, #5661, .T. ) ;
#10629 = ORIENTED_EDGE ( 'NONE', *, *, #3522, .T. ) ;
#10630 = CARTESIAN_POINT ( 'NONE',  ( 13.00000024186937608, 8.599999976544870250, 1000.000000000000000 ) ) ;
#10631 = CIRCLE ( 'NONE', #900, 0.9999999999999870104 ) ;
#10632 = CARTESIAN_POINT ( 'NONE',  ( 24.37322436406087789, 8.073222854963562511, 1000.000000000000000 ) ) ;
#10633 = DIRECTION ( 'NONE',  ( -0.000000000000000000, -0.000000000000000000, -1.000000000000000000 ) ) ;
#10634 = DIRECTION ( 'NONE',  ( -0.9999999999999059641, 4.335455880471362164E-07, 0.000000000000000000 ) ) ;
#10635 = CARTESIAN_POINT ( 'NONE',  ( 7.000000457936243592, 8.600000106333938632, 1000.000000000000000 ) ) ;
#10636 = LINE ( 'NONE', #242, #1194 ) ;
#10637 = VECTOR ( 'NONE', #11062, 1000.000000000000000 ) ;
#10638 = ORIENTED_EDGE ( 'NONE', *, *, #10935, .F. ) ;
#10639 = ORIENTED_EDGE ( 'NONE', *, *, #332, .T. ) ;
#10640 = EDGE_CURVE ( 'NONE', #9621, #1624, #11044, .T. ) ;
#10641 = VECTOR ( 'NONE', #3089, 1000.000000000000000 ) ;
#10642 = EDGE_LOOP ( 'NONE', ( #8297, #7237, #7117, #1892 ) ) ;
#10643 = EDGE_CURVE ( 'NONE', #711, #6172, #10221, .T. ) ;
#10644 = ORIENTED_EDGE ( 'NONE', *, *, #7864, .F. ) ;
#10645 = EDGE_CURVE ( 'NONE', #4944, #9419, #6655, .T. ) ;
#10646 = VERTEX_POINT ( 'NONE', #5800 ) ;
#10647 = LINE ( 'NONE', #2606, #8367 ) ;
#10648 = DIRECTION ( 'NONE',  ( -0.7071065689968591972, -0.7071069933761721105, 0.000000000000000000 ) ) ;
#10649 = AXIS2_PLACEMENT_3D ( 'NONE', #6606, #11050, #5635 ) ;
#10650 = DIRECTION ( 'NONE',  ( 1.000000000000000000, 0.000000000000000000, 0.000000000000000000 ) ) ;
#10651 = VECTOR ( 'NONE', #6936, 1000.000000000000000 ) ;
#10652 = CARTESIAN_POINT ( 'NONE',  ( 13.60000033202135050, 8.000000266372319757, 1000.000000000000000 ) ) ;
#10653 = CIRCLE ( 'NONE', #11031, 0.2499999351801545644 ) ;
#10654 = EDGE_CURVE ( 'NONE', #4890, #10985, #2294, .T. ) ;
#10655 = DIRECTION ( 'NONE',  ( -1.000000000000000000, 0.000000000000000000, 0.000000000000000000 ) ) ;
#10656 = CARTESIAN_POINT ( 'NONE',  ( 10.23701884256109729, 9.958012379901335365, 1000.000000000000000 ) ) ;
#10657 = EDGE_CURVE ( 'NONE', #182, #6538, #10337, .T. ) ;
#10658 = CARTESIAN_POINT ( 'NONE',  ( 3.393721882965473835, 0.8559508052926600996, 1000.000000000000000 ) ) ;
#10659 = ORIENTED_EDGE ( 'NONE', *, *, #5823, .T. ) ;
#10660 = ORIENTED_EDGE ( 'NONE', *, *, #8822, .F. ) ;
#10661 = ADVANCED_FACE ( 'NONE', ( #3220 ), #6708, .F. ) ;
#10662 = AXIS2_PLACEMENT_3D ( 'NONE', #6413, #3727, #10796 ) ;
#10663 = DIRECTION ( 'NONE',  ( -0.000000000000000000, -0.000000000000000000, -1.000000000000000000 ) ) ;
#10664 = AXIS2_PLACEMENT_3D ( 'NONE', #8843, #1888, #8901 ) ;
#10665 = DIRECTION ( 'NONE',  ( -0.000000000000000000, -0.000000000000000000, -1.000000000000000000 ) ) ;
#10666 = DIRECTION ( 'NONE',  ( 1.000000000000000000, 0.000000000000000000, 0.000000000000000000 ) ) ;
#10667 = EDGE_CURVE ( 'NONE', #7876, #7208, #1485, .T. ) ;
#10668 = ORIENTED_EDGE ( 'NONE', *, *, #1510, .F. ) ;
#10669 = CARTESIAN_POINT ( 'NONE',  ( 6.400000095838062286, 7.999999960302581314, 1000.000000000000000 ) ) ;
#10670 = AXIS2_PLACEMENT_3D ( 'NONE', #10186, #2310, #1440 ) ;
#10671 = DIRECTION ( 'NONE',  ( -1.000000000000000000, 0.000000000000000000, 0.000000000000000000 ) ) ;
#10672 = ORIENTED_EDGE ( 'NONE', *, *, #9760, .T. ) ;
#10673 = LINE ( 'NONE', #276, #2834 ) ;
#10674 = CARTESIAN_POINT ( 'NONE',  ( -4.949999980577608483, -8.299999938497746754, 1000.000000000000000 ) ) ;
#10675 = VERTEX_POINT ( 'NONE', #8501 ) ;
#10676 = CARTESIAN_POINT ( 'NONE',  ( 15.82426411082386863, 3.185786278619581857, 1000.000000000000000 ) ) ;
#10677 = ORIENTED_EDGE ( 'NONE', *, *, #6992, .T. ) ;
#10678 = DIRECTION ( 'NONE',  ( 1.030353624409846740E-07, -0.9999999999999947820, 0.000000000000000000 ) ) ;
#10679 = VECTOR ( 'NONE', #1167, 1000.000000000000114 ) ;
#10680 = EDGE_CURVE ( 'NONE', #644, #4677, #5387, .T. ) ;
#10681 = CYLINDRICAL_SURFACE ( 'NONE', #10662, 2.499999999999988454 ) ;
#10682 = DIRECTION ( 'NONE',  ( -0.9999999999999059641, 4.335456038812783825E-07, -0.000000000000000000 ) ) ;
#10683 = FACE_BOUND ( 'NONE', #2942, .T. ) ;
#10684 = DIRECTION ( 'NONE',  ( 1.000000000000000000, 0.000000000000000000, 0.000000000000000000 ) ) ;
#10685 = FILL_AREA_STYLE_COLOUR ( '', #14 ) ;
#10686 = EDGE_LOOP ( 'NONE', ( #4421, #5810, #9153, #5419 ) ) ;
#10687 = AXIS2_PLACEMENT_3D ( 'NONE', #9024, #9828, #10696 ) ;
#10688 = CARTESIAN_POINT ( 'NONE',  ( 20.85595080529266454, -3.393721882965480940, 1000.000000000000000 ) ) ;
#10689 = AXIS2_PLACEMENT_3D ( 'NONE', #3006, #2891, #10943 ) ;
#10690 = EDGE_LOOP ( 'NONE', ( #9433, #10995, #7623, #1975 ) ) ;
#10691 = VERTEX_POINT ( 'NONE', #460 ) ;
#10692 = CARTESIAN_POINT ( 'NONE',  ( -8.073223496192357018, -4.373223302086835851, 0.000000000000000000 ) ) ;
#10693 = PRESENTATION_LAYER_ASSIGNMENT (  '', '', ( #3750 ) ) ;
#10694 = CARTESIAN_POINT ( 'NONE',  ( 28.49999930645356727, -9.999997741446296828, 1000.000000000000000 ) ) ;
#10695 = CARTESIAN_POINT ( 'NONE',  ( 16.40416236450338516, -4.585785185391127783, 1000.000000000000000 ) ) ;
#10696 = DIRECTION ( 'NONE',  ( 1.000000000000000000, 0.000000000000000000, 0.000000000000000000 ) ) ;
#10697 = CARTESIAN_POINT ( 'NONE',  ( -8.000000450027425103, 3.319999992898295282, 1000.000000000000000 ) ) ;
#10698 = CARTESIAN_POINT ( 'NONE',  ( 23.39372188296547250, -0.8559508052926739774, 1000.000000000000000 ) ) ;
#10699 = VERTEX_POINT ( 'NONE', #4126 ) ;
#10700 = VERTEX_POINT ( 'NONE', #1260 ) ;
#10701 = VECTOR ( 'NONE', #5041, 1000.000000000000227 ) ;
#10702 = ORIENTED_EDGE ( 'NONE', *, *, #10824, .T. ) ;
#10703 = VECTOR ( 'NONE', #10902, 1000.000000000000000 ) ;
#10704 = ORIENTED_EDGE ( 'NONE', *, *, #7097, .F. ) ;
#10705 = ORIENTED_EDGE ( 'NONE', *, *, #9440, .F. ) ;
#10706 = LINE ( 'NONE', #4550, #6821 ) ;
#10707 = CARTESIAN_POINT ( 'NONE',  ( -8.250000260037616329, 3.070000281310326429, 0.000000000000000000 ) ) ;
#10708 = CIRCLE ( 'NONE', #3739, 0.5999999098479646964 ) ;
#10709 = PLANE ( 'NONE',  #3827 ) ;
#10710 = DIRECTION ( 'NONE',  ( 0.000000000000000000, 0.000000000000000000, 1.000000000000000000 ) ) ;
#10711 = VECTOR ( 'NONE', #7211, 1000.000000000000000 ) ;
#10712 = LINE ( 'NONE', #4616, #6765 ) ;
#10713 = PLANE ( 'NONE',  #6296 ) ;
#10714 = DIRECTION ( 'NONE',  ( -5.260363835888214905E-07, 0.9999999999998616662, 0.000000000000000000 ) ) ;
#10715 = ORIENTED_EDGE ( 'NONE', *, *, #6642, .F. ) ;
#10716 = ORIENTED_EDGE ( 'NONE', *, *, #8116, .F. ) ;
#10717 = ORIENTED_EDGE ( 'NONE', *, *, #9307, .T. ) ;
#10718 = VECTOR ( 'NONE', #9126, 1000.000000000000000 ) ;
#10719 = DIRECTION ( 'NONE',  ( -1.000000000000000000, 0.000000000000000000, 0.000000000000000000 ) ) ;
#10720 = CARTESIAN_POINT ( 'NONE',  ( 22.18162259482446430, -5.999997902175799425, 1000.000000000000000 ) ) ;
#10721 = AXIS2_PLACEMENT_3D ( 'NONE', #5987, #10139, #10249 ) ;
#10722 = EDGE_CURVE ( 'NONE', #10478, #753, #4767, .T. ) ;
#10723 = CARTESIAN_POINT ( 'NONE',  ( 16.30000012076539306, 9.399999558957663481, 1000.000000000000000 ) ) ;
#10724 = ORIENTED_EDGE ( 'NONE', *, *, #1043, .T. ) ;
#10725 = EDGE_CURVE ( 'NONE', #6677, #3953, #441, .T. ) ;
#10726 = EDGE_CURVE ( 'NONE', #10646, #5630, #3003, .T. ) ;
#10727 = EDGE_CURVE ( 'NONE', #7170, #7047, #9412, .T. ) ;
#10728 = DIRECTION ( 'NONE',  ( -0.9999999999998616662, -5.260382408867367024E-07, 0.000000000000000000 ) ) ;
#10729 = FACE_OUTER_BOUND ( 'NONE', #1740, .T. ) ;
#10730 = ORIENTED_EDGE ( 'NONE', *, *, #7137, .F. ) ;
#10731 = DIRECTION ( 'NONE',  ( -0.000000000000000000, -0.000000000000000000, -1.000000000000000000 ) ) ;
#10732 = FACE_OUTER_BOUND ( 'NONE', #11186, .T. ) ;
#10733 = ORIENTED_EDGE ( 'NONE', *, *, #7582, .F. ) ;
#10734 = DIRECTION ( 'NONE',  ( 1.000000000000000000, 0.000000000000000000, 0.000000000000000000 ) ) ;
#10735 = ORIENTED_EDGE ( 'NONE', *, *, #2498, .F. ) ;
#10736 = VERTEX_POINT ( 'NONE', #10450 ) ;
#10737 = AXIS2_PLACEMENT_3D ( 'NONE', #10354, #4320, #8797 ) ;
#10738 = DIRECTION ( 'NONE',  ( -0.000000000000000000, -0.000000000000000000, -1.000000000000000000 ) ) ;
#10739 = ORIENTED_EDGE ( 'NONE', *, *, #5859, .F. ) ;
#10740 = DIRECTION ( 'NONE',  ( -1.000000000000000000, 0.000000000000000000, 0.000000000000000000 ) ) ;
#10741 = AXIS2_PLACEMENT_3D ( 'NONE', #3624, #8969, #2077 ) ;
#10742 = CARTESIAN_POINT ( 'NONE',  ( -0.6113934323518979141, 2.424087059261054389, 1000.000000000000000 ) ) ;
#10743 = ORIENTED_EDGE ( 'NONE', *, *, #9393, .T. ) ;
#10744 = CARTESIAN_POINT ( 'NONE',  ( 28.29999908276779408, -4.949997762860674833, 0.000000000000000000 ) ) ;
#10745 = EDGE_CURVE ( 'NONE', #1722, #132, #1710, .T. ) ;
#10746 = DIRECTION ( 'NONE',  ( -0.000000000000000000, -0.000000000000000000, -1.000000000000000000 ) ) ;
#10747 = LINE ( 'NONE', #9872, #6619 ) ;
#10748 = ORIENTED_EDGE ( 'NONE', *, *, #4480, .T. ) ;
#10749 = EDGE_CURVE ( 'NONE', #5761, #10479, #148, .T. ) ;
#10750 = CARTESIAN_POINT ( 'NONE',  ( 19.66230507519518866, 3.749999338857418429, 1000.000000000000000 ) ) ;
#10751 = ORIENTED_EDGE ( 'NONE', *, *, #10369, .F. ) ;
#10752 = ORIENTED_EDGE ( 'NONE', *, *, #6842, .F. ) ;
#10753 = CIRCLE ( 'NONE', #8180, 0.2499999439716273086 ) ;
#10754 = DIRECTION ( 'NONE',  ( -0.000000000000000000, -0.000000000000000000, -1.000000000000000000 ) ) ;
#10755 = UNCERTAINTY_MEASURE_WITH_UNIT (LENGTH_MEASURE( 1.000000000000000082E-05 ), #2812, 'distance_accuracy_value', 'NONE');
#10756 = CARTESIAN_POINT ( 'NONE',  ( 2.424087059261054389, -0.6113934323519062408, 1000.000000000000000 ) ) ;
#10757 = CARTESIAN_POINT ( 'NONE',  ( 15.80000037454136397, 6.604162385436707083, 0.000000000000000000 ) ) ;
#10758 = DIRECTION ( 'NONE',  ( -0.000000000000000000, -0.000000000000000000, -1.000000000000000000 ) ) ;
#10759 = CARTESIAN_POINT ( 'NONE',  ( -10.00000021276375151, 3.950000235153863670, 1000.000000000000000 ) ) ;
#10760 = AXIS2_PLACEMENT_3D ( 'NONE', #4461, #2859, #4516 ) ;
#10761 = CARTESIAN_POINT ( 'NONE',  ( 24.70355286087617941, -8.299997791155391269, 1000.000000000000000 ) ) ;
#10762 = EDGE_LOOP ( 'NONE', ( #7002, #7511, #1175, #9756 ) ) ;
#10763 = ORIENTED_EDGE ( 'NONE', *, *, #273, .F. ) ;
#10764 = VERTEX_POINT ( 'NONE', #207 ) ;
#10765 = ORIENTED_EDGE ( 'NONE', *, *, #4193, .T. ) ;
#10766 = LINE ( 'NONE', #5532, #9954 ) ;
#10767 = DIRECTION ( 'NONE',  ( 1.000000000000000000, 0.000000000000000000, 0.000000000000000000 ) ) ;
#10768 = VECTOR ( 'NONE', #7228, 1000.000000000000000 ) ;
#10769 = DIRECTION ( 'NONE',  ( -1.000000000000000000, 0.000000000000000000, 0.000000000000000000 ) ) ;
#10770 = CARTESIAN_POINT ( 'NONE',  ( 4.199999862453999810, 6.604162886759620932, 0.000000000000000000 ) ) ;
#10771 = CARTESIAN_POINT ( 'NONE',  ( 10.00000027307906159, 11.39999989540801906, 1000.000000000000000 ) ) ;
#10772 = CARTESIAN_POINT ( 'NONE',  ( 23.32000042154285069, 8.249999139095187672, 1000.000000000000000 ) ) ;
#10773 = DIRECTION ( 'NONE',  ( -0.000000000000000000, -0.000000000000000000, -1.000000000000000000 ) ) ;
#10774 = ORIENTED_EDGE ( 'NONE', *, *, #3916, .F. ) ;
#10775 = ORIENTED_EDGE ( 'NONE', *, *, #6561, .T. ) ;
#10776 = VECTOR ( 'NONE', #7568, 1000.000000000000000 ) ;
#10777 = EDGE_LOOP ( 'NONE', ( #5417, #10936 ) ) ;
#10778 = VERTEX_POINT ( 'NONE', #3328 ) ;
#10779 = CARTESIAN_POINT ( 'NONE',  ( 10.00000027307906159, 11.39999989540801906, 1000.000000000000000 ) ) ;
#10780 = CARTESIAN_POINT ( 'NONE',  ( -3.070000157915177219, -9.150000448115063634, 0.000000000000000000 ) ) ;
#10781 = PLANE ( 'NONE',  #9909 ) ;
#10782 = DIRECTION ( 'NONE',  ( -0.000000000000000000, -0.000000000000000000, -1.000000000000000000 ) ) ;
#10783 = EDGE_LOOP ( 'NONE', ( #5210, #4094, #7597, #1695 ) ) ;
#10784 = FACE_OUTER_BOUND ( 'NONE', #860, .T. ) ;
#10785 = FACE_OUTER_BOUND ( 'NONE', #4757, .T. ) ;
#10786 = CARTESIAN_POINT ( 'NONE',  ( 23.95000102667850683, 9.999998723948591461, 1000.000000000000000 ) ) ;
#10787 = LINE ( 'NONE', #1010, #5322 ) ;
#10788 = ORIENTED_EDGE ( 'NONE', *, *, #9463, .F. ) ;
#10789 = ORIENTED_EDGE ( 'NONE', *, *, #3204, .T. ) ;
#10790 = ORIENTED_EDGE ( 'NONE', *, *, #946, .T. ) ;
#10791 = ADVANCED_FACE ( 'NONE', ( #5965 ), #9468, .F. ) ;
#10792 = EDGE_CURVE ( 'NONE', #5208, #3702, #6657, .T. ) ;
#10793 = DIRECTION ( 'NONE',  ( 0.9999999999999885647, -1.518813391128282768E-07, 0.000000000000000000 ) ) ;
#10794 = EDGE_CURVE ( 'NONE', #1327, #10415, #10525, .T. ) ;
#10795 = CIRCLE ( 'NONE', #4861, 1.000000000000000888 ) ;
#10796 = DIRECTION ( 'NONE',  ( -1.000000000000000000, 0.000000000000000000, 0.000000000000000000 ) ) ;
#10797 = LINE ( 'NONE', #2121, #7934 ) ;
#10798 = ORIENTED_EDGE ( 'NONE', *, *, #210, .T. ) ;
#10799 = EDGE_CURVE ( 'NONE', #333, #9227, #3546, .T. ) ;
#10800 = DIRECTION ( 'NONE',  ( 0.9999999999999059641, -4.335459427792263828E-07, -0.000000000000000000 ) ) ;
#10801 = LINE ( 'NONE', #6310, #6303 ) ;
#10802 = PRESENTATION_STYLE_ASSIGNMENT (( #112 ) ) ;
#10803 = ORIENTED_EDGE ( 'NONE', *, *, #1874, .F. ) ;
#10804 = DIRECTION ( 'NONE',  ( 1.000000000000000000, 0.000000000000000000, 0.000000000000000000 ) ) ;
#10805 = ADVANCED_FACE ( 'NONE', ( #7149 ), #5050, .F. ) ;
#10806 = ORIENTED_EDGE ( 'NONE', *, *, #669, .F. ) ;
#10807 = AXIS2_PLACEMENT_3D ( 'NONE', #9426, #2531, #5242 ) ;
#10808 = ORIENTED_EDGE ( 'NONE', *, *, #11214, .F. ) ;
#10809 = CARTESIAN_POINT ( 'NONE',  ( 23.99999855409319593, 0.3376976739742215683, 1000.000000000000000 ) ) ;
#10810 = EDGE_CURVE ( 'NONE', #2226, #9257, #1921, .T. ) ;
#10811 = DIRECTION ( 'NONE',  ( -1.000000000000000000, 0.000000000000000000, 0.000000000000000000 ) ) ;
#10812 = AXIS2_PLACEMENT_3D ( 'NONE', #3802, #2652, #3745 ) ;
#10813 = CARTESIAN_POINT ( 'NONE',  ( 23.99999925874300644, -2.181620839390427502, 0.000000000000000000 ) ) ;
#10814 = DIRECTION ( 'NONE',  ( -0.000000000000000000, -0.000000000000000000, -1.000000000000000000 ) ) ;
#10815 = CARTESIAN_POINT ( 'NONE',  ( 25.99999915443486387, -2.181620857115679435, 1000.000000000000000 ) ) ;
#10816 = LINE ( 'NONE', #985, #9814 ) ;
#10817 = ORIENTED_EDGE ( 'NONE', *, *, #3578, .F. ) ;
#10818 = ORIENTED_EDGE ( 'NONE', *, *, #6358, .F. ) ;
#10819 = ORIENTED_EDGE ( 'NONE', *, *, #9582, .T. ) ;
#10820 = VECTOR ( 'NONE', #7856, 1000.000000000000227 ) ;
#10821 = EDGE_LOOP ( 'NONE', ( #9491, #2628, #2551, #10250 ) ) ;
#10822 = DIRECTION ( 'NONE',  ( -1.000000000000000000, 0.000000000000000000, 0.000000000000000000 ) ) ;
#10823 = DIRECTION ( 'NONE',  ( -0.7071067900283725116, 0.7071067723447224118, 0.000000000000000000 ) ) ;
#10824 = EDGE_CURVE ( 'NONE', #8244, #7187, #8607, .T. ) ;
#10825 = CARTESIAN_POINT ( 'NONE',  ( 25.20000032951426405, 8.049999489505980321, 0.000000000000000000 ) ) ;
#10826 = CARTESIAN_POINT ( 'NONE',  ( -8.250000057145948418, -4.196446741133244451, 0.000000000000000000 ) ) ;
#10827 = VECTOR ( 'NONE', #3345, 1000.000000000000000 ) ;
#10828 = CARTESIAN_POINT ( 'NONE',  ( 15.29644692136327500, 8.049999469559809384, 1000.000000000000000 ) ) ;
#10829 = VECTOR ( 'NONE', #7860, 1000.000000000000000 ) ;
#10830 = CARTESIAN_POINT ( 'NONE',  ( 23.32000066756055645, 9.399999083066850503, 1000.000000000000000 ) ) ;
#10831 = FACE_OUTER_BOUND ( 'NONE', #1464, .T. ) ;
#10832 = ORIENTED_EDGE ( 'NONE', *, *, #6737, .T. ) ;
#10833 = VERTEX_POINT ( 'NONE', #726 ) ;
#10834 = EDGE_CURVE ( 'NONE', #6492, #7186, #7030, .T. ) ;
#10835 = ORIENTED_EDGE ( 'NONE', *, *, #7286, .T. ) ;
#10836 = VERTEX_POINT ( 'NONE', #10394 ) ;
#10837 = CARTESIAN_POINT ( 'NONE',  ( 28.29999943741544399, -4.703551156343841022, 1000.000000000000000 ) ) ;
#10838 = DIRECTION ( 'NONE',  ( -1.000000000000000000, 0.000000000000000000, 0.000000000000000000 ) ) ;
#10839 = AXIS2_PLACEMENT_3D ( 'NONE', #2885, #2762, #5353 ) ;
#10840 = DIRECTION ( 'NONE',  ( 1.000000000000000000, 0.000000000000000000, 0.000000000000000000 ) ) ;
#10841 = CIRCLE ( 'NONE', #6968, 0.9999999999999965583 ) ;
#10842 = ORIENTED_EDGE ( 'NONE', *, *, #11155, .F. ) ;
#10843 = VECTOR ( 'NONE', #1693, 1000.000000000000114 ) ;
#10844 = DIRECTION ( 'NONE',  ( 0.000000000000000000, 0.000000000000000000, 1.000000000000000000 ) ) ;
#10845 = CARTESIAN_POINT ( 'NONE',  ( 24.20000042994506373, 6.604162250497244813, 1000.000000000000000 ) ) ;
#10846 = ORIENTED_EDGE ( 'NONE', *, *, #9253, .T. ) ;
#10847 = DIRECTION ( 'NONE',  ( -0.000000000000000000, -0.000000000000000000, -1.000000000000000000 ) ) ;
#10848 = VERTEX_POINT ( 'NONE', #674 ) ;
#10849 = VECTOR ( 'NONE', #4412, 1000.000000000000000 ) ;
#10850 = AXIS2_PLACEMENT_3D ( 'NONE', #2926, #9929, #6251 ) ;
#10851 = ORIENTED_EDGE ( 'NONE', *, *, #7919, .T. ) ;
#10852 = DIRECTION ( 'NONE',  ( -0.000000000000000000, -0.000000000000000000, -1.000000000000000000 ) ) ;
#10853 = DIRECTION ( 'NONE',  ( -0.9999999999999987788, 4.912469924867394254E-08, 0.000000000000000000 ) ) ;
#10854 = CARTESIAN_POINT ( 'NONE',  ( -4.196446577332036298, -7.999999969042728587, 1000.000000000000000 ) ) ;
#10855 = DIRECTION ( 'NONE',  ( 0.000000000000000000, 0.000000000000000000, 1.000000000000000000 ) ) ;
#10856 = EDGE_LOOP ( 'NONE', ( #3642, #7327, #6630, #1703 ) ) ;
#10857 = CARTESIAN_POINT ( 'NONE',  ( -8.000000070047814660, 4.196446700727205048, 1000.000000000000000 ) ) ;
#10858 = DIRECTION ( 'NONE',  ( 1.000000000000000000, 0.000000000000000000, 0.000000000000000000 ) ) ;
#10859 = CARTESIAN_POINT ( 'NONE',  ( 0.3376951537216663080, 3.999999709302311857, 1000.000000000000000 ) ) ;
#10860 = VERTEX_POINT ( 'NONE', #4180 ) ;
#10861 = ADVANCED_FACE ( 'NONE', ( #8936 ), #2514, .F. ) ;
#10862 = FACE_OUTER_BOUND ( 'NONE', #5014, .T. ) ;
#10863 = ORIENTED_EDGE ( 'NONE', *, *, #2488, .F. ) ;
#10864 = VECTOR ( 'NONE', #5766, 1000.000000000000000 ) ;
#10865 = ORIENTED_EDGE ( 'NONE', *, *, #1043, .F. ) ;
#10866 = DIRECTION ( 'NONE',  ( -1.000000000000000000, 0.000000000000000000, 0.000000000000000000 ) ) ;
#10867 = EDGE_CURVE ( 'NONE', #5611, #7614, #1650, .T. ) ;
#10868 = ADVANCED_FACE ( 'NONE', ( #1713 ), #791, .F. ) ;
#10869 = DIRECTION ( 'NONE',  ( -0.000000000000000000, -0.000000000000000000, -1.000000000000000000 ) ) ;
#10870 = AXIS2_PLACEMENT_3D ( 'NONE', #4131, #7593, #11154 ) ;
#10871 = EDGE_CURVE ( 'NONE', #5073, #1848, #4275, .T. ) ;
#10872 = LINE ( 'NONE', #9135, #9567 ) ;
#10873 = EDGE_CURVE ( 'NONE', #10076, #1268, #4646, .T. ) ;
#10874 = CARTESIAN_POINT ( 'NONE',  ( 29.14999732342325700, 3.320002786050393784, 1000.000000000000000 ) ) ;
#10875 = DIRECTION ( 'NONE',  ( -0.000000000000000000, -0.000000000000000000, -1.000000000000000000 ) ) ;
#10876 = VERTEX_POINT ( 'NONE', #3773 ) ;
#10877 = ORIENTED_EDGE ( 'NONE', *, *, #7842, .F. ) ;
#10878 = EDGE_CURVE ( 'NONE', #3394, #7081, #8195, .T. ) ;
#10879 = VERTEX_POINT ( 'NONE', #3945 ) ;
#10880 = VECTOR ( 'NONE', #1199, 1000.000000000000000 ) ;
#10881 = ORIENTED_EDGE ( 'NONE', *, *, #5882, .F. ) ;
#10882 = CARTESIAN_POINT ( 'NONE',  ( -3.950000101005074704, 10.00000012339513589, 1000.000000000000000 ) ) ;
#10883 = AXIS2_PLACEMENT_3D ( 'NONE', #2407, #9423, #9261 ) ;
#10884 = ORIENTED_EDGE ( 'NONE', *, *, #5251, .T. ) ;
#10885 = PLANE ( 'NONE',  #11090 ) ;
#10886 = DIRECTION ( 'NONE',  ( -0.7808693713108449952, -0.6246943452190085733, 0.000000000000000000 ) ) ;
#10887 = CARTESIAN_POINT ( 'NONE',  ( 4.703553303589187884, 8.049999772983470692, 1000.000000000000000 ) ) ;
#10888 = CARTESIAN_POINT ( 'NONE',  ( -8.050000327467651928, 5.200000111050748330, 1000.000000000000000 ) ) ;
#10889 = VECTOR ( 'NONE', #9560, 1000.000000000000000 ) ;
#10890 = DIRECTION ( 'NONE',  ( -0.000000000000000000, -0.000000000000000000, -1.000000000000000000 ) ) ;
#10891 = MECHANICAL_DESIGN_GEOMETRIC_PRESENTATION_REPRESENTATION (  '', ( #3750 ), #5917 ) ;
#10892 = LINE ( 'NONE', #2781, #2109 ) ;
#10893 = AXIS2_PLACEMENT_3D ( 'NONE', #9536, #4250, #3338 ) ;
#10894 = ORIENTED_EDGE ( 'NONE', *, *, #10167, .T. ) ;
#10895 = EDGE_CURVE ( 'NONE', #9539, #8788, #4837, .T. ) ;
#10896 = EDGE_LOOP ( 'NONE', ( #10612, #487, #10119, #1044 ) ) ;
#10897 = EDGE_CURVE ( 'NONE', #8603, #990, #10026, .T. ) ;
#10898 = VERTEX_POINT ( 'NONE', #2159 ) ;
#10899 = ORIENTED_EDGE ( 'NONE', *, *, #3709, .T. ) ;
#10900 = CYLINDRICAL_SURFACE ( 'NONE', #4529, 0.2500000070781404071 ) ;
#10901 = CARTESIAN_POINT ( 'NONE',  ( -3.393721882965487602, -0.8559508052926739774, 0.000000000000000000 ) ) ;
#10902 = DIRECTION ( 'NONE',  ( -0.7808693713108449952, -0.6246943452190085733, 0.000000000000000000 ) ) ;
#10903 = CIRCLE ( 'NONE', #9235, 1.499999664723909776 ) ;
#10904 = ORIENTED_EDGE ( 'NONE', *, *, #9862, .F. ) ;
#10905 = AXIS2_PLACEMENT_3D ( 'NONE', #8019, #1003, #4507 ) ;
#10906 = LINE ( 'NONE', #3649, #3842 ) ;
#10907 = CARTESIAN_POINT ( 'NONE',  ( -8.250000260037616329, 3.320000091320538083, 1000.000000000000000 ) ) ;
#10908 = ORIENTED_EDGE ( 'NONE', *, *, #8261, .T. ) ;
#10909 = FACE_OUTER_BOUND ( 'NONE', #9772, .T. ) ;
#10910 = AXIS2_PLACEMENT_3D ( 'NONE', #344, #8159, #7347 ) ;
#10911 = VERTEX_POINT ( 'NONE', #7326 ) ;
#10912 = VERTEX_POINT ( 'NONE', #5605 ) ;
#10913 = AXIS2_PLACEMENT_3D ( 'NONE', #4437, #1743, #7893 ) ;
#10914 = ORIENTED_EDGE ( 'NONE', *, *, #1021, .T. ) ;
#10915 = LINE ( 'NONE', #8314, #10641 ) ;
#10916 = CARTESIAN_POINT ( 'NONE',  ( 28.04999926009162081, -4.703551153453943812, 1000.000000000000000 ) ) ;
#10917 = AXIS2_PLACEMENT_3D ( 'NONE', #3716, #10847, #2737 ) ;
#10918 = CARTESIAN_POINT ( 'NONE',  ( 28.07322141253985137, 4.373225564130565068, 1000.000000000000000 ) ) ;
#10919 = DIRECTION ( 'NONE',  ( -0.000000000000000000, -0.000000000000000000, -1.000000000000000000 ) ) ;
#10920 = DIRECTION ( 'NONE',  ( -0.000000000000000000, -0.000000000000000000, -1.000000000000000000 ) ) ;
#10921 = CARTESIAN_POINT ( 'NONE',  ( 15.47322275903297317, -8.226775410499920227, 1000.000000000000000 ) ) ;
#10922 = DIRECTION ( 'NONE',  ( 1.000000000000000000, 0.000000000000000000, 0.000000000000000000 ) ) ;
#10923 = CARTESIAN_POINT ( 'NONE',  ( 3.070000301836650181, -9.149999719435975010, 1000.000000000000000 ) ) ;
#10924 = ORIENTED_EDGE ( 'NONE', *, *, #883, .F. ) ;
#10925 = CIRCLE ( 'NONE', #281, 0.2499999994412510085 ) ;
#10926 = DIRECTION ( 'NONE',  ( 1.000000000000000000, 0.000000000000000000, 0.000000000000000000 ) ) ;
#10927 = ORIENTED_EDGE ( 'NONE', *, *, #9891, .F. ) ;
#10928 = ORIENTED_EDGE ( 'NONE', *, *, #3480, .F. ) ;
#10929 = DIRECTION ( 'NONE',  ( -0.000000000000000000, -0.000000000000000000, -1.000000000000000000 ) ) ;
#10930 = CIRCLE ( 'NONE', #7250, 0.2499998100106357035 ) ;
#10931 = CARTESIAN_POINT ( 'NONE',  ( 4.373223425481991278, -8.073223395187291374, 1000.000000000000000 ) ) ;
#10932 = DIRECTION ( 'NONE',  ( 1.000000000000000000, -0.000000000000000000, -0.000000000000000000 ) ) ;
#10933 = LINE ( 'NONE', #8227, #6049 ) ;
#10934 = LINE ( 'NONE', #10000, #5784 ) ;
#10935 = EDGE_CURVE ( 'NONE', #4851, #7049, #8364, .T. ) ;
#10936 = ORIENTED_EDGE ( 'NONE', *, *, #9442, .F. ) ;
#10937 = ORIENTED_EDGE ( 'NONE', *, *, #1399, .F. ) ;
#10938 = CIRCLE ( 'NONE', #2668, 0.2499999351799463976 ) ;
#10939 = ADVANCED_FACE ( 'NONE', ( #3996 ), #9970, .F. ) ;
#10940 = ORIENTED_EDGE ( 'NONE', *, *, #1299, .F. ) ;
#10941 = EDGE_CURVE ( 'NONE', #5369, #5988, #1159, .T. ) ;
#10942 = ORIENTED_EDGE ( 'NONE', *, *, #4336, .T. ) ;
#10943 = DIRECTION ( 'NONE',  ( -1.000000000000000000, 0.000000000000000000, 0.000000000000000000 ) ) ;
#10944 = EDGE_CURVE ( 'NONE', #10691, #3019, #439, .T. ) ;
#10945 = VERTEX_POINT ( 'NONE', #7503 ) ;
#10946 = CARTESIAN_POINT ( 'NONE',  ( -8.000000247135805154, -4.196446520686222925, 1000.000000000000000 ) ) ;
#10947 = DIRECTION ( 'NONE',  ( -0.000000000000000000, -0.000000000000000000, -1.000000000000000000 ) ) ;
#10948 = CARTESIAN_POINT ( 'NONE',  ( 20.61139343235192456, -2.424087059261059718, 1000.000000000000000 ) ) ;
#10949 = AXIS2_PLACEMENT_3D ( 'NONE', #1766, #8496, #1589 ) ;
#10950 = DIRECTION ( 'NONE',  ( -0.000000000000000000, -0.000000000000000000, -1.000000000000000000 ) ) ;
#10951 = DIRECTION ( 'NONE',  ( -1.000000000000000000, 0.000000000000000000, 0.000000000000000000 ) ) ;
#10952 = CARTESIAN_POINT ( 'NONE',  ( 28.24999683168492837, 3.070002611706798668, 1000.000000000000000 ) ) ;
#10953 = DIRECTION ( 'NONE',  ( 1.000000000000000000, 0.000000000000000000, 0.000000000000000000 ) ) ;
#10954 = ADVANCED_FACE ( 'NONE', ( #2966 ), #6344, .F. ) ;
#10955 = ORIENTED_EDGE ( 'NONE', *, *, #1134, .F. ) ;
#10956 = ORIENTED_EDGE ( 'NONE', *, *, #6682, .T. ) ;
#10957 = SHAPE_REPRESENTATION ( '224 \X2\041a043e043d0441044204400443043a04460438043e043d043d044b0439\X0\ \X2\043f0440043e04440438043b044c\X0\ 20\X2\0445\X0\40_00', ( #2634 ), #2272 ) ;
#10959 = ORIENTED_EDGE ( 'NONE', *, *, #6297, .F. ) ;
#10958 = ORIENTED_EDGE ( 'NONE', *, *, #10097, .T. ) ;
#10960 = EDGE_LOOP ( 'NONE', ( #7020, #10020, #717, #2356 ) ) ;
#10961 = AXIS2_PLACEMENT_3D ( 'NONE', #5849, #2395, #10448 ) ;
#10962 = CARTESIAN_POINT ( 'NONE',  ( 20.00000000000000355, 0.000000000000000000, 1000.000000000000000 ) ) ;
#10963 = CYLINDRICAL_SURFACE ( 'NONE', #8811, 0.2499999532849487005 ) ;
#10964 = CARTESIAN_POINT ( 'NONE',  ( 24.37322271240137184, -8.073221246951979069, 1000.000000000000000 ) ) ;
#10965 = ORIENTED_EDGE ( 'NONE', *, *, #335, .F. ) ;
#10966 = EDGE_CURVE ( 'NONE', #5198, #7551, #9160, .T. ) ;
#10967 = EDGE_CURVE ( 'NONE', #6541, #7081, #9852, .T. ) ;
#10968 = DIRECTION ( 'NONE',  ( -1.000000000000000000, 0.000000000000000000, 0.000000000000000000 ) ) ;
#10969 = DIRECTION ( 'NONE',  ( 0.9999999999999946709, 1.030353624409858122E-07, 0.000000000000000000 ) ) ;
#10970 = AXIS2_PLACEMENT_3D ( 'NONE', #7628, #10258, #2382 ) ;
#10971 = DIRECTION ( 'NONE',  ( -0.000000000000000000, -0.000000000000000000, -1.000000000000000000 ) ) ;
#10972 = CARTESIAN_POINT ( 'NONE',  ( -3.070000157915177219, -9.150000448115063634, 1000.000000000000000 ) ) ;
#10973 = ORIENTED_EDGE ( 'NONE', *, *, #3347, .F. ) ;
#10974 = EDGE_LOOP ( 'NONE', ( #7477, #8844, #5173, #6393 ) ) ;
#10975 = ORIENTED_EDGE ( 'NONE', *, *, #1579, .F. ) ;
#10976 = CARTESIAN_POINT ( 'NONE',  ( -6.604162962963531669, -5.199999990491699364, 1000.000000000000000 ) ) ;
#10977 = CARTESIAN_POINT ( 'NONE',  ( -3.320000167687797710, 8.250000055594854942, 1000.000000000000000 ) ) ;
#10978 = AXIS2_PLACEMENT_3D ( 'NONE', #1181, #5603, #8247 ) ;
#10979 = EDGE_CURVE ( 'NONE', #6328, #8919, #7591, .T. ) ;
#10980 = CARTESIAN_POINT ( 'NONE',  ( -8.249999775737565599, -3.070000178441487204, 1000.000000000000000 ) ) ;
#10981 = CARTESIAN_POINT ( 'NONE',  ( 4.200000106808827738, -6.604162941846972501, 0.000000000000000000 ) ) ;
#10982 = FACE_BOUND ( 'NONE', #3034, .T. ) ;
#10983 = DIRECTION ( 'NONE',  ( 1.000000000000000000, 0.000000000000000000, 0.000000000000000000 ) ) ;
#10984 = CARTESIAN_POINT ( 'NONE',  ( 28.04999892369790260, -5.199997769938708103, 1000.000000000000000 ) ) ;
#10985 = VERTEX_POINT ( 'NONE', #4627 ) ;
#10986 = ADVANCED_FACE ( 'NONE', ( #8140 ), #8304, .T. ) ;
#10987 = AXIS2_PLACEMENT_3D ( 'NONE', #9125, #2177, #1368 ) ;
#10988 = DIRECTION ( 'NONE',  ( 0.000000000000000000, 0.000000000000000000, 1.000000000000000000 ) ) ;
#10989 = CARTESIAN_POINT ( 'NONE',  ( 27.59999999999997300, 7.599999999999996092, 1000.000000000000000 ) ) ;
#10990 = DIRECTION ( 'NONE',  ( 0.7071069833316451225, -0.7071065790413921803, 0.000000000000000000 ) ) ;
#10991 = AXIS2_PLACEMENT_3D ( 'NONE', #6388, #8122, #10769 ) ;
#10992 = CARTESIAN_POINT ( 'NONE',  ( 16.68000022030514984, 9.399999558957663481, 1000.000000000000000 ) ) ;
#10993 = LINE ( 'NONE', #6607, #9635 ) ;
#10994 = ORIENTED_EDGE ( 'NONE', *, *, #6993, .T. ) ;
#10995 = ORIENTED_EDGE ( 'NONE', *, *, #1660, .F. ) ;
#10996 = ORIENTED_EDGE ( 'NONE', *, *, #7392, .T. ) ;
#10997 = LINE ( 'NONE', #634, #7389 ) ;
#10998 = CIRCLE ( 'NONE', #3837, 0.9999999977648166283 ) ;
#10999 = ORIENTED_EDGE ( 'NONE', *, *, #6429, .F. ) ;
#11000 = CARTESIAN_POINT ( 'NONE',  ( -6.000000005996534824, 2.181623461451620560, 0.000000000000000000 ) ) ;
#11001 = CARTESIAN_POINT ( 'NONE',  ( 0.1815213465332990439, 3.945216853106878307, 1000.000000000000000 ) ) ;
#11002 = CARTESIAN_POINT ( 'NONE',  ( 20.33769446910742218, -3.999998357232442459, 1000.000000000000000 ) ) ;
#11003 = DIRECTION ( 'NONE',  ( -0.000000000000000000, -0.000000000000000000, -1.000000000000000000 ) ) ;
#11004 = CARTESIAN_POINT ( 'NONE',  ( -5.199999987655578693, -6.604162987453851663, 0.000000000000000000 ) ) ;
#11005 = EDGE_CURVE ( 'NONE', #9991, #4003, #3887, .T. ) ;
#11006 = CARTESIAN_POINT ( 'NONE',  ( 2.181623252749523179, 3.999999899292130845, 0.000000000000000000 ) ) ;
#11007 = AXIS2_PLACEMENT_3D ( 'NONE', #1354, #9279, #2433 ) ;
#11008 = ORIENTED_EDGE ( 'NONE', *, *, #5389, .F. ) ;
#11009 = EDGE_CURVE ( 'NONE', #7614, #5640, #788, .T. ) ;
#11010 = ORIENTED_EDGE ( 'NONE', *, *, #5531, .T. ) ;
#11011 = ORIENTED_EDGE ( 'NONE', *, *, #10027, .T. ) ;
#11012 = ORIENTED_EDGE ( 'NONE', *, *, #7975, .T. ) ;
#11013 = ORIENTED_EDGE ( 'NONE', *, *, #1376, .F. ) ;
#11014 = CARTESIAN_POINT ( 'NONE',  ( -10.00000021276375328, 3.950000235153863670, 1000.000000000000000 ) ) ;
#11015 = DIRECTION ( 'NONE',  ( 0.000000000000000000, -1.000000000000000000, 0.000000000000000000 ) ) ;
#11016 = ORIENTED_EDGE ( 'NONE', *, *, #4278, .F. ) ;
#11017 = VECTOR ( 'NONE', #5537, 1000.000000000000000 ) ;
#11018 = ADVANCED_FACE ( 'NONE', ( #5717 ), #3026, .F. ) ;
#11019 = ADVANCED_FACE ( 'NONE', ( #593 ), #7670, .F. ) ;
#11020 = FACE_OUTER_BOUND ( 'NONE', #10593, .T. ) ;
#11021 = EDGE_CURVE ( 'NONE', #8874, #1566, #9973, .T. ) ;
#11022 = PLANE ( 'NONE',  #2429 ) ;
#11023 = ADVANCED_FACE ( 'NONE', ( #7787 ), #4270, .F. ) ;
#11024 = CARTESIAN_POINT ( 'NONE',  ( -9.750000414488168232, 3.700000235712694430, 1000.000000000000000 ) ) ;
#11025 = ORIENTED_EDGE ( 'NONE', *, *, #3091, .F. ) ;
#11026 = CIRCLE ( 'NONE', #3484, 0.2500002913692379591 ) ;
#11027 = EDGE_LOOP ( 'NONE', ( #7251, #360, #4341, #6739 ) ) ;
#11028 = EDGE_CURVE ( 'NONE', #1416, #1028, #4910, .T. ) ;
#11029 = VECTOR ( 'NONE', #1182, 999.9999999999998863 ) ;
#11030 = CARTESIAN_POINT ( 'NONE',  ( -3.700000101005074260, 9.750000123395135887, 1000.000000000000000 ) ) ;
#11031 = AXIS2_PLACEMENT_3D ( 'NONE', #4161, #886, #654 ) ;
#11032 = DIRECTION ( 'NONE',  ( -1.000000000000000000, 0.000000000000000000, 0.000000000000000000 ) ) ;
#11033 = AXIS2_PLACEMENT_3D ( 'NONE', #3500, #6997, #6140 ) ;
#11034 = CARTESIAN_POINT ( 'NONE',  ( -8.073223683611651325, 4.373223670622857995, 1000.000000000000000 ) ) ;
#11035 = DIRECTION ( 'NONE',  ( -1.000000000000000000, 0.000000000000000000, 0.000000000000000000 ) ) ;
#11036 = ORIENTED_EDGE ( 'NONE', *, *, #3978, .F. ) ;
#11037 = FACE_BOUND ( 'NONE', #830, .T. ) ;
#11038 = FACE_OUTER_BOUND ( 'NONE', #8310, .T. ) ;
#11039 = CARTESIAN_POINT ( 'NONE',  ( -4.196446577332036298, -8.249999886329767662, 1000.000000000000000 ) ) ;
#11040 = CARTESIAN_POINT ( 'NONE',  ( 27.99999823440559155, 4.196448953951311900, 1000.000000000000000 ) ) ;
#11041 = VERTEX_POINT ( 'NONE', #11234 ) ;
#11042 = ADVANCED_FACE ( 'NONE', ( #6629 ), #3357, .F. ) ;
#11043 = AXIS2_PLACEMENT_3D ( 'NONE', #8427, #4115, #4921 ) ;
#11044 = LINE ( 'NONE', #3163, #55 ) ;
#11045 = VECTOR ( 'NONE', #8831, 1000.000000000000000 ) ;
#11046 = FACE_OUTER_BOUND ( 'NONE', #912, .T. ) ;
#11047 = LINE ( 'NONE', #4883, #5884 ) ;
#11048 = DIRECTION ( 'NONE',  ( 0.9999999999999976685, -6.905103824792232794E-08, 0.000000000000000000 ) ) ;
#11049 = ADVANCED_FACE ( 'NONE', ( #3246 ), #7558, .F. ) ;
#11050 = DIRECTION ( 'NONE',  ( -0.000000000000000000, -0.000000000000000000, -1.000000000000000000 ) ) ;
#11051 = AXIS2_PLACEMENT_3D ( 'NONE', #3814, #6389, #1108 ) ;
#11052 = LINE ( 'NONE', #10229, #4674 ) ;
#11053 = ORIENTED_EDGE ( 'NONE', *, *, #10597, .F. ) ;
#11054 = ORIENTED_EDGE ( 'NONE', *, *, #2776, .F. ) ;
#11055 = ORIENTED_EDGE ( 'NONE', *, *, #3092, .T. ) ;
#11056 = CARTESIAN_POINT ( 'NONE',  ( 19.81847889642713767, 3.945216615397352466, 1000.000000000000000 ) ) ;
#11057 = EDGE_LOOP ( 'NONE', ( #4781, #9335, #709, #433 ) ) ;
#11058 = VECTOR ( 'NONE', #2938, 1000.000000000000000 ) ;
#11059 = DIRECTION ( 'NONE',  ( 1.000000000000000000, 0.000000000000000000, 0.000000000000000000 ) ) ;
#11060 = CARTESIAN_POINT ( 'NONE',  ( -8.073223683611651325, 4.373223670622857995, 0.000000000000000000 ) ) ;
#11061 = DIRECTION ( 'NONE',  ( -0.000000000000000000, -0.000000000000000000, -1.000000000000000000 ) ) ;
#11062 = DIRECTION ( 'NONE',  ( -0.000000000000000000, -0.000000000000000000, -1.000000000000000000 ) ) ;
#11063 = DIRECTION ( 'NONE',  ( -0.000000000000000000, -0.000000000000000000, -1.000000000000000000 ) ) ;
#11064 = VERTEX_POINT ( 'NONE', #8415 ) ;
#11065 = ORIENTED_EDGE ( 'NONE', *, *, #2165, .F. ) ;
#11067 = ORIENTED_EDGE ( 'NONE', *, *, #8043, .T. ) ;
#11066 = ORIENTED_EDGE ( 'NONE', *, *, #4343, .T. ) ;
#11068 = AXIS2_PLACEMENT_3D ( 'NONE', #1216, #6271, #1046 ) ;
#11069 = ORIENTED_EDGE ( 'NONE', *, *, #6169, .F. ) ;
#11070 = CARTESIAN_POINT ( 'NONE',  ( 28.29999805282416858, 4.950002402292236425, 0.000000000000000000 ) ) ;
#11071 = CARTESIAN_POINT ( 'NONE',  ( 19.14404919470731770, -3.393721882965480940, 1000.000000000000000 ) ) ;
#11072 = ORIENTED_EDGE ( 'NONE', *, *, #10878, .T. ) ;
#11073 = EDGE_CURVE ( 'NONE', #6948, #588, #9063, .T. ) ;
#11074 = AXIS2_PLACEMENT_3D ( 'NONE', #7601, #11110, #10524 ) ;
#11075 = LINE ( 'NONE', #6735, #5675 ) ;
#11076 = CARTESIAN_POINT ( 'NONE',  ( -4.196446577332036298, -7.999999969042728587, 1000.000000000000000 ) ) ;
#11077 = DIRECTION ( 'NONE',  ( 0.000000000000000000, 0.000000000000000000, 1.000000000000000000 ) ) ;
#11078 = ORIENTED_EDGE ( 'NONE', *, *, #4672, .T. ) ;
#11079 = EDGE_CURVE ( 'NONE', #6160, #3088, #6485, .T. ) ;
#11080 = ORIENTED_EDGE ( 'NONE', *, *, #6014, .F. ) ;
#11081 = AXIS2_PLACEMENT_3D ( 'NONE', #5482, #198, #9043 ) ;
#11082 = LINE ( 'NONE', #11030, #10776 ) ;
#11083 = EDGE_CURVE ( 'NONE', #8633, #8000, #6849, .T. ) ;
#11084 = AXIS2_PLACEMENT_3D ( 'NONE', #5850, #10272, #9350 ) ;
#11085 = EDGE_CURVE ( 'NONE', #6677, #9323, #2427, .T. ) ;
#11086 = EDGE_CURVE ( 'NONE', #7207, #8788, #9495, .T. ) ;
#11087 = FACE_OUTER_BOUND ( 'NONE', #4857, .T. ) ;
#11088 = LINE ( 'NONE', #1414, #5302 ) ;
#11089 = CARTESIAN_POINT ( 'NONE',  ( -5.200000160796018456, 6.604162906957935952, 1000.000000000000000 ) ) ;
#11090 = AXIS2_PLACEMENT_3D ( 'NONE', #5478, #10767, #8235 ) ;
#11091 = ORIENTED_EDGE ( 'NONE', *, *, #5838, .T. ) ;
#11092 = LINE ( 'NONE', #10104, #3266 ) ;
#11093 = CARTESIAN_POINT ( 'NONE',  ( 23.70000013644814274, -9.399997494087431349, 0.000000000000000000 ) ) ;
#11094 = DIRECTION ( 'NONE',  ( -0.000000000000000000, -0.000000000000000000, -1.000000000000000000 ) ) ;
#11095 = DIRECTION ( 'NONE',  ( 0.000000000000000000, 0.000000000000000000, 1.000000000000000000 ) ) ;
#11096 = ORIENTED_EDGE ( 'NONE', *, *, #7072, .T. ) ;
#11097 = CARTESIAN_POINT ( 'NONE',  ( 16.30000012076539306, 9.399999558957663481, 0.000000000000000000 ) ) ;
#11098 = AXIS2_PLACEMENT_3D ( 'NONE', #9632, #2684, #6129 ) ;
#11099 = DIRECTION ( 'NONE',  ( 1.000000000000000000, 0.000000000000000000, 0.000000000000000000 ) ) ;
#11100 = LINE ( 'NONE', #8280, #388 ) ;
#11101 = EDGE_CURVE ( 'NONE', #97, #10836, #10345, .T. ) ;
#11102 = ADVANCED_FACE ( 'NONE', ( #9276 ), #541, .T. ) ;
#11103 = CIRCLE ( 'NONE', #6497, 0.2500000070781369099 ) ;
#11104 = FACE_OUTER_BOUND ( 'NONE', #226, .T. ) ;
#11105 = FACE_OUTER_BOUND ( 'NONE', #3336, .T. ) ;
#11106 = CYLINDRICAL_SURFACE ( 'NONE', #4122, 1.499999999999997780 ) ;
#11107 = ORIENTED_EDGE ( 'NONE', *, *, #4173, .F. ) ;
#11108 = VERTEX_POINT ( 'NONE', #6683 ) ;
#11109 = CIRCLE ( 'NONE', #6138, 1.000000007078039488 ) ;
#11110 = DIRECTION ( 'NONE',  ( 0.000000000000000000, 0.000000000000000000, 1.000000000000000000 ) ) ;
#11111 =( NAMED_UNIT ( * ) PLANE_ANGLE_UNIT ( ) SI_UNIT ( $, .RADIAN. ) );
#11112 = DIRECTION ( 'NONE',  ( -0.000000000000000000, 1.000000000000000000, -0.000000000000000000 ) ) ;
#11113 = DIRECTION ( 'NONE',  ( 0.000000000000000000, 0.000000000000000000, 1.000000000000000000 ) ) ;
#11114 = CARTESIAN_POINT ( 'NONE',  ( 23.59583744492611146, 4.585785561074603223, 0.000000000000000000 ) ) ;
#11115 = DIRECTION ( 'NONE',  ( -0.000000000000000000, -0.000000000000000000, -1.000000000000000000 ) ) ;
#11116 = VECTOR ( 'NONE', #9820, 1000.000000000000114 ) ;
#11117 = CARTESIAN_POINT ( 'NONE',  ( 2.424087059261053057, 0.6113934323519051306, 0.000000000000000000 ) ) ;
#11118 = VERTEX_POINT ( 'NONE', #2322 ) ;
#11119 = ORIENTED_EDGE ( 'NONE', *, *, #10577, .F. ) ;
#11121 = EDGE_LOOP ( 'NONE', ( #9407, #3908, #3532, #8322 ) ) ;
#11120 = VERTEX_POINT ( 'NONE', #1454 ) ;
#11122 = ORIENTED_EDGE ( 'NONE', *, *, #1954, .F. ) ;
#11123 = VERTEX_POINT ( 'NONE', #4967 ) ;
#11124 = CARTESIAN_POINT ( 'NONE',  ( 11.07703359770149909, 8.600000268607619347, 1000.000000000000000 ) ) ;
#11125 = EDGE_CURVE ( 'NONE', #8362, #11120, #4100, .T. ) ;
#11126 = DIRECTION ( 'NONE',  ( 1.000000000000000000, 0.000000000000000000, 0.000000000000000000 ) ) ;
#11127 = ORIENTED_EDGE ( 'NONE', *, *, #10873, .F. ) ;
#11128 = DIRECTION ( 'NONE',  ( 0.9999999999998616662, 5.260373430062014070E-07, 0.000000000000000000 ) ) ;
#11129 = CARTESIAN_POINT ( 'NONE',  ( 22.18162259482446430, -3.999998167242638569, 1000.000000000000000 ) ) ;
#11130 = ORIENTED_EDGE ( 'NONE', *, *, #11363, .F. ) ;
#11131 = CARTESIAN_POINT ( 'NONE',  ( 15.04999950016403609, -8.049998828092791214, 0.000000000000000000 ) ) ;
#11132 = VERTEX_POINT ( 'NONE', #1508 ) ;
#11133 = CIRCLE ( 'NONE', #4504, 0.6000000808388675777 ) ;
#11134 = ORIENTED_EDGE ( 'NONE', *, *, #9174, .T. ) ;
#11135 = DIRECTION ( 'NONE',  ( 1.000000000000000000, 0.000000000000000000, 0.000000000000000000 ) ) ;
#11136 = AXIS2_PLACEMENT_3D ( 'NONE', #5798, #9408, #6015 ) ;
#11137 = CARTESIAN_POINT ( 'NONE',  ( 16.67999963388842843, -8.249999338686601291, 0.000000000000000000 ) ) ;
#11138 = CARTESIAN_POINT ( 'NONE',  ( 23.70000138579651860, 9.749999284232508501, 0.000000000000000000 ) ) ;
#11139 = DIRECTION ( 'NONE',  ( 0.000000000000000000, 0.000000000000000000, 1.000000000000000000 ) ) ;
#11140 = VERTEX_POINT ( 'NONE', #5021 ) ;
#11141 = LINE ( 'NONE', #10265, #5288 ) ;
#11142 = CARTESIAN_POINT ( 'NONE',  ( 7.000000241869461348, 7.999999960302581314, 0.000000000000000000 ) ) ;
#11143 = DIRECTION ( 'NONE',  ( -1.000000000000000000, 0.000000000000000000, 0.000000000000000000 ) ) ;
#11144 = EDGE_CURVE ( 'NONE', #6897, #7971, #8510, .T. ) ;
#11146 = ADVANCED_FACE ( 'NONE', ( #11177 ), #2772, .T. ) ;
#11145 = CARTESIAN_POINT ( 'NONE',  ( 3.700000235153940054, -9.749999787236243165, 0.000000000000000000 ) ) ;
#11147 = ORIENTED_EDGE ( 'NONE', *, *, #2790, .T. ) ;
#11148 = ADVANCED_FACE ( 'NONE', ( #2719 ), #1908, .T. ) ;
#11149 = AXIS2_PLACEMENT_3D ( 'NONE', #4342, #7904, #1002 ) ;
#11150 = CARTESIAN_POINT ( 'NONE',  ( -6.099999999999994316, -7.600000000000009415, 1000.000000000000000 ) ) ;
#11151 = DIRECTION ( 'NONE',  ( -0.000000000000000000, -0.000000000000000000, -1.000000000000000000 ) ) ;
#11152 = LINE ( 'NONE', #10276, #9002 ) ;
#11153 = ADVANCED_FACE ( 'NONE', ( #993 ), #7840, .F. ) ;
#11154 = DIRECTION ( 'NONE',  ( 1.000000000000000000, 0.000000000000000000, 0.000000000000000000 ) ) ;
#11155 = EDGE_CURVE ( 'NONE', #2035, #8973, #7083, .T. ) ;
#11156 = DIRECTION ( 'NONE',  ( -0.000000000000000000, -0.000000000000000000, -1.000000000000000000 ) ) ;
#11158 = EDGE_CURVE ( 'NONE', #6255, #8039, #986, .T. ) ;
#11157 = DIRECTION ( 'NONE',  ( -1.000000000000000000, 0.000000000000000000, 0.000000000000000000 ) ) ;
#11159 = ORIENTED_EDGE ( 'NONE', *, *, #8090, .F. ) ;
#11160 = ORIENTED_EDGE ( 'NONE', *, *, #3307, .T. ) ;
#11161 = EDGE_CURVE ( 'NONE', #5554, #929, #8005, .T. ) ;
#11162 = CARTESIAN_POINT ( 'NONE',  ( 13.00000024186937608, 7.999999886392772375, 0.000000000000000000 ) ) ;
#11163 = DIRECTION ( 'NONE',  ( 0.000000000000000000, 0.000000000000000000, 1.000000000000000000 ) ) ;
#11164 = VECTOR ( 'NONE', #9927, 1000.000000000000227 ) ;
#11165 = DIRECTION ( 'NONE',  ( -0.000000000000000000, -0.000000000000000000, -1.000000000000000000 ) ) ;
#11166 = FACE_OUTER_BOUND ( 'NONE', #4874, .T. ) ;
#11167 = CARTESIAN_POINT ( 'NONE',  ( 23.99999855409319593, 0.3376976739742215683, 1000.000000000000000 ) ) ;
#11168 = LINE ( 'NONE', #641, #8891 ) ;
#11169 = EDGE_LOOP ( 'NONE', ( #10973, #1053, #4544, #8498 ) ) ;
#11170 = ORIENTED_EDGE ( 'NONE', *, *, #10792, .F. ) ;
#11171 = VERTEX_POINT ( 'NONE', #4380 ) ;
#11172 = VERTEX_POINT ( 'NONE', #7025 ) ;
#11173 = VECTOR ( 'NONE', #5703, 1000.000000000000000 ) ;
#11174 = EDGE_CURVE ( 'NONE', #8945, #7722, #10592, .T. ) ;
#11175 = VERTEX_POINT ( 'NONE', #1852 ) ;
#11176 = CARTESIAN_POINT ( 'NONE',  ( 3.595836765676336810, 4.585786309095691848, 1000.000000000000000 ) ) ;
#11177 = FACE_OUTER_BOUND ( 'NONE', #8118, .T. ) ;
#11178 = ORIENTED_EDGE ( 'NONE', *, *, #8291, .F. ) ;
#11179 = DIRECTION ( 'NONE',  ( -0.7071067811865493491, 0.7071067811865456854, 0.000000000000000000 ) ) ;
#11180 = AXIS2_PLACEMENT_3D ( 'NONE', #9398, #3257, #6746 ) ;
#11181 = CARTESIAN_POINT ( 'NONE',  ( -4.907106869973677732, -5.897056283531931342, 0.000000000000000000 ) ) ;
#11182 = CARTESIAN_POINT ( 'NONE',  ( 5.800000014999258546, 5.658578604065267470, 0.000000000000000000 ) ) ;
#11183 = EDGE_CURVE ( 'NONE', #4446, #8465, #5394, .T. ) ;
#11184 = ORIENTED_EDGE ( 'NONE', *, *, #10749, .F. ) ;
#11185 = CARTESIAN_POINT ( 'NONE',  ( 3.999999999999989786, 2.761522368914970382, 0.000000000000000000 ) ) ;
#11186 = EDGE_LOOP ( 'NONE', ( #2572, #10668, #6270, #5436 ) ) ;
#11187 = ORIENTED_EDGE ( 'NONE', *, *, #4185, .T. ) ;
#11188 = CYLINDRICAL_SURFACE ( 'NONE', #11327, 0.2499997460652433334 ) ;
#11189 = CIRCLE ( 'NONE', #3648, 0.2499999180770847151 ) ;
#11190 = DIRECTION ( 'NONE',  ( -0.000000000000000000, -0.000000000000000000, -1.000000000000000000 ) ) ;
#11191 = FACE_OUTER_BOUND ( 'NONE', #5541, .T. ) ;
#11192 = CYLINDRICAL_SURFACE ( 'NONE', #8860, 0.2499998882413440593 ) ;
#11193 = VERTEX_POINT ( 'NONE', #6215 ) ;
#11194 = FACE_OUTER_BOUND ( 'NONE', #11121, .T. ) ;
#11195 = LINE ( 'NONE', #9182, #984 ) ;
#11196 = CYLINDRICAL_SURFACE ( 'NONE', #9008, 2.500000000000002220 ) ;
#11197 = ORIENTED_EDGE ( 'NONE', *, *, #10153, .F. ) ;
#11198 = VECTOR ( 'NONE', #7961, 1000.000000000000000 ) ;
#11199 = DIRECTION ( 'NONE',  ( -0.000000000000000000, -0.000000000000000000, -1.000000000000000000 ) ) ;
#11200 = ORIENTED_EDGE ( 'NONE', *, *, #1083, .F. ) ;
#11201 = CARTESIAN_POINT ( 'NONE',  ( 23.69999941821214051, -9.749997629687992884, 1000.000000000000000 ) ) ;
#11202 = DIRECTION ( 'NONE',  ( -0.000000000000000000, -0.000000000000000000, -1.000000000000000000 ) ) ;
#11203 = VECTOR ( 'NONE', #2939, 1000.000000000000000 ) ;
#11204 = AXIS2_PLACEMENT_3D ( 'NONE', #9652, #3342, #2529 ) ;
#11205 = AXIS2_PLACEMENT_3D ( 'NONE', #5815, #7658, #1438 ) ;
#11206 = CYLINDRICAL_SURFACE ( 'NONE', #7725, 0.5999999357946730338 ) ;
#11207 = ADVANCED_FACE ( 'NONE', ( #11293 ), #9718, .F. ) ;
#11208 = DIRECTION ( 'NONE',  ( 1.000000000000000000, 0.000000000000000000, 0.000000000000000000 ) ) ;
#11209 = DIRECTION ( 'NONE',  ( 1.000000000000000000, 0.000000000000000000, 0.000000000000000000 ) ) ;
#11210 = CARTESIAN_POINT ( 'NONE',  ( 24.90710618184886727, -5.897053989592879297, 0.000000000000000000 ) ) ;
#11211 = DIRECTION ( 'NONE',  ( -0.000000000000000000, -0.000000000000000000, -1.000000000000000000 ) ) ;
#11212 = ORIENTED_EDGE ( 'NONE', *, *, #7344, .T. ) ;
#11213 = VECTOR ( 'NONE', #3104, 1000.000000000000000 ) ;
#11214 = EDGE_CURVE ( 'NONE', #3789, #10445, #874, .T. ) ;
#11215 = LINE ( 'NONE', #5176, #6289 ) ;
#11216 = EDGE_CURVE ( 'NONE', #4095, #11301, #10481, .T. ) ;
#11217 =( NAMED_UNIT ( * ) SI_UNIT ( $, .STERADIAN. ) SOLID_ANGLE_UNIT ( ) );
#11218 = ADVANCED_FACE ( 'NONE', ( #3410 ), #2542, .F. ) ;
#11219 = ADVANCED_FACE ( 'NONE', ( #9555 ), #3631, .T. ) ;
#11220 = FACE_OUTER_BOUND ( 'NONE', #406, .T. ) ;
#11221 = FACE_OUTER_BOUND ( 'NONE', #3109, .T. ) ;
#11222 = VECTOR ( 'NONE', #2691, 1000.000000000000000 ) ;
#11223 = LINE ( 'NONE', #3180, #6626 ) ;
#11224 = CYLINDRICAL_SURFACE ( 'NONE', #1463, 0.2499998100102124310 ) ;
#11225 = ADVANCED_FACE ( 'NONE', ( #9613 ), #11347, .F. ) ;
#11226 = CARTESIAN_POINT ( 'NONE',  ( 17.94939033455898780, 2.050609665440974894, 1000.000000000000000 ) ) ;
#11227 = ORIENTED_EDGE ( 'NONE', *, *, #10288, .F. ) ;
#11228 = ORIENTED_EDGE ( 'NONE', *, *, #4193, .F. ) ;
#11229 = ORIENTED_EDGE ( 'NONE', *, *, #11028, .F. ) ;
#11230 = VERTEX_POINT ( 'NONE', #933 ) ;
#11231 = AXIS2_PLACEMENT_3D ( 'NONE', #9484, #2596, #1611 ) ;
#11232 = ORIENTED_EDGE ( 'NONE', *, *, #4593, .T. ) ;
#11233 = LINE ( 'NONE', #11014, #1100 ) ;
#11234 = CARTESIAN_POINT ( 'NONE',  ( 23.06999959806864453, -8.249997517184610274, 1000.000000000000000 ) ) ;
#11235 = EDGE_LOOP ( 'NONE', ( #4545, #5360, #2380, #4571 ) ) ;
#11236 = CARTESIAN_POINT ( 'NONE',  ( 23.32000066756055645, 9.149999139095129408, 0.000000000000000000 ) ) ;
#11237 = CARTESIAN_POINT ( 'NONE',  ( 24.70355325957142156, 8.299999081214274099, 0.000000000000000000 ) ) ;
#11238 = EDGE_CURVE ( 'NONE', #9046, #7931, #5024, .T. ) ;
#11239 = AXIS2_PLACEMENT_3D ( 'NONE', #7756, #10566, #10454 ) ;
#11240 = EDGE_CURVE ( 'NONE', #2483, #6479, #22, .T. ) ;
#11241 = DIRECTION ( 'NONE',  ( -0.000000000000000000, -0.000000000000000000, -1.000000000000000000 ) ) ;
#11242 = VERTEX_POINT ( 'NONE', #3757 ) ;
#11243 = CARTESIAN_POINT ( 'NONE',  ( 4.907106802391994371, 5.897056182837714822, 1000.000000000000000 ) ) ;
#11244 = ORIENTED_EDGE ( 'NONE', *, *, #7166, .F. ) ;
#11245 = VERTEX_POINT ( 'NONE', #2893 ) ;
#11246 = LINE ( 'NONE', #10151, #4897 ) ;
#11247 = AXIS2_PLACEMENT_3D ( 'NONE', #10981, #4985, #3095 ) ;
#11248 = VECTOR ( 'NONE', #684, 1000.000000000000000 ) ;
#11249 = DIRECTION ( 'NONE',  ( 1.000000000000000000, 0.000000000000000000, 0.000000000000000000 ) ) ;
#11250 = DIRECTION ( 'NONE',  ( 0.000000000000000000, 0.000000000000000000, 1.000000000000000000 ) ) ;
#11251 = CARTESIAN_POINT ( 'NONE',  ( 30.00000024436753776, 3.949998421455033881, 0.000000000000000000 ) ) ;
#11252 = ORIENTED_EDGE ( 'NONE', *, *, #8065, .T. ) ;
#11253 = CARTESIAN_POINT ( 'NONE',  ( 3.319999900343678867, 8.250000058338313735, 0.000000000000000000 ) ) ;
#11254 = DIRECTION ( 'NONE',  ( -0.000000000000000000, -0.000000000000000000, -1.000000000000000000 ) ) ;
#11255 = DIRECTION ( 'NONE',  ( -0.000000000000000000, -0.000000000000000000, -1.000000000000000000 ) ) ;
#11256 = CIRCLE ( 'NONE', #2261, 0.9999999999999956701 ) ;
#11257 = ORIENTED_EDGE ( 'NONE', *, *, #9506, .F. ) ;
#11258 = DIRECTION ( 'NONE',  ( -0.000000000000000000, -0.000000000000000000, -1.000000000000000000 ) ) ;
#11259 = CIRCLE ( 'NONE', #4452, 1.999999734933161744 ) ;
#11260 = EDGE_LOOP ( 'NONE', ( #3487, #10716, #10715, #3435 ) ) ;
#11261 = FACE_OUTER_BOUND ( 'NONE', #7077, .T. ) ;
#11262 = DIRECTION ( 'NONE',  ( -0.000000000000000000, -0.000000000000000000, -1.000000000000000000 ) ) ;
#11263 = AXIS2_PLACEMENT_3D ( 'NONE', #6823, #5707, #8184 ) ;
#11264 = AXIS2_PLACEMENT_3D ( 'NONE', #1350, #1184, #10840 ) ;
#11265 = CYLINDRICAL_SURFACE ( 'NONE', #6789, 0.2499998882413007051 ) ;
#11266 = CARTESIAN_POINT ( 'NONE',  ( 23.39372188296547250, -0.8559508052926739774, 1000.000000000000000 ) ) ;
#11267 = CARTESIAN_POINT ( 'NONE',  ( 3.950000123395282170, -9.749999787236230731, 0.000000000000000000 ) ) ;
#11268 = CARTESIAN_POINT ( 'NONE',  ( 28.24999968900306158, -3.069998122879333380, 0.000000000000000000 ) ) ;
#11269 = DIRECTION ( 'NONE',  ( -1.000000000000000000, 0.000000000000000000, 0.000000000000000000 ) ) ;
#11270 = DIRECTION ( 'NONE',  ( 1.439044684105697004E-06, 0.9999999999989644950, 0.000000000000000000 ) ) ;
#11271 = EDGE_LOOP ( 'NONE', ( #10615, #1792, #1190, #6609 ) ) ;
#11272 = EDGE_LOOP ( 'NONE', ( #10195, #8413, #5298, #1643 ) ) ;
#11273 = VECTOR ( 'NONE', #5643, 1000.000000000000000 ) ;
#11274 = VERTEX_POINT ( 'NONE', #6553 ) ;
#11275 = FACE_OUTER_BOUND ( 'NONE', #940, .T. ) ;
#11276 = ORIENTED_EDGE ( 'NONE', *, *, #3437, .F. ) ;
#11277 = FACE_OUTER_BOUND ( 'NONE', #7397, .T. ) ;
#11278 = AXIS2_PLACEMENT_3D ( 'NONE', #3431, #6927, #2625 ) ;
#11279 = LINE ( 'NONE', #8626, #350 ) ;
#11280 = LINE ( 'NONE', #9601, #8476 ) ;
#11281 = ADVANCED_FACE ( 'NONE', ( #9146 ), #4668, .T. ) ;
#11282 = CARTESIAN_POINT ( 'NONE',  ( -9.149999820441054865, -3.320000110641208035, 1000.000000000000000 ) ) ;
#11283 = EDGE_CURVE ( 'NONE', #2907, #5235, #10065, .T. ) ;
#11284 = FACE_BOUND ( 'NONE', #1333, .T. ) ;
#11285 = ORIENTED_EDGE ( 'NONE', *, *, #528, .T. ) ;
#11286 = VERTEX_POINT ( 'NONE', #4611 ) ;
#11287 = ADVANCED_FACE ( 'NONE', ( #3692 ), #6331, .F. ) ;
#11288 = VERTEX_POINT ( 'NONE', #10707 ) ;
#11289 = EDGE_CURVE ( 'NONE', #2889, #3653, #5534, .T. ) ;
#11290 = ORIENTED_EDGE ( 'NONE', *, *, #6021, .T. ) ;
#11291 = ORIENTED_EDGE ( 'NONE', *, *, #599, .T. ) ;
#11292 = DIRECTION ( 'NONE',  ( -0.000000000000000000, -0.000000000000000000, -1.000000000000000000 ) ) ;
#11293 = FACE_OUTER_BOUND ( 'NONE', #5385, .T. ) ;
#11294 = VERTEX_POINT ( 'NONE', #7254 ) ;
#11295 = LINE ( 'NONE', #5081, #8734 ) ;
#11296 = AXIS2_PLACEMENT_3D ( 'NONE', #680, #5114, #8731 ) ;
#11297 = EDGE_CURVE ( 'NONE', #308, #9388, #1164, .T. ) ;
#11298 = DIRECTION ( 'NONE',  ( 0.7071068577770455166, -0.7071067045960413022, 0.000000000000000000 ) ) ;
#11299 = DIRECTION ( 'NONE',  ( -0.000000000000000000, -0.000000000000000000, -1.000000000000000000 ) ) ;
#11300 = EDGE_CURVE ( 'NONE', #888, #6468, #1966, .T. ) ;
#11301 = VERTEX_POINT ( 'NONE', #3928 ) ;
#11302 = DIRECTION ( 'NONE',  ( -0.000000000000000000, -0.000000000000000000, -1.000000000000000000 ) ) ;
#11303 = ORIENTED_EDGE ( 'NONE', *, *, #5963, .T. ) ;
#11304 = ORIENTED_EDGE ( 'NONE', *, *, #9747, .F. ) ;
#11305 = CIRCLE ( 'NONE', #7256, 0.2500000949956990293 ) ;
#11306 = LINE ( 'NONE', #3424, #2883 ) ;
#11307 = ADVANCED_FACE ( 'NONE', ( #9894 ), #10885, .F. ) ;
#11308 = LINE ( 'NONE', #2895, #5162 ) ;
#11309 = CARTESIAN_POINT ( 'NONE',  ( 27.99999925686936919, -4.196444300152229800, 1000.000000000000000 ) ) ;
#11310 = CIRCLE ( 'NONE', #1565, 1.500000000000001332 ) ;
#11311 = CYLINDRICAL_SURFACE ( 'NONE', #8486, 1.999999734933161744 ) ;
#11312 = ORIENTED_EDGE ( 'NONE', *, *, #6840, .T. ) ;
#11313 = DIRECTION ( 'NONE',  ( -0.000000000000000000, -0.000000000000000000, -1.000000000000000000 ) ) ;
#11314 = CARTESIAN_POINT ( 'NONE',  ( 23.70000138579651860, 9.399998947466265520, 1000.000000000000000 ) ) ;
#11315 = FACE_OUTER_BOUND ( 'NONE', #11271, .T. ) ;
#11316 = EDGE_LOOP ( 'NONE', ( #1780, #5234, #870, #8859 ) ) ;
#11317 = FACE_OUTER_BOUND ( 'NONE', #8735, .T. ) ;
#11318 = ORIENTED_EDGE ( 'NONE', *, *, #4190, .T. ) ;
#11319 = FACE_OUTER_BOUND ( 'NONE', #8285, .T. ) ;
#11320 = EDGE_CURVE ( 'NONE', #6613, #8764, #4784, .T. ) ;
#11321 = VECTOR ( 'NONE', #8500, 999.9999999999998863 ) ;
#11322 = CARTESIAN_POINT ( 'NONE',  ( 2.050609665440981999, 2.050609665440974894, 0.000000000000000000 ) ) ;
#11323 = DIRECTION ( 'NONE',  ( -0.000000000000000000, -0.000000000000000000, -1.000000000000000000 ) ) ;
#11324 = FACE_OUTER_BOUND ( 'NONE', #11169, .T. ) ;
#11325 = DIRECTION ( 'NONE',  ( -0.000000000000000000, -0.000000000000000000, -1.000000000000000000 ) ) ;
#11326 = CARTESIAN_POINT ( 'NONE',  ( 16.93000065914436547, 8.249999582054593716, 1000.000000000000000 ) ) ;
#11327 = AXIS2_PLACEMENT_3D ( 'NONE', #6802, #5147, #10316 ) ;
#11328 = DIRECTION ( 'NONE',  ( -0.000000000000000000, -0.000000000000000000, -1.000000000000000000 ) ) ;
#11329 = EDGE_CURVE ( 'NONE', #4248, #170, #9089, .T. ) ;
#11330 = ORIENTED_EDGE ( 'NONE', *, *, #2147, .F. ) ;
#11331 = ORIENTED_EDGE ( 'NONE', *, *, #5038, .F. ) ;
#11332 = VERTEX_POINT ( 'NONE', #9038 ) ;
#11333 = DIRECTION ( 'NONE',  ( 5.260373148504020885E-07, -0.9999999999998616662, 0.000000000000000000 ) ) ;
#11334 = CONTEXT_DEPENDENT_SHAPE_REPRESENTATION ( #6693, #6528 ) ;
#11335 = DIRECTION ( 'NONE',  ( -0.000000000000000000, -0.000000000000000000, -1.000000000000000000 ) ) ;
#11336 = CARTESIAN_POINT ( 'NONE',  ( -5.199999987655580469, -6.604162987453851663, 1000.000000000000000 ) ) ;
#11337 = CARTESIAN_POINT ( 'NONE',  ( 0.8559508052926669830, -3.393721882965480940, 1000.000000000000000 ) ) ;
#11338 = CARTESIAN_POINT ( 'NONE',  ( -3.950000101005074704, 10.00000012339513589, 0.000000000000000000 ) ) ;
#11339 = DIRECTION ( 'NONE',  ( 0.000000000000000000, 0.000000000000000000, 1.000000000000000000 ) ) ;
#11340 = VERTEX_POINT ( 'NONE', #5700 ) ;
#11341 = ORIENTED_EDGE ( 'NONE', *, *, #10941, .T. ) ;
#11342 = ORIENTED_EDGE ( 'NONE', *, *, #8602, .T. ) ;
#11343 = ORIENTED_EDGE ( 'NONE', *, *, #4561, .F. ) ;
#11344 = ORIENTED_EDGE ( 'NONE', *, *, #403, .T. ) ;
#11345 = CYLINDRICAL_SURFACE ( 'NONE', #6095, 0.2499999532848602157 ) ;
#11346 = VECTOR ( 'NONE', #4618, 1000.000000000000000 ) ;
#11347 = CYLINDRICAL_SURFACE ( 'NONE', #7790, 0.6000000901520956553 ) ;
#11348 = ORIENTED_EDGE ( 'NONE', *, *, #9056, .T. ) ;
#11349 = CARTESIAN_POINT ( 'NONE',  ( -8.300000051637834275, -4.703553445905020780, 1000.000000000000000 ) ) ;
#11350 = DIRECTION ( 'NONE',  ( 1.000000000000000000, 0.000000000000000000, 0.000000000000000000 ) ) ;
#11351 = EDGE_CURVE ( 'NONE', #100, #4408, #7433, .T. ) ;
#11352 = DIRECTION ( 'NONE',  ( 1.000000000000000000, 0.000000000000000000, 0.000000000000000000 ) ) ;
#11353 = ADVANCED_FACE ( 'NONE', ( #6386 ), #2026, .F. ) ;
#11354 = LINE ( 'NONE', #10370, #1522 ) ;
#11355 = CIRCLE ( 'NONE', #4551, 1.999999905005098277 ) ;
#11356 = VERTEX_POINT ( 'NONE', #3009 ) ;
#11357 = FACE_OUTER_BOUND ( 'NONE', #1819, .T. ) ;
#11358 = EDGE_LOOP ( 'NONE', ( #9438, #2479, #2475, #10443 ) ) ;
#11359 = ORIENTED_EDGE ( 'NONE', *, *, #130, .F. ) ;
#11360 = CARTESIAN_POINT ( 'NONE',  ( 13.77573621418299510, -5.234315123776769774, 0.000000000000000000 ) ) ;
#11361 = LINE ( 'NONE', #1121, #11198 ) ;
#11362 = EDGE_CURVE ( 'NONE', #8437, #2720, #191, .T. ) ;
#11363 = EDGE_CURVE ( 'NONE', #4508, #802, #10158, .T. ) ;
#11364 = ADVANCED_FACE ( 'NONE', ( #9955 ), #3869, .F. ) ;
#11365 = DIRECTION ( 'NONE',  ( 1.000000000000000000, 0.000000000000000000, 0.000000000000000000 ) ) ;
#11366 = DIRECTION ( 'NONE',  ( -1.000000000000000000, 0.000000000000000000, 0.000000000000000000 ) ) ;
#11367 = CARTESIAN_POINT ( 'NONE',  ( 22.18162259482446430, -5.999997902175799425, 1000.000000000000000 ) ) ;
#11368 = ORIENTED_EDGE ( 'NONE', *, *, #11073, .T. ) ;
#11369 = DIRECTION ( 'NONE',  ( -0.000000000000000000, 0.000000000000000000, -1.000000000000000000 ) ) ;
#11370 = LINE ( 'NONE', #8494, #4977 ) ;
#11371 = EDGE_CURVE ( 'NONE', #7079, #550, #5814, .T. ) ;
#11372 = ORIENTED_EDGE ( 'NONE', *, *, #5448, .T. ) ;
#11373 = LINE ( 'NONE', #9636, #5432 ) ;
#11374 = EDGE_LOOP ( 'NONE', ( #10994, #10818, #2004, #7780 ) ) ;
#11375 = VECTOR ( 'NONE', #10728, 1000.000000000000000 ) ;
#11376 = LINE ( 'NONE', #9808, #2681 ) ;
#11377 = DIRECTION ( 'NONE',  ( -0.000000000000000000, -0.000000000000000000, -1.000000000000000000 ) ) ;
#11378 = CIRCLE ( 'NONE', #4577, 0.2499999246625226323 ) ;
#11379 = VECTOR ( 'NONE', #4233, 1000.000000000000000 ) ;
#11380 = DIRECTION ( 'NONE',  ( 0.000000000000000000, -1.000000000000000000, 0.000000000000000000 ) ) ;
#11381 = LINE ( 'NONE', #5911, #7535 ) ;
#11382 = DIRECTION ( 'NONE',  ( -0.6246958175585011208, -0.7808681934391462631, 0.000000000000000000 ) ) ;
#11383 = EDGE_CURVE ( 'NONE', #4527, #8271, #5063, .T. ) ;
#11384 = ORIENTED_EDGE ( 'NONE', *, *, #10304, .T. ) ;
#11385 = NEXT_ASSEMBLY_USAGE_OCCURRENCE ( 'NAUO1', ' ', ' ', #4738, #7337, $ ) ;
ENDSEC;
END-ISO-10303-21;
