ISO-10303-21;
HEADER;
FILE_DESCRIPTION (( 'STEP AP214' ),
    '1' );
FILE_NAME ('A187 Шкив GT2, O отверстия 5 мм.STEP',
    '2019-10-17T08:51:58',
    ( 'Windows User' ),
    ( '' ),
    'SwSTEP 2.0',
    'SolidWorks 2019',
    '' );
FILE_SCHEMA (( 'AUTOMOTIVE_DESIGN' ));
ENDSEC;

DATA;
#1 = DIRECTION ( 'NONE',  ( 1.000000000000000000, -0.0000000000000000000, -0.0000000000000000000 ) ) ;
#2 = EDGE_CURVE ( 'NONE', #2193, #3050, #932, .T. ) ;
#3 = PLANE ( 'NONE',  #3067 ) ;
#4 = DIRECTION ( 'NONE',  ( 0.0000000000000000000, -0.9976079763756666718, 0.06912543288578525125 ) ) ;
#5 = ADVANCED_FACE ( 'NONE', ( #1168 ), #2395, .F. ) ;
#6 = ORIENTED_EDGE ( 'NONE', *, *, #1074, .T. ) ;
#7 = ORIENTED_EDGE ( 'NONE', *, *, #3934, .T. ) ;
#8 = DIRECTION ( 'NONE',  ( 1.000000000000000000, 0.0000000000000000000, 0.0000000000000000000 ) ) ;
#9 = LINE ( 'NONE', #1253, #1919 ) ;
#10 = CARTESIAN_POINT ( 'NONE',  ( -1.513555936695016646, -0.5291815499982376325, 2.445363950605317083 ) ) ;
#11 = LINE ( 'NONE', #3732, #3398 ) ;
#12 = LINE ( 'NONE', #3323, #3269 ) ;
#13 = EDGE_LOOP ( 'NONE', ( #2738, #2522, #2250, #92 ) ) ;
#14 = CARTESIAN_POINT ( 'NONE',  ( -10.75000000000000000, -5.896910901584988096, -1.649312282069623103 ) ) ;
#15 = CARTESIAN_POINT ( 'NONE',  ( -10.75000000000000000, -0.5118326490234108572, 5.106707545196424114 ) ) ;
#16 = VERTEX_POINT ( 'NONE', #3759 ) ;
#17 = DIRECTION ( 'NONE',  ( 0.0000000000000000000, 0.0000000000000000000, -1.000000000000000000 ) ) ;
#18 = FACE_OUTER_BOUND ( 'NONE', #907, .T. ) ;
#19 = LINE ( 'NONE', #2469, #3881 ) ;
#20 = EDGE_CURVE ( 'NONE', #1619, #16, #3132, .T. ) ;
#21 = ORIENTED_EDGE ( 'NONE', *, *, #1493, .T. ) ;
#22 = SURFACE_STYLE_USAGE ( .BOTH. , #1613 ) ;
#23 = SHAPE_DEFINITION_REPRESENTATION ( #2697, #128 ) ;
#24 = EDGE_CURVE ( 'NONE', #3776, #307, #1859, .T. ) ;
#25 = CARTESIAN_POINT ( 'NONE',  ( -10.75000000000000000, 0.2381673509765892260, 6.106707545196424114 ) ) ;
#26 = DIRECTION ( 'NONE',  ( 0.0000000000000000000, 0.0000000000000000000, -1.000000000000000000 ) ) ;
#27 = CIRCLE ( 'NONE', #3334, 2.000000000000000000 ) ;
#28 = EDGE_CURVE ( 'NONE', #3471, #3674, #3095, .T. ) ;
#29 = ORIENTED_EDGE ( 'NONE', *, *, #3734, .F. ) ;
#30 = PRESENTATION_LAYER_ASSIGNMENT (  '', '', ( #3809 ) ) ;
#31 = LINE ( 'NONE', #1282, #450 ) ;
#32 = DIRECTION ( 'NONE',  ( -0.0000000000000000000, 0.4539904997395460828, -0.8910065241883683429 ) ) ;
#33 = VECTOR ( 'NONE', #1135, 1000.000000000000114 ) ;
#34 = CARTESIAN_POINT ( 'NONE',  ( 1.600000000000000089, 2.225810487126345860E-22, 8.000000000000000000 ) ) ;
#35 = ORIENTED_EDGE ( 'NONE', *, *, #544, .T. ) ;
#36 = CARTESIAN_POINT ( 'NONE',  ( -3.750000000000000000, 0.0000000000000000000, 8.000000000000000000 ) ) ;
#37 = AXIS2_PLACEMENT_3D ( 'NONE', #694, #2834, #1931 ) ;
#38 = VECTOR ( 'NONE', #167, 1000.000000000000000 ) ;
#39 = PLANE ( 'NONE',  #300 ) ;
#40 = EDGE_CURVE ( 'NONE', #3695, #2902, #1283, .T. ) ;
#41 = VECTOR ( 'NONE', #322, 1000.000000000000114 ) ;
#42 =( GEOMETRIC_REPRESENTATION_CONTEXT ( 3 ) GLOBAL_UNCERTAINTY_ASSIGNED_CONTEXT ( ( #2969 ) ) GLOBAL_UNIT_ASSIGNED_CONTEXT ( ( #1201, #1785, #1837 ) ) REPRESENTATION_CONTEXT ( 'NONE', 'WORKASPACE' ) );
#43 = CARTESIAN_POINT ( 'NONE',  ( -3.750000000000000000, -2.065420323939452629, 4.702258990485213452 ) ) ;
#44 = EDGE_LOOP ( 'NONE', ( #1774, #3865, #1415, #1667 ) ) ;
#45 = CARTESIAN_POINT ( 'NONE',  ( 1.899999999999999911, -0.7500000000000000000, -1.000000000000000000 ) ) ;
#46 = CARTESIAN_POINT ( 'NONE',  ( -3.750000000000000000, 4.781651221645095262, 3.791686883723365931 ) ) ;
#47 = CARTESIAN_POINT ( 'NONE',  ( -3.750000000000000000, 0.4881673509765892538, 5.106707545196424114 ) ) ;
#48 = FACE_BOUND ( 'NONE', #952, .T. ) ;
#49 = CARTESIAN_POINT ( 'NONE',  ( -10.75000000000000000, 4.781651221645094374, -3.791686883723367263 ) ) ;
#50 = AXIS2_PLACEMENT_3D ( 'NONE', #2704, #1777, #1118 ) ;
#51 = CARTESIAN_POINT ( 'NONE',  ( -10.75000000000000000, 1.637479633046211358, -5.885078252561577017 ) ) ;
#52 = ORIENTED_EDGE ( 'NONE', *, *, #1248, .T. ) ;
#53 = CARTESIAN_POINT ( 'NONE',  ( -10.75000000000000000, -5.023108633883571983, 1.102531158620888574 ) ) ;
#54 = LINE ( 'NONE', #1296, #3084 ) ;
#55 = CARTESIAN_POINT ( 'NONE',  ( 1.387863705091932243, 7.960082242618725878, 0.8029163595397263986 ) ) ;
#56 = ORIENTED_EDGE ( 'NONE', *, *, #838, .T. ) ;
#57 = EDGE_CURVE ( 'NONE', #2576, #3909, #11, .T. ) ;
#58 = EDGE_CURVE ( 'NONE', #3541, #1619, #1256, .T. ) ;
#59 = CARTESIAN_POINT ( 'NONE',  ( -10.75000000000000000, 4.999443335836748936, -1.102531158620889240 ) ) ;
#60 = ADVANCED_FACE ( 'NONE', ( #1879 ), #2195, .F. ) ;
#61 =( NAMED_UNIT ( * ) PLANE_ANGLE_UNIT ( ) SI_UNIT ( $, .RADIAN. ) );
#62 = ORIENTED_EDGE ( 'NONE', *, *, #2775, .F. ) ;
#63 = FACE_OUTER_BOUND ( 'NONE', #2261, .T. ) ;
#64 = CARTESIAN_POINT ( 'NONE',  ( 4.000000000000000000, 0.0000000000000000000, 0.0000000000000000000 ) ) ;
#65 = ORIENTED_EDGE ( 'NONE', *, *, #1765, .T. ) ;
#66 = DIRECTION ( 'NONE',  ( 0.0000000000000000000, 0.0000000000000000000, -1.000000000000000000 ) ) ;
#67 = CARTESIAN_POINT ( 'NONE',  ( 3.750000000000000000, 0.0000000000000000000, 8.000000000000000000 ) ) ;
#68 = CARTESIAN_POINT ( 'NONE',  ( 0.5262017561512976060, 1.989626196910762479, -1.514556520976723997 ) ) ;
#69 = CARTESIAN_POINT ( 'NONE',  ( 1.899999999999999911, 0.7499999999999997780, 1.000000000000000000 ) ) ;
#70 = APPLICATION_CONTEXT ( 'automotive_design' ) ;
#71 = VERTEX_POINT ( 'NONE', #651 ) ;
#72 = ORIENTED_EDGE ( 'NONE', *, *, #784, .T. ) ;
#73 = FILL_AREA_STYLE_COLOUR ( '', #1011 ) ;
#74 = PLANE ( 'NONE',  #695 ) ;
#75 = DIRECTION ( 'NONE',  ( -0.0000000000000000000, -0.9876883405951377704, -0.1564344650402305081 ) ) ;
#76 = CARTESIAN_POINT ( 'NONE',  ( 3.750000000000000000, 0.0000000000000000000, -2.500000000000000000 ) ) ;
#77 = VERTEX_POINT ( 'NONE', #3113 ) ;
#78 = CARTESIAN_POINT ( 'NONE',  ( -10.75000000000000000, 5.873245603538165938, 1.649312282069624214 ) ) ;
#79 = PRODUCT_DEFINITION_SHAPE ( 'NONE', 'NONE',  #418 ) ;
#80 = EDGE_CURVE ( 'NONE', #4034, #94, #2024, .T. ) ;
#81 = ORIENTED_EDGE ( 'NONE', *, *, #1546, .F. ) ;
#82 = CARTESIAN_POINT ( 'NONE',  ( -10.75000000000000000, -6.118540194219835193, 0.2500000000000007772 ) ) ;
#83 = CARTESIAN_POINT ( 'NONE',  ( -10.75000000000000000, 3.779854234699954851, 4.793483870668506341 ) ) ;
#84 = VERTEX_POINT ( 'NONE', #76 ) ;
#85 = ORIENTED_EDGE ( 'NONE', *, *, #2548, .T. ) ;
#86 = LINE ( 'NONE', #132, #3147 ) ;
#87 = CARTESIAN_POINT ( 'NONE',  ( 3.499999999999999556, 0.0000000000000000000, 2.000000000000000000 ) ) ;
#88 = DIRECTION ( 'NONE',  ( 0.0000000000000000000, 0.0000000000000000000, 1.000000000000000000 ) ) ;
#89 = CARTESIAN_POINT ( 'NONE',  ( -10.75000000000000000, 5.094874896173013035, -0.5000000000000000000 ) ) ;
#90 = EDGE_CURVE ( 'NONE', #1601, #867, #2274, .T. ) ;
#91 = ORIENTED_EDGE ( 'NONE', *, *, #239, .T. ) ;
#92 = ORIENTED_EDGE ( 'NONE', *, *, #2979, .T. ) ;
#93 = DIRECTION ( 'NONE',  ( 0.0000000000000000000, 0.0000000000000000000, -1.000000000000000000 ) ) ;
#94 = VERTEX_POINT ( 'NONE', #1868 ) ;
#95 = SURFACE_SIDE_STYLE ('',( #708 ) ) ;
#96 = VERTEX_POINT ( 'NONE', #47 ) ;
#97 = VECTOR ( 'NONE', #2985, 999.9999999999998863 ) ;
#98 =( NAMED_UNIT ( * ) SI_UNIT ( $, .STERADIAN. ) SOLID_ANGLE_UNIT ( ) );
#99 = DIRECTION ( 'NONE',  ( 0.3420201433256662704, 0.0000000000000000000, -0.9396926207859092051 ) ) ;
#100 = AXIS2_PLACEMENT_3D ( 'NONE', #2298, #734, #1020 ) ;
#101 = ORIENTED_EDGE ( 'NONE', *, *, #3419, .T. ) ;
#102 = LINE ( 'NONE', #1338, #830 ) ;
#103 = CARTESIAN_POINT ( 'NONE',  ( -10.75000000000000000, 5.718737106350690880, -2.124840540217202367 ) ) ;
#104 = ORIENTED_EDGE ( 'NONE', *, *, #477, .T. ) ;
#105 = AXIS2_PLACEMENT_3D ( 'NONE', #1624, #2011, #416 ) ;
#106 = ORIENTED_EDGE ( 'NONE', *, *, #2140, .F. ) ;
#107 = VECTOR ( 'NONE', #1365, 1000.000000000000000 ) ;
#108 = LINE ( 'NONE', #3768, #1468 ) ;
#109 = CARTESIAN_POINT ( 'NONE',  ( 1.545552989921189724, 2.465452582236580703, -0.4273292000711033101 ) ) ;
#110 = DIRECTION ( 'NONE',  ( 1.000000000000000000, 0.0000000000000000000, 0.0000000000000000000 ) ) ;
#111 = VECTOR ( 'NONE', #1733, 1000.000000000000114 ) ;
#112 = EDGE_CURVE ( 'NONE', #3782, #389, #642, .T. ) ;
#113 = VECTOR ( 'NONE', #2475, 1000.000000000000114 ) ;
#114 = EDGE_CURVE ( 'NONE', #670, #896, #819, .T. ) ;
#115 = ORIENTED_EDGE ( 'NONE', *, *, #2801, .T. ) ;
#116 = VECTOR ( 'NONE', #1520, 1000.000000000000000 ) ;
#117 =( GEOMETRIC_REPRESENTATION_CONTEXT ( 3 ) GLOBAL_UNCERTAINTY_ASSIGNED_CONTEXT ( ( #1158 ) ) GLOBAL_UNIT_ASSIGNED_CONTEXT ( ( #1096, #516, #2371 ) ) REPRESENTATION_CONTEXT ( 'NONE', 'WORKASPACE' ) );
#118 = CARTESIAN_POINT ( 'NONE',  ( -3.750000000000000000, -1.661144931093034849, 5.885078252561577017 ) ) ;
#119 = ORIENTED_EDGE ( 'NONE', *, *, #2023, .T. ) ;
#120 = LINE ( 'NONE', #1828, #3944 ) ;
#121 = CARTESIAN_POINT ( 'NONE',  ( -10.75000000000000000, -3.417988529048041180, -3.837520563220440106 ) ) ;
#122 = EDGE_CURVE ( 'NONE', #2271, #3366, #3371, .T. ) ;
#123 = ORIENTED_EDGE ( 'NONE', *, *, #2097, .F. ) ;
#124 = DIRECTION ( 'NONE',  ( 0.0000000000000000000, -0.9510565162951540863, -0.3090169943749458970 ) ) ;
#125 = PLANE ( 'NONE',  #2825 ) ;
#126 = VERTEX_POINT ( 'NONE', #3973 ) ;
#127 = CARTESIAN_POINT ( 'NONE',  ( -3.750000000000000000, 5.873245603538165938, -1.649312282069625546 ) ) ;
#128 = SHAPE_REPRESENTATION ( 'S54 Винт установочный DIN 916 М4х4_M4(4)', ( #834 ), #252 ) ;
#129 = FACE_OUTER_BOUND ( 'NONE', #3046, .T. ) ;
#130 = ORIENTED_EDGE ( 'NONE', *, *, #2219, .F. ) ;
#131 = B_SPLINE_CURVE_WITH_KNOTS ( 'NONE', 3,
 ( #662, #680, #1907, #3142, #68, #3263, #2542, #2568, #722, #2627, #3497, #738, #109, #2917, #3834, #151, #1042, #501, #1385, #1647, #2267, #2857, #1672, #2325, #3558, #782 ),
 .UNSPECIFIED., .F., .F.,
 ( 4, 2, 2, 2, 2, 2, 2, 2, 2, 2, 2, 2, 4 ),
 ( 8.525251618258099269E-21, 0.0003220017380950148853, 0.0006440034761900299875, 0.001288006952380060842, 0.001610008690475076432, 0.001932010428570092239, 0.002254012166665108046, 0.002576013904760123853, 0.003220017380950155900, 0.003864020857140187080, 0.004186022595235203321, 0.004508024333330219562, 0.005152027809520251175 ),
 .UNSPECIFIED. ) ;
#132 = CARTESIAN_POINT ( 'NONE',  ( -3.750000000000000000, -4.805316519691916533, 3.791686883723366819 ) ) ;
#133 = CARTESIAN_POINT ( 'NONE',  ( -10.75000000000000000, 5.075543847791331054, 3.387178386535892205 ) ) ;
#134 = DIRECTION ( 'NONE',  ( -1.000000000000000000, -0.0000000000000000000, -0.0000000000000000000 ) ) ;
#135 = PLANE ( 'NONE',  #3083 ) ;
#136 = EDGE_CURVE ( 'NONE', #1564, #2793, #2169, .T. ) ;
#137 = VERTEX_POINT ( 'NONE', #1502 ) ;
#138 = EDGE_CURVE ( 'NONE', #77, #2576, #2402, .T. ) ;
#139 = FACE_OUTER_BOUND ( 'NONE', #3507, .T. ) ;
#140 = VERTEX_POINT ( 'NONE', #3356 ) ;
#141 = CARTESIAN_POINT ( 'NONE',  ( -10.75000000000000000, -5.099209145838154100, -3.387178386535892205 ) ) ;
#142 = ORIENTED_EDGE ( 'NONE', *, *, #28, .T. ) ;
#143 = DIRECTION ( 'NONE',  ( 1.000000000000000000, 0.0000000000000000000, 0.0000000000000000000 ) ) ;
#144 = CARTESIAN_POINT ( 'NONE',  ( -3.750000000000000000, 1.637479633046213134, 5.885078252561577905 ) ) ;
#145 = ORIENTED_EDGE ( 'NONE', *, *, #1030, .F. ) ;
#146 = CARTESIAN_POINT ( 'NONE',  ( -10.75000000000000000, 4.781651221645094374, -3.791686883723367263 ) ) ;
#147 = DIRECTION ( 'NONE',  ( 1.000000000000000000, -0.0000000000000000000, -0.0000000000000000000 ) ) ;
#148 = ORIENTED_EDGE ( 'NONE', *, *, #1051, .T. ) ;
#149 = DIRECTION ( 'NONE',  ( -0.0000000000000000000, -0.9510565162951529761, 0.3090169943749490056 ) ) ;
#150 = CARTESIAN_POINT ( 'NONE',  ( 3.750000000000000000, 3.061616997868383141E-16, 2.500000000000000000 ) ) ;
#151 = CARTESIAN_POINT ( 'NONE',  ( 1.600500886320401106, 2.500320566730779959, 0.2134641142311006490 ) ) ;
#152 = DIRECTION ( 'NONE',  ( 0.0000000000000000000, 0.0000000000000000000, -1.000000000000000000 ) ) ;
#153 = ORIENTED_EDGE ( 'NONE', *, *, #263, .F. ) ;
#154 = DIRECTION ( 'NONE',  ( 1.000000000000000000, -0.0000000000000000000, -0.0000000000000000000 ) ) ;
#155 = PLANE ( 'NONE',  #3076 ) ;
#156 = VERTEX_POINT ( 'NONE', #1129 ) ;
#157 = LINE ( 'NONE', #2903, #1022 ) ;
#158 = EDGE_LOOP ( 'NONE', ( #3115, #2778, #1449, #207 ) ) ;
#159 = FILL_AREA_STYLE ('',( #711 ) ) ;
#160 = EDGE_CURVE ( 'NONE', #537, #3596, #584, .T. ) ;
#161 = CARTESIAN_POINT ( 'NONE',  ( -3.750000000000000000, 1.637479633046211358, -5.885078252561577017 ) ) ;
#162 = ORIENTED_EDGE ( 'NONE', *, *, #1159, .F. ) ;
#163 = EDGE_CURVE ( 'NONE', #1762, #3962, #2385, .T. ) ;
#164 = LINE ( 'NONE', #1440, #1082 ) ;
#165 = CARTESIAN_POINT ( 'NONE',  ( -10.75000000000000000, 1.090698509597477273, 5.011275984860160015 ) ) ;
#166 = EDGE_LOOP ( 'NONE', ( #2984, #911, #2148, #2733 ) ) ;
#167 = DIRECTION ( 'NONE',  ( 1.000000000000000000, -0.0000000000000000000, -0.0000000000000000000 ) ) ;
#168 = AXIS2_PLACEMENT_3D ( 'NONE', #3636, #3294, #865 ) ;
#169 = EDGE_CURVE ( 'NONE', #930, #4032, #3376, .T. ) ;
#170 = CARTESIAN_POINT ( 'NONE',  ( -10.75000000000000000, -4.714091639508624532, -2.053587674916041106 ) ) ;
#171 = LINE ( 'NONE', #3289, #825 ) ;
#172 = VECTOR ( 'NONE', #2378, 1000.000000000000000 ) ;
#173 = DIRECTION ( 'NONE',  ( 0.0000000000000000000, 0.2425356250363329136, -0.9701425001453319874 ) ) ;
#174 = LINE ( 'NONE', #3205, #3087 ) ;
#175 = EDGE_CURVE ( 'NONE', #3596, #318, #1772, .T. ) ;
#176 =( GEOMETRIC_REPRESENTATION_CONTEXT ( 3 ) GLOBAL_UNCERTAINTY_ASSIGNED_CONTEXT ( ( #2669 ) ) GLOBAL_UNIT_ASSIGNED_CONTEXT ( ( #2126, #2442, #1634 ) ) REPRESENTATION_CONTEXT ( 'NONE', 'WORKASPACE' ) );
#177 = COLOUR_RGB ( '',0.4823529411764705954, 0.4901960784313725283, 0.4941176470588235503 ) ;
#178 = AXIS2_PLACEMENT_3D ( 'NONE', #3666, #1163, #268 ) ;
#179 = ORIENTED_EDGE ( 'NONE', *, *, #4026, .T. ) ;
#180 = FILL_AREA_STYLE ('',( #741 ) ) ;
#181 = VERTEX_POINT ( 'NONE', #903 ) ;
#182 = CIRCLE ( 'NONE', #2884, 8.000000000000000000 ) ;
#183 = DIRECTION ( 'NONE',  ( 1.000000000000000000, -0.0000000000000000000, -0.0000000000000000000 ) ) ;
#184 = VECTOR ( 'NONE', #1568, 1000.000000000000114 ) ;
#185 = AXIS2_PLACEMENT_3D ( 'NONE', #2509, #3167, #405 ) ;
#186 = MECHANICAL_DESIGN_GEOMETRIC_PRESENTATION_REPRESENTATION (  '', ( #3350 ), #1023 ) ;
#187 = VERTEX_POINT ( 'NONE', #600 ) ;
#188 = EDGE_LOOP ( 'NONE', ( #2604, #2703, #2457, #3843, #3322, #3566 ) ) ;
#189 = CARTESIAN_POINT ( 'NONE',  ( -3.750000000000000000, -5.099209145838154100, -3.387178386535892205 ) ) ;
#190 = ORIENTED_EDGE ( 'NONE', *, *, #3303, .T. ) ;
#191 = FACE_OUTER_BOUND ( 'NONE', #3345, .T. ) ;
#192 = ADVANCED_FACE ( 'NONE', ( #2364 ), #2753, .F. ) ;
#193 = EDGE_LOOP ( 'NONE', ( #217, #2860, #3927, #2797 ) ) ;
#194 = DIRECTION ( 'NONE',  ( -0.0000000000000000000, 0.4472135954999580942, 0.8944271909999157444 ) ) ;
#195 = EDGE_CURVE ( 'NONE', #1271, #1762, #2666, .T. ) ;
#196 = DIRECTION ( 'NONE',  ( 0.0000000000000000000, -0.8477127166205126185, -0.5304556061348303375 ) ) ;
#197 = CARTESIAN_POINT ( 'NONE',  ( 1003.454044648600643, 0.0000000000000000000, 0.0000000000000000000 ) ) ;
#198 = CARTESIAN_POINT ( 'NONE',  ( -10.75000000000000000, 3.375345737512479349, -5.087376496814743021 ) ) ;
#199 = LINE ( 'NONE', #3244, #3026 ) ;
#200 = ADVANCED_FACE ( 'NONE', ( #3935 ), #546, .F. ) ;
#201 = ORIENTED_EDGE ( 'NONE', *, *, #2100, .F. ) ;
#202 = CARTESIAN_POINT ( 'NONE',  ( -10.75000000000000000, -6.118540194219835193, 0.2500000000000007772 ) ) ;
#203 = CARTESIAN_POINT ( 'NONE',  ( -10.75000000000000000, -1.661144931093034627, 5.885078252561577017 ) ) ;
#204 = ORIENTED_EDGE ( 'NONE', *, *, #2124, .T. ) ;
#205 = DIRECTION ( 'NONE',  ( 0.9836500857612902049, 0.0000000000000000000, 0.1800902795317015359 ) ) ;
#206 = DIRECTION ( 'NONE',  ( -0.0000000000000000000, -0.8090169943749481174, 0.5877852522924721379 ) ) ;
#207 = ORIENTED_EDGE ( 'NONE', *, *, #2140, .T. ) ;
#208 = FACE_OUTER_BOUND ( 'NONE', #3618, .T. ) ;
#209 = EDGE_LOOP ( 'NONE', ( #3170, #2269, #808, #1981 ) ) ;
#210 = CARTESIAN_POINT ( 'NONE',  ( -3.750000000000000000, -4.805316519691918309, -3.791686883723365931 ) ) ;
#211 = EDGE_CURVE ( 'NONE', #537, #1057, #236, .T. ) ;
#212 = DIRECTION ( 'NONE',  ( -1.000000000000000000, -0.0000000000000000000, -0.0000000000000000000 ) ) ;
#213 = LINE ( 'NONE', #2662, #3664 ) ;
#214 = DIRECTION ( 'NONE',  ( 1.000000000000000000, -0.0000000000000000000, -0.0000000000000000000 ) ) ;
#215 = PLANE ( 'NONE',  #1993 ) ;
#216 = EDGE_CURVE ( 'NONE', #3674, #3311, #1152, .T. ) ;
#217 = ORIENTED_EDGE ( 'NONE', *, *, #729, .T. ) ;
#218 = EDGE_CURVE ( 'NONE', #1259, #3586, #2098, .T. ) ;
#219 = CARTESIAN_POINT ( 'NONE',  ( -3.750000000000000000, -3.849353212243852074, -3.406155880024630100 ) ) ;
#220 = FACE_OUTER_BOUND ( 'NONE', #3501, .T. ) ;
#221 = EDGE_LOOP ( 'NONE', ( #428, #430 ) ) ;
#222 = ORIENTED_EDGE ( 'NONE', *, *, #1062, .F. ) ;
#223 = PRODUCT_CONTEXT ( 'NONE', #3672, 'mechanical' ) ;
#224 = DIRECTION ( 'NONE',  ( -1.000000000000000000, -0.0000000000000000000, -0.0000000000000000000 ) ) ;
#225 = DIRECTION ( 'NONE',  ( 1.000000000000000000, -0.0000000000000000000, -0.0000000000000000000 ) ) ;
#226 = ORIENTED_EDGE ( 'NONE', *, *, #2548, .F. ) ;
#227 = APPLICATION_CONTEXT ( 'automotive_design' ) ;
#228 = DIRECTION ( 'NONE',  ( 1.000000000000000000, -0.0000000000000000000, -0.0000000000000000000 ) ) ;
#229 = EDGE_CURVE ( 'NONE', #1968, #3761, #3312, .T. ) ;
#230 = LINE ( 'NONE', #845, #2618 ) ;
#231 = LINE ( 'NONE', #1463, #2608 ) ;
#232 = DIRECTION ( 'NONE',  ( 1.000000000000000000, -0.0000000000000000000, -0.0000000000000000000 ) ) ;
#233 = CARTESIAN_POINT ( 'NONE',  ( -3.750000000000000000, 5.075543847791329277, -3.387178386535893537 ) ) ;
#234 = CIRCLE ( 'NONE', #2543, 8.000000000000000000 ) ;
#235 = VECTOR ( 'NONE', #1084, 1000.000000000000114 ) ;
#236 = LINE ( 'NONE', #2065, #2671 ) ;
#237 = EDGE_CURVE ( 'NONE', #1271, #398, #2415, .T. ) ;
#238 = LINE ( 'NONE', #1474, #3284 ) ;
#239 = EDGE_CURVE ( 'NONE', #727, #2576, #1827, .T. ) ;
#240 = EDGE_CURVE ( 'NONE', #2170, #1494, #528, .T. ) ;
#241 = VECTOR ( 'NONE', #1099, 1000.000000000000000 ) ;
#242 = VERTEX_POINT ( 'NONE', #3059 ) ;
#243 = DIRECTION ( 'NONE',  ( 0.0000000000000000000, 0.4539904997395471931, 0.8910065241883676768 ) ) ;
#244 = AXIS2_PLACEMENT_3D ( 'NONE', #2818, #3169, #1585 ) ;
#245 = CARTESIAN_POINT ( 'NONE',  ( 2.171080987733225138E-16, 8.367347937268000635, 3.113226607657354601E-16 ) ) ;
#246 = VECTOR ( 'NONE', #3911, 1000.000000000000000 ) ;
#247 = CARTESIAN_POINT ( 'NONE',  ( 1003.454044648600643, 0.0000000000000000000, 0.0000000000000000000 ) ) ;
#248 = VERTEX_POINT ( 'NONE', #2120 ) ;
#249 = ADVANCED_FACE ( 'NONE', ( #1792 ), #1490, .F. ) ;
#250 = DIRECTION ( 'NONE',  ( -1.000000000000000000, 0.0000000000000000000, 0.0000000000000000000 ) ) ;
#251 = AXIS2_PLACEMENT_3D ( 'NONE', #526, #1506, #902 ) ;
#252 =( GEOMETRIC_REPRESENTATION_CONTEXT ( 3 ) GLOBAL_UNCERTAINTY_ASSIGNED_CONTEXT ( ( #3296 ) ) GLOBAL_UNIT_ASSIGNED_CONTEXT ( ( #1375, #3316, #2352 ) ) REPRESENTATION_CONTEXT ( 'NONE', 'WORKASPACE' ) );
#253 = ORIENTED_EDGE ( 'NONE', *, *, #2251, .F. ) ;
#254 = CARTESIAN_POINT ( 'NONE',  ( -1.600000000000000089, -1.352337204692962626E-16, 8.000000000000000000 ) ) ;
#255 = DIRECTION ( 'NONE',  ( 0.0000000000000000000, 0.8477127166205130626, 0.5304556061348298934 ) ) ;
#256 = DIRECTION ( 'NONE',  ( -0.0000000000000000000, 1.000000000000000000, -0.0000000000000000000 ) ) ;
#257 = CARTESIAN_POINT ( 'NONE',  ( 1.899999999999999911, -0.7499999999999997780, 1.000000000000000000 ) ) ;
#258 = LINE ( 'NONE', #2713, #2874 ) ;
#259 = DIRECTION ( 'NONE',  ( 0.0000000000000000000, -0.7664508966033184434, -0.6423029060310792016 ) ) ;
#260 = DIRECTION ( 'NONE',  ( 1.000000000000000000, -0.0000000000000000000, -0.0000000000000000000 ) ) ;
#261 = FACE_OUTER_BOUND ( 'NONE', #2376, .T. ) ;
#262 = EDGE_CURVE ( 'NONE', #1829, #2992, #1189, .T. ) ;
#263 = EDGE_CURVE ( 'NONE', #850, #2700, #1507, .T. ) ;
#264 = ORIENTED_EDGE ( 'NONE', *, *, #3896, .F. ) ;
#265 = ORIENTED_EDGE ( 'NONE', *, *, #1858, .T. ) ;
#266 = LINE ( 'NONE', #2734, #3070 ) ;
#267 = CONTEXT_DEPENDENT_SHAPE_REPRESENTATION ( #3840, #3482 ) ;
#268 = DIRECTION ( 'NONE',  ( 0.0000000000000000000, 0.4539904997395471931, 0.8910065241883676768 ) ) ;
#269 = CARTESIAN_POINT ( 'NONE',  ( -3.750000000000000000, 2.113007891193788179, -5.730569755374101959 ) ) ;
#270 = ORIENTED_EDGE ( 'NONE', *, *, #240, .F. ) ;
#271 = PLANE ( 'NONE',  #3745 ) ;
#272 = DIRECTION ( 'NONE',  ( 0.0000000000000000000, -0.2425356250363329969, 0.9701425001453319874 ) ) ;
#273 = CARTESIAN_POINT ( 'NONE',  ( -0.4202021145737654950, 7.847277366462920511, 1.557827019871991681 ) ) ;
#274 = CARTESIAN_POINT ( 'NONE',  ( 3.750000000000000000, 0.0000000000000000000, 0.0000000000000000000 ) ) ;
#275 = CARTESIAN_POINT ( 'NONE',  ( 0.8030406116524129168, 1.387796321454080273, 7.878925812094058401 ) ) ;
#276 = CARTESIAN_POINT ( 'NONE',  ( 1.899999999999999911, -0.7500000000000000000, -1.000000000000000000 ) ) ;
#277 = CARTESIAN_POINT ( 'NONE',  ( -10.75000000000000000, 0.4881673509765891983, 5.106707545196424114 ) ) ;
#278 = ORIENTED_EDGE ( 'NONE', *, *, #3245, .T. ) ;
#279 = ORIENTED_EDGE ( 'NONE', *, *, #3860, .T. ) ;
#280 = CARTESIAN_POINT ( 'NONE',  ( -3.750000000000000000, -4.714091639508624532, -2.053587674916041106 ) ) ;
#281 = LINE ( 'NONE', #304, #886 ) ;
#282 = ORIENTED_EDGE ( 'NONE', *, *, #3538, .T. ) ;
#283 = DIRECTION ( 'NONE',  ( 0.0000000000000000000, -0.7071067811865475727, -0.7071067811865475727 ) ) ;
#284 = ORIENTED_EDGE ( 'NONE', *, *, #361, .F. ) ;
#285 = EDGE_CURVE ( 'NONE', #1192, #2207, #3682, .T. ) ;
#286 = LINE ( 'NONE', #3405, #1593 ) ;
#287 = EDGE_CURVE ( 'NONE', #3415, #2276, #2817, .T. ) ;
#288 = SURFACE_STYLE_FILL_AREA ( #3974 ) ;
#289 = ORIENTED_EDGE ( 'NONE', *, *, #1867, .F. ) ;
#290 = CARTESIAN_POINT ( 'NONE',  ( -1.599930188436462286, 7.999986037690165475, 0.1070230182186267393 ) ) ;
#291 = LINE ( 'NONE', #3714, #823 ) ;
#292 = CARTESIAN_POINT ( 'NONE',  ( -0.1048346322484578208, 1.600052735868188192, 7.838356412243564719 ) ) ;
#293 = CARTESIAN_POINT ( 'NONE',  ( -3.750000000000000000, 6.094874896173013035, 0.2500000000000000000 ) ) ;
#294 = FACE_OUTER_BOUND ( 'NONE', #3189, .T. ) ;
#295 = VECTOR ( 'NONE', #32, 999.9999999999998863 ) ;
#296 = ORIENTED_EDGE ( 'NONE', *, *, #749, .F. ) ;
#297 = VECTOR ( 'NONE', #3502, 1000.000000000000114 ) ;
#298 = VERTEX_POINT ( 'NONE', #2791 ) ;
#299 = FILL_AREA_STYLE ('',( #3062 ) ) ;
#300 = AXIS2_PLACEMENT_3D ( 'NONE', #1289, #2508, #3764 ) ;
#301 = APPLICATION_PROTOCOL_DEFINITION ( 'draft international standard', 'automotive_design', 1998, #3544 ) ;
#302 = VECTOR ( 'NONE', #2921, 1000.000000000000000 ) ;
#303 = VECTOR ( 'NONE', #553, 1000.000000000000000 ) ;
#304 = CARTESIAN_POINT ( 'NONE',  ( -10.75000000000000000, -2.065420323939453517, -4.702258990485212564 ) ) ;
#305 = ORIENTED_EDGE ( 'NONE', *, *, #2456, .F. ) ;
#306 = FACE_OUTER_BOUND ( 'NONE', #1534, .T. ) ;
#307 = VERTEX_POINT ( 'NONE', #3788 ) ;
#308 = VECTOR ( 'NONE', #3052, 1000.000000000000227 ) ;
#309 = VECTOR ( 'NONE', #650, 1000.000000000000000 ) ;
#310 = LINE ( 'NONE', #349, #2688 ) ;
#311 = ORIENTED_EDGE ( 'NONE', *, *, #2696, .T. ) ;
#312 = CARTESIAN_POINT ( 'NONE',  ( -1.388251277132782402, -0.8022942773601706712, 7.960148507182607247 ) ) ;
#313 = AXIS2_PLACEMENT_3D ( 'NONE', #2661, #2396, #2013 ) ;
#314 = ADVANCED_FACE ( 'NONE', ( #1630, #48 ), #701, .F. ) ;
#315 = VERTEX_POINT ( 'NONE', #643 ) ;
#316 = CARTESIAN_POINT ( 'NONE',  ( -0.8018342769175703655, 7.878797668360786766, -1.388534658624015705 ) ) ;
#317 = FACE_OUTER_BOUND ( 'NONE', #2807, .T. ) ;
#318 = VERTEX_POINT ( 'NONE', #1887 ) ;
#319 = DIRECTION ( 'NONE',  ( 1.000000000000000000, -0.0000000000000000000, -0.0000000000000000000 ) ) ;
#320 = CARTESIAN_POINT ( 'NONE',  ( -0.9789034468967044988, 2.154625970342213037, -1.269679067236471282 ) ) ;
#321 = CARTESIAN_POINT ( 'NONE',  ( -10.75000000000000000, -5.099209145838154100, -3.387178386535892205 ) ) ;
#322 = DIRECTION ( 'NONE',  ( -0.0000000000000000000, -0.8477127166205130626, 0.5304556061348300045 ) ) ;
#323 = ORIENTED_EDGE ( 'NONE', *, *, #3508, .F. ) ;
#324 = ORIENTED_EDGE ( 'NONE', *, *, #287, .T. ) ;
#325 = CARTESIAN_POINT ( 'NONE',  ( 1.600000000000000089, 2.225810487126345860E-22, 8.000000000000000000 ) ) ;
#326 = PLANE ( 'NONE',  #1408 ) ;
#327 = ORIENTED_EDGE ( 'NONE', *, *, #3068, .T. ) ;
#328 = CARTESIAN_POINT ( 'NONE',  ( -10.75000000000000000, -4.805316519691918309, -3.791686883723365931 ) ) ;
#329 = CARTESIAN_POINT ( 'NONE',  ( -10.75000000000000000, 0.4881673509765878660, -5.106707545196424114 ) ) ;
#330 = FILL_AREA_STYLE_COLOUR ( '', #880 ) ;
#331 = EDGE_LOOP ( 'NONE', ( #3341, #817, #3126, #1039 ) ) ;
#332 = LINE ( 'NONE', #3161, #2486 ) ;
#333 = DIRECTION ( 'NONE',  ( 1.000000000000000000, -0.0000000000000000000, -0.0000000000000000000 ) ) ;
#334 = ORIENTED_EDGE ( 'NONE', *, *, #3430, .T. ) ;
#335 = EDGE_CURVE ( 'NONE', #242, #1044, #234, .T. ) ;
#336 = DIRECTION ( 'NONE',  ( 0.0000000000000000000, 0.2425356250363329136, -0.9701425001453318764 ) ) ;
#337 = CARTESIAN_POINT ( 'NONE',  ( -10.75000000000000000, -4.437138464536324989, -2.597138885649682205 ) ) ;
#338 = DIRECTION ( 'NONE',  ( 0.0000000000000000000, -0.9274206331348670007, 0.3740200118118315875 ) ) ;
#339 = EDGE_CURVE ( 'NONE', #2292, #2744, #968, .T. ) ;
#340 = ADVANCED_FACE ( 'NONE', ( #2155 ), #3, .F. ) ;
#341 = ORIENTED_EDGE ( 'NONE', *, *, #3068, .F. ) ;
#342 = ORIENTED_EDGE ( 'NONE', *, *, #1322, .T. ) ;
#343 = CARTESIAN_POINT ( 'NONE',  ( -3.750000000000000000, 3.825687914197029471, 3.406155880024629656 ) ) ;
#344 = VERTEX_POINT ( 'NONE', #3086 ) ;
#345 = ADVANCED_FACE ( 'NONE', ( #1292 ), #3716, .F. ) ;
#346 = CARTESIAN_POINT ( 'NONE',  ( -3.750000000000000000, -1.114363807644298765, 5.011275984860160015 ) ) ;
#347 = CARTESIAN_POINT ( 'NONE',  ( 4.000000000000000000, 2.143131898507868297E-16, -1.500000000000000000 ) ) ;
#348 = EDGE_LOOP ( 'NONE', ( #2368, #2311, #2710, #3949 ) ) ;
#349 = CARTESIAN_POINT ( 'NONE',  ( -10.75000000000000000, 4.999443335836748936, -1.102531158620889240 ) ) ;
#350 = CARTESIAN_POINT ( 'NONE',  ( 0.1046459954732327363, 7.838367176906170464, 1.599999999999999645 ) ) ;
#351 = DIRECTION ( 'NONE',  ( 0.0000000000000000000, 0.9274206331348668897, -0.3740200118118316430 ) ) ;
#352 = EDGE_LOOP ( 'NONE', ( #3520, #2173, #3877, #1586 ) ) ;
#353 = CARTESIAN_POINT ( 'NONE',  ( -10.75000000000000000, 1.090698509597477273, 5.011275984860160015 ) ) ;
#354 = PLANE ( 'NONE',  #2675 ) ;
#355 = VERTEX_POINT ( 'NONE', #337 ) ;
#356 = CARTESIAN_POINT ( 'NONE',  ( -3.750000000000000000, 4.781651221645094374, -3.791686883723367263 ) ) ;
#357 = DIRECTION ( 'NONE',  ( 0.0000000000000000000, 0.0000000000000000000, -1.000000000000000000 ) ) ;
#358 = CARTESIAN_POINT ( 'NONE',  ( -10.75000000000000000, 2.113007891193789956, 5.730569755374102847 ) ) ;
#359 = CARTESIAN_POINT ( 'NONE',  ( -10.75000000000000000, -1.114363807644300097, -5.011275984860160015 ) ) ;
#360 = ORIENTED_EDGE ( 'NONE', *, *, #339, .T. ) ;
#361 = EDGE_CURVE ( 'NONE', #3962, #3925, #2839, .T. ) ;
#362 = EDGE_CURVE ( 'NONE', #3771, #1831, #3420, .T. ) ;
#363 = EDGE_LOOP ( 'NONE', ( #1053, #797, #2761, #2003 ) ) ;
#364 = PLANE ( 'NONE',  #822 ) ;
#365 = ORIENTED_EDGE ( 'NONE', *, *, #2100, .T. ) ;
#366 = VECTOR ( 'NONE', #2503, 1000.000000000000227 ) ;
#367 = PLANE ( 'NONE',  #3947 ) ;
#368 = CARTESIAN_POINT ( 'NONE',  ( -3.750000000000000000, 0.4881673509765878660, -5.106707545196424114 ) ) ;
#369 = CONICAL_SURFACE ( 'NONE', #1398, 1.500000000000000000, 0.7853981633974479459 ) ;
#370 = ADVANCED_FACE ( 'NONE', ( #18 ), #2529, .F. ) ;
#371 = CARTESIAN_POINT ( 'NONE',  ( 1.589572477642207549, 7.997895696128526133, 0.2103684964174636352 ) ) ;
#372 = ORIENTED_EDGE ( 'NONE', *, *, #2776, .F. ) ;
#373 = LINE ( 'NONE', #2847, #3547 ) ;
#374 = CARTESIAN_POINT ( 'NONE',  ( -10.75000000000000000, 4.690426341461801485, 2.053587674916041994 ) ) ;
#375 = AXIS2_PLACEMENT_3D ( 'NONE', #1045, #508, #3876 ) ;
#376 = VECTOR ( 'NONE', #2589, 1000.000000000000000 ) ;
#377 = PLANE ( 'NONE',  #576 ) ;
#378 = ORIENTED_EDGE ( 'NONE', *, *, #3572, .F. ) ;
#379 = DIRECTION ( 'NONE',  ( 0.0000000000000000000, -0.3090169943749460635, 0.9510565162951540863 ) ) ;
#380 = VECTOR ( 'NONE', #3708, 1000.000000000000000 ) ;
#381 = CARTESIAN_POINT ( 'NONE',  ( -10.75000000000000000, 5.075543847791331054, 3.387178386535892205 ) ) ;
#382 = VECTOR ( 'NONE', #3267, 1000.000000000000000 ) ;
#383 = VECTOR ( 'NONE', #2812, 1000.000000000000227 ) ;
#384 = DIRECTION ( 'NONE',  ( -1.000000000000000000, -0.0000000000000000000, -0.0000000000000000000 ) ) ;
#385 = LINE ( 'NONE', #3833, #3608 ) ;
#386 = DIRECTION ( 'NONE',  ( 0.0000000000000000000, 0.0000000000000000000, -1.000000000000000000 ) ) ;
#387 = CARTESIAN_POINT ( 'NONE',  ( -10.75000000000000000, -3.803519532746777454, 4.793483870668507230 ) ) ;
#388 = VECTOR ( 'NONE', #256, 1000.000000000000000 ) ;
#389 = VERTEX_POINT ( 'NONE', #1246 ) ;
#390 = ORIENTED_EDGE ( 'NONE', *, *, #1674, .F. ) ;
#391 = DIRECTION ( 'NONE',  ( -0.0000000000000000000, -0.9976079763756667829, -0.06912543288578471001 ) ) ;
#392 = EDGE_CURVE ( 'NONE', #2992, #2193, #3393, .T. ) ;
#393 = DIRECTION ( 'NONE',  ( -1.000000000000000000, 0.0000000000000000000, 0.0000000000000000000 ) ) ;
#394 = DIRECTION ( 'NONE',  ( 0.0000000000000000000, 0.4472135954999580942, -0.8944271909999157444 ) ) ;
#395 = CARTESIAN_POINT ( 'NONE',  ( -1.518792259991331169E-18, 7.838367176906169576, -1.600000000000000089 ) ) ;
#396 =( LENGTH_UNIT ( ) NAMED_UNIT ( * ) SI_UNIT ( .MILLI., .METRE. ) );
#397 = DIRECTION ( 'NONE',  ( 0.0000000000000000000, 0.5304556061348300045, 0.8477127166205129516 ) ) ;
#398 = VERTEX_POINT ( 'NONE', #3438 ) ;
#399 = EDGE_CURVE ( 'NONE', #1587, #1557, #2205, .T. ) ;
#400 = CARTESIAN_POINT ( 'NONE',  ( -3.750000000000000000, -1.661144931093034627, 5.885078252561577017 ) ) ;
#401 = CARTESIAN_POINT ( 'NONE',  ( -3.750000000000000000, 4.690426341461801485, 2.053587674916041994 ) ) ;
#402 = ORIENTED_EDGE ( 'NONE', *, *, #2143, .T. ) ;
#403 = EDGE_CURVE ( 'NONE', #1269, #1614, #1264, .T. ) ;
#404 = EDGE_LOOP ( 'NONE', ( #570, #3560, #3096, #3187 ) ) ;
#405 = DIRECTION ( 'NONE',  ( 0.0000000000000000000, 0.5304556061348296714, 0.8477127166205131736 ) ) ;
#406 = CARTESIAN_POINT ( 'NONE',  ( -10.75000000000000000, 5.718737106350692656, 2.124840540217201035 ) ) ;
#407 = CARTESIAN_POINT ( 'NONE',  ( -10.75000000000000000, 3.779854234699954851, 4.793483870668506341 ) ) ;
#408 = EDGE_LOOP ( 'NONE', ( #843, #2374, #1437, #3249 ) ) ;
#409 = CARTESIAN_POINT ( 'NONE',  ( -10.75000000000000000, -0.2618326490234123005, -6.106707545196424114 ) ) ;
#410 = DIRECTION ( 'NONE',  ( 1.000000000000000000, -0.0000000000000000000, -0.0000000000000000000 ) ) ;
#411 = ORIENTED_EDGE ( 'NONE', *, *, #3916, .T. ) ;
#412 = FACE_OUTER_BOUND ( 'NONE', #2320, .T. ) ;
#413 = ORIENTED_EDGE ( 'NONE', *, *, #2389, .T. ) ;
#414 = CARTESIAN_POINT ( 'NONE',  ( -3.750000000000000000, 5.718737106350693544, 2.124840540217201035 ) ) ;
#415 = EDGE_CURVE ( 'NONE', #96, #1262, #1549, .T. ) ;
#416 = DIRECTION ( 'NONE',  ( 0.0000000000000000000, 0.9876883405951377704, 0.1564344650402304804 ) ) ;
#417 = ORIENTED_EDGE ( 'NONE', *, *, #958, .T. ) ;
#418 = PRODUCT_DEFINITION ( 'UNKNOWN', '', #2189, #1113 ) ;
#419 = ORIENTED_EDGE ( 'NONE', *, *, #2251, .T. ) ;
#420 = LINE ( 'NONE', #1345, #3022 ) ;
#421 = PLANE ( 'NONE',  #2253 ) ;
#422 = DIRECTION ( 'NONE',  ( 0.0000000000000000000, 0.9510565162951530871, -0.3090169943749490611 ) ) ;
#423 = DIRECTION ( 'NONE',  ( 1.000000000000000000, -0.0000000000000000000, -0.0000000000000000000 ) ) ;
#424 = ORIENTED_EDGE ( 'NONE', *, *, #3784, .T. ) ;
#425 = CARTESIAN_POINT ( 'NONE',  ( -10.75000000000000000, -2.065420323939453517, -4.702258990485212564 ) ) ;
#426 = VERTEX_POINT ( 'NONE', #2488 ) ;
#427 = CARTESIAN_POINT ( 'NONE',  ( -3.750000000000000000, -5.896910901584987208, 1.649312282069624436 ) ) ;
#428 = ORIENTED_EDGE ( 'NONE', *, *, #114, .T. ) ;
#429 = LINE ( 'NONE', #121, #1920 ) ;
#430 = ORIENTED_EDGE ( 'NONE', *, *, #1675, .T. ) ;
#431 = VECTOR ( 'NONE', #3043, 1000.000000000000000 ) ;
#432 = LINE ( 'NONE', #1359, #3537 ) ;
#433 = ORIENTED_EDGE ( 'NONE', *, *, #1845, .F. ) ;
#434 = CARTESIAN_POINT ( 'NONE',  ( -3.736410698672603652E-15, -0.7894427190999948607, -1.144721359549997430 ) ) ;
#435 = LINE ( 'NONE', #1703, #3407 ) ;
#436 = AXIS2_PLACEMENT_3D ( 'NONE', #2404, #4025, #2419 ) ;
#437 = EDGE_LOOP ( 'NONE', ( #2635, #360, #1816, #2571 ) ) ;
#438 = EDGE_CURVE ( 'NONE', #867, #1601, #131, .T. ) ;
#439 = STYLED_ITEM ( 'NONE', ( #2631 ), #1923 ) ;
#440 = VECTOR ( 'NONE', #796, 1000.000000000000114 ) ;
#441 = EDGE_CURVE ( 'NONE', #2891, #719, #3243, .T. ) ;
#442 = CARTESIAN_POINT ( 'NONE',  ( -1.600000000000000089, 0.0000000000000000000, 8.000000000000000000 ) ) ;
#443 = AXIS2_PLACEMENT_3D ( 'NONE', #3577, #1695, #3899 ) ;
#444 = AXIS2_PLACEMENT_3D ( 'NONE', #2144, #3381, #606 ) ;
#445 = DIRECTION ( 'NONE',  ( -1.000000000000000000, 0.0000000000000000000, 0.0000000000000000000 ) ) ;
#446 = DIRECTION ( 'NONE',  ( 0.0000000000000000000, 0.3090169943749490056, 0.9510565162951529761 ) ) ;
#447 = PLANE ( 'NONE',  #3951 ) ;
#448 = AXIS2_PLACEMENT_3D ( 'NONE', #3358, #1155, #884 ) ;
#449 = VECTOR ( 'NONE', #3668, 1000.000000000000000 ) ;
#450 = VECTOR ( 'NONE', #3112, 1000.000000000000114 ) ;
#451 = ORIENTED_EDGE ( 'NONE', *, *, #3859, .T. ) ;
#452 = VECTOR ( 'NONE', #2016, 1000.000000000000114 ) ;
#453 = CIRCLE ( 'NONE', #1797, 1.500000000000000000 ) ;
#454 = CARTESIAN_POINT ( 'NONE',  ( -10.75000000000000000, -3.399011035559303284, 5.087376496814743021 ) ) ;
#455 = ORIENTED_EDGE ( 'NONE', *, *, #2021, .T. ) ;
#456 = CARTESIAN_POINT ( 'NONE',  ( -10.75000000000000000, 5.094874896173013035, 0.5000000000000000000 ) ) ;
#457 = DIRECTION ( 'NONE',  ( 0.0000000000000000000, 0.0000000000000000000, -1.000000000000000000 ) ) ;
#458 = ORIENTED_EDGE ( 'NONE', *, *, #1137, .T. ) ;
#459 = PLANE ( 'NONE',  #1154 ) ;
#460 = DIRECTION ( 'NONE',  ( 1.000000000000000000, -0.0000000000000000000, -0.0000000000000000000 ) ) ;
#461 = ORIENTED_EDGE ( 'NONE', *, *, #1493, .F. ) ;
#462 = DIRECTION ( 'NONE',  ( 0.0000000000000000000, 1.000000000000000000, 0.0000000000000000000 ) ) ;
#463 = CARTESIAN_POINT ( 'NONE',  ( -0.8089240966155961665, 1.384192362830892531, 2.082907352267575174 ) ) ;
#464 = CARTESIAN_POINT ( 'NONE',  ( -3.750000000000000000, -1.114363807644300097, -5.011275984860160015 ) ) ;
#465 = DIRECTION ( 'NONE',  ( 0.0000000000000000000, -0.9701425001453318764, 0.2425356250363330801 ) ) ;
#466 = EDGE_LOOP ( 'NONE', ( #1725, #1632, #1128 ) ) ;
#467 = DIRECTION ( 'NONE',  ( 0.0000000000000000000, 0.5877852522924720269, -0.8090169943749481174 ) ) ;
#468 = CARTESIAN_POINT ( 'NONE',  ( 0.0000000000000000000, 8.000000000000000000, -1.600000000000000089 ) ) ;
#469 = ORIENTED_EDGE ( 'NONE', *, *, #3433, .T. ) ;
#470 = DIRECTION ( 'NONE',  ( 1.000000000000000000, -0.0000000000000000000, -0.0000000000000000000 ) ) ;
#471 = EDGE_CURVE ( 'NONE', #3836, #3907, #2426, .T. ) ;
#472 = UNCERTAINTY_MEASURE_WITH_UNIT (LENGTH_MEASURE( 1.000000000000000082E-05 ), #1178, 'distance_accuracy_value', 'NONE');
#473 = EDGE_CURVE ( 'NONE', #2187, #2994, #483, .T. ) ;
#474 = ORIENTED_EDGE ( 'NONE', *, *, #1999, .F. ) ;
#475 = DIRECTION ( 'NONE',  ( -1.000000000000000000, -0.0000000000000000000, -0.0000000000000000000 ) ) ;
#476 = EDGE_LOOP ( 'NONE', ( #2621, #1574, #2795, #324 ) ) ;
#477 = EDGE_CURVE ( 'NONE', #3800, #1947, #1325, .T. ) ;
#478 = CARTESIAN_POINT ( 'NONE',  ( -10.75000000000000000, -0.5118326490234108572, 5.106707545196424114 ) ) ;
#479 = DIRECTION ( 'NONE',  ( 0.0000000000000000000, -0.3090169943749489501, -0.9510565162951530871 ) ) ;
#480 = EDGE_LOOP ( 'NONE', ( #1741, #4028, #1891, #3318 ) ) ;
#481 = DIRECTION ( 'NONE',  ( -0.0000000000000000000, 0.7071067811865467956, 0.7071067811865483499 ) ) ;
#482 = CARTESIAN_POINT ( 'NONE',  ( 1.055942669189797734, 1.206433457652697161, 2.191139886681866322 ) ) ;
#483 = LINE ( 'NONE', #1707, #2110 ) ;
#484 = CARTESIAN_POINT ( 'NONE',  ( -3.750000000000000000, -3.803519532746777454, 4.793483870668507230 ) ) ;
#485 = ORIENTED_EDGE ( 'NONE', *, *, #3610, .T. ) ;
#486 = B_SPLINE_CURVE_WITH_KNOTS ( 'NONE', 3,
 ( #2397, #3373, #3957, #2428, #560, #3075, #316, #1824, #863, #3056, #2152, #1541, #3411, #290, #1186, #2997, #1170, #2728, #4016, #1669, #3324, #3040, #1786, #273, #1767, #1518 ),
 .UNSPECIFIED., .F., .F.,
 ( 4, 2, 2, 2, 2, 2, 2, 2, 2, 2, 2, 2, 4 ),
 ( 0.007522636854129338517, 0.007836023158594359120, 0.008149409463059380590, 0.008462795767524400325, 0.008776182071989421796, 0.009402954680919464736, 0.01002972728984950594, 0.01034311359431452568, 0.01065649989877954715, 0.01096988620324456862, 0.01128327250770958835, 0.01191004511663962956, 0.01253681772556967250 ),
 .UNSPECIFIED. ) ;
#487 = ORIENTED_EDGE ( 'NONE', *, *, #3152, .T. ) ;
#488 = CARTESIAN_POINT ( 'NONE',  ( -3.750000000000000000, 5.718737106350690880, -2.124840540217202367 ) ) ;
#489 = ADVANCED_FACE ( 'NONE', ( #3185 ), #1027, .F. ) ;
#490 = ADVANCED_FACE ( 'NONE', ( #2035 ), #1366, .F. ) ;
#491 = ORIENTED_EDGE ( 'NONE', *, *, #1554, .F. ) ;
#492 = PRODUCT_RELATED_PRODUCT_CATEGORY ( 'part', '', ( #839 ) ) ;
#493 = CYLINDRICAL_SURFACE ( 'NONE', #3941, 8.000000000000000000 ) ;
#494 = ORIENTED_EDGE ( 'NONE', *, *, #2726, .T. ) ;
#495 = DIRECTION ( 'NONE',  ( -0.0000000000000000000, -0.5877852522924721379, -0.8090169943749481174 ) ) ;
#496 = ORIENTED_EDGE ( 'NONE', *, *, #40, .T. ) ;
#497 = DIRECTION ( 'NONE',  ( 0.0000000000000000000, 0.0000000000000000000, 1.000000000000000000 ) ) ;
#498 = AXIS2_PLACEMENT_3D ( 'NONE', #3475, #1002, #386 ) ;
#499 = CARTESIAN_POINT ( 'NONE',  ( -3.750000000000000000, -4.437138464536324101, 2.597138885649683093 ) ) ;
#500 = DIRECTION ( 'NONE',  ( -0.0000000000000000000, -1.000000000000000000, -0.0000000000000000000 ) ) ;
#501 = CARTESIAN_POINT ( 'NONE',  ( 1.391824843213258722, 2.371276554100793632, 0.8167531754715403602 ) ) ;
#502 = VECTOR ( 'NONE', #134, 1000.000000000000000 ) ;
#503 = LINE ( 'NONE', #1957, #452 ) ;
#504 = VECTOR ( 'NONE', #587, 1000.000000000000000 ) ;
#505 = CIRCLE ( 'NONE', #754, 1.900000000000003908 ) ;
#506 = AXIS2_PLACEMENT_3D ( 'NONE', #4027, #1803, #2420 ) ;
#507 = VERTEX_POINT ( 'NONE', #761 ) ;
#508 = DIRECTION ( 'NONE',  ( 0.0000000000000000000, -0.3090169943749490611, -0.9510565162951530871 ) ) ;
#509 = VECTOR ( 'NONE', #3197, 1000.000000000000000 ) ;
#510 = CARTESIAN_POINT ( 'NONE',  ( -3.750000000000000000, 1.090698509597477273, 5.011275984860160015 ) ) ;
#511 = AXIS2_PLACEMENT_3D ( 'NONE', #2156, #2401, #3330 ) ;
#512 = CIRCLE ( 'NONE', #1280, 2.500000000000000000 ) ;
#513 = ORIENTED_EDGE ( 'NONE', *, *, #3327, .F. ) ;
#514 = ORIENTED_EDGE ( 'NONE', *, *, #2275, .F. ) ;
#515 = EDGE_CURVE ( 'NONE', #1259, #970, #2286, .T. ) ;
#516 =( NAMED_UNIT ( * ) PLANE_ANGLE_UNIT ( ) SI_UNIT ( $, .RADIAN. ) );
#517 = CARTESIAN_POINT ( 'NONE',  ( -10.75000000000000000, -3.399011035559304172, -5.087376496814741245 ) ) ;
#518 = ORIENTED_EDGE ( 'NONE', *, *, #3150, .F. ) ;
#519 = LINE ( 'NONE', #814, #2183 ) ;
#520 = ORIENTED_EDGE ( 'NONE', *, *, #3051, .T. ) ;
#521 = LINE ( 'NONE', #860, #3343 ) ;
#522 = EDGE_CURVE ( 'NONE', #3849, #2227, #3514, .T. ) ;
#523 = LINE ( 'NONE', #3241, #1532 ) ;
#524 = FACE_OUTER_BOUND ( 'NONE', #3014, .T. ) ;
#525 = CARTESIAN_POINT ( 'NONE',  ( -10.75000000000000000, -5.023108633883571983, 1.102531158620888574 ) ) ;
#526 = CARTESIAN_POINT ( 'NONE',  ( -10.75000000000000000, -1.661144931093034627, 5.885078252561577017 ) ) ;
#527 = ORIENTED_EDGE ( 'NONE', *, *, #2905, .T. ) ;
#528 = LINE ( 'NONE', #3654, #1457 ) ;
#529 = PLANE ( 'NONE',  #2317 ) ;
#530 = CARTESIAN_POINT ( 'NONE',  ( -0.8087082020789883030, 2.082820982158632095, 1.384324495235764285 ) ) ;
#531 = VERTEX_POINT ( 'NONE', #3226 ) ;
#532 = ORIENTED_EDGE ( 'NONE', *, *, #3461, .T. ) ;
#533 = ORIENTED_EDGE ( 'NONE', *, *, #1745, .T. ) ;
#534 = CARTESIAN_POINT ( 'NONE',  ( -3.736410698672603652E-15, 0.0000000000000000000, 0.0000000000000000000 ) ) ;
#535 = ORIENTED_EDGE ( 'NONE', *, *, #548, .T. ) ;
#536 = FACE_OUTER_BOUND ( 'NONE', #1363, .T. ) ;
#537 = VERTEX_POINT ( 'NONE', #1975 ) ;
#538 = CARTESIAN_POINT ( 'NONE',  ( -10.75000000000000000, 6.094874896173013035, -0.2500000000000000000 ) ) ;
#539 = DIRECTION ( 'NONE',  ( -0.0000000000000000000, 0.6423029060310792016, -0.7664508966033183324 ) ) ;
#540 = EDGE_CURVE ( 'NONE', #1422, #1962, #3853, .T. ) ;
#541 = CARTESIAN_POINT ( 'NONE',  ( 0.7168294205173824096, 1.434214517359307717, 2.048298589247186996 ) ) ;
#542 = PRESENTATION_STYLE_ASSIGNMENT (( #2429 ) ) ;
#543 = CARTESIAN_POINT ( 'NONE',  ( 0.4201303548433320545, 1.558103260616258368, 7.847232496482104303 ) ) ;
#544 = EDGE_CURVE ( 'NONE', #1417, #140, #1060, .T. ) ;
#545 = VERTEX_POINT ( 'NONE', #3574 ) ;
#546 = PLANE ( 'NONE',  #168 ) ;
#547 = CARTESIAN_POINT ( 'NONE',  ( -10.75000000000000000, -2.136673189240611226, 5.730569755374103735 ) ) ;
#548 = EDGE_CURVE ( 'NONE', #2109, #16, #1997, .T. ) ;
#549 = EDGE_LOOP ( 'NONE', ( #2777, #3742, #1711, #2236 ) ) ;
#550 = ORIENTED_EDGE ( 'NONE', *, *, #2345, .F. ) ;
#551 = LINE ( 'NONE', #869, #504 ) ;
#552 = SHAPE_REPRESENTATION_RELATIONSHIP ( 'NONE' , 'NONE' ,  #128, #1966 ) ;
#553 = DIRECTION ( 'NONE',  ( -0.0000000000000000000, -0.8090169943749481174, 0.5877852522924721379 ) ) ;
#554 = ORIENTED_EDGE ( 'NONE', *, *, #3763, .T. ) ;
#555 = PLANE ( 'NONE',  #2118 ) ;
#556 = EDGE_LOOP ( 'NONE', ( #2974, #3395, #3751, #1216 ) ) ;
#557 = CARTESIAN_POINT ( 'NONE',  ( 1.899999999999999911, -0.7499999999999997780, 1.000000000000000000 ) ) ;
#558 = VERTEX_POINT ( 'NONE', #1690 ) ;
#559 = CARTESIAN_POINT ( 'NONE',  ( 1.899999999999999911, 0.7499999999999997780, 1.000000000000000000 ) ) ;
#560 = CARTESIAN_POINT ( 'NONE',  ( -0.5167518293499978599, 7.854791742023780721, -1.517864271085695327 ) ) ;
#561 = EDGE_CURVE ( 'NONE', #1139, #1057, #2343, .T. ) ;
#562 = DIRECTION ( 'NONE',  ( 0.0000000000000000000, 0.0000000000000000000, -1.000000000000000000 ) ) ;
#563 = CARTESIAN_POINT ( 'NONE',  ( -10.75000000000000000, 4.413473166489501942, -2.597138885649683537 ) ) ;
#564 = EDGE_CURVE ( 'NONE', #1422, #3320, #2413, .T. ) ;
#565 = VECTOR ( 'NONE', #963, 1000.000000000000114 ) ;
#566 = CARTESIAN_POINT ( 'NONE',  ( -3.750000000000000000, -1.661144931093034627, 5.885078252561577017 ) ) ;
#567 = PLANE ( 'NONE',  #2754 ) ;
#568 = CIRCLE ( 'NONE', #3337, 1.900000000000003908 ) ;
#569 = ADVANCED_FACE ( 'NONE', ( #3652, #3995 ), #3679, .T. ) ;
#570 = ORIENTED_EDGE ( 'NONE', *, *, #1569, .T. ) ;
#571 = ORIENTED_EDGE ( 'NONE', *, *, #1273, .F. ) ;
#572 = CARTESIAN_POINT ( 'NONE',  ( -3.750000000000000000, -4.714091639508624532, -2.053587674916041106 ) ) ;
#573 = ITEM_DEFINED_TRANSFORMATION ( 'NONE', 'NONE', #3750,  #834 ) ;
#574 = CARTESIAN_POINT ( 'NONE',  ( -10.75000000000000000, 6.094874896173013035, 0.2500000000000000000 ) ) ;
#575 = PLANE ( 'NONE',  #3946 ) ;
#576 = AXIS2_PLACEMENT_3D ( 'NONE', #673, #351, #3159 ) ;
#577 = ORIENTED_EDGE ( 'NONE', *, *, #1374, .T. ) ;
#578 = DIRECTION ( 'NONE',  ( -0.0000000000000000000, -0.9274206331348672228, -0.3740200118118306993 ) ) ;
#579 = ORIENTED_EDGE ( 'NONE', *, *, #3526, .F. ) ;
#580 = CARTESIAN_POINT ( 'NONE',  ( -1.437427041972666020, -0.7104900614672740033, 7.968979542869420563 ) ) ;
#581 = CARTESIAN_POINT ( 'NONE',  ( -10.75000000000000000, 5.718737106350690880, -2.124840540217202367 ) ) ;
#582 = DIRECTION ( 'NONE',  ( 0.0000000000000000000, 0.0000000000000000000, -1.000000000000000000 ) ) ;
#583 = CARTESIAN_POINT ( 'NONE',  ( 0.2120746511131661183, 1.599893925567255959, 7.838388829256259349 ) ) ;
#584 = LINE ( 'NONE', #1753, #1265 ) ;
#585 = CARTESIAN_POINT ( 'NONE',  ( -10.75000000000000000, -2.136673189240611226, 5.730569755374103735 ) ) ;
#586 = ADVANCED_FACE ( 'NONE', ( #2382 ), #1732, .F. ) ;
#587 = DIRECTION ( 'NONE',  ( 1.000000000000000000, -0.0000000000000000000, -0.0000000000000000000 ) ) ;
#588 = EDGE_LOOP ( 'NONE', ( #1357, #3576, #2334, #1709 ) ) ;
#589 = EDGE_CURVE ( 'NONE', #2012, #2744, #27, .T. ) ;
#590 = CARTESIAN_POINT ( 'NONE',  ( -10.75000000000000000, 0.4881673509765878660, -5.106707545196424114 ) ) ;
#591 = PLANE ( 'NONE',  #953 ) ;
#592 = ADVANCED_FACE ( 'NONE', ( #2135 ), #901, .F. ) ;
#593 = VERTEX_POINT ( 'NONE', #3352 ) ;
#594 = CARTESIAN_POINT ( 'NONE',  ( -10.75000000000000000, 4.781651221645094374, -3.791686883723367263 ) ) ;
#595 = ORIENTED_EDGE ( 'NONE', *, *, #2363, .T. ) ;
#596 = FACE_OUTER_BOUND ( 'NONE', #1268, .T. ) ;
#597 = CARTESIAN_POINT ( 'NONE',  ( 1.545705987488458666, 0.4269452504923342273, 2.465548158450527438 ) ) ;
#598 = LINE ( 'NONE', #1244, #3470 ) ;
#599 = PLANE ( 'NONE',  #1668 ) ;
#600 = CARTESIAN_POINT ( 'NONE',  ( -10.75000000000000000, 9.797174393178825657E-16, 8.000000000000000000 ) ) ;
#601 = LINE ( 'NONE', #3637, #4013 ) ;
#602 = ORIENTED_EDGE ( 'NONE', *, *, #2157, .T. ) ;
#603 = VERTEX_POINT ( 'NONE', #1204 ) ;
#604 = FACE_OUTER_BOUND ( 'NONE', #2988, .T. ) ;
#605 = ADVANCED_FACE ( 'NONE', ( #1505 ), #3374, .T. ) ;
#606 = DIRECTION ( 'NONE',  ( 0.0000000000000000000, 0.8477127166205128406, -0.5304556061348301155 ) ) ;
#607 = ORIENTED_EDGE ( 'NONE', *, *, #2075, .F. ) ;
#608 = EDGE_CURVE ( 'NONE', #2181, #2012, #1750, .T. ) ;
#609 = PLANE ( 'NONE',  #3342 ) ;
#610 = EDGE_LOOP ( 'NONE', ( #621, #1687, #898, #402 ) ) ;
#611 = DIRECTION ( 'NONE',  ( -0.0000000000000000000, 0.4539904997395471931, 0.8910065241883676768 ) ) ;
#612 = EDGE_LOOP ( 'NONE', ( #1692, #3451, #372, #3707 ) ) ;
#613 = CARTESIAN_POINT ( 'NONE',  ( 1.514070288284638632, 0.5279999932685700559, 2.445676160333912108 ) ) ;
#614 = DIRECTION ( 'NONE',  ( 0.0000000000000000000, 0.3740200118118316985, 0.9274206331348668897 ) ) ;
#615 = CARTESIAN_POINT ( 'NONE',  ( -10.75000000000000000, -3.399011035559303284, 5.087376496814743021 ) ) ;
#616 = CARTESIAN_POINT ( 'NONE',  ( -10.75000000000000000, -4.805316519691916533, 3.791686883723366819 ) ) ;
#617 = VECTOR ( 'NONE', #3955, 1000.000000000000000 ) ;
#618 = CARTESIAN_POINT ( 'NONE',  ( -10.75000000000000000, -3.849353212243851186, 3.406155880024630100 ) ) ;
#619 = EDGE_LOOP ( 'NONE', ( #640, #1944, #2539, #775 ) ) ;
#620 = STYLED_ITEM ( 'NONE', ( #2842 ), #1049 ) ;
#621 = ORIENTED_EDGE ( 'NONE', *, *, #2501, .F. ) ;
#622 = CARTESIAN_POINT ( 'NONE',  ( -10.75000000000000000, -1.114363807644300097, -5.011275984860160015 ) ) ;
#623 = VECTOR ( 'NONE', #3848, 1000.000000000000000 ) ;
#624 =( GEOMETRIC_REPRESENTATION_CONTEXT ( 3 ) GLOBAL_UNCERTAINTY_ASSIGNED_CONTEXT ( ( #3545 ) ) GLOBAL_UNIT_ASSIGNED_CONTEXT ( ( #2002, #1110, #2879 ) ) REPRESENTATION_CONTEXT ( 'NONE', 'WORKASPACE' ) );
#625 =( GEOMETRIC_REPRESENTATION_CONTEXT ( 3 ) GLOBAL_UNCERTAINTY_ASSIGNED_CONTEXT ( ( #2587 ) ) GLOBAL_UNIT_ASSIGNED_CONTEXT ( ( #1880, #61, #1929 ) ) REPRESENTATION_CONTEXT ( 'NONE', 'WORKASPACE' ) );
#626 = FACE_OUTER_BOUND ( 'NONE', #3193, .T. ) ;
#627 = CARTESIAN_POINT ( 'NONE',  ( -3.750000000000000000, 0.0000000000000000000, 0.0000000000000000000 ) ) ;
#628 = EDGE_CURVE ( 'NONE', #3889, #3909, #2963, .T. ) ;
#629 = VECTOR ( 'NONE', #1353, 1000.000000000000000 ) ;
#630 = VECTOR ( 'NONE', #1456, 1000.000000000000000 ) ;
#631 = DIRECTION ( 'NONE',  ( 0.0000000000000000000, 0.8944271909999159664, -0.4472135954999579832 ) ) ;
#632 = CARTESIAN_POINT ( 'NONE',  ( -10.75000000000000000, -1.114363807644300097, -5.011275984860160015 ) ) ;
#633 = DIRECTION ( 'NONE',  ( -0.0000000000000000000, -0.4539904997395473596, -0.8910065241883675657 ) ) ;
#634 = VECTOR ( 'NONE', #1430, 1000.000000000000000 ) ;
#635 = ORIENTED_EDGE ( 'NONE', *, *, #392, .T. ) ;
#636 = AXIS2_PLACEMENT_3D ( 'NONE', #78, #124, #2234 ) ;
#637 = CARTESIAN_POINT ( 'NONE',  ( -10.75000000000000000, -4.714091639508624532, 2.053587674916042438 ) ) ;
#638 = ADVANCED_FACE ( 'NONE', ( #3914 ), #3616, .F. ) ;
#639 = DIRECTION ( 'NONE',  ( 0.0000000000000000000, 0.0000000000000000000, 1.000000000000000000 ) ) ;
#640 = ORIENTED_EDGE ( 'NONE', *, *, #362, .T. ) ;
#641 = EDGE_CURVE ( 'NONE', #3883, #2565, #258, .T. ) ;
#642 = LINE ( 'NONE', #3102, #2940 ) ;
#643 = CARTESIAN_POINT ( 'NONE',  ( -3.750000000000000000, 2.585306236626269794, -4.425305815512913910 ) ) ;
#644 = CARTESIAN_POINT ( 'NONE',  ( -3.179601465570340487E-14, 1.920937271229874677, 1.600000000000002975 ) ) ;
#645 = ORIENTED_EDGE ( 'NONE', *, *, #1616, .F. ) ;
#646 = ORIENTED_EDGE ( 'NONE', *, *, #3529, .F. ) ;
#647 = LINE ( 'NONE', #343, #297 ) ;
#648 = DIRECTION ( 'NONE',  ( 0.0000000000000000000, 0.3740200118118315320, 0.9274206331348670007 ) ) ;
#649 = ORIENTED_EDGE ( 'NONE', *, *, #2642, .F. ) ;
#650 = DIRECTION ( 'NONE',  ( 1.000000000000000000, -0.0000000000000000000, -0.0000000000000000000 ) ) ;
#651 = CARTESIAN_POINT ( 'NONE',  ( -10.75000000000000000, -3.417988529048041180, 3.837520563220440994 ) ) ;
#652 = DIRECTION ( 'NONE',  ( 0.0000000000000000000, -0.4472135954999580942, -0.8944271909999157444 ) ) ;
#653 = VERTEX_POINT ( 'NONE', #1187 ) ;
#654 = DIRECTION ( 'NONE',  ( 0.0000000000000000000, 0.5304556061348298934, -0.8477127166205130626 ) ) ;
#655 = PLANE ( 'NONE',  #2048 ) ;
#656 = VERTEX_POINT ( 'NONE', #2749 ) ;
#657 = ADVANCED_FACE ( 'NONE', ( #1865 ), #2524, .F. ) ;
#658 = ADVANCED_FACE ( 'NONE', ( #3098 ), #3781, .F. ) ;
#659 = ORIENTED_EDGE ( 'NONE', *, *, #3529, .T. ) ;
#660 = CARTESIAN_POINT ( 'NONE',  ( -10.75000000000000000, -3.849353212243852074, -3.406155880024630100 ) ) ;
#661 = EDGE_CURVE ( 'NONE', #999, #930, #998, .T. ) ;
#662 = CARTESIAN_POINT ( 'NONE',  ( 1.698381632614207240E-17, 1.920937271229854471, -1.600000000000000089 ) ) ;
#663 = LINE ( 'NONE', #681, #1663 ) ;
#664 = ORIENTED_EDGE ( 'NONE', *, *, #3503, .F. ) ;
#665 = VERTEX_POINT ( 'NONE', #3697 ) ;
#666 = DIRECTION ( 'NONE',  ( 0.0000000000000000000, -0.4472135954999579277, -0.8944271909999158554 ) ) ;
#667 = LINE ( 'NONE', #1008, #4006 ) ;
#668 = DIRECTION ( 'NONE',  ( 0.0000000000000000000, -0.4539904997395463604, 0.8910065241883682319 ) ) ;
#669 = CARTESIAN_POINT ( 'NONE',  ( 1.272103521175285135, 7.940717285858314156, 0.9760086965501254541 ) ) ;
#670 = VERTEX_POINT ( 'NONE', #3436 ) ;
#671 = DIRECTION ( 'NONE',  ( 0.0000000000000000000, 0.7664508966033184434, 0.6423029060310792016 ) ) ;
#672 = CARTESIAN_POINT ( 'NONE',  ( 0.2109669596595270535, 7.840534340150183468, 1.589484056366075482 ) ) ;
#673 = CARTESIAN_POINT ( 'NONE',  ( -10.75000000000000000, -3.803519532746777898, -4.793483870668505453 ) ) ;
#674 = ORIENTED_EDGE ( 'NONE', *, *, #3419, .F. ) ;
#675 = DIRECTION ( 'NONE',  ( 0.0000000000000000000, 0.2425356250363330801, 0.9701425001453318764 ) ) ;
#676 = DIRECTION ( 'NONE',  ( 0.0000000000000000000, -0.9274206331348670007, 0.3740200118118315875 ) ) ;
#677 = VERTEX_POINT ( 'NONE', #2238 ) ;
#678 = DIRECTION ( 'NONE',  ( 0.0000000000000000000, 0.7664508966033178883, -0.6423029060310797567 ) ) ;
#679 = LINE ( 'NONE', #46, #1910 ) ;
#680 = CARTESIAN_POINT ( 'NONE',  ( 0.1092558602334922080, 1.920937271229855137, -1.600000000000000311 ) ) ;
#681 = CARTESIAN_POINT ( 'NONE',  ( -10.75000000000000000, -0.2618326490234108017, 6.106707545196424114 ) ) ;
#682 = ADVANCED_FACE ( 'NONE', ( #3136 ), #354, .F. ) ;
#683 = CARTESIAN_POINT ( 'NONE',  ( 3.750000000000000000, 0.0000000000000000000, 0.0000000000000000000 ) ) ;
#684 = VECTOR ( 'NONE', #1471, 1000.000000000000114 ) ;
#685 = ADVANCED_FACE ( 'NONE', ( #317 ), #655, .F. ) ;
#686 = FACE_BOUND ( 'NONE', #1151, .T. ) ;
#687 =( GEOMETRIC_REPRESENTATION_CONTEXT ( 3 ) GLOBAL_UNCERTAINTY_ASSIGNED_CONTEXT ( ( #3580 ) ) GLOBAL_UNIT_ASSIGNED_CONTEXT ( ( #3808, #2240, #1905 ) ) REPRESENTATION_CONTEXT ( 'NONE', 'WORKASPACE' ) );
#688 = CARTESIAN_POINT ( 'NONE',  ( -3.750000000000000000, -0.2618326490234108017, 6.106707545196424114 ) ) ;
#689 = VECTOR ( 'NONE', #3533, 1000.000000000000000 ) ;
#690 = CARTESIAN_POINT ( 'NONE',  ( 0.7107039769320023792, 7.869925634317096907, -1.437342573924890177 ) ) ;
#691 = AXIS2_PLACEMENT_3D ( 'NONE', #962, #379, #1037 ) ;
#692 = AXIS2_PLACEMENT_3D ( 'NONE', #574, #893, #3365 ) ;
#693 = ORIENTED_EDGE ( 'NONE', *, *, #641, .T. ) ;
#694 = CARTESIAN_POINT ( 'NONE',  ( 3.750000000000000000, 0.0000000000000000000, 0.0000000000000000000 ) ) ;
#695 = AXIS2_PLACEMENT_3D ( 'NONE', #3793, #728, #992 ) ;
#696 = FACE_OUTER_BOUND ( 'NONE', #352, .T. ) ;
#697 = ORIENTED_EDGE ( 'NONE', *, *, #954, .F. ) ;
#698 = STYLED_ITEM ( 'NONE', ( #1024 ), #3033 ) ;
#699 = EDGE_LOOP ( 'NONE', ( #2104, #253, #491, #1454 ) ) ;
#700 = PLANE ( 'NONE',  #185 ) ;
#701 = CYLINDRICAL_SURFACE ( 'NONE', #498, 2.500000000000000000 ) ;
#702 = LINE ( 'NONE', #3439, #1793 ) ;
#703 = ORIENTED_EDGE ( 'NONE', *, *, #561, .F. ) ;
#704 = ORIENTED_EDGE ( 'NONE', *, *, #3790, .T. ) ;
#705 = DIRECTION ( 'NONE',  ( 0.0000000000000000000, -0.9976079763756667829, 0.06912543288578477940 ) ) ;
#706 = ORIENTED_EDGE ( 'NONE', *, *, #2041, .T. ) ;
#707 = ADVANCED_FACE ( 'NONE', ( #1227 ), #39, .F. ) ;
#708 = SURFACE_STYLE_FILL_AREA ( #3484 ) ;
#709 = EDGE_CURVE ( 'NONE', #1254, #916, #2217, .T. ) ;
#710 = ORIENTED_EDGE ( 'NONE', *, *, #58, .F. ) ;
#711 = FILL_AREA_STYLE_COLOUR ( '', #3821 ) ;
#712 = CARTESIAN_POINT ( 'NONE',  ( 0.5156514001765595268, -1.518267099450175017, 7.854714489054982707 ) ) ;
#713 = ORIENTED_EDGE ( 'NONE', *, *, #2073, .F. ) ;
#714 = CARTESIAN_POINT ( 'NONE',  ( 0.1000000000000004774, 0.7500000000000000000, -1.000000000000000000 ) ) ;
#715 = ORIENTED_EDGE ( 'NONE', *, *, #1514, .T. ) ;
#716 = LINE ( 'NONE', #2264, #3597 ) ;
#717 = EDGE_LOOP ( 'NONE', ( #2494, #1565, #3440, #2659 ) ) ;
#718 = EDGE_CURVE ( 'NONE', #558, #665, #1883, .T. ) ;
#719 = VERTEX_POINT ( 'NONE', #43 ) ;
#720 = LINE ( 'NONE', #756, #1414 ) ;
#721 = LINE ( 'NONE', #2528, #4001 ) ;
#722 = CARTESIAN_POINT ( 'NONE',  ( 1.266393303513395407, 2.300326842467983468, -0.9832435651498062645 ) ) ;
#723 = CARTESIAN_POINT ( 'NONE',  ( -12.25000000000000000, 0.0000000000000000000, 0.0000000000000000000 ) ) ;
#724 = EDGE_LOOP ( 'NONE', ( #1805, #2403, #3686, #3232 ) ) ;
#725 = CARTESIAN_POINT ( 'NONE',  ( -3.750000000000000000, 0.2381673509765876717, -6.106707545196424114 ) ) ;
#726 = ORIENTED_EDGE ( 'NONE', *, *, #1649, .T. ) ;
#727 = VERTEX_POINT ( 'NONE', #1825 ) ;
#728 = DIRECTION ( 'NONE',  ( -0.0000000000000000000, 0.0000000000000000000, -1.000000000000000000 ) ) ;
#729 = EDGE_CURVE ( 'NONE', #3466, #344, #598, .T. ) ;
#730 = EDGE_CURVE ( 'NONE', #1225, #2736, #2466, .T. ) ;
#731 = CARTESIAN_POINT ( 'NONE',  ( 1.548409885361618610, -0.4164419397800533384, 7.989816453489799741 ) ) ;
#732 = ORIENTED_EDGE ( 'NONE', *, *, #3254, .T. ) ;
#733 = CARTESIAN_POINT ( 'NONE',  ( -10.75000000000000000, 4.413473166489502830, 2.597138885649682649 ) ) ;
#734 = DIRECTION ( 'NONE',  ( 0.0000000000000000000, -0.5877852522924721379, -0.8090169943749482284 ) ) ;
#735 = ORIENTED_EDGE ( 'NONE', *, *, #2570, .T. ) ;
#736 = FACE_OUTER_BOUND ( 'NONE', #1238, .T. ) ;
#737 = DIRECTION ( 'NONE',  ( 1.000000000000000000, 0.0000000000000000000, 0.0000000000000000000 ) ) ;
#738 = CARTESIAN_POINT ( 'NONE',  ( 1.513038625822105132, 2.445041279369493115, -0.5307173159141467256 ) ) ;
#739 = CARTESIAN_POINT ( 'NONE',  ( -3.750000000000000000, 4.999443335836748936, -1.102531158620889240 ) ) ;
#740 = ORIENTED_EDGE ( 'NONE', *, *, #1546, .T. ) ;
#741 = FILL_AREA_STYLE_COLOUR ( '', #177 ) ;
#742 = ORIENTED_EDGE ( 'NONE', *, *, #3100, .F. ) ;
#743 = FACE_OUTER_BOUND ( 'NONE', #549, .T. ) ;
#744 = ORIENTED_EDGE ( 'NONE', *, *, #237, .F. ) ;
#745 = AXIS2_PLACEMENT_3D ( 'NONE', #59, #978, #2804 ) ;
#746 = CARTESIAN_POINT ( 'NONE',  ( -3.750000000000000000, -3.849353212243852518, -3.406155880024629656 ) ) ;
#747 = CARTESIAN_POINT ( 'NONE',  ( -3.750000000000000000, 3.375345737512479349, -5.087376496814743021 ) ) ;
#748 = STYLED_ITEM ( 'NONE', ( #542 ), #638 ) ;
#749 = EDGE_CURVE ( 'NONE', #1538, #1939, #291, .T. ) ;
#750 = EDGE_LOOP ( 'NONE', ( #1561, #2151, #153, #3693 ) ) ;
#751 = DIRECTION ( 'NONE',  ( 1.000000000000000000, -0.0000000000000000000, -0.0000000000000000000 ) ) ;
#752 = CARTESIAN_POINT ( 'NONE',  ( -10.75000000000000000, -3.803519532746777898, -4.793483870668505453 ) ) ;
#753 = ORIENTED_EDGE ( 'NONE', *, *, #3359, .T. ) ;
#754 = AXIS2_PLACEMENT_3D ( 'NONE', #2216, #1260, #997 ) ;
#755 = VECTOR ( 'NONE', #2335, 1000.000000000000000 ) ;
#756 = CARTESIAN_POINT ( 'NONE',  ( -10.75000000000000000, -5.099209145838154100, -3.387178386535892205 ) ) ;
#757 = AXIS2_PLACEMENT_3D ( 'NONE', #2658, #1986, #3221 ) ;
#758 = EDGE_CURVE ( 'NONE', #1752, #315, #2172, .T. ) ;
#759 = VECTOR ( 'NONE', #652, 1000.000000000000114 ) ;
#760 = DIRECTION ( 'NONE',  ( 0.0000000000000000000, 0.0000000000000000000, -1.000000000000000000 ) ) ;
#761 = CARTESIAN_POINT ( 'NONE',  ( -10.75000000000000000, -2.608971534673093284, 4.425305815512913910 ) ) ;
#762 = CARTESIAN_POINT ( 'NONE',  ( 1.899999999999999911, 0.7499999999999997780, 1.000000000000000000 ) ) ;
#763 = ADVANCED_FACE ( 'NONE', ( #1903 ), #369, .T. ) ;
#764 = VECTOR ( 'NONE', #1813, 1000.000000000000114 ) ;
#765 = AXIS2_PLACEMENT_3D ( 'NONE', #1323, #445, #1263 ) ;
#766 = ORIENTED_EDGE ( 'NONE', *, *, #1109, .F. ) ;
#767 = AXIS2_PLACEMENT_3D ( 'NONE', #723, #783, #152 ) ;
#768 = DIRECTION ( 'NONE',  ( -0.0000000000000000000, 0.3740200118118306993, -0.9274206331348672228 ) ) ;
#769 = LINE ( 'NONE', #202, #1148 ) ;
#770 = VERTEX_POINT ( 'NONE', #2789 ) ;
#771 = LINE ( 'NONE', #1680, #1734 ) ;
#772 = EDGE_CURVE ( 'NONE', #2393, #3897, #2835, .T. ) ;
#773 = ORIENTED_EDGE ( 'NONE', *, *, #3841, .F. ) ;
#774 = DIRECTION ( 'NONE',  ( -0.0000000000000000000, -0.2425356250363331634, -0.9701425001453318764 ) ) ;
#775 = ORIENTED_EDGE ( 'NONE', *, *, #2149, .T. ) ;
#776 = DIRECTION ( 'NONE',  ( 0.0000000000000000000, -1.000000000000000000, 0.0000000000000000000 ) ) ;
#777 = PLANE ( 'NONE',  #1843 ) ;
#778 = ORIENTED_EDGE ( 'NONE', *, *, #160, .F. ) ;
#779 = PLANE ( 'NONE',  #3349 ) ;
#780 = DIRECTION ( 'NONE',  ( -0.0000000000000000000, -0.0000000000000000000, -1.000000000000000000 ) ) ;
#781 = EDGE_CURVE ( 'NONE', #1752, #1551, #2199, .T. ) ;
#782 = CARTESIAN_POINT ( 'NONE',  ( -3.179601465570340487E-14, 1.920937271229874677, 1.600000000000002975 ) ) ;
#783 = DIRECTION ( 'NONE',  ( 1.000000000000000000, 0.0000000000000000000, 0.0000000000000000000 ) ) ;
#784 = EDGE_CURVE ( 'NONE', #2700, #3286, #3117, .T. ) ;
#785 = EDGE_CURVE ( 'NONE', #1543, #426, #716, .T. ) ;
#786 = ORIENTED_EDGE ( 'NONE', *, *, #1674, .T. ) ;
#787 = CARTESIAN_POINT ( 'NONE',  ( -10.75000000000000000, -5.742402404397513926, 2.124840540217201035 ) ) ;
#788 = VERTEX_POINT ( 'NONE', #752 ) ;
#789 = CARTESIAN_POINT ( 'NONE',  ( -10.75000000000000000, 3.394323231001217689, -3.837520563220440994 ) ) ;
#790 = CARTESIAN_POINT ( 'NONE',  ( -1.273420596971293062, 2.301296758209038895, 0.9900691905551843863 ) ) ;
#791 = ADVANCED_FACE ( 'NONE', ( #1666 ), #777, .F. ) ;
#792 = ORIENTED_EDGE ( 'NONE', *, *, #1890, .T. ) ;
#793 = VERTEX_POINT ( 'NONE', #83 ) ;
#794 = CARTESIAN_POINT ( 'NONE',  ( -10.75000000000000000, 3.825687914197028139, -3.406155880024630545 ) ) ;
#795 = CARTESIAN_POINT ( 'NONE',  ( 0.1000000000000000472, -1.250000000000000000, 0.0000000000000000000 ) ) ;
#796 = DIRECTION ( 'NONE',  ( -0.0000000000000000000, -0.4539904997395457498, 0.8910065241883684539 ) ) ;
#797 = ORIENTED_EDGE ( 'NONE', *, *, #1392, .F. ) ;
#798 = PLANE ( 'NONE',  #3145 ) ;
#799 = DIRECTION ( 'NONE',  ( 1.000000000000000000, 0.0000000000000000000, 0.0000000000000000000 ) ) ;
#800 = CARTESIAN_POINT ( 'NONE',  ( -10.75000000000000000, 6.094874896173013035, -0.2500000000000000000 ) ) ;
#801 = DIRECTION ( 'NONE',  ( -0.0000000000000000000, 0.8910065241883683429, 0.4539904997395460828 ) ) ;
#802 = DIRECTION ( 'NONE',  ( 1.000000000000000000, -0.0000000000000000000, -0.0000000000000000000 ) ) ;
#803 = ORIENTED_EDGE ( 'NONE', *, *, #2668, .T. ) ;
#804 = ADVANCED_FACE ( 'NONE', ( #3888 ), #1362, .F. ) ;
#805 = CARTESIAN_POINT ( 'NONE',  ( -10.75000000000000000, -0.2618326490234123005, -6.106707545196424114 ) ) ;
#806 = DIRECTION ( 'NONE',  ( 0.0000000000000000000, 0.06912543288578514022, -0.9976079763756667829 ) ) ;
#807 = CARTESIAN_POINT ( 'NONE',  ( -1.599875704682016231, 2.499920451027246138, 0.1092976802358606864 ) ) ;
#808 = ORIENTED_EDGE ( 'NONE', *, *, #473, .F. ) ;
#809 = ORIENTED_EDGE ( 'NONE', *, *, #2283, .T. ) ;
#810 = VERTEX_POINT ( 'NONE', #3830 ) ;
#811 = EDGE_CURVE ( 'NONE', #665, #126, #3198, .T. ) ;
#812 = CARTESIAN_POINT ( 'NONE',  ( -10.75000000000000000, -3.803519532746777898, -4.793483870668505453 ) ) ;
#813 = ORIENTED_EDGE ( 'NONE', *, *, #3456, .F. ) ;
#814 = CARTESIAN_POINT ( 'NONE',  ( -10.75000000000000000, 3.825687914197028139, -3.406155880024630545 ) ) ;
#815 = VECTOR ( 'NONE', #1937, 1000.000000000000000 ) ;
#816 = EDGE_CURVE ( 'NONE', #1517, #2037, #1038, .T. ) ;
#817 = ORIENTED_EDGE ( 'NONE', *, *, #3483, .F. ) ;
#818 = CARTESIAN_POINT ( 'NONE',  ( 0.2151418589882845012, -1.599923458689298084, 1.921001024526647782 ) ) ;
#819 = CIRCLE ( 'NONE', #2243, 2.500000000000000000 ) ;
#820 = FACE_OUTER_BOUND ( 'NONE', #1077, .T. ) ;
#821 = CARTESIAN_POINT ( 'NONE',  ( -0.9777009247028791705, 1.270609142592584506, 2.154076122659045023 ) ) ;
#822 = AXIS2_PLACEMENT_3D ( 'NONE', #3171, #705, #1294 ) ;
#823 = VECTOR ( 'NONE', #936, 1000.000000000000000 ) ;
#824 = CARTESIAN_POINT ( 'NONE',  ( -0.2088885188456844899, 1.589745483565789597, 7.840480835258516912 ) ) ;
#825 = VECTOR ( 'NONE', #2896, 1000.000000000000000 ) ;
#826 = AXIS2_PLACEMENT_3D ( 'NONE', #3153, #393, #3774 ) ;
#827 = ORIENTED_EDGE ( 'NONE', *, *, #1103, .F. ) ;
#828 = CARTESIAN_POINT ( 'NONE',  ( -10.75000000000000000, 0.2381673509765876717, -6.106707545196424114 ) ) ;
#829 = VECTOR ( 'NONE', #3575, 1000.000000000000000 ) ;
#830 = VECTOR ( 'NONE', #3283, 1000.000000000000114 ) ;
#831 = CARTESIAN_POINT ( 'NONE',  ( -10.75000000000000000, 4.781651221645095262, 3.791686883723365931 ) ) ;
#832 = VECTOR ( 'NONE', #3038, 1000.000000000000000 ) ;
#833 = VECTOR ( 'NONE', #969, 1000.000000000000000 ) ;
#834 = AXIS2_PLACEMENT_3D ( 'NONE', #3175, #2294, #143 ) ;
#835 = EDGE_LOOP ( 'NONE', ( #3967, #2657, #2388, #1198 ) ) ;
#836 = ORIENTED_EDGE ( 'NONE', *, *, #2192, .T. ) ;
#837 = CARTESIAN_POINT ( 'NONE',  ( 0.0000000000000000000, 0.0000000000000000000, 0.0000000000000000000 ) ) ;
#838 = EDGE_CURVE ( 'NONE', #2139, #3622, #3162, .T. ) ;
#839 = PRODUCT ( 'S54 Винт установочный DIN 916 М4х4_M4(4)', 'S54 Винт установочный DIN 916 М4х4_M4(4)', '', ( #3063 ) ) ;
#840 = DIRECTION ( 'NONE',  ( -0.0000000000000000000, 0.8910065241883681209, -0.4539904997395463049 ) ) ;
#841 = ADVANCED_FACE ( 'NONE', ( #129 ), #1951, .F. ) ;
#842 = DIRECTION ( 'NONE',  ( -0.0000000000000000000, 0.4472135954999580942, 0.8944271909999157444 ) ) ;
#843 = ORIENTED_EDGE ( 'NONE', *, *, #3479, .T. ) ;
#844 = DIRECTION ( 'NONE',  ( 0.0000000000000000000, -0.0000000000000000000, -1.000000000000000000 ) ) ;
#845 = CARTESIAN_POINT ( 'NONE',  ( -10.75000000000000000, 5.873245603538165938, 1.649312282069624214 ) ) ;
#846 = CARTESIAN_POINT ( 'NONE',  ( -0.2183505831304672351, 1.599801191338127593, 1.921102864161654766 ) ) ;
#847 =( NAMED_UNIT ( * ) SI_UNIT ( $, .STERADIAN. ) SOLID_ANGLE_UNIT ( ) );
#848 = CARTESIAN_POINT ( 'NONE',  ( 1.398180708362136926, 0.8053365480257945741, 7.961705366806270945 ) ) ;
#849 = EDGE_CURVE ( 'NONE', #1111, #3311, #1401, .T. ) ;
#850 = VERTEX_POINT ( 'NONE', #3239 ) ;
#851 = DIRECTION ( 'NONE',  ( 0.0000000000000000000, -0.9701425001453318764, 0.2425356250363331356 ) ) ;
#852 = CARTESIAN_POINT ( 'NONE',  ( -10.75000000000000000, -5.023108633883571983, 1.102531158620888574 ) ) ;
#853 = ORIENTED_EDGE ( 'NONE', *, *, #2557, .F. ) ;
#854 = SURFACE_SIDE_STYLE ('',( #2637 ) ) ;
#855 = DIRECTION ( 'NONE',  ( 0.0000000000000000000, 0.3090169943749458970, -0.9510565162951540863 ) ) ;
#856 = VERTEX_POINT ( 'NONE', #2893 ) ;
#857 = FACE_OUTER_BOUND ( 'NONE', #1063, .T. ) ;
#858 = EDGE_CURVE ( 'NONE', #1192, #3466, #2620, .T. ) ;
#859 = ORIENTED_EDGE ( 'NONE', *, *, #2323, .F. ) ;
#860 = CARTESIAN_POINT ( 'NONE',  ( -3.736410698672603652E-15, 1.389442719099994950, -0.05527864045000258769 ) ) ;
#861 = ORIENTED_EDGE ( 'NONE', *, *, #3916, .F. ) ;
#862 = CARTESIAN_POINT ( 'NONE',  ( -3.750000000000000000, 4.690426341461801485, 2.053587674916041550 ) ) ;
#863 = CARTESIAN_POINT ( 'NONE',  ( -1.057746244840730432, 7.909078938828485228, -1.204984162125822600 ) ) ;
#864 = LINE ( 'NONE', #2136, #2692 ) ;
#865 = DIRECTION ( 'NONE',  ( 0.0000000000000000000, -0.2425356250363328303, 0.9701425001453318764 ) ) ;
#866 = DIRECTION ( 'NONE',  ( 1.000000000000000000, -0.0000000000000000000, -0.0000000000000000000 ) ) ;
#867 = VERTEX_POINT ( 'NONE', #3222 ) ;
#868 = EDGE_LOOP ( 'NONE', ( #1770, #1800, #3818, #1815 ) ) ;
#869 = CARTESIAN_POINT ( 'NONE',  ( -10.75000000000000000, 2.041755025892629138, -4.702258990485212564 ) ) ;
#870 = DIRECTION ( 'NONE',  ( 1.000000000000000000, 0.0000000000000000000, 0.0000000000000000000 ) ) ;
#871 = LINE ( 'NONE', #3367, #3542 ) ;
#872 = ORIENTED_EDGE ( 'NONE', *, *, #1054, .T. ) ;
#873 = LINE ( 'NONE', #2108, #3817 ) ;
#874 = ORIENTED_EDGE ( 'NONE', *, *, #2521, .F. ) ;
#875 = CARTESIAN_POINT ( 'NONE',  ( -1.589570116150398338, -0.2101828632230814120, 7.997895516852024045 ) ) ;
#876 = DIRECTION ( 'NONE',  ( 0.0000000000000000000, -0.6423029060310797567, -0.7664508966033178883 ) ) ;
#877 = LINE ( 'NONE', #3310, #116 ) ;
#878 = VECTOR ( 'NONE', #2830, 1000.000000000000000 ) ;
#879 = EDGE_CURVE ( 'NONE', #137, #1192, #435, .T. ) ;
#880 = COLOUR_RGB ( '',0.6078431372549019107, 0.6313725490196078205, 0.6627450980392156632 ) ;
#881 = VECTOR ( 'NONE', #1261, 1000.000000000000000 ) ;
#882 = EDGE_CURVE ( 'NONE', #1333, #3589, #1642, .T. ) ;
#883 = DIRECTION ( 'NONE',  ( 1.000000000000000000, -0.0000000000000000000, -0.0000000000000000000 ) ) ;
#884 = DIRECTION ( 'NONE',  ( 0.0000000000000000000, 0.1564344650402290093, -0.9876883405951379924 ) ) ;
#885 = AXIS2_PLACEMENT_3D ( 'NONE', #2537, #1562, #2523 ) ;
#886 = VECTOR ( 'NONE', #4007, 1000.000000000000000 ) ;
#887 = ADVANCED_FACE ( 'NONE', ( #696 ), #1100, .F. ) ;
#888 = ORIENTED_EDGE ( 'NONE', *, *, #136, .F. ) ;
#889 = CIRCLE ( 'NONE', #3144, 8.000000000000000000 ) ;
#890 = ORIENTED_EDGE ( 'NONE', *, *, #2805, .F. ) ;
#891 = VECTOR ( 'NONE', #3789, 1000.000000000000000 ) ;
#892 = VECTOR ( 'NONE', #2915, 1000.000000000000114 ) ;
#893 = DIRECTION ( 'NONE',  ( 0.0000000000000000000, -0.2425356250363329969, -0.9701425001453319874 ) ) ;
#894 = LINE ( 'NONE', #2737, #630 ) ;
#895 = STYLED_ITEM ( 'NONE', ( #2806 ), #3357 ) ;
#896 = VERTEX_POINT ( 'NONE', #3510 ) ;
#897 = PLANE ( 'NONE',  #2434 ) ;
#898 = ORIENTED_EDGE ( 'NONE', *, *, #2987, .T. ) ;
#899 = DIRECTION ( 'NONE',  ( -0.6666666666666661856, -0.7453559924999303421, 3.589720471355299517E-15 ) ) ;
#900 = DIRECTION ( 'NONE',  ( 1.000000000000000000, -0.0000000000000000000, -0.0000000000000000000 ) ) ;
#901 = PLANE ( 'NONE',  #3270 ) ;
#902 = DIRECTION ( 'NONE',  ( 0.0000000000000000000, 0.5304556061348298934, -0.8477127166205130626 ) ) ;
#903 = CARTESIAN_POINT ( 'NONE',  ( -3.750000000000000000, -2.136673189240611226, 5.730569755374102847 ) ) ;
#904 = DIRECTION ( 'NONE',  ( 0.0000000000000000000, -0.4472135954999580942, -0.8944271909999157444 ) ) ;
#905 = EDGE_CURVE ( 'NONE', #1094, #2471, #2913, .T. ) ;
#906 = EDGE_CURVE ( 'NONE', #426, #2460, #1971, .T. ) ;
#907 = EDGE_LOOP ( 'NONE', ( #2767, #3904, #2836, #3209 ) ) ;
#908 = EDGE_LOOP ( 'NONE', ( #1092, #469, #1775, #1722, #1095, #2351 ) ) ;
#909 = PLANE ( 'NONE',  #2946 ) ;
#910 = PLANE ( 'NONE',  #444 ) ;
#911 = ORIENTED_EDGE ( 'NONE', *, *, #4019, .T. ) ;
#912 = CARTESIAN_POINT ( 'NONE',  ( -3.750000000000000000, 5.075543847791331054, 3.387178386535892205 ) ) ;
#913 = ORIENTED_EDGE ( 'NONE', *, *, #1745, .F. ) ;
#914 = DIRECTION ( 'NONE',  ( -0.0000000000000000000, 0.9876883405951377704, 0.1564344650402304804 ) ) ;
#915 = PLANE ( 'NONE',  #2821 ) ;
#916 = VERTEX_POINT ( 'NONE', #1056 ) ;
#917 = LINE ( 'NONE', #2768, #3208 ) ;
#918 = DIRECTION ( 'NONE',  ( 1.000000000000000000, -0.0000000000000000000, -0.0000000000000000000 ) ) ;
#919 = FACE_OUTER_BOUND ( 'NONE', #1329, .T. ) ;
#920 = DIRECTION ( 'NONE',  ( 0.0000000000000000000, 0.3740200118118306993, -0.9274206331348672228 ) ) ;
#921 = PLANE ( 'NONE',  #3021 ) ;
#922 = ADVANCED_FACE ( 'NONE', ( #3527 ), #2319, .F. ) ;
#923 = ORIENTED_EDGE ( 'NONE', *, *, #90, .T. ) ;
#924 = PLANE ( 'NONE',  #3937 ) ;
#925 = ADVANCED_FACE ( 'NONE', ( #2702 ), #3568, .F. ) ;
#926 = CARTESIAN_POINT ( 'NONE',  ( -3.750000000000000000, -0.2618326490234123005, -6.106707545196424114 ) ) ;
#927 = EDGE_LOOP ( 'NONE', ( #2585, #2299, #3691, #419 ) ) ;
#928 = DIRECTION ( 'NONE',  ( 0.0000000000000000000, 0.0000000000000000000, -1.000000000000000000 ) ) ;
#929 = ADVANCED_FACE ( 'NONE', ( #1194 ), #924, .F. ) ;
#930 = VERTEX_POINT ( 'NONE', #2159 ) ;
#931 = DIRECTION ( 'NONE',  ( 0.0000000000000000000, 0.7071067811865483499, -0.7071067811865467956 ) ) ;
#932 = LINE ( 'NONE', #1764, #617 ) ;
#933 = DIRECTION ( 'NONE',  ( 0.0000000000000000000, 0.8090169943749481174, 0.5877852522924720269 ) ) ;
#934 = VERTEX_POINT ( 'NONE', #325 ) ;
#935 = FACE_OUTER_BOUND ( 'NONE', #2196, .T. ) ;
#936 = DIRECTION ( 'NONE',  ( -0.0000000000000000000, 0.8090169943749481174, 0.5877852522924721379 ) ) ;
#937 = EDGE_LOOP ( 'NONE', ( #1313, #3961, #778, #2910 ) ) ;
#938 = DIRECTION ( 'NONE',  ( 0.0000000000000000000, 0.0000000000000000000, -1.000000000000000000 ) ) ;
#939 = VECTOR ( 'NONE', #2400, 1000.000000000000114 ) ;
#940 = CARTESIAN_POINT ( 'NONE',  ( -3.750000000000000000, -5.099209145838150548, 3.387178386535893093 ) ) ;
#941 = AXIS2_PLACEMENT_3D ( 'NONE', #525, #2115, #1171 ) ;
#942 = EDGE_LOOP ( 'NONE', ( #3105, #226, #664, #451 ) ) ;
#943 = ORIENTED_EDGE ( 'NONE', *, *, #285, .T. ) ;
#944 = VECTOR ( 'NONE', #2936, 1000.000000000000227 ) ;
#945 = ORIENTED_EDGE ( 'NONE', *, *, #3920, .F. ) ;
#946 = VECTOR ( 'NONE', #1961, 1000.000000000000000 ) ;
#947 = AXIS2_PLACEMENT_3D ( 'NONE', #2533, #668, #3794 ) ;
#948 = AXIS2_PLACEMENT_3D ( 'NONE', #3488, #1638, #1660 ) ;
#949 = DIRECTION ( 'NONE',  ( 0.0000000000000000000, -0.4539904997395463604, -0.8910065241883682319 ) ) ;
#950 = LINE ( 'NONE', #993, #2682 ) ;
#951 = VECTOR ( 'NONE', #866, 1000.000000000000000 ) ;
#952 = EDGE_LOOP ( 'NONE', ( #2976, #1933 ) ) ;
#953 = AXIS2_PLACEMENT_3D ( 'NONE', #2721, #283, #1513 ) ;
#954 = EDGE_CURVE ( 'NONE', #856, #1018, #3006, .T. ) ;
#955 = AXIS2_PLACEMENT_3D ( 'NONE', #1558, #631, #1857 ) ;
#956 = DIRECTION ( 'NONE',  ( 0.0000000000000000000, 0.8910065241883684539, 0.4539904997395457498 ) ) ;
#957 = CARTESIAN_POINT ( 'NONE',  ( -10.75000000000000000, -1.114363807644300097, -5.011275984860160015 ) ) ;
#958 = EDGE_CURVE ( 'NONE', #389, #2333, #3963, .T. ) ;
#959 = PLANE ( 'NONE',  #948 ) ;
#960 = VECTOR ( 'NONE', #2398, 1000.000000000000000 ) ;
#961 = ORIENTED_EDGE ( 'NONE', *, *, #3101, .F. ) ;
#962 = CARTESIAN_POINT ( 'NONE',  ( -10.75000000000000000, 1.637479633046211358, -5.885078252561577017 ) ) ;
#963 = DIRECTION ( 'NONE',  ( -0.0000000000000000000, 0.7071067811865474617, -0.7071067811865474617 ) ) ;
#964 = ORIENTED_EDGE ( 'NONE', *, *, #1395, .T. ) ;
#965 = ORIENTED_EDGE ( 'NONE', *, *, #2776, .T. ) ;
#966 = CARTESIAN_POINT ( 'NONE',  ( -10.75000000000000000, -6.118540194219835193, -0.2499999999999992506 ) ) ;
#967 = EDGE_CURVE ( 'NONE', #850, #1018, #2337, .T. ) ;
#968 = LINE ( 'NONE', #1309, #4000 ) ;
#969 = DIRECTION ( 'NONE',  ( 1.000000000000000000, -0.0000000000000000000, -0.0000000000000000000 ) ) ;
#970 = VERTEX_POINT ( 'NONE', #3047 ) ;
#971 = ORIENTED_EDGE ( 'NONE', *, *, #2519, .F. ) ;
#972 = CARTESIAN_POINT ( 'NONE',  ( -3.750000000000000000, -5.118540194219835193, -0.4999999999999993339 ) ) ;
#973 = CARTESIAN_POINT ( 'NONE',  ( -10.75000000000000000, -5.742402404397514815, -2.124840540217199703 ) ) ;
#974 = CARTESIAN_POINT ( 'NONE',  ( 0.4194091108028011883, 7.847191942959080180, -1.558303971743449701 ) ) ;
#975 = ORIENTED_EDGE ( 'NONE', *, *, #2979, .F. ) ;
#976 = DIRECTION ( 'NONE',  ( 0.0000000000000000000, 0.06912543288578471001, -0.9976079763756667829 ) ) ;
#977 = ADVANCED_FACE ( 'NONE', ( #1234 ), #3688, .F. ) ;
#978 = DIRECTION ( 'NONE',  ( 0.0000000000000000000, -0.9876883405951378814, 0.1564344650402301196 ) ) ;
#979 = CARTESIAN_POINT ( 'NONE',  ( 0.2103594658040228715, -1.589565450044618800, 7.840517741864382550 ) ) ;
#980 = ADVANCED_FACE ( 'NONE', ( #3396 ), #909, .F. ) ;
#981 = ORIENTED_EDGE ( 'NONE', *, *, #749, .T. ) ;
#982 = CARTESIAN_POINT ( 'NONE',  ( 3.750000000000000000, 0.0000000000000000000, 0.0000000000000000000 ) ) ;
#983 = CARTESIAN_POINT ( 'NONE',  ( -3.750000000000000000, -3.803519532746777898, -4.793483870668505453 ) ) ;
#984 = CYLINDRICAL_SURFACE ( 'NONE', #2493, 1.600000000000000089 ) ;
#985 = CARTESIAN_POINT ( 'NONE',  ( -3.736410698672603652E-15, 1.500000000000000000, 0.0000000000000000000 ) ) ;
#986 = DIRECTION ( 'NONE',  ( 0.7071067811865475727, 0.6324555320336758824, -0.3162277660168379412 ) ) ;
#987 = PLANE ( 'NONE',  #3416 ) ;
#988 = ORIENTED_EDGE ( 'NONE', *, *, #522, .F. ) ;
#989 = ADVANCED_FACE ( 'NONE', ( #1510 ), #3090, .F. ) ;
#990 = EDGE_LOOP ( 'NONE', ( #975, #3624 ) ) ;
#991 = LINE ( 'NONE', #1915, #946 ) ;
#992 = DIRECTION ( 'NONE',  ( -1.000000000000000000, 0.0000000000000000000, 0.0000000000000000000 ) ) ;
#993 = CARTESIAN_POINT ( 'NONE',  ( -3.750000000000000000, 3.779854234699953519, -4.793483870668507230 ) ) ;
#994 = CARTESIAN_POINT ( 'NONE',  ( 0.9757227049769147120, 7.898393911312851401, -1.272329009707499736 ) ) ;
#995 = EDGE_LOOP ( 'NONE', ( #1897, #1866, #4009, #496 ) ) ;
#996 = CARTESIAN_POINT ( 'NONE',  ( 0.8067260372813735980, -1.397611715706429170, 7.877396794087025533 ) ) ;
#997 = DIRECTION ( 'NONE',  ( 0.0000000000000000000, 0.0000000000000000000, -1.000000000000000000 ) ) ;
#998 = LINE ( 'NONE', #983, #2308 ) ;
#999 = VERTEX_POINT ( 'NONE', #3660 ) ;
#1000 = DIRECTION ( 'NONE',  ( 0.0000000000000000000, 0.9274206331348668897, -0.3740200118118316985 ) ) ;
#1001 = CARTESIAN_POINT ( 'NONE',  ( -10.75000000000000000, 0.0000000000000000000, -8.000000000000000000 ) ) ;
#1002 = DIRECTION ( 'NONE',  ( 1.000000000000000000, -0.0000000000000000000, -0.0000000000000000000 ) ) ;
#1003 = LINE ( 'NONE', #1888, #3146 ) ;
#1004 = EDGE_CURVE ( 'NONE', #1913, #2227, #1787, .T. ) ;
#1005 = EDGE_CURVE ( 'NONE', #1551, #77, #551, .T. ) ;
#1006 = VECTOR ( 'NONE', #2759, 1000.000000000000000 ) ;
#1007 = CARTESIAN_POINT ( 'NONE',  ( -10.75000000000000000, -0.2618326490234123005, -6.106707545196424114 ) ) ;
#1008 = CARTESIAN_POINT ( 'NONE',  ( -3.750000000000000000, 5.075543847791331054, 3.387178386535892205 ) ) ;
#1009 = LINE ( 'NONE', #1573, #2432 ) ;
#1010 =( GEOMETRIC_REPRESENTATION_CONTEXT ( 3 ) GLOBAL_UNCERTAINTY_ASSIGNED_CONTEXT ( ( #1391 ) ) GLOBAL_UNIT_ASSIGNED_CONTEXT ( ( #3593, #2060, #847 ) ) REPRESENTATION_CONTEXT ( 'NONE', 'WORKASPACE' ) );
#1011 = COLOUR_RGB ( '',0.4823529411764705954, 0.4901960784313725283, 0.4941176470588235503 ) ;
#1012 = VECTOR ( 'NONE', #1203, 1000.000000000000000 ) ;
#1013 = CONICAL_SURFACE ( 'NONE', #3273, 2747.477419454644405, 1.221730476396033271 ) ;
#1014 = FACE_OUTER_BOUND ( 'NONE', #3220, .T. ) ;
#1015 = ORIENTED_EDGE ( 'NONE', *, *, #3841, .T. ) ;
#1016 = CARTESIAN_POINT ( 'NONE',  ( -3.750000000000000000, -5.896910901584988096, -1.649312282069623103 ) ) ;
#1017 = AXIS2_PLACEMENT_3D ( 'NONE', #985, #1025, #357 ) ;
#1018 = VERTEX_POINT ( 'NONE', #572 ) ;
#1019 = VECTOR ( 'NONE', #578, 1000.000000000000114 ) ;
#1020 = DIRECTION ( 'NONE',  ( 0.0000000000000000000, 0.8090169943749481174, -0.5877852522924720269 ) ) ;
#1021 = ORIENTED_EDGE ( 'NONE', *, *, #2668, .F. ) ;
#1022 = VECTOR ( 'NONE', #470, 1000.000000000000000 ) ;
#1023 =( GEOMETRIC_REPRESENTATION_CONTEXT ( 3 ) GLOBAL_UNCERTAINTY_ASSIGNED_CONTEXT ( ( #1713 ) ) GLOBAL_UNIT_ASSIGNED_CONTEXT ( ( #2259, #1965, #1898 ) ) REPRESENTATION_CONTEXT ( 'NONE', 'WORKASPACE' ) );
#1024 = PRESENTATION_STYLE_ASSIGNMENT (( #1364 ) ) ;
#1025 = DIRECTION ( 'NONE',  ( 1.000000000000000000, 0.0000000000000000000, 0.0000000000000000000 ) ) ;
#1026 = PRODUCT_DEFINITION_SHAPE ( 'NONE', 'NONE',  #2798 ) ;
#1027 = PLANE ( 'NONE',  #2741 ) ;
#1028 = CARTESIAN_POINT ( 'NONE',  ( -3.750000000000000000, -4.805316519691915644, 3.791686883723366375 ) ) ;
#1029 = ORIENTED_EDGE ( 'NONE', *, *, #2435, .F. ) ;
#1030 = EDGE_CURVE ( 'NONE', #1057, #1856, #266, .T. ) ;
#1031 = ORIENTED_EDGE ( 'NONE', *, *, #3108, .F. ) ;
#1032 = CARTESIAN_POINT ( 'NONE',  ( -3.750000000000000000, -5.742402404397514815, -2.124840540217199703 ) ) ;
#1033 = CARTESIAN_POINT ( 'NONE',  ( -10.75000000000000000, 4.690426341461801485, -2.053587674916043326 ) ) ;
#1034 = SURFACE_STYLE_USAGE ( .BOTH. , #3487 ) ;
#1035 = DIRECTION ( 'NONE',  ( 0.0000000000000000000, -0.6423029060310794236, -0.7664508966033182213 ) ) ;
#1036 = ORIENTED_EDGE ( 'NONE', *, *, #2245, .F. ) ;
#1037 = DIRECTION ( 'NONE',  ( 0.0000000000000000000, -0.9510565162951539753, -0.3090169943749460080 ) ) ;
#1038 = LINE ( 'NONE', #3864, #1141 ) ;
#1039 = ORIENTED_EDGE ( 'NONE', *, *, #3121, .F. ) ;
#1040 = PLANE ( 'NONE',  #1719 ) ;
#1041 = LINE ( 'NONE', #2567, #2554 ) ;
#1042 = CARTESIAN_POINT ( 'NONE',  ( 1.555654705037040175, 2.470999324796832486, 0.4291859533169475327 ) ) ;
#1043 = CARTESIAN_POINT ( 'NONE',  ( -10.75000000000000000, -5.118540194219835193, -0.4999999999999993339 ) ) ;
#1044 = VERTEX_POINT ( 'NONE', #1495 ) ;
#1045 = CARTESIAN_POINT ( 'NONE',  ( -10.75000000000000000, 2.113007891193789956, 5.730569755374102847 ) ) ;
#1046 = ORIENTED_EDGE ( 'NONE', *, *, #3702, .F. ) ;
#1047 = LINE ( 'NONE', #1066, #3738 ) ;
#1048 = ADVANCED_FACE ( 'NONE', ( #604 ), #1552, .F. ) ;
#1049 = MANIFOLD_SOLID_BREP ( 'Фаска1', #3799 ) ;
#1050 = SHAPE_REPRESENTATION_RELATIONSHIP ( 'NONE' , 'NONE' ,  #3307, #3218 ) ;
#1051 = EDGE_CURVE ( 'NONE', #1044, #242, #1144, .T. ) ;
#1052 = CARTESIAN_POINT ( 'NONE',  ( -10.75000000000000000, -0.5118326490234121895, -5.106707545196424114 ) ) ;
#1053 = ORIENTED_EDGE ( 'NONE', *, *, #1867, .T. ) ;
#1054 = EDGE_CURVE ( 'NONE', #3499, #856, #1270, .T. ) ;
#1055 = FACE_OUTER_BOUND ( 'NONE', #3478, .T. ) ;
#1056 = CARTESIAN_POINT ( 'NONE',  ( -3.750000000000000000, 4.999443335836749824, 1.102531158620888352 ) ) ;
#1057 = VERTEX_POINT ( 'NONE', #1873 ) ;
#1058 = LINE ( 'NONE', #3512, #3882 ) ;
#1059 = DIRECTION ( 'NONE',  ( 0.0000000000000000000, 0.0000000000000000000, 1.000000000000000000 ) ) ;
#1060 = LINE ( 'NONE', #2302, #689 ) ;
#1061 = CARTESIAN_POINT ( 'NONE',  ( -3.750000000000000000, 5.094874896173013035, 0.5000000000000000000 ) ) ;
#1062 = EDGE_CURVE ( 'NONE', #1018, #3286, #3149, .T. ) ;
#1063 = EDGE_LOOP ( 'NONE', ( #1839, #2887, #2841, #2072 ) ) ;
#1064 = CARTESIAN_POINT ( 'NONE',  ( 1.899999999999999911, 1.250000000000000000, 0.0000000000000000000 ) ) ;
#1065 = VERTEX_POINT ( 'NONE', #2823 ) ;
#1066 = CARTESIAN_POINT ( 'NONE',  ( -10.75000000000000000, 3.779854234699954851, 4.793483870668506341 ) ) ;
#1067 = UNCERTAINTY_MEASURE_WITH_UNIT (LENGTH_MEASURE( 1.000000000000000082E-05 ), #396, 'distance_accuracy_value', 'NONE');
#1068 = VECTOR ( 'NONE', #3168, 1000.000000000000000 ) ;
#1069 = CARTESIAN_POINT ( 'NONE',  ( -10.75000000000000000, -3.803519532746777454, 4.793483870668507230 ) ) ;
#1070 = LINE ( 'NONE', #161, #3010 ) ;
#1071 = PRESENTATION_LAYER_ASSIGNMENT (  '', '', ( #748 ) ) ;
#1072 = ORIENTED_EDGE ( 'NONE', *, *, #785, .F. ) ;
#1073 = LINE ( 'NONE', #1379, #2380 ) ;
#1074 = EDGE_CURVE ( 'NONE', #727, #3889, #2186, .T. ) ;
#1075 = CARTESIAN_POINT ( 'NONE',  ( -10.75000000000000000, 2.113007891193789956, 5.730569755374102847 ) ) ;
#1076 = AXIS2_PLACEMENT_3D ( 'NONE', #683, #3723, #1654 ) ;
#1077 = EDGE_LOOP ( 'NONE', ( #1904, #2496 ) ) ;
#1078 = VECTOR ( 'NONE', #2730, 1000.000000000000114 ) ;
#1079 = VECTOR ( 'NONE', #840, 1000.000000000000114 ) ;
#1080 = PRODUCT_DEFINITION ( 'UNKNOWN', '', #1287, #3252 ) ;
#1081 = LINE ( 'NONE', #3556, #3820 ) ;
#1082 = VECTOR ( 'NONE', #3567, 1000.000000000000000 ) ;
#1083 = DIRECTION ( 'NONE',  ( 0.0000000000000000000, 0.0000000000000000000, 1.000000000000000000 ) ) ;
#1084 = DIRECTION ( 'NONE',  ( -0.0000000000000000000, -0.8477127166205130626, 0.5304556061348300045 ) ) ;
#1085 = PLANE ( 'NONE',  #1343 ) ;
#1086 = VECTOR ( 'NONE', #3295, 1000.000000000000000 ) ;
#1087 = AXIS2_PLACEMENT_3D ( 'NONE', #1258, #2111, #2150 ) ;
#1088 = ORIENTED_EDGE ( 'NONE', *, *, #1406, .T. ) ;
#1089 = PRESENTATION_LAYER_ASSIGNMENT (  '', '', ( #895 ) ) ;
#1090 = LINE ( 'NONE', #2329, #3211 ) ;
#1091 = CARTESIAN_POINT ( 'NONE',  ( -10.75000000000000000, -5.896910901584988096, 1.649312282069624436 ) ) ;
#1092 = ORIENTED_EDGE ( 'NONE', *, *, #3842, .T. ) ;
#1093 = LINE ( 'NONE', #1434, #1217 ) ;
#1094 = VERTEX_POINT ( 'NONE', #1007 ) ;
#1095 = ORIENTED_EDGE ( 'NONE', *, *, #2275, .T. ) ;
#1096 =( LENGTH_UNIT ( ) NAMED_UNIT ( * ) SI_UNIT ( .MILLI., .METRE. ) );
#1097 = LINE ( 'NONE', #3301, #3740 ) ;
#1098 = ORIENTED_EDGE ( 'NONE', *, *, #1547, .F. ) ;
#1099 = DIRECTION ( 'NONE',  ( 0.0000000000000000000, 0.0000000000000000000, -1.000000000000000000 ) ) ;
#1100 = PLANE ( 'NONE',  #2176 ) ;
#1101 = ORIENTED_EDGE ( 'NONE', *, *, #160, .T. ) ;
#1102 = CARTESIAN_POINT ( 'NONE',  ( 1.600000000000000089, 3.061547490153252678E-16, 2.500000000000000000 ) ) ;
#1103 = EDGE_CURVE ( 'NONE', #788, #999, #1893, .T. ) ;
#1104 = DIRECTION ( 'NONE',  ( 1.000000000000000000, -0.0000000000000000000, -0.0000000000000000000 ) ) ;
#1105 = CARTESIAN_POINT ( 'NONE',  ( -1.057153006207708801, 1.205284105910275017, 2.191742535652582369 ) ) ;
#1106 = DIRECTION ( 'NONE',  ( -0.0000000000000000000, -0.9876883405951377704, 0.1564344650402304804 ) ) ;
#1107 = DIRECTION ( 'NONE',  ( 0.0000000000000000000, -0.8477127166205129516, 0.5304556061348300045 ) ) ;
#1108 = EDGE_LOOP ( 'NONE', ( #3089, #2770, #2019, #2006 ) ) ;
#1109 = EDGE_CURVE ( 'NONE', #656, #126, #647, .T. ) ;
#1110 =( NAMED_UNIT ( * ) PLANE_ANGLE_UNIT ( ) SI_UNIT ( $, .RADIAN. ) );
#1111 = VERTEX_POINT ( 'NONE', #1571 ) ;
#1112 = CARTESIAN_POINT ( 'NONE',  ( -3.750000000000000000, 4.781651221645094374, -3.791686883723367263 ) ) ;
#1113 = PRODUCT_DEFINITION_CONTEXT ( 'detailed design', #3544, 'design' ) ;
#1114 = ORIENTED_EDGE ( 'NONE', *, *, #3702, .T. ) ;
#1115 = EDGE_LOOP ( 'NONE', ( #3234, #827, #813, #56 ) ) ;
#1116 = ORIENTED_EDGE ( 'NONE', *, *, #816, .T. ) ;
#1117 = EDGE_CURVE ( 'NONE', #3368, #2349, #3752, .T. ) ;
#1118 = DIRECTION ( 'NONE',  ( 1.000000000000000000, 0.0000000000000000000, 0.0000000000000000000 ) ) ;
#1119 = LINE ( 'NONE', #3236, #2054 ) ;
#1120 = ORIENTED_EDGE ( 'NONE', *, *, #1765, .F. ) ;
#1121 = DIRECTION ( 'NONE',  ( 0.0000000000000000000, -0.8910065241883675657, 0.4539904997395473596 ) ) ;
#1122 = ORIENTED_EDGE ( 'NONE', *, *, #1304, .F. ) ;
#1123 = CARTESIAN_POINT ( 'NONE',  ( 0.7169263058968345925, -1.434147596789336010, 2.048343058872288402 ) ) ;
#1124 = CARTESIAN_POINT ( 'NONE',  ( -10.75000000000000000, -2.608971534673094173, -4.425305815512913021 ) ) ;
#1125 = CARTESIAN_POINT ( 'NONE',  ( -10.75000000000000000, 3.394323231001218577, 3.837520563220440994 ) ) ;
#1126 = FILL_AREA_STYLE_COLOUR ( '', #3601 ) ;
#1127 = DIRECTION ( 'NONE',  ( -0.0000000000000000000, -0.8090169943749481174, -0.5877852522924721379 ) ) ;
#1128 = ORIENTED_EDGE ( 'NONE', *, *, #4019, .F. ) ;
#1129 = CARTESIAN_POINT ( 'NONE',  ( -10.75000000000000000, 5.075543847791330165, -3.387178386535893537 ) ) ;
#1130 = DIRECTION ( 'NONE',  ( 0.0000000000000000000, 0.9976079763756666718, 0.06912543288578512635 ) ) ;
#1131 = ADVANCED_FACE ( 'NONE', ( #1941 ), #364, .F. ) ;
#1132 = EDGE_CURVE ( 'NONE', #1094, #3541, #3480, .T. ) ;
#1133 = ORIENTED_EDGE ( 'NONE', *, *, #1620, .F. ) ;
#1134 = ORIENTED_EDGE ( 'NONE', *, *, #1621, .T. ) ;
#1135 = DIRECTION ( 'NONE',  ( -0.0000000000000000000, -0.5304556061348300045, -0.8477127166205130626 ) ) ;
#1136 = ORIENTED_EDGE ( 'NONE', *, *, #3483, .T. ) ;
#1137 = EDGE_CURVE ( 'NONE', #2970, #1094, #991, .T. ) ;
#1138 = DIRECTION ( 'NONE',  ( 0.0000000000000000000, -0.6423029060310792016, 0.7664508966033184434 ) ) ;
#1139 = VERTEX_POINT ( 'NONE', #427 ) ;
#1140 = LINE ( 'NONE', #1486, #3418 ) ;
#1141 = VECTOR ( 'NONE', #3492, 1000.000000000000227 ) ;
#1142 = DIRECTION ( 'NONE',  ( 0.0000000000000000000, 0.8477127166205130626, 0.5304556061348298934 ) ) ;
#1143 = CARTESIAN_POINT ( 'NONE',  ( -1.513957559668581476, 0.5281360700930729513, 2.445610783454041037 ) ) ;
#1144 = CIRCLE ( 'NONE', #1076, 8.000000000000000000 ) ;
#1145 = DIRECTION ( 'NONE',  ( 0.0000000000000000000, -0.5877852522924721379, 0.8090169943749482284 ) ) ;
#1146 = VECTOR ( 'NONE', #3179, 1000.000000000000000 ) ;
#1147 = LINE ( 'NONE', #3958, #960 ) ;
#1148 = VECTOR ( 'NONE', #3500, 1000.000000000000000 ) ;
#1149 = MECHANICAL_DESIGN_GEOMETRIC_PRESENTATION_REPRESENTATION (  '', ( #1335 ), #2119 ) ;
#1150 = B_SPLINE_CURVE_WITH_KNOTS ( 'NONE', 3,
 ( #1102, #3570, #2684, #3590, #1747, #1728, #1442, #2660, #1123, #2357, #818, #2074, #2977, #3613, #3630, #2088, #3321, #3954, #1167, #2764, #3094, #1575, #2130, #10, #2425, #1199, #2803, #4011 ),
 .UNSPECIFIED., .F., .F.,
 ( 4, 2, 2, 2, 2, 2, 2, 2, 2, 2, 2, 2, 2, 4 ),
 ( 0.005153998452365554650, 0.005797518827629290390, 0.006441039202893025263, 0.006762799390524893567, 0.007084559578156761871, 0.007728079953420499346, 0.008049840141052366782, 0.008371600328684235953, 0.008693360516316105124, 0.009015120703947974296, 0.009336880891579843467, 0.009658641079211710903, 0.009980401266843580074, 0.01030216145447544925 ),
 .UNSPECIFIED. ) ;
#1151 = EDGE_LOOP ( 'NONE', ( #3018, #3807, #1743, #3240, #3583, #3757, #2639, #1242, #3644, #1479, #3970, #1432, #1679, #533, #3605, #3293, #6, #2846, #1650, #3494, #458, #2485, #2584, #3424, #735, #65, #2306, #2500, #1300, #704, #3180, #3061, #1175, #732, #278, #1286, #3246, #327, #1930, #2965, #2233, #2218, #3990, #1740, #119, #1101, #3045, #3623, #1088, #1874, #2328, #1604, #981, #792, #3846, #964, #3753, #3361, #2080, #2636, #413, #3838, #417, #786, #2870, #943, #3389, #1684, #527, #3612, #3862, #1134, #836, #753, #142, #1402, #2822, #1821, #3805, #4023 ) ) ;
#1152 = LINE ( 'NONE', #2137, #3595 ) ;
#1153 = VECTOR ( 'NONE', #3543, 1000.000000000000114 ) ;
#1154 = AXIS2_PLACEMENT_3D ( 'NONE', #1400, #2336, #776 ) ;
#1155 = DIRECTION ( 'NONE',  ( 0.0000000000000000000, -0.9876883405951381034, -0.1564344650402290371 ) ) ;
#1156 = VECTOR ( 'NONE', #194, 1000.000000000000227 ) ;
#1157 = EDGE_CURVE ( 'NONE', #2333, #1262, #1390, .T. ) ;
#1158 = UNCERTAINTY_MEASURE_WITH_UNIT (LENGTH_MEASURE( 1.000000000000000082E-05 ), #1096, 'distance_accuracy_value', 'NONE');
#1159 = EDGE_CURVE ( 'NONE', #793, #558, #1047, .T. ) ;
#1160 = AXIS2_PLACEMENT_3D ( 'NONE', #245, #205, #1717 ) ;
#1161 = ORIENTED_EDGE ( 'NONE', *, *, #1798, .F. ) ;
#1162 = EDGE_LOOP ( 'NONE', ( #101, #1477, #2859, #3235 ) ) ;
#1163 = DIRECTION ( 'NONE',  ( 0.0000000000000000000, 0.8910065241883676768, -0.4539904997395471931 ) ) ;
#1164 = ORIENTED_EDGE ( 'NONE', *, *, #1435, .T. ) ;
#1165 = PLANE ( 'NONE',  #1791 ) ;
#1166 = VERTEX_POINT ( 'NONE', #3578 ) ;
#1167 = CARTESIAN_POINT ( 'NONE',  ( -1.056833708423743579, -1.205581703533750382, 2.191584616001581054 ) ) ;
#1168 = FACE_OUTER_BOUND ( 'NONE', #3005, .T. ) ;
#1169 = LINE ( 'NONE', #3288, #2258 ) ;
#1170 = CARTESIAN_POINT ( 'NONE',  ( -1.517540217753684306, 7.983818827118446926, 0.5177443787166600142 ) ) ;
#1171 = DIRECTION ( 'NONE',  ( 0.0000000000000000000, 0.1564344650402305081, 0.9876883405951377704 ) ) ;
#1172 = CARTESIAN_POINT ( 'NONE',  ( -0.9752635188447320580, 1.272723218108728238, 7.898332105133786030 ) ) ;
#1173 = DIRECTION ( 'NONE',  ( 1.000000000000000000, -0.0000000000000000000, -0.0000000000000000000 ) ) ;
#1174 = DIRECTION ( 'NONE',  ( 1.000000000000000000, -0.0000000000000000000, -0.0000000000000000000 ) ) ;
#1175 = ORIENTED_EDGE ( 'NONE', *, *, #1206, .T. ) ;
#1176 = CARTESIAN_POINT ( 'NONE',  ( -10.75000000000000000, -2.608971534673094173, -4.425305815512913021 ) ) ;
#1177 = EDGE_LOOP ( 'NONE', ( #2107, #3730, #3724, #85 ) ) ;
#1178 =( LENGTH_UNIT ( ) NAMED_UNIT ( * ) SI_UNIT ( .MILLI., .METRE. ) );
#1179 = DIRECTION ( 'NONE',  ( 1.000000000000000000, -0.0000000000000000000, -0.0000000000000000000 ) ) ;
#1180 = LINE ( 'NONE', #2407, #113 ) ;
#1181 = ORIENTED_EDGE ( 'NONE', *, *, #1074, .F. ) ;
#1182 = EDGE_CURVE ( 'NONE', #1044, #1913, #3599, .T. ) ;
#1183 = CARTESIAN_POINT ( 'NONE',  ( -3.750000000000000000, -3.803519532746777454, 4.793483870668506341 ) ) ;
#1184 = EDGE_CURVE ( 'NONE', #1934, #3119, #3839, .T. ) ;
#1185 = LINE ( 'NONE', #2411, #2624 ) ;
#1186 = CARTESIAN_POINT ( 'NONE',  ( -1.589437709211673377, 7.997869054818681711, 0.2111742012610493546 ) ) ;
#1187 = CARTESIAN_POINT ( 'NONE',  ( -3.736410698672603652E-15, -0.8118033988749917551, -1.100000000000003642 ) ) ;
#1188 = CARTESIAN_POINT ( 'NONE',  ( -10.75000000000000000, -3.399011035559303284, 5.087376496814743021 ) ) ;
#1189 = LINE ( 'NONE', #276, #3465 ) ;
#1190 = DIRECTION ( 'NONE',  ( -0.0000000000000000000, 0.3090169943749458414, -0.9510565162951539753 ) ) ;
#1191 = CARTESIAN_POINT ( 'NONE',  ( -0.7172602981305895575, 2.048456306745465749, 1.433988216575733610 ) ) ;
#1192 = VERTEX_POINT ( 'NONE', #3519 ) ;
#1193 = VERTEX_POINT ( 'NONE', #2923 ) ;
#1194 = FACE_OUTER_BOUND ( 'NONE', #1115, .T. ) ;
#1195 = EDGE_LOOP ( 'NONE', ( #3031, #3069 ) ) ;
#1196 = DIRECTION ( 'NONE',  ( 0.0000000000000000000, 0.0000000000000000000, -1.000000000000000000 ) ) ;
#1197 = DIRECTION ( 'NONE',  ( 0.0000000000000000000, 0.0000000000000000000, -1.000000000000000000 ) ) ;
#1198 = ORIENTED_EDGE ( 'NONE', *, *, #2435, .T. ) ;
#1199 = CARTESIAN_POINT ( 'NONE',  ( -1.588653032266494458, -0.2184478206478362439, 2.492696329152571444 ) ) ;
#1200 = ORIENTED_EDGE ( 'NONE', *, *, #905, .T. ) ;
#1201 =( LENGTH_UNIT ( ) NAMED_UNIT ( * ) SI_UNIT ( .MILLI., .METRE. ) );
#1202 = EDGE_CURVE ( 'NONE', #3050, #2994, #2066, .T. ) ;
#1203 = DIRECTION ( 'NONE',  ( -0.0000000000000000000, 0.5877852522924721379, -0.8090169943749481174 ) ) ;
#1204 = CARTESIAN_POINT ( 'NONE',  ( -10.75000000000000000, 2.585306236626271570, 4.425305815512913910 ) ) ;
#1205 = CARTESIAN_POINT ( 'NONE',  ( -10.75000000000000000, -2.136673189240612558, -5.730569755374101959 ) ) ;
#1206 = EDGE_CURVE ( 'NONE', #3379, #1193, #1371, .T. ) ;
#1207 = VECTOR ( 'NONE', #3329, 1000.000000000000114 ) ;
#1208 = MECHANICAL_DESIGN_GEOMETRIC_PRESENTATION_REPRESENTATION (  '', ( #3137 ), #42 ) ;
#1209 = EDGE_CURVE ( 'NONE', #3311, #2276, #771, .T. ) ;
#1210 = DIRECTION ( 'NONE',  ( -0.0000000000000000000, -1.000000000000000000, -0.0000000000000000000 ) ) ;
#1211 = DIRECTION ( 'NONE',  ( 0.0000000000000000000, -0.9876883405951377704, -0.1564344650402305081 ) ) ;
#1212 = VECTOR ( 'NONE', #319, 1000.000000000000000 ) ;
#1213 = VECTOR ( 'NONE', #1555, 1000.000000000000000 ) ;
#1214 = VECTOR ( 'NONE', #154, 1000.000000000000000 ) ;
#1215 = ORIENTED_EDGE ( 'NONE', *, *, #608, .T. ) ;
#1216 = ORIENTED_EDGE ( 'NONE', *, *, #2219, .T. ) ;
#1217 = VECTOR ( 'NONE', #3879, 1000.000000000000114 ) ;
#1218 = PRESENTATION_LAYER_ASSIGNMENT (  '', '', ( #3350 ) ) ;
#1219 = LINE ( 'NONE', #1033, #1213 ) ;
#1220 = VERTEX_POINT ( 'NONE', #3563 ) ;
#1221 = CARTESIAN_POINT ( 'NONE',  ( 1.899999999999999911, 0.0000000000000000000, 0.0000000000000000000 ) ) ;
#1222 = EDGE_LOOP ( 'NONE', ( #3138, #1215, #1655, #3131 ) ) ;
#1223 = CARTESIAN_POINT ( 'NONE',  ( -10.75000000000000000, -3.417988529048041180, 3.837520563220440994 ) ) ;
#1224 = CARTESIAN_POINT ( 'NONE',  ( 0.3484519974999743530, -0.9722222222222244303, -8.673617379884035472E-16 ) ) ;
#1225 = VERTEX_POINT ( 'NONE', #1112 ) ;
#1226 = CARTESIAN_POINT ( 'NONE',  ( -3.736410698672603652E-15, -1.361803398874994020, 6.054502406645719877E-16 ) ) ;
#1227 = FACE_OUTER_BOUND ( 'NONE', #3297, .T. ) ;
#1228 = CARTESIAN_POINT ( 'NONE',  ( -10.75000000000000000, 5.075543847791330165, -3.387178386535893537 ) ) ;
#1229 = EDGE_CURVE ( 'NONE', #315, #77, #1093, .T. ) ;
#1230 = CARTESIAN_POINT ( 'NONE',  ( 3.750000000000000000, 0.0000000000000000000, 0.0000000000000000000 ) ) ;
#1231 = LINE ( 'NONE', #618, #3607 ) ;
#1232 = EDGE_CURVE ( 'NONE', #770, #3379, #1738, .T. ) ;
#1233 = ORIENTED_EDGE ( 'NONE', *, *, #906, .T. ) ;
#1234 = FACE_OUTER_BOUND ( 'NONE', #2717, .T. ) ;
#1235 = LINE ( 'NONE', #3948, #3665 ) ;
#1236 = ORIENTED_EDGE ( 'NONE', *, *, #2021, .F. ) ;
#1237 = FACE_OUTER_BOUND ( 'NONE', #3921, .T. ) ;
#1238 = EDGE_LOOP ( 'NONE', ( #1327, #3163, #706, #3237 ) ) ;
#1239 = LINE ( 'NONE', #2502, #2555 ) ;
#1240 = ORIENTED_EDGE ( 'NONE', *, *, #3631, .F. ) ;
#1241 = DIRECTION ( 'NONE',  ( 0.0000000000000000000, 0.9701425001453318764, 0.2425356250363328581 ) ) ;
#1242 = ORIENTED_EDGE ( 'NONE', *, *, #3195, .T. ) ;
#1243 = CARTESIAN_POINT ( 'NONE',  ( -3.750000000000000000, -5.896910901584988096, -1.649312282069623103 ) ) ;
#1244 = CARTESIAN_POINT ( 'NONE',  ( -3.750000000000000000, 2.113007891193789956, 5.730569755374102847 ) ) ;
#1245 = ORIENTED_EDGE ( 'NONE', *, *, #2775, .T. ) ;
#1246 = CARTESIAN_POINT ( 'NONE',  ( -10.75000000000000000, 0.4881673509765891983, 5.106707545196424114 ) ) ;
#1247 = DIRECTION ( 'NONE',  ( 0.0000000000000000000, -0.8477127166205126185, -0.5304556061348303375 ) ) ;
#1248 = EDGE_CURVE ( 'NONE', #531, #3703, #157, .T. ) ;
#1249 = ORIENTED_EDGE ( 'NONE', *, *, #1890, .F. ) ;
#1250 = CARTESIAN_POINT ( 'NONE',  ( -10.75000000000000000, -3.803519532746777898, -4.793483870668505453 ) ) ;
#1251 = ORIENTED_EDGE ( 'NONE', *, *, #195, .T. ) ;
#1252 = DIRECTION ( 'NONE',  ( -0.0000000000000000000, 0.1564344650402305081, 0.9876883405951377704 ) ) ;
#1253 = CARTESIAN_POINT ( 'NONE',  ( -3.750000000000000000, 3.779854234699954851, 4.793483870668506341 ) ) ;
#1254 = VERTEX_POINT ( 'NONE', #2572 ) ;
#1255 = FACE_OUTER_BOUND ( 'NONE', #717, .T. ) ;
#1256 = LINE ( 'NONE', #957, #366 ) ;
#1257 = ADVANCED_FACE ( 'NONE', ( #743 ), #529, .F. ) ;
#1258 = CARTESIAN_POINT ( 'NONE',  ( 0.0000000000000000000, 0.0000000000000000000, 8.000000000000000000 ) ) ;
#1259 = VERTEX_POINT ( 'NONE', #789 ) ;
#1260 = DIRECTION ( 'NONE',  ( -1.000000000000000000, -0.0000000000000000000, -0.0000000000000000000 ) ) ;
#1261 = DIRECTION ( 'NONE',  ( 1.000000000000000000, -0.0000000000000000000, -0.0000000000000000000 ) ) ;
#1262 = VERTEX_POINT ( 'NONE', #510 ) ;
#1263 = DIRECTION ( 'NONE',  ( 0.0000000000000000000, 0.0000000000000000000, 1.000000000000000000 ) ) ;
#1264 = LINE ( 'NONE', #616, #2305 ) ;
#1265 = VECTOR ( 'NONE', #1522, 1000.000000000000114 ) ;
#1266 = LINE ( 'NONE', #2489, #833 ) ;
#1267 = AXIS2_PLACEMENT_3D ( 'NONE', #2094, #1789, #3024 ) ;
#1268 = EDGE_LOOP ( 'NONE', ( #3953, #2900, #296, #1512 ) ) ;
#1269 = VERTEX_POINT ( 'NONE', #2004 ) ;
#1270 = LINE ( 'NONE', #1312, #3404 ) ;
#1271 = VERTEX_POINT ( 'NONE', #456 ) ;
#1272 = APPLICATION_PROTOCOL_DEFINITION ( 'draft international standard', 'automotive_design', 1998, #1314 ) ;
#1273 = EDGE_CURVE ( 'NONE', #3802, #3134, #2039, .T. ) ;
#1274 = VECTOR ( 'NONE', #3319, 1000.000000000000114 ) ;
#1275 = VECTOR ( 'NONE', #1572, 1000.000000000000114 ) ;
#1276 =( NAMED_UNIT ( * ) PLANE_ANGLE_UNIT ( ) SI_UNIT ( $, .RADIAN. ) );
#1277 = CARTESIAN_POINT ( 'NONE',  ( 0.1000000000000000472, 1.250000000000000000, 0.0000000000000000000 ) ) ;
#1278 = CONICAL_SURFACE ( 'NONE', #244, 1.900000000000004130, 0.7853981633974482790 ) ;
#1279 = EDGE_LOOP ( 'NONE', ( #3160, #3791, #1072, #2939 ) ) ;
#1280 = AXIS2_PLACEMENT_3D ( 'NONE', #1955, #737, #17 ) ;
#1281 = AXIS2_PLACEMENT_3D ( 'NONE', #1069, #2889, #1982 ) ;
#1282 = CARTESIAN_POINT ( 'NONE',  ( -3.750000000000000000, -2.136673189240611226, 5.730569755374103735 ) ) ;
#1283 = LINE ( 'NONE', #329, #1908 ) ;
#1284 = FACE_OUTER_BOUND ( 'NONE', #404, .T. ) ;
#1285 = VECTOR ( 'NONE', #3895, 1000.000000000000114 ) ;
#1286 = ORIENTED_EDGE ( 'NONE', *, *, #263, .T. ) ;
#1287 = PRODUCT_DEFINITION_FORMATION_WITH_SPECIFIED_SOURCE ( 'ANY', '', #839, .NOT_KNOWN. ) ;
#1288 = LINE ( 'NONE', #3780, #1525 ) ;
#1289 = CARTESIAN_POINT ( 'NONE',  ( -10.75000000000000000, 4.781651221645095262, 3.791686883723365931 ) ) ;
#1290 = SURFACE_SIDE_STYLE ('',( #3851 ) ) ;
#1291 = DIRECTION ( 'NONE',  ( -0.0000000000000000000, 0.8910065241883681209, -0.4539904997395463049 ) ) ;
#1292 = FACE_OUTER_BOUND ( 'NONE', #2927, .T. ) ;
#1293 = CARTESIAN_POINT ( 'NONE',  ( 3.454044648600700818, -1.325983418607308649E-18, 0.0000000000000000000 ) ) ;
#1294 = DIRECTION ( 'NONE',  ( 0.0000000000000000000, -0.06912543288578477940, -0.9976079763756667829 ) ) ;
#1295 = DIRECTION ( 'NONE',  ( 1.000000000000000000, -0.0000000000000000000, -0.0000000000000000000 ) ) ;
#1296 = CARTESIAN_POINT ( 'NONE',  ( 0.1000000000000000472, -0.7500000000000000000, -1.000000000000000000 ) ) ;
#1297 = ORIENTED_EDGE ( 'NONE', *, *, #3385, .F. ) ;
#1298 = DIRECTION ( 'NONE',  ( 0.0000000000000000000, -0.8910065241883683429, -0.4539904997395460273 ) ) ;
#1299 = DIRECTION ( 'NONE',  ( -1.000000000000000000, -0.0000000000000000000, -0.0000000000000000000 ) ) ;
#1300 = ORIENTED_EDGE ( 'NONE', *, *, #3456, .T. ) ;
#1301 = LINE ( 'NONE', #400, #1659 ) ;
#1302 = ADVANCED_FACE ( 'NONE', ( #2586 ), #2020, .F. ) ;
#1303 = DIRECTION ( 'NONE',  ( -0.0000000000000000000, -0.8910065241883681209, -0.4539904997395463049 ) ) ;
#1304 = EDGE_CURVE ( 'NONE', #2594, #653, #3233, .T. ) ;
#1305 = ORIENTED_EDGE ( 'NONE', *, *, #2090, .T. ) ;
#1306 = CARTESIAN_POINT ( 'NONE',  ( -3.750000000000000000, -2.136673189240612114, -5.730569755374101959 ) ) ;
#1307 = DIRECTION ( 'NONE',  ( -1.000000000000000000, -0.0000000000000000000, -0.0000000000000000000 ) ) ;
#1308 = DIRECTION ( 'NONE',  ( 1.000000000000000000, 0.0000000000000000000, 0.0000000000000000000 ) ) ;
#1309 = CARTESIAN_POINT ( 'NONE',  ( -3.469446951953614189E-15, 2.326828918379975802E-16, 1.900000000000004130 ) ) ;
#1310 = DIRECTION ( 'NONE',  ( 1.000000000000000000, -0.0000000000000000000, -0.0000000000000000000 ) ) ;
#1311 = ORIENTED_EDGE ( 'NONE', *, *, #2650, .T. ) ;
#1312 = CARTESIAN_POINT ( 'NONE',  ( -3.750000000000000000, -5.099209145838154100, -3.387178386535892205 ) ) ;
#1313 = ORIENTED_EDGE ( 'NONE', *, *, #1030, .T. ) ;
#1314 = APPLICATION_CONTEXT ( 'automotive_design' ) ;
#1315 =( LENGTH_UNIT ( ) NAMED_UNIT ( * ) SI_UNIT ( .MILLI., .METRE. ) );
#1316 = LINE ( 'NONE', #368, #3878 ) ;
#1317 = CARTESIAN_POINT ( 'NONE',  ( 1.279067563643357053, 7.940699520708751180, -0.9836163678831096879 ) ) ;
#1318 = ORIENTED_EDGE ( 'NONE', *, *, #1157, .T. ) ;
#1319 = ORIENTED_EDGE ( 'NONE', *, *, #2, .F. ) ;
#1320 = FACE_OUTER_BOUND ( 'NONE', #408, .T. ) ;
#1321 = CARTESIAN_POINT ( 'NONE',  ( -10.75000000000000000, 3.825687914197029471, 3.406155880024629656 ) ) ;
#1322 = EDGE_CURVE ( 'NONE', #2460, #1494, #3250, .T. ) ;
#1323 = CARTESIAN_POINT ( 'NONE',  ( -10.75000000000000000, 0.0000000000000000000, 0.0000000000000000000 ) ) ;
#1324 = EDGE_CURVE ( 'NONE', #3711, #3281, #1418, .T. ) ;
#1325 = LINE ( 'NONE', #3204, #3806 ) ;
#1326 = CARTESIAN_POINT ( 'NONE',  ( -10.75000000000000000, -2.065420323939452629, 4.702258990485212564 ) ) ;
#1327 = ORIENTED_EDGE ( 'NONE', *, *, #3461, .F. ) ;
#1328 = VECTOR ( 'NONE', #2242, 1000.000000000000000 ) ;
#1329 = EDGE_LOOP ( 'NONE', ( #2517, #179, #1389, #2441 ) ) ;
#1330 = CARTESIAN_POINT ( 'NONE',  ( 0.0000000000000000000, 8.000000000000000000, 0.0000000000000000000 ) ) ;
#1331 = VECTOR ( 'NONE', #460, 1000.000000000000000 ) ;
#1332 = DIRECTION ( 'NONE',  ( 0.0000000000000000000, -0.6423029060310794236, -0.7664508966033182213 ) ) ;
#1333 = VERTEX_POINT ( 'NONE', #831 ) ;
#1334 = VECTOR ( 'NONE', #780, 1000.000000000000000 ) ;
#1335 = STYLED_ITEM ( 'NONE', ( #2556 ), #3720 ) ;
#1336 = LINE ( 'NONE', #2890, #759 ) ;
#1337 = ORIENTED_EDGE ( 'NONE', *, *, #2044, .F. ) ;
#1338 = CARTESIAN_POINT ( 'NONE',  ( -3.750000000000000000, -2.136673189240612558, -5.730569755374101959 ) ) ;
#1339 = VECTOR ( 'NONE', #338, 999.9999999999998863 ) ;
#1340 = VECTOR ( 'NONE', #495, 1000.000000000000000 ) ;
#1341 = DIRECTION ( 'NONE',  ( -0.0000000000000000000, 0.9510565162951529761, -0.3090169943749490056 ) ) ;
#1342 = ORIENTED_EDGE ( 'NONE', *, *, #772, .F. ) ;
#1343 = AXIS2_PLACEMENT_3D ( 'NONE', #762, #2326, #110 ) ;
#1344 = AXIS2_PLACEMENT_3D ( 'NONE', #3777, #2908, #2518 ) ;
#1345 = CARTESIAN_POINT ( 'NONE',  ( -10.75000000000000000, -3.417988529048041180, 3.837520563220440994 ) ) ;
#1346 = LINE ( 'NONE', #660, #2057 ) ;
#1347 = CARTESIAN_POINT ( 'NONE',  ( -10.75000000000000000, 3.394323231001217689, -3.837520563220440994 ) ) ;
#1348 = LINE ( 'NONE', #2287, #1853 ) ;
#1349 = EDGE_CURVE ( 'NONE', #3415, #3800, #120, .T. ) ;
#1350 = ORIENTED_EDGE ( 'NONE', *, *, #216, .F. ) ;
#1351 = LINE ( 'NONE', #725, #1403 ) ;
#1352 = ORIENTED_EDGE ( 'NONE', *, *, #1820, .F. ) ;
#1353 = DIRECTION ( 'NONE',  ( -1.000000000000000000, -0.0000000000000000000, -0.0000000000000000000 ) ) ;
#1354 = ADVANCED_FACE ( 'NONE', ( #2756 ), #1795, .F. ) ;
#1355 = EDGE_CURVE ( 'NONE', #3281, #3761, #2986, .T. ) ;
#1356 = CARTESIAN_POINT ( 'NONE',  ( -10.75000000000000000, 3.394323231001217689, -3.837520563220440994 ) ) ;
#1357 = ORIENTED_EDGE ( 'NONE', *, *, #3920, .T. ) ;
#1358 = DIRECTION ( 'NONE',  ( 0.0000000000000000000, 0.0000000000000000000, 1.000000000000000000 ) ) ;
#1359 = CARTESIAN_POINT ( 'NONE',  ( 3.454044648600700818, 0.0000000000000000000, -1.325983418607308649E-18 ) ) ;
#1360 = ORIENTED_EDGE ( 'NONE', *, *, #1569, .F. ) ;
#1361 = CARTESIAN_POINT ( 'NONE',  ( -3.750000000000000000, -0.2618326490234120785, -6.106707545196424114 ) ) ;
#1362 = PLANE ( 'NONE',  #100 ) ;
#1363 = EDGE_LOOP ( 'NONE', ( #190, #1972, #1781, #2758 ) ) ;
#1364 = SURFACE_STYLE_USAGE ( .BOTH. , #1290 ) ;
#1365 = DIRECTION ( 'NONE',  ( 1.000000000000000000, -0.0000000000000000000, -0.0000000000000000000 ) ) ;
#1366 = PLANE ( 'NONE',  #2547 ) ;
#1367 = LINE ( 'NONE', #2361, #111 ) ;
#1368 = ORIENTED_EDGE ( 'NONE', *, *, #3206, .T. ) ;
#1369 = DIRECTION ( 'NONE',  ( -0.0000000000000000000, 0.1564344650402290093, -0.9876883405951379924 ) ) ;
#1370 = ORIENTED_EDGE ( 'NONE', *, *, #1184, .F. ) ;
#1371 = LINE ( 'NONE', #141, #2492 ) ;
#1372 = EDGE_CURVE ( 'NONE', #1564, #2955, #2455, .T. ) ;
#1373 = ADVANCED_FACE ( 'NONE', ( #2123 ), #3060, .F. ) ;
#1374 = EDGE_CURVE ( 'NONE', #2579, #2356, #2732, .T. ) ;
#1375 =( LENGTH_UNIT ( ) NAMED_UNIT ( * ) SI_UNIT ( .MILLI., .METRE. ) );
#1376 = DIRECTION ( 'NONE',  ( -0.0000000000000000000, 0.7664508966033182213, 0.6423029060310794236 ) ) ;
#1377 = ORIENTED_EDGE ( 'NONE', *, *, #3705, .F. ) ;
#1378 = EDGE_CURVE ( 'NONE', #2170, #3992, #601, .T. ) ;
#1379 = CARTESIAN_POINT ( 'NONE',  ( -10.75000000000000000, -5.896910901584988096, 1.649312282069624436 ) ) ;
#1380 = CARTESIAN_POINT ( 'NONE',  ( -10.75000000000000000, -0.2618326490234123005, -6.106707545196424114 ) ) ;
#1381 = ORIENTED_EDGE ( 'NONE', *, *, #1103, .T. ) ;
#1382 = ADVANCED_FACE ( 'NONE', ( #294 ), #3620, .F. ) ;
#1383 = DIRECTION ( 'NONE',  ( 1.000000000000000000, 0.0000000000000000000, 0.0000000000000000000 ) ) ;
#1384 = CARTESIAN_POINT ( 'NONE',  ( -1.546225691278153569, 0.4249392179395906632, 2.465875059894881982 ) ) ;
#1385 = CARTESIAN_POINT ( 'NONE',  ( 1.273294989549946798, 2.301282322988376983, 0.9899351850218676141 ) ) ;
#1386 = CARTESIAN_POINT ( 'NONE',  ( -10.75000000000000000, -2.608971534673094173, -4.425305815512913021 ) ) ;
#1387 = ORIENTED_EDGE ( 'NONE', *, *, #3000, .F. ) ;
#1388 = LINE ( 'NONE', #3875, #1214 ) ;
#1389 = ORIENTED_EDGE ( 'NONE', *, *, #3164, .T. ) ;
#1390 = LINE ( 'NONE', #2652, #1467 ) ;
#1391 = UNCERTAINTY_MEASURE_WITH_UNIT (LENGTH_MEASURE( 1.000000000000000082E-05 ), #3593, 'distance_accuracy_value', 'NONE');
#1392 = EDGE_CURVE ( 'NONE', #389, #96, #2386, .T. ) ;
#1393 = ORIENTED_EDGE ( 'NONE', *, *, #3859, .F. ) ;
#1394 = VECTOR ( 'NONE', #1756, 1000.000000000000114 ) ;
#1395 = EDGE_CURVE ( 'NONE', #298, #677, #1773, .T. ) ;
#1396 = AXIS2_PLACEMENT_3D ( 'NONE', #2285, #3122, #1906 ) ;
#1397 = CARTESIAN_POINT ( 'NONE',  ( -3.736410698672603652E-15, 1.500000000000000000, 1.100000000000003642 ) ) ;
#1398 = AXIS2_PLACEMENT_3D ( 'NONE', #64, #3414, #639 ) ;
#1399 = ORIENTED_EDGE ( 'NONE', *, *, #1182, .T. ) ;
#1400 = CARTESIAN_POINT ( 'NONE',  ( 0.1000000000000000472, -0.7500000000000000000, -1.000000000000000000 ) ) ;
#1401 = LINE ( 'NONE', #401, #1844 ) ;
#1402 = ORIENTED_EDGE ( 'NONE', *, *, #3048, .T. ) ;
#1403 = VECTOR ( 'NONE', #1959, 1000.000000000000114 ) ;
#1404 = VECTOR ( 'NONE', #206, 1000.000000000000000 ) ;
#1405 = DIRECTION ( 'NONE',  ( -1.000000000000000000, 0.0000000000000000000, 0.0000000000000000000 ) ) ;
#1406 = EDGE_CURVE ( 'NONE', #2673, #1269, #2695, .T. ) ;
#1407 = LINE ( 'NONE', #3614, #2558 ) ;
#1408 = AXIS2_PLACEMENT_3D ( 'NONE', #2782, #3154, #467 ) ;
#1409 = VECTOR ( 'NONE', #611, 999.9999999999998863 ) ;
#1410 = LINE ( 'NONE', #1444, #1588 ) ;
#1411 = CARTESIAN_POINT ( 'NONE',  ( -10.75000000000000000, -5.742402404397513926, 2.124840540217201035 ) ) ;
#1412 = CARTESIAN_POINT ( 'NONE',  ( -10.75000000000000000, -3.417988529048041180, 3.837520563220440994 ) ) ;
#1413 = CONICAL_SURFACE ( 'NONE', #511, 1.500000000000000000, 0.7853981633974479459 ) ;
#1414 = VECTOR ( 'NONE', #1628, 1000.000000000000000 ) ;
#1415 = ORIENTED_EDGE ( 'NONE', *, *, #2473, .F. ) ;
#1416 = CARTESIAN_POINT ( 'NONE',  ( -10.75000000000000000, -5.118540194219835193, -0.4999999999999993339 ) ) ;
#1417 = VERTEX_POINT ( 'NONE', #1523 ) ;
#1418 = LINE ( 'NONE', #203, #1987 ) ;
#1419 = ORIENTED_EDGE ( 'NONE', *, *, #415, .T. ) ;
#1420 = DIRECTION ( 'NONE',  ( 1.000000000000000000, 0.0000000000000000000, 0.0000000000000000000 ) ) ;
#1421 = FACE_OUTER_BOUND ( 'NONE', #480, .T. ) ;
#1422 = VERTEX_POINT ( 'NONE', #852 ) ;
#1423 = LINE ( 'NONE', #3588, #3739 ) ;
#1424 = EDGE_LOOP ( 'NONE', ( #595, #1240, #1120, #3642 ) ) ;
#1425 = FACE_OUTER_BOUND ( 'NONE', #2228, .T. ) ;
#1426 = CARTESIAN_POINT ( 'NONE',  ( -3.750000000000000000, -3.417988529048041180, 3.837520563220440994 ) ) ;
#1427 = ADVANCED_FACE ( 'NONE', ( #261 ), #921, .F. ) ;
#1428 = DIRECTION ( 'NONE',  ( -1.000000000000000000, -0.0000000000000000000, -0.0000000000000000000 ) ) ;
#1429 = DIRECTION ( 'NONE',  ( 1.000000000000000000, 0.0000000000000000000, 0.0000000000000000000 ) ) ;
#1430 = DIRECTION ( 'NONE',  ( 1.000000000000000000, -0.0000000000000000000, -0.0000000000000000000 ) ) ;
#1431 = EDGE_CURVE ( 'NONE', #896, #2574, #1491, .T. ) ;
#1432 = ORIENTED_EDGE ( 'NONE', *, *, #218, .T. ) ;
#1433 = DIRECTION ( 'NONE',  ( 0.0000000000000000000, -0.1564344650402304804, 0.9876883405951377704 ) ) ;
#1434 = CARTESIAN_POINT ( 'NONE',  ( -3.750000000000000000, 2.041755025892629138, -4.702258990485212564 ) ) ;
#1435 = EDGE_CURVE ( 'NONE', #318, #3259, #3313, .T. ) ;
#1436 = EDGE_LOOP ( 'NONE', ( #2549, #2562 ) ) ;
#1437 = ORIENTED_EDGE ( 'NONE', *, *, #3587, .F. ) ;
#1438 = CARTESIAN_POINT ( 'NONE',  ( -12.24999999999999822, 0.0000000000000000000, 0.0000000000000000000 ) ) ;
#1439 = EDGE_LOOP ( 'NONE', ( #3298, #1714, #1799, #1305, #1960, #2829 ) ) ;
#1440 = CARTESIAN_POINT ( 'NONE',  ( -3.750000000000000000, 0.2381673509765892260, 6.106707545196424114 ) ) ;
#1441 = ORIENTED_EDGE ( 'NONE', *, *, #195, .F. ) ;
#1442 = CARTESIAN_POINT ( 'NONE',  ( 0.9773778693500014825, -1.270858441396975902, 2.153928587230899083 ) ) ;
#1443 = DIRECTION ( 'NONE',  ( 0.0000000000000000000, 0.0000000000000000000, -1.000000000000000000 ) ) ;
#1444 = CARTESIAN_POINT ( 'NONE',  ( -3.750000000000000000, 5.873245603538165938, -1.649312282069625546 ) ) ;
#1445 = EDGE_CURVE ( 'NONE', #1166, #2615, #238, .T. ) ;
#1446 = CARTESIAN_POINT ( 'NONE',  ( -12.24999999999999822, 0.0000000000000000000, 0.0000000000000000000 ) ) ;
#1447 = CARTESIAN_POINT ( 'NONE',  ( 1.557878709292900288, 0.4201073386100739326, 7.991297086672722649 ) ) ;
#1448 = EDGE_CURVE ( 'NONE', #1614, #2922, #1231, .T. ) ;
#1449 = ORIENTED_EDGE ( 'NONE', *, *, #718, .F. ) ;
#1450 = DIRECTION ( 'NONE',  ( 0.0000000000000000000, -0.2425356250363331356, -0.9701425001453318764 ) ) ;
#1451 = CARTESIAN_POINT ( 'NONE',  ( -12.25000000000000000, 3.061616997868383141E-16, 2.500000000000000000 ) ) ;
#1452 = ORIENTED_EDGE ( 'NONE', *, *, #335, .T. ) ;
#1453 = ORIENTED_EDGE ( 'NONE', *, *, #3917, .F. ) ;
#1454 = ORIENTED_EDGE ( 'NONE', *, *, #772, .T. ) ;
#1455 = DIRECTION ( 'NONE',  ( 0.0000000000000000000, 1.000000000000000000, -0.0000000000000000000 ) ) ;
#1456 = DIRECTION ( 'NONE',  ( 1.000000000000000000, -0.0000000000000000000, -0.0000000000000000000 ) ) ;
#1457 = VECTOR ( 'NONE', #1173, 1000.000000000000000 ) ;
#1458 = EDGE_LOOP ( 'NONE', ( #602, #645, #2706, #72 ) ) ;
#1459 = DIRECTION ( 'NONE',  ( 0.0000000000000000000, 0.0000000000000000000, -1.000000000000000000 ) ) ;
#1460 = VERTEX_POINT ( 'NONE', #2138 ) ;
#1461 = VECTOR ( 'NONE', #1303, 1000.000000000000114 ) ;
#1462 = CARTESIAN_POINT ( 'NONE',  ( -3.750000000000000000, -2.136673189240612558, -5.730569755374101959 ) ) ;
#1463 = CARTESIAN_POINT ( 'NONE',  ( -10.75000000000000000, 1.637479633046213134, 5.885078252561577905 ) ) ;
#1464 = VECTOR ( 'NONE', #2712, 1000.000000000000114 ) ;
#1465 = SURFACE_STYLE_FILL_AREA ( #2360 ) ;
#1466 = CARTESIAN_POINT ( 'NONE',  ( -1.277787884196838419, 0.9851430399724768749, 7.940499415203214006 ) ) ;
#1467 = VECTOR ( 'NONE', #183, 1000.000000000000000 ) ;
#1468 = VECTOR ( 'NONE', #3437, 1000.000000000000227 ) ;
#1469 = VECTOR ( 'NONE', #3924, 1000.000000000000000 ) ;
#1470 = ADVANCED_FACE ( 'NONE', ( #3700 ), #1413, .T. ) ;
#1471 = DIRECTION ( 'NONE',  ( -0.0000000000000000000, 0.9701425001453318764, -0.2425356250363329691 ) ) ;
#1472 = AXIS2_PLACEMENT_3D ( 'NONE', #547, #3377, #3029 ) ;
#1473 = MECHANICAL_DESIGN_GEOMETRIC_PRESENTATION_REPRESENTATION (  '', ( #698 ), #687 ) ;
#1474 = CARTESIAN_POINT ( 'NONE',  ( -3.750000000000000000, -2.608971534673094173, -4.425305815512913021 ) ) ;
#1475 = VECTOR ( 'NONE', #423, 1000.000000000000000 ) ;
#1476 = PRESENTATION_LAYER_ASSIGNMENT (  '', '', ( #2440 ) ) ;
#1477 = ORIENTED_EDGE ( 'NONE', *, *, #3685, .F. ) ;
#1478 = ADVANCED_FACE ( 'NONE', ( #220 ), #567, .F. ) ;
#1479 = ORIENTED_EDGE ( 'NONE', *, *, #1487, .T. ) ;
#1480 = DIRECTION ( 'NONE',  ( 0.0000000000000000000, 0.1564344650402305081, 0.9876883405951378814 ) ) ;
#1481 = ADVANCED_FACE ( 'NONE', ( #1870 ), #1278, .T. ) ;
#1482 = CARTESIAN_POINT ( 'NONE',  ( -10.75000000000000000, -4.714091639508624532, 2.053587674916042438 ) ) ;
#1483 = VERTEX_POINT ( 'NONE', #3476 ) ;
#1484 = FACE_OUTER_BOUND ( 'NONE', #158, .T. ) ;
#1485 = EDGE_LOOP ( 'NONE', ( #3181, #2641, #1116, #365, #3518, #635 ) ) ;
#1486 = CARTESIAN_POINT ( 'NONE',  ( -10.75000000000000000, -3.803519532746777898, -4.793483870668505453 ) ) ;
#1487 = EDGE_CURVE ( 'NONE', #3271, #3550, #2858, .T. ) ;
#1488 = LINE ( 'NONE', #3994, #1012 ) ;
#1489 = CARTESIAN_POINT ( 'NONE',  ( -3.750000000000000000, 3.779854234699954851, 4.793483870668505453 ) ) ;
#1490 = PLANE ( 'NONE',  #3725 ) ;
#1491 = LINE ( 'NONE', #1451, #2256 ) ;
#1492 = CARTESIAN_POINT ( 'NONE',  ( -0.4301840927480905519, 1.960077032959947951, 1.555017623230119383 ) ) ;
#1493 = EDGE_CURVE ( 'NONE', #1947, #916, #702, .T. ) ;
#1494 = VERTEX_POINT ( 'NONE', #3088 ) ;
#1495 = CARTESIAN_POINT ( 'NONE',  ( 3.750000000000000000, 9.797174393178825657E-16, -8.000000000000000000 ) ) ;
#1496 = EDGE_CURVE ( 'NONE', #793, #1851, #2840, .T. ) ;
#1497 = EDGE_CURVE ( 'NONE', #307, #1851, #1610, .T. ) ;
#1498 = DIRECTION ( 'NONE',  ( -0.0000000000000000000, -0.9876883405951377704, -0.1564344650402305081 ) ) ;
#1499 = DIRECTION ( 'NONE',  ( 0.6479361632942985949, -0.4004465714560787037, 0.6479361632942982618 ) ) ;
#1500 = ORIENTED_EDGE ( 'NONE', *, *, #2166, .F. ) ;
#1501 = FACE_OUTER_BOUND ( 'NONE', #3257, .T. ) ;
#1502 = CARTESIAN_POINT ( 'NONE',  ( -10.75000000000000000, 1.637479633046213134, 5.885078252561577905 ) ) ;
#1503 = CARTESIAN_POINT ( 'NONE',  ( -1.600000000000000089, -1.352337204692962626E-16, 8.000000000000000000 ) ) ;
#1504 = DIRECTION ( 'NONE',  ( 1.000000000000000000, -0.0000000000000000000, -0.0000000000000000000 ) ) ;
#1505 = FACE_OUTER_BOUND ( 'NONE', #13, .T. ) ;
#1506 = DIRECTION ( 'NONE',  ( 0.0000000000000000000, -0.8477127166205130626, -0.5304556061348298934 ) ) ;
#1507 = LINE ( 'NONE', #2731, #1716 ) ;
#1508 = DIRECTION ( 'NONE',  ( -0.0000000000000000000, 0.5877852522924721379, 0.8090169943749481174 ) ) ;
#1509 = ORIENTED_EDGE ( 'NONE', *, *, #3155, .T. ) ;
#1510 = FACE_OUTER_BOUND ( 'NONE', #44, .T. ) ;
#1511 = LINE ( 'NONE', #926, #3873 ) ;
#1512 = ORIENTED_EDGE ( 'NONE', *, *, #2928, .T. ) ;
#1513 = DIRECTION ( 'NONE',  ( 0.0000000000000000000, 0.7071067811865474617, -0.7071067811865474617 ) ) ;
#1514 = EDGE_CURVE ( 'NONE', #2994, #1460, #1631, .T. ) ;
#1515 = VERTEX_POINT ( 'NONE', #1293 ) ;
#1516 = LINE ( 'NONE', #328, #832 ) ;
#1517 = VERTEX_POINT ( 'NONE', #69 ) ;
#1518 = CARTESIAN_POINT ( 'NONE',  ( 1.959435122602237000E-16, 7.838367176906169576, 1.600000000000000089 ) ) ;
#1519 = CARTESIAN_POINT ( 'NONE',  ( -10.75000000000000000, -5.896910901584988096, -1.649312282069623103 ) ) ;
#1520 = DIRECTION ( 'NONE',  ( 1.000000000000000000, -0.0000000000000000000, -0.0000000000000000000 ) ) ;
#1521 = ADVANCED_FACE ( 'NONE', ( #2544 ), #987, .F. ) ;
#1522 = DIRECTION ( 'NONE',  ( 0.0000000000000000000, 0.9976079763756666718, -0.06912543288578482104 ) ) ;
#1523 = CARTESIAN_POINT ( 'NONE',  ( -3.750000000000000000, -6.118540194219835193, -0.2499999999999992506 ) ) ;
#1524 = MECHANICAL_DESIGN_GEOMETRIC_PRESENTATION_REPRESENTATION (  '', ( #3809 ), #176 ) ;
#1525 = VECTOR ( 'NONE', #3435, 1000.000000000000114 ) ;
#1526 = ORIENTED_EDGE ( 'NONE', *, *, #1497, .F. ) ;
#1527 = AXIS2_PLACEMENT_3D ( 'NONE', #2920, #26, #1922 ) ;
#1528 = VECTOR ( 'NONE', #2032, 1000.000000000000000 ) ;
#1529 = ORIENTED_EDGE ( 'NONE', *, *, #57, .T. ) ;
#1530 = SURFACE_SIDE_STYLE ('',( #2779 ) ) ;
#1531 = VECTOR ( 'NONE', #3770, 1000.000000000000000 ) ;
#1532 = VECTOR ( 'NONE', #1104, 1000.000000000000000 ) ;
#1533 = CARTESIAN_POINT ( 'NONE',  ( -10.75000000000000000, -1.661144931093035959, -5.885078252561577017 ) ) ;
#1534 = EDGE_LOOP ( 'NONE', ( #35, #2146, #2526, #455 ) ) ;
#1535 = CARTESIAN_POINT ( 'NONE',  ( -10.75000000000000000, 0.0000000000000000000, 0.0000000000000000000 ) ) ;
#1536 = ORIENTED_EDGE ( 'NONE', *, *, #3150, .T. ) ;
#1537 = PLANE ( 'NONE',  #955 ) ;
#1538 = VERTEX_POINT ( 'NONE', #387 ) ;
#1539 = CARTESIAN_POINT ( 'NONE',  ( -0.2099348648348671464, -1.599917721474613419, 7.838383971938490902 ) ) ;
#1540 = ORIENTED_EDGE ( 'NONE', *, *, #20, .T. ) ;
#1541 = CARTESIAN_POINT ( 'NONE',  ( -1.557522171937632205, 7.991226447951946810, -0.4213865911096364991 ) ) ;
#1542 = DIRECTION ( 'NONE',  ( 0.0000000000000000000, -0.6423029060310794236, -0.7664508966033182213 ) ) ;
#1543 = VERTEX_POINT ( 'NONE', #3143 ) ;
#1544 = DIRECTION ( 'NONE',  ( 0.0000000000000000000, -0.06912543288578483491, -0.9976079763756667829 ) ) ;
#1545 = B_SPLINE_CURVE_WITH_KNOTS ( 'NONE', 3,
 ( #3353, #3617, #1447, #848, #1826, #2383, #2079, #275, #3058, #543, #583, #292, #824, #1768, #3996, #3025, #2061, #1172, #2095, #1466, #2714, #2431, #2999, #2750 ),
 .UNSPECIFIED., .F., .F.,
 ( 4, 2, 2, 2, 2, 2, 2, 2, 2, 2, 2, 4 ),
 ( 0.005014994547022998128, 0.005641706914708897840, 0.006268419282394796684, 0.006581775466237746973, 0.006895131650080696395, 0.007521844017766596974, 0.007835200201609545528, 0.008148556385452495818, 0.008461912569295446107, 0.008775268753138394662, 0.009401981120824295241, 0.01002869348851019582 ),
 .UNSPECIFIED. ) ;
#1546 = EDGE_CURVE ( 'NONE', #1065, #3874, #3498, .T. ) ;
#1547 = EDGE_CURVE ( 'NONE', #507, #298, #2226, .T. ) ;
#1548 = CARTESIAN_POINT ( 'NONE',  ( -0.7187931774493984127, 2.049000272732013350, -1.433213445892947302 ) ) ;
#1549 = LINE ( 'NONE', #2468, #3331 ) ;
#1550 = LINE ( 'NONE', #1909, #2437 ) ;
#1551 = VERTEX_POINT ( 'NONE', #3814 ) ;
#1552 = CYLINDRICAL_SURFACE ( 'NONE', #2746, 1.600000000000000089 ) ;
#1553 = EDGE_LOOP ( 'NONE', ( #3657, #3157, #3382, #2067 ) ) ;
#1554 = EDGE_CURVE ( 'NONE', #2393, #2536, #663, .T. ) ;
#1555 = DIRECTION ( 'NONE',  ( 1.000000000000000000, -0.0000000000000000000, -0.0000000000000000000 ) ) ;
#1556 = CARTESIAN_POINT ( 'NONE',  ( -3.750000000000000000, 3.394323231001217689, -3.837520563220440994 ) ) ;
#1557 = VERTEX_POINT ( 'NONE', #1028 ) ;
#1558 = CARTESIAN_POINT ( 'NONE',  ( 1.899999999999999911, 0.7500000000000000000, -1.000000000000000000 ) ) ;
#1559 = DIRECTION ( 'NONE',  ( 1.000000000000000000, -0.0000000000000000000, -0.0000000000000000000 ) ) ;
#1560 = FACE_OUTER_BOUND ( 'NONE', #2446, .T. ) ;
#1561 = ORIENTED_EDGE ( 'NONE', *, *, #1062, .T. ) ;
#1562 = DIRECTION ( 'NONE',  ( -0.0000000000000000000, 0.8944271909999158554, 0.4472135954999581497 ) ) ;
#1563 = CARTESIAN_POINT ( 'NONE',  ( -10.75000000000000000, 2.585306236626269794, -4.425305815512913910 ) ) ;
#1564 = VERTEX_POINT ( 'NONE', #3717 ) ;
#1565 = ORIENTED_EDGE ( 'NONE', *, *, #967, .F. ) ;
#1566 = CARTESIAN_POINT ( 'NONE',  ( -12.25000000000000000, 0.0000000000000000000, 0.0000000000000000000 ) ) ;
#1567 = CARTESIAN_POINT ( 'NONE',  ( 1.899999999999999911, -1.250000000000000000, 0.0000000000000000000 ) ) ;
#1568 = DIRECTION ( 'NONE',  ( -0.6479361632942979288, -0.4004465714560807021, 0.6479361632942977067 ) ) ;
#1569 = EDGE_CURVE ( 'NONE', #3320, #1139, #2530, .T. ) ;
#1570 = EDGE_LOOP ( 'NONE', ( #494, #2655, #1704, #3425 ) ) ;
#1571 = CARTESIAN_POINT ( 'NONE',  ( -3.750000000000000000, 4.413473166489502830, 2.597138885649682649 ) ) ;
#1572 = DIRECTION ( 'NONE',  ( 0.7071067811865474617, 0.0000000000000000000, -0.7071067811865474617 ) ) ;
#1573 = CARTESIAN_POINT ( 'NONE',  ( 4.000000000000000000, 1.836970198721029934E-16, -1.500000000000000000 ) ) ;
#1574 = ORIENTED_EDGE ( 'NONE', *, *, #477, .F. ) ;
#1575 = CARTESIAN_POINT ( 'NONE',  ( -1.381344651733430240, -0.8139229918155400645, 2.365554315425259180 ) ) ;
#1576 = DIRECTION ( 'NONE',  ( 0.0000000000000000000, 0.4539904997395459718, -0.8910065241883682319 ) ) ;
#1577 = DIRECTION ( 'NONE',  ( 0.0000000000000000000, -0.8477127166205129516, 0.5304556061348300045 ) ) ;
#1578 = ORIENTED_EDGE ( 'NONE', *, *, #441, .F. ) ;
#1579 = FACE_OUTER_BOUND ( 'NONE', #699, .T. ) ;
#1580 = DIRECTION ( 'NONE',  ( 0.0000000000000000000, -0.3090169943749460080, 0.9510565162951539753 ) ) ;
#1581 = EDGE_LOOP ( 'NONE', ( #3210, #1029, #744, #1251 ) ) ;
#1582 = DIRECTION ( 'NONE',  ( -0.0000000000000000000, -0.5877852522924721379, -0.8090169943749481174 ) ) ;
#1583 = FACE_OUTER_BOUND ( 'NONE', #2239, .T. ) ;
#1584 = CARTESIAN_POINT ( 'NONE',  ( -3.750000000000000000, 5.075543847791330165, -3.387178386535893537 ) ) ;
#1585 = DIRECTION ( 'NONE',  ( 0.0000000000000000000, 0.0000000000000000000, -1.000000000000000000 ) ) ;
#1586 = ORIENTED_EDGE ( 'NONE', *, *, #1845, .T. ) ;
#1587 = VERTEX_POINT ( 'NONE', #940 ) ;
#1588 = VECTOR ( 'NONE', #2962, 1000.000000000000000 ) ;
#1589 = VECTOR ( 'NONE', #1742, 1000.000000000000000 ) ;
#1590 = EDGE_LOOP ( 'NONE', ( #21, #2409, #4002, #104 ) ) ;
#1591 = AXIS2_PLACEMENT_3D ( 'NONE', #795, #3551, #2029 ) ;
#1592 = EDGE_CURVE ( 'NONE', #3907, #187, #1550, .T. ) ;
#1593 = VECTOR ( 'NONE', #2165, 1000.000000000000000 ) ;
#1594 = LINE ( 'NONE', #2781, #3413 ) ;
#1595 = FACE_OUTER_BOUND ( 'NONE', #1553, .T. ) ;
#1596 = EDGE_CURVE ( 'NONE', #1494, #2906, #19, .T. ) ;
#1597 = VECTOR ( 'NONE', #1310, 1000.000000000000000 ) ;
#1598 = ORIENTED_EDGE ( 'NONE', *, *, #1693, .F. ) ;
#1599 = FILL_AREA_STYLE ('',( #2560 ) ) ;
#1600 = CARTESIAN_POINT ( 'NONE',  ( 0.5161973741302690044, 7.854750598616908164, 1.518081156520992847 ) ) ;
#1601 = VERTEX_POINT ( 'NONE', #644 ) ;
#1602 = PLANE ( 'NONE',  #2551 ) ;
#1603 = CARTESIAN_POINT ( 'NONE',  ( -10.75000000000000000, 3.825687914197029471, 3.406155880024629656 ) ) ;
#1604 = ORIENTED_EDGE ( 'NONE', *, *, #3247, .T. ) ;
#1605 = EDGE_CURVE ( 'NONE', #677, #181, #1266, .T. ) ;
#1606 = ORIENTED_EDGE ( 'NONE', *, *, #1693, .T. ) ;
#1607 = DIRECTION ( 'NONE',  ( -0.0000000000000000000, 0.9976079763756666718, 0.06912543288578512635 ) ) ;
#1608 = DIRECTION ( 'NONE',  ( 1.000000000000000000, -0.0000000000000000000, -0.0000000000000000000 ) ) ;
#1609 = DIRECTION ( 'NONE',  ( 0.0000000000000000000, 0.7664508966033178883, -0.6423029060310797567 ) ) ;
#1610 = LINE ( 'NONE', #1847, #1531 ) ;
#1611 = ORIENTED_EDGE ( 'NONE', *, *, #1431, .T. ) ;
#1612 = EDGE_LOOP ( 'NONE', ( #2722, #2102, #2049, #1381 ) ) ;
#1613 = SURFACE_SIDE_STYLE ('',( #2513 ) ) ;
#1614 = VERTEX_POINT ( 'NONE', #2206 ) ;
#1615 = FACE_OUTER_BOUND ( 'NONE', #927, .T. ) ;
#1616 = EDGE_CURVE ( 'NONE', #2802, #2271, #1003, .T. ) ;
#1617 = CARTESIAN_POINT ( 'NONE',  ( -3.750000000000000000, 3.825687914197028139, -3.406155880024630545 ) ) ;
#1618 = CARTESIAN_POINT ( 'NONE',  ( 1.438049972940441457, 7.969092605360423853, 0.7092044613359413940 ) ) ;
#1619 = VERTEX_POINT ( 'NONE', #359 ) ;
#1620 = EDGE_CURVE ( 'NONE', #3874, #1715, #2598, .T. ) ;
#1621 = EDGE_CURVE ( 'NONE', #665, #1333, #2036, .T. ) ;
#1622 = ORIENTED_EDGE ( 'NONE', *, *, #2408, .F. ) ;
#1623 = LINE ( 'NONE', #637, #2947 ) ;
#1624 = CARTESIAN_POINT ( 'NONE',  ( -10.75000000000000000, -0.5118326490234108572, 5.106707545196424114 ) ) ;
#1625 = EDGE_CURVE ( 'NONE', #3586, #2579, #174, .T. ) ;
#1626 = SHAPE_REPRESENTATION ( 'A187 Шкив GT2, O отверстия 5 мм', ( #3027, #50, #3750, #1160 ), #3952 ) ;
#1627 = ORIENTED_EDGE ( 'NONE', *, *, #3824, .T. ) ;
#1628 = DIRECTION ( 'NONE',  ( 1.000000000000000000, -0.0000000000000000000, -0.0000000000000000000 ) ) ;
#1629 = PLANE ( 'NONE',  #1396 ) ;
#1630 = FACE_OUTER_BOUND ( 'NONE', #1439, .T. ) ;
#1631 = LINE ( 'NONE', #2792, #184 ) ;
#1632 = ORIENTED_EDGE ( 'NONE', *, *, #3508, .T. ) ;
#1633 = EDGE_LOOP ( 'NONE', ( #3628, #1393, #2525, #726 ) ) ;
#1634 =( NAMED_UNIT ( * ) SI_UNIT ( $, .STERADIAN. ) SOLID_ANGLE_UNIT ( ) );
#1635 = ORIENTED_EDGE ( 'NONE', *, *, #729, .F. ) ;
#1636 = PRODUCT ( 'A187 Шкив GT2, O отверстия 5 мм', 'A187 Шкив GT2, O отверстия 5 мм', '', ( #223 ) ) ;
#1637 = FACE_OUTER_BOUND ( 'NONE', #476, .T. ) ;
#1638 = DIRECTION ( 'NONE',  ( 0.0000000000000000000, 0.2425356250363328581, -0.9701425001453319874 ) ) ;
#1639 = EDGE_CURVE ( 'NONE', #3386, #2354, #3515, .T. ) ;
#1640 = ORIENTED_EDGE ( 'NONE', *, *, #1372, .F. ) ;
#1641 = CARTESIAN_POINT ( 'NONE',  ( -3.750000000000000000, -5.118540194219835193, -0.4999999999999993339 ) ) ;
#1642 = LINE ( 'NONE', #2933, #2877 ) ;
#1643 = ORIENTED_EDGE ( 'NONE', *, *, #2824, .F. ) ;
#1644 = DIRECTION ( 'NONE',  ( -0.0000000000000000000, 0.7071067811865467956, 0.7071067811865483499 ) ) ;
#1645 = ADVANCED_FACE ( 'NONE', ( #1976 ), #135, .F. ) ;
#1646 = CARTESIAN_POINT ( 'NONE',  ( -3.750000000000000000, 4.690426341461801485, -2.053587674916043326 ) ) ;
#1647 = CARTESIAN_POINT ( 'NONE',  ( 1.057500659982056668, 2.191908459718135749, 1.204991827514541702 ) ) ;
#1648 = DIRECTION ( 'NONE',  ( -0.0000000000000000000, 0.9274206331348670007, 0.3740200118118313100 ) ) ;
#1649 = EDGE_CURVE ( 'NONE', #2207, #344, #1691, .T. ) ;
#1650 = ORIENTED_EDGE ( 'NONE', *, *, #3629, .T. ) ;
#1651 = VECTOR ( 'NONE', #255, 1000.000000000000114 ) ;
#1652 = CARTESIAN_POINT ( 'NONE',  ( -10.75000000000000000, 5.718737106350690880, -2.124840540217202367 ) ) ;
#1653 = ORIENTED_EDGE ( 'NONE', *, *, #2911, .F. ) ;
#1654 = DIRECTION ( 'NONE',  ( 0.0000000000000000000, 0.0000000000000000000, -1.000000000000000000 ) ) ;
#1655 = ORIENTED_EDGE ( 'NONE', *, *, #589, .T. ) ;
#1656 = DIRECTION ( 'NONE',  ( 0.0000000000000000000, -0.7071067811865479058, -0.7071067811865471286 ) ) ;
#1657 = AXIS2_PLACEMENT_3D ( 'NONE', #165, #3468, #2458 ) ;
#1658 = ORIENTED_EDGE ( 'NONE', *, *, #3039, .T. ) ;
#1659 = VECTOR ( 'NONE', #3449, 1000.000000000000227 ) ;
#1660 = DIRECTION ( 'NONE',  ( 0.0000000000000000000, 0.9701425001453318764, 0.2425356250363328303 ) ) ;
#1661 = ORIENTED_EDGE ( 'NONE', *, *, #849, .F. ) ;
#1662 = DIRECTION ( 'NONE',  ( 0.0000000000000000000, -0.7664508966033184434, -0.6423029060310792016 ) ) ;
#1663 = VECTOR ( 'NONE', #3749, 1000.000000000000114 ) ;
#1664 = VECTOR ( 'NONE', #2616, 1000.000000000000000 ) ;
#1665 = AXIS2_PLACEMENT_3D ( 'NONE', #3910, #228, #1459 ) ;
#1666 = FACE_OUTER_BOUND ( 'NONE', #3196, .T. ) ;
#1667 = ORIENTED_EDGE ( 'NONE', *, *, #2430, .T. ) ;
#1668 = AXIS2_PLACEMENT_3D ( 'NONE', #1228, #259, #3594 ) ;
#1669 = CARTESIAN_POINT ( 'NONE',  ( -1.271586936784510513, 7.940632926967675864, 0.9767199356509000951 ) ) ;
#1670 = CARTESIAN_POINT ( 'NONE',  ( -10.75000000000000000, 3.375345737512480682, 5.087376496814742133 ) ) ;
#1671 = LINE ( 'NONE', #3140, #3214 ) ;
#1672 = CARTESIAN_POINT ( 'NONE',  ( 0.7192896085496618408, 2.049180508814832269, 1.432955199913733768 ) ) ;
#1673 = CARTESIAN_POINT ( 'NONE',  ( -3.750000000000000000, 4.999443335836748936, -1.102531158620888796 ) ) ;
#1674 = EDGE_CURVE ( 'NONE', #2333, #137, #1367, .T. ) ;
#1675 = EDGE_CURVE ( 'NONE', #896, #670, #3743, .T. ) ;
#1676 = ADVANCED_FACE ( 'NONE', ( #2648 ), #447, .F. ) ;
#1677 = ORIENTED_EDGE ( 'NONE', *, *, #2588, .T. ) ;
#1678 = LINE ( 'NONE', #1977, #3536 ) ;
#1679 = ORIENTED_EDGE ( 'NONE', *, *, #1625, .T. ) ;
#1680 = CARTESIAN_POINT ( 'NONE',  ( -3.750000000000000000, 5.718737106350692656, 2.124840540217201035 ) ) ;
#1681 = ORIENTED_EDGE ( 'NONE', *, *, #1858, .F. ) ;
#1682 = DIRECTION ( 'NONE',  ( -1.000000000000000000, -0.0000000000000000000, -0.0000000000000000000 ) ) ;
#1683 = CARTESIAN_POINT ( 'NONE',  ( -10.75000000000000000, 3.375345737512480682, 5.087376496814742133 ) ) ;
#1684 = ORIENTED_EDGE ( 'NONE', *, *, #3503, .T. ) ;
#1685 = DIRECTION ( 'NONE',  ( 0.0000000000000000000, -0.5304556061348298934, 0.8477127166205130626 ) ) ;
#1686 = DIRECTION ( 'NONE',  ( -0.0000000000000000000, 0.8477127166205128406, -0.5304556061348302265 ) ) ;
#1687 = ORIENTED_EDGE ( 'NONE', *, *, #1836, .T. ) ;
#1688 = LINE ( 'NONE', #1748, #2122 ) ;
#1689 = CARTESIAN_POINT ( 'NONE',  ( 0.2154271926969854312, 1.600197473316028463, 1.920772790542911501 ) ) ;
#1690 = CARTESIAN_POINT ( 'NONE',  ( -10.75000000000000000, 3.394323231001218577, 3.837520563220440994 ) ) ;
#1691 = LINE ( 'NONE', #2918, #1849 ) ;
#1692 = ORIENTED_EDGE ( 'NONE', *, *, #2619, .T. ) ;
#1693 = EDGE_CURVE ( 'NONE', #3119, #2615, #2569, .T. ) ;
#1694 = DIRECTION ( 'NONE',  ( 0.0000000000000000000, -0.9274206331348668897, 0.3740200118118314765 ) ) ;
#1695 = DIRECTION ( 'NONE',  ( -1.000000000000000000, -0.0000000000000000000, -0.0000000000000000000 ) ) ;
#1696 = ORIENTED_EDGE ( 'NONE', *, *, #3555, .T. ) ;
#1697 = CARTESIAN_POINT ( 'NONE',  ( 3.750000000000000000, 9.797174393178825657E-16, -8.000000000000000000 ) ) ;
#1698 = EDGE_LOOP ( 'NONE', ( #659, #130, #390, #1318 ) ) ;
#1699 = ORIENTED_EDGE ( 'NONE', *, *, #3684, .T. ) ;
#1700 = DIRECTION ( 'NONE',  ( 2.775557561562891351E-17, 0.0000000000000000000, -1.000000000000000222 ) ) ;
#1701 = DIRECTION ( 'NONE',  ( 0.3420201433256662704, 1.150791560227851502E-16, 0.9396926207859092051 ) ) ;
#1702 = LINE ( 'NONE', #2355, #509 ) ;
#1703 = CARTESIAN_POINT ( 'NONE',  ( -10.75000000000000000, 2.113007891193789956, 5.730569755374102847 ) ) ;
#1704 = ORIENTED_EDGE ( 'NONE', *, *, #1206, .F. ) ;
#1705 = FACE_BOUND ( 'NONE', #2477, .T. ) ;
#1706 = CARTESIAN_POINT ( 'NONE',  ( 1.273815506645867401, 0.9896365436192142706, 2.301504350319953929 ) ) ;
#1707 = CARTESIAN_POINT ( 'NONE',  ( 1.899999999999999911, -0.7499999999999997780, 1.000000000000000000 ) ) ;
#1708 = CARTESIAN_POINT ( 'NONE',  ( -10.75000000000000000, 6.094874896173013035, -0.2500000000000000000 ) ) ;
#1709 = ORIENTED_EDGE ( 'NONE', *, *, #2252, .T. ) ;
#1710 = DIRECTION ( 'NONE',  ( 1.000000000000000000, 0.0000000000000000000, -0.0000000000000000000 ) ) ;
#1711 = ORIENTED_EDGE ( 'NONE', *, *, #3048, .F. ) ;
#1712 = DIRECTION ( 'NONE',  ( -0.0000000000000000000, -0.3090169943749489501, -0.9510565162951530871 ) ) ;
#1713 = UNCERTAINTY_MEASURE_WITH_UNIT (LENGTH_MEASURE( 1.000000000000000082E-05 ), #2259, 'distance_accuracy_value', 'NONE');
#1714 = ORIENTED_EDGE ( 'NONE', *, *, #114, .F. ) ;
#1715 = VERTEX_POINT ( 'NONE', #1673 ) ;
#1716 = VECTOR ( 'NONE', #3998, 1000.000000000000114 ) ;
#1717 = DIRECTION ( 'NONE',  ( 0.0000000000000000000, -1.000000000000000000, 0.0000000000000000000 ) ) ;
#1718 = ADVANCED_FACE ( 'NONE', ( #2964 ), #1085, .F. ) ;
#1719 = AXIS2_PLACEMENT_3D ( 'NONE', #1670, #2855, #3182 ) ;
#1720 = DIRECTION ( 'NONE',  ( 1.000000000000000000, -0.0000000000000000000, -0.0000000000000000000 ) ) ;
#1721 = VECTOR ( 'NONE', #333, 1000.000000000000000 ) ;
#1722 = ORIENTED_EDGE ( 'NONE', *, *, #2408, .T. ) ;
#1723 = EDGE_CURVE ( 'NONE', #670, #84, #3559, .T. ) ;
#1724 = DIRECTION ( 'NONE',  ( 1.000000000000000000, -0.0000000000000000000, -0.0000000000000000000 ) ) ;
#1725 = ORIENTED_EDGE ( 'NONE', *, *, #3378, .F. ) ;
#1726 = AXIS2_PLACEMENT_3D ( 'NONE', #3532, #3262, #1059 ) ;
#1727 = VECTOR ( 'NONE', #1760, 1000.000000000000114 ) ;
#1728 = CARTESIAN_POINT ( 'NONE',  ( 1.055505603452470798, -1.206772233954677143, 2.190936791988495447 ) ) ;
#1729 = CARTESIAN_POINT ( 'NONE',  ( 0.1000000000000000472, -1.250000000000000000, 0.0000000000000000000 ) ) ;
#1730 = VECTOR ( 'NONE', #3643, 1000.000000000000114 ) ;
#1731 = LINE ( 'NONE', #2581, #2309 ) ;
#1732 = PLANE ( 'NONE',  #941 ) ;
#1733 = DIRECTION ( 'NONE',  ( -0.0000000000000000000, 0.5304556061348296714, 0.8477127166205131736 ) ) ;
#1734 = VECTOR ( 'NONE', #3901, 1000.000000000000227 ) ;
#1735 = AXIS2_PLACEMENT_3D ( 'NONE', #2961, #1383, #2076 ) ;
#1736 = ORIENTED_EDGE ( 'NONE', *, *, #3631, .T. ) ;
#1737 = DIRECTION ( 'NONE',  ( 0.0000000000000000000, 0.9876883405951378814, 0.1564344650402305081 ) ) ;
#1738 = LINE ( 'NONE', #2348, #2182 ) ;
#1739 = CARTESIAN_POINT ( 'NONE',  ( -1.555746297853034088, 2.471056140432118298, -0.4289259559692491508 ) ) ;
#1740 = ORIENTED_EDGE ( 'NONE', *, *, #540, .T. ) ;
#1741 = ORIENTED_EDGE ( 'NONE', *, *, #3860, .F. ) ;
#1742 = DIRECTION ( 'NONE',  ( -0.0000000000000000000, -0.7664508966033183324, -0.6423029060310792016 ) ) ;
#1743 = ORIENTED_EDGE ( 'NONE', *, *, #3965, .T. ) ;
#1744 = LINE ( 'NONE', #3863, #2313 ) ;
#1745 = EDGE_CURVE ( 'NONE', #2579, #1752, #503, .T. ) ;
#1746 = ORIENTED_EDGE ( 'NONE', *, *, #2367, .T. ) ;
#1747 = CARTESIAN_POINT ( 'NONE',  ( 1.272426204899000712, -0.9912097494175657886, 2.300764272408358124 ) ) ;
#1748 = CARTESIAN_POINT ( 'NONE',  ( -3.750000000000000000, -5.099209145838152324, 3.387178386535893093 ) ) ;
#1749 = CARTESIAN_POINT ( 'NONE',  ( -1.599999999999999867, 0.1091017385354675490, 2.500000000000000000 ) ) ;
#1750 = LINE ( 'NONE', #3325, #2174 ) ;
#1751 = FACE_OUTER_BOUND ( 'NONE', #1570, .T. ) ;
#1752 = VERTEX_POINT ( 'NONE', #3835 ) ;
#1753 = CARTESIAN_POINT ( 'NONE',  ( -10.75000000000000000, -5.742402404397513926, 2.124840540217201035 ) ) ;
#1754 = DIRECTION ( 'NONE',  ( 0.0000000000000000000, -0.06912543288578471001, 0.9976079763756667829 ) ) ;
#1755 = CARTESIAN_POINT ( 'NONE',  ( -1.588606997792155306, 2.492667530563931422, 0.2185772629914861931 ) ) ;
#1756 = DIRECTION ( 'NONE',  ( -0.0000000000000000000, 0.06912543288578471001, -0.9976079763756667829 ) ) ;
#1757 = ORIENTED_EDGE ( 'NONE', *, *, #163, .F. ) ;
#1758 = ORIENTED_EDGE ( 'NONE', *, *, #399, .T. ) ;
#1759 = APPLICATION_PROTOCOL_DEFINITION ( 'draft international standard', 'automotive_design', 1998, #3672 ) ;
#1760 = DIRECTION ( 'NONE',  ( 0.0000000000000000000, -0.7664508966033178883, 0.6423029060310797567 ) ) ;
#1761 = LINE ( 'NONE', #2993, #3670 ) ;
#1762 = VERTEX_POINT ( 'NONE', #1061 ) ;
#1763 = LINE ( 'NONE', #210, #1019 ) ;
#1764 = CARTESIAN_POINT ( 'NONE',  ( 1.899999999999999911, -1.250000000000000000, 0.0000000000000000000 ) ) ;
#1765 = EDGE_CURVE ( 'NONE', #2720, #1934, #199, .T. ) ;
#1766 = LINE ( 'NONE', #1462, #2755 ) ;
#1767 = CARTESIAN_POINT ( 'NONE',  ( -0.2092781447945873952, 7.838367176906170464, 1.599999999999999867 ) ) ;
#1768 = CARTESIAN_POINT ( 'NONE',  ( -0.4139372959602507507, 1.549058110864949045, 7.848620859726723076 ) ) ;
#1769 = EDGE_CURVE ( 'NONE', #3434, #3386, #1348, .T. ) ;
#1770 = ORIENTED_EDGE ( 'NONE', *, *, #561, .T. ) ;
#1771 = EDGE_CURVE ( 'NONE', #593, #3802, #2303, .T. ) ;
#1772 = LINE ( 'NONE', #3028, #2601 ) ;
#1773 = LINE ( 'NONE', #585, #764 ) ;
#1774 = ORIENTED_EDGE ( 'NONE', *, *, #3077, .T. ) ;
#1775 = ORIENTED_EDGE ( 'NONE', *, *, #3383, .T. ) ;
#1776 = CARTESIAN_POINT ( 'NONE',  ( -10.75000000000000000, -4.805316519691916533, 3.791686883723366819 ) ) ;
#1777 = DIRECTION ( 'NONE',  ( 0.0000000000000000000, 0.0000000000000000000, 1.000000000000000000 ) ) ;
#1778 = PLANE ( 'NONE',  #1916 ) ;
#1779 = DIRECTION ( 'NONE',  ( 0.0000000000000000000, 0.06912543288578525125, 0.9976079763756667829 ) ) ;
#1780 = VECTOR ( 'NONE', #3699, 1000.000000000000000 ) ;
#1781 = ORIENTED_EDGE ( 'NONE', *, *, #1514, .F. ) ;
#1782 = FACE_OUTER_BOUND ( 'NONE', #835, .T. ) ;
#1783 = ORIENTED_EDGE ( 'NONE', *, *, #1448, .T. ) ;
#1784 = AXIS2_PLACEMENT_3D ( 'NONE', #1956, #2873, #88 ) ;
#1785 =( NAMED_UNIT ( * ) PLANE_ANGLE_UNIT ( ) SI_UNIT ( $, .RADIAN. ) );
#1786 = CARTESIAN_POINT ( 'NONE',  ( -0.8050792608957175744, 7.877267601486782844, 1.398299762072181318 ) ) ;
#1787 = CIRCLE ( 'NONE', #3871, 8.000000000000000000 ) ;
#1788 = PRESENTATION_LAYER_ASSIGNMENT (  '', '', ( #439 ) ) ;
#1789 = DIRECTION ( 'NONE',  ( 0.0000000000000000000, 0.0000000000000000000, -1.000000000000000000 ) ) ;
#1790 = DIRECTION ( 'NONE',  ( 0.0000000000000000000, 0.8090169943749482284, 0.5877852522924721379 ) ) ;
#1791 = AXIS2_PLACEMENT_3D ( 'NONE', #1221, #2445, #1197 ) ;
#1792 = FACE_OUTER_BOUND ( 'NONE', #1424, .T. ) ;
#1793 = VECTOR ( 'NONE', #1247, 1000.000000000000114 ) ;
#1794 = AXIS2_PLACEMENT_3D ( 'NONE', #2786, #3372, #933 ) ;
#1795 = PLANE ( 'NONE',  #3348 ) ;
#1796 = EDGE_CURVE ( 'NONE', #2632, #1065, #2344, .T. ) ;
#1797 = AXIS2_PLACEMENT_3D ( 'NONE', #3158, #1682, #1358 ) ;
#1798 = EDGE_CURVE ( 'NONE', #71, #593, #3535, .T. ) ;
#1799 = ORIENTED_EDGE ( 'NONE', *, *, #1723, .T. ) ;
#1800 = ORIENTED_EDGE ( 'NONE', *, *, #211, .F. ) ;
#1801 = DIRECTION ( 'NONE',  ( 0.0000000000000000000, -0.9876883405951377704, 0.1564344650402304804 ) ) ;
#1802 = PRODUCT_CONTEXT ( 'NONE', #227, 'mechanical' ) ;
#1803 = DIRECTION ( 'NONE',  ( 0.0000000000000000000, -0.5304556061348304485, 0.8477127166205127295 ) ) ;
#1804 = LINE ( 'NONE', #1819, #308 ) ;
#1805 = ORIENTED_EDGE ( 'NONE', *, *, #3328, .T. ) ;
#1806 = CARTESIAN_POINT ( 'NONE',  ( -10.75000000000000000, 2.585306236626271570, 4.425305815512913910 ) ) ;
#1807 = DIRECTION ( 'NONE',  ( 0.0000000000000000000, 0.0000000000000000000, 1.000000000000000000 ) ) ;
#1808 = CARTESIAN_POINT ( 'NONE',  ( -3.750000000000000000, -5.742402404397513926, -2.124840540217199703 ) ) ;
#1809 = FACE_BOUND ( 'NONE', #1436, .T. ) ;
#1810 = CARTESIAN_POINT ( 'NONE',  ( -10.75000000000000000, 1.637479633046211358, -5.885078252561577017 ) ) ;
#1811 = DIRECTION ( 'NONE',  ( 0.0000000000000000000, 0.2425356250363329136, -0.9701425001453318764 ) ) ;
#1812 = DIRECTION ( 'NONE',  ( -0.0000000000000000000, 0.4539904997395471931, 0.8910065241883676768 ) ) ;
#1813 = DIRECTION ( 'NONE',  ( -0.0000000000000000000, -0.06912543288578471001, 0.9976079763756667829 ) ) ;
#1814 = ADVANCED_FACE ( 'NONE', ( #3915 ), #599, .F. ) ;
#1815 = ORIENTED_EDGE ( 'NONE', *, *, #2399, .T. ) ;
#1816 = ORIENTED_EDGE ( 'NONE', *, *, #589, .F. ) ;
#1817 = CARTESIAN_POINT ( 'NONE',  ( -10.75000000000000000, -1.661144931093034627, 5.885078252561577017 ) ) ;
#1818 = ORIENTED_EDGE ( 'NONE', *, *, #1836, .F. ) ;
#1819 = CARTESIAN_POINT ( 'NONE',  ( -10.75000000000000000, 5.094874896173013035, 0.5000000000000000000 ) ) ;
#1820 = EDGE_CURVE ( 'NONE', #3942, #2356, #864, .T. ) ;
#1821 = ORIENTED_EDGE ( 'NONE', *, *, #3202, .T. ) ;
#1822 = CARTESIAN_POINT ( 'NONE',  ( -10.75000000000000000, -2.065420323939452629, 4.702258990485212564 ) ) ;
#1823 = PRESENTATION_STYLE_ASSIGNMENT (( #2711 ) ) ;
#1824 = CARTESIAN_POINT ( 'NONE',  ( -0.9759810770561840876, 7.898420953209518203, -1.272174376046100175 ) ) ;
#1825 = CARTESIAN_POINT ( 'NONE',  ( -10.75000000000000000, 2.113007891193788179, -5.730569755374103735 ) ) ;
#1826 = CARTESIAN_POINT ( 'NONE',  ( 1.279401102680696845, 0.9831740438323377518, 7.940754772088956415 ) ) ;
#1827 = LINE ( 'NONE', #2694, #3200 ) ;
#1828 = CARTESIAN_POINT ( 'NONE',  ( -10.75000000000000000, 5.873245603538165938, 1.649312282069624214 ) ) ;
#1829 = VERTEX_POINT ( 'NONE', #3375 ) ;
#1830 = CARTESIAN_POINT ( 'NONE',  ( -3.750000000000000000, 4.781651221645094374, 3.791686883723365931 ) ) ;
#1831 = VERTEX_POINT ( 'NONE', #233 ) ;
#1832 = LINE ( 'NONE', #3302, #1730 ) ;
#1833 = ORIENTED_EDGE ( 'NONE', *, *, #2801, .F. ) ;
#1834 = EDGE_CURVE ( 'NONE', #3836, #2942, #877, .T. ) ;
#1835 = CARTESIAN_POINT ( 'NONE',  ( -10.75000000000000000, 2.113007891193788179, -5.730569755374103735 ) ) ;
#1836 = EDGE_CURVE ( 'NONE', #934, #3849, #1545, .T. ) ;
#1837 =( NAMED_UNIT ( * ) SI_UNIT ( $, .STERADIAN. ) SOLID_ANGLE_UNIT ( ) );
#1838 = AXIS2_PLACEMENT_3D ( 'NONE', #3647, #3346, #1807 ) ;
#1839 = ORIENTED_EDGE ( 'NONE', *, *, #1596, .T. ) ;
#1840 = LINE ( 'NONE', #1243, #3412 ) ;
#1841 = CARTESIAN_POINT ( 'NONE',  ( -10.75000000000000000, -3.849353212243852074, -3.406155880024630100 ) ) ;
#1842 = FACE_OUTER_BOUND ( 'NONE', #937, .T. ) ;
#1843 = AXIS2_PLACEMENT_3D ( 'NONE', #103, #2852, #479 ) ;
#1844 = VECTOR ( 'NONE', #1990, 999.9999999999998863 ) ;
#1845 = EDGE_CURVE ( 'NONE', #770, #4032, #3680, .T. ) ;
#1846 = DIRECTION ( 'NONE',  ( 1.000000000000000000, -0.0000000000000000000, -0.0000000000000000000 ) ) ;
#1847 = CARTESIAN_POINT ( 'NONE',  ( -3.750000000000000000, 3.779854234699954851, 4.793483870668506341 ) ) ;
#1848 = VECTOR ( 'NONE', #1, 1000.000000000000000 ) ;
#1849 = VECTOR ( 'NONE', #802, 1000.000000000000000 ) ;
#1850 = AXIS2_PLACEMENT_3D ( 'NONE', #2932, #1138, #1662 ) ;
#1851 = VERTEX_POINT ( 'NONE', #1489 ) ;
#1852 = DIRECTION ( 'NONE',  ( 0.0000000000000000000, 0.5877852522924721379, 0.8090169943749482284 ) ) ;
#1853 = VECTOR ( 'NONE', #3854, 1000.000000000000227 ) ;
#1854 = LINE ( 'NONE', #1533, #2114 ) ;
#1855 = CARTESIAN_POINT ( 'NONE',  ( -10.75000000000000000, -2.136673189240612558, -5.730569755374101959 ) ) ;
#1856 = VERTEX_POINT ( 'NONE', #4018 ) ;
#1857 = DIRECTION ( 'NONE',  ( 0.0000000000000000000, 0.4472135954999579277, 0.8944271909999158554 ) ) ;
#1858 = EDGE_CURVE ( 'NONE', #507, #2891, #1147, .T. ) ;
#1859 = LINE ( 'NONE', #2785, #2045 ) ;
#1860 = FACE_OUTER_BOUND ( 'NONE', #724, .T. ) ;
#1861 = ADVANCED_FACE ( 'NONE', ( #3634 ), #3326, .F. ) ;
#1862 = VERTEX_POINT ( 'NONE', #563 ) ;
#1863 = PLANE ( 'NONE',  #2747 ) ;
#1864 = B_SPLINE_CURVE_WITH_KNOTS ( 'NONE', 3,
 ( #1503, #3648, #875, #3388, #3347, #580, #312, #2727, #2427, #3993, #3675, #2133, #1539, #4033, #979, #3506, #712, #996, #3778, #3464, #3114, #1946, #2561, #2505, #731, #2848, #3760, #34 ),
 .UNSPECIFIED., .F., .F.,
 ( 4, 2, 2, 2, 2, 2, 2, 2, 2, 2, 2, 2, 2, 4 ),
 ( 1.313719768167060927E-19, 0.0003134371591889368409, 0.0006268743183778737902, 0.0009403114775668106311, 0.001253748636755747797, 0.001880622955133622346, 0.002507497273511496896, 0.002820934432700434279, 0.003134371591889371662, 0.003761245910267246428, 0.004074683069456184678, 0.004388120228645122495, 0.004701557387834060311, 0.005014994547022998128 ),
 .UNSPECIFIED. ) ;
#1865 = FACE_OUTER_BOUND ( 'NONE', #1458, .T. ) ;
#1866 = ORIENTED_EDGE ( 'NONE', *, *, #3934, .F. ) ;
#1867 = EDGE_CURVE ( 'NONE', #2417, #96, #3291, .T. ) ;
#1868 = CARTESIAN_POINT ( 'NONE',  ( -1.518792259991331169E-18, 7.838367176906169576, -1.600000000000000089 ) ) ;
#1869 = DIRECTION ( 'NONE',  ( 0.0000000000000000000, 0.6423029060310797567, 0.7664508966033178883 ) ) ;
#1870 = FACE_OUTER_BOUND ( 'NONE', #437, .T. ) ;
#1871 = ORIENTED_EDGE ( 'NONE', *, *, #3359, .F. ) ;
#1872 = ORIENTED_EDGE ( 'NONE', *, *, #3433, .F. ) ;
#1873 = CARTESIAN_POINT ( 'NONE',  ( -3.750000000000000000, -5.742402404397513038, 2.124840540217200591 ) ) ;
#1874 = ORIENTED_EDGE ( 'NONE', *, *, #403, .T. ) ;
#1875 = CARTESIAN_POINT ( 'NONE',  ( -3.750000000000000000, -5.118540194219836081, 0.5000000000000006661 ) ) ;
#1876 = DIRECTION ( 'NONE',  ( -0.0000000000000000000, -0.5877852522924721379, 0.8090169943749481174 ) ) ;
#1877 = ORIENTED_EDGE ( 'NONE', *, *, #1639, .F. ) ;
#1878 = CARTESIAN_POINT ( 'NONE',  ( -3.750000000000000000, 1.637479633046211358, -5.885078252561577017 ) ) ;
#1879 = FACE_OUTER_BOUND ( 'NONE', #3987, .T. ) ;
#1880 =( LENGTH_UNIT ( ) NAMED_UNIT ( * ) SI_UNIT ( .MILLI., .METRE. ) );
#1881 = EDGE_LOOP ( 'NONE', ( #1245, #106, #162, #1940 ) ) ;
#1882 = CARTESIAN_POINT ( 'NONE',  ( -3.736410698672603652E-15, 1.500000000000000000, -1.100000000000003642 ) ) ;
#1883 = LINE ( 'NONE', #1603, #565 ) ;
#1884 = VERTEX_POINT ( 'NONE', #3977 ) ;
#1885 = ORIENTED_EDGE ( 'NONE', *, *, #1675, .F. ) ;
#1886 = FACE_OUTER_BOUND ( 'NONE', #2257, .T. ) ;
#1887 = CARTESIAN_POINT ( 'NONE',  ( -10.75000000000000000, -4.437138464536324101, 2.597138885649683093 ) ) ;
#1888 = CARTESIAN_POINT ( 'NONE',  ( -10.75000000000000000, -5.896910901584988096, -1.649312282069623103 ) ) ;
#1889 = ADVANCED_FACE ( 'NONE', ( #1751 ), #215, .F. ) ;
#1890 = EDGE_CURVE ( 'NONE', #1939, #507, #3931, .T. ) ;
#1891 = ORIENTED_EDGE ( 'NONE', *, *, #2613, .T. ) ;
#1892 = EDGE_LOOP ( 'NONE', ( #1136, #3669 ) ) ;
#1893 = LINE ( 'NONE', #1250, #2607 ) ;
#1894 = CARTESIAN_POINT ( 'NONE',  ( -10.75000000000000000, -6.118540194219835193, 0.2500000000000007772 ) ) ;
#1895 = EDGE_CURVE ( 'NONE', #2720, #3072, #2414, .T. ) ;
#1896 = CARTESIAN_POINT ( 'NONE',  ( 1.599949461383007199, 7.999989892276881953, -0.2095016780213407592 ) ) ;
#1897 = ORIENTED_EDGE ( 'NONE', *, *, #1994, .T. ) ;
#1898 =( NAMED_UNIT ( * ) SI_UNIT ( $, .STERADIAN. ) SOLID_ANGLE_UNIT ( ) );
#1899 = CARTESIAN_POINT ( 'NONE',  ( 0.4163463881780086751, 7.848746141642958030, 1.548425751710770459 ) ) ;
#1900 = FILL_AREA_STYLE_COLOUR ( '', #3151 ) ;
#1901 = ORIENTED_EDGE ( 'NONE', *, *, #1132, .F. ) ;
#1902 = FACE_OUTER_BOUND ( 'NONE', #3362, .T. ) ;
#1903 = FACE_OUTER_BOUND ( 'NONE', #166, .T. ) ;
#1904 = ORIENTED_EDGE ( 'NONE', *, *, #2743, .F. ) ;
#1905 =( NAMED_UNIT ( * ) SI_UNIT ( $, .STERADIAN. ) SOLID_ANGLE_UNIT ( ) );
#1906 = DIRECTION ( 'NONE',  ( 0.0000000000000000000, 0.4472135954999579277, -0.8944271909999158554 ) ) ;
#1907 = CARTESIAN_POINT ( 'NONE',  ( 0.2157594914986119827, 1.930288276614136045, -1.588939949757300241 ) ) ;
#1908 = VECTOR ( 'NONE', #1559, 1000.000000000000000 ) ;
#1909 = CARTESIAN_POINT ( 'NONE',  ( -12.24999999999999822, 9.797174393178825657E-16, 8.000000000000000000 ) ) ;
#1910 = VECTOR ( 'NONE', #3496, 1000.000000000000114 ) ;
#1911 = VECTOR ( 'NONE', #676, 999.9999999999998863 ) ;
#1912 = ADVANCED_FACE ( 'NONE', ( #1842 ), #3081, .F. ) ;
#1913 = VERTEX_POINT ( 'NONE', #3698 ) ;
#1914 = AXIS2_PLACEMENT_3D ( 'NONE', #3678, #876, #2171 ) ;
#1915 = CARTESIAN_POINT ( 'NONE',  ( -10.75000000000000000, -0.2618326490234123005, -6.106707545196424114 ) ) ;
#1916 = AXIS2_PLACEMENT_3D ( 'NONE', #3641, #3091, #1455 ) ;
#1917 = ORIENTED_EDGE ( 'NONE', *, *, #1796, .F. ) ;
#1918 = EDGE_CURVE ( 'NONE', #1939, #3134, #3392, .T. ) ;
#1919 = VECTOR ( 'NONE', #3728, 1000.000000000000114 ) ;
#1920 = VECTOR ( 'NONE', #2886, 1000.000000000000000 ) ;
#1921 = PLANE ( 'NONE',  #826 ) ;
#1922 = DIRECTION ( 'NONE',  ( -1.000000000000000000, 0.0000000000000000000, -0.0000000000000000000 ) ) ;
#1923 = ADVANCED_FACE ( 'NONE', ( #919 ), #2452, .T. ) ;
#1924 = CARTESIAN_POINT ( 'NONE',  ( 0.2112909742187852880, 7.838367176906170464, -1.600000000000000089 ) ) ;
#1925 = VECTOR ( 'NONE', #2667, 999.9999999999998863 ) ;
#1926 = ORIENTED_EDGE ( 'NONE', *, *, #1322, .F. ) ;
#1927 = CIRCLE ( 'NONE', #1735, 2.000000000000000000 ) ;
#1928 = CIRCLE ( 'NONE', #1344, 2.000000000000000000 ) ;
#1929 =( NAMED_UNIT ( * ) SI_UNIT ( $, .STERADIAN. ) SOLID_ANGLE_UNIT ( ) );
#1930 = ORIENTED_EDGE ( 'NONE', *, *, #1769, .T. ) ;
#1931 = DIRECTION ( 'NONE',  ( 0.0000000000000000000, 0.0000000000000000000, 1.000000000000000000 ) ) ;
#1932 = DIRECTION ( 'NONE',  ( 1.000000000000000000, -0.0000000000000000000, -0.0000000000000000000 ) ) ;
#1933 = ORIENTED_EDGE ( 'NONE', *, *, #90, .F. ) ;
#1934 = VERTEX_POINT ( 'NONE', #425 ) ;
#1935 = CARTESIAN_POINT ( 'NONE',  ( 1.899999999999999911, 0.7500000000000000000, -1.000000000000000000 ) ) ;
#1936 = CARTESIAN_POINT ( 'NONE',  ( -3.750000000000000000, -2.608971534673093284, 4.425305815512913910 ) ) ;
#1937 = DIRECTION ( 'NONE',  ( -0.0000000000000000000, -0.0000000000000000000, -1.000000000000000000 ) ) ;
#1938 = CARTESIAN_POINT ( 'NONE',  ( -10.75000000000000000, -4.805316519691916533, 3.791686883723366819 ) ) ;
#1939 = VERTEX_POINT ( 'NONE', #454 ) ;
#1940 = ORIENTED_EDGE ( 'NONE', *, *, #1496, .T. ) ;
#1941 = FACE_OUTER_BOUND ( 'NONE', #193, .T. ) ;
#1942 = EDGE_CURVE ( 'NONE', #3736, #2674, #769, .T. ) ;
#1943 = SURFACE_STYLE_USAGE ( .BOTH. , #95 ) ;
#1944 = ORIENTED_EDGE ( 'NONE', *, *, #2430, .F. ) ;
#1945 = SURFACE_STYLE_FILL_AREA ( #1599 ) ;
#1946 = CARTESIAN_POINT ( 'NONE',  ( 1.387630102959161560, -0.8033211073731569840, 7.960041299690121086 ) ) ;
#1947 = VERTEX_POINT ( 'NONE', #3248 ) ;
#1948 = ADVANCED_FACE ( 'NONE', ( #2270 ), #155, .F. ) ;
#1949 = DIRECTION ( 'NONE',  ( 1.000000000000000000, -0.0000000000000000000, -0.0000000000000000000 ) ) ;
#1950 = ORIENTED_EDGE ( 'NONE', *, *, #262, .F. ) ;
#1951 = PLANE ( 'NONE',  #105 ) ;
#1952 = ORIENTED_EDGE ( 'NONE', *, *, #57, .F. ) ;
#1953 = ADVANCED_FACE ( 'NONE', ( #3266 ), #2038, .F. ) ;
#1954 = DIRECTION ( 'NONE',  ( 0.0000000000000000000, 0.8477127166205130626, 0.5304556061348298934 ) ) ;
#1955 = CARTESIAN_POINT ( 'NONE',  ( 3.750000000000000000, 0.0000000000000000000, 0.0000000000000000000 ) ) ;
#1956 = CARTESIAN_POINT ( 'NONE',  ( -12.24999999999999822, 0.0000000000000000000, 0.0000000000000000000 ) ) ;
#1957 = CARTESIAN_POINT ( 'NONE',  ( -10.75000000000000000, 3.375345737512479349, -5.087376496814743021 ) ) ;
#1958 = ORIENTED_EDGE ( 'NONE', *, *, #2899, .F. ) ;
#1959 = DIRECTION ( 'NONE',  ( -0.0000000000000000000, -0.2425356250363331634, -0.9701425001453318764 ) ) ;
#1960 = ORIENTED_EDGE ( 'NONE', *, *, #2370, .F. ) ;
#1961 = DIRECTION ( 'NONE',  ( -0.0000000000000000000, -1.000000000000000000, -0.0000000000000000000 ) ) ;
#1962 = VERTEX_POINT ( 'NONE', #1091 ) ;
#1963 = PRODUCT_DEFINITION_SHAPE ( 'NONE', 'NONE',  #4037 ) ;
#1964 = LINE ( 'NONE', #53, #2885 ) ;
#1965 =( NAMED_UNIT ( * ) PLANE_ANGLE_UNIT ( ) SI_UNIT ( $, .RADIAN. ) );
#1966 = ADVANCED_BREP_SHAPE_REPRESENTATION ( '', ( #1049, #834 ), #252 ) ;
#1967 = DIRECTION ( 'NONE',  ( 0.0000000000000000000, 0.0000000000000000000, 1.000000000000000000 ) ) ;
#1968 = VERTEX_POINT ( 'NONE', #118 ) ;
#1969 = FACE_OUTER_BOUND ( 'NONE', #3932, .T. ) ;
#1970 = ADVANCED_FACE ( 'NONE', ( #139 ), #2941, .F. ) ;
#1971 = LINE ( 'NONE', #2578, #623 ) ;
#1972 = ORIENTED_EDGE ( 'NONE', *, *, #3383, .F. ) ;
#1973 = PRODUCT_RELATED_PRODUCT_CATEGORY ( 'part', '', ( #2093 ) ) ;
#1974 = DIRECTION ( 'NONE',  ( -0.0000000000000000000, 0.06912543288578471001, -0.9976079763756667829 ) ) ;
#1975 = CARTESIAN_POINT ( 'NONE',  ( -10.75000000000000000, -5.742402404397513926, 2.124840540217201035 ) ) ;
#1976 = FACE_OUTER_BOUND ( 'NONE', #2853, .T. ) ;
#1977 = CARTESIAN_POINT ( 'NONE',  ( -3.750000000000000000, 5.094874896173013035, 0.5000000000000000000 ) ) ;
#1978 = CARTESIAN_POINT ( 'NONE',  ( -10.75000000000000000, -2.608971534673094173, -4.425305815512913021 ) ) ;
#1979 = VECTOR ( 'NONE', #214, 1000.000000000000000 ) ;
#1980 = VECTOR ( 'NONE', #2412, 1000.000000000000000 ) ;
#1981 = ORIENTED_EDGE ( 'NONE', *, *, #3787, .F. ) ;
#1982 = DIRECTION ( 'NONE',  ( 0.0000000000000000000, -0.3740200118118306993, 0.9274206331348672228 ) ) ;
#1983 = VECTOR ( 'NONE', #2541, 1000.000000000000114 ) ;
#1984 = LINE ( 'NONE', #747, #1727 ) ;
#1985 = ORIENTED_EDGE ( 'NONE', *, *, #1117, .T. ) ;
#1986 = DIRECTION ( 'NONE',  ( 1.000000000000000000, 0.0000000000000000000, 0.0000000000000000000 ) ) ;
#1987 = VECTOR ( 'NONE', #2633, 1000.000000000000114 ) ;
#1988 = VECTOR ( 'NONE', #3571, 1000.000000000000114 ) ;
#1989 = VECTOR ( 'NONE', #3991, 1000.000000000000000 ) ;
#1990 = DIRECTION ( 'NONE',  ( -0.0000000000000000000, 0.4539904997395460828, -0.8910065241883683429 ) ) ;
#1991 = ORIENTED_EDGE ( 'NONE', *, *, #3823, .F. ) ;
#1992 = CARTESIAN_POINT ( 'NONE',  ( 0.8072128714509289038, 7.877447655775990043, 1.397328840157657792 ) ) ;
#1993 = AXIS2_PLACEMENT_3D ( 'NONE', #2116, #1790, #2664 ) ;
#1994 = EDGE_CURVE ( 'NONE', #2902, #2849, #1351, .T. ) ;
#1995 = LINE ( 'NONE', #3224, #1988 ) ;
#1996 = LINE ( 'NONE', #800, #1334 ) ;
#1997 = LINE ( 'NONE', #464, #2945 ) ;
#1998 = DIRECTION ( 'NONE',  ( -0.0000000000000000000, -0.1564344650402300918, -0.9876883405951377704 ) ) ;
#1999 = EDGE_CURVE ( 'NONE', #426, #2170, #3188, .T. ) ;
#2000 = EDGE_LOOP ( 'NONE', ( #3223, #2810, #2482, #2083 ) ) ;
#2001 = CARTESIAN_POINT ( 'NONE',  ( -3.750000000000000000, -5.099209145838154100, -3.387178386535892205 ) ) ;
#2002 =( LENGTH_UNIT ( ) NAMED_UNIT ( * ) SI_UNIT ( .MILLI., .METRE. ) );
#2003 = ORIENTED_EDGE ( 'NONE', *, *, #3989, .T. ) ;
#2004 = CARTESIAN_POINT ( 'NONE',  ( -10.75000000000000000, -4.805316519691916533, 3.791686883723366819 ) ) ;
#2005 = UNCERTAINTY_MEASURE_WITH_UNIT (LENGTH_MEASURE( 1.000000000000000082E-05 ), #2229, 'distance_accuracy_value', 'NONE');
#2006 = ORIENTED_EDGE ( 'NONE', *, *, #3174, .T. ) ;
#2007 = CARTESIAN_POINT ( 'NONE',  ( 0.0000000000000000000, 0.0000000000000000000, 0.0000000000000000000 ) ) ;
#2008 = LINE ( 'NONE', #2930, #755 ) ;
#2009 = ORIENTED_EDGE ( 'NONE', *, *, #3152, .F. ) ;
#2010 = DIRECTION ( 'NONE',  ( 0.0000000000000000000, 0.4472135954999579277, -0.8944271909999158554 ) ) ;
#2011 = DIRECTION ( 'NONE',  ( 0.0000000000000000000, 0.1564344650402305081, -0.9876883405951378814 ) ) ;
#2012 = VERTEX_POINT ( 'NONE', #3837 ) ;
#2013 = DIRECTION ( 'NONE',  ( 0.0000000000000000000, 0.8910065241883682319, 0.4539904997395459718 ) ) ;
#2014 = CARTESIAN_POINT ( 'NONE',  ( 0.9775503566542337319, 1.270741271768386804, 2.154001707153331502 ) ) ;
#2015 = DIRECTION ( 'NONE',  ( 0.0000000000000000000, -0.9701425001453319874, -0.2425356250363329136 ) ) ;
#2016 = DIRECTION ( 'NONE',  ( 0.0000000000000000000, -0.7664508966033178883, 0.6423029060310797567 ) ) ;
#2017 = ORIENTED_EDGE ( 'NONE', *, *, #473, .T. ) ;
#2018 = SURFACE_STYLE_FILL_AREA ( #180 ) ;
#2019 = ORIENTED_EDGE ( 'NONE', *, *, #1625, .F. ) ;
#2020 = PLANE ( 'NONE',  #2617 ) ;
#2021 = EDGE_CURVE ( 'NONE', #3736, #1417, #3540, .T. ) ;
#2022 = CARTESIAN_POINT ( 'NONE',  ( -1.545358330888864096, 2.465329916125039489, 0.4281539938893937913 ) ) ;
#2023 = EDGE_CURVE ( 'NONE', #1962, #537, #3517, .T. ) ;
#2024 = B_SPLINE_CURVE_WITH_KNOTS ( 'NONE', 3,
 ( #3446, #350, #672, #1899, #1600, #1992, #2232, #2828, #669, #55, #1618, #3756, #2516, #371, #3795, #1896, #3130, #3156, #1317, #2845, #994, #3462, #690, #974, #1924, #395 ),
 .UNSPECIFIED., .F., .F.,
 ( 4, 2, 2, 2, 2, 2, 2, 2, 2, 2, 2, 2, 4 ),
 ( 0.002508124237059475813, 0.002821531275626341581, 0.003134938314193207350, 0.003761752391326939320, 0.004075159429893805522, 0.004388566468460672158, 0.004701973507027538794, 0.005015380545594405430, 0.005642194622728138702, 0.006269008699861872841, 0.006582415738428738609, 0.006895822776995605245, 0.007522636854129338517 ),
 .UNSPECIFIED. ) ;
#2025 = ORIENTED_EDGE ( 'NONE', *, *, #2805, .T. ) ;
#2026 = CARTESIAN_POINT ( 'NONE',  ( -10.75000000000000000, -5.118540194219835193, -0.4999999999999993339 ) ) ;
#2027 = ORIENTED_EDGE ( 'NONE', *, *, #2851, .F. ) ;
#2028 = EDGE_CURVE ( 'NONE', #916, #1762, #1678, .T. ) ;
#2029 = DIRECTION ( 'NONE',  ( 0.0000000000000000000, -0.4472135954999579277, 0.8944271909999158554 ) ) ;
#2030 = SURFACE_STYLE_USAGE ( .BOTH. , #1530 ) ;
#2031 = EDGE_LOOP ( 'NONE', ( #3201, #2247, #29, #52 ) ) ;
#2032 = DIRECTION ( 'NONE',  ( -0.0000000000000000000, -0.7664508966033183324, -0.6423029060310792016 ) ) ;
#2033 = FACE_OUTER_BOUND ( 'NONE', #3516, .T. ) ;
#2034 = FACE_BOUND ( 'NONE', #221, .T. ) ;
#2035 = FACE_OUTER_BOUND ( 'NONE', #868, .T. ) ;
#2036 = LINE ( 'NONE', #2628, #3213 ) ;
#2037 = VERTEX_POINT ( 'NONE', #1064 ) ;
#2038 = PLANE ( 'NONE',  #375 ) ;
#2039 = LINE ( 'NONE', #2365, #382 ) ;
#2040 = CARTESIAN_POINT ( 'NONE',  ( -1.600245434029647695, 2.500157077717856335, -0.2130905070953198477 ) ) ;
#2041 = EDGE_CURVE ( 'NONE', #94, #867, #3231, .T. ) ;
#2042 = ORIENTED_EDGE ( 'NONE', *, *, #2570, .F. ) ;
#2043 = ORIENTED_EDGE ( 'NONE', *, *, #2644, .F. ) ;
#2044 = EDGE_CURVE ( 'NONE', #3550, #1259, #171, .T. ) ;
#2045 = VECTOR ( 'NONE', #2479, 1000.000000000000114 ) ;
#2046 = VECTOR ( 'NONE', #2532, 1000.000000000000227 ) ;
#2047 = DIRECTION ( 'NONE',  ( 0.0000000000000000000, 0.0000000000000000000, -1.000000000000000000 ) ) ;
#2048 = AXIS2_PLACEMENT_3D ( 'NONE', #381, #3741, #1542 ) ;
#2049 = ORIENTED_EDGE ( 'NONE', *, *, #3790, .F. ) ;
#2050 = DIRECTION ( 'NONE',  ( 1.000000000000000000, -0.0000000000000000000, -0.0000000000000000000 ) ) ;
#2051 = MECHANICAL_DESIGN_GEOMETRIC_PRESENTATION_REPRESENTATION (  '', ( #620 ), #3804 ) ;
#2052 = EDGE_LOOP ( 'NONE', ( #487, #2950, #2042, #2418 ) ) ;
#2053 = AXIS2_PLACEMENT_3D ( 'NONE', #1416, #1737, #1433 ) ;
#2054 = VECTOR ( 'NONE', #1701, 1000.000000000000114 ) ;
#2055 = CYLINDRICAL_SURFACE ( 'NONE', #1665, 2.500000000000000000 ) ;
#2056 = PLANE ( 'NONE',  #313 ) ;
#2057 = VECTOR ( 'NONE', #2266, 999.9999999999998863 ) ;
#2058 = CIRCLE ( 'NONE', #2184, 8.000000000000000000 ) ;
#2059 = CARTESIAN_POINT ( 'NONE',  ( -0.4336595308939886761, 1.553955433334031966, 1.960921172752108532 ) ) ;
#2060 =( NAMED_UNIT ( * ) PLANE_ANGLE_UNIT ( ) SI_UNIT ( $, .RADIAN. ) );
#2061 = CARTESIAN_POINT ( 'NONE',  ( -0.8010792428020758749, 1.388969174551436536, 7.878720649004258725 ) ) ;
#2062 = VECTOR ( 'NONE', #2082, 1000.000000000000000 ) ;
#2063 = AXIS2_PLACEMENT_3D ( 'NONE', #3632, #799, #1443 ) ;
#2064 = ORIENTED_EDGE ( 'NONE', *, *, #3282, .F. ) ;
#2065 = CARTESIAN_POINT ( 'NONE',  ( -10.75000000000000000, -5.742402404397513926, 2.124840540217201035 ) ) ;
#2066 = LINE ( 'NONE', #3919, #1153 ) ;
#2067 = ORIENTED_EDGE ( 'NONE', *, *, #758, .T. ) ;
#2068 = ADVANCED_FACE ( 'NONE', ( #2916 ), #3336, .F. ) ;
#2069 = CARTESIAN_POINT ( 'NONE',  ( 1.899999999999999911, 0.7499999999999997780, 1.000000000000000000 ) ) ;
#2070 = ORIENTED_EDGE ( 'NONE', *, *, #2124, .F. ) ;
#2071 = DIRECTION ( 'NONE',  ( 0.7071067811865486830, -0.6324555320336747721, 0.3162277660168374971 ) ) ;
#2072 = ORIENTED_EDGE ( 'NONE', *, *, #240, .T. ) ;
#2073 = EDGE_CURVE ( 'NONE', #1715, #2460, #1410, .T. ) ;
#2074 = CARTESIAN_POINT ( 'NONE',  ( -0.1067159457143344037, -1.600038118364250472, 1.920905521428781348 ) ) ;
#2075 = EDGE_CURVE ( 'NONE', #677, #3711, #3557, .T. ) ;
#2076 = DIRECTION ( 'NONE',  ( 0.0000000000000000000, 0.0000000000000000000, -1.000000000000000000 ) ) ;
#2077 = CARTESIAN_POINT ( 'NONE',  ( 0.4292907256841663743, 1.555304559414482979, 1.959852366258580059 ) ) ;
#2078 = DIRECTION ( 'NONE',  ( 1.000000000000000000, 0.0000000000000000000, 0.0000000000000000000 ) ) ;
#2079 = CARTESIAN_POINT ( 'NONE',  ( 0.9762182543423066905, 1.271947630090727532, 7.898455533117224370 ) ) ;
#2080 = ORIENTED_EDGE ( 'NONE', *, *, #3917, .T. ) ;
#2081 = CARTESIAN_POINT ( 'NONE',  ( -10.75000000000000000, 5.094874896173013035, 0.5000000000000000000 ) ) ;
#2082 = DIRECTION ( 'NONE',  ( 1.000000000000000000, -0.0000000000000000000, -0.0000000000000000000 ) ) ;
#2083 = ORIENTED_EDGE ( 'NONE', *, *, #2345, .T. ) ;
#2084 = FACE_OUTER_BOUND ( 'NONE', #1279, .T. ) ;
#2085 = ORIENTED_EDGE ( 'NONE', *, *, #849, .T. ) ;
#2086 = DIRECTION ( 'NONE',  ( 0.0000000000000000000, -0.4539904997395473596, -0.8910065241883675657 ) ) ;
#2087 = VERTEX_POINT ( 'NONE', #133 ) ;
#2088 = CARTESIAN_POINT ( 'NONE',  ( -0.7189100522092614076, -1.433206056266005834, 2.049012789112772737 ) ) ;
#2089 = CARTESIAN_POINT ( 'NONE',  ( -3.750000000000000000, -5.023108633883571983, 1.102531158620888130 ) ) ;
#2090 = EDGE_CURVE ( 'NONE', #84, #2101, #2179, .T. ) ;
#2091 = EDGE_CURVE ( 'NONE', #398, #2632, #1996, .T. ) ;
#2092 = CARTESIAN_POINT ( 'NONE',  ( 1.390015018092419119, 0.8201399712910498740, 2.370197022181842250 ) ) ;
#2093 = PRODUCT ( 'A187 Шкив GT2, O отверстия 5 мм(подробная модель)', 'A187 Шкив GT2, O отверстия 5 мм(подробная модель)', '', ( #1802 ) ) ;
#2094 = CARTESIAN_POINT ( 'NONE',  ( 0.0000000000000000000, 0.0000000000000000000, 8.000000000000000000 ) ) ;
#2095 = CARTESIAN_POINT ( 'NONE',  ( -1.057067391550726043, 1.205578990059032574, 7.908987845593169475 ) ) ;
#2096 = ADVANCED_FACE ( 'NONE', ( #2034, #524 ), #3242, .T. ) ;
#2097 = EDGE_CURVE ( 'NONE', #2955, #2181, #2248, .T. ) ;
#2098 = LINE ( 'NONE', #2436, #1207 ) ;
#2099 = CARTESIAN_POINT ( 'NONE',  ( -10.75000000000000000, -4.805316519691916533, 3.791686883723366819 ) ) ;
#2100 = EDGE_CURVE ( 'NONE', #2037, #1829, #213, .T. ) ;
#2101 = VERTEX_POINT ( 'NONE', #150 ) ;
#2102 = ORIENTED_EDGE ( 'NONE', *, *, #3784, .F. ) ;
#2103 = DIRECTION ( 'NONE',  ( -0.0000000000000000000, 0.9876883405951377704, -0.1564344650402304526 ) ) ;
#2104 = ORIENTED_EDGE ( 'NONE', *, *, #3255, .T. ) ;
#2105 = DIRECTION ( 'NONE',  ( -1.000000000000000000, -0.0000000000000000000, -0.0000000000000000000 ) ) ;
#2106 = CARTESIAN_POINT ( 'NONE',  ( -1.600000000000000089, -1.066322210202585728E-17, 2.500000000000000000 ) ) ;
#2107 = ORIENTED_EDGE ( 'NONE', *, *, #1497, .T. ) ;
#2108 = CARTESIAN_POINT ( 'NONE',  ( -10.75000000000000000, -4.437138464536324989, -2.597138885649682205 ) ) ;
#2109 = VERTEX_POINT ( 'NONE', #3930 ) ;
#2110 = VECTOR ( 'NONE', #2937, 1000.000000000000000 ) ;
#2111 = DIRECTION ( 'NONE',  ( 0.0000000000000000000, 0.0000000000000000000, -1.000000000000000000 ) ) ;
#2112 = DIRECTION ( 'NONE',  ( -0.0000000000000000000, -0.3090169943749459525, 0.9510565162951539753 ) ) ;
#2113 = AXIS2_PLACEMENT_3D ( 'NONE', #982, #2563, #3178 ) ;
#2114 = VECTOR ( 'NONE', #2735, 1000.000000000000114 ) ;
#2115 = DIRECTION ( 'NONE',  ( 0.0000000000000000000, 0.9876883405951378814, -0.1564344650402305359 ) ) ;
#2116 = CARTESIAN_POINT ( 'NONE',  ( -10.75000000000000000, -5.099209145838154100, -3.387178386535892205 ) ) ;
#2117 = EDGE_CURVE ( 'NONE', #3761, #3897, #3912, .T. ) ;
#2118 = AXIS2_PLACEMENT_3D ( 'NONE', #2128, #1779, #3013 ) ;
#2119 =( GEOMETRIC_REPRESENTATION_CONTEXT ( 3 ) GLOBAL_UNCERTAINTY_ASSIGNED_CONTEXT ( ( #2925 ) ) GLOBAL_UNIT_ASSIGNED_CONTEXT ( ( #1315, #1276, #2843 ) ) REPRESENTATION_CONTEXT ( 'NONE', 'WORKASPACE' ) );
#2120 = CARTESIAN_POINT ( 'NONE',  ( -3.750000000000000000, 1.637479633046213356, 5.885078252561577017 ) ) ;
#2121 = VECTOR ( 'NONE', #3212, 999.9999999999998863 ) ;
#2122 = VECTOR ( 'NONE', #2996, 1000.000000000000000 ) ;
#2123 = FACE_OUTER_BOUND ( 'NONE', #3093, .T. ) ;
#2124 = EDGE_CURVE ( 'NONE', #2849, #2471, #1731, .T. ) ;
#2125 = ORIENTED_EDGE ( 'NONE', *, *, #1798, .T. ) ;
#2126 =( LENGTH_UNIT ( ) NAMED_UNIT ( * ) SI_UNIT ( .MILLI., .METRE. ) );
#2127 = DIRECTION ( 'NONE',  ( 0.0000000000000000000, 0.9510565162951539753, 0.3090169943749458414 ) ) ;
#2128 = CARTESIAN_POINT ( 'NONE',  ( -10.75000000000000000, 5.718737106350690880, -2.124840540217202367 ) ) ;
#2129 = ORIENTED_EDGE ( 'NONE', *, *, #3763, .F. ) ;
#2130 = CARTESIAN_POINT ( 'NONE',  ( -1.432020155460390409, -0.7212509693015783929, 2.395753535541607970 ) ) ;
#2131 = EDGE_LOOP ( 'NONE', ( #2867, #1399, #2949, #988, #1818, #1958 ) ) ;
#2132 = DIRECTION ( 'NONE',  ( 0.0000000000000000000, 0.0000000000000000000, -1.000000000000000000 ) ) ;
#2133 = CARTESIAN_POINT ( 'NONE',  ( -0.4208796644924887587, -1.557648417351343406, 7.847313864918258552 ) ) ;
#2134 = CARTESIAN_POINT ( 'NONE',  ( 1.600000000000000755, 0.1075768712506840752, 2.500000000000000888 ) ) ;
#2135 = FACE_OUTER_BOUND ( 'NONE', #1108, .T. ) ;
#2136 = CARTESIAN_POINT ( 'NONE',  ( -3.750000000000000000, 3.375345737512479349, -5.087376496814743021 ) ) ;
#2137 = CARTESIAN_POINT ( 'NONE',  ( -10.75000000000000000, 4.690426341461801485, 2.053587674916041994 ) ) ;
#2138 = CARTESIAN_POINT ( 'NONE',  ( -3.736410698672603652E-15, -0.8118033988749921992, 1.100000000000003642 ) ) ;
#2139 = VERTEX_POINT ( 'NONE', #2359 ) ;
#2140 = EDGE_CURVE ( 'NONE', #558, #656, #2646, .T. ) ;
#2141 = ORIENTED_EDGE ( 'NONE', *, *, #122, .F. ) ;
#2142 = DIRECTION ( 'NONE',  ( 0.0000000000000000000, -0.8910065241883676768, 0.4539904997395471931 ) ) ;
#2143 = EDGE_CURVE ( 'NONE', #2574, #3822, #2167, .T. ) ;
#2144 = CARTESIAN_POINT ( 'NONE',  ( -10.75000000000000000, 5.873245603538165938, -1.649312282069625546 ) ) ;
#2145 = CARTESIAN_POINT ( 'NONE',  ( -10.75000000000000000, -6.118540194219835193, 0.2500000000000007772 ) ) ;
#2146 = ORIENTED_EDGE ( 'NONE', *, *, #3155, .F. ) ;
#2147 = DIRECTION ( 'NONE',  ( 0.0000000000000000000, -0.9976079763756667829, -0.06912543288578471001 ) ) ;
#2148 = ORIENTED_EDGE ( 'NONE', *, *, #1372, .T. ) ;
#2149 = EDGE_CURVE ( 'NONE', #1862, #3771, #917, .T. ) ;
#2150 = DIRECTION ( 'NONE',  ( -1.000000000000000000, 0.0000000000000000000, 0.0000000000000000000 ) ) ;
#2151 = ORIENTED_EDGE ( 'NONE', *, *, #784, .F. ) ;
#2152 = CARTESIAN_POINT ( 'NONE',  ( -1.397589705057622256, 7.961600455313766922, -0.8063404935641435012 ) ) ;
#2153 = DIRECTION ( 'NONE',  ( 0.0000000000000000000, 0.9510565162951540863, 0.3090169943749460635 ) ) ;
#2154 = CARTESIAN_POINT ( 'NONE',  ( -10.75000000000000000, -5.742402404397513926, 2.124840540217201035 ) ) ;
#2155 = FACE_OUTER_BOUND ( 'NONE', #612, .T. ) ;
#2156 = CARTESIAN_POINT ( 'NONE',  ( 4.000000000000000000, 0.0000000000000000000, 0.0000000000000000000 ) ) ;
#2157 = EDGE_CURVE ( 'NONE', #3286, #2271, #1840, .T. ) ;
#2158 = VERTEX_POINT ( 'NONE', #1226 ) ;
#2159 = CARTESIAN_POINT ( 'NONE',  ( -3.750000000000000000, -3.417988529048041180, -3.837520563220440106 ) ) ;
#2160 = EDGE_CURVE ( 'NONE', #94, #4034, #486, .T. ) ;
#2161 = CARTESIAN_POINT ( 'NONE',  ( -3.750000000000000000, -3.399011035559304172, -5.087376496814739468 ) ) ;
#2162 = CARTESIAN_POINT ( 'NONE',  ( 0.09999999999999245603, 0.0000000000000000000, 2.000000000000000000 ) ) ;
#2163 = ORIENTED_EDGE ( 'NONE', *, *, #958, .F. ) ;
#2164 = VECTOR ( 'NONE', #2103, 1000.000000000000227 ) ;
#2165 = DIRECTION ( 'NONE',  ( 1.000000000000000000, -0.0000000000000000000, -0.0000000000000000000 ) ) ;
#2166 = EDGE_CURVE ( 'NONE', #3703, #3320, #3390, .T. ) ;
#2167 = B_SPLINE_CURVE_WITH_KNOTS ( 'NONE', 3,
 ( #2626, #1749, #2981, #1384, #1143, #3592, #3893, #1105, #821, #463, #3615, #2059, #846, #1689, #2077, #541, #2324, #2014, #482, #1706, #2092, #613, #597, #3633, #2134, #3696 ),
 .UNSPECIFIED., .F., .F.,
 ( 4, 2, 2, 2, 2, 2, 2, 2, 2, 2, 2, 2, 4 ),
 ( 1.032835616343455609E-20, 0.0003221249032728469488, 0.0006442498065456938976, 0.001288499613091388446, 0.001610624516364235828, 0.001932749419637082994, 0.002576999226182776891, 0.003221249032728470355, 0.003543373936001317521, 0.003865498839274164253, 0.004509748645819859451, 0.004831873549092706617, 0.005153998452365554650 ),
 .UNSPECIFIED. ) ;
#2168 = PLANE ( 'NONE',  #1794 ) ;
#2169 = CIRCLE ( 'NONE', #1838, 1.500000000000000000 ) ;
#2170 = VERTEX_POINT ( 'NONE', #581 ) ;
#2171 = DIRECTION ( 'NONE',  ( 0.0000000000000000000, 0.7664508966033178883, -0.6423029060310797567 ) ) ;
#2172 = LINE ( 'NONE', #1563, #1721 ) ;
#2173 = ORIENTED_EDGE ( 'NONE', *, *, #3940, .F. ) ;
#2174 = VECTOR ( 'NONE', #2663, 1000.000000000000000 ) ;
#2175 = AXIS2_PLACEMENT_3D ( 'NONE', #2154, #1544, #2771 ) ;
#2176 = AXIS2_PLACEMENT_3D ( 'NONE', #2866, #2564, #2281 ) ;
#2177 = DIRECTION ( 'NONE',  ( 0.0000000000000000000, -0.4472135954999579277, -0.8944271909999158554 ) ) ;
#2178 = DIRECTION ( 'NONE',  ( 0.0000000000000000000, 0.3090169943749490611, 0.9510565162951530871 ) ) ;
#2179 = CIRCLE ( 'NONE', #2881, 2.500000000000000000 ) ;
#2180 = VECTOR ( 'NONE', #224, 1000.000000000000000 ) ;
#2181 = VERTEX_POINT ( 'NONE', #2745 ) ;
#2182 = VECTOR ( 'NONE', #2943, 1000.000000000000114 ) ;
#2183 = VECTOR ( 'NONE', #2912, 1000.000000000000000 ) ;
#2184 = AXIS2_PLACEMENT_3D ( 'NONE', #2394, #1405, #497 ) ;
#2185 = VERTEX_POINT ( 'NONE', #3023 ) ;
#2186 = LINE ( 'NONE', #51, #2046 ) ;
#2187 = VERTEX_POINT ( 'NONE', #257 ) ;
#2188 = SHAPE_DEFINITION_REPRESENTATION ( #79, #3307 ) ;
#2189 = PRODUCT_DEFINITION_FORMATION_WITH_SPECIFIED_SOURCE ( 'ANY', '', #2093, .NOT_KNOWN. ) ;
#2190 = CARTESIAN_POINT ( 'NONE',  ( -10.75000000000000000, 2.585306236626271570, 4.425305815512913910 ) ) ;
#2191 = LINE ( 'NONE', #1556, #4010 ) ;
#2192 = EDGE_CURVE ( 'NONE', #1333, #2087, #1488, .T. ) ;
#2193 = VERTEX_POINT ( 'NONE', #2450 ) ;
#2194 = DIRECTION ( 'NONE',  ( 0.0000000000000000000, -0.4539904997395457498, 0.8910065241883684539 ) ) ;
#2195 = PLANE ( 'NONE',  #745 ) ;
#2196 = EDGE_LOOP ( 'NONE', ( #3099, #1681, #1249, #3825 ) ) ;
#2197 = DIRECTION ( 'NONE',  ( 0.0000000000000000000, 1.000000000000000000, 0.0000000000000000000 ) ) ;
#2198 = EDGE_CURVE ( 'NONE', #318, #2673, #3975, .T. ) ;
#2199 = LINE ( 'NONE', #2484, #1461 ) ;
#2200 = EDGE_LOOP ( 'NONE', ( #2765, #1985, #3463, #201 ) ) ;
#2201 = ADVANCED_FACE ( 'NONE', ( #935 ), #3651, .F. ) ;
#2202 = EDGE_LOOP ( 'NONE', ( #1696, #890, #1901, #1200 ) ) ;
#2203 = FACE_BOUND ( 'NONE', #908, .T. ) ;
#2204 = CARTESIAN_POINT ( 'NONE',  ( -1.056952855860885387, 2.191636358748801250, -1.205508501290017520 ) ) ;
#2205 = LINE ( 'NONE', #2510, #1780 ) ;
#2206 = CARTESIAN_POINT ( 'NONE',  ( -10.75000000000000000, -3.849353212243851186, 3.406155880024630100 ) ) ;
#2207 = VERTEX_POINT ( 'NONE', #3351 ) ;
#2208 = ORIENTED_EDGE ( 'NONE', *, *, #3030, .F. ) ;
#2209 = CARTESIAN_POINT ( 'NONE',  ( -3.750000000000000000, 2.585306236626271126, 4.425305815512913021 ) ) ;
#2210 = CARTESIAN_POINT ( 'NONE',  ( 0.1000000000000000472, 1.250000000000000000, 0.0000000000000000000 ) ) ;
#2211 = ORIENTED_EDGE ( 'NONE', *, *, #2911, .T. ) ;
#2212 = DIRECTION ( 'NONE',  ( 0.0000000000000000000, 0.7071067811865467956, 0.7071067811865483499 ) ) ;
#2213 = DIRECTION ( 'NONE',  ( -0.0000000000000000000, -0.9510565162951539753, -0.3090169943749459525 ) ) ;
#2214 = SURFACE_STYLE_USAGE ( .BOTH. , #3447 ) ;
#2215 = ORIENTED_EDGE ( 'NONE', *, *, #1596, .F. ) ;
#2216 = CARTESIAN_POINT ( 'NONE',  ( -3.736410698672603652E-15, 0.0000000000000000000, 0.0000000000000000000 ) ) ;
#2217 = LINE ( 'NONE', #2769, #3139 ) ;
#2218 = ORIENTED_EDGE ( 'NONE', *, *, #2323, .T. ) ;
#2219 = EDGE_CURVE ( 'NONE', #137, #248, #231, .T. ) ;
#2220 = ADVANCED_FACE ( 'NONE', ( #1809, #2689 ), #2280, .T. ) ;
#2221 = ADVANCED_FACE ( 'NONE', ( #1320 ), #3116, .F. ) ;
#2222 = CARTESIAN_POINT ( 'NONE',  ( 0.0000000000000000000, 8.000000000000000000, 0.0000000000000000000 ) ) ;
#2223 = CARTESIAN_POINT ( 'NONE',  ( -10.75000000000000000, 3.375345737512479349, -5.087376496814743021 ) ) ;
#2224 = ADVANCED_FACE ( 'NONE', ( #63 ), #2483, .F. ) ;
#2225 = CARTESIAN_POINT ( 'NONE',  ( -3.750000000000000000, 6.094874896173013035, -0.2500000000000000000 ) ) ;
#2226 = LINE ( 'NONE', #1326, #3546 ) ;
#2227 = VERTEX_POINT ( 'NONE', #36 ) ;
#2228 = EDGE_LOOP ( 'NONE', ( #1885, #1611, #3719, #3606, #2600, #3111 ) ) ;
#2229 =( LENGTH_UNIT ( ) NAMED_UNIT ( * ) SI_UNIT ( .MILLI., .METRE. ) );
#2230 = PLANE ( 'NONE',  #2820 ) ;
#2231 = PLANE ( 'NONE',  #947 ) ;
#2232 = CARTESIAN_POINT ( 'NONE',  ( 0.9831902527919272883, 7.898418947281027336, 1.279670788399456249 ) ) ;
#2233 = ORIENTED_EDGE ( 'NONE', *, *, #1942, .T. ) ;
#2234 = DIRECTION ( 'NONE',  ( 0.0000000000000000000, 0.3090169943749458414, -0.9510565162951539753 ) ) ;
#2235 = FILL_AREA_STYLE ('',( #1900 ) ) ;
#2236 = ORIENTED_EDGE ( 'NONE', *, *, #216, .T. ) ;
#2237 = LINE ( 'NONE', #82, #3810 ) ;
#2238 = CARTESIAN_POINT ( 'NONE',  ( -10.75000000000000000, -2.136673189240611226, 5.730569755374103735 ) ) ;
#2239 = EDGE_LOOP ( 'NONE', ( #2878, #3562, #913, #577 ) ) ;
#2240 =( NAMED_UNIT ( * ) PLANE_ANGLE_UNIT ( ) SI_UNIT ( $, .RADIAN. ) );
#2241 = LINE ( 'NONE', #966, #1983 ) ;
#2242 = DIRECTION ( 'NONE',  ( -0.0000000000000000000, 0.6423029060310792016, -0.7664508966033183324 ) ) ;
#2243 = AXIS2_PLACEMENT_3D ( 'NONE', #1566, #1308, #2132 ) ;
#2244 = DIRECTION ( 'NONE',  ( 0.0000000000000000000, 0.5877852522924720269, 0.8090169943749481174 ) ) ;
#2245 = EDGE_CURVE ( 'NONE', #181, #1968, #1301, .T. ) ;
#2246 = VECTOR ( 'NONE', #1607, 1000.000000000000227 ) ;
#2247 = ORIENTED_EDGE ( 'NONE', *, *, #564, .F. ) ;
#2248 = CIRCLE ( 'NONE', #2677, 2.000000000000000000 ) ;
#2249 = CARTESIAN_POINT ( 'NONE',  ( 0.1000000000000000472, 0.7500000000000000000, -1.000000000000000000 ) ) ;
#2250 = ORIENTED_EDGE ( 'NONE', *, *, #1834, .T. ) ;
#2251 = EDGE_CURVE ( 'NONE', #2536, #2725, #332, .T. ) ;
#2252 = EDGE_CURVE ( 'NONE', #3596, #1856, #1623, .T. ) ;
#2253 = AXIS2_PLACEMENT_3D ( 'NONE', #2223, #2815, #3812 ) ;
#2254 = FILL_AREA_STYLE_COLOUR ( '', #3078 ) ;
#2255 = DIRECTION ( 'NONE',  ( -0.7071067811865479058, 8.659560562354930393E-17, -0.7071067811865472397 ) ) ;
#2256 = VECTOR ( 'NONE', #4022, 1000.000000000000000 ) ;
#2257 = EDGE_LOOP ( 'NONE', ( #282, #2783, #1319, #3053 ) ) ;
#2258 = VECTOR ( 'NONE', #462, 1000.000000000000000 ) ;
#2259 =( LENGTH_UNIT ( ) NAMED_UNIT ( * ) SI_UNIT ( .MILLI., .METRE. ) );
#2260 = FACE_OUTER_BOUND ( 'NONE', #1612, .T. ) ;
#2261 = EDGE_LOOP ( 'NONE', ( #1529, #2331, #1181, #91 ) ) ;
#2262 = CARTESIAN_POINT ( 'NONE',  ( -10.75000000000000000, -0.2618326490234108017, 6.106707545196424114 ) ) ;
#2263 = ORIENTED_EDGE ( 'NONE', *, *, #169, .F. ) ;
#2264 = CARTESIAN_POINT ( 'NONE',  ( -10.75000000000000000, 5.873245603538165938, -1.649312282069625546 ) ) ;
#2265 = CARTESIAN_POINT ( 'NONE',  ( 0.1000000000000004774, -1.250000000000000000, 0.0000000000000000000 ) ) ;
#2266 = DIRECTION ( 'NONE',  ( -0.0000000000000000000, -0.7071067811865483499, 0.7071067811865467956 ) ) ;
#2267 = CARTESIAN_POINT ( 'NONE',  ( 0.9779535310418829841, 2.154185597287015419, 1.270430803199658953 ) ) ;
#2268 = CARTESIAN_POINT ( 'NONE',  ( -3.750000000000000000, -5.896910901584988096, 1.649312282069624436 ) ) ;
#2269 = ORIENTED_EDGE ( 'NONE', *, *, #1202, .T. ) ;
#2270 = FACE_OUTER_BOUND ( 'NONE', #3037, .T. ) ;
#2271 = VERTEX_POINT ( 'NONE', #1016 ) ;
#2272 = DIRECTION ( 'NONE',  ( 1.000000000000000000, -0.0000000000000000000, -0.0000000000000000000 ) ) ;
#2273 = ORIENTED_EDGE ( 'NONE', *, *, #1229, .F. ) ;
#2274 = B_SPLINE_CURVE_WITH_KNOTS ( 'NONE', 3,
 ( #2534, #2634, #1492, #1191, #530, #3268, #3902, #790, #3600, #2968, #2022, #1755, #807, #2040, #1739, #2387, #3621, #2204, #320, #2467, #1548, #3715, #3141, #2816 ),
 .UNSPECIFIED., .F., .F.,
 ( 4, 2, 2, 2, 2, 2, 2, 2, 2, 2, 2, 4 ),
 ( 0.005152027809520251175, 0.005794119239639947128, 0.006115164954699795104, 0.006436210669759643080, 0.007078302099879340767, 0.007399347814939189610, 0.007720393529999037587, 0.008362484960118734406, 0.009004576390238432093, 0.009325622105298279202, 0.009646667820358128045, 0.01028875925047782400 ),
 .UNSPECIFIED. ) ;
#2275 = EDGE_CURVE ( 'NONE', #653, #1220, #3467, .T. ) ;
#2276 = VERTEX_POINT ( 'NONE', #414 ) ;
#2277 = PRESENTATION_STYLE_ASSIGNMENT (( #1034 ) ) ;
#2278 = CARTESIAN_POINT ( 'NONE',  ( -3.750000000000000000, -5.023108633883571983, -1.102531158620887464 ) ) ;
#2279 = VERTEX_POINT ( 'NONE', #2788 ) ;
#2280 = CYLINDRICAL_SURFACE ( 'NONE', #2113, 8.000000000000000000 ) ;
#2281 = DIRECTION ( 'NONE',  ( 0.0000000000000000000, -0.9274206331348672228, -0.3740200118118306993 ) ) ;
#2282 = ORIENTED_EDGE ( 'NONE', *, *, #3858, .F. ) ;
#2283 = EDGE_CURVE ( 'NONE', #2354, #1417, #1288, .T. ) ;
#2284 = CARTESIAN_POINT ( 'NONE',  ( -3.750000000000000000, 5.873245603538165938, 1.649312282069624214 ) ) ;
#2285 = CARTESIAN_POINT ( 'NONE',  ( 1.899999999999999911, -1.250000000000000000, 0.0000000000000000000 ) ) ;
#2286 = LINE ( 'NONE', #1347, #4004 ) ;
#2287 = CARTESIAN_POINT ( 'NONE',  ( -10.75000000000000000, -5.118540194219835193, -0.4999999999999993339 ) ) ;
#2288 = ORIENTED_EDGE ( 'NONE', *, *, #1248, .F. ) ;
#2289 = CARTESIAN_POINT ( 'NONE',  ( -10.75000000000000000, -6.118540194219835193, -0.2499999999999992506 ) ) ;
#2290 = ORIENTED_EDGE ( 'NONE', *, *, #3602, .F. ) ;
#2291 = DIRECTION ( 'NONE',  ( -0.0000000000000000000, -0.5877852522924721379, 0.8090169943749481174 ) ) ;
#2292 = VERTEX_POINT ( 'NONE', #2850 ) ;
#2293 = EDGE_CURVE ( 'NONE', #2292, #545, #505, .T. ) ;
#2294 = DIRECTION ( 'NONE',  ( 0.0000000000000000000, 0.0000000000000000000, 1.000000000000000000 ) ) ;
#2295 = LINE ( 'NONE', #812, #1404 ) ;
#2296 = ORIENTED_EDGE ( 'NONE', *, *, #2456, .T. ) ;
#2297 = CARTESIAN_POINT ( 'NONE',  ( -3.750000000000000000, 0.2381673509765892260, 6.106707545196424114 ) ) ;
#2298 = CARTESIAN_POINT ( 'NONE',  ( -10.75000000000000000, 3.779854234699954851, 4.793483870668506341 ) ) ;
#2299 = ORIENTED_EDGE ( 'NONE', *, *, #3989, .F. ) ;
#2300 = DIRECTION ( 'NONE',  ( 0.0000000000000000000, -1.000000000000000000, 0.0000000000000000000 ) ) ;
#2301 = DIRECTION ( 'NONE',  ( -0.0000000000000000000, 0.9510565162951539753, 0.3090169943749458414 ) ) ;
#2302 = CARTESIAN_POINT ( 'NONE',  ( -3.750000000000000000, -6.118540194219835193, 0.2500000000000007772 ) ) ;
#2303 = LINE ( 'NONE', #484, #1285 ) ;
#2304 = ORIENTED_EDGE ( 'NONE', *, *, #1355, .T. ) ;
#2305 = VECTOR ( 'NONE', #3454, 1000.000000000000000 ) ;
#2306 = ORIENTED_EDGE ( 'NONE', *, *, #1184, .T. ) ;
#2307 = DIRECTION ( 'NONE',  ( 0.0000000000000000000, -0.3740200118118313100, -0.9274206331348670007 ) ) ;
#2308 = VECTOR ( 'NONE', #614, 1000.000000000000000 ) ;
#2309 = VECTOR ( 'NONE', #500, 1000.000000000000000 ) ;
#2310 = VECTOR ( 'NONE', #475, 1000.000000000000000 ) ;
#2311 = ORIENTED_EDGE ( 'NONE', *, *, #239, .F. ) ;
#2312 =( NAMED_UNIT ( * ) PLANE_ANGLE_UNIT ( ) SI_UNIT ( $, .RADIAN. ) );
#2313 = VECTOR ( 'NONE', #3524, 1000.000000000000000 ) ;
#2314 = LINE ( 'NONE', #1683, #2748 ) ;
#2315 = ORIENTED_EDGE ( 'NONE', *, *, #3555, .F. ) ;
#2316 = PLANE ( 'NONE',  #1591 ) ;
#2317 = AXIS2_PLACEMENT_3D ( 'NONE', #2332, #806, #1130 ) ;
#2318 = COLOUR_RGB ( '',0.6078431372549019107, 0.6313725490196078205, 0.6627450980392156632 ) ;
#2319 = PLANE ( 'NONE',  #1657 ) ;
#2320 = EDGE_LOOP ( 'NONE', ( #3448, #2832, #3856, #2125 ) ) ;
#2321 = VECTOR ( 'NONE', #899, 1000.000000000000114 ) ;
#2322 = LINE ( 'NONE', #3866, #172 ) ;
#2323 = EDGE_CURVE ( 'NONE', #2674, #531, #2237, .T. ) ;
#2324 = CARTESIAN_POINT ( 'NONE',  ( 0.8084077163687392042, 1.384508953992655833, 2.082700576297316086 ) ) ;
#2325 = CARTESIAN_POINT ( 'NONE',  ( 0.4330202333828696015, 1.960754800956843180, 1.554170538001020008 ) ) ;
#2326 = DIRECTION ( 'NONE',  ( -0.0000000000000000000, 0.0000000000000000000, 1.000000000000000000 ) ) ;
#2327 = ADVANCED_FACE ( 'NONE', ( #1902 ), #1863, .F. ) ;
#2328 = ORIENTED_EDGE ( 'NONE', *, *, #3082, .T. ) ;
#2329 = CARTESIAN_POINT ( 'NONE',  ( -10.75000000000000000, -5.023108633883571983, -1.102531158620887464 ) ) ;
#2330 = DIRECTION ( 'NONE',  ( 1.000000000000000000, -0.0000000000000000000, -0.0000000000000000000 ) ) ;
#2331 = ORIENTED_EDGE ( 'NONE', *, *, #628, .F. ) ;
#2332 = CARTESIAN_POINT ( 'NONE',  ( -10.75000000000000000, 5.718737106350692656, 2.124840540217201035 ) ) ;
#2333 = VERTEX_POINT ( 'NONE', #353 ) ;
#2334 = ORIENTED_EDGE ( 'NONE', *, *, #175, .F. ) ;
#2335 = DIRECTION ( 'NONE',  ( 1.000000000000000000, -0.0000000000000000000, -0.0000000000000000000 ) ) ;
#2336 = DIRECTION ( 'NONE',  ( 0.7071067811865473507, 0.0000000000000000000, -0.7071067811865477948 ) ) ;
#2337 = LINE ( 'NONE', #3640, #1006 ) ;
#2338 = ORIENTED_EDGE ( 'NONE', *, *, #362, .F. ) ;
#2339 = DIRECTION ( 'NONE',  ( 0.0000000000000000000, -1.000000000000000000, 0.0000000000000000000 ) ) ;
#2340 = CARTESIAN_POINT ( 'NONE',  ( -10.75000000000000000, -5.099209145838154100, -3.387178386535892205 ) ) ;
#2341 = DIRECTION ( 'NONE',  ( 1.000000000000000000, 0.0000000000000000000, 0.0000000000000000000 ) ) ;
#2342 = ADVANCED_FACE ( 'NONE', ( #1579 ), #1602, .F. ) ;
#2343 = LINE ( 'NONE', #2982, #2606 ) ;
#2344 = LINE ( 'NONE', #1708, #3421 ) ;
#2345 = EDGE_CURVE ( 'NONE', #1269, #1557, #2808, .T. ) ;
#2346 = ADVANCED_FACE ( 'NONE', ( #3135 ), #3762, .T. ) ;
#2347 = ORIENTED_EDGE ( 'NONE', *, *, #2028, .F. ) ;
#2348 = CARTESIAN_POINT ( 'NONE',  ( -10.75000000000000000, -4.805316519691918309, -3.791686883723365931 ) ) ;
#2349 = VERTEX_POINT ( 'NONE', #714 ) ;
#2350 = ORIENTED_EDGE ( 'NONE', *, *, #2904, .F. ) ;
#2351 = ORIENTED_EDGE ( 'NONE', *, *, #2699, .T. ) ;
#2352 =( NAMED_UNIT ( * ) SI_UNIT ( $, .STERADIAN. ) SOLID_ANGLE_UNIT ( ) );
#2353 = CARTESIAN_POINT ( 'NONE',  ( -10.75000000000000000, 2.585306236626271570, 4.425305815512913910 ) ) ;
#2354 = VERTEX_POINT ( 'NONE', #1641 ) ;
#2355 = CARTESIAN_POINT ( 'NONE',  ( -10.75000000000000000, 5.075543847791330165, -3.387178386535893537 ) ) ;
#2356 = VERTEX_POINT ( 'NONE', #2865 ) ;
#2357 = CARTESIAN_POINT ( 'NONE',  ( 0.4301215386131741480, -1.555006781938610194, 1.960078664990916097 ) ) ;
#2358 = CARTESIAN_POINT ( 'NONE',  ( -10.75000000000000000, 1.637479633046211358, -5.885078252561577017 ) ) ;
#2359 = CARTESIAN_POINT ( 'NONE',  ( -10.75000000000000000, -3.399011035559304172, -5.087376496814741245 ) ) ;
#2360 = FILL_AREA_STYLE ('',( #1126 ) ) ;
#2361 = CARTESIAN_POINT ( 'NONE',  ( -10.75000000000000000, 1.637479633046213134, 5.885078252561577905 ) ) ;
#2362 = ORIENTED_EDGE ( 'NONE', *, *, #3581, .F. ) ;
#2363 = EDGE_CURVE ( 'NONE', #3072, #1166, #102, .T. ) ;
#2364 = FACE_OUTER_BOUND ( 'NONE', #995, .T. ) ;
#2365 = CARTESIAN_POINT ( 'NONE',  ( -3.750000000000000000, -3.399011035559303284, 5.087376496814743021 ) ) ;
#2366 = VECTOR ( 'NONE', #1846, 1000.000000000000000 ) ;
#2367 = EDGE_CURVE ( 'NONE', #3550, #2736, #519, .T. ) ;
#2368 = ORIENTED_EDGE ( 'NONE', *, *, #138, .T. ) ;
#2369 = VECTOR ( 'NONE', #147, 1000.000000000000000 ) ;
#2370 = EDGE_CURVE ( 'NONE', #3822, #2101, #3926, .T. ) ;
#2371 =( NAMED_UNIT ( * ) SI_UNIT ( $, .STERADIAN. ) SOLID_ANGLE_UNIT ( ) );
#2372 = LINE ( 'NONE', #1397, #376 ) ;
#2373 = VECTOR ( 'NONE', #2593, 1000.000000000000000 ) ;
#2374 = ORIENTED_EDGE ( 'NONE', *, *, #2642, .T. ) ;
#2375 = FACE_OUTER_BOUND ( 'NONE', #1485, .T. ) ;
#2376 = EDGE_LOOP ( 'NONE', ( #803, #2649, #3709, #3638 ) ) ;
#2377 = DIRECTION ( 'NONE',  ( 1.000000000000000000, -0.0000000000000000000, -0.0000000000000000000 ) ) ;
#2378 = DIRECTION ( 'NONE',  ( 1.000000000000000000, -0.0000000000000000000, -0.0000000000000000000 ) ) ;
#2379 = VECTOR ( 'NONE', #1508, 1000.000000000000000 ) ;
#2380 = VECTOR ( 'NONE', #2050, 1000.000000000000000 ) ;
#2381 = CARTESIAN_POINT ( 'NONE',  ( 3.750000000000000000, 0.0000000000000000000, 0.0000000000000000000 ) ) ;
#2382 = FACE_OUTER_BOUND ( 'NONE', #2031, .T. ) ;
#2383 = CARTESIAN_POINT ( 'NONE',  ( 1.058311679478613154, 1.204512758164358655, 7.909153140706599139 ) ) ;
#2384 = VECTOR ( 'NONE', #2983, 1000.000000000000000 ) ;
#2385 = LINE ( 'NONE', #293, #939 ) ;
#2386 = LINE ( 'NONE', #277, #951 ) ;
#2387 = CARTESIAN_POINT ( 'NONE',  ( -1.391833027268014167, 2.371280473009866885, -0.8167771074127334607 ) ) ;
#2388 = ORIENTED_EDGE ( 'NONE', *, *, #2091, .F. ) ;
#2389 = EDGE_CURVE ( 'NONE', #2536, #3782, #1744, .T. ) ;
#2390 = PLANE ( 'NONE',  #692 ) ;
#2391 = ADVANCED_FACE ( 'NONE', ( #1969 ), #459, .F. ) ;
#2392 = CARTESIAN_POINT ( 'NONE',  ( -3.750000000000000000, -2.608971534673093728, -4.425305815512912133 ) ) ;
#2393 = VERTEX_POINT ( 'NONE', #478 ) ;
#2394 = CARTESIAN_POINT ( 'NONE',  ( -12.24999999999999822, 0.0000000000000000000, 0.0000000000000000000 ) ) ;
#2395 = PLANE ( 'NONE',  #3133 ) ;
#2396 = DIRECTION ( 'NONE',  ( 0.0000000000000000000, 0.4539904997395460273, -0.8910065241883683429 ) ) ;
#2397 = CARTESIAN_POINT ( 'NONE',  ( -1.518792259991331169E-18, 7.838367176906169576, -1.600000000000000089 ) ) ;
#2398 = DIRECTION ( 'NONE',  ( 1.000000000000000000, -0.0000000000000000000, -0.0000000000000000000 ) ) ;
#2399 = EDGE_CURVE ( 'NONE', #1962, #1139, #1073, .T. ) ;
#2400 = DIRECTION ( 'NONE',  ( -0.0000000000000000000, 0.9701425001453318764, -0.2425356250363329691 ) ) ;
#2401 = DIRECTION ( 'NONE',  ( -1.000000000000000000, -0.0000000000000000000, -0.0000000000000000000 ) ) ;
#2402 = LINE ( 'NONE', #2698, #1394 ) ;
#2403 = ORIENTED_EDGE ( 'NONE', *, *, #2501, .T. ) ;
#2404 = CARTESIAN_POINT ( 'NONE',  ( -10.75000000000000000, 4.781651221645094374, -3.791686883723367263 ) ) ;
#2405 = ORIENTED_EDGE ( 'NONE', *, *, #3300, .T. ) ;
#2406 = CARTESIAN_POINT ( 'NONE',  ( -10.75000000000000000, -1.661144931093034627, 5.885078252561577017 ) ) ;
#2407 = CARTESIAN_POINT ( 'NONE',  ( 0.1000000000000000472, 1.250000000000000000, 0.0000000000000000000 ) ) ;
#2408 = EDGE_CURVE ( 'NONE', #2158, #653, #2975, .T. ) ;
#2409 = ORIENTED_EDGE ( 'NONE', *, *, #709, .F. ) ;
#2410 = CARTESIAN_POINT ( 'NONE',  ( -3.750000000000000000, -3.399011035559304172, -5.087376496814741245 ) ) ;
#2411 = CARTESIAN_POINT ( 'NONE',  ( -3.750000000000000000, -6.118540194219835193, 0.2500000000000007772 ) ) ;
#2412 = DIRECTION ( 'NONE',  ( -0.0000000000000000000, -0.6423029060310792016, 0.7664508966033183324 ) ) ;
#2413 = LINE ( 'NONE', #3309, #3729 ) ;
#2414 = LINE ( 'NONE', #1205, #1212 ) ;
#2415 = LINE ( 'NONE', #3001, #684 ) ;
#2416 = DIRECTION ( 'NONE',  ( 1.000000000000000000, -0.0000000000000000000, -0.0000000000000000000 ) ) ;
#2417 = VERTEX_POINT ( 'NONE', #2297 ) ;
#2418 = ORIENTED_EDGE ( 'NONE', *, *, #2521, .T. ) ;
#2419 = DIRECTION ( 'NONE',  ( 0.0000000000000000000, -0.5877852522924720269, -0.8090169943749481174 ) ) ;
#2420 = DIRECTION ( 'NONE',  ( 0.0000000000000000000, -0.8477127166205126185, -0.5304556061348303375 ) ) ;
#2421 = CARTESIAN_POINT ( 'NONE',  ( -3.750000000000000000, -1.661144931093035959, -5.885078252561575241 ) ) ;
#2422 = VECTOR ( 'NONE', #3619, 1000.000000000000114 ) ;
#2423 = ORIENTED_EDGE ( 'NONE', *, *, #1054, .F. ) ;
#2424 = VECTOR ( 'NONE', #1582, 1000.000000000000000 ) ;
#2425 = CARTESIAN_POINT ( 'NONE',  ( -1.545198159968875107, -0.4288362784374954995, 2.465228972329421175 ) ) ;
#2426 = CIRCLE ( 'NONE', #1784, 8.000000000000000000 ) ;
#2427 = CARTESIAN_POINT ( 'NONE',  ( -1.204706096645057567, -1.058072530690435054, 7.930069828264482368 ) ) ;
#2428 = CARTESIAN_POINT ( 'NONE',  ( -0.4147467769936263871, 7.848663576220752169, -1.548842417209120637 ) ) ;
#2429 = SURFACE_STYLE_USAGE ( .BOTH. , #2729 ) ;
#2430 = EDGE_CURVE ( 'NONE', #156, #1831, #1702, .T. ) ;
#2431 = CARTESIAN_POINT ( 'NONE',  ( -1.557256476400346923, 0.4223550729074053711, 7.991173623702968243 ) ) ;
#2432 = VECTOR ( 'NONE', #2255, 999.9999999999998863 ) ;
#2433 = ADVANCED_FACE ( 'NONE', ( #208 ), #3847, .F. ) ;
#2434 = AXIS2_PLACEMENT_3D ( 'NONE', #1223, #931, #2212 ) ;
#2435 = EDGE_CURVE ( 'NONE', #398, #3962, #3509, .T. ) ;
#2436 = CARTESIAN_POINT ( 'NONE',  ( -10.75000000000000000, 3.779854234699953519, -4.793483870668507230 ) ) ;
#2437 = VECTOR ( 'NONE', #2774, 1000.000000000000000 ) ;
#2438 = CIRCLE ( 'NONE', #765, 8.000000000000000000 ) ;
#2439 = CARTESIAN_POINT ( 'NONE',  ( 1.899999999999999911, -0.7499999999999997780, 1.000000000000000000 ) ) ;
#2440 = STYLED_ITEM ( 'NONE', ( #2990 ), #1966 ) ;
#2441 = ORIENTED_EDGE ( 'NONE', *, *, #3121, .T. ) ;
#2442 =( NAMED_UNIT ( * ) PLANE_ANGLE_UNIT ( ) SI_UNIT ( $, .RADIAN. ) );
#2443 = EDGE_CURVE ( 'NONE', #2725, #2417, #164, .T. ) ;
#2444 = DIRECTION ( 'NONE',  ( 0.0000000000000000000, -0.2425356250363328581, 0.9701425001453318764 ) ) ;
#2445 = DIRECTION ( 'NONE',  ( 1.000000000000000000, -0.0000000000000000000, 0.0000000000000000000 ) ) ;
#2446 = EDGE_LOOP ( 'NONE', ( #1677, #81, #1917, #1627 ) ) ;
#2447 = CARTESIAN_POINT ( 'NONE',  ( -3.750000000000000000, 3.779854234699953519, -4.793483870668506341 ) ) ;
#2448 = LINE ( 'NONE', #559, #388 ) ;
#2449 = ORIENTED_EDGE ( 'NONE', *, *, #2160, .T. ) ;
#2450 = CARTESIAN_POINT ( 'NONE',  ( 1.899999999999999911, -1.250000000000000000, 0.0000000000000000000 ) ) ;
#2451 = DIRECTION ( 'NONE',  ( 0.0000000000000000000, 0.7071067811865467956, 0.7071067811865483499 ) ) ;
#2452 = CYLINDRICAL_SURFACE ( 'NONE', #443, 2.000000000000000000 ) ;
#2453 = EDGE_CURVE ( 'NONE', #3889, #2185, #1423, .T. ) ;
#2454 = CARTESIAN_POINT ( 'NONE',  ( 0.1000000000000000472, 0.7500000000000000000, -1.000000000000000000 ) ) ;
#2455 = LINE ( 'NONE', #3655, #1925 ) ;
#2456 = EDGE_CURVE ( 'NONE', #3471, #1111, #3258, .T. ) ;
#2457 = ORIENTED_EDGE ( 'NONE', *, *, #2899, .T. ) ;
#2458 = DIRECTION ( 'NONE',  ( 0.0000000000000000000, 0.9876883405951377704, -0.1564344650402304804 ) ) ;
#2459 = LINE ( 'NONE', #3049, #2683 ) ;
#2460 = VERTEX_POINT ( 'NONE', #127 ) ;
#2461 = FACE_OUTER_BOUND ( 'NONE', #3982, .T. ) ;
#2462 = ORIENTED_EDGE ( 'NONE', *, *, #471, .T. ) ;
#2463 = FACE_OUTER_BOUND ( 'NONE', #2934, .T. ) ;
#2464 = ORIENTED_EDGE ( 'NONE', *, *, #2198, .F. ) ;
#2465 = CARTESIAN_POINT ( 'NONE',  ( -3.750000000000000000, -5.023108633883571983, 1.102531158620888574 ) ) ;
#2466 = LINE ( 'NONE', #3450, #1911 ) ;
#2467 = CARTESIAN_POINT ( 'NONE',  ( -0.8103176988621100252, 2.083452876072808380, -1.383373456097643617 ) ) ;
#2468 = CARTESIAN_POINT ( 'NONE',  ( -3.750000000000000000, 1.090698509597477273, 5.011275984860160015 ) ) ;
#2469 = CARTESIAN_POINT ( 'NONE',  ( -3.750000000000000000, 5.718737106350690880, -2.124840540217202367 ) ) ;
#2470 = ADVANCED_FACE ( 'NONE', ( #2592 ), #2819, .T. ) ;
#2471 = VERTEX_POINT ( 'NONE', #1361 ) ;
#2472 = ITEM_DEFINED_TRANSFORMATION ( 'NONE', 'NONE', #50,  #834 ) ;
#2473 = EDGE_CURVE ( 'NONE', #156, #3271, #2577, .T. ) ;
#2474 = CARTESIAN_POINT ( 'NONE',  ( -10.75000000000000000, -6.118540194219835193, -0.2499999999999992506 ) ) ;
#2475 = DIRECTION ( 'NONE',  ( 0.0000000000000000000, 0.4472135954999580942, -0.8944271909999157444 ) ) ;
#2476 = ADVANCED_FACE ( 'NONE', ( #1055 ), #2316, .F. ) ;
#2477 = EDGE_LOOP ( 'NONE', ( #2861, #284, #1757, #2347, #461, #742, #3938, #1661, #1377, #853, #1653, #766, #62, #1526, #2790, #3687, #1635, #2362, #646, #3165, #289, #3469, #4030, #2914, #2506, #1036, #264, #1578, #1387, #571, #3553, #3489, #2208, #3511, #961, #945, #145, #703, #1360, #1500, #3884, #3148, #3402, #2129, #2141, #2630, #222, #697, #2423, #2701, #1991, #2263, #3481, #2290, #773, #3779, #3981, #2009, #3582, #3646, #2315, #2070, #3722, #1021, #674, #1952, #2672, #2273, #2573, #1352, #2043, #3173, #3055, #2610, #2338, #971, #2215, #1926, #713, #1133 ) ) ;
#2478 = PLANE ( 'NONE',  #3215 ) ;
#2479 = DIRECTION ( 'NONE',  ( -0.0000000000000000000, 0.7664508966033182213, 0.6423029060310794236 ) ) ;
#2480 = DIRECTION ( 'NONE',  ( 0.0000000000000000000, -0.9701425001453319874, -0.2425356250363329969 ) ) ;
#2481 = AXIS2_PLACEMENT_3D ( 'NONE', #321, #1609, #1869 ) ;
#2482 = ORIENTED_EDGE ( 'NONE', *, *, #403, .F. ) ;
#2483 = PLANE ( 'NONE',  #691 ) ;
#2484 = CARTESIAN_POINT ( 'NONE',  ( -10.75000000000000000, 2.041755025892629138, -4.702258990485212564 ) ) ;
#2485 = ORIENTED_EDGE ( 'NONE', *, *, #1132, .T. ) ;
#2486 = VECTOR ( 'NONE', #1949, 1000.000000000000000 ) ;
#2487 = CARTESIAN_POINT ( 'NONE',  ( -10.75000000000000000, -1.661144931093035959, -5.885078252561577017 ) ) ;
#2488 = CARTESIAN_POINT ( 'NONE',  ( -10.75000000000000000, 5.873245603538165938, -1.649312282069625546 ) ) ;
#2489 = CARTESIAN_POINT ( 'NONE',  ( -10.75000000000000000, -2.136673189240611226, 5.730569755374103735 ) ) ;
#2490 = AXIS2_PLACEMENT_3D ( 'NONE', #2515, #648, #1694 ) ;
#2491 = EDGE_LOOP ( 'NONE', ( #535, #3314, #710, #2025 ) ) ;
#2492 = VECTOR ( 'NONE', #2291, 1000.000000000000000 ) ;
#2493 = AXIS2_PLACEMENT_3D ( 'NONE', #2222, #2300, #66 ) ;
#2494 = ORIENTED_EDGE ( 'NONE', *, *, #954, .T. ) ;
#2495 = FILL_AREA_STYLE ('',( #73 ) ) ;
#2496 = ORIENTED_EDGE ( 'NONE', *, *, #1004, .F. ) ;
#2497 = MECHANICAL_DESIGN_GEOMETRIC_PRESENTATION_REPRESENTATION (  '', ( #2440 ), #117 ) ;
#2498 = DIRECTION ( 'NONE',  ( -0.0000000000000000000, -0.1564344650402304526, 0.9876883405951377704 ) ) ;
#2499 = DIRECTION ( 'NONE',  ( 0.7071067811865471286, 0.6324555320336763264, 0.3162277660168383298 ) ) ;
#2500 = ORIENTED_EDGE ( 'NONE', *, *, #3526, .T. ) ;
#2501 = EDGE_CURVE ( 'NONE', #934, #3822, #3887, .T. ) ;
#2502 = CARTESIAN_POINT ( 'NONE',  ( -10.75000000000000000, -0.5118326490234108572, 5.106707545196424114 ) ) ;
#2503 = DIRECTION ( 'NONE',  ( -0.0000000000000000000, -0.9876883405951377704, 0.1564344650402304804 ) ) ;
#2504 = ADVANCED_FACE ( 'NONE', ( #191 ), #2640, .F. ) ;
#2505 = CARTESIAN_POINT ( 'NONE',  ( 1.518058458077446771, -0.5161975132299702063, 7.983918100046255795 ) ) ;
#2506 = ORIENTED_EDGE ( 'NONE', *, *, #229, .F. ) ;
#2507 = CARTESIAN_POINT ( 'NONE',  ( -10.75000000000000000, -4.805316519691916533, 3.791686883723366819 ) ) ;
#2508 = DIRECTION ( 'NONE',  ( 0.0000000000000000000, 0.3740200118118313100, -0.9274206331348670007 ) ) ;
#2509 = CARTESIAN_POINT ( 'NONE',  ( -10.75000000000000000, 1.637479633046213134, 5.885078252561577905 ) ) ;
#2510 = CARTESIAN_POINT ( 'NONE',  ( -3.750000000000000000, -4.805316519691916533, 3.791686883723366819 ) ) ;
#2511 = DIRECTION ( 'NONE',  ( 0.0000000000000000000, -0.9510565162951529761, 0.3090169943749490056 ) ) ;
#2512 = ORIENTED_EDGE ( 'NONE', *, *, #3965, .F. ) ;
#2513 = SURFACE_STYLE_FILL_AREA ( #2495 ) ;
#2514 = DIRECTION ( 'NONE',  ( 0.0000000000000000000, 0.8910065241883682319, -0.4539904997395463604 ) ) ;
#2515 = CARTESIAN_POINT ( 'NONE',  ( -10.75000000000000000, 4.781651221645094374, -3.791686883723367263 ) ) ;
#2516 = CARTESIAN_POINT ( 'NONE',  ( 1.548519938697192178, 7.989837852235578630, 0.4160307265332390814 ) ) ;
#2517 = ORIENTED_EDGE ( 'NONE', *, *, #608, .F. ) ;
#2518 = DIRECTION ( 'NONE',  ( 0.0000000000000000000, 0.0000000000000000000, 1.000000000000000000 ) ) ;
#2519 = EDGE_CURVE ( 'NONE', #2906, #3771, #3950, .T. ) ;
#2520 = LINE ( 'NONE', #3798, #3016 ) ;
#2521 = EDGE_CURVE ( 'NONE', #2880, #2535, #871, .T. ) ;
#2522 = ORIENTED_EDGE ( 'NONE', *, *, #471, .F. ) ;
#2523 = DIRECTION ( 'NONE',  ( 0.0000000000000000000, -0.4472135954999580942, 0.8944271909999157444 ) ) ;
#2524 = PLANE ( 'NONE',  #3007 ) ;
#2525 = ORIENTED_EDGE ( 'NONE', *, *, #3403, .F. ) ;
#2526 = ORIENTED_EDGE ( 'NONE', *, *, #1942, .F. ) ;
#2527 = DIRECTION ( 'NONE',  ( 0.0000000000000000000, 0.0000000000000000000, -1.000000000000000000 ) ) ;
#2528 = CARTESIAN_POINT ( 'NONE',  ( -3.750000000000000000, 2.585306236626271570, 4.425305815512913910 ) ) ;
#2529 = PLANE ( 'NONE',  #3003 ) ;
#2530 = LINE ( 'NONE', #2268, #41 ) ;
#2531 = ADVANCED_FACE ( 'NONE', ( #2375 ), #1165, .F. ) ;
#2532 = DIRECTION ( 'NONE',  ( -0.0000000000000000000, -0.9510565162951539753, -0.3090169943749459525 ) ) ;
#2533 = CARTESIAN_POINT ( 'NONE',  ( -10.75000000000000000, 2.041755025892629138, -4.702258990485212564 ) ) ;
#2534 = CARTESIAN_POINT ( 'NONE',  ( -3.179601465570340487E-14, 1.920937271229874677, 1.600000000000002975 ) ) ;
#2535 = VERTEX_POINT ( 'NONE', #2421 ) ;
#2536 = VERTEX_POINT ( 'NONE', #3692 ) ;
#2537 = CARTESIAN_POINT ( 'NONE',  ( 1.899999999999999911, 1.250000000000000000, 0.0000000000000000000 ) ) ;
#2538 = CARTESIAN_POINT ( 'NONE',  ( -10.75000000000000000, -3.399011035559304172, -5.087376496814741245 ) ) ;
#2539 = ORIENTED_EDGE ( 'NONE', *, *, #3195, .F. ) ;
#2540 = CARTESIAN_POINT ( 'NONE',  ( 0.1000000000000004774, -0.7499999999999997780, 1.000000000000000000 ) ) ;
#2541 = DIRECTION ( 'NONE',  ( -0.0000000000000000000, -0.9701425001453318764, 0.2425356250363330801 ) ) ;
#2542 = CARTESIAN_POINT ( 'NONE',  ( 0.9844089713129057229, 2.154918716625354502, -1.277537445955097661 ) ) ;
#2543 = AXIS2_PLACEMENT_3D ( 'NONE', #1230, #3769, #938 ) ;
#2544 = FACE_OUTER_BOUND ( 'NONE', #2052, .T. ) ;
#2545 = EDGE_CURVE ( 'NONE', #1254, #1271, #1804, .T. ) ;
#2546 = VECTOR ( 'NONE', #666, 1000.000000000000000 ) ;
#2547 = AXIS2_PLACEMENT_3D ( 'NONE', #1411, #422, #446 ) ;
#2548 = EDGE_CURVE ( 'NONE', #1884, #307, #894, .T. ) ;
#2549 = ORIENTED_EDGE ( 'NONE', *, *, #2160, .F. ) ;
#2550 = ORIENTED_EDGE ( 'NONE', *, *, #2367, .F. ) ;
#2551 = AXIS2_PLACEMENT_3D ( 'NONE', #2262, #3097, #675 ) ;
#2552 =( NAMED_UNIT ( * ) SI_UNIT ( $, .STERADIAN. ) SOLID_ANGLE_UNIT ( ) );
#2553 = VECTOR ( 'NONE', #2614, 1000.000000000000114 ) ;
#2554 = VECTOR ( 'NONE', #3786, 1000.000000000000000 ) ;
#2555 = VECTOR ( 'NONE', #914, 1000.000000000000227 ) ;
#2556 = PRESENTATION_STYLE_ASSIGNMENT (( #1943 ) ) ;
#2557 = EDGE_CURVE ( 'NONE', #3589, #1483, #2762, .T. ) ;
#2558 = VECTOR ( 'NONE', #2625, 1000.000000000000114 ) ;
#2559 =( GEOMETRIC_REPRESENTATION_CONTEXT ( 3 ) GLOBAL_UNCERTAINTY_ASSIGNED_CONTEXT ( ( #1067 ) ) GLOBAL_UNIT_ASSIGNED_CONTEXT ( ( #396, #2312, #98 ) ) REPRESENTATION_CONTEXT ( 'NONE', 'WORKASPACE' ) );
#2560 = FILL_AREA_STYLE_COLOUR ( '', #2693 ) ;
#2561 = CARTESIAN_POINT ( 'NONE',  ( 1.437846840122034342, -0.7096180797840214716, 7.969055796125075197 ) ) ;
#2562 = ORIENTED_EDGE ( 'NONE', *, *, #80, .F. ) ;
#2563 = DIRECTION ( 'NONE',  ( -1.000000000000000000, -0.0000000000000000000, -0.0000000000000000000 ) ) ;
#2564 = DIRECTION ( 'NONE',  ( 0.0000000000000000000, -0.3740200118118306993, 0.9274206331348672228 ) ) ;
#2565 = VERTEX_POINT ( 'NONE', #3627 ) ;
#2566 = LINE ( 'NONE', #2284, #383 ) ;
#2567 = CARTESIAN_POINT ( 'NONE',  ( -10.75000000000000000, 3.779854234699954851, 4.793483870668506341 ) ) ;
#2568 = CARTESIAN_POINT ( 'NONE',  ( 1.200191917695514476, 2.264202741014345044, -1.062934663021705139 ) ) ;
#2569 = LINE ( 'NONE', #1386, #3216 ) ;
#2570 = EDGE_CURVE ( 'NONE', #2880, #2720, #2680, .T. ) ;
#2571 = ORIENTED_EDGE ( 'NONE', *, *, #3721, .F. ) ;
#2572 = CARTESIAN_POINT ( 'NONE',  ( -10.75000000000000000, 4.999443335836749824, 1.102531158620888352 ) ) ;
#2573 = ORIENTED_EDGE ( 'NONE', *, *, #3525, .F. ) ;
#2574 = VERTEX_POINT ( 'NONE', #2106 ) ;
#2575 = LINE ( 'NONE', #3861, #1469 ) ;
#2576 = VERTEX_POINT ( 'NONE', #269 ) ;
#2577 = LINE ( 'NONE', #146, #1340 ) ;
#2578 = CARTESIAN_POINT ( 'NONE',  ( -10.75000000000000000, 5.873245603538165938, -1.649312282069625546 ) ) ;
#2579 = VERTEX_POINT ( 'NONE', #4008 ) ;
#2580 = CARTESIAN_POINT ( 'NONE',  ( -10.75000000000000000, -3.417988529048041180, -3.837520563220440106 ) ) ;
#2581 = CARTESIAN_POINT ( 'NONE',  ( -3.750000000000000000, -0.2618326490234123005, -6.106707545196424114 ) ) ;
#2582 = CARTESIAN_POINT ( 'NONE',  ( 3.750000000000000000, 0.0000000000000000000, 8.000000000000000000 ) ) ;
#2583 = DIRECTION ( 'NONE',  ( 0.0000000000000000000, 0.06912543288578525125, 0.9976079763756666718 ) ) ;
#2584 = ORIENTED_EDGE ( 'NONE', *, *, #58, .T. ) ;
#2585 = ORIENTED_EDGE ( 'NONE', *, *, #2443, .T. ) ;
#2586 = FACE_OUTER_BOUND ( 'NONE', #750, .T. ) ;
#2587 = UNCERTAINTY_MEASURE_WITH_UNIT (LENGTH_MEASURE( 1.000000000000000082E-05 ), #1880, 'distance_accuracy_value', 'NONE');
#2588 = EDGE_CURVE ( 'NONE', #3925, #3874, #1832, .T. ) ;
#2589 = DIRECTION ( 'NONE',  ( 0.0000000000000000000, -1.000000000000000000, 0.0000000000000000000 ) ) ;
#2590 = ORIENTED_EDGE ( 'NONE', *, *, #1304, .T. ) ;
#2591 = ADVANCED_FACE ( 'NONE', ( #306 ), #575, .F. ) ;
#2592 = FACE_OUTER_BOUND ( 'NONE', #331, .T. ) ;
#2593 = DIRECTION ( 'NONE',  ( 1.000000000000000000, -0.0000000000000000000, -0.0000000000000000000 ) ) ;
#2594 = VERTEX_POINT ( 'NONE', #3384 ) ;
#2595 = LINE ( 'NONE', #3891, #3285 ) ;
#2596 = DIRECTION ( 'NONE',  ( 1.000000000000000000, 0.0000000000000000000, 0.0000000000000000000 ) ) ;
#2597 = DIRECTION ( 'NONE',  ( 1.000000000000000000, -0.0000000000000000000, -0.0000000000000000000 ) ) ;
#2598 = LINE ( 'NONE', #739, #2686 ) ;
#2599 = ADVANCED_FACE ( 'NONE', ( #536 ), #609, .F. ) ;
#2600 = ORIENTED_EDGE ( 'NONE', *, *, #2960, .T. ) ;
#2601 = VECTOR ( 'NONE', #1812, 999.9999999999998863 ) ;
#2602 = CARTESIAN_POINT ( 'NONE',  ( -10.75000000000000000, -5.896910901584988096, -1.649312282069623103 ) ) ;
#2603 = DIRECTION ( 'NONE',  ( 0.0000000000000000000, -0.0000000000000000000, 1.000000000000000000 ) ) ;
#2604 = ORIENTED_EDGE ( 'NONE', *, *, #1182, .F. ) ;
#2605 = DIRECTION ( 'NONE',  ( 0.0000000000000000000, -0.9976079763756667829, -0.06912543288578471001 ) ) ;
#2606 = VECTOR ( 'NONE', #3290, 1000.000000000000227 ) ;
#2607 = VECTOR ( 'NONE', #2272, 1000.000000000000000 ) ;
#2608 = VECTOR ( 'NONE', #900, 1000.000000000000000 ) ;
#2609 = AXIS2_PLACEMENT_3D ( 'NONE', #1817, #855, #2127 ) ;
#2610 = ORIENTED_EDGE ( 'NONE', *, *, #3077, .F. ) ;
#2611 = EDGE_LOOP ( 'NONE', ( #965, #649, #3107, #3639 ) ) ;
#2612 = VECTOR ( 'NONE', #1876, 1000.000000000000000 ) ;
#2613 = EDGE_CURVE ( 'NONE', #187, #2942, #182, .T. ) ;
#2614 = DIRECTION ( 'NONE',  ( -0.0000000000000000000, 0.5304556061348296714, 0.8477127166205131736 ) ) ;
#2615 = VERTEX_POINT ( 'NONE', #2392 ) ;
#2616 = DIRECTION ( 'NONE',  ( 1.000000000000000000, -0.0000000000000000000, -0.0000000000000000000 ) ) ;
#2617 = AXIS2_PLACEMENT_3D ( 'NONE', #2967, #1754, #2605 ) ;
#2618 = VECTOR ( 'NONE', #196, 1000.000000000000114 ) ;
#2619 = EDGE_CURVE ( 'NONE', #1220, #2349, #1761, .T. ) ;
#2620 = LINE ( 'NONE', #1075, #1146 ) ;
#2621 = ORIENTED_EDGE ( 'NONE', *, *, #3100, .T. ) ;
#2622 = CARTESIAN_POINT ( 'NONE',  ( -3.750000000000000000, 5.094874896173013035, -0.5000000000000000000 ) ) ;
#2623 = ADVANCED_FACE ( 'NONE', ( #857 ), #555, .F. ) ;
#2624 = VECTOR ( 'NONE', #1241, 1000.000000000000114 ) ;
#2625 = DIRECTION ( 'NONE',  ( -0.0000000000000000000, -0.3740200118118306993, 0.9274206331348672228 ) ) ;
#2626 = CARTESIAN_POINT ( 'NONE',  ( -1.600000000000000089, -1.066322210202585728E-17, 2.500000000000000000 ) ) ;
#2627 = CARTESIAN_POINT ( 'NONE',  ( 1.381571855022587503, 2.365690675803941101, -0.8134980743686603955 ) ) ;
#2628 = CARTESIAN_POINT ( 'NONE',  ( -10.75000000000000000, 4.781651221645095262, 3.791686883723365931 ) ) ;
#2629 = ADVANCED_FACE ( 'NONE', ( #1484 ), #591, .F. ) ;
#2630 = ORIENTED_EDGE ( 'NONE', *, *, #2157, .F. ) ;
#2631 = PRESENTATION_STYLE_ASSIGNMENT (( #2966 ) ) ;
#2632 = VERTEX_POINT ( 'NONE', #3969 ) ;
#2633 = DIRECTION ( 'NONE',  ( 0.0000000000000000000, 0.5304556061348298934, -0.8477127166205130626 ) ) ;
#2634 = CARTESIAN_POINT ( 'NONE',  ( -0.2167032554958233104, 1.920937271229858689, 1.599999999999995426 ) ) ;
#2635 = ORIENTED_EDGE ( 'NONE', *, *, #2293, .F. ) ;
#2636 = ORIENTED_EDGE ( 'NONE', *, *, #1554, .T. ) ;
#2637 = SURFACE_STYLE_FILL_AREA ( #159 ) ;
#2638 = CARTESIAN_POINT ( 'NONE',  ( -3.750000000000000000, -1.661144931093035959, -5.885078252561577017 ) ) ;
#2639 = ORIENTED_EDGE ( 'NONE', *, *, #3282, .T. ) ;
#2640 = PLANE ( 'NONE',  #2687 ) ;
#2641 = ORIENTED_EDGE ( 'NONE', *, *, #3327, .T. ) ;
#2642 = EDGE_CURVE ( 'NONE', #2565, #3368, #1180, .T. ) ;
#2643 = CARTESIAN_POINT ( 'NONE',  ( -10.75000000000000000, 5.873245603538165938, 1.649312282069624214 ) ) ;
#2644 = EDGE_CURVE ( 'NONE', #970, #3942, #950, .T. ) ;
#2645 = PLANE ( 'NONE',  #2063 ) ;
#2646 = LINE ( 'NONE', #1125, #107 ) ;
#2647 = DIRECTION ( 'NONE',  ( 1.000000000000000000, -0.0000000000000000000, -0.0000000000000000000 ) ) ;
#2648 = FACE_OUTER_BOUND ( 'NONE', #3428, .T. ) ;
#2649 = ORIENTED_EDGE ( 'NONE', *, *, #40, .F. ) ;
#2650 = EDGE_CURVE ( 'NONE', #2736, #970, #2191, .T. ) ;
#2651 = SURFACE_SIDE_STYLE ('',( #2018 ) ) ;
#2652 = CARTESIAN_POINT ( 'NONE',  ( -10.75000000000000000, 1.090698509597477273, 5.011275984860160015 ) ) ;
#2653 = ORIENTED_EDGE ( 'NONE', *, *, #1605, .T. ) ;
#2654 = ORIENTED_EDGE ( 'NONE', *, *, #1616, .T. ) ;
#2655 = ORIENTED_EDGE ( 'NONE', *, *, #3051, .F. ) ;
#2656 = CARTESIAN_POINT ( 'NONE',  ( -10.75000000000000000, -5.023108633883571983, -1.102531158620887464 ) ) ;
#2657 = ORIENTED_EDGE ( 'NONE', *, *, #3824, .F. ) ;
#2658 = CARTESIAN_POINT ( 'NONE',  ( -3.469446951953614189E-15, 0.0000000000000000000, 0.0000000000000000000 ) ) ;
#2659 = ORIENTED_EDGE ( 'NONE', *, *, #3858, .T. ) ;
#2660 = CARTESIAN_POINT ( 'NONE',  ( 0.8085552456802257426, -1.384408571285257850, 2.082763175378409493 ) ) ;
#2661 = CARTESIAN_POINT ( 'NONE',  ( -10.75000000000000000, -2.065420323939452629, 4.702258990485212564 ) ) ;
#2662 = CARTESIAN_POINT ( 'NONE',  ( 1.899999999999999911, 0.7500000000000000000, -1.000000000000000000 ) ) ;
#2663 = DIRECTION ( 'NONE',  ( -1.000000000000000000, -0.0000000000000000000, -0.0000000000000000000 ) ) ;
#2664 = DIRECTION ( 'NONE',  ( 0.0000000000000000000, -0.5877852522924720269, 0.8090169943749481174 ) ) ;
#2665 = ORIENTED_EDGE ( 'NONE', *, *, #1445, .T. ) ;
#2666 = LINE ( 'NONE', #2081, #431 ) ;
#2667 = DIRECTION ( 'NONE',  ( -0.7071067811865479058, 0.0000000000000000000, 0.7071067811865472397 ) ) ;
#2668 = EDGE_CURVE ( 'NONE', #3004, #2902, #1316, .T. ) ;
#2669 = UNCERTAINTY_MEASURE_WITH_UNIT (LENGTH_MEASURE( 1.000000000000000082E-05 ), #2126, 'distance_accuracy_value', 'NONE');
#2670 = ADVANCED_FACE ( 'NONE', ( #1595 ), #2231, .F. ) ;
#2671 = VECTOR ( 'NONE', #260, 1000.000000000000000 ) ;
#2672 = ORIENTED_EDGE ( 'NONE', *, *, #138, .F. ) ;
#2673 = VERTEX_POINT ( 'NONE', #3460 ) ;
#2674 = VERTEX_POINT ( 'NONE', #1894 ) ;
#2675 = AXIS2_PLACEMENT_3D ( 'NONE', #1841, #2451, #3079 ) ;
#2676 = APPLICATION_PROTOCOL_DEFINITION ( 'draft international standard', 'automotive_design', 1998, #70 ) ;
#2677 = AXIS2_PLACEMENT_3D ( 'NONE', #3867, #1428, #1083 ) ;
#2678 = FACE_OUTER_BOUND ( 'NONE', #588, .T. ) ;
#2679 = AXIS2_PLACEMENT_3D ( 'NONE', #1776, #3704, #3032 ) ;
#2680 = LINE ( 'NONE', #3036, #3015 ) ;
#2681 = ORIENTED_EDGE ( 'NONE', *, *, #2041, .F. ) ;
#2682 = VECTOR ( 'NONE', #768, 1000.000000000000114 ) ;
#2683 = VECTOR ( 'NONE', #2105, 1000.000000000000000 ) ;
#2684 = CARTESIAN_POINT ( 'NONE',  ( 1.555269742633036412, -0.4306989743092245471, 2.470750146804367997 ) ) ;
#2685 = LINE ( 'NONE', #1426, #3744 ) ;
#2686 = VECTOR ( 'NONE', #1998, 1000.000000000000114 ) ;
#2687 = AXIS2_PLACEMENT_3D ( 'NONE', #3908, #1121, #2086 ) ;
#2688 = VECTOR ( 'NONE', #3071, 1000.000000000000114 ) ;
#2689 = FACE_OUTER_BOUND ( 'NONE', #2131, .T. ) ;
#2690 = DIRECTION ( 'NONE',  ( 0.0000000000000000000, 0.0000000000000000000, -1.000000000000000000 ) ) ;
#2691 = CARTESIAN_POINT ( 'NONE',  ( -10.75000000000000000, -3.849353212243852074, -3.406155880024630100 ) ) ;
#2692 = VECTOR ( 'NONE', #3653, 1000.000000000000000 ) ;
#2693 = COLOUR_RGB ( '',0.6078431372549019107, 0.6313725490196078205, 0.6627450980392156632 ) ;
#2694 = CARTESIAN_POINT ( 'NONE',  ( -10.75000000000000000, 2.113007891193788179, -5.730569755374103735 ) ) ;
#2695 = LINE ( 'NONE', #2099, #2379 ) ;
#2696 = EDGE_CURVE ( 'NONE', #2793, #2181, #1009, .T. ) ;
#2697 = PRODUCT_DEFINITION_SHAPE ( 'NONE', 'NONE',  #1080 ) ;
#2698 = CARTESIAN_POINT ( 'NONE',  ( -3.750000000000000000, 2.113007891193788179, -5.730569755374103735 ) ) ;
#2699 = EDGE_CURVE ( 'NONE', #1220, #2279, #3092, .T. ) ;
#2700 = VERTEX_POINT ( 'NONE', #973 ) ;
#2701 = ORIENTED_EDGE ( 'NONE', *, *, #2726, .F. ) ;
#2702 = FACE_OUTER_BOUND ( 'NONE', #2000, .T. ) ;
#2703 = ORIENTED_EDGE ( 'NONE', *, *, #335, .F. ) ;
#2704 = CARTESIAN_POINT ( 'NONE',  ( 0.0000000000000000000, 0.0000000000000000000, 0.0000000000000000000 ) ) ;
#2705 = LINE ( 'NONE', #3626, #303 ) ;
#2706 = ORIENTED_EDGE ( 'NONE', *, *, #2833, .F. ) ;
#2707 = DIRECTION ( 'NONE',  ( 0.0000000000000000000, -0.0000000000000000000, 1.000000000000000000 ) ) ;
#2708 = ORIENTED_EDGE ( 'NONE', *, *, #229, .T. ) ;
#2709 = LINE ( 'NONE', #2410, #1528 ) ;
#2710 = ORIENTED_EDGE ( 'NONE', *, *, #2907, .F. ) ;
#2711 = SURFACE_STYLE_USAGE ( .BOTH. , #3020 ) ;
#2712 = DIRECTION ( 'NONE',  ( -0.0000000000000000000, 0.1564344650402305081, 0.9876883405951377704 ) ) ;
#2713 = CARTESIAN_POINT ( 'NONE',  ( 0.1000000000000000472, 0.7499999999999997780, 1.000000000000000000 ) ) ;
#2714 = CARTESIAN_POINT ( 'NONE',  ( -1.397109600298816590, 0.8071655998952912414, 7.961515143873200806 ) ) ;
#2715 = DIRECTION ( 'NONE',  ( 0.0000000000000000000, 0.9976079763756667829, -0.06912543288578525125 ) ) ;
#2716 = DIRECTION ( 'NONE',  ( 1.000000000000000000, -0.0000000000000000000, -0.0000000000000000000 ) ) ;
#2717 = EDGE_LOOP ( 'NONE', ( #2665, #1598, #1370, #1736 ) ) ;
#2718 = DIRECTION ( 'NONE',  ( 0.0000000000000000000, 0.0000000000000000000, -1.000000000000000000 ) ) ;
#2719 = CARTESIAN_POINT ( 'NONE',  ( -10.75000000000000000, 4.690426341461801485, 2.053587674916041994 ) ) ;
#2720 = VERTEX_POINT ( 'NONE', #1855 ) ;
#2721 = CARTESIAN_POINT ( 'NONE',  ( -10.75000000000000000, 3.825687914197029471, 3.406155880024629656 ) ) ;
#2722 = ORIENTED_EDGE ( 'NONE', *, *, #661, .T. ) ;
#2723 = ADVANCED_FACE ( 'NONE', ( #3400 ), #3427, .F. ) ;
#2724 = LINE ( 'NONE', #1822, #1989 ) ;
#2725 = VERTEX_POINT ( 'NONE', #688 ) ;
#2726 = EDGE_CURVE ( 'NONE', #810, #3499, #3230, .T. ) ;
#2727 = CARTESIAN_POINT ( 'NONE',  ( -1.272117983270153241, -0.9760294834616217718, 7.940718280565055132 ) ) ;
#2728 = CARTESIAN_POINT ( 'NONE',  ( -1.437020751988056899, 7.968906034920687276, 0.7113078887150614538 ) ) ;
#2729 = SURFACE_SIDE_STYLE ('',( #1465 ) ) ;
#2730 = DIRECTION ( 'NONE',  ( 0.0000000000000000000, 0.7664508966033178883, -0.6423029060310797567 ) ) ;
#2731 = CARTESIAN_POINT ( 'NONE',  ( -10.75000000000000000, -5.742402404397514815, -2.124840540217199703 ) ) ;
#2732 = LINE ( 'NONE', #3394, #2062 ) ;
#2733 = ORIENTED_EDGE ( 'NONE', *, *, #4026, .F. ) ;
#2734 = CARTESIAN_POINT ( 'NONE',  ( -3.750000000000000000, -5.742402404397513926, 2.124840540217201035 ) ) ;
#2735 = DIRECTION ( 'NONE',  ( -0.0000000000000000000, -0.5304556061348300045, -0.8477127166205130626 ) ) ;
#2736 = VERTEX_POINT ( 'NONE', #1617 ) ;
#2737 = CARTESIAN_POINT ( 'NONE',  ( -10.75000000000000000, 3.375345737512480682, 5.087376496814742133 ) ) ;
#2738 = ORIENTED_EDGE ( 'NONE', *, *, #1592, .F. ) ;
#2739 = VECTOR ( 'NONE', #2527, 1000.000000000000000 ) ;
#2740 = LINE ( 'NONE', #594, #309 ) ;
#2741 = AXIS2_PLACEMENT_3D ( 'NONE', #2897, #2015, #173 ) ;
#2742 = CYLINDRICAL_SURFACE ( 'NONE', #1087, 1.600000000000000089 ) ;
#2743 = EDGE_CURVE ( 'NONE', #2227, #1913, #889, .T. ) ;
#2744 = VERTEX_POINT ( 'NONE', #2162 ) ;
#2745 = CARTESIAN_POINT ( 'NONE',  ( 3.499999999999999556, 2.449293598294706414E-16, -2.000000000000000000 ) ) ;
#2746 = AXIS2_PLACEMENT_3D ( 'NONE', #1330, #2796, #93 ) ;
#2747 = AXIS2_PLACEMENT_3D ( 'NONE', #14, #654, #3737 ) ;
#2748 = VECTOR ( 'NONE', #1376, 1000.000000000000114 ) ;
#2749 = CARTESIAN_POINT ( 'NONE',  ( -3.750000000000000000, 3.394323231001218577, 3.837520563220439662 ) ) ;
#2750 = CARTESIAN_POINT ( 'NONE',  ( -1.600000000000000089, -1.352337204692962626E-16, 8.000000000000000000 ) ) ;
#2751 = ADVANCED_FACE ( 'NONE', ( #1237 ), #2827, .F. ) ;
#2752 = VECTOR ( 'NONE', #1724, 1000.000000000000000 ) ;
#2753 = PLANE ( 'NONE',  #3656 ) ;
#2754 = AXIS2_PLACEMENT_3D ( 'NONE', #1938, #3422, #2244 ) ;
#2755 = VECTOR ( 'NONE', #149, 1000.000000000000227 ) ;
#2756 = FACE_OUTER_BOUND ( 'NONE', #209, .T. ) ;
#2757 = ORIENTED_EDGE ( 'NONE', *, *, #3408, .T. ) ;
#2758 = ORIENTED_EDGE ( 'NONE', *, *, #1202, .F. ) ;
#2759 = DIRECTION ( 'NONE',  ( 1.000000000000000000, -0.0000000000000000000, -0.0000000000000000000 ) ) ;
#2760 = FACE_OUTER_BOUND ( 'NONE', #1590, .T. ) ;
#2761 = ORIENTED_EDGE ( 'NONE', *, *, #112, .F. ) ;
#2762 = LINE ( 'NONE', #912, #449 ) ;
#2763 = ORIENTED_EDGE ( 'NONE', *, *, #169, .T. ) ;
#2764 = CARTESIAN_POINT ( 'NONE',  ( -1.200853212859464669, -1.062203507959337712, 2.264551629057949267 ) ) ;
#2765 = ORIENTED_EDGE ( 'NONE', *, *, #3587, .T. ) ;
#2766 = CARTESIAN_POINT ( 'NONE',  ( -10.75000000000000000, 4.781651221645094374, -3.791686883723367263 ) ) ;
#2767 = ORIENTED_EDGE ( 'NONE', *, *, #2644, .T. ) ;
#2768 = CARTESIAN_POINT ( 'NONE',  ( -10.75000000000000000, 4.413473166489501942, -2.597138885649683537 ) ) ;
#2769 = CARTESIAN_POINT ( 'NONE',  ( -10.75000000000000000, 4.999443335836749824, 1.102531158620888352 ) ) ;
#2770 = ORIENTED_EDGE ( 'NONE', *, *, #1374, .F. ) ;
#2771 = DIRECTION ( 'NONE',  ( 0.0000000000000000000, 0.9976079763756666718, -0.06912543288578482104 ) ) ;
#2772 = ADVANCED_FACE ( 'NONE', ( #2461 ), #326, .F. ) ;
#2773 = DIRECTION ( 'NONE',  ( -0.0000000000000000000, 0.9876883405951377704, -0.1564344650402304526 ) ) ;
#2774 = DIRECTION ( 'NONE',  ( 1.000000000000000000, -0.0000000000000000000, -0.0000000000000000000 ) ) ;
#2775 = EDGE_CURVE ( 'NONE', #1851, #656, #9, .T. ) ;
#2776 = EDGE_CURVE ( 'NONE', #2279, #3368, #3110, .T. ) ;
#2777 = ORIENTED_EDGE ( 'NONE', *, *, #1209, .T. ) ;
#2778 = ORIENTED_EDGE ( 'NONE', *, *, #811, .F. ) ;
#2779 = SURFACE_STYLE_FILL_AREA ( #299 ) ;
#2780 = ORIENTED_EDGE ( 'NONE', *, *, #3254, .F. ) ;
#2781 = CARTESIAN_POINT ( 'NONE',  ( -10.75000000000000000, 1.090698509597475718, -5.011275984860160015 ) ) ;
#2782 = CARTESIAN_POINT ( 'NONE',  ( -10.75000000000000000, 5.075543847791331054, 3.387178386535892205 ) ) ;
#2783 = ORIENTED_EDGE ( 'NONE', *, *, #3108, .T. ) ;
#2784 = CARTESIAN_POINT ( 'NONE',  ( -10.75000000000000000, -5.099209145838152324, 3.387178386535893093 ) ) ;
#2785 = CARTESIAN_POINT ( 'NONE',  ( -3.750000000000000000, 3.375345737512480682, 5.087376496814742133 ) ) ;
#2786 = CARTESIAN_POINT ( 'NONE',  ( -10.75000000000000000, -3.399011035559303284, 5.087376496814743021 ) ) ;
#2787 = ORIENTED_EDGE ( 'NONE', *, *, #3705, .T. ) ;
#2788 = CARTESIAN_POINT ( 'NONE',  ( -3.736410698672603652E-15, 1.361803398874993576, -1.718569008245947877E-16 ) ) ;
#2789 = CARTESIAN_POINT ( 'NONE',  ( -10.75000000000000000, -3.849353212243852074, -3.406155880024630100 ) ) ;
#2790 = ORIENTED_EDGE ( 'NONE', *, *, #24, .F. ) ;
#2791 = CARTESIAN_POINT ( 'NONE',  ( -10.75000000000000000, -2.065420323939452629, 4.702258990485212564 ) ) ;
#2792 = CARTESIAN_POINT ( 'NONE',  ( 0.4891957226704132800, -0.5094638151136048343, 0.6108042773295869754 ) ) ;
#2793 = VERTEX_POINT ( 'NONE', #347 ) ;
#2794 = ADVANCED_FACE ( 'NONE', ( #2800 ), #3444, .F. ) ;
#2795 = ORIENTED_EDGE ( 'NONE', *, *, #1349, .F. ) ;
#2796 = DIRECTION ( 'NONE',  ( 0.0000000000000000000, -1.000000000000000000, 0.0000000000000000000 ) ) ;
#2797 = ORIENTED_EDGE ( 'NONE', *, *, #858, .T. ) ;
#2798 = PRODUCT_DEFINITION ( 'UNKNOWN', '', #3423, #3880 ) ;
#2799 = CARTESIAN_POINT ( 'NONE',  ( -3.750000000000000000, 4.413473166489501054, -2.597138885649683093 ) ) ;
#2800 = FACE_OUTER_BOUND ( 'NONE', #2611, .T. ) ;
#2801 = EDGE_CURVE ( 'NONE', #2349, #2594, #54, .T. ) ;
#2802 = VERTEX_POINT ( 'NONE', #2602 ) ;
#2803 = CARTESIAN_POINT ( 'NONE',  ( -1.600000000000000533, -0.1089782115740389468, 2.500000000000000444 ) ) ;
#2804 = DIRECTION ( 'NONE',  ( 0.0000000000000000000, -0.1564344650402300918, -0.9876883405951377704 ) ) ;
#2805 = EDGE_CURVE ( 'NONE', #3541, #2109, #1388, .T. ) ;
#2806 = PRESENTATION_STYLE_ASSIGNMENT (( #2214 ) ) ;
#2807 = EDGE_LOOP ( 'NONE', ( #2787, #305, #1871, #2757 ) ) ;
#2808 = LINE ( 'NONE', #2507, #3009 ) ;
#2809 = DIRECTION ( 'NONE',  ( 0.0000000000000000000, -0.3740200118118313100, -0.9274206331348670007 ) ) ;
#2810 = ORIENTED_EDGE ( 'NONE', *, *, #1448, .F. ) ;
#2811 = AXIS2_PLACEMENT_3D ( 'NONE', #274, #2078, #2690 ) ;
#2812 = DIRECTION ( 'NONE',  ( -0.0000000000000000000, 0.3090169943749458414, -0.9510565162951539753 ) ) ;
#2813 = VECTOR ( 'NONE', #2330, 1000.000000000000000 ) ;
#2814 = AXIS2_PLACEMENT_3D ( 'NONE', #2831, #1299, #1967 ) ;
#2815 = DIRECTION ( 'NONE',  ( 0.0000000000000000000, 0.6423029060310797567, 0.7664508966033178883 ) ) ;
#2816 = CARTESIAN_POINT ( 'NONE',  ( 1.698381632614207240E-17, 1.920937271229854471, -1.600000000000000089 ) ) ;
#2817 = LINE ( 'NONE', #406, #2366 ) ;
#2818 = CARTESIAN_POINT ( 'NONE',  ( -3.469446951953614189E-15, 0.0000000000000000000, 0.0000000000000000000 ) ) ;
#2819 = CONICAL_SURFACE ( 'NONE', #757, 1.900000000000004130, 0.7853981633974482790 ) ;
#2820 = AXIS2_PLACEMENT_3D ( 'NONE', #2190, #949, #2514 ) ;
#2821 = AXIS2_PLACEMENT_3D ( 'NONE', #4012, #272, #2480 ) ;
#2822 = ORIENTED_EDGE ( 'NONE', *, *, #1349, .T. ) ;
#2823 = CARTESIAN_POINT ( 'NONE',  ( -10.75000000000000000, 5.094874896173013035, -0.5000000000000000000 ) ) ;
#2824 = EDGE_CURVE ( 'NONE', #3434, #3366, #1090, .T. ) ;
#2825 = AXIS2_PLACEMENT_3D ( 'NONE', #3194, #397, #1577 ) ;
#2826 = CARTESIAN_POINT ( 'NONE',  ( -3.469446951953614189E-15, 0.0000000000000000000, -1.900000000000004130 ) ) ;
#2827 = PLANE ( 'NONE',  #1527 ) ;
#2828 = CARTESIAN_POINT ( 'NONE',  ( 1.206143076076581000, 7.930281887698773069, 1.056538678894203276 ) ) ;
#2829 = ORIENTED_EDGE ( 'NONE', *, *, #2143, .F. ) ;
#2830 = DIRECTION ( 'NONE',  ( 1.000000000000000000, -0.0000000000000000000, -0.0000000000000000000 ) ) ;
#2831 = CARTESIAN_POINT ( 'NONE',  ( -12.69999999999998153, 0.0000000000000000000, 0.0000000000000000000 ) ) ;
#2832 = ORIENTED_EDGE ( 'NONE', *, *, #2928, .F. ) ;
#2833 = EDGE_CURVE ( 'NONE', #2700, #2802, #108, .T. ) ;
#2834 = DIRECTION ( 'NONE',  ( -1.000000000000000000, -0.0000000000000000000, -0.0000000000000000000 ) ) ;
#2835 = LINE ( 'NONE', #15, #881 ) ;
#2836 = ORIENTED_EDGE ( 'NONE', *, *, #218, .F. ) ;
#2837 = CARTESIAN_POINT ( 'NONE',  ( -10.75000000000000000, -5.896910901584988096, -1.649312282069623103 ) ) ;
#2838 = PLANE ( 'NONE',  #1017 ) ;
#2839 = LINE ( 'NONE', #2225, #815 ) ;
#2840 = LINE ( 'NONE', #407, #891 ) ;
#2841 = ORIENTED_EDGE ( 'NONE', *, *, #1378, .F. ) ;
#2842 = PRESENTATION_STYLE_ASSIGNMENT (( #22 ) ) ;
#2843 =( NAMED_UNIT ( * ) SI_UNIT ( $, .STERADIAN. ) SOLID_ANGLE_UNIT ( ) );
#2844 = DIRECTION ( 'NONE',  ( -0.0000000000000000000, -0.7071067811865479058, -0.7071067811865472397 ) ) ;
#2845 = CARTESIAN_POINT ( 'NONE',  ( 1.057854527280786217, 7.909091601590121812, -1.204915991675176379 ) ) ;
#2846 = ORIENTED_EDGE ( 'NONE', *, *, #2453, .T. ) ;
#2847 = CARTESIAN_POINT ( 'NONE',  ( -10.75000000000000000, 0.2381673509765892260, 6.106707545196424114 ) ) ;
#2848 = CARTESIAN_POINT ( 'NONE',  ( 1.589518906580229540, -0.2107764406126702850, 7.997884979277128714 ) ) ;
#2849 = VERTEX_POINT ( 'NONE', #3453 ) ;
#2850 = CARTESIAN_POINT ( 'NONE',  ( -3.736410698672603652E-15, 2.388061258337341601E-16, 1.900000000000003908 ) ) ;
#2851 = EDGE_CURVE ( 'NONE', #3386, #3736, #2241, .T. ) ;
#2852 = DIRECTION ( 'NONE',  ( 0.0000000000000000000, -0.9510565162951530871, 0.3090169943749489501 ) ) ;
#2853 = EDGE_LOOP ( 'NONE', ( #809, #1236, #2027, #2989 ) ) ;
#2854 = ADVANCED_FACE ( 'NONE', ( #1583 ), #421, .F. ) ;
#2855 = DIRECTION ( 'NONE',  ( 0.0000000000000000000, 0.6423029060310794236, -0.7664508966033182213 ) ) ;
#2856 = FACE_OUTER_BOUND ( 'NONE', #1698, .T. ) ;
#2857 = CARTESIAN_POINT ( 'NONE',  ( 0.8088516338714341058, 2.082873842626580263, 1.384249460530626141 ) ) ;
#2858 = LINE ( 'NONE', #49, #1339 ) ;
#2859 = ORIENTED_EDGE ( 'NONE', *, *, #2453, .F. ) ;
#2860 = ORIENTED_EDGE ( 'NONE', *, *, #1649, .F. ) ;
#2861 = ORIENTED_EDGE ( 'NONE', *, *, #2588, .F. ) ;
#2862 = LINE ( 'NONE', #3172, #3473 ) ;
#2863 = CARTESIAN_POINT ( 'NONE',  ( 0.1000000000000004774, 1.250000000000000000, 0.0000000000000000000 ) ) ;
#2864 = ORIENTED_EDGE ( 'NONE', *, *, #1392, .T. ) ;
#2865 = CARTESIAN_POINT ( 'NONE',  ( -3.750000000000000000, 3.375345737512479793, -5.087376496814743021 ) ) ;
#2866 = CARTESIAN_POINT ( 'NONE',  ( -10.75000000000000000, -4.805316519691918309, -3.791686883723365931 ) ) ;
#2867 = ORIENTED_EDGE ( 'NONE', *, *, #1051, .F. ) ;
#2868 = CLOSED_SHELL ( 'NONE', ( #3292, #1048, #3457, #3850, #2220, #2346, #314, #3125, #569, #3299, #60, #3554, #791, #2623, #2504, #1814, #989, #2723, #3783, #370, #592, #2854, #2670, #3943, #2224, #3228, #1427, #192, #1948, #200, #980, #1676, #1521, #249, #977, #2433, #929, #3335, #682, #887, #1889, #345, #3978, #1302, #657, #2327, #1970, #1645, #2591, #3360, #586, #3355, #490, #1912, #3649, #3898, #1478, #925, #3913, #3985, #3278, #2201, #3229, #1373, #3625, #1861, #841, #2342, #3726, #489, #922, #2951, #1953, #1131, #3766, #2980, #804, #658, #2629, #707, #2772, #685, #5, #1257, #3997, #3579, #1382, #3681, #3815, #3718, #605, #2096, #3033, #638 ) ) ;
#2869 = ADVANCED_FACE ( 'NONE', ( #3513, #2203 ), #2838, .F. ) ;
#2870 = ORIENTED_EDGE ( 'NONE', *, *, #879, .T. ) ;
#2871 = LINE ( 'NONE', #3166, #2246 ) ;
#2872 = CARTESIAN_POINT ( 'NONE',  ( -3.750000000000000000, 0.4881673509765881436, -5.106707545196424114 ) ) ;
#2873 = DIRECTION ( 'NONE',  ( -1.000000000000000000, 0.0000000000000000000, 0.0000000000000000000 ) ) ;
#2874 = VECTOR ( 'NONE', #3976, 999.9999999999998863 ) ;
#2875 = DIRECTION ( 'NONE',  ( 0.0000000000000000000, 0.2425356250363330801, 0.9701425001453318764 ) ) ;
#2876 = PRESENTATION_LAYER_ASSIGNMENT (  '', '', ( #620 ) ) ;
#2877 = VECTOR ( 'NONE', #1932, 1000.000000000000000 ) ;
#2878 = ORIENTED_EDGE ( 'NONE', *, *, #3525, .T. ) ;
#2879 =( NAMED_UNIT ( * ) SI_UNIT ( $, .STERADIAN. ) SOLID_ANGLE_UNIT ( ) );
#2880 = VERTEX_POINT ( 'NONE', #2487 ) ;
#2881 = AXIS2_PLACEMENT_3D ( 'NONE', #2381, #2341, #760 ) ;
#2882 = VECTOR ( 'NONE', #1179, 1000.000000000000000 ) ;
#2883 = VECTOR ( 'NONE', #1712, 1000.000000000000114 ) ;
#2884 = AXIS2_PLACEMENT_3D ( 'NONE', #1535, #250, #4029 ) ;
#2885 = VECTOR ( 'NONE', #1252, 1000.000000000000114 ) ;
#2886 = DIRECTION ( 'NONE',  ( 1.000000000000000000, -0.0000000000000000000, -0.0000000000000000000 ) ) ;
#2887 = ORIENTED_EDGE ( 'NONE', *, *, #3684, .F. ) ;
#2888 = AXIS2_PLACEMENT_3D ( 'NONE', #837, #3276, #1420 ) ;
#2889 = DIRECTION ( 'NONE',  ( 0.0000000000000000000, 0.9274206331348672228, 0.3740200118118306993 ) ) ;
#2890 = CARTESIAN_POINT ( 'NONE',  ( -3.736410698672603652E-15, -0.7894427190999953048, 1.144721359549998319 ) ) ;
#2891 = VERTEX_POINT ( 'NONE', #1936 ) ;
#2892 = CARTESIAN_POINT ( 'NONE',  ( -10.75000000000000000, 6.094874896173013035, 0.2500000000000000000 ) ) ;
#2893 = CARTESIAN_POINT ( 'NONE',  ( -3.750000000000000000, -4.437138464536324989, -2.597138885649682205 ) ) ;
#2894 = ORIENTED_EDGE ( 'NONE', *, *, #3538, .F. ) ;
#2895 = LINE ( 'NONE', #442, #2739 ) ;
#2896 = DIRECTION ( 'NONE',  ( -0.0000000000000000000, -0.7071067811865479058, -0.7071067811865472397 ) ) ;
#2897 = CARTESIAN_POINT ( 'NONE',  ( -10.75000000000000000, 0.2381673509765892260, 6.106707545196424114 ) ) ;
#2898 = DIRECTION ( 'NONE',  ( 0.0000000000000000000, -0.5304556061348300045, -0.8477127166205129516 ) ) ;
#2899 = EDGE_CURVE ( 'NONE', #242, #934, #3746, .T. ) ;
#2900 = ORIENTED_EDGE ( 'NONE', *, *, #1918, .F. ) ;
#2901 = DIRECTION ( 'NONE',  ( -0.0000000000000000000, 0.3090169943749490056, 0.9510565162951529761 ) ) ;
#2902 = VERTEX_POINT ( 'NONE', #2872 ) ;
#2903 = CARTESIAN_POINT ( 'NONE',  ( -10.75000000000000000, -5.118540194219835193, 0.5000000000000006661 ) ) ;
#2904 = EDGE_CURVE ( 'NONE', #3012, #770, #1346, .T. ) ;
#2905 = EDGE_CURVE ( 'NONE', #1884, #793, #1041, .T. ) ;
#2906 = VERTEX_POINT ( 'NONE', #1646 ) ;
#2907 = EDGE_CURVE ( 'NONE', #1551, #727, #385, .T. ) ;
#2908 = DIRECTION ( 'NONE',  ( -1.000000000000000000, -0.0000000000000000000, -0.0000000000000000000 ) ) ;
#2909 = CARTESIAN_POINT ( 'NONE',  ( -10.75000000000000000, 4.413473166489502830, 2.597138885649682649 ) ) ;
#2910 = ORIENTED_EDGE ( 'NONE', *, *, #211, .T. ) ;
#2911 = EDGE_CURVE ( 'NONE', #126, #3589, #679, .T. ) ;
#2912 = DIRECTION ( 'NONE',  ( 1.000000000000000000, -0.0000000000000000000, -0.0000000000000000000 ) ) ;
#2913 = LINE ( 'NONE', #1380, #2373 ) ;
#2914 = ORIENTED_EDGE ( 'NONE', *, *, #2117, .F. ) ;
#2915 = DIRECTION ( 'NONE',  ( -0.0000000000000000000, -0.4539904997395457498, 0.8910065241883684539 ) ) ;
#2916 = FACE_OUTER_BOUND ( 'NONE', #3922, .T. ) ;
#2917 = CARTESIAN_POINT ( 'NONE',  ( 1.588557921208574752, 2.492636888846268661, -0.2186961839018494447 ) ) ;
#2918 = CARTESIAN_POINT ( 'NONE',  ( -10.75000000000000000, 2.041755025892630915, 4.702258990485212564 ) ) ;
#2919 = ORIENTED_EDGE ( 'NONE', *, *, #122, .T. ) ;
#2920 = CARTESIAN_POINT ( 'NONE',  ( 1.899999999999999911, -0.7500000000000000000, -1.000000000000000000 ) ) ;
#2921 = DIRECTION ( 'NONE',  ( 0.0000000000000000000, -1.000000000000000000, 0.0000000000000000000 ) ) ;
#2922 = VERTEX_POINT ( 'NONE', #3474 ) ;
#2923 = CARTESIAN_POINT ( 'NONE',  ( -10.75000000000000000, -5.099209145838154100, -3.387178386535892205 ) ) ;
#2924 = ADVANCED_FACE ( 'NONE', ( #1886 ), #1629, .F. ) ;
#2925 = UNCERTAINTY_MEASURE_WITH_UNIT (LENGTH_MEASURE( 1.000000000000000082E-05 ), #1315, 'distance_accuracy_value', 'NONE');
#2926 = EDGE_CURVE ( 'NONE', #344, #3776, #721, .T. ) ;
#2927 = EDGE_LOOP ( 'NONE', ( #872, #2282, #2780, #520 ) ) ;
#2928 = EDGE_CURVE ( 'NONE', #1538, #3802, #1671, .T. ) ;
#2929 =( NAMED_UNIT ( * ) SI_UNIT ( $, .STERADIAN. ) SOLID_ANGLE_UNIT ( ) );
#2930 = CARTESIAN_POINT ( 'NONE',  ( -10.75000000000000000, 5.075543847791331054, 3.387178386535892205 ) ) ;
#2931 = EDGE_LOOP ( 'NONE', ( #3569, #311, #123, #1640 ) ) ;
#2932 = CARTESIAN_POINT ( 'NONE',  ( -10.75000000000000000, -3.399011035559304172, -5.087376496814741245 ) ) ;
#2933 = CARTESIAN_POINT ( 'NONE',  ( -10.75000000000000000, 4.781651221645095262, 3.791686883723365931 ) ) ;
#2934 = EDGE_LOOP ( 'NONE', ( #1368, #1161, #3486, #1783 ) ) ;
#2935 = LINE ( 'NONE', #170, #892 ) ;
#2936 = DIRECTION ( 'NONE',  ( -0.0000000000000000000, 0.9876883405951377704, 0.1564344650402304804 ) ) ;
#2937 = DIRECTION ( 'NONE',  ( -1.000000000000000000, -0.0000000000000000000, -0.0000000000000000000 ) ) ;
#2938 = DIRECTION ( 'NONE',  ( 0.0000000000000000000, -0.9701425001453318764, -0.2425356250363329691 ) ) ;
#2939 = ORIENTED_EDGE ( 'NONE', *, *, #3385, .T. ) ;
#2940 = VECTOR ( 'NONE', #336, 1000.000000000000114 ) ;
#2941 = PLANE ( 'NONE',  #2053 ) ;
#2942 = VERTEX_POINT ( 'NONE', #1001 ) ;
#2943 = DIRECTION ( 'NONE',  ( -0.0000000000000000000, -0.9274206331348672228, -0.3740200118118306993 ) ) ;
#2944 = VECTOR ( 'NONE', #2978, 1000.000000000000114 ) ;
#2945 = VECTOR ( 'NONE', #1106, 1000.000000000000227 ) ;
#2946 = AXIS2_PLACEMENT_3D ( 'NONE', #622, #1480, #1801 ) ;
#2947 = VECTOR ( 'NONE', #3829, 1000.000000000000000 ) ;
#2948 = VECTOR ( 'NONE', #774, 1000.000000000000114 ) ;
#2949 = ORIENTED_EDGE ( 'NONE', *, *, #1004, .T. ) ;
#2950 = ORIENTED_EDGE ( 'NONE', *, *, #1895, .F. ) ;
#2951 = ADVANCED_FACE ( 'NONE', ( #2856 ), #700, .F. ) ;
#2952 = DIRECTION ( 'NONE',  ( 0.0000000000000000000, 0.0000000000000000000, 1.000000000000000000 ) ) ;
#2953 = AXIS2_PLACEMENT_3D ( 'NONE', #1277, #2499, #394 ) ;
#2954 = CARTESIAN_POINT ( 'NONE',  ( -3.750000000000000000, 2.113007891193789956, 5.730569755374102847 ) ) ;
#2955 = VERTEX_POINT ( 'NONE', #87 ) ;
#2956 = CARTESIAN_POINT ( 'NONE',  ( 1.600000000000000089, 1.959434878635765230E-16, 8.000000000000000000 ) ) ;
#2957 = PRESENTATION_LAYER_ASSIGNMENT (  '', '', ( #698 ) ) ;
#2958 = ORIENTED_EDGE ( 'NONE', *, *, #28, .F. ) ;
#2959 = LINE ( 'NONE', #3017, #3279 ) ;
#2960 = EDGE_CURVE ( 'NONE', #2101, #84, #512, .T. ) ;
#2961 = CARTESIAN_POINT ( 'NONE',  ( 0.09999999999999245603, 0.0000000000000000000, 0.0000000000000000000 ) ) ;
#2962 = DIRECTION ( 'NONE',  ( -0.0000000000000000000, 0.8477127166205128406, -0.5304556061348302265 ) ) ;
#2963 = LINE ( 'NONE', #1810, #1979 ) ;
#2964 = FACE_OUTER_BOUND ( 'NONE', #2971, .T. ) ;
#2965 = ORIENTED_EDGE ( 'NONE', *, *, #2851, .T. ) ;
#2966 = SURFACE_STYLE_USAGE ( .BOTH. , #2651 ) ;
#2967 = CARTESIAN_POINT ( 'NONE',  ( -10.75000000000000000, -5.742402404397514815, -2.124840540217199703 ) ) ;
#2968 = CARTESIAN_POINT ( 'NONE',  ( -1.513691911322539774, 2.445441452528625437, 0.5290712520270502983 ) ) ;
#2969 = UNCERTAINTY_MEASURE_WITH_UNIT (LENGTH_MEASURE( 1.000000000000000082E-05 ), #1201, 'distance_accuracy_value', 'NONE');
#2970 = VERTEX_POINT ( 'NONE', #3183 ) ;
#2971 = EDGE_LOOP ( 'NONE', ( #2017, #1536, #3265, #513 ) ) ;
#2972 = DIRECTION ( 'NONE',  ( 1.000000000000000222, 0.0000000000000000000, 2.775557561562891351E-17 ) ) ;
#2973 = LINE ( 'NONE', #2353, #1079 ) ;
#2974 = ORIENTED_EDGE ( 'NONE', *, *, #3581, .T. ) ;
#2975 = LINE ( 'NONE', #434, #3477 ) ;
#2976 = ORIENTED_EDGE ( 'NONE', *, *, #438, .F. ) ;
#2977 = CARTESIAN_POINT ( 'NONE',  ( -0.2161673571018704054, -1.588913625504166482, 1.930312495692112496 ) ) ;
#2978 = DIRECTION ( 'NONE',  ( 0.0000000000000000000, 0.6423029060310797567, 0.7664508966033178883 ) ) ;
#2979 = EDGE_CURVE ( 'NONE', #2942, #187, #2438, .T. ) ;
#2980 = ADVANCED_FACE ( 'NONE', ( #3495 ), #1040, .F. ) ;
#2981 = CARTESIAN_POINT ( 'NONE',  ( -1.588962036615441553, 0.2158399256546940648, 2.492895159538015992 ) ) ;
#2982 = CARTESIAN_POINT ( 'NONE',  ( -3.750000000000000000, -5.742402404397513926, 2.124840540217201035 ) ) ;
#2983 = DIRECTION ( 'NONE',  ( 1.000000000000000000, -0.0000000000000000000, -0.0000000000000000000 ) ) ;
#2984 = ORIENTED_EDGE ( 'NONE', *, *, #2696, .F. ) ;
#2985 = DIRECTION ( 'NONE',  ( -0.0000000000000000000, -0.7071067811865483499, 0.7071067811865467956 ) ) ;
#2986 = LINE ( 'NONE', #3960, #3819 ) ;
#2987 = EDGE_CURVE ( 'NONE', #3849, #2574, #2895, .T. ) ;
#2988 = EDGE_LOOP ( 'NONE', ( #2449, #532, #923, #2681 ) ) ;
#2989 = ORIENTED_EDGE ( 'NONE', *, *, #1639, .T. ) ;
#2990 = PRESENTATION_STYLE_ASSIGNMENT (( #3923 ) ) ;
#2991 = LINE ( 'NONE', #144, #2553 ) ;
#2992 = VERTEX_POINT ( 'NONE', #45 ) ;
#2993 = CARTESIAN_POINT ( 'NONE',  ( 0.1000000000000000472, 0.7500000000000000000, -1.000000000000000000 ) ) ;
#2994 = VERTEX_POINT ( 'NONE', #2540 ) ;
#2995 = CARTESIAN_POINT ( 'NONE',  ( -12.24999999999999822, 0.0000000000000000000, -8.000000000000000000 ) ) ;
#2996 = DIRECTION ( 'NONE',  ( -0.0000000000000000000, -0.6423029060310792016, 0.7664508966033183324 ) ) ;
#2997 = CARTESIAN_POINT ( 'NONE',  ( -1.548501044683889383, 7.989834333197985750, 0.4159943381287758424 ) ) ;
#2998 = DIRECTION ( 'NONE',  ( 0.0000000000000000000, -0.8090169943749481174, -0.5877852522924720269 ) ) ;
#2999 = CARTESIAN_POINT ( 'NONE',  ( -1.600000000000000311, 0.2119523036517112768, 8.000000000000000000 ) ) ;
#3000 = EDGE_CURVE ( 'NONE', #3134, #2891, #1058, .T. ) ;
#3001 = CARTESIAN_POINT ( 'NONE',  ( -10.75000000000000000, 6.094874896173013035, 0.2500000000000000000 ) ) ;
#3002 = DIRECTION ( 'NONE',  ( 0.0000000000000000000, -0.1564344650402305359, 0.9876883405951378814 ) ) ;
#3003 = AXIS2_PLACEMENT_3D ( 'NONE', #3103, #4021, #920 ) ;
#3004 = VERTEX_POINT ( 'NONE', #3452 ) ;
#3005 = EDGE_LOOP ( 'NONE', ( #2085, #1350, #2958, #2296 ) ) ;
#3006 = LINE ( 'NONE', #280, #440 ) ;
#3007 = AXIS2_PLACEMENT_3D ( 'NONE', #1519, #2153, #1580 ) ;
#3008 = CARTESIAN_POINT ( 'NONE',  ( 4.336808689942017736E-15, 0.0000000000000000000, 8.528887633108952926 ) ) ;
#3009 = VECTOR ( 'NONE', #3490, 1000.000000000000000 ) ;
#3010 = VECTOR ( 'NONE', #3522, 1000.000000000000114 ) ;
#3011 = PLANE ( 'NONE',  #178 ) ;
#3012 = VERTEX_POINT ( 'NONE', #2580 ) ;
#3013 = DIRECTION ( 'NONE',  ( 0.0000000000000000000, -0.9976079763756667829, 0.06912543288578525125 ) ) ;
#3014 = EDGE_LOOP ( 'NONE', ( #2462, #279 ) ) ;
#3015 = VECTOR ( 'NONE', #3340, 1000.000000000000227 ) ;
#3016 = VECTOR ( 'NONE', #1035, 1000.000000000000114 ) ;
#3017 = CARTESIAN_POINT ( 'NONE',  ( -10.75000000000000000, 6.094874896173013035, -0.2500000000000000000 ) ) ;
#3018 = ORIENTED_EDGE ( 'NONE', *, *, #2091, .T. ) ;
#3019 = CARTESIAN_POINT ( 'NONE',  ( -3.750000000000000000, -5.896910901584988096, -1.649312282069623103 ) ) ;
#3020 = SURFACE_SIDE_STYLE ('',( #288 ) ) ;
#3021 = AXIS2_PLACEMENT_3D ( 'NONE', #3936, #3002, #1211 ) ;
#3022 = VECTOR ( 'NONE', #1644, 999.9999999999998863 ) ;
#3023 = CARTESIAN_POINT ( 'NONE',  ( -10.75000000000000000, 1.090698509597475718, -5.011275984860160015 ) ) ;
#3024 = DIRECTION ( 'NONE',  ( -1.000000000000000000, 0.0000000000000000000, 0.0000000000000000000 ) ) ;
#3025 = CARTESIAN_POINT ( 'NONE',  ( -0.7092252641120628809, 1.438034398544304038, 7.869797832078669231 ) ) ;
#3026 = VECTOR ( 'NONE', #2583, 1000.000000000000114 ) ;
#3027 = AXIS2_PLACEMENT_3D ( 'NONE', #2007, #2952, #3584 ) ;
#3028 = CARTESIAN_POINT ( 'NONE',  ( -10.75000000000000000, -4.437138464536324101, 2.597138885649683093 ) ) ;
#3029 = DIRECTION ( 'NONE',  ( 0.0000000000000000000, -0.06912543288578471001, 0.9976079763756667829 ) ) ;
#3030 = EDGE_CURVE ( 'NONE', #1557, #2922, #86, .T. ) ;
#3031 = ORIENTED_EDGE ( 'NONE', *, *, #2090, .F. ) ;
#3032 = DIRECTION ( 'NONE',  ( 0.0000000000000000000, 0.9274206331348668897, -0.3740200118118316430 ) ) ;
#3033 = ADVANCED_FACE ( 'NONE', ( #736 ), #984, .F. ) ;
#3034 = CARTESIAN_POINT ( 'NONE',  ( -10.75000000000000000, 3.779854234699953519, -4.793483870668507230 ) ) ;
#3035 = ORIENTED_EDGE ( 'NONE', *, *, #3610, .F. ) ;
#3036 = CARTESIAN_POINT ( 'NONE',  ( -10.75000000000000000, -2.136673189240612558, -5.730569755374101959 ) ) ;
#3037 = EDGE_LOOP ( 'NONE', ( #204, #3667, #3493, #7 ) ) ;
#3038 = DIRECTION ( 'NONE',  ( 1.000000000000000000, -0.0000000000000000000, -0.0000000000000000000 ) ) ;
#3039 = EDGE_CURVE ( 'NONE', #1829, #2349, #3531, .T. ) ;
#3040 = CARTESIAN_POINT ( 'NONE',  ( -0.9832133371977739289, 7.898446481333504465, 1.279301520238834700 ) ) ;
#3041 = CARTESIAN_POINT ( 'NONE',  ( 0.09999999999999245603, 0.0000000000000000000, 0.0000000000000000000 ) ) ;
#3042 = CARTESIAN_POINT ( 'NONE',  ( -3.750000000000000000, 0.2381673509765892260, 6.106707545196424114 ) ) ;
#3043 = DIRECTION ( 'NONE',  ( 1.000000000000000000, -0.0000000000000000000, -0.0000000000000000000 ) ) ;
#3044 = DIRECTION ( 'NONE',  ( -0.0000000000000000000, -0.8910065241883676768, 0.4539904997395471931 ) ) ;
#3045 = ORIENTED_EDGE ( 'NONE', *, *, #175, .T. ) ;
#3046 = EDGE_LOOP ( 'NONE', ( #3659, #1342, #1453, #2304 ) ) ;
#3047 = CARTESIAN_POINT ( 'NONE',  ( -3.750000000000000000, 3.394323231001217689, -3.837520563220441439 ) ) ;
#3048 = EDGE_CURVE ( 'NONE', #3674, #3415, #2871, .T. ) ;
#3049 = CARTESIAN_POINT ( 'NONE',  ( 1.899999999999999911, 1.250000000000000000, 0.0000000000000000000 ) ) ;
#3050 = VERTEX_POINT ( 'NONE', #2265 ) ;
#3051 = EDGE_CURVE ( 'NONE', #1193, #3499, #720, .T. ) ;
#3052 = DIRECTION ( 'NONE',  ( -0.0000000000000000000, 0.1564344650402290093, -0.9876883405951379924 ) ) ;
#3053 = ORIENTED_EDGE ( 'NONE', *, *, #392, .F. ) ;
#3054 = CARTESIAN_POINT ( 'NONE',  ( -3.750000000000000000, -4.437138464536324101, 2.597138885649683093 ) ) ;
#3055 = ORIENTED_EDGE ( 'NONE', *, *, #730, .F. ) ;
#3056 = CARTESIAN_POINT ( 'NONE',  ( -1.278359575314918839, 7.940592759509960352, -0.9844046901531950944 ) ) ;
#3057 = DIRECTION ( 'NONE',  ( 0.0000000000000000000, -0.06912543288578477940, -0.9976079763756667829 ) ) ;
#3058 = CARTESIAN_POINT ( 'NONE',  ( 0.7113067847280366562, 1.437042615739301921, 7.869980586170219006 ) ) ;
#3059 = CARTESIAN_POINT ( 'NONE',  ( 3.750000000000000000, 0.0000000000000000000, 8.000000000000000000 ) ) ;
#3060 = PLANE ( 'NONE',  #1472 ) ;
#3061 = ORIENTED_EDGE ( 'NONE', *, *, #1232, .T. ) ;
#3062 = FILL_AREA_STYLE_COLOUR ( '', #3663 ) ;
#3063 = PRODUCT_CONTEXT ( 'NONE', #3251, 'mechanical' ) ;
#3064 = FACE_OUTER_BOUND ( 'NONE', #3410, .T. ) ;
#3065 = ORIENTED_EDGE ( 'NONE', *, *, #1769, .F. ) ;
#3066 = CARTESIAN_POINT ( 'NONE',  ( 0.1000000000000000472, -0.7499999999999997780, 1.000000000000000000 ) ) ;
#3067 = AXIS2_PLACEMENT_3D ( 'NONE', #2454, #986, #2177 ) ;
#3068 = EDGE_CURVE ( 'NONE', #2802, #3434, #3120, .T. ) ;
#3069 = ORIENTED_EDGE ( 'NONE', *, *, #2960, .F. ) ;
#3070 = VECTOR ( 'NONE', #3363, 1000.000000000000114 ) ;
#3071 = DIRECTION ( 'NONE',  ( -0.0000000000000000000, -0.1564344650402300918, -0.9876883405951377704 ) ) ;
#3072 = VERTEX_POINT ( 'NONE', #1306 ) ;
#3073 = LINE ( 'NONE', #1224, #2321 ) ;
#3074 = ORIENTED_EDGE ( 'NONE', *, *, #2028, .T. ) ;
#3075 = CARTESIAN_POINT ( 'NONE',  ( -0.7099974087480166451, 7.869867672194830632, -1.437653671141342571 ) ) ;
#3076 = AXIS2_PLACEMENT_3D ( 'NONE', #805, #2603, #1710 ) ;
#3077 = EDGE_CURVE ( 'NONE', #1831, #1225, #3785, .T. ) ;
#3078 = COLOUR_RGB ( '',0.6078431372549019107, 0.6313725490196078205, 0.6627450980392156632 ) ;
#3079 = DIRECTION ( 'NONE',  ( 0.0000000000000000000, -0.7071067811865483499, 0.7071067811865467956 ) ) ;
#3080 = ORIENTED_EDGE ( 'NONE', *, *, #515, .F. ) ;
#3081 = PLANE ( 'NONE',  #2175 ) ;
#3082 = EDGE_CURVE ( 'NONE', #1614, #71, #420, .T. ) ;
#3083 = AXIS2_PLACEMENT_3D ( 'NONE', #3227, #2875, #465 ) ;
#3084 = VECTOR ( 'NONE', #3775, 1000.000000000000000 ) ;
#3085 = AXIS2_PLACEMENT_3D ( 'NONE', #2784, #671, #3387 ) ;
#3086 = CARTESIAN_POINT ( 'NONE',  ( -3.750000000000000000, 2.041755025892630915, 4.702258990485212564 ) ) ;
#3087 = VECTOR ( 'NONE', #1127, 1000.000000000000000 ) ;
#3088 = CARTESIAN_POINT ( 'NONE',  ( -3.750000000000000000, 5.718737106350690880, -2.124840540217201923 ) ) ;
#3089 = ORIENTED_EDGE ( 'NONE', *, *, #1820, .T. ) ;
#3090 = PLANE ( 'NONE',  #436 ) ;
#3091 = DIRECTION ( 'NONE',  ( 0.7071067811865473507, 0.0000000000000000000, 0.7071067811865477948 ) ) ;
#3092 = LINE ( 'NONE', #3485, #380 ) ;
#3093 = EDGE_LOOP ( 'NONE', ( #3370, #3918, #3339, #411 ) ) ;
#3094 = CARTESIAN_POINT ( 'NONE',  ( -1.265733489398569889, -0.9841252040738682760, 2.299959877593432012 ) ) ;
#3095 = LINE ( 'NONE', #3431, #295 ) ;
#3096 = ORIENTED_EDGE ( 'NONE', *, *, #540, .F. ) ;
#3097 = DIRECTION ( 'NONE',  ( 0.0000000000000000000, 0.9701425001453318764, -0.2425356250363330801 ) ) ;
#3098 = FACE_OUTER_BOUND ( 'NONE', #1881, .T. ) ;
#3099 = ORIENTED_EDGE ( 'NONE', *, *, #3000, .T. ) ;
#3100 = EDGE_CURVE ( 'NONE', #2276, #1947, #2566, .T. ) ;
#3101 = EDGE_CURVE ( 'NONE', #3259, #1587, #1688, .T. ) ;
#3102 = CARTESIAN_POINT ( 'NONE',  ( -10.75000000000000000, 0.2381673509765892260, 6.106707545196424114 ) ) ;
#3103 = CARTESIAN_POINT ( 'NONE',  ( -10.75000000000000000, 3.779854234699953519, -4.793483870668507230 ) ) ;
#3104 = CARTESIAN_POINT ( 'NONE',  ( -10.75000000000000000, -2.136673189240612558, -5.730569755374101959 ) ) ;
#3105 = ORIENTED_EDGE ( 'NONE', *, *, #24, .T. ) ;
#3106 = ORIENTED_EDGE ( 'NONE', *, *, #2519, .T. ) ;
#3107 = ORIENTED_EDGE ( 'NONE', *, *, #641, .F. ) ;
#3108 = EDGE_CURVE ( 'NONE', #2594, #3050, #3929, .T. ) ;
#3109 = CARTESIAN_POINT ( 'NONE',  ( -10.75000000000000000, -1.661144931093034627, 5.885078252561577017 ) ) ;
#3110 = LINE ( 'NONE', #2210, #3816 ) ;
#3111 = ORIENTED_EDGE ( 'NONE', *, *, #1723, .F. ) ;
#3112 = DIRECTION ( 'NONE',  ( -0.0000000000000000000, -0.06912543288578471001, 0.9976079763756667829 ) ) ;
#3113 = CARTESIAN_POINT ( 'NONE',  ( -3.750000000000000000, 2.041755025892629138, -4.702258990485212564 ) ) ;
#3114 = CARTESIAN_POINT ( 'NONE',  ( 1.271809163962796863, -0.9763931352943552300, 7.940669917561971936 ) ) ;
#3115 = ORIENTED_EDGE ( 'NONE', *, *, #1109, .T. ) ;
#3116 = PLANE ( 'NONE',  #885 ) ;
#3117 = LINE ( 'NONE', #3552, #1331 ) ;
#3118 = ORIENTED_EDGE ( 'NONE', *, *, #441, .T. ) ;
#3119 = VERTEX_POINT ( 'NONE', #1124 ) ;
#3120 = LINE ( 'NONE', #2837, #4014 ) ;
#3121 = EDGE_CURVE ( 'NONE', #2744, #2012, #1927, .T. ) ;
#3122 = DIRECTION ( 'NONE',  ( 0.0000000000000000000, -0.8944271909999159664, -0.4472135954999579832 ) ) ;
#3123 = DIRECTION ( 'NONE',  ( -0.0000000000000000000, -0.4472135954999579277, 0.8944271909999158554 ) ) ;
#3124 = DIRECTION ( 'NONE',  ( 1.000000000000000000, -0.0000000000000000000, -0.0000000000000000000 ) ) ;
#3125 = ADVANCED_FACE ( 'NONE', ( #820, #1705 ), #2645, .F. ) ;
#3126 = ORIENTED_EDGE ( 'NONE', *, *, #3721, .T. ) ;
#3127 = EDGE_LOOP ( 'NONE', ( #1311, #3080, #1337, #1746 ) ) ;
#3128 = FACE_OUTER_BOUND ( 'NONE', #1633, .T. ) ;
#3129 = DIRECTION ( 'NONE',  ( 1.000000000000000000, 0.0000000000000000000, 0.0000000000000000000 ) ) ;
#3130 = CARTESIAN_POINT ( 'NONE',  ( 1.557764010527237231, 7.991274030984561350, -0.4205495070985806882 ) ) ;
#3131 = ORIENTED_EDGE ( 'NONE', *, *, #3164, .F. ) ;
#3132 = LINE ( 'NONE', #632, #878 ) ;
#3133 = AXIS2_PLACEMENT_3D ( 'NONE', #374, #1298, #1576 ) ;
#3134 = VERTEX_POINT ( 'NONE', #3591 ) ;
#3135 = FACE_OUTER_BOUND ( 'NONE', #188, .T. ) ;
#3136 = FACE_OUTER_BOUND ( 'NONE', #3539, .T. ) ;
#3137 = STYLED_ITEM ( 'NONE', ( #1823 ), #3292 ) ;
#3138 = ORIENTED_EDGE ( 'NONE', *, *, #2097, .T. ) ;
#3139 = VECTOR ( 'NONE', #918, 1000.000000000000000 ) ;
#3140 = CARTESIAN_POINT ( 'NONE',  ( -10.75000000000000000, -3.803519532746777454, 4.793483870668507230 ) ) ;
#3141 = CARTESIAN_POINT ( 'NONE',  ( -0.2178629592539040594, 1.920937271229855359, -1.600000000000000533 ) ) ;
#3142 = CARTESIAN_POINT ( 'NONE',  ( 0.4239084515954490984, 1.964474242131029058, -1.546474683521337212 ) ) ;
#3143 = CARTESIAN_POINT ( 'NONE',  ( -10.75000000000000000, 4.999443335836748936, -1.102531158620889240 ) ) ;
#3144 = AXIS2_PLACEMENT_3D ( 'NONE', #627, #3129, #928 ) ;
#3145 = AXIS2_PLACEMENT_3D ( 'NONE', #538, #2339, #844 ) ;
#3146 = VECTOR ( 'NONE', #3124, 1000.000000000000000 ) ;
#3147 = VECTOR ( 'NONE', #1000, 1000.000000000000000 ) ;
#3148 = ORIENTED_EDGE ( 'NONE', *, *, #544, .F. ) ;
#3149 = LINE ( 'NONE', #1032, #3207 ) ;
#3150 = EDGE_CURVE ( 'NONE', #2994, #2565, #1169, .T. ) ;
#3151 = COLOUR_RGB ( '',0.4823529411764705954, 0.4901960784313725283, 0.4941176470588235503 ) ;
#3152 = EDGE_CURVE ( 'NONE', #2535, #3072, #1766, .T. ) ;
#3153 = CARTESIAN_POINT ( 'NONE',  ( -10.75000000000000000, 0.0000000000000000000, 0.0000000000000000000 ) ) ;
#3154 = DIRECTION ( 'NONE',  ( 0.0000000000000000000, -0.8090169943749482284, -0.5877852522924721379 ) ) ;
#3155 = EDGE_CURVE ( 'NONE', #2674, #140, #2322, .T. ) ;
#3156 = CARTESIAN_POINT ( 'NONE',  ( 1.397922438512538612, 7.961659316366857198, -0.8057936809865894334 ) ) ;
#3157 = ORIENTED_EDGE ( 'NONE', *, *, #1005, .F. ) ;
#3158 = CARTESIAN_POINT ( 'NONE',  ( 4.000000000000000000, 0.0000000000000000000, 0.0000000000000000000 ) ) ;
#3159 = DIRECTION ( 'NONE',  ( 0.0000000000000000000, 0.3740200118118316430, 0.9274206331348668897 ) ) ;
#3160 = ORIENTED_EDGE ( 'NONE', *, *, #2073, .T. ) ;
#3161 = CARTESIAN_POINT ( 'NONE',  ( -10.75000000000000000, -0.2618326490234108017, 6.106707545196424114 ) ) ;
#3162 = LINE ( 'NONE', #2538, #3401 ) ;
#3163 = ORIENTED_EDGE ( 'NONE', *, *, #80, .T. ) ;
#3164 = EDGE_CURVE ( 'NONE', #2955, #2744, #2595, .T. ) ;
#3165 = ORIENTED_EDGE ( 'NONE', *, *, #415, .F. ) ;
#3166 = CARTESIAN_POINT ( 'NONE',  ( -10.75000000000000000, 5.718737106350692656, 2.124840540217201035 ) ) ;
#3167 = DIRECTION ( 'NONE',  ( 0.0000000000000000000, 0.8477127166205131736, -0.5304556061348296714 ) ) ;
#3168 = DIRECTION ( 'NONE',  ( 0.0000000000000000000, -0.06912543288578477940, -0.9976079763756667829 ) ) ;
#3169 = DIRECTION ( 'NONE',  ( 1.000000000000000000, 0.0000000000000000000, 0.0000000000000000000 ) ) ;
#3170 = ORIENTED_EDGE ( 'NONE', *, *, #2, .T. ) ;
#3171 = CARTESIAN_POINT ( 'NONE',  ( -10.75000000000000000, 2.113007891193789956, 5.730569755374102847 ) ) ;
#3172 = CARTESIAN_POINT ( 'NONE',  ( -10.75000000000000000, -5.099209145838152324, 3.387178386535893093 ) ) ;
#3173 = ORIENTED_EDGE ( 'NONE', *, *, #2650, .F. ) ;
#3174 = EDGE_CURVE ( 'NONE', #3586, #3942, #523, .T. ) ;
#3175 = CARTESIAN_POINT ( 'NONE',  ( 0.0000000000000000000, 0.0000000000000000000, 0.0000000000000000000 ) ) ;
#3176 = SURFACE_STYLE_FILL_AREA ( #2235 ) ;
#3177 = ORIENTED_EDGE ( 'NONE', *, *, #811, .T. ) ;
#3178 = DIRECTION ( 'NONE',  ( 0.0000000000000000000, 0.0000000000000000000, 1.000000000000000000 ) ) ;
#3179 = DIRECTION ( 'NONE',  ( 1.000000000000000000, -0.0000000000000000000, -0.0000000000000000000 ) ) ;
#3180 = ORIENTED_EDGE ( 'NONE', *, *, #2904, .T. ) ;
#3181 = ORIENTED_EDGE ( 'NONE', *, *, #3787, .T. ) ;
#3182 = DIRECTION ( 'NONE',  ( 0.0000000000000000000, 0.7664508966033182213, 0.6423029060310794236 ) ) ;
#3183 = CARTESIAN_POINT ( 'NONE',  ( -10.75000000000000000, 0.2381673509765876717, -6.106707545196424114 ) ) ;
#3184 = PRODUCT_DEFINITION_SHAPE ( 'NONE', 'NONE',  #4036 ) ;
#3185 = FACE_OUTER_BOUND ( 'NONE', #363, .T. ) ;
#3186 = CARTESIAN_POINT ( 'NONE',  ( -10.75000000000000000, -1.661144931093035959, -5.885078252561577017 ) ) ;
#3187 = ORIENTED_EDGE ( 'NONE', *, *, #564, .T. ) ;
#3188 = LINE ( 'NONE', #1652, #3939 ) ;
#3189 = EDGE_LOOP ( 'NONE', ( #3074, #1441, #3765, #3564 ) ) ;
#3190 =( NAMED_UNIT ( * ) PLANE_ANGLE_UNIT ( ) SI_UNIT ( $, .RADIAN. ) );
#3191 = ORIENTED_EDGE ( 'NONE', *, *, #1620, .T. ) ;
#3192 = DIRECTION ( 'NONE',  ( 0.0000000000000000000, -0.7071067811865471286, 0.7071067811865479058 ) ) ;
#3193 = EDGE_LOOP ( 'NONE', ( #715, #1872, #693, #518 ) ) ;
#3194 = CARTESIAN_POINT ( 'NONE',  ( -10.75000000000000000, -5.896910901584988096, 1.649312282069624436 ) ) ;
#3195 = EDGE_CURVE ( 'NONE', #1862, #156, #1081, .T. ) ;
#3196 = EDGE_LOOP ( 'NONE', ( #342, #270, #474, #1233 ) ) ;
#3197 = DIRECTION ( 'NONE',  ( 1.000000000000000000, -0.0000000000000000000, -0.0000000000000000000 ) ) ;
#3198 = LINE ( 'NONE', #1321, #2369 ) ;
#3199 = ORIENTED_EDGE ( 'NONE', *, *, #3408, .F. ) ;
#3200 = VECTOR ( 'NONE', #3959, 1000.000000000000000 ) ;
#3201 = ORIENTED_EDGE ( 'NONE', *, *, #2166, .T. ) ;
#3202 = EDGE_CURVE ( 'NONE', #3800, #1254, #230, .T. ) ;
#3203 = DIRECTION ( 'NONE',  ( 1.000000000000000000, -0.0000000000000000000, -0.0000000000000000000 ) ) ;
#3204 = CARTESIAN_POINT ( 'NONE',  ( -10.75000000000000000, 5.873245603538165938, 1.649312282069624214 ) ) ;
#3205 = CARTESIAN_POINT ( 'NONE',  ( -10.75000000000000000, 3.375345737512479349, -5.087376496814743021 ) ) ;
#3206 = EDGE_CURVE ( 'NONE', #2922, #593, #2685, .T. ) ;
#3207 = VECTOR ( 'NONE', #391, 1000.000000000000114 ) ;
#3208 = VECTOR ( 'NONE', #1504, 1000.000000000000000 ) ;
#3209 = ORIENTED_EDGE ( 'NONE', *, *, #515, .T. ) ;
#3210 = ORIENTED_EDGE ( 'NONE', *, *, #163, .T. ) ;
#3211 = VECTOR ( 'NONE', #1608, 1000.000000000000000 ) ;
#3212 = DIRECTION ( 'NONE',  ( -0.0000000000000000000, -0.8910065241883676768, 0.4539904997395471931 ) ) ;
#3213 = VECTOR ( 'NONE', #1648, 1000.000000000000114 ) ;
#3214 = VECTOR ( 'NONE', #3203, 1000.000000000000000 ) ;
#3215 = AXIS2_PLACEMENT_3D ( 'NONE', #3731, #956, #2194 ) ;
#3216 = VECTOR ( 'NONE', #3870, 1000.000000000000000 ) ;
#3217 = DIRECTION ( 'NONE',  ( 1.000000000000000000, -0.0000000000000000000, -0.0000000000000000000 ) ) ;
#3218 = ADVANCED_BREP_SHAPE_REPRESENTATION ( '', ( #3720, #834 ), #2559 ) ;
#3219 = CARTESIAN_POINT ( 'NONE',  ( 1.899999999999999911, -0.7500000000000000000, -1.000000000000000000 ) ) ;
#3220 = EDGE_LOOP ( 'NONE', ( #2405, #2288, #859, #1509 ) ) ;
#3221 = DIRECTION ( 'NONE',  ( 0.0000000000000000000, 0.0000000000000000000, -1.000000000000000000 ) ) ;
#3222 = CARTESIAN_POINT ( 'NONE',  ( 1.698381632614207240E-17, 1.920937271229854471, -1.600000000000000089 ) ) ;
#3223 = ORIENTED_EDGE ( 'NONE', *, *, #3030, .T. ) ;
#3224 = CARTESIAN_POINT ( 'NONE',  ( -3.750000000000000000, -0.2618326490234108017, 6.106707545196424114 ) ) ;
#3225 = DIRECTION ( 'NONE',  ( -0.0000000000000000000, -0.4472135954999579277, -0.8944271909999158554 ) ) ;
#3226 = CARTESIAN_POINT ( 'NONE',  ( -10.75000000000000000, -5.118540194219835193, 0.5000000000000006661 ) ) ;
#3227 = CARTESIAN_POINT ( 'NONE',  ( -10.75000000000000000, -6.118540194219835193, -0.2499999999999992506 ) ) ;
#3228 = ADVANCED_FACE ( 'NONE', ( #3306 ), #779, .F. ) ;
#3229 = ADVANCED_FACE ( 'NONE', ( #2033 ), #2056, .F. ) ;
#3230 = LINE ( 'NONE', #2001, #2612 ) ;
#3231 = LINE ( 'NONE', #468, #302 ) ;
#3232 = ORIENTED_EDGE ( 'NONE', *, *, #2987, .F. ) ;
#3233 = LINE ( 'NONE', #3857, #1086 ) ;
#3234 = ORIENTED_EDGE ( 'NONE', *, *, #3602, .T. ) ;
#3235 = ORIENTED_EDGE ( 'NONE', *, *, #628, .T. ) ;
#3236 = CARTESIAN_POINT ( 'NONE',  ( 3.454044648600700818, 1.623861349319905331E-34, 1.325983418607308649E-18 ) ) ;
#3237 = ORIENTED_EDGE ( 'NONE', *, *, #438, .T. ) ;
#3238 = CARTESIAN_POINT ( 'NONE',  ( -12.25000000000000000, 3.061616997868383141E-16, 2.500000000000000000 ) ) ;
#3239 = CARTESIAN_POINT ( 'NONE',  ( -10.75000000000000000, -4.714091639508624532, -2.053587674916041106 ) ) ;
#3240 = ORIENTED_EDGE ( 'NONE', *, *, #785, .T. ) ;
#3241 = CARTESIAN_POINT ( 'NONE',  ( -10.75000000000000000, 3.779854234699953519, -4.793483870668507230 ) ) ;
#3242 = PLANE ( 'NONE',  #1726 ) ;
#3243 = LINE ( 'NONE', #3894, #3933 ) ;
#3244 = CARTESIAN_POINT ( 'NONE',  ( -10.75000000000000000, -2.136673189240612558, -5.730569755374101959 ) ) ;
#3245 = EDGE_CURVE ( 'NONE', #355, #850, #2935, .T. ) ;
#3246 = ORIENTED_EDGE ( 'NONE', *, *, #2833, .T. ) ;
#3247 = EDGE_CURVE ( 'NONE', #71, #1538, #1407, .T. ) ;
#3248 = CARTESIAN_POINT ( 'NONE',  ( -3.750000000000000000, 5.873245603538165938, 1.649312282069623548 ) ) ;
#3249 = ORIENTED_EDGE ( 'NONE', *, *, #816, .F. ) ;
#3250 = LINE ( 'NONE', #488, #2883 ) ;
#3251 = APPLICATION_CONTEXT ( 'automotive_design' ) ;
#3252 = PRODUCT_DEFINITION_CONTEXT ( 'detailed design', #1314, 'design' ) ;
#3253 = ORIENTED_EDGE ( 'NONE', *, *, #3903, .T. ) ;
#3254 = EDGE_CURVE ( 'NONE', #1193, #355, #3261, .T. ) ;
#3255 = EDGE_CURVE ( 'NONE', #3897, #2725, #1995, .T. ) ;
#3256 = DIRECTION ( 'NONE',  ( -1.000000000000000000, -0.0000000000000000000, -0.0000000000000000000 ) ) ;
#3257 = EDGE_LOOP ( 'NONE', ( #3528, #1046, #2464, #1164 ) ) ;
#3258 = LINE ( 'NONE', #733, #1664 ) ;
#3259 = VERTEX_POINT ( 'NONE', #499 ) ;
#3260 = DIRECTION ( 'NONE',  ( 1.000000000000000000, -0.0000000000000000000, -0.0000000000000000000 ) ) ;
#3261 = LINE ( 'NONE', #2340, #2944 ) ;
#3262 = DIRECTION ( 'NONE',  ( -1.000000000000000000, 0.0000000000000000000, 0.0000000000000000000 ) ) ;
#3263 = CARTESIAN_POINT ( 'NONE',  ( 0.8130601895255386014, 2.077970965345473875, -1.393560942997474239 ) ) ;
#3264 = CARTESIAN_POINT ( 'NONE',  ( -12.25000000000000000, 0.0000000000000000000, -2.500000000000000000 ) ) ;
#3265 = ORIENTED_EDGE ( 'NONE', *, *, #3479, .F. ) ;
#3266 = FACE_OUTER_BOUND ( 'NONE', #556, .T. ) ;
#3267 = DIRECTION ( 'NONE',  ( -0.0000000000000000000, 0.8090169943749481174, 0.5877852522924721379 ) ) ;
#3268 = CARTESIAN_POINT ( 'NONE',  ( -0.9776323253814992453, 2.154042537008324043, 1.270668446365433413 ) ) ;
#3269 = VECTOR ( 'NONE', #633, 1000.000000000000114 ) ;
#3270 = AXIS2_PLACEMENT_3D ( 'NONE', #198, #1145, #2998 ) ;
#3271 = VERTEX_POINT ( 'NONE', #2766 ) ;
#3272 = MECHANICAL_DESIGN_GEOMETRIC_PRESENTATION_REPRESENTATION (  '', ( #439 ), #624 ) ;
#3273 = AXIS2_PLACEMENT_3D ( 'NONE', #247, #870, #1196 ) ;
#3274 = ORIENTED_EDGE ( 'NONE', *, *, #3378, .T. ) ;
#3275 = VECTOR ( 'NONE', #3773, 1000.000000000000114 ) ;
#3276 = DIRECTION ( 'NONE',  ( 0.0000000000000000000, 0.0000000000000000000, 1.000000000000000000 ) ) ;
#3277 = VECTOR ( 'NONE', #1307, 1000.000000000000000 ) ;
#3278 = ADVANCED_FACE ( 'NONE', ( #596 ), #2168, .F. ) ;
#3279 = VECTOR ( 'NONE', #3260, 1000.000000000000000 ) ;
#3280 = LINE ( 'NONE', #3549, #2948 ) ;
#3281 = VERTEX_POINT ( 'NONE', #3409 ) ;
#3282 = EDGE_CURVE ( 'NONE', #3992, #1862, #12, .T. ) ;
#3283 = DIRECTION ( 'NONE',  ( 0.0000000000000000000, 0.06912543288578525125, 0.9976079763756666718 ) ) ;
#3284 = VECTOR ( 'NONE', #3044, 999.9999999999998863 ) ;
#3285 = VECTOR ( 'NONE', #212, 1000.000000000000000 ) ;
#3286 = VERTEX_POINT ( 'NONE', #1808 ) ;
#3287 = CARTESIAN_POINT ( 'NONE',  ( -3.736410698672603652E-15, 0.8118033988749914220, 1.100000000000003642 ) ) ;
#3288 = CARTESIAN_POINT ( 'NONE',  ( 0.1000000000000000472, 0.7499999999999997780, 1.000000000000000000 ) ) ;
#3289 = CARTESIAN_POINT ( 'NONE',  ( -10.75000000000000000, 3.394323231001217689, -3.837520563220440994 ) ) ;
#3290 = DIRECTION ( 'NONE',  ( -0.0000000000000000000, 0.3090169943749490056, 0.9510565162951529761 ) ) ;
#3291 = LINE ( 'NONE', #3042, #3748 ) ;
#3292 = ADVANCED_FACE ( 'NONE', ( #1860 ), #2742, .F. ) ;
#3293 = ORIENTED_EDGE ( 'NONE', *, *, #2907, .T. ) ;
#3294 = DIRECTION ( 'NONE',  ( 0.0000000000000000000, 0.9701425001453319874, 0.2425356250363328581 ) ) ;
#3295 = DIRECTION ( 'NONE',  ( -0.6479361632942988170, -0.4004465714560779821, -0.6479361632942985949 ) ) ;
#3296 = UNCERTAINTY_MEASURE_WITH_UNIT (LENGTH_MEASURE( 1.000000000000000082E-05 ), #1375, 'distance_accuracy_value', 'NONE');
#3297 = EDGE_LOOP ( 'NONE', ( #2211, #3441, #3332, #3177 ) ) ;
#3298 = ORIENTED_EDGE ( 'NONE', *, *, #1431, .F. ) ;
#3299 = ADVANCED_FACE ( 'NONE', ( #1560 ), #915, .F. ) ;
#3300 = EDGE_CURVE ( 'NONE', #140, #3703, #1185, .T. ) ;
#3301 = CARTESIAN_POINT ( 'NONE',  ( -10.75000000000000000, 4.999443335836748936, -1.102531158620889240 ) ) ;
#3302 = CARTESIAN_POINT ( 'NONE',  ( -3.750000000000000000, 6.094874896173013035, -0.2500000000000000000 ) ) ;
#3303 = EDGE_CURVE ( 'NONE', #3050, #2158, #3073, .T. ) ;
#3304 = ORIENTED_EDGE ( 'NONE', *, *, #1487, .F. ) ;
#3305 = LINE ( 'NONE', #557, #1156 ) ;
#3306 = FACE_OUTER_BOUND ( 'NONE', #1162, .T. ) ;
#3307 = SHAPE_REPRESENTATION ( 'A187 Шкив GT2, O отверстия 5 мм(подробная модель)', ( #834 ), #2559 ) ;
#3308 = DIRECTION ( 'NONE',  ( 0.0000000000000000000, 0.0000000000000000000, -1.000000000000000000 ) ) ;
#3309 = CARTESIAN_POINT ( 'NONE',  ( -10.75000000000000000, -5.023108633883571983, 1.102531158620888574 ) ) ;
#3310 = CARTESIAN_POINT ( 'NONE',  ( -12.24999999999999822, 0.0000000000000000000, -8.000000000000000000 ) ) ;
#3311 = VERTEX_POINT ( 'NONE', #862 ) ;
#3312 = LINE ( 'NONE', #566, #2422 ) ;
#3313 = LINE ( 'NONE', #3980, #3676 ) ;
#3314 = ORIENTED_EDGE ( 'NONE', *, *, #20, .F. ) ;
#3315 = DIRECTION ( 'NONE',  ( 0.0000000000000000000, -0.8090169943749481174, 0.5877852522924720269 ) ) ;
#3316 =( NAMED_UNIT ( * ) PLANE_ANGLE_UNIT ( ) SI_UNIT ( $, .RADIAN. ) );
#3317 = PLANE ( 'NONE',  #2609 ) ;
#3318 = ORIENTED_EDGE ( 'NONE', *, *, #1834, .F. ) ;
#3319 = DIRECTION ( 'NONE',  ( -0.0000000000000000000, -0.4539904997395473596, -0.8910065241883675657 ) ) ;
#3320 = VERTEX_POINT ( 'NONE', #2089 ) ;
#3321 = CARTESIAN_POINT ( 'NONE',  ( -0.8086313094416874847, -1.384356572840942823, 2.082795536598958996 ) ) ;
#3322 = ORIENTED_EDGE ( 'NONE', *, *, #522, .T. ) ;
#3323 = CARTESIAN_POINT ( 'NONE',  ( -10.75000000000000000, 4.413473166489501942, -2.597138885649683537 ) ) ;
#3324 = CARTESIAN_POINT ( 'NONE',  ( -1.204145109483212073, 7.929984396750336728, 1.058709009520513389 ) ) ;
#3325 = CARTESIAN_POINT ( 'NONE',  ( -12.69999999999998153, 2.449293598294706414E-16, -2.000000000000000000 ) ) ;
#3326 = PLANE ( 'NONE',  #251 ) ;
#3327 = EDGE_CURVE ( 'NONE', #2187, #1517, #2448, .T. ) ;
#3328 = EDGE_CURVE ( 'NONE', #3849, #934, #1864, .T. ) ;
#3329 = DIRECTION ( 'NONE',  ( -0.0000000000000000000, 0.3740200118118306993, -0.9274206331348672228 ) ) ;
#3330 = DIRECTION ( 'NONE',  ( 0.0000000000000000000, 0.0000000000000000000, 1.000000000000000000 ) ) ;
#3331 = VECTOR ( 'NONE', #2773, 1000.000000000000227 ) ;
#3332 = ORIENTED_EDGE ( 'NONE', *, *, #1621, .F. ) ;
#3333 = CARTESIAN_POINT ( 'NONE',  ( -10.75000000000000000, -3.803519532746777898, -4.793483870668505453 ) ) ;
#3334 = AXIS2_PLACEMENT_3D ( 'NONE', #3041, #1429, #562 ) ;
#3335 = ADVANCED_FACE ( 'NONE', ( #2260 ), #377, .F. ) ;
#3336 = CONICAL_SURFACE ( 'NONE', #3733, 2747.477419454644405, 1.221730476396033271 ) ;
#3337 = AXIS2_PLACEMENT_3D ( 'NONE', #534, #3256, #457 ) ;
#3338 = LINE ( 'NONE', #590, #3811 ) ;
#3339 = ORIENTED_EDGE ( 'NONE', *, *, #1395, .F. ) ;
#3340 = DIRECTION ( 'NONE',  ( -0.0000000000000000000, -0.9510565162951529761, 0.3090169943749490056 ) ) ;
#3341 = ORIENTED_EDGE ( 'NONE', *, *, #339, .F. ) ;
#3342 = AXIS2_PLACEMENT_3D ( 'NONE', #3066, #2071, #842 ) ;
#3343 = VECTOR ( 'NONE', #3645, 1000.000000000000114 ) ;
#3344 = LINE ( 'NONE', #1806, #38 ) ;
#3345 = EDGE_LOOP ( 'NONE', ( #3106, #3772, #2064, #1699 ) ) ;
#3346 = DIRECTION ( 'NONE',  ( -1.000000000000000000, -0.0000000000000000000, -0.0000000000000000000 ) ) ;
#3347 = CARTESIAN_POINT ( 'NONE',  ( -1.517851904633598092, -0.5168348131059093964, 7.983878309322911093 ) ) ;
#3348 = AXIS2_PLACEMENT_3D ( 'NONE', #2439, #3683, #904 ) ;
#3349 = AXIS2_PLACEMENT_3D ( 'NONE', #2358, #1142, #3956 ) ;
#3350 = STYLED_ITEM ( 'NONE', ( #2277 ), #3218 ) ;
#3351 = CARTESIAN_POINT ( 'NONE',  ( -10.75000000000000000, 2.041755025892630915, 4.702258990485212564 ) ) ;
#3352 = CARTESIAN_POINT ( 'NONE',  ( -3.750000000000000000, -3.417988529048041180, 3.837520563220440994 ) ) ;
#3353 = CARTESIAN_POINT ( 'NONE',  ( 1.600000000000000089, 2.225810487126345860E-22, 8.000000000000000000 ) ) ;
#3354 = MECHANICAL_DESIGN_GEOMETRIC_PRESENTATION_REPRESENTATION (  '', ( #895 ), #625 ) ;
#3355 = ADVANCED_FACE ( 'NONE', ( #1284 ), #125, .F. ) ;
#3356 = CARTESIAN_POINT ( 'NONE',  ( -3.750000000000000000, -6.118540194219835193, 0.2500000000000006661 ) ) ;
#3357 = ADVANCED_FACE ( 'NONE', ( #3827 ), #3432, .T. ) ;
#3358 = CARTESIAN_POINT ( 'NONE',  ( -10.75000000000000000, 5.094874896173013035, 0.5000000000000000000 ) ) ;
#3359 = EDGE_CURVE ( 'NONE', #2087, #3471, #2520, .T. ) ;
#3360 = ADVANCED_FACE ( 'NONE', ( #1014 ), #959, .F. ) ;
#3361 = ORIENTED_EDGE ( 'NONE', *, *, #1324, .T. ) ;
#3362 = EDGE_LOOP ( 'NONE', ( #2919, #1643, #341, #2654 ) ) ;
#3363 = DIRECTION ( 'NONE',  ( 0.0000000000000000000, 0.9976079763756666718, -0.06912543288578482104 ) ) ;
#3364 = CONTEXT_DEPENDENT_SHAPE_REPRESENTATION ( #3754, #3184 ) ;
#3365 = DIRECTION ( 'NONE',  ( 0.0000000000000000000, 0.9701425001453319874, -0.2425356250363329969 ) ) ;
#3366 = VERTEX_POINT ( 'NONE', #2278 ) ;
#3367 = CARTESIAN_POINT ( 'NONE',  ( -10.75000000000000000, -1.661144931093035959, -5.885078252561577017 ) ) ;
#3368 = VERTEX_POINT ( 'NONE', #2863 ) ;
#3369 = CARTESIAN_POINT ( 'NONE',  ( -3.750000000000000000, -0.5118326490234107462, 5.106707545196424114 ) ) ;
#3370 = ORIENTED_EDGE ( 'NONE', *, *, #3896, .T. ) ;
#3371 = LINE ( 'NONE', #3019, #1651 ) ;
#3372 = DIRECTION ( 'NONE',  ( 0.0000000000000000000, 0.5877852522924721379, -0.8090169943749482284 ) ) ;
#3373 = CARTESIAN_POINT ( 'NONE',  ( -0.1056384979099819627, 7.838367176906169576, -1.600000000000000089 ) ) ;
#3374 = CYLINDRICAL_SURFACE ( 'NONE', #3661, 8.000000000000000000 ) ;
#3375 = CARTESIAN_POINT ( 'NONE',  ( 1.899999999999999911, 0.7500000000000000000, -1.000000000000000000 ) ) ;
#3376 = LINE ( 'NONE', #219, #97 ) ;
#3377 = DIRECTION ( 'NONE',  ( 0.0000000000000000000, 0.9976079763756667829, 0.06912543288578471001 ) ) ;
#3378 = EDGE_CURVE ( 'NONE', #1515, #2793, #432, .T. ) ;
#3379 = VERTEX_POINT ( 'NONE', #3735 ) ;
#3380 = CARTESIAN_POINT ( 'NONE',  ( -3.750000000000000000, 0.0000000000000000000, 0.0000000000000000000 ) ) ;
#3381 = DIRECTION ( 'NONE',  ( 0.0000000000000000000, -0.5304556061348302265, -0.8477127166205129516 ) ) ;
#3382 = ORIENTED_EDGE ( 'NONE', *, *, #781, .F. ) ;
#3383 = EDGE_CURVE ( 'NONE', #1460, #2158, #1336, .T. ) ;
#3384 = CARTESIAN_POINT ( 'NONE',  ( 0.1000000000000004774, -0.7500000000000000000, -1.000000000000000000 ) ) ;
#3385 = EDGE_CURVE ( 'NONE', #1543, #1715, #1097, .T. ) ;
#3386 = VERTEX_POINT ( 'NONE', #2026 ) ;
#3387 = DIRECTION ( 'NONE',  ( 0.0000000000000000000, -0.6423029060310792016, 0.7664508966033184434 ) ) ;
#3388 = CARTESIAN_POINT ( 'NONE',  ( -1.548753240648262031, -0.4150582967879915541, 7.989883362399092803 ) ) ;
#3389 = ORIENTED_EDGE ( 'NONE', *, *, #3403, .T. ) ;
#3390 = LINE ( 'NONE', #2465, #1464 ) ;
#3391 = DIRECTION ( 'NONE',  ( 0.0000000000000000000, -0.9274206331348670007, 0.3740200118118313100 ) ) ;
#3392 = LINE ( 'NONE', #615, #1848 ) ;
#3393 = LINE ( 'NONE', #1567, #3530 ) ;
#3394 = CARTESIAN_POINT ( 'NONE',  ( -10.75000000000000000, 3.375345737512479349, -5.087376496814743021 ) ) ;
#3395 = ORIENTED_EDGE ( 'NONE', *, *, #858, .F. ) ;
#3396 = FACE_OUTER_BOUND ( 'NONE', #2491, .T. ) ;
#3397 = CONTEXT_DEPENDENT_SHAPE_REPRESENTATION ( #3971, #1963 ) ;
#3398 = VECTOR ( 'NONE', #2213, 1000.000000000000227 ) ;
#3399 = PLANE ( 'NONE',  #506 ) ;
#3400 = FACE_OUTER_BOUND ( 'NONE', #3900, .T. ) ;
#3401 = VECTOR ( 'NONE', #3803, 1000.000000000000000 ) ;
#3402 = ORIENTED_EDGE ( 'NONE', *, *, #2283, .F. ) ;
#3403 = EDGE_CURVE ( 'NONE', #2207, #603, #2973, .T. ) ;
#3404 = VECTOR ( 'NONE', #3442, 1000.000000000000114 ) ;
#3405 = CARTESIAN_POINT ( 'NONE',  ( -10.75000000000000000, 0.2381673509765876717, -6.106707545196424114 ) ) ;
#3406 = ORIENTED_EDGE ( 'NONE', *, *, #1355, .F. ) ;
#3407 = VECTOR ( 'NONE', #1341, 1000.000000000000227 ) ;
#3408 = EDGE_CURVE ( 'NONE', #2087, #1483, #2008, .T. ) ;
#3409 = CARTESIAN_POINT ( 'NONE',  ( -10.75000000000000000, -1.114363807644298765, 5.011275984860160015 ) ) ;
#3410 = EDGE_LOOP ( 'NONE', ( #3712, #3035, #607, #2653 ) ) ;
#3411 = CARTESIAN_POINT ( 'NONE',  ( -1.600138591843762503, 8.000027718363027063, -0.2108995592411018472 ) ) ;
#3412 = VECTOR ( 'NONE', #2112, 1000.000000000000227 ) ;
#3413 = VECTOR ( 'NONE', #410, 1000.000000000000000 ) ;
#3414 = DIRECTION ( 'NONE',  ( -1.000000000000000000, -0.0000000000000000000, -0.0000000000000000000 ) ) ;
#3415 = VERTEX_POINT ( 'NONE', #3585 ) ;
#3416 = AXIS2_PLACEMENT_3D ( 'NONE', #3104, #2178, #2511 ) ;
#3417 = VECTOR ( 'NONE', #751, 1000.000000000000000 ) ;
#3418 = VECTOR ( 'NONE', #3928, 1000.000000000000000 ) ;
#3419 = EDGE_CURVE ( 'NONE', #3909, #3004, #1070, .T. ) ;
#3420 = LINE ( 'NONE', #1584, #1328 ) ;
#3421 = VECTOR ( 'NONE', #2938, 1000.000000000000114 ) ;
#3422 = DIRECTION ( 'NONE',  ( 0.0000000000000000000, 0.8090169943749482284, -0.5877852522924721379 ) ) ;
#3423 = PRODUCT_DEFINITION_FORMATION_WITH_SPECIFIED_SOURCE ( 'ANY', '', #1636, .NOT_KNOWN. ) ;
#3424 = ORIENTED_EDGE ( 'NONE', *, *, #3572, .T. ) ;
#3425 = ORIENTED_EDGE ( 'NONE', *, *, #3940, .T. ) ;
#3426 = CARTESIAN_POINT ( 'NONE',  ( -10.75000000000000000, 0.4881673509765878660, -5.106707545196424114 ) ) ;
#3427 = PLANE ( 'NONE',  #2490 ) ;
#3428 = EDGE_LOOP ( 'NONE', ( #334, #874, #378, #1540 ) ) ;
#3429 = CARTESIAN_POINT ( 'NONE',  ( -12.24999999999999822, 9.797174393178825657E-16, 8.000000000000000000 ) ) ;
#3430 = EDGE_CURVE ( 'NONE', #16, #2535, #3565, .T. ) ;
#3431 = CARTESIAN_POINT ( 'NONE',  ( -10.75000000000000000, 4.690426341461801485, 2.053587674916041994 ) ) ;
#3432 = CYLINDRICAL_SURFACE ( 'NONE', #2814, 2.000000000000000000 ) ;
#3433 = EDGE_CURVE ( 'NONE', #3883, #1460, #2372, .T. ) ;
#3434 = VERTEX_POINT ( 'NONE', #2656 ) ;
#3435 = DIRECTION ( 'NONE',  ( -0.0000000000000000000, -0.9701425001453318764, 0.2425356250363330801 ) ) ;
#3436 = CARTESIAN_POINT ( 'NONE',  ( -12.25000000000000000, 0.0000000000000000000, -2.500000000000000000 ) ) ;
#3437 = DIRECTION ( 'NONE',  ( -0.0000000000000000000, -0.3090169943749459525, 0.9510565162951539753 ) ) ;
#3438 = CARTESIAN_POINT ( 'NONE',  ( -10.75000000000000000, 6.094874896173013035, 0.2500000000000000000 ) ) ;
#3439 = CARTESIAN_POINT ( 'NONE',  ( -3.750000000000000000, 5.873245603538165938, 1.649312282069624214 ) ) ;
#3440 = ORIENTED_EDGE ( 'NONE', *, *, #3245, .F. ) ;
#3441 = ORIENTED_EDGE ( 'NONE', *, *, #882, .F. ) ;
#3442 = DIRECTION ( 'NONE',  ( 0.0000000000000000000, 0.6423029060310797567, 0.7664508966033178883 ) ) ;
#3443 = FACE_OUTER_BOUND ( 'NONE', #3127, .T. ) ;
#3444 = PLANE ( 'NONE',  #2953 ) ;
#3445 = FACE_OUTER_BOUND ( 'NONE', #2200, .T. ) ;
#3446 = CARTESIAN_POINT ( 'NONE',  ( 1.959435122602237000E-16, 7.838367176906169576, 1.600000000000000089 ) ) ;
#3447 = SURFACE_SIDE_STYLE ('',( #3176 ) ) ;
#3448 = ORIENTED_EDGE ( 'NONE', *, *, #1771, .T. ) ;
#3449 = DIRECTION ( 'NONE',  ( -0.0000000000000000000, 0.9510565162951539753, 0.3090169943749458414 ) ) ;
#3450 = CARTESIAN_POINT ( 'NONE',  ( -3.750000000000000000, 4.781651221645094374, -3.791686883723367263 ) ) ;
#3451 = ORIENTED_EDGE ( 'NONE', *, *, #1117, .F. ) ;
#3452 = CARTESIAN_POINT ( 'NONE',  ( -3.750000000000000000, 1.090698509597475718, -5.011275984860160904 ) ) ;
#3453 = CARTESIAN_POINT ( 'NONE',  ( -3.750000000000000000, 0.2381673509765876717, -6.106707545196424114 ) ) ;
#3454 = DIRECTION ( 'NONE',  ( 0.0000000000000000000, 0.9274206331348668897, -0.3740200118118316985 ) ) ;
#3455 = DIRECTION ( 'NONE',  ( -0.0000000000000000000, 0.8910065241883683429, 0.4539904997395460828 ) ) ;
#3456 = EDGE_CURVE ( 'NONE', #2139, #788, #2295, .T. ) ;
#3457 = ADVANCED_FACE ( 'NONE', ( #1421 ), #493, .T. ) ;
#3458 = ORIENTED_EDGE ( 'NONE', *, *, #2619, .F. ) ;
#3459 = FACE_OUTER_BOUND ( 'NONE', #990, .T. ) ;
#3460 = CARTESIAN_POINT ( 'NONE',  ( -10.75000000000000000, -5.099209145838152324, 3.387178386535893093 ) ) ;
#3461 = EDGE_CURVE ( 'NONE', #4034, #1601, #2575, .T. ) ;
#3462 = CARTESIAN_POINT ( 'NONE',  ( 0.8024744833191151949, 7.878867740839080369, -1.388124853740632991 ) ) ;
#3463 = ORIENTED_EDGE ( 'NONE', *, *, #3039, .F. ) ;
#3464 = CARTESIAN_POINT ( 'NONE',  ( 1.205817139516293768, -1.056912162983375092, 7.930232000859235519 ) ) ;
#3465 = VECTOR ( 'NONE', #1210, 1000.000000000000000 ) ;
#3466 = VERTEX_POINT ( 'NONE', #2954 ) ;
#3467 = LINE ( 'NONE', #1882, #4005 ) ;
#3468 = DIRECTION ( 'NONE',  ( 0.0000000000000000000, -0.1564344650402305081, -0.9876883405951378814 ) ) ;
#3469 = ORIENTED_EDGE ( 'NONE', *, *, #2443, .F. ) ;
#3470 = VECTOR ( 'NONE', #3057, 1000.000000000000000 ) ;
#3471 = VERTEX_POINT ( 'NONE', #2909 ) ;
#3472 = FILL_AREA_STYLE_COLOUR ( '', #2318 ) ;
#3473 = VECTOR ( 'NONE', #1295, 1000.000000000000000 ) ;
#3474 = CARTESIAN_POINT ( 'NONE',  ( -3.750000000000000000, -3.849353212243851186, 3.406155880024630100 ) ) ;
#3475 = CARTESIAN_POINT ( 'NONE',  ( -12.25000000000000000, 0.0000000000000000000, 0.0000000000000000000 ) ) ;
#3476 = CARTESIAN_POINT ( 'NONE',  ( -3.750000000000000000, 5.075543847791330165, 3.387178386535892205 ) ) ;
#3477 = VECTOR ( 'NONE', #2010, 1000.000000000000000 ) ;
#3478 = EDGE_LOOP ( 'NONE', ( #2590, #1622, #3828, #1031 ) ) ;
#3479 = EDGE_CURVE ( 'NONE', #1517, #2565, #3609, .T. ) ;
#3480 = LINE ( 'NONE', #409, #3275 ) ;
#3481 = ORIENTED_EDGE ( 'NONE', *, *, #661, .F. ) ;
#3482 = PRODUCT_DEFINITION_SHAPE ( 'NONE', 'NONE',  #4035 ) ;
#3483 = EDGE_CURVE ( 'NONE', #545, #2292, #568, .T. ) ;
#3484 = FILL_AREA_STYLE ('',( #2254 ) ) ;
#3485 = CARTESIAN_POINT ( 'NONE',  ( -3.736410698672603652E-15, 1.389442719099995172, 0.05527864045000251830 ) ) ;
#3486 = ORIENTED_EDGE ( 'NONE', *, *, #3082, .F. ) ;
#3487 = SURFACE_SIDE_STYLE ('',( #1945 ) ) ;
#3488 = CARTESIAN_POINT ( 'NONE',  ( -10.75000000000000000, -6.118540194219835193, 0.2500000000000007772 ) ) ;
#3489 = ORIENTED_EDGE ( 'NONE', *, *, #3206, .F. ) ;
#3490 = DIRECTION ( 'NONE',  ( 1.000000000000000000, -0.0000000000000000000, -0.0000000000000000000 ) ) ;
#3491 = EDGE_LOOP ( 'NONE', ( #1452, #148 ) ) ;
#3492 = DIRECTION ( 'NONE',  ( -0.0000000000000000000, 0.4472135954999580942, -0.8944271909999157444 ) ) ;
#3493 = ORIENTED_EDGE ( 'NONE', *, *, #1137, .F. ) ;
#3494 = ORIENTED_EDGE ( 'NONE', *, *, #3505, .T. ) ;
#3495 = FACE_OUTER_BOUND ( 'NONE', #942, .T. ) ;
#3496 = DIRECTION ( 'NONE',  ( -0.0000000000000000000, 0.9274206331348670007, 0.3740200118118313100 ) ) ;
#3497 = CARTESIAN_POINT ( 'NONE',  ( 1.431040500255523318, 2.395165524126201539, -0.7232356733936606830 ) ) ;
#3498 = LINE ( 'NONE', #89, #1597 ) ;
#3499 = VERTEX_POINT ( 'NONE', #189 ) ;
#3500 = DIRECTION ( 'NONE',  ( -0.0000000000000000000, -0.0000000000000000000, 1.000000000000000000 ) ) ;
#3501 = EDGE_LOOP ( 'NONE', ( #1758, #550, #3796, #1114 ) ) ;
#3502 = DIRECTION ( 'NONE',  ( -0.0000000000000000000, 0.7071067811865474617, -0.7071067811865474617 ) ) ;
#3503 = EDGE_CURVE ( 'NONE', #603, #1884, #2314, .T. ) ;
#3504 = LINE ( 'NONE', #2826, #1275 ) ;
#3505 = EDGE_CURVE ( 'NONE', #3695, #2970, #3280, .T. ) ;
#3506 = CARTESIAN_POINT ( 'NONE',  ( 0.4157804644811511907, -1.548578712944468139, 7.848715866323673573 ) ) ;
#3507 = EDGE_LOOP ( 'NONE', ( #554, #1877, #3065, #3792 ) ) ;
#3508 = EDGE_CURVE ( 'NONE', #1515, #1564, #1119, .T. ) ;
#3509 = LINE ( 'NONE', #2892, #3417 ) ;
#3510 = CARTESIAN_POINT ( 'NONE',  ( -12.25000000000000000, 3.061616997868383141E-16, 2.500000000000000000 ) ) ;
#3511 = ORIENTED_EDGE ( 'NONE', *, *, #399, .F. ) ;
#3512 = CARTESIAN_POINT ( 'NONE',  ( -3.750000000000000000, -3.399011035559303284, 5.087376496814743021 ) ) ;
#3513 = FACE_OUTER_BOUND ( 'NONE', #1892, .T. ) ;
#3514 = LINE ( 'NONE', #2582, #502 ) ;
#3515 = LINE ( 'NONE', #1043, #829 ) ;
#3516 = EDGE_LOOP ( 'NONE', ( #3118, #861, #1098, #265 ) ) ;
#3517 = LINE ( 'NONE', #787, #3603 ) ;
#3518 = ORIENTED_EDGE ( 'NONE', *, *, #262, .T. ) ;
#3519 = CARTESIAN_POINT ( 'NONE',  ( -10.75000000000000000, 2.113007891193789956, 5.730569755374102847 ) ) ;
#3520 = ORIENTED_EDGE ( 'NONE', *, *, #3823, .T. ) ;
#3521 = PLANE ( 'NONE',  #636 ) ;
#3522 = DIRECTION ( 'NONE',  ( 0.0000000000000000000, -0.5304556061348298934, 0.8477127166205130626 ) ) ;
#3523 = ORIENTED_EDGE ( 'NONE', *, *, #730, .T. ) ;
#3524 = DIRECTION ( 'NONE',  ( -0.0000000000000000000, 1.000000000000000000, -0.0000000000000000000 ) ) ;
#3525 = EDGE_CURVE ( 'NONE', #2356, #315, #1984, .T. ) ;
#3526 = EDGE_CURVE ( 'NONE', #3119, #2139, #3906, .T. ) ;
#3527 = FACE_OUTER_BOUND ( 'NONE', #3767, .T. ) ;
#3528 = ORIENTED_EDGE ( 'NONE', *, *, #3101, .T. ) ;
#3529 = EDGE_CURVE ( 'NONE', #1262, #248, #2991, .T. ) ;
#3530 = VECTOR ( 'NONE', #3123, 1000.000000000000114 ) ;
#3531 = LINE ( 'NONE', #1935, #3677 ) ;
#3532 = CARTESIAN_POINT ( 'NONE',  ( -12.24999999999999822, 0.0000000000000000000, 0.0000000000000000000 ) ) ;
#3533 = DIRECTION ( 'NONE',  ( -0.0000000000000000000, -0.0000000000000000000, 1.000000000000000000 ) ) ;
#3534 = AXIS2_PLACEMENT_3D ( 'NONE', #4017, #3391, #2809 ) ;
#3535 = LINE ( 'NONE', #1412, #634 ) ;
#3536 = VECTOR ( 'NONE', #1369, 1000.000000000000227 ) ;
#3537 = VECTOR ( 'NONE', #99, 1000.000000000000114 ) ;
#3538 = EDGE_CURVE ( 'NONE', #2992, #2594, #3886, .T. ) ;
#3539 = EDGE_LOOP ( 'NONE', ( #2763, #433, #2350, #424 ) ) ;
#3540 = LINE ( 'NONE', #2289, #2813 ) ;
#3541 = VERTEX_POINT ( 'NONE', #1052 ) ;
#3542 = VECTOR ( 'NONE', #225, 1000.000000000000000 ) ;
#3543 = DIRECTION ( 'NONE',  ( 0.0000000000000000000, 0.4472135954999580942, 0.8944271909999157444 ) ) ;
#3544 = APPLICATION_CONTEXT ( 'automotive_design' ) ;
#3545 = UNCERTAINTY_MEASURE_WITH_UNIT (LENGTH_MEASURE( 1.000000000000000082E-05 ), #2002, 'distance_accuracy_value', 'NONE');
#3546 = VECTOR ( 'NONE', #3455, 999.9999999999998863 ) ;
#3547 = VECTOR ( 'NONE', #3217, 1000.000000000000000 ) ;
#3548 = CARTESIAN_POINT ( 'NONE',  ( -10.75000000000000000, 4.690426341461801485, -2.053587674916043326 ) ) ;
#3549 = CARTESIAN_POINT ( 'NONE',  ( -10.75000000000000000, 0.2381673509765876717, -6.106707545196424114 ) ) ;
#3550 = VERTEX_POINT ( 'NONE', #794 ) ;
#3551 = DIRECTION ( 'NONE',  ( 0.7071067811865471286, -0.6324555320336763264, -0.3162277660168381632 ) ) ;
#3552 = CARTESIAN_POINT ( 'NONE',  ( -10.75000000000000000, -5.742402404397514815, -2.124840540217199703 ) ) ;
#3553 = ORIENTED_EDGE ( 'NONE', *, *, #1771, .F. ) ;
#3554 = ADVANCED_FACE ( 'NONE', ( #2084 ), #910, .F. ) ;
#3555 = EDGE_CURVE ( 'NONE', #2471, #2109, #1511, .T. ) ;
#3556 = CARTESIAN_POINT ( 'NONE',  ( -10.75000000000000000, 5.075543847791330165, -3.387178386535893537 ) ) ;
#3557 = LINE ( 'NONE', #3852, #3872 ) ;
#3558 = CARTESIAN_POINT ( 'NONE',  ( 0.2173485632956481117, 1.920937271229850918, 1.600000000000004530 ) ) ;
#3559 = LINE ( 'NONE', #3264, #1475 ) ;
#3560 = ORIENTED_EDGE ( 'NONE', *, *, #2399, .F. ) ;
#3561 = DIRECTION ( 'NONE',  ( -0.0000000000000000000, -0.3090169943749489501, -0.9510565162951530871 ) ) ;
#3562 = ORIENTED_EDGE ( 'NONE', *, *, #758, .F. ) ;
#3563 = CARTESIAN_POINT ( 'NONE',  ( -3.736410698672603652E-15, 0.8118033988749918661, -1.100000000000003642 ) ) ;
#3564 = ORIENTED_EDGE ( 'NONE', *, *, #709, .T. ) ;
#3565 = LINE ( 'NONE', #2638, #33 ) ;
#3566 = ORIENTED_EDGE ( 'NONE', *, *, #2743, .T. ) ;
#3567 = DIRECTION ( 'NONE',  ( -0.0000000000000000000, 1.000000000000000000, -0.0000000000000000000 ) ) ;
#3568 = PLANE ( 'NONE',  #2679 ) ;
#3569 = ORIENTED_EDGE ( 'NONE', *, *, #136, .T. ) ;
#3570 = CARTESIAN_POINT ( 'NONE',  ( 1.600000000000000089, -0.2149101415431418638, 2.499999999999999556 ) ) ;
#3571 = DIRECTION ( 'NONE',  ( -0.0000000000000000000, 0.2425356250363330801, 0.9701425001453318764 ) ) ;
#3572 = EDGE_CURVE ( 'NONE', #1619, #2880, #1854, .T. ) ;
#3573 = CARTESIAN_POINT ( 'NONE',  ( -3.750000000000000000, -0.5118326490234108572, 5.106707545196424114 ) ) ;
#3574 = CARTESIAN_POINT ( 'NONE',  ( -3.736410698672603652E-15, 0.0000000000000000000, -1.900000000000003908 ) ) ;
#3575 = DIRECTION ( 'NONE',  ( 1.000000000000000000, -0.0000000000000000000, -0.0000000000000000000 ) ) ;
#3576 = ORIENTED_EDGE ( 'NONE', *, *, #1435, .F. ) ;
#3577 = CARTESIAN_POINT ( 'NONE',  ( -12.69999999999998153, 0.0000000000000000000, 0.0000000000000000000 ) ) ;
#3578 = CARTESIAN_POINT ( 'NONE',  ( -3.750000000000000000, -2.065420323939453517, -4.702258990485212564 ) ) ;
#3579 = ADVANCED_FACE ( 'NONE', ( #2760 ), #3399, .F. ) ;
#3580 = UNCERTAINTY_MEASURE_WITH_UNIT (LENGTH_MEASURE( 1.000000000000000082E-05 ), #3808, 'distance_accuracy_value', 'NONE');
#3581 = EDGE_CURVE ( 'NONE', #248, #3466, #1235, .T. ) ;
#3582 = ORIENTED_EDGE ( 'NONE', *, *, #3430, .F. ) ;
#3583 = ORIENTED_EDGE ( 'NONE', *, *, #1999, .T. ) ;
#3584 = DIRECTION ( 'NONE',  ( 1.000000000000000000, 0.0000000000000000000, 0.0000000000000000000 ) ) ;
#3585 = CARTESIAN_POINT ( 'NONE',  ( -10.75000000000000000, 5.718737106350692656, 2.124840540217201035 ) ) ;
#3586 = VERTEX_POINT ( 'NONE', #3034 ) ;
#3587 = EDGE_CURVE ( 'NONE', #2037, #3368, #2459, .T. ) ;
#3588 = CARTESIAN_POINT ( 'NONE',  ( -10.75000000000000000, 1.637479633046211358, -5.885078252561577017 ) ) ;
#3589 = VERTEX_POINT ( 'NONE', #1830 ) ;
#3590 = CARTESIAN_POINT ( 'NONE',  ( 1.390814801312842963, -0.8185351350247399571, 2.370676723455743318 ) ) ;
#3591 = CARTESIAN_POINT ( 'NONE',  ( -3.750000000000000000, -3.399011035559303284, 5.087376496814743021 ) ) ;
#3592 = CARTESIAN_POINT ( 'NONE',  ( -1.391141533031115651, 0.8177444827816612305, 2.370876043069378714 ) ) ;
#3593 =( LENGTH_UNIT ( ) NAMED_UNIT ( * ) SI_UNIT ( .MILLI., .METRE. ) );
#3594 = DIRECTION ( 'NONE',  ( 0.0000000000000000000, 0.6423029060310792016, -0.7664508966033184434 ) ) ;
#3595 = VECTOR ( 'NONE', #883, 1000.000000000000000 ) ;
#3596 = VERTEX_POINT ( 'NONE', #1482 ) ;
#3597 = VECTOR ( 'NONE', #1686, 1000.000000000000000 ) ;
#3598 = CARTESIAN_POINT ( 'NONE',  ( -10.75000000000000000, -2.136673189240612558, -5.730569755374101959 ) ) ;
#3599 = LINE ( 'NONE', #1697, #629 ) ;
#3600 = CARTESIAN_POINT ( 'NONE',  ( -1.389514560980274815, 2.369901579505850897, 0.8209553296756226803 ) ) ;
#3601 = COLOUR_RGB ( '',0.6078431372549019107, 0.6313725490196078205, 0.6627450980392156632 ) ;
#3602 = EDGE_CURVE ( 'NONE', #3622, #999, #2705, .T. ) ;
#3603 = VECTOR ( 'NONE', #2901, 1000.000000000000227 ) ;
#3604 = PRESENTATION_LAYER_ASSIGNMENT (  '', '', ( #1335 ) ) ;
#3605 = ORIENTED_EDGE ( 'NONE', *, *, #781, .T. ) ;
#3606 = ORIENTED_EDGE ( 'NONE', *, *, #2370, .T. ) ;
#3607 = VECTOR ( 'NONE', #1174, 1000.000000000000000 ) ;
#3608 = VECTOR ( 'NONE', #1974, 1000.000000000000114 ) ;
#3609 = LINE ( 'NONE', #2069, #2310 ) ;
#3610 = EDGE_CURVE ( 'NONE', #3711, #1968, #3706, .T. ) ;
#3611 = DIRECTION ( 'NONE',  ( 0.0000000000000000000, 1.000000000000000000, 0.0000000000000000000 ) ) ;
#3612 = ORIENTED_EDGE ( 'NONE', *, *, #1159, .T. ) ;
#3613 = CARTESIAN_POINT ( 'NONE',  ( -0.4251455708786094356, -1.546164958583496229, 1.964720530046551783 ) ) ;
#3614 = CARTESIAN_POINT ( 'NONE',  ( -10.75000000000000000, -3.803519532746777454, 4.793483870668507230 ) ) ;
#3615 = CARTESIAN_POINT ( 'NONE',  ( -0.7195170931008677551, 1.432830999146990969, 2.049266371538214671 ) ) ;
#3616 = CYLINDRICAL_SURFACE ( 'NONE', #1267, 1.600000000000000089 ) ;
#3617 = CARTESIAN_POINT ( 'NONE',  ( 1.600000000000000311, 0.2090836377621944631, 8.000000000000001776 ) ) ;
#3618 = EDGE_LOOP ( 'NONE', ( #1015, #3831, #579, #1606 ) ) ;
#3619 = DIRECTION ( 'NONE',  ( 0.0000000000000000000, 0.5304556061348298934, -0.8477127166205130626 ) ) ;
#3620 = PLANE ( 'NONE',  #448 ) ;
#3621 = CARTESIAN_POINT ( 'NONE',  ( -1.273700722333277247, 2.301476892775856431, -0.9895892151330425435 ) ) ;
#3622 = VERTEX_POINT ( 'NONE', #2161 ) ;
#3623 = ORIENTED_EDGE ( 'NONE', *, *, #2198, .T. ) ;
#3624 = ORIENTED_EDGE ( 'NONE', *, *, #2613, .F. ) ;
#3625 = ADVANCED_FACE ( 'NONE', ( #3064 ), #3317, .F. ) ;
#3626 = CARTESIAN_POINT ( 'NONE',  ( -3.750000000000000000, -3.803519532746777898, -4.793483870668505453 ) ) ;
#3627 = CARTESIAN_POINT ( 'NONE',  ( 0.1000000000000004774, 0.7499999999999997780, 1.000000000000000000 ) ) ;
#3628 = ORIENTED_EDGE ( 'NONE', *, *, #2926, .T. ) ;
#3629 = EDGE_CURVE ( 'NONE', #2185, #3695, #3338, .T. ) ;
#3630 = CARTESIAN_POINT ( 'NONE',  ( -0.5264665037944976644, -1.514511235767988184, 1.989670506992999854 ) ) ;
#3631 = EDGE_CURVE ( 'NONE', #1934, #1166, #281, .T. ) ;
#3632 = CARTESIAN_POINT ( 'NONE',  ( -3.750000000000000000, 0.0000000000000000000, 0.0000000000000000000 ) ) ;
#3633 = CARTESIAN_POINT ( 'NONE',  ( 1.588842383138102665, 0.2169542076560553312, 2.492817851415759733 ) ) ;
#3634 = FACE_OUTER_BOUND ( 'NONE', #3964, .T. ) ;
#3635 = ADVANCED_FACE ( 'NONE', ( #626 ), #1778, .F. ) ;
#3636 = CARTESIAN_POINT ( 'NONE',  ( -10.75000000000000000, -0.2618326490234123005, -6.106707545196424114 ) ) ;
#3637 = CARTESIAN_POINT ( 'NONE',  ( -10.75000000000000000, 5.718737106350690880, -2.124840540217202367 ) ) ;
#3638 = ORIENTED_EDGE ( 'NONE', *, *, #3685, .T. ) ;
#3639 = ORIENTED_EDGE ( 'NONE', *, *, #3842, .F. ) ;
#3640 = CARTESIAN_POINT ( 'NONE',  ( -10.75000000000000000, -4.714091639508624532, -2.053587674916041106 ) ) ;
#3641 = CARTESIAN_POINT ( 'NONE',  ( 0.1000000000000000472, 0.7499999999999997780, 1.000000000000000000 ) ) ;
#3642 = ORIENTED_EDGE ( 'NONE', *, *, #1895, .T. ) ;
#3643 = DIRECTION ( 'NONE',  ( 0.0000000000000000000, -0.9701425001453318764, -0.2425356250363329691 ) ) ;
#3644 = ORIENTED_EDGE ( 'NONE', *, *, #2473, .T. ) ;
#3645 = DIRECTION ( 'NONE',  ( 0.0000000000000000000, -0.4472135954999580942, 0.8944271909999157444 ) ) ;
#3646 = ORIENTED_EDGE ( 'NONE', *, *, #548, .F. ) ;
#3647 = CARTESIAN_POINT ( 'NONE',  ( 4.000000000000000000, 0.0000000000000000000, 0.0000000000000000000 ) ) ;
#3648 = CARTESIAN_POINT ( 'NONE',  ( -1.599999999999999867, -0.1060035374528292551, 8.000000000000000000 ) ) ;
#3649 = ADVANCED_FACE ( 'NONE', ( #2678 ), #3011, .F. ) ;
#3650 = ADVANCED_FACE ( 'NONE', ( #3966 ), #1013, .F. ) ;
#3651 = PLANE ( 'NONE',  #1914 ) ;
#3652 = FACE_BOUND ( 'NONE', #1195, .T. ) ;
#3653 = DIRECTION ( 'NONE',  ( -0.0000000000000000000, -0.8090169943749481174, -0.5877852522924721379 ) ) ;
#3654 = CARTESIAN_POINT ( 'NONE',  ( -10.75000000000000000, 5.718737106350690880, -2.124840540217202367 ) ) ;
#3655 = CARTESIAN_POINT ( 'NONE',  ( 4.000000000000000000, 0.0000000000000000000, 1.500000000000000000 ) ) ;
#3656 = AXIS2_PLACEMENT_3D ( 'NONE', #828, #851, #1450 ) ;
#3657 = ORIENTED_EDGE ( 'NONE', *, *, #1229, .T. ) ;
#3658 = PRESENTATION_LAYER_ASSIGNMENT (  '', '', ( #3137 ) ) ;
#3659 = ORIENTED_EDGE ( 'NONE', *, *, #2117, .T. ) ;
#3660 = CARTESIAN_POINT ( 'NONE',  ( -3.750000000000000000, -3.803519532746777898, -4.793483870668505453 ) ) ;
#3661 = AXIS2_PLACEMENT_3D ( 'NONE', #1446, #2647, #582 ) ;
#3662 = APPLICATION_PROTOCOL_DEFINITION ( 'draft international standard', 'automotive_design', 1998, #227 ) ;
#3663 = COLOUR_RGB ( '',0.6078431372549019107, 0.6313725490196078205, 0.6627450980392156632 ) ;
#3664 = VECTOR ( 'NONE', #3225, 1000.000000000000114 ) ;
#3665 = VECTOR ( 'NONE', #3690, 1000.000000000000227 ) ;
#3666 = CARTESIAN_POINT ( 'NONE',  ( -10.75000000000000000, -4.437138464536324101, 2.597138885649683093 ) ) ;
#3667 = ORIENTED_EDGE ( 'NONE', *, *, #905, .F. ) ;
#3668 = DIRECTION ( 'NONE',  ( -0.0000000000000000000, 0.5877852522924721379, -0.8090169943749481174 ) ) ;
#3669 = ORIENTED_EDGE ( 'NONE', *, *, #2293, .T. ) ;
#3670 = VECTOR ( 'NONE', #1499, 1000.000000000000114 ) ;
#3671 = VECTOR ( 'NONE', #2498, 1000.000000000000227 ) ;
#3672 = APPLICATION_CONTEXT ( 'automotive_design' ) ;
#3673 = CARTESIAN_POINT ( 'NONE',  ( -3.750000000000000000, 6.094874896173013035, -0.2500000000000000000 ) ) ;
#3674 = VERTEX_POINT ( 'NONE', #2719 ) ;
#3675 = CARTESIAN_POINT ( 'NONE',  ( -0.8057439304794326018, -1.397921672539634175, 7.877335747831204493 ) ) ;
#3676 = VECTOR ( 'NONE', #2716, 1000.000000000000000 ) ;
#3677 = VECTOR ( 'NONE', #384, 1000.000000000000000 ) ;
#3678 = CARTESIAN_POINT ( 'NONE',  ( -10.75000000000000000, -3.399011035559303284, 5.087376496814743021 ) ) ;
#3679 = PLANE ( 'NONE',  #2811 ) ;
#3680 = LINE ( 'NONE', #2691, #2384 ) ;
#3681 = ADVANCED_FACE ( 'NONE', ( #3986 ), #2390, .F. ) ;
#3682 = LINE ( 'NONE', #358, #1068 ) ;
#3683 = DIRECTION ( 'NONE',  ( 0.0000000000000000000, -0.8944271909999158554, 0.4472135954999581497 ) ) ;
#3684 = EDGE_CURVE ( 'NONE', #3992, #2906, #1219, .T. ) ;
#3685 = EDGE_CURVE ( 'NONE', #2185, #3004, #1594, .T. ) ;
#3686 = ORIENTED_EDGE ( 'NONE', *, *, #3892, .T. ) ;
#3687 = ORIENTED_EDGE ( 'NONE', *, *, #2926, .F. ) ;
#3688 = PLANE ( 'NONE',  #3797 ) ;
#3689 = APPLICATION_PROTOCOL_DEFINITION ( 'draft international standard', 'automotive_design', 1998, #3251 ) ;
#3690 = DIRECTION ( 'NONE',  ( -0.0000000000000000000, 0.9510565162951529761, -0.3090169943749490056 ) ) ;
#3691 = ORIENTED_EDGE ( 'NONE', *, *, #2389, .F. ) ;
#3692 = CARTESIAN_POINT ( 'NONE',  ( -10.75000000000000000, -0.2618326490234108017, 6.106707545196424114 ) ) ;
#3693 = ORIENTED_EDGE ( 'NONE', *, *, #967, .T. ) ;
#3694 = FACE_OUTER_BOUND ( 'NONE', #348, .T. ) ;
#3695 = VERTEX_POINT ( 'NONE', #3426 ) ;
#3696 = CARTESIAN_POINT ( 'NONE',  ( 1.600000000000000089, 3.061547490153252678E-16, 2.500000000000000000 ) ) ;
#3697 = CARTESIAN_POINT ( 'NONE',  ( -10.75000000000000000, 3.825687914197029471, 3.406155880024629656 ) ) ;
#3698 = CARTESIAN_POINT ( 'NONE',  ( -3.750000000000000000, 9.797174393178825657E-16, -8.000000000000000000 ) ) ;
#3699 = DIRECTION ( 'NONE',  ( -0.0000000000000000000, 0.5877852522924721379, 0.8090169943749481174 ) ) ;
#3700 = FACE_OUTER_BOUND ( 'NONE', #2931, .T. ) ;
#3701 = ORIENTED_EDGE ( 'NONE', *, *, #1157, .F. ) ;
#3702 = EDGE_CURVE ( 'NONE', #2673, #1587, #2862, .T. ) ;
#3703 = VERTEX_POINT ( 'NONE', #1875 ) ;
#3704 = DIRECTION ( 'NONE',  ( 0.0000000000000000000, -0.3740200118118316430, -0.9274206331348668897 ) ) ;
#3705 = EDGE_CURVE ( 'NONE', #1483, #1111, #667, .T. ) ;
#3706 = LINE ( 'NONE', #2406, #2882 ) ;
#3707 = ORIENTED_EDGE ( 'NONE', *, *, #2699, .F. ) ;
#3708 = DIRECTION ( 'NONE',  ( 0.0000000000000000000, 0.4472135954999579277, 0.8944271909999158554 ) ) ;
#3709 = ORIENTED_EDGE ( 'NONE', *, *, #3629, .F. ) ;
#3710 = LINE ( 'NONE', #3054, #1409 ) ;
#3711 = VERTEX_POINT ( 'NONE', #3109 ) ;
#3712 = ORIENTED_EDGE ( 'NONE', *, *, #2245, .T. ) ;
#3713 = CARTESIAN_POINT ( 'NONE',  ( -10.75000000000000000, -5.099209145838152324, 3.387178386535893093 ) ) ;
#3714 = CARTESIAN_POINT ( 'NONE',  ( -10.75000000000000000, -3.399011035559303284, 5.087376496814743021 ) ) ;
#3715 = CARTESIAN_POINT ( 'NONE',  ( -0.4321219882090611697, 1.960531396210221544, -1.554454322600313798 ) ) ;
#3716 = PLANE ( 'NONE',  #2481 ) ;
#3717 = CARTESIAN_POINT ( 'NONE',  ( 4.000000000000000000, 0.0000000000000000000, 1.500000000000000000 ) ) ;
#3718 = ADVANCED_FACE ( 'NONE', ( #3459, #686 ), #1921, .F. ) ;
#3719 = ORIENTED_EDGE ( 'NONE', *, *, #3892, .F. ) ;
#3720 = MANIFOLD_SOLID_BREP ( 'Вырез-Вытянуть3', #2868 ) ;
#3721 = EDGE_CURVE ( 'NONE', #545, #2012, #3504, .T. ) ;
#3722 = ORIENTED_EDGE ( 'NONE', *, *, #1994, .F. ) ;
#3723 = DIRECTION ( 'NONE',  ( 1.000000000000000000, 0.0000000000000000000, 0.0000000000000000000 ) ) ;
#3724 = ORIENTED_EDGE ( 'NONE', *, *, #2905, .F. ) ;
#3725 = AXIS2_PLACEMENT_3D ( 'NONE', #3598, #2715, #3979 ) ;
#3726 = ADVANCED_FACE ( 'NONE', ( #1615 ), #74, .F. ) ;
#3727 = LINE ( 'NONE', #972, #3671 ) ;
#3728 = DIRECTION ( 'NONE',  ( 0.0000000000000000000, -0.3740200118118313100, -0.9274206331348670007 ) ) ;
#3729 = VECTOR ( 'NONE', #232, 1000.000000000000000 ) ;
#3730 = ORIENTED_EDGE ( 'NONE', *, *, #1496, .F. ) ;
#3731 = CARTESIAN_POINT ( 'NONE',  ( -10.75000000000000000, -4.714091639508624532, -2.053587674916041106 ) ) ;
#3732 = CARTESIAN_POINT ( 'NONE',  ( -3.750000000000000000, 1.637479633046211358, -5.885078252561577017 ) ) ;
#3733 = AXIS2_PLACEMENT_3D ( 'NONE', #197, #2596, #3308 ) ;
#3734 = EDGE_CURVE ( 'NONE', #531, #1422, #1964, .T. ) ;
#3735 = CARTESIAN_POINT ( 'NONE',  ( -10.75000000000000000, -4.805316519691918309, -3.791686883723365931 ) ) ;
#3736 = VERTEX_POINT ( 'NONE', #2474 ) ;
#3737 = DIRECTION ( 'NONE',  ( 0.0000000000000000000, 0.8477127166205130626, 0.5304556061348298934 ) ) ;
#3738 = VECTOR ( 'NONE', #2307, 1000.000000000000114 ) ;
#3739 = VECTOR ( 'NONE', #1685, 1000.000000000000114 ) ;
#3740 = VECTOR ( 'NONE', #3845, 1000.000000000000000 ) ;
#3741 = DIRECTION ( 'NONE',  ( 0.0000000000000000000, -0.7664508966033182213, 0.6423029060310794236 ) ) ;
#3742 = ORIENTED_EDGE ( 'NONE', *, *, #287, .F. ) ;
#3743 = CIRCLE ( 'NONE', #767, 2.500000000000000000 ) ;
#3744 = VECTOR ( 'NONE', #481, 999.9999999999998863 ) ;
#3745 = AXIS2_PLACEMENT_3D ( 'NONE', #1835, #2147, #976 ) ;
#3746 = LINE ( 'NONE', #67, #3277 ) ;
#3747 = DIRECTION ( 'NONE',  ( 0.7071067811865474617, 8.659560562354932858E-17, 0.7071067811865474617 ) ) ;
#3748 = VECTOR ( 'NONE', #1811, 1000.000000000000114 ) ;
#3749 = DIRECTION ( 'NONE',  ( -0.0000000000000000000, 0.2425356250363330801, 0.9701425001453318764 ) ) ;
#3750 = AXIS2_PLACEMENT_3D ( 'NONE', #3008, #2972, #1700 ) ;
#3751 = ORIENTED_EDGE ( 'NONE', *, *, #879, .F. ) ;
#3752 = LINE ( 'NONE', #2249, #2546 ) ;
#3753 = ORIENTED_EDGE ( 'NONE', *, *, #2075, .T. ) ;
#3754 =( REPRESENTATION_RELATIONSHIP ('NONE','NONE', #1626, #128 ) REPRESENTATION_RELATIONSHIP_WITH_TRANSFORMATION ( #573 )SHAPE_REPRESENTATION_RELATIONSHIP( ) );
#3755 = DIRECTION ( 'NONE',  ( 0.6666666666666668517, -0.7453559924999296760, 8.968132738029730694E-16 ) ) ;
#3756 = CARTESIAN_POINT ( 'NONE',  ( 1.518197796800462518, 7.983944750456753781, 0.5157849769458497935 ) ) ;
#3757 = ORIENTED_EDGE ( 'NONE', *, *, #1378, .T. ) ;
#3758 = CARTESIAN_POINT ( 'NONE',  ( -3.750000000000000000, 6.094874896173013035, 0.2500000000000000000 ) ) ;
#3759 = CARTESIAN_POINT ( 'NONE',  ( -3.750000000000000000, -1.114363807644300319, -5.011275984860160015 ) ) ;
#3760 = CARTESIAN_POINT ( 'NONE',  ( 1.600000000000000089, -0.1045688338576341025, 8.000000000000000000 ) ) ;
#3761 = VERTEX_POINT ( 'NONE', #346 ) ;
#3762 = CYLINDRICAL_SURFACE ( 'NONE', #37, 8.000000000000000000 ) ;
#3763 = EDGE_CURVE ( 'NONE', #3366, #2354, #3727, .T. ) ;
#3764 = DIRECTION ( 'NONE',  ( 0.0000000000000000000, 0.9274206331348670007, 0.3740200118118313100 ) ) ;
#3765 = ORIENTED_EDGE ( 'NONE', *, *, #2545, .F. ) ;
#3766 = ADVANCED_FACE ( 'NONE', ( #3128 ), #2230, .F. ) ;
#3767 = EDGE_LOOP ( 'NONE', ( #1419, #3701, #2163, #2864 ) ) ;
#3768 = CARTESIAN_POINT ( 'NONE',  ( -10.75000000000000000, -5.896910901584988096, -1.649312282069623103 ) ) ;
#3769 = DIRECTION ( 'NONE',  ( 1.000000000000000000, 0.0000000000000000000, 0.0000000000000000000 ) ) ;
#3770 = DIRECTION ( 'NONE',  ( -0.0000000000000000000, 0.8090169943749481174, -0.5877852522924721379 ) ) ;
#3771 = VERTEX_POINT ( 'NONE', #2799 ) ;
#3772 = ORIENTED_EDGE ( 'NONE', *, *, #2149, .F. ) ;
#3773 = DIRECTION ( 'NONE',  ( 0.0000000000000000000, -0.2425356250363328581, 0.9701425001453318764 ) ) ;
#3774 = DIRECTION ( 'NONE',  ( 0.0000000000000000000, 0.0000000000000000000, 1.000000000000000000 ) ) ;
#3775 = DIRECTION ( 'NONE',  ( 0.0000000000000000000, -1.000000000000000000, 0.0000000000000000000 ) ) ;
#3776 = VERTEX_POINT ( 'NONE', #2209 ) ;
#3777 = CARTESIAN_POINT ( 'NONE',  ( 3.499999999999999556, 0.0000000000000000000, 0.0000000000000000000 ) ) ;
#3778 = CARTESIAN_POINT ( 'NONE',  ( 0.9827610195708030849, -1.280005451264160321, 7.898364240498801259 ) ) ;
#3779 = ORIENTED_EDGE ( 'NONE', *, *, #1445, .F. ) ;
#3780 = CARTESIAN_POINT ( 'NONE',  ( -3.750000000000000000, -6.118540194219835193, -0.2499999999999992506 ) ) ;
#3781 = PLANE ( 'NONE',  #3534 ) ;
#3782 = VERTEX_POINT ( 'NONE', #25 ) ;
#3783 = ADVANCED_FACE ( 'NONE', ( #3443 ), #367, .F. ) ;
#3784 = EDGE_CURVE ( 'NONE', #3012, #930, #429, .T. ) ;
#3785 = LINE ( 'NONE', #356, #2424 ) ;
#3786 = DIRECTION ( 'NONE',  ( -0.0000000000000000000, 0.8090169943749481174, -0.5877852522924721379 ) ) ;
#3787 = EDGE_CURVE ( 'NONE', #2193, #2187, #3305, .T. ) ;
#3788 = CARTESIAN_POINT ( 'NONE',  ( -3.750000000000000000, 3.375345737512480682, 5.087376496814741245 ) ) ;
#3789 = DIRECTION ( 'NONE',  ( 1.000000000000000000, -0.0000000000000000000, -0.0000000000000000000 ) ) ;
#3790 = EDGE_CURVE ( 'NONE', #788, #3012, #1140, .T. ) ;
#3791 = ORIENTED_EDGE ( 'NONE', *, *, #906, .F. ) ;
#3792 = ORIENTED_EDGE ( 'NONE', *, *, #2824, .T. ) ;
#3793 = CARTESIAN_POINT ( 'NONE',  ( -10.75000000000000000, 0.2381673509765892260, 6.106707545196424114 ) ) ;
#3794 = DIRECTION ( 'NONE',  ( 0.0000000000000000000, -0.8910065241883682319, -0.4539904997395463604 ) ) ;
#3795 = CARTESIAN_POINT ( 'NONE',  ( 1.600025199347796523, 8.000005039869416024, 0.1041713466862461551 ) ) ;
#3796 = ORIENTED_EDGE ( 'NONE', *, *, #1406, .F. ) ;
#3797 = AXIS2_PLACEMENT_3D ( 'NONE', #1176, #243, #2142 ) ;
#3798 = CARTESIAN_POINT ( 'NONE',  ( -10.75000000000000000, 5.075543847791331054, 3.387178386535892205 ) ) ;
#3799 = CLOSED_SHELL ( 'NONE', ( #1481, #3650, #1470, #3357, #2869, #1923, #763, #2068, #1354, #2924, #2751, #3968, #2221, #1718, #2531, #2470, #2391, #2476, #340, #2599, #2794, #3635 ) ) ;
#3800 = VERTEX_POINT ( 'NONE', #2643 ) ;
#3801 = DIRECTION ( 'NONE',  ( 0.0000000000000000000, 0.9701425001453318764, 0.2425356250363328581 ) ) ;
#3802 = VERTEX_POINT ( 'NONE', #1183 ) ;
#3803 = DIRECTION ( 'NONE',  ( 1.000000000000000000, -0.0000000000000000000, -0.0000000000000000000 ) ) ;
#3804 =( GEOMETRIC_REPRESENTATION_CONTEXT ( 3 ) GLOBAL_UNCERTAINTY_ASSIGNED_CONTEXT ( ( #2005 ) ) GLOBAL_UNIT_ASSIGNED_CONTEXT ( ( #2229, #3190, #2552 ) ) REPRESENTATION_CONTEXT ( 'NONE', 'WORKASPACE' ) );
#3805 = ORIENTED_EDGE ( 'NONE', *, *, #2545, .T. ) ;
#3806 = VECTOR ( 'NONE', #3813, 1000.000000000000000 ) ;
#3807 = ORIENTED_EDGE ( 'NONE', *, *, #1796, .T. ) ;
#3808 =( LENGTH_UNIT ( ) NAMED_UNIT ( * ) SI_UNIT ( .MILLI., .METRE. ) );
#3809 = STYLED_ITEM ( 'NONE', ( #3983 ), #1048 ) ;
#3810 = VECTOR ( 'NONE', #3801, 1000.000000000000114 ) ;
#3811 = VECTOR ( 'NONE', #1498, 1000.000000000000114 ) ;
#3812 = DIRECTION ( 'NONE',  ( 0.0000000000000000000, -0.7664508966033178883, 0.6423029060310797567 ) ) ;
#3813 = DIRECTION ( 'NONE',  ( 1.000000000000000000, -0.0000000000000000000, -0.0000000000000000000 ) ) ;
#3814 = CARTESIAN_POINT ( 'NONE',  ( -10.75000000000000000, 2.041755025892629138, -4.702258990485212564 ) ) ;
#3815 = ADVANCED_FACE ( 'NONE', ( #1782 ), #798, .F. ) ;
#3816 = VECTOR ( 'NONE', #3755, 1000.000000000000114 ) ;
#3817 = VECTOR ( 'NONE', #2377, 1000.000000000000000 ) ;
#3818 = ORIENTED_EDGE ( 'NONE', *, *, #2023, .F. ) ;
#3819 = VECTOR ( 'NONE', #2416, 1000.000000000000000 ) ;
#3820 = VECTOR ( 'NONE', #539, 1000.000000000000000 ) ;
#3821 = COLOUR_RGB ( '',0.4823529411764705954, 0.4901960784313725283, 0.4941176470588235503 ) ;
#3822 = VERTEX_POINT ( 'NONE', #3972 ) ;
#3823 = EDGE_CURVE ( 'NONE', #4032, #810, #1763, .T. ) ;
#3824 = EDGE_CURVE ( 'NONE', #2632, #3925, #2959, .T. ) ;
#3825 = ORIENTED_EDGE ( 'NONE', *, *, #1918, .T. ) ;
#3826 = PLANE ( 'NONE',  #1281 ) ;
#3827 = FACE_OUTER_BOUND ( 'NONE', #1222, .T. ) ;
#3828 = ORIENTED_EDGE ( 'NONE', *, *, #3303, .F. ) ;
#3829 = DIRECTION ( 'NONE',  ( 1.000000000000000000, -0.0000000000000000000, -0.0000000000000000000 ) ) ;
#3830 = CARTESIAN_POINT ( 'NONE',  ( -3.750000000000000000, -4.805316519691916533, -3.791686883723365931 ) ) ;
#3831 = ORIENTED_EDGE ( 'NONE', *, *, #838, .F. ) ;
#3832 = FILL_AREA_STYLE ('',( #3472 ) ) ;
#3833 = CARTESIAN_POINT ( 'NONE',  ( -10.75000000000000000, 2.113007891193788179, -5.730569755374103735 ) ) ;
#3834 = CARTESIAN_POINT ( 'NONE',  ( 1.599743063491984030, 2.499835560895326658, -0.1123148903908434415 ) ) ;
#3835 = CARTESIAN_POINT ( 'NONE',  ( -10.75000000000000000, 2.585306236626269794, -4.425305815512913910 ) ) ;
#3836 = VERTEX_POINT ( 'NONE', #2995 ) ;
#3837 = CARTESIAN_POINT ( 'NONE',  ( 0.09999999999999245603, 2.449293598294706414E-16, -2.000000000000000000 ) ) ;
#3838 = ORIENTED_EDGE ( 'NONE', *, *, #112, .T. ) ;
#3839 = LINE ( 'NONE', #1978, #2121 ) ;
#3840 =( REPRESENTATION_RELATIONSHIP ('NONE','NONE', #1626, #3307 ) REPRESENTATION_RELATIONSHIP_WITH_TRANSFORMATION ( #2472 )SHAPE_REPRESENTATION_RELATIONSHIP( ) );
#3841 = EDGE_CURVE ( 'NONE', #2615, #3622, #2709, .T. ) ;
#3842 = EDGE_CURVE ( 'NONE', #2279, #3883, #521, .T. ) ;
#3843 = ORIENTED_EDGE ( 'NONE', *, *, #3328, .F. ) ;
#3844 = CARTESIAN_POINT ( 'NONE',  ( 1.959435122602237000E-16, 7.838367176906169576, 1.600000000000000089 ) ) ;
#3845 = DIRECTION ( 'NONE',  ( 1.000000000000000000, -0.0000000000000000000, -0.0000000000000000000 ) ) ;
#3846 = ORIENTED_EDGE ( 'NONE', *, *, #1547, .T. ) ;
#3847 = PLANE ( 'NONE',  #1850 ) ;
#3848 = DIRECTION ( 'NONE',  ( 1.000000000000000000, -0.0000000000000000000, -0.0000000000000000000 ) ) ;
#3849 = VERTEX_POINT ( 'NONE', #254 ) ;
#3850 = ADVANCED_FACE ( 'NONE', ( #1425 ), #2055, .F. ) ;
#3851 = SURFACE_STYLE_FILL_AREA ( #3832 ) ;
#3852 = CARTESIAN_POINT ( 'NONE',  ( -10.75000000000000000, -1.661144931093034627, 5.885078252561577017 ) ) ;
#3853 = LINE ( 'NONE', #3868, #235 ) ;
#3854 = DIRECTION ( 'NONE',  ( -0.0000000000000000000, -0.1564344650402304526, 0.9876883405951377704 ) ) ;
#3855 = ORIENTED_EDGE ( 'NONE', *, *, #1324, .F. ) ;
#3856 = ORIENTED_EDGE ( 'NONE', *, *, #3247, .F. ) ;
#3857 = CARTESIAN_POINT ( 'NONE',  ( 0.3900893641477324869, -0.5707149131818565202, -0.7099106358522677684 ) ) ;
#3858 = EDGE_CURVE ( 'NONE', #355, #856, #873, .T. ) ;
#3859 = EDGE_CURVE ( 'NONE', #603, #3776, #3344, .T. ) ;
#3860 = EDGE_CURVE ( 'NONE', #3907, #3836, #2058, .T. ) ;
#3861 = CARTESIAN_POINT ( 'NONE',  ( 1.959434878635765230E-16, 8.000000000000000000, 1.600000000000000089 ) ) ;
#3862 = ORIENTED_EDGE ( 'NONE', *, *, #718, .T. ) ;
#3863 = CARTESIAN_POINT ( 'NONE',  ( -10.75000000000000000, 0.2381673509765892260, 6.106707545196424114 ) ) ;
#3864 = CARTESIAN_POINT ( 'NONE',  ( 1.899999999999999911, 1.250000000000000000, 0.0000000000000000000 ) ) ;
#3865 = ORIENTED_EDGE ( 'NONE', *, *, #3903, .F. ) ;
#3866 = CARTESIAN_POINT ( 'NONE',  ( -10.75000000000000000, -6.118540194219835193, 0.2500000000000007772 ) ) ;
#3867 = CARTESIAN_POINT ( 'NONE',  ( 3.499999999999999556, 0.0000000000000000000, 0.0000000000000000000 ) ) ;
#3868 = CARTESIAN_POINT ( 'NONE',  ( -10.75000000000000000, -5.896910901584988096, 1.649312282069624436 ) ) ;
#3869 = MECHANICAL_DESIGN_GEOMETRIC_PRESENTATION_REPRESENTATION (  '', ( #748 ), #1010 ) ;
#3870 = DIRECTION ( 'NONE',  ( 1.000000000000000000, -0.0000000000000000000, -0.0000000000000000000 ) ) ;
#3871 = AXIS2_PLACEMENT_3D ( 'NONE', #3380, #8, #2718 ) ;
#3872 = VECTOR ( 'NONE', #2301, 1000.000000000000227 ) ;
#3873 = VECTOR ( 'NONE', #2444, 1000.000000000000114 ) ;
#3874 = VERTEX_POINT ( 'NONE', #2622 ) ;
#3875 = CARTESIAN_POINT ( 'NONE',  ( -10.75000000000000000, -0.5118326490234121895, -5.106707545196424114 ) ) ;
#3876 = DIRECTION ( 'NONE',  ( 0.0000000000000000000, 0.9510565162951529761, -0.3090169943749490056 ) ) ;
#3877 = ORIENTED_EDGE ( 'NONE', *, *, #1232, .F. ) ;
#3878 = VECTOR ( 'NONE', #75, 1000.000000000000114 ) ;
#3879 = DIRECTION ( 'NONE',  ( -0.0000000000000000000, -0.8910065241883681209, -0.4539904997395463049 ) ) ;
#3880 = PRODUCT_DEFINITION_CONTEXT ( 'detailed design', #70, 'design' ) ;
#3881 = VECTOR ( 'NONE', #4, 1000.000000000000114 ) ;
#3882 = VECTOR ( 'NONE', #678, 1000.000000000000114 ) ;
#3883 = VERTEX_POINT ( 'NONE', #3287 ) ;
#3884 = ORIENTED_EDGE ( 'NONE', *, *, #3300, .F. ) ;
#3885 =( NAMED_UNIT ( * ) PLANE_ANGLE_UNIT ( ) SI_UNIT ( $, .RADIAN. ) );
#3886 = LINE ( 'NONE', #3219, #2180 ) ;
#3887 = LINE ( 'NONE', #2956, #241 ) ;
#3888 = FACE_OUTER_BOUND ( 'NONE', #1177, .T. ) ;
#3889 = VERTEX_POINT ( 'NONE', #3890 ) ;
#3890 = CARTESIAN_POINT ( 'NONE',  ( -10.75000000000000000, 1.637479633046211358, -5.885078252561577017 ) ) ;
#3891 = CARTESIAN_POINT ( 'NONE',  ( -12.69999999999998153, 0.0000000000000000000, 2.000000000000000000 ) ) ;
#3892 = EDGE_CURVE ( 'NONE', #3822, #2574, #1150, .T. ) ;
#3893 = CARTESIAN_POINT ( 'NONE',  ( -1.272706971695142464, 0.9906290840543123810, 2.300963818059876154 ) ) ;
#3894 = CARTESIAN_POINT ( 'NONE',  ( -3.750000000000000000, -2.065420323939452629, 4.702258990485212564 ) ) ;
#3895 = DIRECTION ( 'NONE',  ( -0.0000000000000000000, -0.3740200118118306993, 0.9274206331348672228 ) ) ;
#3896 = EDGE_CURVE ( 'NONE', #719, #181, #31, .T. ) ;
#3897 = VERTEX_POINT ( 'NONE', #3369 ) ;
#3898 = ADVANCED_FACE ( 'NONE', ( #1501 ), #4031, .F. ) ;
#3899 = DIRECTION ( 'NONE',  ( 0.0000000000000000000, 0.0000000000000000000, 1.000000000000000000 ) ) ;
#3900 = EDGE_LOOP ( 'NONE', ( #3523, #2550, #3304, #3253 ) ) ;
#3901 = DIRECTION ( 'NONE',  ( -0.0000000000000000000, 0.9976079763756666718, 0.06912543288578512635 ) ) ;
#3902 = CARTESIAN_POINT ( 'NONE',  ( -1.055905991221181450, 2.191125087811040206, 1.206450078711332141 ) ) ;
#3903 = EDGE_CURVE ( 'NONE', #3271, #1225, #2740, .T. ) ;
#3904 = ORIENTED_EDGE ( 'NONE', *, *, #3174, .F. ) ;
#3905 = ORIENTED_EDGE ( 'NONE', *, *, #882, .T. ) ;
#3906 = LINE ( 'NONE', #517, #1589 ) ;
#3907 = VERTEX_POINT ( 'NONE', #3429 ) ;
#3908 = CARTESIAN_POINT ( 'NONE',  ( -10.75000000000000000, 4.413473166489501942, -2.597138885649683537 ) ) ;
#3909 = VERTEX_POINT ( 'NONE', #1878 ) ;
#3910 = CARTESIAN_POINT ( 'NONE',  ( -12.25000000000000000, 0.0000000000000000000, 0.0000000000000000000 ) ) ;
#3911 = DIRECTION ( 'NONE',  ( 0.0000000000000000000, -0.4472135954999579277, 0.8944271909999158554 ) ) ;
#3912 = LINE ( 'NONE', #3573, #944 ) ;
#3913 = ADVANCED_FACE ( 'NONE', ( #2463 ), #897, .F. ) ;
#3914 = FACE_OUTER_BOUND ( 'NONE', #610, .T. ) ;
#3915 = FACE_OUTER_BOUND ( 'NONE', #619, .T. ) ;
#3916 = EDGE_CURVE ( 'NONE', #298, #719, #2724, .T. ) ;
#3917 = EDGE_CURVE ( 'NONE', #3281, #2393, #1239, .T. ) ;
#3918 = ORIENTED_EDGE ( 'NONE', *, *, #1605, .F. ) ;
#3919 = CARTESIAN_POINT ( 'NONE',  ( 0.1000000000000000472, -0.7499999999999997780, 1.000000000000000000 ) ) ;
#3920 = EDGE_CURVE ( 'NONE', #1856, #3259, #3710, .T. ) ;
#3921 = EDGE_LOOP ( 'NONE', ( #1658, #115, #2894, #1950 ) ) ;
#3922 = EDGE_LOOP ( 'NONE', ( #323, #3274, #888 ) ) ;
#3923 = SURFACE_STYLE_USAGE ( .BOTH. , #854 ) ;
#3924 = DIRECTION ( 'NONE',  ( 0.0000000000000000000, -1.000000000000000000, 0.0000000000000000000 ) ) ;
#3925 = VERTEX_POINT ( 'NONE', #3673 ) ;
#3926 = LINE ( 'NONE', #3238, #2752 ) ;
#3927 = ORIENTED_EDGE ( 'NONE', *, *, #285, .F. ) ;
#3928 = DIRECTION ( 'NONE',  ( 0.0000000000000000000, 0.3740200118118316985, 0.9274206331348668897 ) ) ;
#3929 = LINE ( 'NONE', #1729, #246 ) ;
#3930 = CARTESIAN_POINT ( 'NONE',  ( -3.750000000000000000, -0.5118326490234121895, -5.106707545196424114 ) ) ;
#3931 = LINE ( 'NONE', #1188, #1078 ) ;
#3932 = EDGE_LOOP ( 'NONE', ( #3458, #514, #1122, #1833 ) ) ;
#3933 = VECTOR ( 'NONE', #801, 999.9999999999998863 ) ;
#3934 = EDGE_CURVE ( 'NONE', #2970, #2849, #286, .T. ) ;
#3935 = FACE_OUTER_BOUND ( 'NONE', #2202, .T. ) ;
#3936 = CARTESIAN_POINT ( 'NONE',  ( -10.75000000000000000, 0.4881673509765878660, -5.106707545196424114 ) ) ;
#3937 = AXIS2_PLACEMENT_3D ( 'NONE', #3333, #1852, #3315 ) ;
#3938 = ORIENTED_EDGE ( 'NONE', *, *, #1209, .F. ) ;
#3939 = VECTOR ( 'NONE', #3561, 1000.000000000000114 ) ;
#3940 = EDGE_CURVE ( 'NONE', #3379, #810, #1516, .T. ) ;
#3941 = AXIS2_PLACEMENT_3D ( 'NONE', #1438, #1720, #2047 ) ;
#3942 = VERTEX_POINT ( 'NONE', #2447 ) ;
#3943 = ADVANCED_FACE ( 'NONE', ( #3694 ), #271, .F. ) ;
#3944 = VECTOR ( 'NONE', #1190, 1000.000000000000227 ) ;
#3945 = SHAPE_DEFINITION_REPRESENTATION ( #1026, #1626 ) ;
#3946 = AXIS2_PLACEMENT_3D ( 'NONE', #2145, #3611, #2707 ) ;
#3947 = AXIS2_PLACEMENT_3D ( 'NONE', #1356, #3192, #1656 ) ;
#3948 = CARTESIAN_POINT ( 'NONE',  ( -3.750000000000000000, 2.113007891193789956, 5.730569755374102847 ) ) ;
#3949 = ORIENTED_EDGE ( 'NONE', *, *, #1005, .T. ) ;
#3950 = LINE ( 'NONE', #3988, #1274 ) ;
#3951 = AXIS2_PLACEMENT_3D ( 'NONE', #3186, #1107, #2898 ) ;
#3952 =( GEOMETRIC_REPRESENTATION_CONTEXT ( 3 ) GLOBAL_UNCERTAINTY_ASSIGNED_CONTEXT ( ( #472 ) ) GLOBAL_UNIT_ASSIGNED_CONTEXT ( ( #1178, #3885, #2929 ) ) REPRESENTATION_CONTEXT ( 'NONE', 'WORKASPACE' ) );
#3953 = ORIENTED_EDGE ( 'NONE', *, *, #1273, .T. ) ;
#3954 = CARTESIAN_POINT ( 'NONE',  ( -0.9772836397025871369, -1.270922658129503668, 2.153888568403087955 ) ) ;
#3955 = DIRECTION ( 'NONE',  ( -1.000000000000000000, -0.0000000000000000000, -0.0000000000000000000 ) ) ;
#3956 = DIRECTION ( 'NONE',  ( 0.0000000000000000000, -0.5304556061348298934, 0.8477127166205130626 ) ) ;
#3957 = CARTESIAN_POINT ( 'NONE',  ( -0.2096945123835919078, 7.840502332898799942, -1.589640190058429603 ) ) ;
#3958 = CARTESIAN_POINT ( 'NONE',  ( -10.75000000000000000, -2.608971534673093284, 4.425305815512913910 ) ) ;
#3959 = DIRECTION ( 'NONE',  ( 1.000000000000000000, -0.0000000000000000000, -0.0000000000000000000 ) ) ;
#3960 = CARTESIAN_POINT ( 'NONE',  ( -10.75000000000000000, -1.114363807644298765, 5.011275984860160015 ) ) ;
#3961 = ORIENTED_EDGE ( 'NONE', *, *, #2252, .F. ) ;
#3962 = VERTEX_POINT ( 'NONE', #3758 ) ;
#3963 = LINE ( 'NONE', #4003, #2164 ) ;
#3964 = EDGE_LOOP ( 'NONE', ( #2708, #3406, #3855, #485 ) ) ;
#3965 = EDGE_CURVE ( 'NONE', #1065, #1543, #310, .T. ) ;
#3966 = FACE_OUTER_BOUND ( 'NONE', #466, .T. ) ;
#3967 = ORIENTED_EDGE ( 'NONE', *, *, #361, .T. ) ;
#3968 = ADVANCED_FACE ( 'NONE', ( #3445 ), #1537, .F. ) ;
#3969 = CARTESIAN_POINT ( 'NONE',  ( -10.75000000000000000, 6.094874896173013035, -0.2500000000000000000 ) ) ;
#3970 = ORIENTED_EDGE ( 'NONE', *, *, #2044, .T. ) ;
#3971 =( REPRESENTATION_RELATIONSHIP ('NONE','NONE', #1626, #128 ) REPRESENTATION_RELATIONSHIP_WITH_TRANSFORMATION ( #3984 )SHAPE_REPRESENTATION_RELATIONSHIP( ) );
#3972 = CARTESIAN_POINT ( 'NONE',  ( 1.600000000000000089, 3.061547490153252678E-16, 2.500000000000000000 ) ) ;
#3973 = CARTESIAN_POINT ( 'NONE',  ( -3.750000000000000000, 3.825687914197029027, 3.406155880024629656 ) ) ;
#3974 = FILL_AREA_STYLE ('',( #330 ) ) ;
#3975 = LINE ( 'NONE', #3713, #1980 ) ;
#3976 = DIRECTION ( 'NONE',  ( 0.6479361632942990390, -0.4004465714560777601, -0.6479361632942987059 ) ) ;
#3977 = CARTESIAN_POINT ( 'NONE',  ( -10.75000000000000000, 3.375345737512480682, 5.087376496814742133 ) ) ;
#3978 = ADVANCED_FACE ( 'NONE', ( #1255 ), #2478, .F. ) ;
#3979 = DIRECTION ( 'NONE',  ( 0.0000000000000000000, 0.06912543288578525125, 0.9976079763756667829 ) ) ;
#3980 = CARTESIAN_POINT ( 'NONE',  ( -10.75000000000000000, -4.437138464536324101, 2.597138885649683093 ) ) ;
#3981 = ORIENTED_EDGE ( 'NONE', *, *, #2363, .F. ) ;
#3982 = EDGE_LOOP ( 'NONE', ( #4024, #3199, #4015, #3905 ) ) ;
#3983 = PRESENTATION_STYLE_ASSIGNMENT (( #2030 ) ) ;
#3984 = ITEM_DEFINED_TRANSFORMATION ( 'NONE', 'NONE', #1160,  #834 ) ;
#3985 = ADVANCED_FACE ( 'NONE', ( #412 ), #3826, .F. ) ;
#3986 = FACE_OUTER_BOUND ( 'NONE', #1581, .T. ) ;
#3987 = EDGE_LOOP ( 'NONE', ( #3191, #1297, #2512, #740 ) ) ;
#3988 = CARTESIAN_POINT ( 'NONE',  ( -3.750000000000000000, 4.413473166489501942, -2.597138885649683537 ) ) ;
#3989 = EDGE_CURVE ( 'NONE', #3782, #2417, #373, .T. ) ;
#3990 = ORIENTED_EDGE ( 'NONE', *, *, #3734, .T. ) ;
#3991 = DIRECTION ( 'NONE',  ( 1.000000000000000000, -0.0000000000000000000, -0.0000000000000000000 ) ) ;
#3992 = VERTEX_POINT ( 'NONE', #3548 ) ;
#3993 = CARTESIAN_POINT ( 'NONE',  ( -0.9838471455938511134, -1.278820484700084137, 7.898526319087666892 ) ) ;
#3994 = CARTESIAN_POINT ( 'NONE',  ( -10.75000000000000000, 5.075543847791331054, 3.387178386535892205 ) ) ;
#3995 = FACE_OUTER_BOUND ( 'NONE', #3491, .T. ) ;
#3996 = CARTESIAN_POINT ( 'NONE',  ( -0.5159456415705044874, 1.518138169468083998, 7.854738528276474341 ) ) ;
#3997 = ADVANCED_FACE ( 'NONE', ( #1637 ), #3521, .F. ) ;
#3998 = DIRECTION ( 'NONE',  ( -0.0000000000000000000, -0.9976079763756667829, -0.06912543288578471001 ) ) ;
#3999 = DIRECTION ( 'NONE',  ( 0.0000000000000000000, -0.9976079763756666718, 0.06912543288578525125 ) ) ;
#4000 = VECTOR ( 'NONE', #3747, 1000.000000000000114 ) ;
#4001 = VECTOR ( 'NONE', #1291, 1000.000000000000114 ) ;
#4002 = ORIENTED_EDGE ( 'NONE', *, *, #3202, .F. ) ;
#4003 = CARTESIAN_POINT ( 'NONE',  ( -10.75000000000000000, 1.090698509597477273, 5.011275984860160015 ) ) ;
#4004 = VECTOR ( 'NONE', #2597, 1000.000000000000000 ) ;
#4005 = VECTOR ( 'NONE', #2197, 1000.000000000000000 ) ;
#4006 = VECTOR ( 'NONE', #1332, 1000.000000000000114 ) ;
#4007 = DIRECTION ( 'NONE',  ( 1.000000000000000000, -0.0000000000000000000, -0.0000000000000000000 ) ) ;
#4008 = CARTESIAN_POINT ( 'NONE',  ( -10.75000000000000000, 3.375345737512479349, -5.087376496814743021 ) ) ;
#4009 = ORIENTED_EDGE ( 'NONE', *, *, #3505, .F. ) ;
#4010 = VECTOR ( 'NONE', #2844, 1000.000000000000000 ) ;
#4011 = CARTESIAN_POINT ( 'NONE',  ( -1.600000000000000089, -1.066322210202585728E-17, 2.500000000000000000 ) ) ;
#4012 = CARTESIAN_POINT ( 'NONE',  ( -10.75000000000000000, 6.094874896173013035, -0.2500000000000000000 ) ) ;
#4013 = VECTOR ( 'NONE', #3999, 1000.000000000000114 ) ;
#4014 = VECTOR ( 'NONE', #1954, 1000.000000000000114 ) ;
#4015 = ORIENTED_EDGE ( 'NONE', *, *, #2192, .F. ) ;
#4016 = CARTESIAN_POINT ( 'NONE',  ( -1.387802361903792914, 7.960069933031239664, 0.8030689726251204474 ) ) ;
#4017 = CARTESIAN_POINT ( 'NONE',  ( -10.75000000000000000, 3.779854234699954851, 4.793483870668506341 ) ) ;
#4018 = CARTESIAN_POINT ( 'NONE',  ( -3.750000000000000000, -4.714091639508624532, 2.053587674916042438 ) ) ;
#4019 = EDGE_CURVE ( 'NONE', #2793, #1564, #453, .T. ) ;
#4020 = PRODUCT_RELATED_PRODUCT_CATEGORY ( 'part', '', ( #1636 ) ) ;
#4021 = DIRECTION ( 'NONE',  ( 0.0000000000000000000, -0.9274206331348672228, -0.3740200118118306993 ) ) ;
#4022 = DIRECTION ( 'NONE',  ( 1.000000000000000000, -0.0000000000000000000, -0.0000000000000000000 ) ) ;
#4023 = ORIENTED_EDGE ( 'NONE', *, *, #237, .T. ) ;
#4024 = ORIENTED_EDGE ( 'NONE', *, *, #2557, .T. ) ;
#4025 = DIRECTION ( 'NONE',  ( 0.0000000000000000000, -0.8090169943749482284, 0.5877852522924721379 ) ) ;
#4026 = EDGE_CURVE ( 'NONE', #2181, #2955, #1928, .T. ) ;
#4027 = CARTESIAN_POINT ( 'NONE',  ( -10.75000000000000000, 5.873245603538165938, 1.649312282069624214 ) ) ;
#4028 = ORIENTED_EDGE ( 'NONE', *, *, #1592, .T. ) ;
#4029 = DIRECTION ( 'NONE',  ( 0.0000000000000000000, 0.0000000000000000000, 1.000000000000000000 ) ) ;
#4030 = ORIENTED_EDGE ( 'NONE', *, *, #3255, .F. ) ;
#4031 = PLANE ( 'NONE',  #3085 ) ;
#4032 = VERTEX_POINT ( 'NONE', #746 ) ;
#4033 = CARTESIAN_POINT ( 'NONE',  ( 0.1040254057052049791, -1.600040954384701397, 7.838358817128072253 ) ) ;
#4034 = VERTEX_POINT ( 'NONE', #3844 ) ;
#4035 = NEXT_ASSEMBLY_USAGE_OCCURRENCE ( 'NAUO1', ' ', ' ', #2798, #418, $ ) ;
#4036 = NEXT_ASSEMBLY_USAGE_OCCURRENCE ( 'NAUO2', ' ', ' ', #2798, #1080, $ ) ;
#4037 = NEXT_ASSEMBLY_USAGE_OCCURRENCE ( 'NAUO3', ' ', ' ', #2798, #1080, $ ) ;
ENDSEC;
END-ISO-10303-21;
