ISO-10303-21;
HEADER;
FILE_DESCRIPTION (( 'STEP AP214' ),
    '1' );
FILE_NAME ('SNSD.30.52.33  Внутренний угловой соединитель 6-A(H19).STEP',
    '2015-01-13T13:38:50',
    ( 'XTreme.ws' ),
    ( 'XTreme.ws' ),
    'SwSTEP 2.0',
    'SolidWorks 2014',
    '' );
FILE_SCHEMA (( 'AUTOMOTIVE_DESIGN' ));
ENDSEC;

DATA;
#1 = CARTESIAN_POINT ( 'NONE',  ( 12.59224805835839000, 4.800000000000000700, -2.503308755944033200 ) ) ;
#2 = VERTEX_POINT ( 'NONE', #174 ) ;
#3 = CARTESIAN_POINT ( 'NONE',  ( 11.29629930779137600, 0.4392261681573888000, 1.669725586757681700 ) ) ;
#4 =( LENGTH_UNIT ( ) NAMED_UNIT ( * ) SI_UNIT ( .MILLI., .METRE. ) );
#5 = CARTESIAN_POINT ( 'NONE',  ( 13.51971382873862200, 0.4777355305285203600, -1.887548922811611400 ) ) ;
#6 = VECTOR ( 'NONE', #553, 1000.000000000000000 ) ;
#7 = AXIS2_PLACEMENT_3D ( 'NONE', #999, #852, #1069 ) ;
#8 = VECTOR ( 'NONE', #1219, 1000.000000000000000 ) ;
#9 = AXIS2_PLACEMENT_3D ( 'NONE', #824, #1365, #1697 ) ;
#10 = CARTESIAN_POINT ( 'NONE',  ( 12.75777618871610600, 4.800000000000000700, 2.519549815588657100 ) ) ;
#11 = CARTESIAN_POINT ( 'NONE',  ( 14.82094570352552100, 4.371335705673956800, -0.9306182433907339600 ) ) ;
#12 = CARTESIAN_POINT ( 'NONE',  ( 12.21436552810970800, 0.4551298163949762900, 2.067610827350544200 ) ) ;
#13 = CARTESIAN_POINT ( 'NONE',  ( 13.87194684678068800, 0.4838361783398336700, 1.669725586757681500 ) ) ;
#14 = CARTESIAN_POINT ( 'NONE',  ( 10.99355663499119700, 0.4339826891829419700, -1.387735632797051800 ) ) ;
#15 = ORIENTED_EDGE ( 'NONE', *, *, #1709, .T. ) ;
#16 = CARTESIAN_POINT ( 'NONE',  ( 11.70846812566861800, 0.4463648303688136900, 1.912243199256263000 ) ) ;
#17 = CARTESIAN_POINT ( 'NONE',  ( 10.52331150316588200, 4.799999999999997200, -0.8118375507377189000 ) ) ;
#18 = ORIENTED_EDGE ( 'NONE', *, *, #1517, .T. ) ;
#19 = CARTESIAN_POINT ( 'NONE',  ( 14.58751588810313600, 0.4962297771286503500, -0.6766521725426417600 ) ) ;
#20 = DIRECTION ( 'NONE',  ( 1.000000000000000000, 0.0000000000000000000, 0.0000000000000000000 ) ) ;
#21 = ORIENTED_EDGE ( 'NONE', *, *, #1494, .T. ) ;
#22 = CARTESIAN_POINT ( 'NONE',  ( 11.10380326395015500, 0.4358921828004560000, 1.497396316713944800 ) ) ;
#23 = PRODUCT ( 'SNSD.30.52.33  Внутренний угловой соединитель 6-A(H19)', 'SNSD.30.52.33  Внутренний угловой соединитель 6-A(H19)', '', ( #692 ) ) ;
#24 = EDGE_CURVE ( 'NONE', #2205, #904, #1856, .T. ) ;
#25 = CARTESIAN_POINT ( 'NONE',  ( 18.60000000000000100, 0.0000000000000000000, 4.500000000000000900 ) ) ;
#26 = CARTESIAN_POINT ( 'NONE',  ( 13.65966101952421000, 0.4801574302727598100, -1.807599170040434800 ) ) ;
#27 = ORIENTED_EDGE ( 'NONE', *, *, #2152, .T. ) ;
#28 = FACE_OUTER_BOUND ( 'NONE', #905, .T. ) ;
#29 = CARTESIAN_POINT ( 'NONE',  ( 10.47290229259424700, 0.4249649974513417000, 2.505606583150913700E-016 ) ) ;
#30 = CIRCLE ( 'NONE', #369, 1.000000000000000000 ) ;
#31 = EDGE_LOOP ( 'NONE', ( #405, #1653, #967, #215, #2200, #1250 ) ) ;
#32 = DIRECTION ( 'NONE',  ( 0.0000000000000000000, 1.000000000000000000, 0.0000000000000000000 ) ) ;
#33 = LINE ( 'NONE', #2153, #1401 ) ;
#34 = CARTESIAN_POINT ( 'NONE',  ( 15.02092299187675400, 4.374799296376710200, 0.2748852048468136700 ) ) ;
#35 = DIRECTION ( 'NONE',  ( 0.0000000000000000000, 0.0000000000000000000, -1.000000000000000000 ) ) ;
#36 = EDGE_CURVE ( 'NONE', #767, #202, #964, .T. ) ;
#37 = DIRECTION ( 'NONE',  ( -0.0000000000000000000, 0.0000000000000000000, 1.000000000000000000 ) ) ;
#38 = ORIENTED_EDGE ( 'NONE', *, *, #1378, .F. ) ;
#39 = CARTESIAN_POINT ( 'NONE',  ( 18.49999999999999600, 4.799999999999999800, 3.000000000000000000 ) ) ;
#40 = ORIENTED_EDGE ( 'NONE', *, *, #2118, .F. ) ;
#41 = VERTEX_POINT ( 'NONE', #440 ) ;
#42 = CARTESIAN_POINT ( 'NONE',  ( 14.60195848711260600, 4.367542864531633200, -1.280979201963561700 ) ) ;
#43 = DIRECTION ( 'NONE',  ( 3.011672701348623400E-017, -1.000000000000000000, 0.0000000000000000000 ) ) ;
#44 = CARTESIAN_POINT ( 'NONE',  ( 1.499999999999999800, 13.50000000000000200, 4.500000000000000900 ) ) ;
#45 = CARTESIAN_POINT ( 'NONE',  ( 15.45248525773088100, 4.799999999999998900, -4.336808689942017700E-016 ) ) ;
#46 = CARTESIAN_POINT ( 'NONE',  ( 14.35821068164244000, 0.4922581606063375400, 1.138901859377494000 ) ) ;
#47 = CARTESIAN_POINT ( 'NONE',  ( 1.500000000000000000, 6.300000000000001600, -4.500000000000000900 ) ) ;
#48 = CARTESIAN_POINT ( 'NONE',  ( 13.60357885244445900, 4.350251008796597300, -1.992745113735793900 ) ) ;
#49 = CARTESIAN_POINT ( 'NONE',  ( 10.05494899071946200, -1.229868983210084500E-015, -4.743384504624081900E-017 ) ) ;
#50 = PLANE ( 'NONE',  #1062 ) ;
#51 = DIRECTION ( 'NONE',  ( 0.7071067811865459100, -0.7071067811865491300, -0.0000000000000000000 ) ) ;
#52 = VERTEX_POINT ( 'NONE', #1677 ) ;
#53 = CIRCLE ( 'NONE', #300, 2.100000000000000500 ) ;
#54 = FACE_OUTER_BOUND ( 'NONE', #1077, .T. ) ;
#55 = CARTESIAN_POINT ( 'NONE',  ( 11.35243946779297500, 0.4401991430317894200, -1.705682088096343700 ) ) ;
#56 = EDGE_CURVE ( 'NONE', #1496, #2260, #2158, .T. ) ;
#57 = CARTESIAN_POINT ( 'NONE',  ( 11.63548740166965900, 4.316163821660158100, 1.669725586757682600 ) ) ;
#58 = VECTOR ( 'NONE', #1115, 1000.000000000000000 ) ;
#59 = CARTESIAN_POINT ( 'NONE',  ( 14.60563867025027600, -1.761844741731943300E-015, 1.549459225669734400 ) ) ;
#60 = CARTESIAN_POINT ( 'NONE',  ( 10.67867602125879000, -1.392706048158438000E-015, 1.664985265571235800 ) ) ;
#61 = EDGE_CURVE ( 'NONE', #1166, #519, #1284, .T. ) ;
#62 = CARTESIAN_POINT ( 'NONE',  ( 14.76984990967423000, 4.370449589328074100, -1.018637678987826600 ) ) ;
#63 = CARTESIAN_POINT ( 'NONE',  ( 13.19966515111189100, 4.343255255667915400, -2.086463365382514600 ) ) ;
#64 = CARTESIAN_POINT ( 'NONE',  ( 0.5000000000000117700, 9.399999999999996800, 0.0000000000000000000 ) ) ;
#65 = EDGE_CURVE ( 'NONE', #169, #1574, #810, .T. ) ;
#66 = VERTEX_POINT ( 'NONE', #646 ) ;
#67 = DIRECTION ( 'NONE',  ( 0.0000000000000000000, -0.0000000000000000000, -1.000000000000000000 ) ) ;
#68 = CARTESIAN_POINT ( 'NONE',  ( 13.70493047998143500, -1.673442483602969700E-015, 2.264654066849449300 ) ) ;
#69 = CARTESIAN_POINT ( 'NONE',  ( 12.64695719121671400, 4.333682397834844700, -2.086463365382512900 ) ) ;
#70 = CARTESIAN_POINT ( 'NONE',  ( 10.88228637558958800, 4.303130322342812300, 0.5414440452506491500 ) ) ;
#71 = CARTESIAN_POINT ( 'NONE',  ( 12.95388062652717800, 0.4679325301033601700, -2.067610827338895300 ) ) ;
#72 =( NAMED_UNIT ( * ) SI_UNIT ( $, .STERADIAN. ) SOLID_ANGLE_UNIT ( ) );
#73 = CARTESIAN_POINT ( 'NONE',  ( 15.09699406599963300, -1.957959937921312800E-015, -0.3298033177058240500 ) ) ;
#74 = DIRECTION ( 'NONE',  ( -1.000000000000000000, 1.206277097160143600E-016, 0.0000000000000000000 ) ) ;
#75 = VERTEX_POINT ( 'NONE', #654 ) ;
#76 = EDGE_CURVE ( 'NONE', #976, #325, #285, .T. ) ;
#77 = CARTESIAN_POINT ( 'NONE',  ( 11.38127354412248100, 4.311761355177988100, 1.434446242283528900 ) ) ;
#78 = ADVANCED_FACE ( 'NONE', ( #28 ), #1020, .F. ) ;
#79 = CARTESIAN_POINT ( 'NONE',  ( 11.83311905281459000, 0.4485237854763023400, -1.963600887462275700 ) ) ;
#80 = CARTESIAN_POINT ( 'NONE',  ( 13.25292028903454500, 4.800000000000000700, -2.519621106949934600 ) ) ;
#81 = VERTEX_POINT ( 'NONE', #1360 ) ;
#82 = CARTESIAN_POINT ( 'NONE',  ( 12.91518619009193900, -1.639398447178252500E-015, -2.503308755944026600 ) ) ;
#83 = FACE_OUTER_BOUND ( 'NONE', #1153, .T. ) ;
#84 = VECTOR ( 'NONE', #1557, 1000.000000000000000 ) ;
#85 = LINE ( 'NONE', #274, #2281 ) ;
#86 = CARTESIAN_POINT ( 'NONE',  ( 15.11820887714129700, 4.799999999999997200, 1.262673321978660600 ) ) ;
#87 = CARTESIAN_POINT ( 'NONE',  ( 11.99981871926510900, 4.322476062759713900, 1.889022886741545500 ) ) ;
#88 = CARTESIAN_POINT ( 'NONE',  ( 12.89098933980947600, 0.4668353944546839700, -2.077895992851324500 ) ) ;
#89 = CARTESIAN_POINT ( 'NONE',  ( 20.00000000000000000, 1.499999999999998700, -4.500000000000000900 ) ) ;
#90 = CARTESIAN_POINT ( 'NONE',  ( 10.31081839981089000, -1.317168653824950600E-015, -1.116542392150875000 ) ) ;
#91 = CARTESIAN_POINT ( 'NONE',  ( 12.73921308925641500, 4.335280262646256800, 2.099999999999999600 ) ) ;
#92 = ADVANCED_FACE ( 'NONE', ( #1843 ), #702, .F. ) ;
#93 = EDGE_LOOP ( 'NONE', ( #222, #1293, #2079, #1628, #2276 ) ) ;
#94 = CARTESIAN_POINT ( 'NONE',  ( 11.80250376846889900, 4.800000000000000700, 2.264654066849456400 ) ) ;
#95 = CARTESIAN_POINT ( 'NONE',  ( 12.50860605699702600, 4.331286168592605200, 2.059089876589729000 ) ) ;
#96 = ORIENTED_EDGE ( 'NONE', *, *, #903, .F. ) ;
#97 = EDGE_LOOP ( 'NONE', ( #1119, #1688, #1484, #439, #938 ) ) ;
#98 = CARTESIAN_POINT ( 'NONE',  ( 10.05494899071946200, -1.229868983210084500E-015, -4.743384504624081900E-017 ) ) ;
#99 = CARTESIAN_POINT ( 'NONE',  ( 10.90547576133772800, 0.4324571354683599000, 1.280979201963561500 ) ) ;
#100 = CARTESIAN_POINT ( 'NONE',  ( 13.57984351771101200, 4.349835247559482800, 1.996175096441493000 ) ) ;
#101 = CARTESIAN_POINT ( 'NONE',  ( 0.0000000000000000000, 0.0000000000000000000, 3.000000000000000000 ) ) ;
#102 = AXIS2_PLACEMENT_3D ( 'NONE', #1030, #1181, #652 ) ;
#103 = CARTESIAN_POINT ( 'NONE',  ( 13.85881904513979600, 0.4836073780087977200, 1.674673703176708500 ) ) ;
#104 = CARTESIAN_POINT ( 'NONE',  ( 13.57908283232464100, 4.799999999999997200, 2.438965988800022800 ) ) ;
#105 = DIRECTION ( 'NONE',  ( -1.000000000000000000, -0.0000000000000000000, -0.0000000000000000000 ) ) ;
#106 = CARTESIAN_POINT ( 'NONE',  ( 13.26439075856618100, 0.4733133552938312300, 1.992745113735793400 ) ) ;
#107 = DIRECTION ( 'NONE',  ( 0.0000000000000000000, -0.0000000000000000000, 1.000000000000000000 ) ) ;
#108 = B_SPLINE_CURVE_WITH_KNOTS ( 'NONE', 3,
 ( #49, #1296, #228, #1461, #407, #1627, #583, #1806, #770, #1988, #944, #2177, #1121, #59, #1302, #234, #1468, #412 ),
 .UNSPECIFIED., .F., .F.,
 ( 4, 2, 2, 2, 2, 2, 2, 2, 4 ),
 ( 0.0000000000000000000, 0.06249999999999995800, 0.1249999999999999200, 0.1874999999999999200, 0.2499999999999999400, 0.3124999999999999400, 0.3749999999999999400, 0.4375000000000000000, 0.5000000000000000000 ),
 .UNSPECIFIED. ) ;
#109 = CARTESIAN_POINT ( 'NONE',  ( 14.15596688267773800, 4.359818423457953800, 1.706391794323119700 ) ) ;
#110 = SHAPE_DEFINITION_REPRESENTATION ( #1144, #1696 ) ;
#111 = ORIENTED_EDGE ( 'NONE', *, *, #539, .T. ) ;
#112 = CARTESIAN_POINT ( 'NONE',  ( 0.0000000000000000000, 13.50000000000000000, -3.000000000000000000 ) ) ;
#113 = CARTESIAN_POINT ( 'NONE',  ( 10.39413708459773200, 4.799999999999997200, 0.1649050718693138900 ) ) ;
#114 = LINE ( 'NONE', #2063, #1422 ) ;
#115 = FACE_OUTER_BOUND ( 'NONE', #1013, .T. ) ;
#116 = DIRECTION ( 'NONE',  ( 0.0000000000000000000, 0.0000000000000000000, -1.000000000000000000 ) ) ;
#117 = CARTESIAN_POINT ( 'NONE',  ( 14.69534386197782200, 0.4980973490458810400, -0.1374454471134526100 ) ) ;
#118 = VECTOR ( 'NONE', #1690, 1000.000000000000000 ) ;
#119 = PRODUCT_DEFINITION_FORMATION_WITH_SPECIFIED_SOURCE ( 'ANY', '', #23, .NOT_KNOWN. ) ;
#120 = CARTESIAN_POINT ( 'NONE',  ( 6.500000000000000900, 3.299999999999996700, 4.500000000000000900 ) ) ;
#121 = CARTESIAN_POINT ( 'NONE',  ( 14.12616070428844700, 0.4882386448213936700, 1.434446242325301700 ) ) ;
#122 = CARTESIAN_POINT ( 'NONE',  ( 14.71777383669253100, 4.369548920644190200, 1.108570520570499200 ) ) ;
#123 = ADVANCED_FACE ( 'NONE', ( #1168 ), #2043, .F. ) ;
#124 = CARTESIAN_POINT ( 'NONE',  ( 20.00000000000000000, 3.299999999999998000, 3.099999999999999200 ) ) ;
#125 = DIRECTION ( 'NONE',  ( -0.0000000000000000000, -0.0000000000000000000, 1.000000000000000000 ) ) ;
#126 = CARTESIAN_POINT ( 'NONE',  ( 6.500000000000000900, 3.299999999999996700, -3.000000000000000000 ) ) ;
#127 = ORIENTED_EDGE ( 'NONE', *, *, #1749, .F. ) ;
#128 = DIRECTION ( 'NONE',  ( -0.0000000000000000000, -0.0000000000000000000, -1.000000000000000000 ) ) ;
#129 = CARTESIAN_POINT ( 'NONE',  ( 13.13152658280377400, 0.4710121583544519300, -2.032834812311053300 ) ) ;
#130 = ORIENTED_EDGE ( 'NONE', *, *, #779, .F. ) ;
#131 = CARTESIAN_POINT ( 'NONE',  ( 0.0000000000000000000, 0.0000000000000000000, 3.000000000000000000 ) ) ;
#132 = DIRECTION ( 'NONE',  ( 0.0000000000000000000, 0.0000000000000000000, 1.000000000000000000 ) ) ;
#133 = DIRECTION ( 'NONE',  ( -1.807003620809173900E-016, 1.000000000000000000, 0.0000000000000000000 ) ) ;
#134 = ORIENTED_EDGE ( 'NONE', *, *, #1790, .F. ) ;
#135 = DIRECTION ( 'NONE',  ( -1.000000000000000000, -1.284980352575412700E-016, 0.0000000000000000000 ) ) ;
#136 = DIRECTION ( 'NONE',  ( -0.0000000000000000000, -0.0000000000000000000, -1.000000000000000000 ) ) ;
#137 = CARTESIAN_POINT ( 'NONE',  ( 10.75193853856882600, 0.4297978830017772400, -1.052415776718768700 ) ) ;
#138 = CARTESIAN_POINT ( 'NONE',  ( 0.0000000000000000000, 9.399999999999996800, 0.0000000000000000000 ) ) ;
#139 = ORIENTED_EDGE ( 'NONE', *, *, #1971, .T. ) ;
#140 = CARTESIAN_POINT ( 'NONE',  ( 10.05494899071946200, -1.246832498358330100E-015, 1.355252715606880500E-017 ) ) ;
#141 = DIRECTION ( 'NONE',  ( 0.0000000000000000000, 0.0000000000000000000, 1.000000000000000000 ) ) ;
#142 = EDGE_CURVE ( 'NONE', #75, #1156, #2101, .T. ) ;
#143 = LINE ( 'NONE', #1387, #392 ) ;
#144 = CARTESIAN_POINT ( 'NONE',  ( 14.79470541767818000, -1.784651430457628100E-015, -1.267577584020020700 ) ) ;
#145 = B_SPLINE_CURVE_WITH_KNOTS ( 'NONE', 1,
 ( #45, #928 ),
 .UNSPECIFIED., .F., .F.,
 ( 2, 2 ),
 ( 0.0000000000000000000, 1.000000000000000000 ),
 .UNSPECIFIED. ) ;
#146 = VERTEX_POINT ( 'NONE', #2066 ) ;
#147 = DIRECTION ( 'NONE',  ( -0.0000000000000000000, -0.0000000000000000000, -1.000000000000000000 ) ) ;
#148 = PRESENTATION_STYLE_ASSIGNMENT (( #1804 ) ) ;
#149 = COLOUR_RGB ( '',1.000000000000000000, 1.000000000000000000, 1.000000000000000000 ) ;
#150 = CARTESIAN_POINT ( 'NONE',  ( 11.76918443898916600, -1.456602049105868200E-015, 2.390866944680432900 ) ) ;
#151 = FACE_OUTER_BOUND ( 'NONE', #752, .T. ) ;
#152 = LINE ( 'NONE', #1617, #562 ) ;
#153 = EDGE_CURVE ( 'NONE', #578, #2052, #224, .T. ) ;
#154 = PRODUCT_DEFINITION_SHAPE ( 'NONE', 'NONE',  #200 ) ;
#155 = CARTESIAN_POINT ( 'NONE',  ( 11.38054002686320800, 4.800000000000000700, 2.003312759142104500 ) ) ;
#156 = CARTESIAN_POINT ( 'NONE',  ( 15.38616540868894200, 4.800000000000001600, -0.6608569229176574100 ) ) ;
#157 = CARTESIAN_POINT ( 'NONE',  ( 4.800000000000000700, 4.799999999999999800, -3.000000000000000000 ) ) ;
#158 = CARTESIAN_POINT ( 'NONE',  ( 14.59508816571535000, -1.834500063049447700E-015, 1.536900434323505500 ) ) ;
#159 = ORIENTED_EDGE ( 'NONE', *, *, #1606, .T. ) ;
#160 = CARTESIAN_POINT ( 'NONE',  ( 15.32331083916273300, 4.799999999999997200, 0.8118375507377129100 ) ) ;
#161 = VERTEX_POINT ( 'NONE', #1525 ) ;
#162 = CARTESIAN_POINT ( 'NONE',  ( 11.89209883052991200, 4.320611050173279300, -1.832772447496919600 ) ) ;
#163 = CARTESIAN_POINT ( 'NONE',  ( 10.81209038647251800, 4.301902650954109400, -0.1374454471134529100 ) ) ;
#164 = DIRECTION ( 'NONE',  ( 0.0000000000000000000, 0.0000000000000000000, 1.000000000000000000 ) ) ;
#165 = PLANE ( 'NONE',  #237 ) ;
#166 = CARTESIAN_POINT ( 'NONE',  ( 20.00000000000000000, -2.412554194320286800E-015, 3.000000000000000000 ) ) ;
#167 = CARTESIAN_POINT ( 'NONE',  ( 14.16199425125480400, 0.4888586858051233200, 1.396009854985125400 ) ) ;
#168 = CARTESIAN_POINT ( 'NONE',  ( 14.59508816571534200, -1.834500063049447700E-015, -1.536900434323503500 ) ) ;
#169 = VERTEX_POINT ( 'NONE', #1889 ) ;
#170 = CARTESIAN_POINT ( 'NONE',  ( 20.00000000000000000, 1.499999999999998700, 4.500000000000000900 ) ) ;
#171 = CARTESIAN_POINT ( 'NONE',  ( 12.51612375028985700, 4.331416375352073800, -2.060577291144700200 ) ) ;
#172 = CARTESIAN_POINT ( 'NONE',  ( 14.82875822719155100, 4.799999999999997200, 1.664985265571240000 ) ) ;
#173 = DIRECTION ( 'NONE',  ( 0.0000000000000000000, 1.000000000000000000, 0.0000000000000000000 ) ) ;
#174 = CARTESIAN_POINT ( 'NONE',  ( 4.800000000000000700, 5.799999999999999800, 3.000000000000000000 ) ) ;
#175 = CARTESIAN_POINT ( 'NONE',  ( 11.76918443898917300, -1.456602049105868600E-015, -2.390866944680434300 ) ) ;
#176 = CARTESIAN_POINT ( 'NONE',  ( 14.59465640996209700, 4.799999999999997200, -1.898196254708868900 ) ) ;
#177 = ORIENTED_EDGE ( 'NONE', *, *, #2033, .T. ) ;
#178 = CARTESIAN_POINT ( 'NONE',  ( 13.34455898676846900, 4.345764774805946500, -2.057778869133982400 ) ) ;
#179 = CARTESIAN_POINT ( 'NONE',  ( 4.299999999999979400, 9.399999999999998600, 2.100000000000000500 ) ) ;
#180 = VECTOR ( 'NONE', #2163, 1000.000000000000000 ) ;
#181 = FACE_OUTER_BOUND ( 'NONE', #1245, .T. ) ;
#182 = CARTESIAN_POINT ( 'NONE',  ( 10.05494899071946200, -1.246832498358330100E-015, 1.355252715606880500E-017 ) ) ;
#183 = LINE ( 'NONE', #650, #1984 ) ;
#184 = CARTESIAN_POINT ( 'NONE',  ( 14.21113494065896200, 4.360773831842603700, 1.669725586757680800 ) ) ;
#185 = EDGE_CURVE ( 'NONE', #2120, #1553, #503, .T. ) ;
#186 = EDGE_LOOP ( 'NONE', ( #1605, #411, #1453, #547 ) ) ;
#187 = CARTESIAN_POINT ( 'NONE',  ( 13.02860950540066500, 0.4692293033162712200, 2.052968900543114200 ) ) ;
#188 = CARTESIAN_POINT ( 'NONE',  ( 11.64853232583344500, 0.4453268159687023300, 1.887548922811610900 ) ) ;
#189 = CARTESIAN_POINT ( 'NONE',  ( 13.13152658280377400, 0.4710121583544519300, -2.032834812311053300 ) ) ;
#190 = UNCERTAINTY_MEASURE_WITH_UNIT (LENGTH_MEASURE( 1.000000000000000100E-005 ), #4, 'distance_accuracy_value', 'NONE');
#191 = EDGE_CURVE ( 'NONE', #202, #52, #1111, .T. ) ;
#192 = PLANE ( 'NONE',  #1792 ) ;
#193 = CARTESIAN_POINT ( 'NONE',  ( 15.45248525773088500, 4.799999999999997200, -0.1649050718693120800 ) ) ;
#194 = CARTESIAN_POINT ( 'NONE',  ( 12.18378110828484800, 0.4545975689369708400, 2.061900618408037700 ) ) ;
#195 = DIRECTION ( 'NONE',  ( -0.0000000000000000000, -0.0000000000000000000, -1.000000000000000000 ) ) ;
#196 = DIRECTION ( 'NONE',  ( -1.000000000000000000, 0.0000000000000000000, 0.0000000000000000000 ) ) ;
#197 = CARTESIAN_POINT ( 'NONE',  ( 14.17468951958087000, 0.4890796573142807100, 1.387735632797047100 ) ) ;
#198 = CARTESIAN_POINT ( 'NONE',  ( 20.00000000000000000, 1.499999999999998700, 3.099999999999998800 ) ) ;
#199 = CARTESIAN_POINT ( 'NONE',  ( 10.75193853856882600, 0.4297978830017772400, -1.052415776718768700 ) ) ;
#200 = PRODUCT_DEFINITION ( 'UNKNOWN', '', #119, #747 ) ;
#201 = CARTESIAN_POINT ( 'NONE',  ( 11.55291073652177000, 0.4436733966681877300, 1.832772447424625900 ) ) ;
#202 = VERTEX_POINT ( 'NONE', #1853 ) ;
#203 = CARTESIAN_POINT ( 'NONE',  ( 14.41630761600323800, 0.4932644634954457800, -1.052415776718766100 ) ) ;
#204 = COLOUR_RGB ( '',1.000000000000000000, 1.000000000000000000, 1.000000000000000000 ) ;
#205 = VECTOR ( 'NONE', #1500, 1000.000000000000000 ) ;
#206 = CIRCLE ( 'NONE', #510, 2.100000000000000500 ) ;
#207 = CARTESIAN_POINT ( 'NONE',  ( 11.65581464222354500, 4.799999999999997200, 2.186545457546795700 ) ) ;
#208 = CIRCLE ( 'NONE', #1693, 2.100000000000000500 ) ;
#209 = CARTESIAN_POINT ( 'NONE',  ( 10.99413785535545300, 0.4339940997912115600, 1.383282447164274400 ) ) ;
#210 = ADVANCED_FACE ( 'NONE', ( #1396, #1064 ), #272, .F. ) ;
#211 = EDGE_CURVE ( 'NONE', #1993, #444, #581, .T. ) ;
#212 = CARTESIAN_POINT ( 'NONE',  ( 13.72987099272626200, 0.4813751849891433300, -1.763929511620188300 ) ) ;
#213 = CARTESIAN_POINT ( 'NONE',  ( 6.500000000000000900, 3.299999999999996700, -4.500000000000000900 ) ) ;
#214 = ORIENTED_EDGE ( 'NONE', *, *, #1014, .T. ) ;
#215 = ORIENTED_EDGE ( 'NONE', *, *, #1992, .T. ) ;
#216 = CARTESIAN_POINT ( 'NONE',  ( 13.12347264655237600, 0.4708691376702799900, 2.030885955577683300 ) ) ;
#217 = CARTESIAN_POINT ( 'NONE',  ( 12.59224805835839700, 4.799999999999997200, 2.503308755944034100 ) ) ;
#218 = CARTESIAN_POINT ( 'NONE',  ( 6.500000000000000900, 3.299999999999996700, -4.500000000000000900 ) ) ;
#219 = DIRECTION ( 'NONE',  ( 1.000000000000000000, 1.284980352575412700E-016, 0.0000000000000000000 ) ) ;
#220 = CARTESIAN_POINT ( 'NONE',  ( 18.60000000000000100, 1.499999999999998400, 4.500000000000000900 ) ) ;
#221 = CARTESIAN_POINT ( 'NONE',  ( 13.19966515111189600, 4.343255255667916300, 2.086463365382513300 ) ) ;
#222 = ORIENTED_EDGE ( 'NONE', *, *, #755, .T. ) ;
#223 = LINE ( 'NONE', #1103, #180 ) ;
#224 = LINE ( 'NONE', #599, #1566 ) ;
#225 = VECTOR ( 'NONE', #128, 1000.000000000000000 ) ;
#226 = CARTESIAN_POINT ( 'NONE',  ( 10.47502872851435500, 4.799999999999997200, 0.6532762520119131900 ) ) ;
#227 = CARTESIAN_POINT ( 'NONE',  ( 13.47071467668204500, 4.347949811857223100, -2.032834812311053800 ) ) ;
#228 = CARTESIAN_POINT ( 'NONE',  ( 10.12140107220756700, -1.220921430457610800E-015, 0.6608023588753141300 ) ) ;
#229 = CARTESIAN_POINT ( 'NONE',  ( 20.00000000000000000, 3.299999999999998000, 4.500000000000000900 ) ) ;
#230 = ORIENTED_EDGE ( 'NONE', *, *, #543, .F. ) ;
#231 = PRODUCT_RELATED_PRODUCT_CATEGORY ( 'part', '', ( #23 ) ) ;
#232 = CARTESIAN_POINT ( 'NONE',  ( 10.91234608273498600, 4.799999999999997200, 1.536900434323511100 ) ) ;
#233 = CARTESIAN_POINT ( 'NONE',  ( 11.52816054658405200, 4.314304929080431200, 1.582112848186455700 ) ) ;
#234 = CARTESIAN_POINT ( 'NONE',  ( 15.04697731481153200, -1.815082411634538600E-015, 0.6608569229129196400 ) ) ;
#235 = CARTESIAN_POINT ( 'NONE',  ( 14.69534386197781800, 0.4980973490458812700, -1.352030834163250000E-016 ) ) ;
#236 = CARTESIAN_POINT ( 'NONE',  ( 11.04135193298493400, -1.438443758834224800E-015, 2.003312759142097400 ) ) ;
#237 = AXIS2_PLACEMENT_3D ( 'NONE', #1009, #173, #107 ) ;
#238 = AXIS2_PLACEMENT_3D ( 'NONE', #1905, #1892, #673 ) ;
#239 = CARTESIAN_POINT ( 'NONE',  ( 10.81003547292588400, 0.4308041858907978300, -1.138901859371928400 ) ) ;
#240 = CARTESIAN_POINT ( 'NONE',  ( 11.80250376846889900, 4.800000000000000700, 2.264654066849456400 ) ) ;
#241 = DIRECTION ( 'NONE',  ( 0.0000000000000000000, 0.0000000000000000000, -1.000000000000000000 ) ) ;
#242 = ADVANCED_FACE ( 'NONE', ( #115 ), #165, .F. ) ;
#243 = CARTESIAN_POINT ( 'NONE',  ( 14.12689422158712600, -1.705742541373738300E-015, 2.003312759142097800 ) ) ;
#244 = CARTESIAN_POINT ( 'NONE',  ( 0.0000000000000000000, 9.399999999999996800, 2.600000000000015200 ) ) ;
#245 = ORIENTED_EDGE ( 'NONE', *, *, #142, .F. ) ;
#246 = CYLINDRICAL_SURFACE ( 'NONE', #844, 1.000000000000000000 ) ;
#247 = FACE_OUTER_BOUND ( 'NONE', #2271, .T. ) ;
#248 = CARTESIAN_POINT ( 'NONE',  ( 11.30942710946193200, 0.4394549684887807900, -1.674673703198788800 ) ) ;
#249 = COLOUR_RGB ( '',1.000000000000000000, 1.000000000000000000, 1.000000000000000000 ) ;
#250 = CARTESIAN_POINT ( 'NONE',  ( 10.94682720357898200, 4.304236435841001000, 0.7412705632787770500 ) ) ;
#251 = CARTESIAN_POINT ( 'NONE',  ( 10.39413708459773000, 4.799999999999998900, 5.421010862427522200E-017 ) ) ;
#252 = CARTESIAN_POINT ( 'NONE',  ( 14.98412274528445200, -1.859269740067703200E-015, -0.8118375507377115800 ) ) ;
#253 = ADVANCED_FACE ( 'NONE', ( #181 ), #668, .F. ) ;
#254 = CARTESIAN_POINT ( 'NONE',  ( 10.90658751124554200, 0.4324776998032464100, -1.276883128465089200 ) ) ;
#255 = DIRECTION ( 'NONE',  ( -1.000000000000000000, 0.0000000000000000000, 0.0000000000000000000 ) ) ;
#256 = CARTESIAN_POINT ( 'NONE',  ( 11.41872946631817600, 4.312409620273659700, 1.473263373265926200 ) ) ;
#257 = EDGE_CURVE ( 'NONE', #1351, #2, #1982, .T. ) ;
#258 = AXIS2_PLACEMENT_3D ( 'NONE', #1951, #20, #1272 ) ;
#259 = ORIENTED_EDGE ( 'NONE', *, *, #2199, .F. ) ;
#260 = CARTESIAN_POINT ( 'NONE',  ( 12.99131049816410800, 0.4685836246479346300, -2.060577291143981200 ) ) ;
#261 = CARTESIAN_POINT ( 'NONE',  ( 11.36793326297385500, 4.799999999999998900, -2.013823115822040800 ) ) ;
#262 = CARTESIAN_POINT ( 'NONE',  ( 12.41858809483783000, -1.598625991459043800E-015, -2.519549815588650400 ) ) ;
#263 = VERTEX_POINT ( 'NONE', #1217 ) ;
#264 = ORIENTED_EDGE ( 'NONE', *, *, #2240, .T. ) ;
#265 = ORIENTED_EDGE ( 'NONE', *, *, #2124, .T. ) ;
#266 = CARTESIAN_POINT ( 'NONE',  ( 12.08177198484076300, 4.323893714433624200, 1.925980660536048100 ) ) ;
#267 = ADVANCED_FACE ( 'NONE', ( #1933 ), #990, .F. ) ;
#268 = ORIENTED_EDGE ( 'NONE', *, *, #1480, .T. ) ;
#269 = FILL_AREA_STYLE ('',( #1334 ) ) ;
#270 = CARTESIAN_POINT ( 'NONE',  ( 10.13584063463608400, -1.307438634430010200E-015, -0.6532762520119118600 ) ) ;
#271 = CARTESIAN_POINT ( 'NONE',  ( 10.91234608273498500, 4.800000000000000700, -1.536900434323507100 ) ) ;
#272 = PLANE ( 'NONE',  #1151 ) ;
#273 = CARTESIAN_POINT ( 'NONE',  ( 13.09585278901533000, 4.341442054618660500, 2.094102983758192100 ) ) ;
#274 = CARTESIAN_POINT ( 'NONE',  ( 20.00000000000000000, 1.500000000000002700, 3.000000000000000000 ) ) ;
#275 = CARTESIAN_POINT ( 'NONE',  ( 10.72841346518732000, 4.800000000000000700, 1.262673321978665000 ) ) ;
#276 = EDGE_CURVE ( 'NONE', #1572, #1100, #536, .T. ) ;
#277 = COLOUR_RGB ( '',1.000000000000000000, 1.000000000000000000, 1.000000000000000000 ) ;
#278 = ORIENTED_EDGE ( 'NONE', *, *, #1175, .T. ) ;
#279 = CARTESIAN_POINT ( 'NONE',  ( 11.18897245270577500, 0.4373672755776621400, 1.582112848186449900 ) ) ;
#280 =( NAMED_UNIT ( * ) PLANE_ANGLE_UNIT ( ) SI_UNIT ( $, .RADIAN. ) );
#281 = CARTESIAN_POINT ( 'NONE',  ( 20.00000000000000000, 1.500000000000002700, 3.000000000000000000 ) ) ;
#282 = B_SPLINE_CURVE_WITH_KNOTS ( 'NONE', 3,
 ( #235, #1110, #940, #933, #766, #1615, #2174, #1118, #572, #2166, #580, #1797, #46, #1191, #1238, #655, #167, #121, #686, #1052, #517, #1694, #2279, #103, #462, #787, #1814, #1530, #2035, #420, #297, #837, #2054, #1645, #597, #1317, #1966, #918, #216, #1253, #187, #1424, #363, #1576, #540, #1754, #721, #1941, #893, #2127, #1075, #12, #1260, #194, #1430, #373, #1583, #546, #1766, #729, #1949, #901, #2136, #1082, #16, #1269, #201, #1438, #379, #1594, #552, #1773, #739, #1954, #909, #2142, #1090, #22, #1274, #209, #1441, #386, #1600, #558, #1780, #745, #1964, #912, #2148, #1094, #29 ),
 .UNSPECIFIED., .F., .F.,
 ( 4, 2, 2, 2, 2, 2, 2, 2, 1, 2, 2, 2, 1, 2, 2, 2, 1, 1, 2, 2, 2, 1, 1, 1, 2, 2, 2, 2, 2, 1, 1, 2, 2, 2, 1, 1, 2, 2, 2, 1, 2, 2, 2, 1, 2, 2, 2, 2, 2, 2, 2, 4 ),
 ( 0.5000000000000000000, 0.5312499999999966700, 0.5468749999999951200, 0.5624999999999935600, 0.5781249999999919000, 0.5859374999999912300, 0.5937499999999904500, 0.6093749999999890100, 0.6171874999999883400, 0.6210937499999877900, 0.6249999999999873400, 0.6406249999999857900, 0.6484374999999851200, 0.6523437499999849000, 0.6562499999999844600, 0.6718749999999835700, 0.6796874999999833500, 0.6835937499999832400, 0.6855468749999833500, 0.6874999999999833500, 0.7031249999999834600, 0.7109374999999832400, 0.7148437499999830100, 0.7167968749999830100, 0.7177734374999829000, 0.7187499999999826800, 0.7499999999999796800, 0.7656249999999782400, 0.7734374999999778000, 0.7773437499999773500, 0.7792968749999771300, 0.7802734374999772400, 0.7812499999999773500, 0.7968749999999810200, 0.8046874999999831200, 0.8085937499999840100, 0.8105468749999844600, 0.8124999999999846800, 0.8281249999999864600, 0.8359374999999873400, 0.8398437499999876800, 0.8437499999999881200, 0.8593749999999897900, 0.8671874999999907900, 0.8710937499999912300, 0.8749999999999917800, 0.8906249999999926700, 0.8984374999999933400, 0.9062499999999940000, 0.9218749999999951200, 0.9374999999999961100, 1.000000000000000000 ),
 .UNSPECIFIED. ) ;
#283 = CARTESIAN_POINT ( 'NONE',  ( 18.60000000000000100, 3.299999999999998000, 4.500000000000000900 ) ) ;
#284 = LINE ( 'NONE', #390, #2100 ) ;
#285 = LINE ( 'NONE', #1513, #1616 ) ;
#286 = CARTESIAN_POINT ( 'NONE',  ( 13.68042448397487800, 4.351580901297843700, 1.960431287870516300 ) ) ;
#287 = ADVANCED_FACE ( 'NONE', ( #54 ), #1226, .F. ) ;
#288 = DIRECTION ( 'NONE',  ( -1.000000000000000000, -1.284980352575412700E-016, -0.0000000000000000000 ) ) ;
#289 = LINE ( 'NONE', #661, #225 ) ;
#290 =( LENGTH_UNIT ( ) NAMED_UNIT ( * ) SI_UNIT ( .MILLI., .METRE. ) );
#291 = CARTESIAN_POINT ( 'NONE',  ( 13.64216215440546000, 0.4798563257740384700, 1.822446784913009900 ) ) ;
#292 = DIRECTION ( 'NONE',  ( -1.000000000000000000, -9.969675149291994500E-017, 0.0000000000000000000 ) ) ;
#293 = CARTESIAN_POINT ( 'NONE',  ( 14.29249085608301700, 4.362181017295877300, 1.598874982658923700 ) ) ;
#294 = ORIENTED_EDGE ( 'NONE', *, *, #307, .F. ) ;
#295 = CARTESIAN_POINT ( 'NONE',  ( 14.41437924357805200, 0.4932300231954851500, -1.048998485383640000 ) ) ;
#296 = ORIENTED_EDGE ( 'NONE', *, *, #2203, .F. ) ;
#297 = CARTESIAN_POINT ( 'NONE',  ( 13.50761552915172100, 0.4775239372399918100, 1.889022886757518700 ) ) ;
#298 = CARTESIAN_POINT ( 'NONE',  ( 15.03453195585609400, 4.375035002548651500, -0.1374454471134527700 ) ) ;
#299 = ADVANCED_FACE ( 'NONE', ( #1463 ), #735, .F. ) ;
#300 = AXIS2_PLACEMENT_3D ( 'NONE', #1890, #847, #2067 ) ;
#301 = CARTESIAN_POINT ( 'NONE',  ( 10.05494899071946200, -1.212905468061838600E-015, -0.3305367959871958700 ) ) ;
#302 = CARTESIAN_POINT ( 'NONE',  ( 14.62781979518771000, 0.4969278375884831300, -0.5444941476209227400 ) ) ;
#303 = CARTESIAN_POINT ( 'NONE',  ( 14.81860120066821600, 4.371293923686663700, 0.9277282397337531800 ) ) ;
#304 = EDGE_CURVE ( 'NONE', #1803, #1891, #2189, .T. ) ;
#305 = CARTESIAN_POINT ( 'NONE',  ( 6.500000000000000900, 3.299999999999996700, 3.000000000000000000 ) ) ;
#306 = CARTESIAN_POINT ( 'NONE',  ( 14.64176876508995700, 0.4971700676907322400, -0.5463704010357254300 ) ) ;
#307 = EDGE_CURVE ( 'NONE', #1891, #81, #372, .T. ) ;
#308 = CARTESIAN_POINT ( 'NONE',  ( 10.56260748431722100, -1.274143149462417800E-015, -1.549459225665068100 ) ) ;
#309 = CARTESIAN_POINT ( 'NONE',  ( 12.72230292713971300, 0.4639244372397708400, -2.100000000000000100 ) ) ;
#310 = CARTESIAN_POINT ( 'NONE',  ( 12.26753951000398000, 4.799999999999997200, -2.438965988800023200 ) ) ;
#311 = CARTESIAN_POINT ( 'NONE',  ( 1.499999999999999800, 13.50000000000000200, -4.500000000000000900 ) ) ;
#312 = ORIENTED_EDGE ( 'NONE', *, *, #56, .T. ) ;
#313 = EDGE_CURVE ( 'NONE', #66, #41, #1308, .T. ) ;
#314 = PRESENTATION_STYLE_ASSIGNMENT (( #953 ) ) ;
#315 = VECTOR ( 'NONE', #1348, 1000.000000000000000 ) ;
#316 = CARTESIAN_POINT ( 'NONE',  ( 20.00000000000000000, 3.299999999999998000, 4.500000000000000900 ) ) ;
#317 = CARTESIAN_POINT ( 'NONE',  ( 10.58073026646893100, 0.4268325693685725600, -0.6766521725426494200 ) ) ;
#318 = PRESENTATION_LAYER_ASSIGNMENT (  '', '', ( #813 ) ) ;
#319 = DIRECTION ( 'NONE',  ( -0.0000000000000000000, 0.0000000000000000000, -1.000000000000000000 ) ) ;
#320 = CARTESIAN_POINT ( 'NONE',  ( 10.07125208857243100, -1.186226362286650200E-015, 0.3298033177058264900 ) ) ;
#321 = FACE_OUTER_BOUND ( 'NONE', #775, .T. ) ;
#322 = CARTESIAN_POINT ( 'NONE',  ( 19.29999999999999700, 1.499999999999998700, -3.799999999999998000 ) ) ;
#323 = PLANE ( 'NONE',  #9 ) ;
#324 = CARTESIAN_POINT ( 'NONE',  ( 3.300000000000001200, 6.300000000000001600, 4.500000000000000900 ) ) ;
#325 = VERTEX_POINT ( 'NONE', #1431 ) ;
#326 = DIRECTION ( 'NONE',  ( 0.7071067811865474600, 9.086183209975549600E-017, 0.7071067811865474600 ) ) ;
#327 = CARTESIAN_POINT ( 'NONE',  ( 12.25305996448011900, -1.504787853029710800E-015, 2.503308755944025700 ) ) ;
#328 = DIRECTION ( 'NONE',  ( 1.000000000000000000, 0.0000000000000000000, 0.0000000000000000000 ) ) ;
#329 = ORIENTED_EDGE ( 'NONE', *, *, #65, .T. ) ;
#330 = CARTESIAN_POINT ( 'NONE',  ( 13.85648782928013600, -1.671476391553889500E-015, -2.202038677933837000 ) ) ;
#331 = DIRECTION ( 'NONE',  ( -1.000000000000000000, 0.0000000000000000000, -0.0000000000000000000 ) ) ;
#332 = ORIENTED_EDGE ( 'NONE', *, *, #797, .F. ) ;
#333 = CARTESIAN_POINT ( 'NONE',  ( 14.85742775476117400, -1.827017646383012300E-015, 1.116542392150876400 ) ) ;
#334 = CARTESIAN_POINT ( 'NONE',  ( 11.01786411513706600, 4.799999999999997200, -1.664985265571240700 ) ) ;
#335 = CARTESIAN_POINT ( 'NONE',  ( 12.04765621963850100, 4.323302483872690300, -1.912243199294024100 ) ) ;
#336 = DIRECTION ( 'NONE',  ( -0.7071067811865456900, 0.0000000000000000000, 0.7071067811865493500 ) ) ;
#337 = CARTESIAN_POINT ( 'NONE',  ( 1.499999999999999800, 13.50000000000000200, 4.500000000000000900 ) ) ;
#338 = APPLICATION_CONTEXT ( 'automotive_design' ) ;
#339 = CARTESIAN_POINT ( 'NONE',  ( 14.96700788906597900, 4.373865491091254200, -0.5444941476209278500 ) ) ;
#340 = CARTESIAN_POINT ( 'NONE',  ( 6.500000000000000900, 3.299999999999996700, -4.500000000000000900 ) ) ;
#341 = ORIENTED_EDGE ( 'NONE', *, *, #573, .F. ) ;
#342 = CARTESIAN_POINT ( 'NONE',  ( 14.25546831608381200, -1.826386917152639900E-015, -1.898196254708865300 ) ) ;
#343 = VECTOR ( 'NONE', #1622, 1000.000000000000000 ) ;
#344 = VECTOR ( 'NONE', #1660, 1000.000000000000000 ) ;
#345 = AXIS2_PLACEMENT_3D ( 'NONE', #2249, #1192, #132 ) ;
#346 = FACE_OUTER_BOUND ( 'NONE', #1230, .T. ) ;
#347 = CARTESIAN_POINT ( 'NONE',  ( 12.55355362175453000, 4.332067469893416100, -2.067610827308597400 ) ) ;
#348 = CARTESIAN_POINT ( 'NONE',  ( 14.96700788906597900, 4.373865491091254200, -0.5444941476209278500 ) ) ;
#349 = EDGE_CURVE ( 'NONE', #425, #890, #2135, .T. ) ;
#350 = CARTESIAN_POINT ( 'NONE',  ( 0.0000000000000000000, 9.399999999999996800, 0.0000000000000000000 ) ) ;
#351 = DIRECTION ( 'NONE',  ( 0.0000000000000000000, -1.000000000000000000, 0.0000000000000000000 ) ) ;
#352 = CARTESIAN_POINT ( 'NONE',  ( 11.31662654834527300, -1.380481889628086900E-015, -2.186545457546790000 ) ) ;
#353 = AXIS2_PLACEMENT_3D ( 'NONE', #166, #845, #1024 ) ;
#354 = PLANE ( 'NONE',  #1341 ) ;
#355 = ORIENTED_EDGE ( 'NONE', *, *, #65, .F. ) ;
#356 = CARTESIAN_POINT ( 'NONE',  ( 14.82094570352552400, 4.371335705673958600, 0.9306182433907284100 ) ) ;
#357 = ORIENTED_EDGE ( 'NONE', *, *, #495, .T. ) ;
#358 = CARTESIAN_POINT ( 'NONE',  ( 13.46266074016057200, 4.347806791168360400, -2.030885955646891000 ) ) ;
#359 = CARTESIAN_POINT ( 'NONE',  ( 12.26753951000398000, 4.800000000000000700, 2.438965988800024100 ) ) ;
#360 = CARTESIAN_POINT ( 'NONE',  ( 10.47290229259424500, 0.4249649974513414800, 0.1374454471134530800 ) ) ;
#361 = EDGE_LOOP ( 'NONE', ( #723, #2185, #567, #1805 ) ) ;
#362 = AXIS2_PLACEMENT_3D ( 'NONE', #2078, #2275, #1225 ) ;
#363 = CARTESIAN_POINT ( 'NONE',  ( 13.00537089291581000, 0.4688271213035862300, 2.057778869128820800 ) ) ;
#364 = CARTESIAN_POINT ( 'NONE',  ( 12.03671957176829300, 0.4520501881427706500, 2.032834812311053800 ) ) ;
#365 = CARTESIAN_POINT ( 'NONE',  ( 10.81209038647252100, 4.301902650954109400, 2.505606583150913700E-016 ) ) ;
#366 = CARTESIAN_POINT ( 'NONE',  ( 12.72230292713971300, 0.4639244372397708400, -2.100000000000000100 ) ) ;
#367 = AXIS2_PLACEMENT_3D ( 'NONE', #1910, #508, #484 ) ;
#368 = ORIENTED_EDGE ( 'NONE', *, *, #61, .T. ) ;
#369 = AXIS2_PLACEMENT_3D ( 'NONE', #2258, #983, #255 ) ;
#370 = CARTESIAN_POINT ( 'NONE',  ( 14.75549570988151500, 4.370202116998214600, -1.052415776718771000 ) ) ;
#371 = VECTOR ( 'NONE', #740, 1000.000000000000000 ) ;
#372 = LINE ( 'NONE', #694, #1639 ) ;
#373 = CARTESIAN_POINT ( 'NONE',  ( 12.17693565640743400, 0.4544787218492811800, 2.060577291143877800 ) ) ;
#374 = CARTESIAN_POINT ( 'NONE',  ( 14.19080770010506700, 4.799999999999997200, -2.186545457546799300 ) ) ;
#375 = CARTESIAN_POINT ( 'NONE',  ( 14.41630761600323200, 0.4932644634954455600, 1.052415776718768700 ) ) ;
#376 = LINE ( 'NONE', #574, #8 ) ;
#377 = CARTESIAN_POINT ( 'NONE',  ( 10.58073026646893100, 0.4268325693685725600, -0.6766521725426494200 ) ) ;
#378 = LINE ( 'NONE', #316, #776 ) ;
#379 = CARTESIAN_POINT ( 'NONE',  ( 11.46620155246862700, 0.4421697098627065400, 1.781507557327770800 ) ) ;
#380 = CARTESIAN_POINT ( 'NONE',  ( 0.5000000000000117700, 9.399999999999996800, 2.100000000000000500 ) ) ;
#381 = VERTEX_POINT ( 'NONE', #1934 ) ;
#382 = CARTESIAN_POINT ( 'NONE',  ( 14.17410829918395100, 0.4890682467053756900, -1.383282447201411100 ) ) ;
#383 = EDGE_CURVE ( 'NONE', #2120, #425, #1139, .T. ) ;
#384 = ORIENTED_EDGE ( 'NONE', *, *, #1267, .T. ) ;
#385 = ORIENTED_EDGE ( 'NONE', *, *, #1130, .T. ) ;
#386 = CARTESIAN_POINT ( 'NONE',  ( 10.90741975367229700, 0.4324919952778225100, 1.276565390661491100 ) ) ;
#387 = EDGE_CURVE ( 'NONE', #488, #919, #1201, .T. ) ;
#388 = CARTESIAN_POINT ( 'NONE',  ( 4.299999999999979400, 9.399999999999998600, 2.100000000000000500 ) ) ;
#389 = CARTESIAN_POINT ( 'NONE',  ( 13.81677878886511500, 0.4828807699551079200, -1.706391794279415600 ) ) ;
#390 = CARTESIAN_POINT ( 'NONE',  ( -5.939696961967001700, 7.299999999999995400, 2.571758278209442000E-016 ) ) ;
#391 = DIRECTION ( 'NONE',  ( 0.0000000000000000000, 0.0000000000000000000, -1.000000000000000000 ) ) ;
#392 = VECTOR ( 'NONE', #1545, 1000.000000000000100 ) ;
#393 = ORIENTED_EDGE ( 'NONE', *, *, #1872, .F. ) ;
#394 = FACE_OUTER_BOUND ( 'NONE', #1445, .T. ) ;
#395 = ORIENTED_EDGE ( 'NONE', *, *, #914, .T. ) ;
#396 = CARTESIAN_POINT ( 'NONE',  ( 11.09112663244710200, 4.306735536504545400, 1.052415776718768100 ) ) ;
#397 = VECTOR ( 'NONE', #855, 1000.000000000000000 ) ;
#398 = CARTESIAN_POINT ( 'NONE',  ( 20.00000000000000000, 3.299999999999998000, -3.099999999999995200 ) ) ;
#399 = CARTESIAN_POINT ( 'NONE',  ( 11.00625190332906200, 0.4342036606921557700, -1.396009854998190500 ) ) ;
#400 = VERTEX_POINT ( 'NONE', #1050 ) ;
#401 = CARTESIAN_POINT ( 'NONE',  ( 13.25437428397021700, 4.799999999999997200, -2.503308755944033200 ) ) ;
#402 = PLANE ( 'NONE',  #1866 ) ;
#403 = ORIENTED_EDGE ( 'NONE', *, *, #1130, .F. ) ;
#404 = DIRECTION ( 'NONE',  ( -0.08715574274765440500, -0.9961946980917459900, -0.0000000000000000000 ) ) ;
#405 = ORIENTED_EDGE ( 'NONE', *, *, #1899, .T. ) ;
#406 = CARTESIAN_POINT ( 'NONE',  ( 11.39771343346314400, 0.4409826748480606400, -1.737128190153310400 ) ) ;
#407 = CARTESIAN_POINT ( 'NONE',  ( 10.56270869065168000, -1.274155357750752900E-015, 1.549358404458678600 ) ) ;
#408 = CARTESIAN_POINT ( 'NONE',  ( 0.0000000000000000000, 0.0000000000000000000, 0.0000000000000000000 ) ) ;
#409 = CARTESIAN_POINT ( 'NONE',  ( 11.74258389097665900, 0.4469560609310410100, -1.925980660542159700 ) ) ;
#410 = EDGE_CURVE ( 'NONE', #1100, #1572, #2071, .T. ) ;
#411 = ORIENTED_EDGE ( 'NONE', *, *, #539, .F. ) ;
#412 = CARTESIAN_POINT ( 'NONE',  ( 15.11329716385260000, -1.860218112491353300E-015, 4.336808689942017700E-016 ) ) ;
#413 = FACE_OUTER_BOUND ( 'NONE', #1276, .T. ) ;
#414 = CARTESIAN_POINT ( 'NONE',  ( 11.46331567459062800, -1.470743816604993700E-015, 2.264654066849449300 ) ) ;
#415 = EDGE_CURVE ( 'NONE', #1550, #924, #777, .T. ) ;
#416 = LINE ( 'NONE', #337, #1702 ) ;
#417 = ADVANCED_FACE ( 'NONE', ( #247 ), #610, .F. ) ;
#418 = CARTESIAN_POINT ( 'NONE',  ( 11.71765833299151500, 0.4465247689548720300, -1.915140825610513400 ) ) ;
#419 = CARTESIAN_POINT ( 'NONE',  ( 10.48615869893465600, 0.4252088359224971400, -0.2722002649072360900 ) ) ;
#420 = CARTESIAN_POINT ( 'NONE',  ( 13.55454541404785100, 0.4783360467020714200, 1.865326854694468400 ) ) ;
#421 = CARTESIAN_POINT ( 'NONE',  ( 10.87961445326262800, 4.303072162411508500, -0.5444941476209225200 ) ) ;
#422 = CARTESIAN_POINT ( 'NONE',  ( 0.0000000000000000000, 0.0000000000000000000, -3.000000000000000000 ) ) ;
#423 = EDGE_CURVE ( 'NONE', #1384, #578, #1449, .T. ) ;
#424 = CARTESIAN_POINT ( 'NONE',  ( 14.48957013331327400, -1.751480252049524900E-015, 1.664985265571233400 ) ) ;
#425 = VERTEX_POINT ( 'NONE', #1713 ) ;
#426 = AXIS2_PLACEMENT_3D ( 'NONE', #408, #164, #1404 ) ;
#427 = EDGE_LOOP ( 'NONE', ( #40, #533, #1381, #2151, #96 ) ) ;
#428 = CARTESIAN_POINT ( 'NONE',  ( 11.02799916856850600, 4.305643192291976000, 0.9276838524685360200 ) ) ;
#429 = ADVANCED_FACE ( 'NONE', ( #511 ), #1241, .T. ) ;
#430 = CARTESIAN_POINT ( 'NONE',  ( 13.78977591541622300, 4.353475231045346000, -1.915140825629429100 ) ) ;
#431 = CARTESIAN_POINT ( 'NONE',  ( 14.77902078326302000, -1.851787323401267400E-015, -1.262673321978657900 ) ) ;
#432 = CARTESIAN_POINT ( 'NONE',  ( 13.25292028903210800, 4.799999999999999800, 2.519478524227248200 ) ) ;
#433 = CARTESIAN_POINT ( 'NONE',  ( 10.79045762760024400, 0.4304654708604276300, -1.108184600374929600 ) ) ;
#434 = CARTESIAN_POINT ( 'NONE',  ( 10.91991836034721100, 4.303770222871341000, 0.6766521725426496400 ) ) ;
#435 = EDGE_CURVE ( 'NONE', #52, #488, #152, .T. ) ;
#436 = CARTESIAN_POINT ( 'NONE',  ( 11.52743354219853900, 4.314294126358635900, 1.576992251682010500 ) ) ;
#437 = DIRECTION ( 'NONE',  ( 1.000000000000000000, 1.284980352575412700E-016, 0.0000000000000000000 ) ) ;
#438 = CARTESIAN_POINT ( 'NONE',  ( 11.92835141612570900, -1.530978229929701700E-015, -2.438965988800017500 ) ) ;
#439 = ORIENTED_EDGE ( 'NONE', *, *, #449, .T. ) ;
#440 = CARTESIAN_POINT ( 'NONE',  ( 5.799999999999999800, 4.799999999999999800, -3.000000000000000000 ) ) ;
#441 = VECTOR ( 'NONE', #2262, 1000.000000000000000 ) ;
#442 = EDGE_LOOP ( 'NONE', ( #984, #312, #357, #395 ) ) ;
#443 = CONICAL_SURFACE ( 'NONE', #238, 2.100000000000000500, 0.7853981633974521600 ) ;
#444 = VERTEX_POINT ( 'NONE', #47 ) ;
#445 = CARTESIAN_POINT ( 'NONE',  ( 12.10826630579706800, 4.324352321852308600, 1.937215284619361800 ) ) ;
#446 = CARTESIAN_POINT ( 'NONE',  ( 12.16287526165706400, 0.4542352251936316900, -2.057778869128984700 ) ) ;
#447 = CARTESIAN_POINT ( 'NONE',  ( 11.38029775730892000, 4.311743834203060300, -1.435035935591795400 ) ) ;
#448 = CARTESIAN_POINT ( 'NONE',  ( 10.05494899071946300, -1.246832498358330300E-015, -0.1649050718693139700 ) ) ;
#449 = EDGE_CURVE ( 'NONE', #2029, #1100, #33, .T. ) ;
#450 = VECTOR ( 'NONE', #453, 1000.000000000000000 ) ;
#451 = FILL_AREA_STYLE_COLOUR ( '', #149 ) ;
#452 = CARTESIAN_POINT ( 'NONE',  ( 13.23017743347597600, 4.343773047953756200, 2.077895992882799400 ) ) ;
#453 = DIRECTION ( 'NONE',  ( -1.000000000000000000, -0.0000000000000000000, 0.0000000000000000000 ) ) ;
#454 = CARTESIAN_POINT ( 'NONE',  ( 10.82569935045186300, 4.302138357126054300, -0.2748852048468163900 ) ) ;
#455 = ADVANCED_FACE ( 'NONE', ( #1492 ), #192, .F. ) ;
#456 = EDGE_LOOP ( 'NONE', ( #127, #2019, #1745, #1822, #472 ) ) ;
#457 = CARTESIAN_POINT ( 'NONE',  ( 11.52608400016660000, 0.4432060207231834400, 1.822446784913009500 ) ) ;
#458 = VERTEX_POINT ( 'NONE', #179 ) ;
#459 = CARTESIAN_POINT ( 'NONE',  ( 1.499999999999999800, 13.50000000000000200, 4.500000000000000900 ) ) ;
#460 = CARTESIAN_POINT ( 'NONE',  ( 13.71693182276661600, 4.352214169059204000, 1.945996895078014000 ) ) ;
#461 = EDGE_CURVE ( 'NONE', #555, #1995, #1006, .T. ) ;
#462 = CARTESIAN_POINT ( 'NONE',  ( 13.81580668679845300, 0.4828632034656369900, 1.705682088082555600 ) ) ;
#463 = CARTESIAN_POINT ( 'NONE',  ( 15.03453195585609100, 4.375035002548649700, 0.1374454471134527700 ) ) ;
#464 = CARTESIAN_POINT ( 'NONE',  ( 10.86566548337774300, 4.302829932307742100, -0.5463704010777907800 ) ) ;
#465 = CARTESIAN_POINT ( 'NONE',  ( 13.97927370186628500, 0.4856950709195596600, 1.582112848186450800 ) ) ;
#466 = CARTESIAN_POINT ( 'NONE',  ( 10.39413708459773000, 4.799999999999998900, 0.0000000000000000000 ) ) ;
#467 = CARTESIAN_POINT ( 'NONE',  ( 4.299999999999979400, 9.399999999999998600, 0.0000000000000000000 ) ) ;
#468 = CARTESIAN_POINT ( 'NONE',  ( 14.36825780834998100, 4.363494570946795800, 1.531189512713406300 ) ) ;
#469 = PLANE ( 'NONE',  #1895 ) ;
#470 = CARTESIAN_POINT ( 'NONE',  ( 14.82875822719155500, 4.800000000000000700, -1.664985265571236900 ) ) ;
#471 = CARTESIAN_POINT ( 'NONE',  ( 11.02884637542982700, -1.330384479077866300E-015, -2.013722294615040800 ) ) ;
#472 = ORIENTED_EDGE ( 'NONE', *, *, #1992, .F. ) ;
#473 = CARTESIAN_POINT ( 'NONE',  ( 14.48175760964724600, 0.4943980521711872600, -0.9306182433907298500 ) ) ;
#474 = CARTESIAN_POINT ( 'NONE',  ( 11.25196593236651300, 4.800000000000000700, -1.898196254708868700 ) ) ;
#475 =( GEOMETRIC_REPRESENTATION_CONTEXT ( 3 ) GLOBAL_UNCERTAINTY_ASSIGNED_CONTEXT ( ( #1305 ) ) GLOBAL_UNIT_ASSIGNED_CONTEXT ( ( #1909, #864, #2087 ) ) REPRESENTATION_CONTEXT ( 'NONE', 'WORKASPACE' ) );
#476 = VECTOR ( 'NONE', #1443, 1000.000000000000000 ) ;
#477 = CARTESIAN_POINT ( 'NONE',  ( 14.98095685895184600, 4.374107721194935300, 0.5463704010754177900 ) ) ;
#478 = CARTESIAN_POINT ( 'NONE',  ( 0.0000000000000000000, 9.399999999999996800, -2.600000000000015200 ) ) ;
#479 = CIRCLE ( 'NONE', #1176, 2.600000000000025800 ) ;
#480 = AXIS2_PLACEMENT_3D ( 'NONE', #131, #2073, #2238 ) ;
#481 = DIRECTION ( 'NONE',  ( -1.000000000000000000, 0.0000000000000000000, 0.0000000000000000000 ) ) ;
#482 = CARTESIAN_POINT ( 'NONE',  ( 20.00000000000000000, -2.412554194320286800E-015, -3.000000000000000000 ) ) ;
#483 = CARTESIAN_POINT ( 'NONE',  ( 12.30776909733844300, 0.4567447443320761800, -2.086463365382514200 ) ) ;
#484 = DIRECTION ( 'NONE',  ( -1.000000000000000000, 0.0000000000000000000, 0.0000000000000000000 ) ) ;
#485 = CARTESIAN_POINT ( 'NONE',  ( 14.69534386197781800, 0.4980973490458812700, -1.352030834163250000E-016 ) ) ;
#486 = PLANE ( 'NONE',  #594 ) ;
#487 = CARTESIAN_POINT ( 'NONE',  ( 14.26082640087222900, 0.4905703512186083100, -1.276565390697466300 ) ) ;
#488 = VERTEX_POINT ( 'NONE', #648 ) ;
#489 = ORIENTED_EDGE ( 'NONE', *, *, #1161, .T. ) ;
#490 = CARTESIAN_POINT ( 'NONE',  ( 10.48651125657358400, 0.4252007036232846600, -0.2748852048468166100 ) ) ;
#491 = CARTESIAN_POINT ( 'NONE',  ( 13.57908283232463400, 4.800000000000000700, -2.438965988800023200 ) ) ;
#492 = DIRECTION ( 'NONE',  ( -1.000000000000000000, -0.0000000000000000000, -0.0000000000000000000 ) ) ;
#493 = CARTESIAN_POINT ( 'NONE',  ( 10.18412340928761100, -1.284916560140260100E-015, 0.8118375507377168000 ) ) ;
#494 = ORIENTED_EDGE ( 'NONE', *, *, #520, .T. ) ;
#495 = EDGE_CURVE ( 'NONE', #2260, #976, #1962, .T. ) ;
#496 = CARTESIAN_POINT ( 'NONE',  ( 1.499999999999999800, 13.50000000000000200, -3.000000000000000000 ) ) ;
#497 = CARTESIAN_POINT ( 'NONE',  ( 12.75777618871611100, 4.799999999999997200, -2.519549815588657100 ) ) ;
#498 = CARTESIAN_POINT ( 'NONE',  ( 12.74965805973422700, -1.545560308748919000E-015, 2.519549815588650000 ) ) ;
#499 = CARTESIAN_POINT ( 'NONE',  ( 0.0000000000000000000, 0.0000000000000000000, -4.500000000000000900 ) ) ;
#500 = ORIENTED_EDGE ( 'NONE', *, *, #2243, .F. ) ;
#501 = EDGE_CURVE ( 'NONE', #1459, #52, #85, .T. ) ;
#502 = AXIS2_PLACEMENT_3D ( 'NONE', #1097, #1451, #391 ) ;
#503 = LINE ( 'NONE', #1641, #642 ) ;
#504 = CARTESIAN_POINT ( 'NONE',  ( 11.47836453392074300, 4.313443082554577800, -1.531189512659197400 ) ) ;
#505 = VECTOR ( 'NONE', #1011, 1000.000000000000000 ) ;
#506 = FILL_AREA_STYLE ('',( #676 ) ) ;
#507 = ORIENTED_EDGE ( 'NONE', *, *, #704, .T. ) ;
#508 = DIRECTION ( 'NONE',  ( 0.0000000000000000000, 0.0000000000000000000, -1.000000000000000000 ) ) ;
#509 = CARTESIAN_POINT ( 'NONE',  ( 15.03240551993597800, -1.836747665777953100E-015, 0.6532762520119094200 ) ) ;
#510 = AXIS2_PLACEMENT_3D ( 'NONE', #1509, #481, #116 ) ;
#511 = FACE_OUTER_BOUND ( 'NONE', #796, .T. ) ;
#512 = CARTESIAN_POINT ( 'NONE',  ( 14.04411857385971500, 4.800000000000000700, -2.264654066849454600 ) ) ;
#513 = CARTESIAN_POINT ( 'NONE',  ( 12.12969051956132900, 4.324723484443793200, -1.945996895077730900 ) ) ;
#514 = CARTESIAN_POINT ( 'NONE',  ( 15.19661584863945900, 4.800000000000000700, 1.116542392150872800 ) ) ;
#515 = APPLICATION_CONTEXT ( 'automotive_design' ) ;
#516 = VERTEX_POINT ( 'NONE', #2045 ) ;
#517 = CARTESIAN_POINT ( 'NONE',  ( 14.03008892507740100, 0.4865753016788327800, 1.531567709406808800 ) ) ;
#518 = CARTESIAN_POINT ( 'NONE',  ( 13.85161960622679300, -1.763704410579875900E-015, -2.186545457546788600 ) ) ;
#519 = VERTEX_POINT ( 'NONE', #112 ) ;
#520 = EDGE_CURVE ( 'NONE', #381, #2052, #1789, .T. ) ;
#521 = CARTESIAN_POINT ( 'NONE',  ( 14.19080770010506700, 4.799999999999997200, -2.186545457546799300 ) ) ;
#522 = CARTESIAN_POINT ( 'NONE',  ( 12.61644490833649200, 4.333164605539662000, -2.077895992806086500 ) ) ;
#523 = CARTESIAN_POINT ( 'NONE',  ( 11.24466385521600200, 4.309394788971130400, -1.280979201963560400 ) ) ;
#524 = CARTESIAN_POINT ( 'NONE',  ( 12.10837253286743700, 4.800000000000000700, -2.390866944680440000 ) ) ;
#525 = DIRECTION ( 'NONE',  ( -1.284980352575412700E-016, 1.000000000000000000, 0.0000000000000000000 ) ) ;
#526 = CARTESIAN_POINT ( 'NONE',  ( 10.91277783848825700, -1.317799383055323100E-015, -1.898196254708870000 ) ) ;
#527 = B_SPLINE_CURVE_WITH_KNOTS ( 'NONE', 1,
 ( #98, #1648 ),
 .UNSPECIFIED., .F., .F.,
 ( 2, 2 ),
 ( 0.0000000000000000000, 1.000000000000000000 ),
 .UNSPECIFIED. ) ;
#528 = CARTESIAN_POINT ( 'NONE',  ( 15.02092299187675400, 4.374799296376710200, 0.2748852048468136700 ) ) ;
#529 = CARTESIAN_POINT ( 'NONE',  ( 13.61289272962129400, 4.350407764422611100, -1.986011254714922900 ) ) ;
#530 = CARTESIAN_POINT ( 'NONE',  ( 10.65000649368915700, 4.799999999999997200, 1.116542392150877500 ) ) ;
#531 = CARTESIAN_POINT ( 'NONE',  ( 11.38054002686320800, 4.799999999999997200, -2.003312759142102700 ) ) ;
#532 = CARTESIAN_POINT ( 'NONE',  ( 3.300000000000001200, 6.300000000000001600, -3.000000000000000000 ) ) ;
#533 = ORIENTED_EDGE ( 'NONE', *, *, #1971, .F. ) ;
#534 = CARTESIAN_POINT ( 'NONE',  ( 10.54042635938435300, 0.4261345089087391100, 0.5444941476209223000 ) ) ;
#535 = LINE ( 'NONE', #1533, #1000 ) ;
#536 = CIRCLE ( 'NONE', #593, 2.600000000000015200 ) ;
#537 = LINE ( 'NONE', #2171, #896 ) ;
#538 = CARTESIAN_POINT ( 'NONE',  ( 15.43618215987791600, 4.799999999999997200, 0.3298033177058242700 ) ) ;
#539 = EDGE_CURVE ( 'NONE', #381, #1993, #972, .T. ) ;
#540 = CARTESIAN_POINT ( 'NONE',  ( 12.90555793469987800, 0.4670984435483611100, 2.077543880956066200 ) ) ;
#541 = CARTESIAN_POINT ( 'NONE',  ( 12.44594322743234800, 0.4591379092574515200, 2.100000000000000500 ) ) ;
#542 = CARTESIAN_POINT ( 'NONE',  ( 12.30776909733844300, 0.4567447443320761800, -2.086463365382514200 ) ) ;
#543 = EDGE_CURVE ( 'NONE', #1993, #1166, #1487, .T. ) ;
#544 = ORIENTED_EDGE ( 'NONE', *, *, #1058, .F. ) ;
#545 = CARTESIAN_POINT ( 'NONE',  ( 14.96700788906598200, 4.373865491091254200, 0.5444941476209211900 ) ) ;
#546 = CARTESIAN_POINT ( 'NONE',  ( 12.02660213762334800, 0.4518797491083275700, 2.026619829332481100 ) ) ;
#547 = ORIENTED_EDGE ( 'NONE', *, *, #2033, .F. ) ;
#548 = CARTESIAN_POINT ( 'NONE',  ( 14.58751588810313000, 0.4962297771286504600, 0.6766521725426477600 ) ) ;
#549 = DIRECTION ( 'NONE',  ( 0.9961946980917458800, -0.08715574274765444700, 0.0000000000000000000 ) ) ;
#550 = CARTESIAN_POINT ( 'NONE',  ( 10.48651125657358400, 0.4252007036232846600, -0.2748852048468166100 ) ) ;
#551 = PRODUCT_DEFINITION ( 'UNKNOWN', '', #2237, #1080 ) ;
#552 = CARTESIAN_POINT ( 'NONE',  ( 11.42612272604660700, 0.4414747239148564800, 1.756009783724067400 ) ) ;
#553 = DIRECTION ( 'NONE',  ( 1.000000000000000000, 0.0000000000000000000, 0.0000000000000000000 ) ) ;
#554 = CARTESIAN_POINT ( 'NONE',  ( 14.06444289062774500, 0.4871701636968381300, -1.497396316708136300 ) ) ;
#555 = VERTEX_POINT ( 'NONE', #1177 ) ;
#556 = CARTESIAN_POINT ( 'NONE',  ( 13.06149102101799500, 4.340862090742541000, -2.100000000000000100 ) ) ;
#557 = ORIENTED_EDGE ( 'NONE', *, *, #313, .T. ) ;
#558 = CARTESIAN_POINT ( 'NONE',  ( 10.84823051904384900, 0.4314657241748948700, 1.195760973715791000 ) ) ;
#559 = VECTOR ( 'NONE', #849, 1000.000000000000100 ) ;
#560 = LINE ( 'NONE', #340, #84 ) ;
#561 = CARTESIAN_POINT ( 'NONE',  ( 13.87332051460880100, 0.4838581269118262300, -1.664425483352153500 ) ) ;
#562 = VECTOR ( 'NONE', #2126, 1000.000000000000000 ) ;
#563 = DIRECTION ( 'NONE',  ( 1.000000000000000000, 9.427844978134823900E-017, -0.0000000000000000000 ) ) ;
#564 = CARTESIAN_POINT ( 'NONE',  ( 0.5000000000000117700, 9.399999999999996800, -2.100000000000000500 ) ) ;
#565 = ORIENTED_EDGE ( 'NONE', *, *, #1135, .F. ) ;
#566 = EDGE_CURVE ( 'NONE', #1862, #919, #1343, .T. ) ;
#567 = ORIENTED_EDGE ( 'NONE', *, *, #435, .F. ) ;
#568 = CARTESIAN_POINT ( 'NONE',  ( 13.06149102101799100, 4.340862090742540100, 2.099999999999999600 ) ) ;
#569 = ORIENTED_EDGE ( 'NONE', *, *, #520, .F. ) ;
#570 = DIRECTION ( 'NONE',  ( -0.0000000000000000000, 0.0000000000000000000, 1.000000000000000000 ) ) ;
#571 = AXIS2_PLACEMENT_3D ( 'NONE', #1969, #922, #2154 ) ;
#572 = CARTESIAN_POINT ( 'NONE',  ( 14.47943507985368300, 0.4943568077080735500, 0.9276838525255357600 ) ) ;
#573 = EDGE_CURVE ( 'NONE', #980, #890, #1734, .T. ) ;
#574 = CARTESIAN_POINT ( 'NONE',  ( 20.00000000000000000, 3.299999999999987800, 3.000000000000000000 ) ) ;
#575 = AXIS2_PLACEMENT_3D ( 'NONE', #1373, #994, #639 ) ;
#576 = DIRECTION ( 'NONE',  ( 0.0000000000000000000, 1.000000000000000000, -0.0000000000000000000 ) ) ;
#577 = SURFACE_SIDE_STYLE ('',( #1543 ) ) ;
#578 = VERTEX_POINT ( 'NONE', #1205 ) ;
#579 = FACE_BOUND ( 'NONE', #1788, .T. ) ;
#580 = CARTESIAN_POINT ( 'NONE',  ( 14.41358364723807600, 0.4932163099777953600, 1.048693284504784700 ) ) ;
#581 = LINE ( 'NONE', #887, #1515 ) ;
#582 = LINE ( 'NONE', #1507, #118 ) ;
#583 = CARTESIAN_POINT ( 'NONE',  ( 11.31175832529613800, -1.364511499641530600E-015, 2.202038677935603200 ) ) ;
#584 = CARTESIAN_POINT ( 'NONE',  ( 14.81862317374022500, 4.371294461211563000, -0.9276838525089189400 ) ) ;
#585 = UNCERTAINTY_MEASURE_WITH_UNIT (LENGTH_MEASURE( 1.000000000000000100E-005 ), #635, 'distance_accuracy_value', 'NONE');
#586 = CARTESIAN_POINT ( 'NONE',  ( 11.07954137243195600, 0.4354719667706552500, -1.473263373258026000 ) ) ;
#587 = ORIENTED_EDGE ( 'NONE', *, *, #276, .T. ) ;
#588 = CARTESIAN_POINT ( 'NONE',  ( 13.73824980946118200, 4.800000000000000700, 2.390866944680437400 ) ) ;
#589 = ADVANCED_FACE ( 'NONE', ( #346 ), #1342, .T. ) ;
#590 = ORIENTED_EDGE ( 'NONE', *, *, #1135, .T. ) ;
#591 = CARTESIAN_POINT ( 'NONE',  ( 11.92835141612570200, -1.530978229929701700E-015, 2.438965988800016600 ) ) ;
#592 = ORIENTED_EDGE ( 'NONE', *, *, #1595, .T. ) ;
#593 = AXIS2_PLACEMENT_3D ( 'NONE', #350, #1172, #1921 ) ;
#594 = AXIS2_PLACEMENT_3D ( 'NONE', #499, #2068, #1883 ) ;
#595 = CARTESIAN_POINT ( 'NONE',  ( 10.73758433879725000, 0.4295504106728882400, -1.018637679025640600 ) ) ;
#596 = CARTESIAN_POINT ( 'NONE',  ( 14.82094570352552400, 4.371335705673958600, 0.9306182433907284100 ) ) ;
#597 = CARTESIAN_POINT ( 'NONE',  ( 13.39916794263849700, 0.4756476781474594000, 1.937215284625449800 ) ) ;
#598 = CARTESIAN_POINT ( 'NONE',  ( 14.77902078326300700, -1.851787323401267400E-015, 1.262673321978662300 ) ) ;
#599 = CARTESIAN_POINT ( 'NONE',  ( 0.0000000000000000000, 13.50000000000000000, -3.000000000000000000 ) ) ;
#600 = CARTESIAN_POINT ( 'NONE',  ( 11.38151529801372800, 0.4407023003464766700, -1.726088110215569800 ) ) ;
#601 = LINE ( 'NONE', #1894, #2214 ) ;
#602 = VERTEX_POINT ( 'NONE', #1715 ) ;
#603 = CARTESIAN_POINT ( 'NONE',  ( 14.82875822719155100, 4.799999999999997200, 1.664985265571240000 ) ) ;
#604 = CARTESIAN_POINT ( 'NONE',  ( 11.09385060118296500, 4.306783690022556700, 1.048693284454439200 ) ) ;
#605 = LINE ( 'NONE', #2165, #1089 ) ;
#606 = CARTESIAN_POINT ( 'NONE',  ( 4.800000000000000700, 4.799999999999999800, 3.000000000000000000 ) ) ;
#607 = PRESENTATION_STYLE_ASSIGNMENT (( #1388 ) ) ;
#608 = CARTESIAN_POINT ( 'NONE',  ( 14.48957013331327000, -1.751480252049524900E-015, -1.664985265571235200 ) ) ;
#609 = EDGE_CURVE ( 'NONE', #869, #1785, #921, .T. ) ;
#610 = CYLINDRICAL_SURFACE ( 'NONE', #7, 2.100000000000001000 ) ;
#611 = CARTESIAN_POINT ( 'NONE',  ( 12.10837253286744700, 4.799999999999997200, 2.390866944680441400 ) ) ;
#612 = CARTESIAN_POINT ( 'NONE',  ( 11.64861520329298200, 4.316392621990802400, 1.674673703163653400 ) ) ;
#613 = EDGE_CURVE ( 'NONE', #1698, #869, #812, .T. ) ;
#614 = CARTESIAN_POINT ( 'NONE',  ( 12.40002499506673800, 0.4583426091384029100, -2.100000000000000500 ) ) ;
#615 = CARTESIAN_POINT ( 'NONE',  ( 10.46058916607953500, 4.799999999999999800, -0.6608023588615412600 ) ) ;
#616 = CARTESIAN_POINT ( 'NONE',  ( 11.46331567459062700, -1.470743816604993300E-015, -2.264654066849450100 ) ) ;
#617 = VERTEX_POINT ( 'NONE', #1405 ) ;
#618 =( GEOMETRIC_REPRESENTATION_CONTEXT ( 3 ) GLOBAL_UNCERTAINTY_ASSIGNED_CONTEXT ( ( #190 ) ) GLOBAL_UNIT_ASSIGNED_CONTEXT ( ( #4, #1248, #725 ) ) REPRESENTATION_CONTEXT ( 'NONE', 'WORKASPACE' ) );
#619 = VERTEX_POINT ( 'NONE', #532 ) ;
#620 = CARTESIAN_POINT ( 'NONE',  ( 12.23372961258742600, 4.326529889076508300, 1.986011254673780500 ) ) ;
#621 = ORIENTED_EDGE ( 'NONE', *, *, #2264, .F. ) ;
#622 = ORIENTED_EDGE ( 'NONE', *, *, #680, .F. ) ;
#623 = CARTESIAN_POINT ( 'NONE',  ( 12.93364872016383200, 0.4675794388680772400, -2.071070225622131400 ) ) ;
#624 = CARTESIAN_POINT ( 'NONE',  ( 13.58663768769884500, 4.800000000000000700, -2.453350604333240700 ) ) ;
#625 = CARTESIAN_POINT ( 'NONE',  ( 10.47290229259424500, 0.4249649974513415300, 2.439454888092385000E-016 ) ) ;
#626 = CARTESIAN_POINT ( 'NONE',  ( 14.04411857385971500, 4.800000000000000700, -2.264654066849454600 ) ) ;
#627 = CARTESIAN_POINT ( 'NONE',  ( 13.29306872028811700, 4.344870183604018400, 2.067610827359978000 ) ) ;
#628 = ADVANCED_FACE ( 'NONE', ( #1676 ), #2074, .F. ) ;
#629 = DIRECTION ( 'NONE',  ( 0.0000000000000000000, 0.0000000000000000000, 1.000000000000000000 ) ) ;
#630 = ORIENTED_EDGE ( 'NONE', *, *, #185, .T. ) ;
#631 = CARTESIAN_POINT ( 'NONE',  ( 14.60195848711261000, 4.367542864531634100, 1.280979201963560400 ) ) ;
#632 = CARTESIAN_POINT ( 'NONE',  ( 14.42789287600917800, 4.364528033229215800, -1.473263373267190300 ) ) ;
#633 = CARTESIAN_POINT ( 'NONE',  ( 11.26768584077659000, 4.309794951497036800, -1.303512386386479700 ) ) ;
#634 = CARTESIAN_POINT ( 'NONE',  ( 11.90385539600587700, 0.4497489912033911200, 1.992745113735793900 ) ) ;
#635 =( LENGTH_UNIT ( ) NAMED_UNIT ( * ) SI_UNIT ( .MILLI., .METRE. ) );
#636 = CARTESIAN_POINT ( 'NONE',  ( 13.79896612275834900, 4.353635169630043900, 1.912243199265865900 ) ) ;
#637 = ORIENTED_EDGE ( 'NONE', *, *, #1956, .F. ) ;
#638 = CARTESIAN_POINT ( 'NONE',  ( 3.299999999999999800, 13.50000000000000200, -4.500000000000000900 ) ) ;
#639 = DIRECTION ( 'NONE',  ( 0.0000000000000000000, -0.0000000000000000000, -1.000000000000000000 ) ) ;
#640 = CARTESIAN_POINT ( 'NONE',  ( 10.39413708459773000, 4.799999999999998900, 0.0000000000000000000 ) ) ;
#641 = FACE_OUTER_BOUND ( 'NONE', #836, .T. ) ;
#642 = VECTOR ( 'NONE', #1163, 1000.000000000000000 ) ;
#643 = CARTESIAN_POINT ( 'NONE',  ( 14.23920808402143500, 4.361258156266568000, -1.642544618331724500 ) ) ;
#644 = CARTESIAN_POINT ( 'NONE',  ( 14.26277039323433700, 0.4906052110288626800, 1.280979201963562400 ) ) ;
#645 = VECTOR ( 'NONE', #1864, 1000.000000000000000 ) ;
#646 = CARTESIAN_POINT ( 'NONE',  ( 18.49999999999999600, 4.799999999999998900, -3.000000000000000000 ) ) ;
#647 = CARTESIAN_POINT ( 'NONE',  ( 14.40363098449239300, 4.364107817199426100, 1.497396316721702600 ) ) ;
#648 = CARTESIAN_POINT ( 'NONE',  ( 18.49999999999999300, -2.231612629746264400E-015, -3.000000000000000000 ) ) ;
#649 = CARTESIAN_POINT ( 'NONE',  ( 10.47502872851435500, 4.799999999999997200, 0.6532762520119131900 ) ) ;
#650 = CARTESIAN_POINT ( 'NONE',  ( 10.40799113400733400, -0.3169729402299257300, 2.571758278209442400E-016 ) ) ;
#651 = ORIENTED_EDGE ( 'NONE', *, *, #609, .T. ) ;
#652 = DIRECTION ( 'NONE',  ( 0.0000000000000000000, 0.0000000000000000000, 1.000000000000000000 ) ) ;
#653 = CARTESIAN_POINT ( 'NONE',  ( 14.26277039323433200, 0.4906052110288626800, -1.280979201963562900 ) ) ;
#654 = CARTESIAN_POINT ( 'NONE',  ( 1.500000000000000000, 6.300000000000001600, 3.000000000000000000 ) ) ;
#655 = CARTESIAN_POINT ( 'NONE',  ( 14.19602040359126400, 0.4894476814068599000, 1.356654724528010500 ) ) ;
#656 = CARTESIAN_POINT ( 'NONE',  ( 15.03453195585609200, 4.375035002548650600, 0.0000000000000000000 ) ) ;
#657 = EDGE_CURVE ( 'NONE', #1724, #400, #560, .T. ) ;
#658 = ORIENTED_EDGE ( 'NONE', *, *, #1267, .F. ) ;
#659 = DIRECTION ( 'NONE',  ( 1.000000000000000000, -1.206277097160143600E-016, -0.0000000000000000000 ) ) ;
#660 = EDGE_CURVE ( 'NONE', #1891, #75, #758, .T. ) ;
#661 = CARTESIAN_POINT ( 'NONE',  ( 4.799999999999999800, 13.50000000000000000, 3.000000000000000000 ) ) ;
#662 = CARTESIAN_POINT ( 'NONE',  ( 11.90385539600588600, 0.4497489912033907900, -1.992745113735795200 ) ) ;
#663 = CARTESIAN_POINT ( 'NONE',  ( 11.36803446931078400, 4.800000000000000700, 2.013722294618110800 ) ) ;
#664 = EDGE_CURVE ( 'NONE', #1946, #488, #1240, .T. ) ;
#665 = DIRECTION ( 'NONE',  ( -1.000000000000000000, 0.0000000000000000000, 0.0000000000000000000 ) ) ;
#666 = ORIENTED_EDGE ( 'NONE', *, *, #1956, .T. ) ;
#667 = CARTESIAN_POINT ( 'NONE',  ( 10.47290229259424500, 0.4249649974513415300, 2.439454888092385000E-016 ) ) ;
#668 = PLANE ( 'NONE',  #1573 ) ;
#669 = CARTESIAN_POINT ( 'NONE',  ( 12.25998465463314500, 4.799999999999999800, 2.453350604334791000 ) ) ;
#670 = FACE_OUTER_BOUND ( 'NONE', #442, .T. ) ;
#671 = VECTOR ( 'NONE', #875, 1000.000000000000000 ) ;
#672 = CARTESIAN_POINT ( 'NONE',  ( 10.38922537130905100, -1.292398976806695600E-015, 1.262673321978661900 ) ) ;
#673 = DIRECTION ( 'NONE',  ( 0.0000000000000000000, 0.0000000000000000000, -1.000000000000000000 ) ) ;
#674 = MECHANICAL_DESIGN_GEOMETRIC_PRESENTATION_REPRESENTATION (  '', ( #1195 ), #840 ) ;
#675 = CARTESIAN_POINT ( 'NONE',  ( 15.11329716385260000, -1.860218112491353300E-015, 4.336808689942017700E-016 ) ) ;
#676 = FILL_AREA_STYLE_COLOUR ( '', #277 ) ;
#677 = CARTESIAN_POINT ( 'NONE',  ( 14.64138374443041200, 4.368225844075994700, -1.222288749297275400 ) ) ;
#678 = CARTESIAN_POINT ( 'NONE',  ( 13.23989473844635300, -1.613208070278261000E-015, 2.438965988800016600 ) ) ;
#679 = CARTESIAN_POINT ( 'NONE',  ( 3.299999999999999800, 13.50000000000000200, -3.000000000000000000 ) ) ;
#680 = EDGE_CURVE ( 'NONE', #926, #578, #289, .T. ) ;
#681 = ORIENTED_EDGE ( 'NONE', *, *, #914, .F. ) ;
#682 = EDGE_LOOP ( 'NONE', ( #1710, #1740, #1503, #731 ) ) ;
#683 = CARTESIAN_POINT ( 'NONE',  ( 11.55413148613800100, 4.314756636204819500, -1.598874982567776800 ) ) ;
#684 = SURFACE_STYLE_USAGE ( .BOTH. , #1719 ) ;
#685 = SURFACE_STYLE_USAGE ( .BOTH. , #2061 ) ;
#686 = CARTESIAN_POINT ( 'NONE',  ( 14.10187120048956500, 0.4878182827632969200, 1.459852350133413100 ) ) ;
#687 = CARTESIAN_POINT ( 'NONE',  ( 15.11329716385259800, -1.897353801849633200E-015, 0.1649050718693112500 ) ) ;
#688 = ORIENTED_EDGE ( 'NONE', *, *, #1271, .F. ) ;
#689 = CARTESIAN_POINT ( 'NONE',  ( 1.499999999999999800, 13.50000000000000200, 4.500000000000000900 ) ) ;
#690 = CARTESIAN_POINT ( 'NONE',  ( 12.16619785835156100, 4.325356752205657100, -1.960431287869652200 ) ) ;
#691 = CARTESIAN_POINT ( 'NONE',  ( 13.85890192261689800, 4.354673184031292400, -1.887548922811610700 ) ) ;
#692 = PRODUCT_CONTEXT ( 'NONE', #515, 'mechanical' ) ;
#693 = CARTESIAN_POINT ( 'NONE',  ( 12.64695719121671600, 4.333682397834844700, 2.086463365382514200 ) ) ;
#694 = CARTESIAN_POINT ( 'NONE',  ( 0.0000000000000000000, 13.50000000000000000, 3.000000000000000000 ) ) ;
#695 = CARTESIAN_POINT ( 'NONE',  ( 13.39906171558289900, -1.687584251102094200E-015, -2.390866944680431600 ) ) ;
#696 = AXIS2_PLACEMENT_3D ( 'NONE', #1104, #1285, #219 ) ;
#697 = AXIS2_PLACEMENT_3D ( 'NONE', #218, #1609, #570 ) ;
#698 = CARTESIAN_POINT ( 'NONE',  ( 15.11820887714129400, 4.800000000000000700, -1.262673321978666300 ) ) ;
#699 = ORIENTED_EDGE ( 'NONE', *, *, #1722, .F. ) ;
#700 = CARTESIAN_POINT ( 'NONE',  ( 12.75076955274563400, 4.335495598874308200, -2.094102983711918500 ) ) ;
#701 = FACE_OUTER_BOUND ( 'NONE', #2069, .T. ) ;
#702 = CONICAL_SURFACE ( 'NONE', #1279, 2.100000000000000500, 0.7853981633974509400 ) ;
#703 = CARTESIAN_POINT ( 'NONE',  ( 10.41044018245069800, 4.800000000000000700, 0.3298033177058289400 ) ) ;
#704 = EDGE_CURVE ( 'NONE', #2260, #1156, #1619, .T. ) ;
#705 = DIRECTION ( 'NONE',  ( 1.000000000000000000, 0.0000000000000000000, 0.0000000000000000000 ) ) ;
#706 = CARTESIAN_POINT ( 'NONE',  ( 10.57315798885671600, -1.309686237158515200E-015, -1.536900434323506400 ) ) ;
#707 = AXIS2_PLACEMENT_3D ( 'NONE', #1756, #196, #894 ) ;
#708 = FACE_OUTER_BOUND ( 'NONE', #2116, .T. ) ;
#709 = DIRECTION ( 'NONE',  ( -3.011672701348623400E-017, 1.000000000000000000, 0.0000000000000000000 ) ) ;
#710 = CARTESIAN_POINT ( 'NONE',  ( 13.73835603654131500, 4.352585331650778300, -1.937215284615341600 ) ) ;
#711 = CARTESIAN_POINT ( 'NONE',  ( 13.60357885244446200, 4.350251008796600000, 1.992745113735791400 ) ) ;
#712 = CARTESIAN_POINT ( 'NONE',  ( 11.25196593236651300, 4.800000000000000700, -1.898196254708868700 ) ) ;
#713 = EDGE_LOOP ( 'NONE', ( #1435, #1578, #1776, #2210 ) ) ;
#714 = DIRECTION ( 'NONE',  ( 0.0000000000000000000, -1.000000000000000000, 0.0000000000000000000 ) ) ;
#715 = CARTESIAN_POINT ( 'NONE',  ( 10.68648854492481300, 0.4286642943260350300, 0.9306182433907291800 ) ) ;
#716 = SURFACE_STYLE_USAGE ( .BOTH. , #2131 ) ;
#717 = CARTESIAN_POINT ( 'NONE',  ( 14.26277039323433200, 0.4906052110288626800, -1.280979201963562900 ) ) ;
#718 = ORIENTED_EDGE ( 'NONE', *, *, #2243, .T. ) ;
#719 = CARTESIAN_POINT ( 'NONE',  ( 15.37159361381426200, 4.800000000000000700, 0.6532762520119063100 ) ) ;
#720 = CARTESIAN_POINT ( 'NONE',  ( 14.75549570988151500, 4.370202116998214600, -1.052415776718771000 ) ) ;
#721 = CARTESIAN_POINT ( 'NONE',  ( 12.49207403626241900, 0.4599368911948428200, 2.100000000000001400 ) ) ;
#722 = CARTESIAN_POINT ( 'NONE',  ( 11.01786411513706600, 4.799999999999997200, -1.664985265571240700 ) ) ;
#723 = ORIENTED_EDGE ( 'NONE', *, *, #962, .F. ) ;
#724 = CARTESIAN_POINT ( 'NONE',  ( 12.86047705723361800, 0.4663176021651461200, 2.086463365382514600 ) ) ;
#725 =( NAMED_UNIT ( * ) SI_UNIT ( $, .STERADIAN. ) SOLID_ANGLE_UNIT ( ) );
#726 = CARTESIAN_POINT ( 'NONE',  ( 11.90385539600588600, 0.4497489912033907900, -1.992745113735795200 ) ) ;
#727 = AXIS2_PLACEMENT_3D ( 'NONE', #1203, #860, #141 ) ;
#728 = CARTESIAN_POINT ( 'NONE',  ( 15.03453195585609400, 4.375035002548651500, -0.1374454471134527700 ) ) ;
#729 = CARTESIAN_POINT ( 'NONE',  ( 11.87979499014718100, 0.4493355594908402000, 1.980155215333630100 ) ) ;
#730 = CARTESIAN_POINT ( 'NONE',  ( 20.00000000000000000, 1.499999999999998700, 4.500000000000000900 ) ) ;
#731 = ORIENTED_EDGE ( 'NONE', *, *, #304, .T. ) ;
#732 = CARTESIAN_POINT ( 'NONE',  ( 14.68173489799848000, 0.4978616428739373000, 0.2748852048468163300 ) ) ;
#733 = CARTESIAN_POINT ( 'NONE',  ( 10.47290229259424500, 0.4249649974513415300, 2.439454888092385000E-016 ) ) ;
#734 = LINE ( 'NONE', #1193, #559 ) ;
#735 = CYLINDRICAL_SURFACE ( 'NONE', #1465, 2.100000000000001000 ) ;
#736 = SURFACE_STYLE_FILL_AREA ( #269 ) ;
#737 = CARTESIAN_POINT ( 'NONE',  ( 13.47071467668204500, 4.347949811857223100, -2.032834812311053800 ) ) ;
#738 = LINE ( 'NONE', #2245, #1315 ) ;
#739 = CARTESIAN_POINT ( 'NONE',  ( 11.29492563996550400, 0.4392042195852425300, 1.664425483353882700 ) ) ;
#740 = DIRECTION ( 'NONE',  ( 1.000000000000000000, 0.0000000000000000000, 0.0000000000000000000 ) ) ;
#741 = CARTESIAN_POINT ( 'NONE',  ( 14.02906971452026100, 0.4865569174445610300, -1.531189512667892000 ) ) ;
#742 = EDGE_CURVE ( 'NONE', #926, #325, #2046, .T. ) ;
#743 = ORIENTED_EDGE ( 'NONE', *, *, #903, .T. ) ;
#744 = CARTESIAN_POINT ( 'NONE',  ( 14.93427625959362400, 4.800000000000000700, 1.536900434323508000 ) ) ;
#745 = CARTESIAN_POINT ( 'NONE',  ( 10.75386691098673500, 0.4298323233021549800, 1.048998485370999700 ) ) ;
#746 = ORIENTED_EDGE ( 'NONE', *, *, #36, .F. ) ;
#747 = PRODUCT_DEFINITION_CONTEXT ( 'detailed design', #1918, 'design' ) ;
#748 = CARTESIAN_POINT ( 'NONE',  ( 13.37774372887573500, 0.4752765155560776900, -1.945996895083114800 ) ) ;
#749 = CARTESIAN_POINT ( 'NONE',  ( 4.800000000000000700, 5.799999999999999800, -3.000000000000000000 ) ) ;
#750 = ADVANCED_FACE ( 'NONE', ( #708 ), #1016, .T. ) ;
#751 = CARTESIAN_POINT ( 'NONE',  ( 13.25437428397022000, 4.800000000000000700, 2.503308755944032800 ) ) ;
#752 = EDGE_LOOP ( 'NONE', ( #2295, #1499, #1335, #507 ) ) ;
#753 = CARTESIAN_POINT ( 'NONE',  ( 12.37590766564657100, 4.328987841645538700, 2.032834812311055100 ) ) ;
#754 = LINE ( 'NONE', #749, #1167 ) ;
#755 = EDGE_CURVE ( 'NONE', #400, #1698, #1519, .T. ) ;
#756 = VECTOR ( 'NONE', #2050, 1000.000000000000000 ) ;
#757 = CARTESIAN_POINT ( 'NONE',  ( 12.50000000000000000, -0.5000000000000000000, 0.0000000000000000000 ) ) ;
#758 = LINE ( 'NONE', #1886, #2104 ) ;
#759 = CARTESIAN_POINT ( 'NONE',  ( 6.500000000000000900, 3.299999999999996700, 3.000000000000000000 ) ) ;
#760 = CARTESIAN_POINT ( 'NONE',  ( 0.0000000000000000000, 0.0000000000000000000, -3.000000000000000000 ) ) ;
#761 = CARTESIAN_POINT ( 'NONE',  ( 0.0000000000000000000, 0.0000000000000000000, 4.500000000000000900 ) ) ;
#762 =( LENGTH_UNIT ( ) NAMED_UNIT ( * ) SI_UNIT ( .MILLI., .METRE. ) );
#763 = ORIENTED_EDGE ( 'NONE', *, *, #2217, .T. ) ;
#764 = ORIENTED_EDGE ( 'NONE', *, *, #2076, .T. ) ;
#765 = B_SPLINE_CURVE_WITH_KNOTS ( 'NONE', 1,
 ( #1127, #1996 ),
 .UNSPECIFIED., .F., .F.,
 ( 2, 2 ),
 ( 0.0000000000000000000, 1.000000000000000000 ),
 .UNSPECIFIED. ) ;
#766 = CARTESIAN_POINT ( 'NONE',  ( 14.62514787286265700, 0.4968696776570129000, 0.5414440452436359900 ) ) ;
#767 = VERTEX_POINT ( 'NONE', #126 ) ;
#768 = ORIENTED_EDGE ( 'NONE', *, *, #1878, .F. ) ;
#769 = CARTESIAN_POINT ( 'NONE',  ( 15.19661584863945200, 4.799999999999997200, -1.116542392150879700 ) ) ;
#770 = CARTESIAN_POINT ( 'NONE',  ( 12.25451395941979300, -1.478233952607736500E-015, 2.519478524227242400 ) ) ;
#771 = DIRECTION ( 'NONE',  ( 0.0000000000000000000, 0.0000000000000000000, -1.000000000000000000 ) ) ;
#772 = CARTESIAN_POINT ( 'NONE',  ( 10.13584063463608100, -1.307438634430010000E-015, 0.6532762520119060900 ) ) ;
#773 = CARTESIAN_POINT ( 'NONE',  ( 12.41858809483783500, -1.598625991459043800E-015, 2.519549815588650000 ) ) ;
#774 = EDGE_CURVE ( 'NONE', #617, #381, #582, .T. ) ;
#775 = EDGE_LOOP ( 'NONE', ( #621, #230, #1452, #1409 ) ) ;
#776 = VECTOR ( 'NONE', #135, 1000.000000000000000 ) ;
#777 = CIRCLE ( 'NONE', #1436, 2.600000000000025800 ) ;
#778 = CARTESIAN_POINT ( 'NONE',  ( 10.60763910967806600, 0.4272987823376912500, -0.7412705632244406300 ) ) ;
#779 = EDGE_CURVE ( 'NONE', #1042, #555, #183, .T. ) ;
#780 = CARTESIAN_POINT ( 'NONE',  ( 11.75930838182012100, 0.4472455232185360600, -1.933125708542590400 ) ) ;
#781 = DIRECTION ( 'NONE',  ( 1.807003620809173900E-016, -1.000000000000000000, 0.0000000000000000000 ) ) ;
#782 = CARTESIAN_POINT ( 'NONE',  ( 14.98412274528444900, -1.859269740067702800E-015, 0.8118375507377174600 ) ) ;
#783 = LINE ( 'NONE', #1759, #1704 ) ;
#784 = CARTESIAN_POINT ( 'NONE',  ( 14.96433596674950700, 4.373807331159032900, -0.5414440452121193100 ) ) ;
#785 = CARTESIAN_POINT ( 'NONE',  ( 14.19567592315943500, 4.799999999999999800, 2.202038677933507000 ) ) ;
#786 = CARTESIAN_POINT ( 'NONE',  ( 11.52245132889277600, 0.4431457477635263900, -1.816459393037716600 ) ) ;
#787 = CARTESIAN_POINT ( 'NONE',  ( 13.78673085656923200, 0.4823600461508471000, 1.726088110208107400 ) ) ;
#788 = CARTESIAN_POINT ( 'NONE',  ( 12.59224805835839000, 4.800000000000000700, -2.503308755944033200 ) ) ;
#789 = CARTESIAN_POINT ( 'NONE',  ( 11.14922356682690100, 4.307741839394400300, 1.138901859405726700 ) ) ;
#790 = ORIENTED_EDGE ( 'NONE', *, *, #349, .F. ) ;
#791 = CARTESIAN_POINT ( 'NONE',  ( 11.89454151853710900, 0.4495922355713552500, -1.986011254614659300 ) ) ;
#792 = PLANE ( 'NONE',  #951 ) ;
#793 = CARTESIAN_POINT ( 'NONE',  ( 14.12689422158712700, -1.705742541373738100E-015, -2.003312759142096100 ) ) ;
#794 = ORIENTED_EDGE ( 'NONE', *, *, #257, .T. ) ;
#795 = DIRECTION ( 'NONE',  ( 1.000000000000000000, 0.0000000000000000000, -0.0000000000000000000 ) ) ;
#796 = EDGE_LOOP ( 'NONE', ( #296, #1669, #1472, #544 ) ) ;
#797 = EDGE_CURVE ( 'NONE', #41, #1351, #1066, .T. ) ;
#798 = CARTESIAN_POINT ( 'NONE',  ( 11.72070339187466100, 4.317639953849020000, 1.726088110203695600 ) ) ;
#799 = CARTESIAN_POINT ( 'NONE',  ( 13.24065542375268700, 0.4728975940546755700, -1.996175096467525600 ) ) ;
#800 = ORIENTED_EDGE ( 'NONE', *, *, #1480, .F. ) ;
#801 = CARTESIAN_POINT ( 'NONE',  ( 11.04135193298493800, -1.438443758834224600E-015, -2.003312759142098300 ) ) ;
#802 = CARTESIAN_POINT ( 'NONE',  ( 13.19966515111189600, 4.343255255667916300, 2.086463365382513300 ) ) ;
#803 = CARTESIAN_POINT ( 'NONE',  ( 12.38396160206061400, 4.329130862331436600, 2.030885955619387200 ) ) ;
#804 = ADVANCED_FACE ( 'NONE', ( #1466, #1936 ), #2055, .F. ) ;
#805 = CARTESIAN_POINT ( 'NONE',  ( 14.94482676413118200, 4.800000000000000700, -1.549459225666474800 ) ) ;
#806 = ORIENTED_EDGE ( 'NONE', *, *, #1703, .F. ) ;
#807 = CARTESIAN_POINT ( 'NONE',  ( 10.48651125657358600, 0.4252007036232850500, 0.2748852048468166100 ) ) ;
#808 = EDGE_CURVE ( 'NONE', #1291, #263, #1427, .T. ) ;
#809 = FACE_OUTER_BOUND ( 'NONE', #1582, .T. ) ;
#810 = LINE ( 'NONE', #283, #756 ) ;
#811 = CARTESIAN_POINT ( 'NONE',  ( 13.32365314014905500, 4.345402431062706400, 2.061900618411199200 ) ) ;
#812 = LINE ( 'NONE', #322, #1033 ) ;
#813 = STYLED_ITEM ( 'NONE', ( #1611 ), #1696 ) ;
#814 = AXIS2_PLACEMENT_3D ( 'NONE', #1989, #2187, #945 ) ;
#815 = CARTESIAN_POINT ( 'NONE',  ( 11.24660784753741900, 4.309429648781228500, -1.276565390644196900 ) ) ;
#816 = CARTESIAN_POINT ( 'NONE',  ( 12.30776909733844000, 0.4567447443320762400, 2.086463365382513800 ) ) ;
#817 = CARTESIAN_POINT ( 'NONE',  ( 13.95452351189543100, 4.356326603329938200, 1.832772447443011600 ) ) ;
#818 = EDGE_CURVE ( 'NONE', #1862, #1946, #948, .T. ) ;
#819 = ADVANCED_FACE ( 'NONE', ( #2251 ), #50, .F. ) ;
#820 = EDGE_LOOP ( 'NONE', ( #1855, #1630, #806, #651, #879, #1857, #500, #385 ) ) ;
#821 = AXIS2_PLACEMENT_3D ( 'NONE', #2242, #1076, #2129 ) ;
#822 = ORIENTED_EDGE ( 'NONE', *, *, #2159, .T. ) ;
#823 = CARTESIAN_POINT ( 'NONE',  ( 15.02092299187675400, 4.374799296376710200, -0.2748852048468161100 ) ) ;
#824 = CARTESIAN_POINT ( 'NONE',  ( 1.499999999999999800, 13.50000000000000200, -4.500000000000000900 ) ) ;
#825 = CARTESIAN_POINT ( 'NONE',  ( 14.48175760964724500, 0.4943980521711873700, 0.9306182433907338500 ) ) ;
#826 = CARTESIAN_POINT ( 'NONE',  ( 18.49999999999999300, -2.231612629746264400E-015, 3.000000000000000000 ) ) ;
#827 = CARTESIAN_POINT ( 'NONE',  ( 14.47868907936076300, 4.800000000000001600, 2.013823115816384400 ) ) ;
#828 = CARTESIAN_POINT ( 'NONE',  ( 14.51329639313847200, 4.366005900209746200, 1.383282447114721800 ) ) ;
#829 = VERTEX_POINT ( 'NONE', #1262 ) ;
#830 = CARTESIAN_POINT ( 'NONE',  ( 14.36927701897255700, 4.363512955181599700, -1.531567709389991500 ) ) ;
#831 = CARTESIAN_POINT ( 'NONE',  ( 18.49999999999999600, 4.799999999999999800, 3.000000000000000000 ) ) ;
#832 = CARTESIAN_POINT ( 'NONE',  ( 5.800000000000000700, 4.799999999999999800, 3.000000000000000000 ) ) ;
#833 = CARTESIAN_POINT ( 'NONE',  ( 13.97927370186628700, 0.4856950709195597700, -1.582112848186451700 ) ) ;
#834 = DIRECTION ( 'NONE',  ( -1.000000000000000000, 0.0000000000000000000, 0.0000000000000000000 ) ) ;
#835 = DIRECTION ( 'NONE',  ( -0.0000000000000000000, -1.000000000000000000, -0.0000000000000000000 ) ) ;
#836 = EDGE_LOOP ( 'NONE', ( #2201, #854, #1901, #2173 ) ) ;
#837 = CARTESIAN_POINT ( 'NONE',  ( 13.45058782158419700, 0.4765375775425244000, 1.915140825608898900 ) ) ;
#838 = LINE ( 'NONE', #388, #1762 ) ;
#839 = VECTOR ( 'NONE', #195, 1000.000000000000000 ) ;
#840 =( GEOMETRIC_REPRESENTATION_CONTEXT ( 3 ) GLOBAL_UNCERTAINTY_ASSIGNED_CONTEXT ( ( #585 ) ) GLOBAL_UNIT_ASSIGNED_CONTEXT ( ( #635, #1034, #1261 ) ) REPRESENTATION_CONTEXT ( 'NONE', 'WORKASPACE' ) );
#841 = CARTESIAN_POINT ( 'NONE',  ( 3.300000000000001200, 6.300000000000001600, 4.500000000000000900 ) ) ;
#842 = CARTESIAN_POINT ( 'NONE',  ( 11.52608400016659800, 0.4432060207231833800, -1.822446784913008400 ) ) ;
#843 = FACE_OUTER_BOUND ( 'NONE', #1442, .T. ) ;
#844 = AXIS2_PLACEMENT_3D ( 'NONE', #1383, #629, #328 ) ;
#845 = DIRECTION ( 'NONE',  ( -1.000000000000000000, 0.0000000000000000000, 0.0000000000000000000 ) ) ;
#846 = CARTESIAN_POINT ( 'NONE',  ( 10.39413708459773000, 4.799999999999998900, 5.421010862427522200E-017 ) ) ;
#847 = DIRECTION ( 'NONE',  ( 1.000000000000000000, 0.0000000000000000000, 0.0000000000000000000 ) ) ;
#848 = VECTOR ( 'NONE', #1392, 1000.000000000000000 ) ;
#849 = DIRECTION ( 'NONE',  ( -0.08715574274765439100, -0.9961946980917458800, -0.0000000000000000000 ) ) ;
#850 = PLANE ( 'NONE',  #2060 ) ;
#851 = EDGE_LOOP ( 'NONE', ( #1060, #1098 ) ) ;
#852 = DIRECTION ( 'NONE',  ( 1.000000000000000000, 9.427844978134823900E-017, -0.0000000000000000000 ) ) ;
#853 = CARTESIAN_POINT ( 'NONE',  ( 10.67867602125879000, -1.392706048158438000E-015, 1.664985265571235800 ) ) ;
#854 = ORIENTED_EDGE ( 'NONE', *, *, #857, .F. ) ;
#855 = DIRECTION ( 'NONE',  ( -0.0000000000000000000, -0.0000000000000000000, 1.000000000000000000 ) ) ;
#856 = VERTEX_POINT ( 'NONE', #39 ) ;
#857 = EDGE_CURVE ( 'NONE', #146, #1698, #537, .T. ) ;
#858 = CARTESIAN_POINT ( 'NONE',  ( 12.91373219515569600, -1.557753938587589900E-015, -2.519478524227370700 ) ) ;
#859 = CARTESIAN_POINT ( 'NONE',  ( 13.70493047998143500, -1.673442483602969700E-015, 2.264654066849449300 ) ) ;
#860 = DIRECTION ( 'NONE',  ( 1.000000000000000000, 0.0000000000000000000, 0.0000000000000000000 ) ) ;
#861 = CARTESIAN_POINT ( 'NONE',  ( 13.73824980946117700, 4.799999999999997200, -2.390866944680438300 ) ) ;
#862 = CARTESIAN_POINT ( 'NONE',  ( 11.69065545957260700, 4.317119230044004200, -1.706391794271066500 ) ) ;
#863 = CARTESIAN_POINT ( 'NONE',  ( 10.39413708459773200, 4.799999999999997200, 0.1649050718693138900 ) ) ;
#864 =( NAMED_UNIT ( * ) PLANE_ANGLE_UNIT ( ) SI_UNIT ( $, .RADIAN. ) );
#865 = CARTESIAN_POINT ( 'NONE',  ( 14.51387761345914000, 4.366017310817047900, -1.387735632797048500 ) ) ;
#866 = ORIENTED_EDGE ( 'NONE', *, *, #1760, .T. ) ;
#867 = CARTESIAN_POINT ( 'NONE',  ( 15.09699406599963300, -1.957959937921312800E-015, -0.3298033177058240500 ) ) ;
#868 = VECTOR ( 'NONE', #1467, 1000.000000000000000 ) ;
#869 = VERTEX_POINT ( 'NONE', #1286 ) ;
#870 = CARTESIAN_POINT ( 'NONE',  ( 10.65000649368915300, 4.800000000000000700, -1.116542392150873700 ) ) ;
#871 = VECTOR ( 'NONE', #125, 1000.000000000000000 ) ;
#872 = CARTESIAN_POINT ( 'NONE',  ( 12.26677882461325800, 4.327102405944734700, -1.996175096440037100 ) ) ;
#873 = APPLICATION_PROTOCOL_DEFINITION ( 'draft international standard', 'automotive_design', 1998, #1918 ) ;
#874 = CARTESIAN_POINT ( 'NONE',  ( 15.37159361381426100, 4.799999999999997200, -0.6532762520119119700 ) ) ;
#875 = DIRECTION ( 'NONE',  ( 0.0000000000000000000, 0.0000000000000000000, 1.000000000000000000 ) ) ;
#876 = CARTESIAN_POINT ( 'NONE',  ( 12.91518619009193900, -1.639398447178252500E-015, -2.503308755944026600 ) ) ;
#877 = ORIENTED_EDGE ( 'NONE', *, *, #774, .T. ) ;
#878 = CARTESIAN_POINT ( 'NONE',  ( 14.59465640996209300, 4.800000000000000700, 1.898196254708871300 ) ) ;
#879 = ORIENTED_EDGE ( 'NONE', *, *, #2199, .T. ) ;
#880 = CARTESIAN_POINT ( 'NONE',  ( 13.10740925383115800, 4.341657390869381800, -2.100000000000000100 ) ) ;
#881 = CARTESIAN_POINT ( 'NONE',  ( 11.09112663244710400, 4.306735536504545400, -1.052415776718767400 ) ) ;
#882 = CARTESIAN_POINT ( 'NONE',  ( 10.41044018245069800, 4.799999999999997200, -0.3298033177058273800 ) ) ;
#883 = CARTESIAN_POINT ( 'NONE',  ( 10.31081839981089000, -1.317168653824950600E-015, -1.116542392150875000 ) ) ;
#884 = DIRECTION ( 'NONE',  ( 0.0000000000000000000, 0.0000000000000000000, -1.000000000000000000 ) ) ;
#885 = CARTESIAN_POINT ( 'NONE',  ( 14.96700788906598200, 4.373865491091254200, 0.5444941476209211900 ) ) ;
#886 = CARTESIAN_POINT ( 'NONE',  ( 12.78513132131061500, 4.336075562760221700, 2.100000000000001000 ) ) ;
#887 = CARTESIAN_POINT ( 'NONE',  ( 1.499999999999999800, 13.50000000000000200, -4.500000000000000900 ) ) ;
#888 = CARTESIAN_POINT ( 'NONE',  ( 10.90547576133772800, 0.4324571354683599000, 1.280979201963561500 ) ) ;
#889 = CARTESIAN_POINT ( 'NONE',  ( 13.97927370186628700, 0.4856950709195597700, -1.582112848186451700 ) ) ;
#890 = VERTEX_POINT ( 'NONE', #220 ) ;
#891 = CARTESIAN_POINT ( 'NONE',  ( 12.37590766564656500, 4.328987841645540500, -2.032834812311054200 ) ) ;
#892 = FACE_OUTER_BOUND ( 'NONE', #1249, .T. ) ;
#893 = CARTESIAN_POINT ( 'NONE',  ( 12.30862546870318400, 0.4567733204645923500, 2.082327000593718700 ) ) ;
#894 = DIRECTION ( 'NONE',  ( 0.0000000000000000000, 0.0000000000000000000, -1.000000000000000000 ) ) ;
#895 = CARTESIAN_POINT ( 'NONE',  ( 13.26439075856618100, 0.4733133552938312300, 1.992745113735793400 ) ) ;
#896 = VECTOR ( 'NONE', #1457, 1000.000000000000000 ) ;
#897 = CARTESIAN_POINT ( 'NONE',  ( 11.52608400016659800, 0.4432060207231833800, -1.822446784913008400 ) ) ;
#898 = EDGE_CURVE ( 'NONE', #1156, #325, #1881, .T. ) ;
#899 = LINE ( 'NONE', #2077, #848 ) ;
#900 = CARTESIAN_POINT ( 'NONE',  ( 10.41044018245069800, 4.800000000000000700, 0.3298033177058289400 ) ) ;
#901 = CARTESIAN_POINT ( 'NONE',  ( 11.80502117833559500, 0.4480376077081164000, 1.951792963117302800 ) ) ;
#902 = CARTESIAN_POINT ( 'NONE',  ( 14.69534386197782200, 0.4980973490458810400, -0.1374454471134526100 ) ) ;
#903 = EDGE_CURVE ( 'NONE', #924, #1550, #479, .T. ) ;
#904 = VERTEX_POINT ( 'NONE', #1359 ) ;
#905 = EDGE_LOOP ( 'NONE', ( #2172, #565, #1930, #630 ) ) ;
#906 = CARTESIAN_POINT ( 'NONE',  ( 12.78513132131061500, 4.336075562760221700, 2.100000000000001000 ) ) ;
#907 = EDGE_LOOP ( 'NONE', ( #2146, #265, #2293, #1955 ) ) ;
#908 = CARTESIAN_POINT ( 'NONE',  ( 13.06149102101799500, 4.340862090742541000, -2.100000000000000100 ) ) ;
#909 = CARTESIAN_POINT ( 'NONE',  ( 11.17615802241877500, 0.4371467241142961700, 1.565448705394571800 ) ) ;
#910 = DIRECTION ( 'NONE',  ( -1.284980352575412700E-016, 1.000000000000000000, 0.0000000000000000000 ) ) ;
#911 = CARTESIAN_POINT ( 'NONE',  ( 13.38358657674423400, 0.4753778087589945500, -1.943634995651620100 ) ) ;
#912 = CARTESIAN_POINT ( 'NONE',  ( 10.66039240974816400, 0.4282124701077167900, 0.8679514096936238300 ) ) ;
#913 = ORIENTED_EDGE ( 'NONE', *, *, #573, .T. ) ;
#914 = EDGE_CURVE ( 'NONE', #976, #1803, #416, .T. ) ;
#915 = FACE_OUTER_BOUND ( 'NONE', #1319, .T. ) ;
#916 = ORIENTED_EDGE ( 'NONE', *, *, #1161, .F. ) ;
#917 = LINE ( 'NONE', #2269, #1787 ) ;
#918 = CARTESIAN_POINT ( 'NONE',  ( 13.17469391897167300, 0.4717550539176737500, 2.016458227065328800 ) ) ;
#919 = VERTEX_POINT ( 'NONE', #2094 ) ;
#920 = CARTESIAN_POINT ( 'NONE',  ( 13.85890192261689600, 4.354673184031289800, 1.887548922811610900 ) ) ;
#921 = LINE ( 'NONE', #1551, #2162 ) ;
#922 = DIRECTION ( 'NONE',  ( 1.000000000000000000, 0.0000000000000000000, 0.0000000000000000000 ) ) ;
#923 = DIRECTION ( 'NONE',  ( -1.807003620809173900E-016, 1.000000000000000000, -0.0000000000000000000 ) ) ;
#924 = VERTEX_POINT ( 'NONE', #1800 ) ;
#925 = CARTESIAN_POINT ( 'NONE',  ( 14.46608231546540900, 4.799999999999997200, 2.003312759142101800 ) ) ;
#926 = VERTEX_POINT ( 'NONE', #1294 ) ;
#927 = AXIS2_PLACEMENT_3D ( 'NONE', #757, #404, #1116 ) ;
#928 = CARTESIAN_POINT ( 'NONE',  ( 15.03453195585609200, 4.375035002548650600, 0.0000000000000000000 ) ) ;
#929 = AXIS2_PLACEMENT_3D ( 'NONE', #1313, #1470, #67 ) ;
#930 = ORIENTED_EDGE ( 'NONE', *, *, #818, .F. ) ;
#931 = ORIENTED_EDGE ( 'NONE', *, *, #1213, .T. ) ;
#932 = B_SPLINE_CURVE_WITH_KNOTS ( 'NONE', 1,
 ( #251, #1873 ),
 .UNSPECIFIED., .F., .F.,
 ( 2, 2 ),
 ( 0.0000000000000000000, 1.000000000000000000 ),
 .UNSPECIFIED. ) ;
#933 = CARTESIAN_POINT ( 'NONE',  ( 14.64191301405901900, 0.4971574475412139400, 0.4744574421468401600 ) ) ;
#934 = EDGE_CURVE ( 'NONE', #161, #1510, #376, .T. ) ;
#935 = STYLED_ITEM ( 'NONE', ( #1206 ), #986 ) ;
#936 = CARTESIAN_POINT ( 'NONE',  ( 11.80250376846890200, 4.799999999999997200, -2.264654066849456400 ) ) ;
#937 = CARTESIAN_POINT ( 'NONE',  ( 1.500000000000000000, 6.300000000000001600, -4.500000000000000900 ) ) ;
#938 = ORIENTED_EDGE ( 'NONE', *, *, #276, .F. ) ;
#939 =( NAMED_UNIT ( * ) SI_UNIT ( $, .STERADIAN. ) SOLID_ANGLE_UNIT ( ) );
#940 = CARTESIAN_POINT ( 'NONE',  ( 14.68208745563990000, 0.4978535105745071600, 0.2722002648880205200 ) ) ;
#941 = CARTESIAN_POINT ( 'NONE',  ( 10.75466250734543100, 0.4298460365196869500, -1.048693284524389700 ) ) ;
#942 = ORIENTED_EDGE ( 'NONE', *, *, #307, .T. ) ;
#943 = CARTESIAN_POINT ( 'NONE',  ( 10.81209038647252100, 4.301902650954109400, 2.439454888092385000E-016 ) ) ;
#944 = CARTESIAN_POINT ( 'NONE',  ( 13.24744959381805200, -1.598009504080615900E-015, 2.453350604334703500 ) ) ;
#945 = DIRECTION ( 'NONE',  ( -1.000000000000000000, 0.0000000000000000000, 0.0000000000000000000 ) ) ;
#946 = CIRCLE ( 'NONE', #345, 2.100000000000000500 ) ;
#947 = CARTESIAN_POINT ( 'NONE',  ( 10.31081839981088800, -1.317168653824950600E-015, 1.116542392150870600 ) ) ;
#948 = LINE ( 'NONE', #1585, #58 ) ;
#949 = CARTESIAN_POINT ( 'NONE',  ( 12.91518619009194200, -1.639398447178252300E-015, 2.503308755944026600 ) ) ;
#950 = STYLED_ITEM ( 'NONE', ( #1001 ), #299 ) ;
#951 = AXIS2_PLACEMENT_3D ( 'NONE', #1481, #1867, #781 ) ;
#952 = CARTESIAN_POINT ( 'NONE',  ( 14.31846179574456300, 4.362632724422332400, -1.582112848186450800 ) ) ;
#953 = SURFACE_STYLE_USAGE ( .BOTH. , #2197 ) ;
#954 = CARTESIAN_POINT ( 'NONE',  ( 15.09699406599963500, -1.957959937921312800E-015, 0.3298033177058262200 ) ) ;
#955 = CARTESIAN_POINT ( 'NONE',  ( 14.75277174112495300, 4.370153963481136800, -1.048693284490107800 ) ) ;
#956 = CARTESIAN_POINT ( 'NONE',  ( 10.46045693363863500, 4.800000000000000700, 0.6608569229122778200 ) ) ;
#957 = CARTESIAN_POINT ( 'NONE',  ( 14.31846179574455700, 4.362632724422331500, 1.582112848186453700 ) ) ;
#958 = CARTESIAN_POINT ( 'NONE',  ( 11.24577560504921300, 4.309415353304080700, 1.276883128368197600 ) ) ;
#959 = CARTESIAN_POINT ( 'NONE',  ( 12.75666469536996300, 0.4645044011197601600, -2.094102983739206000 ) ) ;
#960 = CARTESIAN_POINT ( 'NONE',  ( 11.65094641917927700, 4.800000000000000700, -2.202038677937535400 ) ) ;
#961 = CARTESIAN_POINT ( 'NONE',  ( 13.70493047998143900, -1.673442483602969500E-015, -2.264654066849447500 ) ) ;
#962 = EDGE_CURVE ( 'NONE', #919, #1459, #2191, .T. ) ;
#963 = ORIENTED_EDGE ( 'NONE', *, *, #779, .T. ) ;
#964 = LINE ( 'NONE', #1742, #1729 ) ;
#965 = CARTESIAN_POINT ( 'NONE',  ( 13.98135024828374100, 4.356793979276810400, 1.822446784913007500 ) ) ;
#966 = LINE ( 'NONE', #170, #868 ) ;
#967 = ORIENTED_EDGE ( 'NONE', *, *, #1752, .T. ) ;
#968 = CARTESIAN_POINT ( 'NONE',  ( 11.80429262989276600, 4.319087426311301500, 1.781918168544960800 ) ) ;
#969 = CARTESIAN_POINT ( 'NONE',  ( 14.60084673718534100, 4.367522300196311500, -1.276883128490368600 ) ) ;
#970 = CARTESIAN_POINT ( 'NONE',  ( 10.39413708459773000, 4.799999999999998900, 5.421010862427522200E-017 ) ) ;
#971 = CARTESIAN_POINT ( 'NONE',  ( 10.67867602125879100, -1.392706048158438000E-015, -1.664985265571239400 ) ) ;
#972 = LINE ( 'NONE', #1194, #450 ) ;
#973 = AXIS2_PLACEMENT_3D ( 'NONE', #2111, #1071, #549 ) ;
#974 = CARTESIAN_POINT ( 'NONE',  ( 14.60195848711260600, 4.367542864531633200, -1.280979201963561700 ) ) ;
#975 = CARTESIAN_POINT ( 'NONE',  ( 12.47882474310099900, 4.330770696684219000, 2.052968900554001500 ) ) ;
#976 = VERTEX_POINT ( 'NONE', #1580 ) ;
#977 = CARTESIAN_POINT ( 'NONE',  ( 13.07106296969217100, 0.4699649700496350600, -2.044797852091627500 ) ) ;
#978 = CARTESIAN_POINT ( 'NONE',  ( 15.45241369404831900, 4.800000000000000700, -0.3283548556788284900 ) ) ;
#979 = CARTESIAN_POINT ( 'NONE',  ( 10.58073026646893100, 0.4268325693685725000, 0.6766521725426478700 ) ) ;
#980 = VERTEX_POINT ( 'NONE', #198 ) ;
#981 = CARTESIAN_POINT ( 'NONE',  ( 10.47502872851435100, 4.800000000000000700, -0.6532762520119078700 ) ) ;
#982 = CARTESIAN_POINT ( 'NONE',  ( 13.33049859203894100, 4.345521278150627600, 2.060577291144661600 ) ) ;
#983 = DIRECTION ( 'NONE',  ( -0.0000000000000000000, -0.0000000000000000000, 1.000000000000000000 ) ) ;
#984 = ORIENTED_EDGE ( 'NONE', *, *, #1623, .T. ) ;
#985 = CARTESIAN_POINT ( 'NONE',  ( 14.50785374482150300, 0.4948498763897157800, -0.8679514096994276300 ) ) ;
#986 = ADVANCED_FACE ( 'NONE', ( #843 ), #1268, .F. ) ;
#987 = ORIENTED_EDGE ( 'NONE', *, *, #1613, .T. ) ;
#988 = CARTESIAN_POINT ( 'NONE',  ( 11.18741861291025000, 4.308403377677744400, -1.195760973698077900 ) ) ;
#989 = CARTESIAN_POINT ( 'NONE',  ( 12.72230292713971300, 0.4639244372397710600, 2.100000000000000100 ) ) ;
#990 = PLANE ( 'NONE',  #480 ) ;
#991 = CARTESIAN_POINT ( 'NONE',  ( 0.0000000000000000000, 13.50000000000000000, -3.000000000000000000 ) ) ;
#992 = CARTESIAN_POINT ( 'NONE',  ( 14.04123269596360800, 4.357830290136190500, 1.781507557339012000 ) ) ;
#993 = DIRECTION ( 'NONE',  ( 0.0000000000000000000, 0.0000000000000000000, -1.000000000000000000 ) ) ;
#994 = DIRECTION ( 'NONE',  ( 0.0000000000000000000, -1.000000000000000000, 0.0000000000000000000 ) ) ;
#995 = CARTESIAN_POINT ( 'NONE',  ( 10.81209038647251800, 4.301902650954109400, -0.1374454471134529100 ) ) ;
#996 = DIRECTION ( 'NONE',  ( -0.0000000000000000000, -0.0000000000000000000, -1.000000000000000000 ) ) ;
#997 = ORIENTED_EDGE ( 'NONE', *, *, #664, .F. ) ;
#998 = CARTESIAN_POINT ( 'NONE',  ( 14.62781979518770500, 0.4969278375884832500, 0.5444941476209261800 ) ) ;
#999 = CARTESIAN_POINT ( 'NONE',  ( -5.939696961967001700, 9.399999999999996800, 0.0000000000000000000 ) ) ;
#1000 = VECTOR ( 'NONE', #1202, 1000.000000000000000 ) ;
#1001 = PRESENTATION_STYLE_ASSIGNMENT (( #685 ) ) ;
#1002 = CARTESIAN_POINT ( 'NONE',  ( 14.60001449481480800, 4.367508004723335400, 1.276565390613481300 ) ) ;
#1003 = ADVANCED_FACE ( 'NONE', ( #2193 ), #354, .F. ) ;
#1004 = DIRECTION ( 'NONE',  ( -1.807003620809173900E-016, 1.000000000000000000, -0.0000000000000000000 ) ) ;
#1005 = VECTOR ( 'NONE', #1363, 1000.000000000000000 ) ;
#1006 = B_SPLINE_CURVE_WITH_KNOTS ( 'NONE', 3,
 ( #2176, #2298, #419, #1977, #2184, #1126, #778, #1299, #1819, #595, #941, #433, #239, #1812, #254, #1643, #399, #1324, #2192, #586, #2175, #2167, #1112, #248, #55, #600, #406, #1485, #786, #1309, #1652, #418, #409, #780, #1475, #79, #791, #2012, #1647, #2020, #1638, #1327, #446, #1840, #1664, #614, #1835, #959, #1824, #88, #623, #71, #1136, #2196, #1657, #260, #977, #1145, #799, #2028, #1320, #1489, #748, #911, #1602, #2144, #1092, #26, #1277, #212, #1444, #389, #561, #1782, #1959, #741, #1777, #554, #1596, #382, #2250, #487, #1021, #1541, #1875, #295, #1352, #985, #306, #1185, #1391 ),
 .UNSPECIFIED., .F., .F.,
 ( 4, 2, 2, 2, 2, 2, 2, 2, 1, 2, 2, 2, 1, 2, 2, 2, 1, 1, 2, 2, 2, 1, 1, 1, 2, 2, 2, 2, 2, 1, 1, 2, 2, 2, 1, 1, 2, 2, 2, 1, 2, 2, 2, 1, 2, 2, 2, 2, 2, 2, 2, 4 ),
 ( 0.0000000000000000000, 0.03125000000000693900, 0.04687500000001036700, 0.06250000000001379500, 0.07812500000001722200, 0.08593750000001902600, 0.09375000000002081700, 0.1093750000000245900, 0.1171875000000264800, 0.1210937500000273000, 0.1250000000000281200, 0.1406250000000312500, 0.1484375000000326700, 0.1523437500000333900, 0.1562500000000340800, 0.1718750000000380300, 0.1796875000000398300, 0.1835937500000406100, 0.1855468750000408000, 0.1875000000000410200, 0.2031250000000423300, 0.2109375000000427700, 0.2148437500000428300, 0.2167968750000430200, 0.2177734375000431300, 0.2187500000000432400, 0.2500000000000341900, 0.2656250000000296400, 0.2734375000000274200, 0.2773437500000260300, 0.2792968750000253700, 0.2802734375000250400, 0.2812500000000247000, 0.2968750000000230900, 0.3046875000000223200, 0.3085937500000217000, 0.3105468750000216500, 0.3125000000000215900, 0.3281250000000203200, 0.3359375000000195400, 0.3398437500000191000, 0.3437500000000187100, 0.3593750000000179900, 0.3671875000000177100, 0.3710937500000173700, 0.3750000000000171000, 0.3906250000000150400, 0.3984375000000140400, 0.4062500000000129900, 0.4218750000000108800, 0.4375000000000088300, 0.5000000000000000000 ),
 .UNSPECIFIED. ) ;
#1007 = CARTESIAN_POINT ( 'NONE',  ( 15.11329716385260000, -1.860218112491353300E-015, 4.336808689942017700E-016 ) ) ;
#1008 = CARTESIAN_POINT ( 'NONE',  ( 13.64216215440546700, 0.4798563257740388100, -1.822446784913007700 ) ) ;
#1009 = CARTESIAN_POINT ( 'NONE',  ( 1.500000000000000000, 6.300000000000001600, 4.500000000000000900 ) ) ;
#1010 = DIRECTION ( 'NONE',  ( -0.7071067811865459100, 0.7071067811865491300, -0.0000000000000000000 ) ) ;
#1011 = DIRECTION ( 'NONE',  ( -1.807003620809173900E-016, 1.000000000000000000, 0.0000000000000000000 ) ) ;
#1012 = CARTESIAN_POINT ( 'NONE',  ( 20.00000000000000000, -2.412554194320286800E-015, 3.000000000000000000 ) ) ;
#1013 = EDGE_LOOP ( 'NONE', ( #1711, #1907, #1590, #278 ) ) ;
#1014 = EDGE_CURVE ( 'NONE', #146, #1724, #783, .T. ) ;
#1015 = CARTESIAN_POINT ( 'NONE',  ( 10.99958050362450000, 4.305150123610658000, -0.8679514096889141600 ) ) ;
#1016 = PLANE ( 'NONE',  #575 ) ;
#1017 = CARTESIAN_POINT ( 'NONE',  ( 11.18897245270578400, 0.4373672755776625300, -1.582112848186457500 ) ) ;
#1018 = CARTESIAN_POINT ( 'NONE',  ( -5.939696961967001700, 9.399999999999996800, 0.0000000000000000000 ) ) ;
#1019 = ORIENTED_EDGE ( 'NONE', *, *, #415, .T. ) ;
#1020 = PLANE ( 'NONE',  #1037 ) ;
#1021 = CARTESIAN_POINT ( 'NONE',  ( 14.30138125063023900, 0.4912734362055940500, -1.222062595673630800 ) ) ;
#1022 = CARTESIAN_POINT ( 'NONE',  ( 4.800000000000000700, 5.799999999999999800, -3.000000000000000000 ) ) ;
#1023 = CARTESIAN_POINT ( 'NONE',  ( 4.799999999999999800, 13.50000000000000000, 3.000000000000000000 ) ) ;
#1024 = DIRECTION ( 'NONE',  ( 0.0000000000000000000, 0.0000000000000000000, 1.000000000000000000 ) ) ;
#1025 = CARTESIAN_POINT ( 'NONE',  ( 11.65089164670320100, 4.799999999999998900, 2.202170407195107100 ) ) ;
#1026 = CARTESIAN_POINT ( 'NONE',  ( 11.04135193298493400, -1.438443758834224800E-015, 2.003312759142097400 ) ) ;
#1027 = ORIENTED_EDGE ( 'NONE', *, *, #2240, .F. ) ;
#1028 = DIRECTION ( 'NONE',  ( -0.7071067811865466800, -9.086183209975541000E-017, 0.7071067811865483500 ) ) ;
#1029 = CARTESIAN_POINT ( 'NONE',  ( 10.39413708459772900, 4.800000000000000700, -0.1649050718693136600 ) ) ;
#1030 = CARTESIAN_POINT ( 'NONE',  ( 0.5000000000000117700, 9.399999999999996800, 0.0000000000000000000 ) ) ;
#1031 = LINE ( 'NONE', #1534, #1961 ) ;
#1032 =( LENGTH_UNIT ( ) NAMED_UNIT ( * ) SI_UNIT ( .MILLI., .METRE. ) );
#1033 = VECTOR ( 'NONE', #326, 1000.000000000000100 ) ;
#1034 =( NAMED_UNIT ( * ) PLANE_ANGLE_UNIT ( ) SI_UNIT ( $, .RADIAN. ) );
#1035 = CARTESIAN_POINT ( 'NONE',  ( 14.12689422158712600, -1.705742541373738300E-015, 2.003312759142097800 ) ) ;
#1036 = VECTOR ( 'NONE', #2119, 1000.000000000000000 ) ;
#1037 = AXIS2_PLACEMENT_3D ( 'NONE', #120, #795, #319 ) ;
#1038 = CARTESIAN_POINT ( 'NONE',  ( 11.01786411513706400, 4.800000000000000700, 1.664985265571243800 ) ) ;
#1039 = CARTESIAN_POINT ( 'NONE',  ( 11.84777322905532600, 4.319842569729843300, -1.807599170117464100 ) ) ;
#1040 = CARTESIAN_POINT ( 'NONE',  ( 10.82569935045186300, 4.302138357126054300, -0.2748852048468163900 ) ) ;
#1041 = DIRECTION ( 'NONE',  ( -1.000000000000000000, -1.284980352575412700E-016, -0.0000000000000000000 ) ) ;
#1042 = VERTEX_POINT ( 'NONE', #365 ) ;
#1043 = CARTESIAN_POINT ( 'NONE',  ( 14.98412274528445200, -1.859269740067703200E-015, -0.8118375507377115800 ) ) ;
#1044 = ORIENTED_EDGE ( 'NONE', *, *, #1760, .F. ) ;
#1045 = CARTESIAN_POINT ( 'NONE',  ( 10.87961445326263100, 4.303072162411508500, 0.5444941476209287400 ) ) ;
#1046 = CARTESIAN_POINT ( 'NONE',  ( 12.51713302485110900, 4.331433916068428800, -2.060770992154988200 ) ) ;
#1047 = CARTESIAN_POINT ( 'NONE',  ( 12.78513132131061900, 4.336075562760220800, -2.100000000000000100 ) ) ;
#1048 = DIRECTION ( 'NONE',  ( 0.0000000000000000000, -1.000000000000000000, 0.0000000000000000000 ) ) ;
#1049 = PRODUCT_CONTEXT ( 'NONE', #338, 'mechanical' ) ;
#1050 = CARTESIAN_POINT ( 'NONE',  ( 6.500000000000000900, 1.499999999999996900, -4.500000000000000900 ) ) ;
#1051 = CARTESIAN_POINT ( 'NONE',  ( 15.45255682141344500, 4.800000000000000700, 0.3283548556788278300 ) ) ;
#1052 = CARTESIAN_POINT ( 'NONE',  ( 14.08870478213512300, 0.4875903797264425400, 1.473263373262985400 ) ) ;
#1053 = CARTESIAN_POINT ( 'NONE',  ( 12.41858809483783000, -1.598625991459043800E-015, -2.519549815588650400 ) ) ;
#1054 =( GEOMETRIC_REPRESENTATION_CONTEXT ( 3 ) GLOBAL_UNCERTAINTY_ASSIGNED_CONTEXT ( ( #1597 ) ) GLOBAL_UNIT_ASSIGNED_CONTEXT ( ( #1032, #2266, #1216 ) ) REPRESENTATION_CONTEXT ( 'NONE', 'WORKASPACE' ) );
#1055 = CARTESIAN_POINT ( 'NONE',  ( 14.75549570988151500, 4.370202116998216400, 1.052415776718765800 ) ) ;
#1056 = CARTESIAN_POINT ( 'NONE',  ( 13.33801628531380200, 4.345651484909824400, -2.059089876593247500 ) ) ;
#1057 = CARTESIAN_POINT ( 'NONE',  ( 10.72841346518732000, 4.800000000000000700, 1.262673321978665000 ) ) ;
#1058 = EDGE_CURVE ( 'NONE', #1251, #1042, #2062, .T. ) ;
#1059 = CARTESIAN_POINT ( 'NONE',  ( 11.80250376846890200, 4.799999999999997200, -2.264654066849456400 ) ) ;
#1060 = ORIENTED_EDGE ( 'NONE', *, *, #1872, .T. ) ;
#1061 = CARTESIAN_POINT ( 'NONE',  ( 10.13584063463608400, -1.307438634430010200E-015, -0.6532762520119118600 ) ) ;
#1062 = AXIS2_PLACEMENT_3D ( 'NONE', #761, #771, #1297 ) ;
#1063 = LINE ( 'NONE', #1637, #1514 ) ;
#1064 = FACE_OUTER_BOUND ( 'NONE', #713, .T. ) ;
#1065 = CARTESIAN_POINT ( 'NONE',  ( 10.52331150316588200, 4.800000000000000700, 0.8118375507377216800 ) ) ;
#1066 = LINE ( 'NONE', #832, #1005 ) ;
#1067 = CARTESIAN_POINT ( 'NONE',  ( 10.81209038647252100, 4.301902650954109400, 2.439454888092385000E-016 ) ) ;
#1068 = CARTESIAN_POINT ( 'NONE',  ( 15.32331083916273300, 4.800000000000000700, -0.8118375507377200200 ) ) ;
#1069 = DIRECTION ( 'NONE',  ( 0.0000000000000000000, 1.000000000000000000, 0.0000000000000000000 ) ) ;
#1070 = CARTESIAN_POINT ( 'NONE',  ( 11.18897245270577500, 0.4373672755776621400, 1.582112848186449900 ) ) ;
#1071 = DIRECTION ( 'NONE',  ( -0.08715574274765440500, -0.9961946980917459900, -0.0000000000000000000 ) ) ;
#1072 = CARTESIAN_POINT ( 'NONE',  ( 13.64216215440546700, 0.4798563257740388100, -1.822446784913007700 ) ) ;
#1073 = EDGE_LOOP ( 'NONE', ( #688, #329, #718, #1214, #1528 ) ) ;
#1074 = ORIENTED_EDGE ( 'NONE', *, *, #2124, .F. ) ;
#1075 = CARTESIAN_POINT ( 'NONE',  ( 12.23459743449307700, 0.4554829076305854100, 2.071070225636372400 ) ) ;
#1076 = DIRECTION ( 'NONE',  ( -1.000000000000000000, -9.969675149291994500E-017, 0.0000000000000000000 ) ) ;
#1077 = EDGE_LOOP ( 'NONE', ( #341, #403, #355, #1074 ) ) ;
#1078 = CARTESIAN_POINT ( 'NONE',  ( 13.64216215440546000, 0.4798563257740384700, 1.822446784913009900 ) ) ;
#1079 = CARTESIAN_POINT ( 'NONE',  ( 11.18897245270578400, 0.4373672755776625300, -1.582112848186457500 ) ) ;
#1080 = PRODUCT_DEFINITION_CONTEXT ( 'detailed design', #2288, 'design' ) ;
#1081 = CARTESIAN_POINT ( 'NONE',  ( 11.33274472886947800, 4.310920342685709400, 1.387735632797052300 ) ) ;
#1082 = CARTESIAN_POINT ( 'NONE',  ( 11.78465957782604100, 0.4476845377382011600, 1.943634995650882900 ) ) ;
#1083 = CARTESIAN_POINT ( 'NONE',  ( 14.82875822719155500, 4.800000000000000700, -1.664985265571236900 ) ) ;
#1084 = CARTESIAN_POINT ( 'NONE',  ( 14.62781979518771000, 0.4969278375884831300, -0.5444941476209227400 ) ) ;
#1085 = PLANE ( 'NONE',  #1333 ) ;
#1086 = VECTOR ( 'NONE', #147, 1000.000000000000000 ) ;
#1087 = VERTEX_POINT ( 'NONE', #1386 ) ;
#1088 = CARTESIAN_POINT ( 'NONE',  ( 11.02567663880308800, 4.305601947828804100, 0.9306182433907337300 ) ) ;
#1089 = VECTOR ( 'NONE', #1106, 1000.000000000000000 ) ;
#1090 = CARTESIAN_POINT ( 'NONE',  ( 11.11492137885816300, 0.4360849123070643100, 1.508180334213619100 ) ) ;
#1091 = CARTESIAN_POINT ( 'NONE',  ( 1.500000000000000000, 6.300000000000001600, -3.000000000000000000 ) ) ;
#1092 = CARTESIAN_POINT ( 'NONE',  ( 13.61533541807062200, 0.4793889498294718300, -1.832772447413315800 ) ) ;
#1093 = EDGE_CURVE ( 'NONE', #2029, #1263, #206, .T. ) ;
#1094 = CARTESIAN_POINT ( 'NONE',  ( 10.47290229259424300, 0.4249649974513416400, 0.2713172939715362600 ) ) ;
#1095 = PRODUCT ( 'SNSD.30.52.33  Внутренний угловой соединитель 6-A(H19)', 'SNSD.30.52.33  Внутренний угловой соединитель 6-A(H19)', '', ( #1049 ) ) ;
#1096 = AXIS2_PLACEMENT_3D ( 'NONE', #1454, #37, #1794 ) ;
#1097 = CARTESIAN_POINT ( 'NONE',  ( 20.00000000000000000, 1.500000000000002700, 3.000000000000000000 ) ) ;
#1098 = ORIENTED_EDGE ( 'NONE', *, *, #1292, .T. ) ;
#1099 = ADVANCED_FACE ( 'NONE', ( #321 ), #323, .T. ) ;
#1100 = VERTEX_POINT ( 'NONE', #244 ) ;
#1101 = CARTESIAN_POINT ( 'NONE',  ( 18.60000000000000100, 1.499999999999998400, 4.500000000000000900 ) ) ;
#1102 = EDGE_LOOP ( 'NONE', ( #1027, #866, #2259, #622 ) ) ;
#1103 = CARTESIAN_POINT ( 'NONE',  ( 20.00000000000000000, 3.299999999999998000, 3.000000000000000000 ) ) ;
#1104 = CARTESIAN_POINT ( 'NONE',  ( 20.00000000000000000, 3.299999999999998000, 4.500000000000000900 ) ) ;
#1105 = CARTESIAN_POINT ( 'NONE',  ( 20.00000000000000000, -2.412554194320286800E-015, -3.099999999999995200 ) ) ;
#1106 = DIRECTION ( 'NONE',  ( -0.0000000000000000000, -0.0000000000000000000, 1.000000000000000000 ) ) ;
#1107 = CARTESIAN_POINT ( 'NONE',  ( 3.299999999999999800, 13.50000000000000200, 3.000000000000000000 ) ) ;
#1108 = ORIENTED_EDGE ( 'NONE', *, *, #1985, .F. ) ;
#1109 = LINE ( 'NONE', #1091, #371 ) ;
#1110 = CARTESIAN_POINT ( 'NONE',  ( 14.69534386197782000, 0.4980973490458813800, 0.1356427520417906900 ) ) ;
#1111 = LINE ( 'NONE', #2291, #1673 ) ;
#1112 = CARTESIAN_POINT ( 'NONE',  ( 11.26822616449001300, 0.4387418437336586000, -1.642544618380216100 ) ) ;
#1113 = VECTOR ( 'NONE', #1681, 1000.000000000000000 ) ;
#1114 = CARTESIAN_POINT ( 'NONE',  ( 10.81209038647252300, 4.301902650954110300, 0.1356427520470761500 ) ) ;
#1115 = DIRECTION ( 'NONE',  ( -0.0000000000000000000, -0.0000000000000000000, -1.000000000000000000 ) ) ;
#1116 = DIRECTION ( 'NONE',  ( 0.9961946980917458800, -0.08715574274765444700, 0.0000000000000000000 ) ) ;
#1117 = STYLED_ITEM ( 'NONE', ( #314 ), #1456 ) ;
#1118 = CARTESIAN_POINT ( 'NONE',  ( 14.50866645286274800, 0.4948642651406661700, 0.8659998526937144900 ) ) ;
#1119 = ORIENTED_EDGE ( 'NONE', *, *, #2159, .F. ) ;
#1120 = CARTESIAN_POINT ( 'NONE',  ( 11.52816054658405200, 4.314304929080431200, 1.582112848186455700 ) ) ;
#1121 = CARTESIAN_POINT ( 'NONE',  ( 14.13939977914681600, -1.705603412117599000E-015, 2.013722294610361900 ) ) ;
#1122 = ORIENTED_EDGE ( 'NONE', *, *, #1752, .F. ) ;
#1123 = PLANE ( 'NONE',  #929 ) ;
#1124 = CARTESIAN_POINT ( 'NONE',  ( 10.57315798885671600, -1.309686237158515000E-015, 1.536900434323503300 ) ) ;
#1125 = CARTESIAN_POINT ( 'NONE',  ( 14.92409089048130600, 4.373117447860135300, -0.6738712753105549100 ) ) ;
#1126 = CARTESIAN_POINT ( 'NONE',  ( 10.58334335797957200, 0.4268825521389393900, -0.6738712753408537800 ) ) ;
#1127 = CARTESIAN_POINT ( 'NONE',  ( 15.11329716385260000, -1.860218112491353300E-015, 4.336808689942017700E-016 ) ) ;
#1128 = CARTESIAN_POINT ( 'NONE',  ( 18.59999999999999400, 1.499999999999998700, -4.500000000000000900 ) ) ;
#1129 = CARTESIAN_POINT ( 'NONE',  ( 13.39906171558289600, -1.687584251102094000E-015, 2.390866944680431100 ) ) ;
#1130 = EDGE_CURVE ( 'NONE', #1574, #980, #1644, .T. ) ;
#1131 = CARTESIAN_POINT ( 'NONE',  ( 15.03453195585608500, 4.375035002548648900, -0.1356427520180388500 ) ) ;
#1132 = VECTOR ( 'NONE', #1972, 1000.000000000000000 ) ;
#1133 = ORIENTED_EDGE ( 'NONE', *, *, #742, .T. ) ;
#1134 = CARTESIAN_POINT ( 'NONE',  ( 10.86552123439309800, 4.302842552458622900, 0.4744574421545672000 ) ) ;
#1135 = EDGE_CURVE ( 'NONE', #425, #516, #1207, .T. ) ;
#1136 = CARTESIAN_POINT ( 'NONE',  ( 12.97557511821973000, 0.4683103150824428100, -2.063602220765383700 ) ) ;
#1137 = VECTOR ( 'NONE', #288, 1000.000000000000000 ) ;
#1138 =( NAMED_UNIT ( * ) PLANE_ANGLE_UNIT ( ) SI_UNIT ( $, .RADIAN. ) );
#1139 = LINE ( 'NONE', #2040, #1592 ) ;
#1140 = CARTESIAN_POINT ( 'NONE',  ( 15.11329716385260200, -1.897353801849632400E-015, -0.1649050718693103900 ) ) ;
#1141 = ADVANCED_FACE ( 'NONE', ( #1765 ), #1377, .F. ) ;
#1142 = CARTESIAN_POINT ( 'NONE',  ( 10.72841346518732300, 4.799999999999997200, -1.262673321978664300 ) ) ;
#1143 = CARTESIAN_POINT ( 'NONE',  ( 11.34543999713556900, 4.311141314193800000, 1.396009854918866900 ) ) ;
#1144 = PRODUCT_DEFINITION_SHAPE ( 'NONE', 'NONE',  #551 ) ;
#1145 = CARTESIAN_POINT ( 'NONE',  ( 13.14164401696114500, 0.4711825973890887400, -2.026619829329096700 ) ) ;
#1146 = CARTESIAN_POINT ( 'NONE',  ( 14.47858787302246600, 4.799999999999999800, -2.013722294613629900 ) ) ;
#1147 = CARTESIAN_POINT ( 'NONE',  ( 13.23989473844636700, -1.613208070278260800E-015, -2.438965988800015700 ) ) ;
#1148 = CARTESIAN_POINT ( 'NONE',  ( 20.00000000000000000, -2.412554194320286800E-015, 3.000000000000000000 ) ) ;
#1149 = ORIENTED_EDGE ( 'NONE', *, *, #1952, .F. ) ;
#1150 = ORIENTED_EDGE ( 'NONE', *, *, #1632, .F. ) ;
#1151 = AXIS2_PLACEMENT_3D ( 'NONE', #1148, #1190, #74 ) ;
#1152 = CARTESIAN_POINT ( 'NONE',  ( 11.95288883436477400, 4.321663953297539600, 1.865326854675043400 ) ) ;
#1153 = EDGE_LOOP ( 'NONE', ( #1810, #332, #1846, #1044 ) ) ;
#1154 = CARTESIAN_POINT ( 'NONE',  ( 10.38922537130905100, -1.292398976806695400E-015, -1.262673321978662300 ) ) ;
#1155 = FILL_AREA_STYLE_COLOUR ( '', #1423 ) ;
#1156 = VERTEX_POINT ( 'NONE', #2057 ) ;
#1157 = CARTESIAN_POINT ( 'NONE',  ( 13.73824980946118200, 4.800000000000000700, 2.390866944680437400 ) ) ;
#1158 = CARTESIAN_POINT ( 'NONE',  ( 12.50206335554995700, 4.331172878696552400, 2.057778869131931600 ) ) ;
#1159 = CARTESIAN_POINT ( 'NONE',  ( 15.45248525773088100, 4.799999999999998900, -4.336808689942017700E-016 ) ) ;
#1160 = CARTESIAN_POINT ( 'NONE',  ( 10.75193853856882600, 0.4297978830017771300, 1.052415776718769200 ) ) ;
#1161 = EDGE_CURVE ( 'NONE', #856, #66, #2253, .T. ) ;
#1162 = CARTESIAN_POINT ( 'NONE',  ( 13.08884615361250200, 4.800000000000000700, -2.519549815588656200 ) ) ;
#1163 = DIRECTION ( 'NONE',  ( -0.0000000000000000000, -0.0000000000000000000, -1.000000000000000000 ) ) ;
#1164 = CARTESIAN_POINT ( 'NONE',  ( 13.48083211092067800, 4.348120250893789100, 2.026619829306990800 ) ) ;
#1165 = CARTESIAN_POINT ( 'NONE',  ( 20.00000000000000000, 3.299999999999998000, -3.000000000000000000 ) ) ;
#1166 = VERTEX_POINT ( 'NONE', #496 ) ;
#1167 = VECTOR ( 'NONE', #35, 1000.000000000000000 ) ;
#1168 = FACE_OUTER_BOUND ( 'NONE', #456, .T. ) ;
#1169 = CARTESIAN_POINT ( 'NONE',  ( 11.02802114170588700, 4.305643729816296200, -0.9277282398258081000 ) ) ;
#1170 = CARTESIAN_POINT ( 'NONE',  ( 13.13152658280377100, 0.4710121583544518200, 2.032834812311053800 ) ) ;
#1171 = VECTOR ( 'NONE', #1699, 1000.000000000000000 ) ;
#1172 = DIRECTION ( 'NONE',  ( 1.000000000000000000, 0.0000000000000000000, 0.0000000000000000000 ) ) ;
#1173 = CARTESIAN_POINT ( 'NONE',  ( 10.90179557819280700, 4.799999999999999800, 1.549459225662008600 ) ) ;
#1174 = CARTESIAN_POINT ( 'NONE',  ( 14.08131152241975800, 4.358525276085147800, 1.756009783713399900 ) ) ;
#1175 = EDGE_CURVE ( 'NONE', #1496, #75, #899, .T. ) ;
#1176 = AXIS2_PLACEMENT_3D ( 'NONE', #2231, #292, #1048 ) ;
#1177 = CARTESIAN_POINT ( 'NONE',  ( 10.47290229259424700, 0.4249649974513417000, 2.505606583150913700E-016 ) ) ;
#1178 = CARTESIAN_POINT ( 'NONE',  ( 0.0000000000000000000, 13.50000000000000000, 3.000000000000000000 ) ) ;
#1179 = CARTESIAN_POINT ( 'NONE',  ( 12.75777618871611100, 4.799999999999997200, -2.519549815588657100 ) ) ;
#1180 = VERTEX_POINT ( 'NONE', #675 ) ;
#1181 = DIRECTION ( 'NONE',  ( -1.000000000000000000, 0.0000000000000000000, 0.0000000000000000000 ) ) ;
#1182 = CARTESIAN_POINT ( 'NONE',  ( 14.69534386197781100, 0.4980973490458814900, 0.1374454471134531100 ) ) ;
#1183 = ORIENTED_EDGE ( 'NONE', *, *, #1920, .T. ) ;
#1184 = CARTESIAN_POINT ( 'NONE',  ( 14.65920372939933400, 4.368534275825297200, 1.195760973726496000 ) ) ;
#1185 = CARTESIAN_POINT ( 'NONE',  ( 14.69534386197781500, 0.4980973490458813800, -0.2712855040835814300 ) ) ;
#1186 = CARTESIAN_POINT ( 'NONE',  ( 14.04232971235726700, 4.357850227190665400, -1.781918168597218700 ) ) ;
#1187 = DIRECTION ( 'NONE',  ( 0.0000000000000000000, 0.0000000000000000000, -1.000000000000000000 ) ) ;
#1188 = CARTESIAN_POINT ( 'NONE',  ( 13.26439075856618800, 0.4733133552938317300, -1.992745113735790600 ) ) ;
#1189 = CARTESIAN_POINT ( 'NONE',  ( 10.39413708459772900, 4.800000000000000700, -0.1649050718693136600 ) ) ;
#1190 = DIRECTION ( 'NONE',  ( 1.206277097160143600E-016, 1.000000000000000000, -0.0000000000000000000 ) ) ;
#1191 = CARTESIAN_POINT ( 'NONE',  ( 14.30219565057147700, 0.4912881905737878600, 1.222288749268509500 ) ) ;
#1192 = DIRECTION ( 'NONE',  ( 1.000000000000000000, 0.0000000000000000000, 0.0000000000000000000 ) ) ;
#1193 = CARTESIAN_POINT ( 'NONE',  ( 14.59200886599266600, -0.6830270597700742700, 0.0000000000000000000 ) ) ;
#1194 = CARTESIAN_POINT ( 'NONE',  ( 1.499999999999999800, 13.50000000000000200, -4.500000000000000900 ) ) ;
#1195 = STYLED_ITEM ( 'NONE', ( #607 ), #417 ) ;
#1196 = ORIENTED_EDGE ( 'NONE', *, *, #680, .T. ) ;
#1197 = CARTESIAN_POINT ( 'NONE',  ( 10.90547576133772800, 0.4324571354683597900, -1.280979201963564000 ) ) ;
#1198 = MECHANICAL_DESIGN_GEOMETRIC_PRESENTATION_REPRESENTATION (  '', ( #1117 ), #2183 ) ;
#1199 = CARTESIAN_POINT ( 'NONE',  ( 1.500000000000000000, 6.300000000000001600, 4.500000000000000900 ) ) ;
#1200 = FACE_OUTER_BOUND ( 'NONE', #186, .T. ) ;
#1201 = LINE ( 'NONE', #826, #671 ) ;
#1202 = DIRECTION ( 'NONE',  ( 0.7071067811865448000, 0.0000000000000000000, -0.7071067811865502400 ) ) ;
#1203 = CARTESIAN_POINT ( 'NONE',  ( 4.299999999999979400, 9.399999999999998600, 0.0000000000000000000 ) ) ;
#1204 = LINE ( 'NONE', #606, #1642 ) ;
#1205 = CARTESIAN_POINT ( 'NONE',  ( 4.799999999999999800, 13.50000000000000000, -3.000000000000000000 ) ) ;
#1206 = PRESENTATION_STYLE_ASSIGNMENT (( #716 ) ) ;
#1207 = LINE ( 'NONE', #1825, #1818 ) ;
#1208 = CARTESIAN_POINT ( 'NONE',  ( 15.04684508236744400, -1.815066460737657900E-015, -0.6608023588685595400 ) ) ;
#1209 = CARTESIAN_POINT ( 'NONE',  ( 11.46331567459062800, -1.470743816604993700E-015, 2.264654066849449300 ) ) ;
#1210 = DIRECTION ( 'NONE',  ( 1.000000000000000000, 1.807003620809173900E-016, 0.0000000000000000000 ) ) ;
#1211 = ORIENTED_EDGE ( 'NONE', *, *, #153, .T. ) ;
#1212 = CARTESIAN_POINT ( 'NONE',  ( 14.04411857385971300, 4.799999999999997200, 2.264654066849454100 ) ) ;
#1213 = EDGE_CURVE ( 'NONE', #81, #519, #738, .T. ) ;
#1214 = ORIENTED_EDGE ( 'NONE', *, *, #1790, .T. ) ;
#1215 = CARTESIAN_POINT ( 'NONE',  ( 14.60553746392268300, -1.761832533444437900E-015, -1.549358404456254500 ) ) ;
#1216 =( NAMED_UNIT ( * ) SI_UNIT ( $, .STERADIAN. ) SOLID_ANGLE_UNIT ( ) );
#1217 = CARTESIAN_POINT ( 'NONE',  ( 0.5000000000000117700, 7.299999999999995400, 2.571758278209442400E-016 ) ) ;
#1218 = ORIENTED_EDGE ( 'NONE', *, *, #898, .F. ) ;
#1219 = DIRECTION ( 'NONE',  ( 0.0000000000000000000, 0.0000000000000000000, 1.000000000000000000 ) ) ;
#1220 = CARTESIAN_POINT ( 'NONE',  ( 14.48957013331327400, -1.751480252049524900E-015, 1.664985265571233400 ) ) ;
#1221 = PRESENTATION_LAYER_ASSIGNMENT (  '', '', ( #1450 ) ) ;
#1222 = CARTESIAN_POINT ( 'NONE',  ( 12.75777618871610600, 4.800000000000000700, 2.519549815588657100 ) ) ;
#1223 = CARTESIAN_POINT ( 'NONE',  ( 11.77756325576918100, 4.318624815011872900, -1.763929511649356700 ) ) ;
#1224 = CARTESIAN_POINT ( 'NONE',  ( 13.60357885244445900, 4.350251008796597300, -1.992745113735793900 ) ) ;
#1225 = DIRECTION ( 'NONE',  ( 1.000000000000000000, 0.0000000000000000000, 0.0000000000000000000 ) ) ;
#1226 = PLANE ( 'NONE',  #2181 ) ;
#1227 = DIRECTION ( 'NONE',  ( 0.0000000000000000000, 1.000000000000000000, 0.0000000000000000000 ) ) ;
#1228 = CARTESIAN_POINT ( 'NONE',  ( 14.77902078326302000, -1.851787323401267400E-015, -1.262673321978657900 ) ) ;
#1229 = CARTESIAN_POINT ( 'NONE',  ( 10.52331150316588200, 4.799999999999997200, -0.8118375507377189000 ) ) ;
#1230 = EDGE_LOOP ( 'NONE', ( #1770, #1948, #997, #768, #1447, #1290, #764, #18, #1922, #1913, #159, #1370, #763, #987, #2098 ) ) ;
#1231 = CARTESIAN_POINT ( 'NONE',  ( 12.43637127870012200, 4.330035029950125600, -2.044797852080128700 ) ) ;
#1232 = CARTESIAN_POINT ( 'NONE',  ( 14.51387761345914200, 4.366017310817050600, 1.387735632797049100 ) ) ;
#1233 = CIRCLE ( 'NONE', #571, 2.100000000000000500 ) ;
#1234 = APPLICATION_PROTOCOL_DEFINITION ( 'draft international standard', 'automotive_design', 1998, #2288 ) ;
#1235 = VECTOR ( 'NONE', #2015, 1000.000000000000000 ) ;
#1236 = CARTESIAN_POINT ( 'NONE',  ( 15.43618215987791400, 4.800000000000000700, -0.3298033177058271600 ) ) ;
#1237 = DIRECTION ( 'NONE',  ( -1.000000000000000000, -0.0000000000000000000, -0.0000000000000000000 ) ) ;
#1238 = CARTESIAN_POINT ( 'NONE',  ( 14.26165864333879600, 0.4905846466941480900, 1.276883128449134700 ) ) ;
#1239 = CARTESIAN_POINT ( 'NONE',  ( 11.92835141612570900, -1.530978229929701700E-015, -2.438965988800017500 ) ) ;
#1240 = LINE ( 'NONE', #482, #1171 ) ;
#1241 = B_SPLINE_SURFACE_WITH_KNOTS ( 'NONE', 1, 3, ( 
 ( #466, #1189, #882, #981, #17, #1896, #1394, #271, #722, #474, #531, #2300, #1059, #2256, #310, #1, #497, #1162, #1512, #491, #1861, #626, #374, #1562, #2213, #1083, #1720, #1537, #2089, #1417, #2267, #1367, #1337, #2106, #538, #719, #1791, #514, #1820, #744, #172, #2160, #925, #1978, #1939, #588, #2286, #751, #2141, #10, #217, #359, #1974, #240, #207, #1598, #1278, #1764, #232, #1057, #530, #1753, #226, #900, #863, #2086 ),
 ( #1300, #163, #1040, #1917, #2273, #1726, #1625, #523, #1273, #1968, #1635, #1440, #1258, #1561, #891, #1994, #1047, #556, #1813, #737, #1224, #691, #1437, #1403, #1986, #1926, #42, #370, #1429, #1244, #348, #1411, #728, #1448, #34, #545, #2117, #596, #1415, #1608, #1232, #1604, #2093, #1281, #920, #711, #1252, #221, #568, #906, #1771, #1963, #1748, #1556, #1575, #57, #1120, #1081, #1737, #396, #1088, #1783, #1569, #1947, #1779, #1067 ) ),
 .UNSPECIFIED., .F., .T., .F.,
 ( 2, 2 ),
 ( 4, 2, 2, 2, 2, 2, 2, 2, 2, 2, 2, 2, 2, 2, 2, 2, 2, 2, 2, 2, 2, 2, 2, 2, 2, 2, 2, 2, 2, 2, 2, 2, 4 ),
 ( 0.0000000000000000000, 1.000000000000000000 ),
 ( 0.0000000000000000000, 0.1963495408493620700, 0.3926990816987241400, 0.5890486225480862100, 0.7853981633974482800, 0.9817477042468103500, 1.178097245096172400, 1.374446785945534500, 1.570796326794896600, 1.767145867644258600, 1.963495408493620700, 2.159844949342982500, 2.356194490192344800, 2.552544031041707100, 2.748893571891069000, 2.945243112740430800, 3.141592653589793100, 3.337942194439155400, 3.534291735288517300, 3.730641276137879100, 3.926990816987241400, 4.123340357836603700, 4.319689898685965100, 4.516039439535327400, 4.712388980384689700, 4.908738521234052000, 5.105088062083414300, 5.301437602932775700, 5.497787143782138000, 5.694136684631500200, 5.890486225480861600, 6.086835766330223900, 6.283185307179586200 ),
 .UNSPECIFIED. ) ;
#1242 = DIRECTION ( 'NONE',  ( 1.000000000000000000, 3.011672701348623400E-017, -0.0000000000000000000 ) ) ;
#1243 = CARTESIAN_POINT ( 'NONE',  ( 13.35387548151454400, 4.345926037378252000, -2.055870155308263700 ) ) ;
#1244 = CARTESIAN_POINT ( 'NONE',  ( 14.92670398198140600, 4.373167430631420800, -0.6766521725426493100 ) ) ;
#1245 = EDGE_LOOP ( 'NONE', ( #1150, #913, #790, #590, #27 ) ) ;
#1246 = CARTESIAN_POINT ( 'NONE',  ( 20.00000000000000000, 1.499999999999998700, 4.500000000000000900 ) ) ;
#1247 = CARTESIAN_POINT ( 'NONE',  ( 10.05494899071946300, -1.246832498358330300E-015, -0.1649050718693139700 ) ) ;
#1248 =( NAMED_UNIT ( * ) PLANE_ANGLE_UNIT ( ) SI_UNIT ( $, .RADIAN. ) );
#1249 = EDGE_LOOP ( 'NONE', ( #259, #1757, #214, #268, #1563 ) ) ;
#1250 = ORIENTED_EDGE ( 'NONE', *, *, #1827, .F. ) ;
#1251 = VERTEX_POINT ( 'NONE', #1885 ) ;
#1252 = CARTESIAN_POINT ( 'NONE',  ( 13.47071467668204800, 4.347949811857220400, 2.032834812311053300 ) ) ;
#1253 = CARTESIAN_POINT ( 'NONE',  ( 13.06072514053338600, 0.4697847095543704600, 2.045938510927146000 ) ) ;
#1254 =( NAMED_UNIT ( * ) SI_UNIT ( $, .STERADIAN. ) SOLID_ANGLE_UNIT ( ) );
#1255 = CARTESIAN_POINT ( 'NONE',  ( 11.52608400016660000, 0.4432060207231834400, 1.822446784913009500 ) ) ;
#1256 = CARTESIAN_POINT ( 'NONE',  ( 13.26439075856618800, 0.4733133552938317300, -1.992745113735790600 ) ) ;
#1257 = B_SPLINE_SURFACE_WITH_KNOTS ( 'NONE', 1, 3, ( 
 ( #640, #1029, #1772, #2302, #1229, #870, #1142, #1618, #334, #712, #1301, #2299, #936, #524, #1408, #788, #1179, #2091, #401, #1723, #861, #512, #521, #1739, #176, #470, #1682, #698, #769, #1068, #874, #1236, #193, #1865, #2088, #1987, #160, #2084, #86, #1730, #603, #878, #2102, #1661, #1212, #1157, #104, #1559, #1858, #1222, #2047, #1413, #611, #94, #2147, #155, #1924, #1038, #1542, #275, #2235, #1065, #649, #703, #113, #2026 ),
 ( #943, #995, #454, #421, #1554, #2284, #881, #2296, #1914, #1355, #1900, #1929, #1626, #1801, #1735, #69, #1310, #908, #63, #227, #48, #2186, #1654, #1593, #952, #865, #974, #720, #11, #1259, #339, #823, #298, #463, #528, #885, #1520, #356, #1055, #631, #1400, #957, #184, #965, #2277, #1940, #1325, #802, #1975, #886, #693, #753, #1671, #1980, #1919, #1599, #233, #2114, #1460, #2289, #1473, #434, #1045, #2161, #1518, #1999 ) ),
 .UNSPECIFIED., .F., .T., .F.,
 ( 2, 2 ),
 ( 4, 2, 2, 2, 2, 2, 2, 2, 2, 2, 2, 2, 2, 2, 2, 2, 2, 2, 2, 2, 2, 2, 2, 2, 2, 2, 2, 2, 2, 2, 2, 2, 4 ),
 ( 0.0000000000000000000, 1.000000000000000000 ),
 ( 0.0000000000000000000, 0.1963495408493620700, 0.3926990816987241400, 0.5890486225480862100, 0.7853981633974482800, 0.9817477042468103500, 1.178097245096172400, 1.374446785945534500, 1.570796326794896600, 1.767145867644258600, 1.963495408493620700, 2.159844949342982500, 2.356194490192344800, 2.552544031041707100, 2.748893571891069000, 2.945243112740430800, 3.141592653589793100, 3.337942194439155400, 3.534291735288517300, 3.730641276137879100, 3.926990816987241400, 4.123340357836603700, 4.319689898685965100, 4.516039439535327400, 4.712388980384689700, 4.908738521234052000, 5.105088062083414300, 5.301437602932775700, 5.497787143782138000, 5.694136684631500200, 5.890486225480861600, 6.086835766330223900, 6.283185307179586200 ),
 .UNSPECIFIED. ) ;
#1258 = CARTESIAN_POINT ( 'NONE',  ( 11.98772041971171700, 4.322264469471471100, -1.887548922811612000 ) ) ;
#1259 = CARTESIAN_POINT ( 'NONE',  ( 14.92670398198140600, 4.373167430631420800, -0.6766521725426493100 ) ) ;
#1260 = CARTESIAN_POINT ( 'NONE',  ( 12.19267103638700100, 0.4547520314153823400, 2.063602220771938000 ) ) ;
#1261 =( NAMED_UNIT ( * ) SI_UNIT ( $, .STERADIAN. ) SOLID_ANGLE_UNIT ( ) );
#1262 = CARTESIAN_POINT ( 'NONE',  ( 4.299999999999979400, 11.50000000000000000, 0.0000000000000000000 ) ) ;
#1263 = VERTEX_POINT ( 'NONE', #1379 ) ;
#1264 = CARTESIAN_POINT ( 'NONE',  ( 13.97927370186628500, 0.4856950709195596600, 1.582112848186450800 ) ) ;
#1265 = CARTESIAN_POINT ( 'NONE',  ( 10.90547576133772800, 0.4324571354683597900, -1.280979201963564000 ) ) ;
#1266 = VECTOR ( 'NONE', #32, 1000.000000000000000 ) ;
#1267 = EDGE_CURVE ( 'NONE', #263, #2029, #208, .T. ) ;
#1268 = CYLINDRICAL_SURFACE ( 'NONE', #973, 2.099999999999999600 ) ;
#1269 = CARTESIAN_POINT ( 'NONE',  ( 11.64416128243608400, 0.4452538494638861900, 1.881637794220712300 ) ) ;
#1270 = CARTESIAN_POINT ( 'NONE',  ( 14.48175760964724600, 0.4943980521711872600, -0.9306182433907298500 ) ) ;
#1271 = EDGE_CURVE ( 'NONE', #169, #2120, #378, .T. ) ;
#1272 = DIRECTION ( 'NONE',  ( 0.0000000000000000000, 0.0000000000000000000, -1.000000000000000000 ) ) ;
#1273 = CARTESIAN_POINT ( 'NONE',  ( 11.33274472886947100, 4.310920342685709400, -1.387735632797049600 ) ) ;
#1274 = CARTESIAN_POINT ( 'NONE',  ( 11.04110966344180900, 0.4348061806996868500, 1.435035935602967600 ) ) ;
#1275 = ORIENTED_EDGE ( 'NONE', *, *, #1749, .T. ) ;
#1276 = EDGE_LOOP ( 'NONE', ( #1421, #393, #2112, #1603 ) ) ;
#1277 = CARTESIAN_POINT ( 'NONE',  ( 13.70204460211453900, 0.4808926366347902000, -1.781507557320854100 ) ) ;
#1278 = CARTESIAN_POINT ( 'NONE',  ( 11.25196593236652600, 4.799999999999997200, 1.898196254708875500 ) ) ;
#1279 = AXIS2_PLACEMENT_3D ( 'NONE', #1837, #834, #1493 ) ;
#1280 = PLANE ( 'NONE',  #502 ) ;
#1281 = CARTESIAN_POINT ( 'NONE',  ( 13.98135024828374100, 4.356793979276810400, 1.822446784913007500 ) ) ;
#1282 = ORIENTED_EDGE ( 'NONE', *, *, #1517, .F. ) ;
#1283 = LINE ( 'NONE', #2178, #1672 ) ;
#1284 = LINE ( 'NONE', #991, #2218 ) ;
#1285 = DIRECTION ( 'NONE',  ( 1.284980352575412700E-016, -1.000000000000000000, 0.0000000000000000000 ) ) ;
#1286 = CARTESIAN_POINT ( 'NONE',  ( 20.00000000000000000, 1.499999999999998700, -3.099999999999995200 ) ) ;
#1287 = VECTOR ( 'NONE', #1028, 1000.000000000000000 ) ;
#1288 = DIRECTION ( 'NONE',  ( 1.000000000000000000, 9.427844978134823900E-017, -0.0000000000000000000 ) ) ;
#1289 = FILL_AREA_STYLE_COLOUR ( '', #204 ) ;
#1290 = ORIENTED_EDGE ( 'NONE', *, *, #2264, .T. ) ;
#1291 = VERTEX_POINT ( 'NONE', #2072 ) ;
#1292 = EDGE_CURVE ( 'NONE', #1180, #2023, #1633, .T. ) ;
#1293 = ORIENTED_EDGE ( 'NONE', *, *, #613, .T. ) ;
#1294 = CARTESIAN_POINT ( 'NONE',  ( 4.799999999999999800, 13.50000000000000000, 3.000000000000000000 ) ) ;
#1295 = ORIENTED_EDGE ( 'NONE', *, *, #808, .F. ) ;
#1296 = CARTESIAN_POINT ( 'NONE',  ( 10.05494899071946200, -1.212905468061838600E-015, 0.3290802960016873700 ) ) ;
#1297 = DIRECTION ( 'NONE',  ( -1.000000000000000000, 0.0000000000000000000, -0.0000000000000000000 ) ) ;
#1298 = CARTESIAN_POINT ( 'NONE',  ( 11.65000000000004100, 11.64999999999998400, -3.000000000000000000 ) ) ;
#1299 = CARTESIAN_POINT ( 'NONE',  ( 10.65957970171567700, 0.4281980813569170600, -0.8659998527089432000 ) ) ;
#1300 = CARTESIAN_POINT ( 'NONE',  ( 10.81209038647252100, 4.301902650954109400, 2.439454888092385000E-016 ) ) ;
#1301 = CARTESIAN_POINT ( 'NONE',  ( 11.38054002686320800, 4.799999999999997200, -2.003312759142102700 ) ) ;
#1302 = CARTESIAN_POINT ( 'NONE',  ( 14.79457318523409100, -1.784635479560747400E-015, 1.267523019975674200 ) ) ;
#1303 = PLANE ( 'NONE',  #814 ) ;
#1304 = CARTESIAN_POINT ( 'NONE',  ( 10.91277783848824800, -1.317799383055323100E-015, 1.898196254708862900 ) ) ;
#1305 = UNCERTAINTY_MEASURE_WITH_UNIT (LENGTH_MEASURE( 1.000000000000000100E-005 ), #1909, 'distance_accuracy_value', 'NONE');
#1306 = ORIENTED_EDGE ( 'NONE', *, *, #461, .T. ) ;
#1307 = VECTOR ( 'NONE', #2150, 1000.000000000000000 ) ;
#1308 = LINE ( 'NONE', #157, #315 ) ;
#1309 = CARTESIAN_POINT ( 'NONE',  ( 11.61370074053117400, 0.4447262997955092600, -1.865326854698040200 ) ) ;
#1310 = CARTESIAN_POINT ( 'NONE',  ( 12.78513132131061900, 4.336075562760220800, -2.100000000000000100 ) ) ;
#1311 = VECTOR ( 'NONE', #2122, 1000.000000000000000 ) ;
#1312 = DIRECTION ( 'NONE',  ( -1.000000000000000000, 0.0000000000000000000, 0.0000000000000000000 ) ) ;
#1313 = CARTESIAN_POINT ( 'NONE',  ( 4.800000000000000700, 4.799999999999999800, 3.000000000000000000 ) ) ;
#1314 = CARTESIAN_POINT ( 'NONE',  ( 13.85161960622678900, -1.763704410579875900E-015, 2.186545457546791700 ) ) ;
#1315 = VECTOR ( 'NONE', #1531, 1000.000000000000000 ) ;
#1316 = CARTESIAN_POINT ( 'NONE',  ( 14.98110110794530800, 4.374095101043280900, -0.4744574421121128800 ) ) ;
#1317 = CARTESIAN_POINT ( 'NONE',  ( 13.33512710176365700, 0.4745385610209109100, 1.963600887459726200 ) ) ;
#1318 = CARTESIAN_POINT ( 'NONE',  ( 10.92253145185565600, 4.303820205641900800, 0.6738712753345639200 ) ) ;
#1319 = EDGE_LOOP ( 'NONE', ( #1455, #1183, #1967, #1795 ) ) ;
#1320 = CARTESIAN_POINT ( 'NONE',  ( 13.34123639005652600, 0.4746432477939687100, -1.960431287885970700 ) ) ;
#1321 = CARTESIAN_POINT ( 'NONE',  ( 11.31170355282342000, -1.364504892563591500E-015, -2.202170407194430400 ) ) ;
#1322 = CARTESIAN_POINT ( 'NONE',  ( 15.03240551993597900, -1.836747665777952700E-015, -0.6532762520119047600 ) ) ;
#1323 = ORIENTED_EDGE ( 'NONE', *, *, #2076, .F. ) ;
#1324 = CARTESIAN_POINT ( 'NONE',  ( 11.04208545029138300, 0.4348237016758505500, -1.434446242333540200 ) ) ;
#1325 = CARTESIAN_POINT ( 'NONE',  ( 13.47071467668204800, 4.347949811857220400, 2.032834812311053300 ) ) ;
#1326 = CARTESIAN_POINT ( 'NONE',  ( 11.40556304793846500, 4.312181717236394500, 1.459852350110607300 ) ) ;
#1327 = CARTESIAN_POINT ( 'NONE',  ( 12.15355876688740000, 0.4540739626209195400, -2.055870155298264100 ) ) ;
#1328 = ORIENTED_EDGE ( 'NONE', *, *, #1878, .T. ) ;
#1329 = CARTESIAN_POINT ( 'NONE',  ( 12.59370205329407200, 4.800000000000000700, -2.519478524227379200 ) ) ;
#1330 = CARTESIAN_POINT ( 'NONE',  ( 12.74965805973422500, -1.545560308748919000E-015, -2.519549815588649500 ) ) ;
#1331 = CARTESIAN_POINT ( 'NONE',  ( 12.59370205329649700, 4.799999999999999800, 2.519621106950066000 ) ) ;
#1332 = CARTESIAN_POINT ( 'NONE',  ( 12.05684642684634700, 4.323462422457319000, 1.915140825600122600 ) ) ;
#1333 = AXIS2_PLACEMENT_3D ( 'NONE', #1957, #910, #2143 ) ;
#1334 = FILL_AREA_STYLE_COLOUR ( '', #249 ) ;
#1335 = ORIENTED_EDGE ( 'NONE', *, *, #495, .F. ) ;
#1336 = CARTESIAN_POINT ( 'NONE',  ( 10.18412340928761100, -1.284916560140260100E-015, -0.8118375507377187900 ) ) ;
#1337 = CARTESIAN_POINT ( 'NONE',  ( 15.45248525773088500, 4.799999999999997200, -0.1649050718693120800 ) ) ;
#1338 = FACE_OUTER_BOUND ( 'NONE', #682, .T. ) ;
#1339 = ORIENTED_EDGE ( 'NONE', *, *, #657, .F. ) ;
#1340 = CARTESIAN_POINT ( 'NONE',  ( 13.01536021211824900, 4.340063108803944300, 2.100000000000000500 ) ) ;
#1341 = AXIS2_PLACEMENT_3D ( 'NONE', #1744, #1928, #884 ) ;
#1342 = PLANE ( 'NONE',  #1419 ) ;
#1343 = LINE ( 'NONE', #1012, #2222 ) ;
#1344 = CARTESIAN_POINT ( 'NONE',  ( 12.60187631433943900, 4.332901556463031800, 2.077543881072577500 ) ) ;
#1345 = ADVANCED_FACE ( 'NONE', ( #2138 ), #850, .T. ) ;
#1346 = CARTESIAN_POINT ( 'NONE',  ( 10.12126883976515800, -1.220905479560932600E-015, -0.6608569229263139300 ) ) ;
#1347 = CARTESIAN_POINT ( 'NONE',  ( 10.99355663499119700, 0.4339826891829419700, 1.387735632797049400 ) ) ;
#1348 = DIRECTION ( 'NONE',  ( -1.000000000000000000, -0.0000000000000000000, -0.0000000000000000000 ) ) ;
#1349 = CARTESIAN_POINT ( 'NONE',  ( 15.45248525773088100, 4.799999999999998900, -4.336808689942017700E-016 ) ) ;
#1350 = CARTESIAN_POINT ( 'NONE',  ( 13.62763925838311600, 4.350664440511187600, 1.980155215305010400 ) ) ;
#1351 = VERTEX_POINT ( 'NONE', #2013 ) ;
#1352 = CARTESIAN_POINT ( 'NONE',  ( 14.47941310676639600, 0.4943562701844364000, -0.9277282397815180800 ) ) ;
#1353 = ORIENTED_EDGE ( 'NONE', *, *, #660, .F. ) ;
#1354 = UNCERTAINTY_MEASURE_WITH_UNIT (LENGTH_MEASURE( 1.000000000000000100E-005 ), #290, 'distance_accuracy_value', 'NONE');
#1355 = CARTESIAN_POINT ( 'NONE',  ( 11.52816054658404900, 4.314304929080431200, -1.582112848186450600 ) ) ;
#1356 = CARTESIAN_POINT ( 'NONE',  ( 10.90189678452972200, 4.799999999999999800, -1.549358404458067100 ) ) ;
#1357 = CARTESIAN_POINT ( 'NONE',  ( 13.51971382873862400, 0.4777355305285204100, 1.887548922811610900 ) ) ;
#1358 = DIRECTION ( 'NONE',  ( -1.000000000000000000, -0.0000000000000000000, -0.0000000000000000000 ) ) ;
#1359 = CARTESIAN_POINT ( 'NONE',  ( 10.39413708459773000, 4.799999999999998900, 5.421010862427522200E-017 ) ) ;
#1360 = CARTESIAN_POINT ( 'NONE',  ( 0.0000000000000000000, 13.50000000000000000, 3.000000000000000000 ) ) ;
#1361 = CARTESIAN_POINT ( 'NONE',  ( 14.21250860839316300, 4.360795780414309600, 1.664425483424212000 ) ) ;
#1362 = CARTESIAN_POINT ( 'NONE',  ( 20.00000000000000000, 1.499999999999998700, -4.500000000000000900 ) ) ;
#1363 = DIRECTION ( 'NONE',  ( -0.0000000000000000000, -0.0000000000000000000, 1.000000000000000000 ) ) ;
#1364 = CARTESIAN_POINT ( 'NONE',  ( 13.98498291947849400, 4.356854252236524300, -1.816459393083508900 ) ) ;
#1365 = DIRECTION ( 'NONE',  ( -1.000000000000000000, -3.011672701348623400E-017, 0.0000000000000000000 ) ) ;
#1366 = CARTESIAN_POINT ( 'NONE',  ( 14.68173489799847400, 0.4978616428739374200, -0.2748852048468137800 ) ) ;
#1367 = CARTESIAN_POINT ( 'NONE',  ( 15.43618215987791400, 4.800000000000000700, -0.3298033177058271600 ) ) ;
#1368 = CARTESIAN_POINT ( 'NONE',  ( 14.75356733748293600, 4.370167676697444200, 1.048998485337511800 ) ) ;
#1369 = CARTESIAN_POINT ( 'NONE',  ( 4.799999999999999800, 9.399999999999998600, -2.600000000000025000 ) ) ;
#1370 = ORIENTED_EDGE ( 'NONE', *, *, #313, .F. ) ;
#1371 = LINE ( 'NONE', #1439, #6 ) ;
#1372 = CARTESIAN_POINT ( 'NONE',  ( 14.13950098547439700, -1.705615620405104000E-015, -2.013823115823846400 ) ) ;
#1373 = CARTESIAN_POINT ( 'NONE',  ( 1.500000000000000000, 6.300000000000001600, -4.500000000000000900 ) ) ;
#1374 = CARTESIAN_POINT ( 'NONE',  ( 12.86047705723362000, 0.4663176021651461700, -2.086463365382513300 ) ) ;
#1375 = COLOUR_RGB ( '',1.000000000000000000, 1.000000000000000000, 1.000000000000000000 ) ;
#1376 = CARTESIAN_POINT ( 'NONE',  ( 18.60000000000000100, 0.0000000000000000000, 4.500000000000000900 ) ) ;
#1377 = CONICAL_SURFACE ( 'NONE', #102, 2.100000000000000500, 0.7853981633974509400 ) ;
#1378 = EDGE_CURVE ( 'NONE', #856, #1351, #1204, .T. ) ;
#1379 = CARTESIAN_POINT ( 'NONE',  ( 0.5000000000000117700, 11.49999999999999800, 0.0000000000000000000 ) ) ;
#1380 = CARTESIAN_POINT ( 'NONE',  ( 10.68648854492481700, 0.4286642943260353100, -0.9306182433907327400 ) ) ;
#1381 = ORIENTED_EDGE ( 'NONE', *, *, #1588, .F. ) ;
#1382 = CARTESIAN_POINT ( 'NONE',  ( 10.05494899071946200, -1.229868983210084500E-015, -4.743384504624081900E-017 ) ) ;
#1383 = CARTESIAN_POINT ( 'NONE',  ( 5.800000000000000700, 5.799999999999999800, 3.000000000000000000 ) ) ;
#1384 = VERTEX_POINT ( 'NONE', #1022 ) ;
#1385 = EDGE_CURVE ( 'NONE', #904, #2205, #2164, .T. ) ;
#1386 = CARTESIAN_POINT ( 'NONE',  ( 4.299999999999979400, 7.299999999999997200, 2.571758278209441500E-016 ) ) ;
#1387 = CARTESIAN_POINT ( 'NONE',  ( 19.29999999999999700, 3.299999999999998000, -3.799999999999998000 ) ) ;
#1388 = SURFACE_STYLE_USAGE ( .BOTH. , #2108 ) ;
#1389 = CARTESIAN_POINT ( 'NONE',  ( 10.71286106321640700, 4.799999999999999800, 1.267523019976322600 ) ) ;
#1390 = CARTESIAN_POINT ( 'NONE',  ( 11.92835141612570200, -1.530978229929701700E-015, 2.438965988800016600 ) ) ;
#1391 = CARTESIAN_POINT ( 'NONE',  ( 14.69534386197781800, 0.4980973490458812700, -1.352030834163250000E-016 ) ) ;
#1392 = DIRECTION ( 'NONE',  ( -0.0000000000000000000, -0.0000000000000000000, -1.000000000000000000 ) ) ;
#1393 = ORIENTED_EDGE ( 'NONE', *, *, #543, .T. ) ;
#1394 = CARTESIAN_POINT ( 'NONE',  ( 10.72841346518732300, 4.799999999999997200, -1.262673321978664300 ) ) ;
#1395 = CYLINDRICAL_SURFACE ( 'NONE', #927, 2.099999999999999600 ) ;
#1396 = FACE_BOUND ( 'NONE', #851, .T. ) ;
#1397 = CARTESIAN_POINT ( 'NONE',  ( 14.77902078326300700, -1.851787323401267400E-015, 1.262673321978662300 ) ) ;
#1398 = LINE ( 'NONE', #101, #1486 ) ;
#1399 = EDGE_LOOP ( 'NONE', ( #557, #2215, #38, #489 ) ) ;
#1400 = CARTESIAN_POINT ( 'NONE',  ( 14.51387761345914200, 4.366017310817050600, 1.387735632797049100 ) ) ;
#1401 = VECTOR ( 'NONE', #336, 1000.000000000000000 ) ;
#1402 = CARTESIAN_POINT ( 'NONE',  ( 11.98334937644765900, 4.322191502968677500, -1.881637794286609400 ) ) ;
#1403 = CARTESIAN_POINT ( 'NONE',  ( 14.21113494065895600, 4.360773831842603700, -1.669725586757683000 ) ) ;
#1404 = DIRECTION ( 'NONE',  ( 1.000000000000000000, 0.0000000000000000000, 0.0000000000000000000 ) ) ;
#1405 = CARTESIAN_POINT ( 'NONE',  ( 3.300000000000001200, 6.300000000000001600, -4.500000000000000900 ) ) ;
#1406 = CARTESIAN_POINT ( 'NONE',  ( 14.48957013331327000, -1.751480252049524900E-015, -1.664985265571235200 ) ) ;
#1407 = ORIENTED_EDGE ( 'NONE', *, *, #1213, .F. ) ;
#1408 = CARTESIAN_POINT ( 'NONE',  ( 12.26753951000398000, 4.799999999999997200, -2.438965988800023200 ) ) ;
#1409 = ORIENTED_EDGE ( 'NONE', *, *, #1833, .T. ) ;
#1410 = CARTESIAN_POINT ( 'NONE',  ( 12.53185913014041500, 4.331689684915813700, -2.063602220748332900 ) ) ;
#1411 = CARTESIAN_POINT ( 'NONE',  ( 15.02092299187675400, 4.374799296376710200, -0.2748852048468161100 ) ) ;
#1412 = CARTESIAN_POINT ( 'NONE',  ( 11.46331567459062700, -1.470743816604993300E-015, -2.264654066849450100 ) ) ;
#1413 = CARTESIAN_POINT ( 'NONE',  ( 12.26753951000398000, 4.800000000000000700, 2.438965988800024100 ) ) ;
#1414 = CARTESIAN_POINT ( 'NONE',  ( 13.39991323425306600, 4.346722363054500000, -2.045938510963054100 ) ) ;
#1415 = CARTESIAN_POINT ( 'NONE',  ( 14.75549570988151500, 4.370202116998216400, 1.052415776718765800 ) ) ;
#1416 = EDGE_CURVE ( 'NONE', #2023, #555, #527, .T. ) ;
#1417 = CARTESIAN_POINT ( 'NONE',  ( 15.32331083916273300, 4.800000000000000700, -0.8118375507377200200 ) ) ;
#1418 = CARTESIAN_POINT ( 'NONE',  ( 10.47290229259424500, 0.4249649974513415300, 2.439454888092385000E-016 ) ) ;
#1419 = AXIS2_PLACEMENT_3D ( 'NONE', #1680, #1731, #331 ) ;
#1420 = FILL_AREA_STYLE ('',( #1433 ) ) ;
#1421 = ORIENTED_EDGE ( 'NONE', *, *, #1920, .F. ) ;
#1422 = VECTOR ( 'NONE', #1010, 1000.000000000000100 ) ;
#1423 = COLOUR_RGB ( '',1.000000000000000000, 1.000000000000000000, 1.000000000000000000 ) ;
#1424 = CARTESIAN_POINT ( 'NONE',  ( 13.01468738768623400, 0.4689883838762933800, 2.055870155297938600 ) ) ;
#1425 = DIRECTION ( 'NONE',  ( 0.0000000000000000000, 1.000000000000000000, 0.0000000000000000000 ) ) ;
#1426 = CARTESIAN_POINT ( 'NONE',  ( 11.90385539600587700, 0.4497489912033911200, 1.992745113735793900 ) ) ;
#1427 = CIRCLE ( 'NONE', #707, 2.100000000000000500 ) ;
#1428 = CARTESIAN_POINT ( 'NONE',  ( 12.86047705723362000, 0.4663176021651461700, -2.086463365382513300 ) ) ;
#1429 = CARTESIAN_POINT ( 'NONE',  ( 14.82094570352552100, 4.371335705673956800, -0.9306182433907339600 ) ) ;
#1430 = CARTESIAN_POINT ( 'NONE',  ( 12.17794493101024500, 0.4544962625663616100, 2.060770992162309900 ) ) ;
#1431 = CARTESIAN_POINT ( 'NONE',  ( 3.300000000000000700, 13.50000000000000000, 3.000000000000000000 ) ) ;
#1432 = CARTESIAN_POINT ( 'NONE',  ( 14.26277039323433700, 0.4906052110288626800, 1.280979201963562400 ) ) ;
#1433 = FILL_AREA_STYLE_COLOUR ( '', #1375 ) ;
#1434 = CARTESIAN_POINT ( 'NONE',  ( 10.68648854492481700, 0.4286642943260353100, -0.9306182433907327400 ) ) ;
#1435 = ORIENTED_EDGE ( 'NONE', *, *, #664, .T. ) ;
#1436 = AXIS2_PLACEMENT_3D ( 'NONE', #2049, #1870, #1570 ) ;
#1437 = CARTESIAN_POINT ( 'NONE',  ( 13.98135024828373800, 4.356793979276810400, -1.822446784913010200 ) ) ;
#1438 = CARTESIAN_POINT ( 'NONE',  ( 11.50858513506533700, 0.4429049162248708800, 1.807599170050856000 ) ) ;
#1439 = CARTESIAN_POINT ( 'NONE',  ( 1.500000000000000000, 6.300000000000001600, -4.500000000000000900 ) ) ;
#1440 = CARTESIAN_POINT ( 'NONE',  ( 11.86527209404487600, 4.320143674225949600, -1.822446784913007900 ) ) ;
#1441 = CARTESIAN_POINT ( 'NONE',  ( 10.92849774691301500, 0.4328572979935431100, 1.303512386405063900 ) ) ;
#1442 = EDGE_LOOP ( 'NONE', ( #130, #666, #21, #15 ) ) ;
#1443 = DIRECTION ( 'NONE',  ( -0.0000000000000000000, -0.0000000000000000000, 1.000000000000000000 ) ) ;
#1444 = CARTESIAN_POINT ( 'NONE',  ( 13.74212342852506200, 0.4815876225823930700, -1.756009783724330900 ) ) ;
#1445 = EDGE_LOOP ( 'NONE', ( #2229, #1970, #637, #1529 ) ) ;
#1446 = LINE ( 'NONE', #679, #505 ) ;
#1447 = ORIENTED_EDGE ( 'NONE', *, *, #61, .F. ) ;
#1448 = CARTESIAN_POINT ( 'NONE',  ( 15.03453195585609100, 4.375035002548649700, 0.1374454471134527700 ) ) ;
#1449 = LINE ( 'NONE', #2278, #1036 ) ;
#1450 = STYLED_ITEM ( 'NONE', ( #148 ), #2209 ) ;
#1451 = DIRECTION ( 'NONE',  ( -0.7071067811865466800, 0.7071067811865483500, 0.0000000000000000000 ) ) ;
#1452 = ORIENTED_EDGE ( 'NONE', *, *, #211, .T. ) ;
#1453 = ORIENTED_EDGE ( 'NONE', *, *, #774, .F. ) ;
#1454 = CARTESIAN_POINT ( 'NONE',  ( 0.0000000000000000000, 0.0000000000000000000, 4.500000000000000900 ) ) ;
#1455 = ORIENTED_EDGE ( 'NONE', *, *, #1292, .F. ) ;
#1456 = MANIFOLD_SOLID_BREP ( 'Фаска6', #2082 ) ;
#1457 = DIRECTION ( 'NONE',  ( 0.0000000000000000000, -1.000000000000000000, 0.0000000000000000000 ) ) ;
#1458 = DIRECTION ( 'NONE',  ( -0.0000000000000000000, -0.0000000000000000000, 1.000000000000000000 ) ) ;
#1459 = VERTEX_POINT ( 'NONE', #2220 ) ;
#1460 = CARTESIAN_POINT ( 'NONE',  ( 11.24466385521600400, 4.309394788971130400, 1.280979201963564200 ) ) ;
#1461 = CARTESIAN_POINT ( 'NONE',  ( 10.37354073689093200, -1.251336460736928800E-015, 1.267577584013273300 ) ) ;
#1462 = CIRCLE ( 'NONE', #2113, 2.100000000000000500 ) ;
#1463 = FACE_OUTER_BOUND ( 'NONE', #31, .T. ) ;
#1464 = CARTESIAN_POINT ( 'NONE',  ( 10.05494899071946000, -1.246832498358329900E-015, 0.1649050718693137700 ) ) ;
#1465 = AXIS2_PLACEMENT_3D ( 'NONE', #1018, #1942, #1741 ) ;
#1466 = FACE_BOUND ( 'NONE', #1612, .T. ) ;
#1467 = DIRECTION ( 'NONE',  ( -0.0000000000000000000, -0.0000000000000000000, -1.000000000000000000 ) ) ;
#1468 = CARTESIAN_POINT ( 'NONE',  ( 15.11322560016951900, -1.823073790569885300E-015, 0.3283548556681218900 ) ) ;
#1469 = ADVANCED_FACE ( 'NONE', ( #151 ), #792, .F. ) ;
#1470 = DIRECTION ( 'NONE',  ( 0.0000000000000000000, -1.000000000000000000, 0.0000000000000000000 ) ) ;
#1471 = CARTESIAN_POINT ( 'NONE',  ( 11.31662654834527300, -1.380481889628086700E-015, 2.186545457546790900 ) ) ;
#1472 = ORIENTED_EDGE ( 'NONE', *, *, #1477, .T. ) ;
#1473 = CARTESIAN_POINT ( 'NONE',  ( 11.02567663880308800, 4.305601947828804100, 0.9306182433907337300 ) ) ;
#1474 = CARTESIAN_POINT ( 'NONE',  ( 1.500000000000000000, 6.300000000000001600, -3.000000000000000000 ) ) ;
#1475 = CARTESIAN_POINT ( 'NONE',  ( 11.76907821193279900, 0.4474146683497648400, -1.937215284625132500 ) ) ;
#1476 = CARTESIAN_POINT ( 'NONE',  ( 14.25546831608381600, -1.826386917152639900E-015, 1.898196254708863300 ) ) ;
#1477 = EDGE_CURVE ( 'NONE', #904, #1042, #932, .T. ) ;
#1478 = ADVANCED_FACE ( 'NONE', ( #1200 ), #486, .T. ) ;
#1479 = CARTESIAN_POINT ( 'NONE',  ( 10.99876779557131500, 4.305135734859150400, 0.8659998526546083300 ) ) ;
#1480 = EDGE_CURVE ( 'NONE', #1724, #767, #1031, .T. ) ;
#1481 = CARTESIAN_POINT ( 'NONE',  ( 3.299999999999999800, 13.50000000000000200, 4.500000000000000900 ) ) ;
#1482 = CARTESIAN_POINT ( 'NONE',  ( 14.85742775476117600, -1.827017646383011900E-015, -1.116542392150869000 ) ) ;
#1483 = CARTESIAN_POINT ( 'NONE',  ( 14.71697662086359800, 4.369534529140028500, -1.108184600353564300 ) ) ;
#1484 = ORIENTED_EDGE ( 'NONE', *, *, #1093, .F. ) ;
#1485 = CARTESIAN_POINT ( 'NONE',  ( 11.46510453604238600, 0.4421497728091904900, -1.781918168563490400 ) ) ;
#1486 = VECTOR ( 'NONE', #835, 1000.000000000000000 ) ;
#1487 = LINE ( 'NONE', #1884, #397 ) ;
#1488 = CARTESIAN_POINT ( 'NONE',  ( 11.47734532336112100, 4.313424698320726100, 1.531567709395070400 ) ) ;
#1489 = CARTESIAN_POINT ( 'NONE',  ( 13.36322497624015200, 0.4750247387891788400, -1.951792963115844600 ) ) ;
#1490 = CARTESIAN_POINT ( 'NONE',  ( 12.25992988215706500, 4.800000000000000700, -2.453482333592361500 ) ) ;
#1491 = CARTESIAN_POINT ( 'NONE',  ( 12.25305996448011900, -1.504787853029710800E-015, -2.503308755944026600 ) ) ;
#1492 = FACE_OUTER_BOUND ( 'NONE', #2038, .T. ) ;
#1493 = DIRECTION ( 'NONE',  ( 0.0000000000000000000, 0.0000000000000000000, 1.000000000000000000 ) ) ;
#1494 = EDGE_CURVE ( 'NONE', #1251, #1995, #734, .T. ) ;
#1495 = CARTESIAN_POINT ( 'NONE',  ( 12.09849647569092400, 4.324183176721213300, 1.933125708539449800 ) ) ;
#1496 = VERTEX_POINT ( 'NONE', #2241 ) ;
#1497 = CARTESIAN_POINT ( 'NONE',  ( 11.44299135783122500, 4.312829836303077300, -1.497396316716740100 ) ) ;
#1498 = CARTESIAN_POINT ( 'NONE',  ( 10.07125208857242700, -1.186226362286650000E-015, -0.3298033177058277100 ) ) ;
#1499 = ORIENTED_EDGE ( 'NONE', *, *, #76, .F. ) ;
#1500 = DIRECTION ( 'NONE',  ( 1.000000000000000000, 1.284980352575412700E-016, -0.0000000000000000000 ) ) ;
#1501 = CARTESIAN_POINT ( 'NONE',  ( 13.19880877964351600, 4.343226679533515300, 2.082327000607282900 ) ) ;
#1502 = ADVANCED_FACE ( 'NONE', ( #1591 ), #469, .T. ) ;
#1503 = ORIENTED_EDGE ( 'NONE', *, *, #1623, .F. ) ;
#1504 = CARTESIAN_POINT ( 'NONE',  ( 11.29629930779137600, 0.4392261681573888000, 1.669725586757681700 ) ) ;
#1505 = DIRECTION ( 'NONE',  ( -0.0000000000000000000, -0.0000000000000000000, -1.000000000000000000 ) ) ;
#1506 = CARTESIAN_POINT ( 'NONE',  ( 13.70241307014247800, 4.351962392292621800, 1.951792963106330700 ) ) ;
#1507 = CARTESIAN_POINT ( 'NONE',  ( 3.299999999999999800, 13.50000000000000200, -4.500000000000000900 ) ) ;
#1508 = ADVANCED_FACE ( 'NONE', ( #83 ), #246, .F. ) ;
#1509 = CARTESIAN_POINT ( 'NONE',  ( 0.5000000000000117700, 9.399999999999996800, 0.0000000000000000000 ) ) ;
#1510 = VERTEX_POINT ( 'NONE', #1717 ) ;
#1511 = CARTESIAN_POINT ( 'NONE',  ( 13.87194684678068800, 0.4838361783398336700, 1.669725586757681500 ) ) ;
#1512 = CARTESIAN_POINT ( 'NONE',  ( 13.25437428397021700, 4.799999999999997200, -2.503308755944033200 ) ) ;
#1513 = CARTESIAN_POINT ( 'NONE',  ( 3.299999999999999800, 13.50000000000000200, 4.500000000000000900 ) ) ;
#1514 = VECTOR ( 'NONE', #1821, 1000.000000000000000 ) ;
#1515 = VECTOR ( 'NONE', #1546, 1000.000000000000000 ) ;
#1516 = CARTESIAN_POINT ( 'NONE',  ( 14.33127622595646000, 4.362853275884864600, 1.565448705462212800 ) ) ;
#1517 = EDGE_CURVE ( 'NONE', #619, #2052, #1446, .T. ) ;
#1518 = CARTESIAN_POINT ( 'NONE',  ( 10.81209038647252500, 4.301902650954109400, 0.1374454471134535500 ) ) ;
#1519 = LINE ( 'NONE', #1362, #1113 ) ;
#1520 = CARTESIAN_POINT ( 'NONE',  ( 14.92670398198140800, 4.373167430631419000, 0.6766521725426438700 ) ) ;
#1521 = DIRECTION ( 'NONE',  ( -0.08715574274765439100, -0.9961946980917458800, -0.0000000000000000000 ) ) ;
#1522 = CARTESIAN_POINT ( 'NONE',  ( 14.50118234510255800, 4.365796339307604700, -1.396009855018884600 ) ) ;
#1523 = CARTESIAN_POINT ( 'NONE',  ( 20.00000000000000000, -2.412554194320286800E-015, 3.099999999999999200 ) ) ;
#1524 = CARTESIAN_POINT ( 'NONE',  ( 14.58751588810313600, 0.4962297771286503500, -0.6766521725426417600 ) ) ;
#1525 = CARTESIAN_POINT ( 'NONE',  ( 20.00000000000000000, 3.299999999999998000, -3.000000000000000000 ) ) ;
#1526 = CARTESIAN_POINT ( 'NONE',  ( 14.84704183870386800, 4.371787529892126900, 0.8679514096895034600 ) ) ;
#1527 = ADVANCED_FACE ( 'NONE', ( #1906 ), #443, .F. ) ;
#1528 = ORIENTED_EDGE ( 'NONE', *, *, #185, .F. ) ;
#1529 = ORIENTED_EDGE ( 'NONE', *, *, #1477, .F. ) ;
#1530 = CARTESIAN_POINT ( 'NONE',  ( 13.70314161853402300, 0.4809125736882967100, 1.781918168560613100 ) ) ;
#1531 = DIRECTION ( 'NONE',  ( -0.0000000000000000000, -0.0000000000000000000, -1.000000000000000000 ) ) ;
#1532 = CARTESIAN_POINT ( 'NONE',  ( 12.44594322743234100, 0.4591379092574515700, -2.100000000000000500 ) ) ;
#1533 = CARTESIAN_POINT ( 'NONE',  ( 4.299999999999979400, 9.399999999999998600, -2.100000000000000500 ) ) ;
#1534 = CARTESIAN_POINT ( 'NONE',  ( 6.500000000000000900, 3.299999999999996700, -4.500000000000000900 ) ) ;
#1535 = MECHANICAL_DESIGN_GEOMETRIC_PRESENTATION_REPRESENTATION (  '', ( #950 ), #1691 ) ;
#1536 = CARTESIAN_POINT ( 'NONE',  ( 10.54042635938435500, 0.4261345089087392700, -0.5444941476209267400 ) ) ;
#1537 = CARTESIAN_POINT ( 'NONE',  ( 15.11820887714129400, 4.800000000000000700, -1.262673321978666300 ) ) ;
#1538 = CARTESIAN_POINT ( 'NONE',  ( 10.13584063463608100, -1.307438634430010000E-015, 0.6532762520119060900 ) ) ;
#1539 = VECTOR ( 'NONE', #51, 1000.000000000000100 ) ;
#1540 = ORIENTED_EDGE ( 'NONE', *, *, #657, .T. ) ;
#1541 = CARTESIAN_POINT ( 'NONE',  ( 14.32001563553091100, 0.4915966223221655600, -1.195760973711752300 ) ) ;
#1542 = CARTESIAN_POINT ( 'NONE',  ( 10.91234608273498600, 4.799999999999997200, 1.536900434323511100 ) ) ;
#1543 = SURFACE_STYLE_FILL_AREA ( #1621 ) ;
#1544 = DIRECTION ( 'NONE',  ( 0.0000000000000000000, -1.000000000000000000, 0.0000000000000000000 ) ) ;
#1545 = DIRECTION ( 'NONE',  ( -0.7071067811865474600, -9.086183209975549600E-017, -0.7071067811865474600 ) ) ;
#1546 = DIRECTION ( 'NONE',  ( 3.011672701348623400E-017, -1.000000000000000000, 0.0000000000000000000 ) ) ;
#1547 = CARTESIAN_POINT ( 'NONE',  ( 13.58669246016145700, 4.799999999999999800, 2.453482333596383600 ) ) ;
#1548 = CARTESIAN_POINT ( 'NONE',  ( 12.41858809483783500, -1.598625991459043800E-015, 2.519549815588650000 ) ) ;
#1549 = CARTESIAN_POINT ( 'NONE',  ( 11.45410947273069600, 4.313022565809394100, -1.508180334208083700 ) ) ;
#1550 = VERTEX_POINT ( 'NONE', #1369 ) ;
#1551 = CARTESIAN_POINT ( 'NONE',  ( 20.00000000000000000, -2.412554194320286800E-015, -3.099999999999995200 ) ) ;
#1552 = CARTESIAN_POINT ( 'NONE',  ( 14.98412274528444900, -1.859269740067702800E-015, 0.8118375507377174600 ) ) ;
#1553 = VERTEX_POINT ( 'NONE', #305 ) ;
#1554 = CARTESIAN_POINT ( 'NONE',  ( 10.91991836034720900, 4.303770222871341000, -0.6766521725426474200 ) ) ;
#1555 = CARTESIAN_POINT ( 'NONE',  ( 12.12384767169287200, 4.324622191240830000, -1.943634995646164500 ) ) ;
#1556 = CARTESIAN_POINT ( 'NONE',  ( 11.98772041971171900, 4.322264469471471100, 1.887548922811612700 ) ) ;
#1557 = DIRECTION ( 'NONE',  ( 0.0000000000000000000, -1.000000000000000000, 0.0000000000000000000 ) ) ;
#1558 = CARTESIAN_POINT ( 'NONE',  ( 14.12689422158712700, -1.705742541373738100E-015, -2.003312759142096100 ) ) ;
#1559 = CARTESIAN_POINT ( 'NONE',  ( 13.25437428397022000, 4.800000000000000700, 2.503308755944032800 ) ) ;
#1560 = CARTESIAN_POINT ( 'NONE',  ( 12.57378552806581100, 4.332420561127752200, -2.071070225585091700 ) ) ;
#1561 = CARTESIAN_POINT ( 'NONE',  ( 12.24304348988415600, 4.326686644706158300, -1.992745113735793900 ) ) ;
#1562 = CARTESIAN_POINT ( 'NONE',  ( 14.46608231546540500, 4.800000000000000700, -2.003312759142102700 ) ) ;
#1563 = ORIENTED_EDGE ( 'NONE', *, *, #1613, .F. ) ;
#1564 = CARTESIAN_POINT ( 'NONE',  ( 11.04135193298493800, -1.438443758834224600E-015, -2.003312759142098300 ) ) ;
#1565 = LINE ( 'NONE', #760, #1932 ) ;
#1566 = VECTOR ( 'NONE', #1237, 1000.000000000000000 ) ;
#1567 = VECTOR ( 'NONE', #136, 1000.000000000000000 ) ;
#1568 = CARTESIAN_POINT ( 'NONE',  ( 13.51388201254394500, 4.348692707414851800, -2.016458227153989000 ) ) ;
#1569 = CARTESIAN_POINT ( 'NONE',  ( 10.87961445326263100, 4.303072162411508500, 0.5444941476209287400 ) ) ;
#1570 = DIRECTION ( 'NONE',  ( 0.0000000000000000000, -1.000000000000000000, 0.0000000000000000000 ) ) ;
#1571 = CARTESIAN_POINT ( 'NONE',  ( 10.48651125657358600, 0.4252007036232850500, 0.2748852048468166100 ) ) ;
#1572 = VERTEX_POINT ( 'NONE', #478 ) ;
#1573 = AXIS2_PLACEMENT_3D ( 'NONE', #1246, #525, #2128 ) ;
#1574 = VERTEX_POINT ( 'NONE', #124 ) ;
#1575 = CARTESIAN_POINT ( 'NONE',  ( 11.86527209404487100, 4.320143674225951400, 1.822446784913007500 ) ) ;
#1576 = CARTESIAN_POINT ( 'NONE',  ( 12.99882819143491200, 0.4687138314070318200, 2.059089876593370100 ) ) ;
#1577 = ORIENTED_EDGE ( 'NONE', *, *, #410, .T. ) ;
#1578 = ORIENTED_EDGE ( 'NONE', *, *, #387, .T. ) ;
#1579 = CARTESIAN_POINT ( 'NONE',  ( 12.30776909733844000, 0.4567447443320762400, 2.086463365382513800 ) ) ;
#1580 = CARTESIAN_POINT ( 'NONE',  ( 3.299999999999999800, 13.50000000000000200, 4.500000000000000900 ) ) ;
#1581 = CARTESIAN_POINT ( 'NONE',  ( 12.44594322743234100, 0.4591379092574515700, -2.100000000000000500 ) ) ;
#1582 = EDGE_LOOP ( 'NONE', ( #2225, #1915, #1838, #1339 ) ) ;
#1583 = CARTESIAN_POINT ( 'NONE',  ( 12.09718318488831200, 0.4530973764477055400, 2.044797852093293700 ) ) ;
#1584 = DIRECTION ( 'NONE',  ( -0.7071067811865483500, 0.0000000000000000000, -0.7071067811865466800 ) ) ;
#1585 = CARTESIAN_POINT ( 'NONE',  ( 0.0000000000000000000, 0.0000000000000000000, 3.000000000000000000 ) ) ;
#1586 = CARTESIAN_POINT ( 'NONE',  ( 14.48175760964724500, 0.4943980521711873700, 0.9306182433907338500 ) ) ;
#1587 = CARTESIAN_POINT ( 'NONE',  ( 10.54042635938435500, 0.4261345089087392700, -0.5444941476209267400 ) ) ;
#1588 = EDGE_CURVE ( 'NONE', #602, #829, #2070, .T. ) ;
#1589 = FACE_OUTER_BOUND ( 'NONE', #361, .T. ) ;
#1590 = ORIENTED_EDGE ( 'NONE', *, *, #56, .F. ) ;
#1591 = FACE_OUTER_BOUND ( 'NONE', #2290, .T. ) ;
#1592 = VECTOR ( 'NONE', #714, 1000.000000000000000 ) ;
#1593 = CARTESIAN_POINT ( 'NONE',  ( 14.21113494065895600, 4.360773831842603700, -1.669725586757683000 ) ) ;
#1594 = CARTESIAN_POINT ( 'NONE',  ( 11.43837516185191000, 0.4416871615082373400, 1.763929511624133800 ) ) ;
#1595 = EDGE_CURVE ( 'NONE', #81, #1862, #1398, .T. ) ;
#1596 = CARTESIAN_POINT ( 'NONE',  ( 14.12713649110689600, 0.4882561657972508400, -1.435035935626214100 ) ) ;
#1597 = UNCERTAINTY_MEASURE_WITH_UNIT (LENGTH_MEASURE( 1.000000000000000100E-005 ), #1032, 'distance_accuracy_value', 'NONE');
#1598 = CARTESIAN_POINT ( 'NONE',  ( 11.38054002686320800, 4.800000000000000700, 2.003312759142104500 ) ) ;
#1599 = CARTESIAN_POINT ( 'NONE',  ( 11.63548740166965900, 4.316163821660158100, 1.669725586757682600 ) ) ;
#1600 = CARTESIAN_POINT ( 'NONE',  ( 10.86686490392507700, 0.4317889102910562000, 1.222062595650156700 ) ) ;
#1601 = CARTESIAN_POINT ( 'NONE',  ( 6.500000000000000900, 1.499999999999996900, -4.500000000000000900 ) ) ;
#1602 = CARTESIAN_POINT ( 'NONE',  ( 13.45977802891778200, 0.4766975161286316500, -1.912243199250354100 ) ) ;
#1603 = ORIENTED_EDGE ( 'NONE', *, *, #1709, .F. ) ;
#1604 = CARTESIAN_POINT ( 'NONE',  ( 14.31846179574455700, 4.362632724422331500, 1.582112848186453700 ) ) ;
#1605 = ORIENTED_EDGE ( 'NONE', *, *, #211, .F. ) ;
#1606 = EDGE_CURVE ( 'NONE', #1384, #41, #30, .T. ) ;
#1607 = CARTESIAN_POINT ( 'NONE',  ( 20.00000000000000000, 1.499999999999998700, 3.000000000000000000 ) ) ;
#1608 = CARTESIAN_POINT ( 'NONE',  ( 14.60195848711261000, 4.367542864531634100, 1.280979201963560400 ) ) ;
#1609 = DIRECTION ( 'NONE',  ( -1.000000000000000000, 0.0000000000000000000, -0.0000000000000000000 ) ) ;
#1610 = PLANE ( 'NONE',  #1096 ) ;
#1611 = PRESENTATION_STYLE_ASSIGNMENT (( #684 ) ) ;
#1612 = EDGE_LOOP ( 'NONE', ( #1019, #743 ) ) ;
#1613 = EDGE_CURVE ( 'NONE', #161, #767, #1845, .T. ) ;
#1614 = VECTOR ( 'NONE', #1288, 1000.000000000000000 ) ;
#1615 = CARTESIAN_POINT ( 'NONE',  ( 14.58490279659619800, 0.4961797943579595600, 0.6738712753301942000 ) ) ;
#1616 = VECTOR ( 'NONE', #1505, 1000.000000000000000 ) ;
#1617 = CARTESIAN_POINT ( 'NONE',  ( 9.249999999999975100, -9.249999999999996400, -3.000000000000000000 ) ) ;
#1618 = CARTESIAN_POINT ( 'NONE',  ( 10.91234608273498500, 4.800000000000000700, -1.536900434323507100 ) ) ;
#1619 = LINE ( 'NONE', #841, #1567 ) ;
#1620 = DIRECTION ( 'NONE',  ( -0.7071067811865475700, 0.0000000000000000000, 0.7071067811865475700 ) ) ;
#1621 = FILL_AREA_STYLE ('',( #1289 ) ) ;
#1622 = DIRECTION ( 'NONE',  ( 0.0000000000000000000, -1.000000000000000000, 0.0000000000000000000 ) ) ;
#1623 = EDGE_CURVE ( 'NONE', #1803, #1496, #917, .T. ) ;
#1624 = ORIENTED_EDGE ( 'NONE', *, *, #2103, .T. ) ;
#1625 = CARTESIAN_POINT ( 'NONE',  ( 11.09112663244710400, 4.306735536504545400, -1.052415776718767400 ) ) ;
#1626 = CARTESIAN_POINT ( 'NONE',  ( 11.98772041971171700, 4.322264469471471100, -1.887548922811612000 ) ) ;
#1627 = CARTESIAN_POINT ( 'NONE',  ( 11.02874516909535500, -1.330372270789530200E-015, 2.013823115821421300 ) ) ;
#1628 = ORIENTED_EDGE ( 'NONE', *, *, #191, .F. ) ;
#1629 = CARTESIAN_POINT ( 'NONE',  ( 10.05494899071946200, -1.246832498358330100E-015, 1.355252715606880500E-017 ) ) ;
#1630 = ORIENTED_EDGE ( 'NONE', *, *, #501, .T. ) ;
#1631 = DIRECTION ( 'NONE',  ( -0.0000000000000000000, -1.000000000000000000, -0.0000000000000000000 ) ) ;
#1632 = EDGE_CURVE ( 'NONE', #980, #1459, #966, .T. ) ;
#1633 = B_SPLINE_CURVE_WITH_KNOTS ( 'NONE', 3,
 ( #1007, #2261, #1208, #144, #1215, #1372, #330, #2265, #858, #1665, #2206, #1321, #471, #308, #1712, #1346, #301, #2004 ),
 .UNSPECIFIED., .F., .F.,
 ( 4, 2, 2, 2, 2, 2, 2, 2, 4 ),
 ( 0.5000000000000000000, 0.5625000000000000000, 0.6250000000000000000, 0.6875000000000000000, 0.7500000000000000000, 0.8125000000000000000, 0.8749999999999998900, 0.9375000000000000000, 1.000000000000000000 ),
 .UNSPECIFIED. ) ;
#1634 = CARTESIAN_POINT ( 'NONE',  ( 11.76918443898916600, -1.456602049105868200E-015, 2.390866944680432900 ) ) ;
#1635 = CARTESIAN_POINT ( 'NONE',  ( 11.63548740166964800, 4.316163821660159900, -1.669725586757681000 ) ) ;
#1636 = ORIENTED_EDGE ( 'NONE', *, *, #24, .T. ) ;
#1637 = CARTESIAN_POINT ( 'NONE',  ( 3.300000000000001200, 6.300000000000001600, -4.500000000000000900 ) ) ;
#1638 = CARTESIAN_POINT ( 'NONE',  ( 12.13963664917407900, 0.4538330431809353100, -2.052968900543683100 ) ) ;
#1639 = VECTOR ( 'NONE', #1358, 1000.000000000000000 ) ;
#1640 = CARTESIAN_POINT ( 'NONE',  ( 14.59508816571535000, -1.834500063049447700E-015, 1.536900434323505500 ) ) ;
#1641 = CARTESIAN_POINT ( 'NONE',  ( 6.500000000000000900, 3.299999999999996700, 4.500000000000000900 ) ) ;
#1642 = VECTOR ( 'NONE', #105, 1000.000000000000000 ) ;
#1643 = CARTESIAN_POINT ( 'NONE',  ( 10.97222575099383100, 0.4336146650904683700, -1.356654724543341400 ) ) ;
#1644 = LINE ( 'NONE', #1523, #2010 ) ;
#1645 = CARTESIAN_POINT ( 'NONE',  ( 13.40893777275310800, 0.4758168232787405900, 1.933125708542100800 ) ) ;
#1646 = CARTESIAN_POINT ( 'NONE',  ( 11.07677243263256500, 4.306488064175637100, 1.018637678948482100 ) ) ;
#1647 = CARTESIAN_POINT ( 'NONE',  ( 12.04477350802818400, 0.4521932088268957900, -2.030885955579865100 ) ) ;
#1648 = CARTESIAN_POINT ( 'NONE',  ( 10.47290229259424700, 0.4249649974513417000, 2.505606583150913700E-016 ) ) ;
#1649 = CARTESIAN_POINT ( 'NONE',  ( 14.59508816571534200, -1.834500063049447700E-015, -1.536900434323503500 ) ) ;
#1650 = CARTESIAN_POINT ( 'NONE',  ( 14.89979513876111700, 4.372701217661401100, -0.7412705632510691000 ) ) ;
#1651 = ADVANCED_FACE ( 'NONE', ( #1338 ), #2107, .F. ) ;
#1652 = CARTESIAN_POINT ( 'NONE',  ( 11.66063062542652600, 0.4455384092575361300, -1.889022886760455500 ) ) ;
#1653 = ORIENTED_EDGE ( 'NONE', *, *, #808, .T. ) ;
#1654 = CARTESIAN_POINT ( 'NONE',  ( 13.98135024828373800, 4.356793979276810400, -1.822446784913010200 ) ) ;
#1655 = CARTESIAN_POINT ( 'NONE',  ( 11.60741425831557400, 4.315679497235463700, 1.642544618338436700 ) ) ;
#1656 = CARTESIAN_POINT ( 'NONE',  ( 14.53520849743585000, 4.366385334909197400, -1.356654724567631000 ) ) ;
#1657 = CARTESIAN_POINT ( 'NONE',  ( 12.99030122357220700, 0.4685660839310430400, -2.060770992160277300 ) ) ;
#1658 = CARTESIAN_POINT ( 'NONE',  ( 10.71272883077550000, 4.800000000000000700, -1.267577584027051600 ) ) ;
#1659 = CARTESIAN_POINT ( 'NONE',  ( 11.76918443898917300, -1.456602049105868600E-015, -2.390866944680434300 ) ) ;
#1660 = DIRECTION ( 'NONE',  ( 1.000000000000000000, 0.0000000000000000000, 0.0000000000000000000 ) ) ;
#1661 = CARTESIAN_POINT ( 'NONE',  ( 14.19080770010507000, 4.800000000000000700, 2.186545457546794900 ) ) ;
#1662 = CARTESIAN_POINT ( 'NONE',  ( 12.17230714680493800, 4.325461438980890500, 1.963600887508454500 ) ) ;
#1663 = ADVANCED_FACE ( 'NONE', ( #394 ), #1257, .T. ) ;
#1664 = CARTESIAN_POINT ( 'NONE',  ( 12.26268821981302900, 0.4559639029480260200, -2.077543880944358300 ) ) ;
#1665 = CARTESIAN_POINT ( 'NONE',  ( 12.25451395941636100, -1.478233952607322000E-015, -2.519621106949929200 ) ) ;
#1666 = CARTESIAN_POINT ( 'NONE',  ( 10.05494899071946200, -1.246832498358330100E-015, 1.355252715606880500E-017 ) ) ;
#1667 = CARTESIAN_POINT ( 'NONE',  ( 13.27283681388854900, 4.344517092368119100, 2.071070225647903700 ) ) ;
#1668 = CARTESIAN_POINT ( 'NONE',  ( 3.299999999999999800, 13.50000000000000200, -4.500000000000000900 ) ) ;
#1669 = ORIENTED_EDGE ( 'NONE', *, *, #1385, .F. ) ;
#1670 = MECHANICAL_DESIGN_GEOMETRIC_PRESENTATION_REPRESENTATION (  '', ( #935 ), #618 ) ;
#1671 = CARTESIAN_POINT ( 'NONE',  ( 12.24304348988416200, 4.326686644706160000, 1.992745113735795700 ) ) ;
#1672 = VECTOR ( 'NONE', #1458, 1000.000000000000000 ) ;
#1673 = VECTOR ( 'NONE', #1882, 1000.000000000000000 ) ;
#1674 = CARTESIAN_POINT ( 'NONE',  ( 11.33332594921812800, 4.310931753294785700, -1.383282447146426200 ) ) ;
#1675 = CARTESIAN_POINT ( 'NONE',  ( 11.64853232583344500, 0.4453268159687023300, 1.887548922811610900 ) ) ;
#1676 = FACE_OUTER_BOUND ( 'NONE', #820, .T. ) ;
#1677 = CARTESIAN_POINT ( 'NONE',  ( 20.00000000000000000, 1.499999999999998700, -3.000000000000000000 ) ) ;
#1678 = CARTESIAN_POINT ( 'NONE',  ( 13.72277467062721900, 4.352315462261933600, 1.943634995649681000 ) ) ;
#1679 = ADVANCED_FACE ( 'NONE', ( #2216, #2274 ), #1123, .F. ) ;
#1680 = CARTESIAN_POINT ( 'NONE',  ( 0.0000000000000000000, 0.0000000000000000000, -3.000000000000000000 ) ) ;
#1681 = DIRECTION ( 'NONE',  ( 1.000000000000000000, 1.284980352575412700E-016, 0.0000000000000000000 ) ) ;
#1682 = CARTESIAN_POINT ( 'NONE',  ( 14.93427625959362400, 4.799999999999997200, -1.536900434323508900 ) ) ;
#1683 = CARTESIAN_POINT ( 'NONE',  ( 10.81209038647252600, 4.301902650954110300, -0.2713172939919395500 ) ) ;
#1684 = CARTESIAN_POINT ( 'NONE',  ( 14.17468951958087000, 0.4890796573142807100, 1.387735632797047100 ) ) ;
#1685 = EDGE_LOOP ( 'NONE', ( #1295, #822, #1774, #2081, #658 ) ) ;
#1686 = FILL_AREA_STYLE ('',( #1155 ) ) ;
#1687 = CARTESIAN_POINT ( 'NONE',  ( 14.39251286956627700, 4.363915087692552300, 1.508180334238750300 ) ) ;
#1688 = ORIENTED_EDGE ( 'NONE', *, *, #1899, .F. ) ;
#1689 = ADVANCED_FACE ( 'NONE', ( #809 ), #1303, .F. ) ;
#1690 = DIRECTION ( 'NONE',  ( -1.807003620809173900E-016, 1.000000000000000000, 0.0000000000000000000 ) ) ;
#1691 =( GEOMETRIC_REPRESENTATION_CONTEXT ( 3 ) GLOBAL_UNCERTAINTY_ASSIGNED_CONTEXT ( ( #1738 ) ) GLOBAL_UNIT_ASSIGNED_CONTEXT ( ( #2223, #280, #1254 ) ) REPRESENTATION_CONTEXT ( 'NONE', 'WORKASPACE' ) );
#1692 = CARTESIAN_POINT ( 'NONE',  ( 14.41630761600323800, 0.4932644634954457800, -1.052415776718766100 ) ) ;
#1693 = AXIS2_PLACEMENT_3D ( 'NONE', #1705, #665, #1893 ) ;
#1694 = CARTESIAN_POINT ( 'NONE',  ( 13.98000070623298400, 0.4857058736408005300, 1.576992251698476700 ) ) ;
#1695 = CARTESIAN_POINT ( 'NONE',  ( 15.03453195585609400, 4.375035002548650600, 0.2712855040360786500 ) ) ;
#1696 = ADVANCED_BREP_SHAPE_REPRESENTATION ( 'SNSD.30.52.33  TэєЄЁхээшщ єуыютющ ёюхфшэшЄхы№ 6-A(H19)', ( #1456, #362 ), #1054 ) ;
#1697 = DIRECTION ( 'NONE',  ( 3.011672701348623400E-017, -1.000000000000000000, 0.0000000000000000000 ) ) ;
#1698 = VERTEX_POINT ( 'NONE', #1128 ) ;
#1699 = DIRECTION ( 'NONE',  ( 1.000000000000000000, -1.206277097160143600E-016, -0.0000000000000000000 ) ) ;
#1700 = CARTESIAN_POINT ( 'NONE',  ( 12.03671957176829500, 0.4520501881427710400, -2.032834812311055100 ) ) ;
#1701 = LINE ( 'NONE', #25, #1266 ) ;
#1702 = VECTOR ( 'NONE', #2287, 1000.000000000000000 ) ;
#1703 = EDGE_CURVE ( 'NONE', #869, #52, #1283, .T. ) ;
#1704 = VECTOR ( 'NONE', #1041, 1000.000000000000000 ) ;
#1705 = CARTESIAN_POINT ( 'NONE',  ( 0.5000000000000117700, 9.399999999999996800, 0.0000000000000000000 ) ) ;
#1706 = CARTESIAN_POINT ( 'NONE',  ( 10.47290229259424500, 0.4249649974513415900, -0.1374454471134527500 ) ) ;
#1707 = DIRECTION ( 'NONE',  ( 1.000000000000000000, 0.0000000000000000000, 0.0000000000000000000 ) ) ;
#1708 = CARTESIAN_POINT ( 'NONE',  ( 10.31081839981088800, -1.317168653824950600E-015, 1.116542392150870600 ) ) ;
#1709 = EDGE_CURVE ( 'NONE', #1995, #555, #282, .T. ) ;
#1710 = ORIENTED_EDGE ( 'NONE', *, *, #660, .T. ) ;
#1711 = ORIENTED_EDGE ( 'NONE', *, *, #142, .T. ) ;
#1712 = CARTESIAN_POINT ( 'NONE',  ( 10.37367296933334300, -1.251352411633606800E-015, -1.267523019962280000 ) ) ;
#1713 = CARTESIAN_POINT ( 'NONE',  ( 6.500000000000000900, 1.499999999999996900, 4.500000000000000900 ) ) ;
#1714 = EDGE_LOOP ( 'NONE', ( #2168, #1636 ) ) ;
#1715 = CARTESIAN_POINT ( 'NONE',  ( 4.299999999999979400, 9.399999999999998600, -2.100000000000000500 ) ) ;
#1716 = CARTESIAN_POINT ( 'NONE',  ( 12.91518619009194200, -1.639398447178252300E-015, 2.503308755944026600 ) ) ;
#1717 = CARTESIAN_POINT ( 'NONE',  ( 20.00000000000000000, 3.299999999999998000, 3.000000000000000000 ) ) ;
#1718 = CARTESIAN_POINT ( 'NONE',  ( 11.51534611628042800, 4.314084377615880200, -1.565448705379676400 ) ) ;
#1719 = SURFACE_SIDE_STYLE ('',( #2097 ) ) ;
#1720 = CARTESIAN_POINT ( 'NONE',  ( 14.93427625959362400, 4.799999999999997200, -1.536900434323508900 ) ) ;
#1721 = CARTESIAN_POINT ( 'NONE',  ( 15.09699406599963500, -1.957959937921312800E-015, 0.3298033177058262200 ) ) ;
#1722 = EDGE_CURVE ( 'NONE', #1553, #516, #1727, .T. ) ;
#1723 = CARTESIAN_POINT ( 'NONE',  ( 13.57908283232463400, 4.800000000000000700, -2.438965988800023200 ) ) ;
#1724 = VERTEX_POINT ( 'NONE', #213 ) ;
#1725 = CARTESIAN_POINT ( 'NONE',  ( 12.14420927218483600, 4.324975261210584100, -1.951792963105800900 ) ) ;
#1726 = CARTESIAN_POINT ( 'NONE',  ( 11.02567663880308800, 4.305601947828804100, -0.9306182433907285200 ) ) ;
#1727 = LINE ( 'NONE', #759, #343 ) ;
#1728 = APPLICATION_PROTOCOL_DEFINITION ( 'draft international standard', 'automotive_design', 1998, #515 ) ;
#1729 = VECTOR ( 'NONE', #351, 1000.000000000000000 ) ;
#1730 = CARTESIAN_POINT ( 'NONE',  ( 14.93427625959362400, 4.800000000000000700, 1.536900434323508000 ) ) ;
#1731 = DIRECTION ( 'NONE',  ( 0.0000000000000000000, 0.0000000000000000000, -1.000000000000000000 ) ) ;
#1732 = CARTESIAN_POINT ( 'NONE',  ( 14.94472555779288600, 4.800000000000000700, 1.549358404463727400 ) ) ;
#1733 = CARTESIAN_POINT ( 'NONE',  ( 13.70493047998143900, -1.673442483602969500E-015, -2.264654066849447500 ) ) ;
#1734 = LINE ( 'NONE', #1101, #1287 ) ;
#1735 = CARTESIAN_POINT ( 'NONE',  ( 12.37590766564656500, 4.328987841645540500, -2.032834812311054200 ) ) ;
#1736 = CARTESIAN_POINT ( 'NONE',  ( 12.64781356212061600, 4.333710973959176400, -2.082327000533395800 ) ) ;
#1737 = CARTESIAN_POINT ( 'NONE',  ( 11.24466385521600400, 4.309394788971130400, 1.280979201963564200 ) ) ;
#1738 = UNCERTAINTY_MEASURE_WITH_UNIT (LENGTH_MEASURE( 1.000000000000000100E-005 ), #2223, 'distance_accuracy_value', 'NONE');
#1739 = CARTESIAN_POINT ( 'NONE',  ( 14.46608231546540500, 4.800000000000000700, -2.003312759142102700 ) ) ;
#1740 = ORIENTED_EDGE ( 'NONE', *, *, #1175, .F. ) ;
#1741 = DIRECTION ( 'NONE',  ( 0.0000000000000000000, 1.000000000000000000, 0.0000000000000000000 ) ) ;
#1742 = CARTESIAN_POINT ( 'NONE',  ( 6.500000000000000900, 3.299999999999996700, -3.000000000000000000 ) ) ;
#1743 = CARTESIAN_POINT ( 'NONE',  ( 10.67867602125879100, -1.392706048158438000E-015, -1.664985265571239400 ) ) ;
#1744 = CARTESIAN_POINT ( 'NONE',  ( 18.49999999999999600, 4.799999999999999800, 3.000000000000000000 ) ) ;
#1745 = ORIENTED_EDGE ( 'NONE', *, *, #415, .F. ) ;
#1746 = ORIENTED_EDGE ( 'NONE', *, *, #1058, .T. ) ;
#1747 = CARTESIAN_POINT ( 'NONE',  ( 13.74812586661663100, 4.352754476781537800, -1.933125708548306700 ) ) ;
#1748 = CARTESIAN_POINT ( 'NONE',  ( 12.24304348988416200, 4.326686644706160000, 1.992745113735795700 ) ) ;
#1749 = EDGE_CURVE ( 'NONE', #458, #1087, #1233, .T. ) ;
#1750 = CARTESIAN_POINT ( 'NONE',  ( 10.58073026646893100, 0.4268325693685725000, 0.6766521725426478700 ) ) ;
#1751 = PRESENTATION_LAYER_ASSIGNMENT (  '', '', ( #935 ) ) ;
#1752 = EDGE_CURVE ( 'NONE', #263, #1087, #284, .T. ) ;
#1753 = CARTESIAN_POINT ( 'NONE',  ( 10.52331150316588200, 4.800000000000000700, 0.8118375507377216800 ) ) ;
#1754 = CARTESIAN_POINT ( 'NONE',  ( 12.76822115933326200, 0.4647197373561491300, 2.100000000000000100 ) ) ;
#1755 = DIRECTION ( 'NONE',  ( 0.0000000000000000000, 0.0000000000000000000, -1.000000000000000000 ) ) ;
#1756 = CARTESIAN_POINT ( 'NONE',  ( 0.5000000000000117700, 9.399999999999996800, 0.0000000000000000000 ) ) ;
#1757 = ORIENTED_EDGE ( 'NONE', *, *, #2252, .T. ) ;
#1758 = CARTESIAN_POINT ( 'NONE',  ( 12.72230292713971300, 0.4639244372397710600, 2.100000000000000100 ) ) ;
#1759 = CARTESIAN_POINT ( 'NONE',  ( 20.00000000000000000, 3.299999999999998000, -4.500000000000000900 ) ) ;
#1760 = EDGE_CURVE ( 'NONE', #2, #1384, #754, .T. ) ;
#1761 = CARTESIAN_POINT ( 'NONE',  ( 12.03671957176829500, 0.4520501881427710400, -2.032834812311055100 ) ) ;
#1762 = VECTOR ( 'NONE', #1781, 1000.000000000000000 ) ;
#1763 = SURFACE_STYLE_FILL_AREA ( #1420 ) ;
#1764 = CARTESIAN_POINT ( 'NONE',  ( 11.01786411513706400, 4.800000000000000700, 1.664985265571243800 ) ) ;
#1765 = FACE_OUTER_BOUND ( 'NONE', #1685, .T. ) ;
#1766 = CARTESIAN_POINT ( 'NONE',  ( 11.92759073083162300, 0.4501647524427572800, 1.996175096471510600 ) ) ;
#1767 = CARTESIAN_POINT ( 'NONE',  ( 14.62781979518770500, 0.4969278375884832500, 0.5444941476209261800 ) ) ;
#1768 = CARTESIAN_POINT ( 'NONE',  ( 10.47290229259424500, 0.4249649974513415900, -0.1374454471134527500 ) ) ;
#1769 = PRESENTATION_LAYER_ASSIGNMENT (  '', '', ( #950 ) ) ;
#1770 = ORIENTED_EDGE ( 'NONE', *, *, #191, .T. ) ;
#1771 = CARTESIAN_POINT ( 'NONE',  ( 12.64695719121671600, 4.333682397834844700, 2.086463365382514200 ) ) ;
#1772 = CARTESIAN_POINT ( 'NONE',  ( 10.41044018245069800, 4.799999999999997200, -0.3298033177058273800 ) ) ;
#1773 = CARTESIAN_POINT ( 'NONE',  ( 11.35146736570851500, 0.4401815765420053500, 1.706391794280462500 ) ) ;
#1774 = ORIENTED_EDGE ( 'NONE', *, *, #410, .F. ) ;
#1775 = CARTESIAN_POINT ( 'NONE',  ( 3.300000000000000700, 13.50000000000000000, -3.000000000000000000 ) ) ;
#1776 = ORIENTED_EDGE ( 'NONE', *, *, #566, .F. ) ;
#1777 = CARTESIAN_POINT ( 'NONE',  ( 14.05332477571453600, 0.4869774341901163000, -1.508180334213003300 ) ) ;
#1778 = ADVANCED_FACE ( 'NONE', ( #701 ), #1786, .T. ) ;
#1779 = CARTESIAN_POINT ( 'NONE',  ( 10.81209038647252500, 4.301902650954109400, 0.1374454471134535500 ) ) ;
#1780 = CARTESIAN_POINT ( 'NONE',  ( 10.78966041177213600, 0.4304510793554164300, 1.108570520591913000 ) ) ;
#1781 = DIRECTION ( 'NONE',  ( 0.7071067811865448000, 8.659560562354966100E-017, 0.7071067811865502400 ) ) ;
#1782 = CARTESIAN_POINT ( 'NONE',  ( 13.95330276229498300, 0.4852433637937160800, -1.598874982582394200 ) ) ;
#1783 = CARTESIAN_POINT ( 'NONE',  ( 10.91991836034721100, 4.303770222871341000, 0.6766521725426496400 ) ) ;
#1784 = LINE ( 'NONE', #229, #1086 ) ;
#1785 = VERTEX_POINT ( 'NONE', #398 ) ;
#1786 = PLANE ( 'NONE',  #697 ) ;
#1787 = VECTOR ( 'NONE', #43, 1000.000000000000000 ) ;
#1788 = EDGE_LOOP ( 'NONE', ( #1577, #587 ) ) ;
#1789 = LINE ( 'NONE', #638, #871 ) ;
#1790 = EDGE_CURVE ( 'NONE', #1510, #1553, #223, .T. ) ;
#1791 = CARTESIAN_POINT ( 'NONE',  ( 15.32331083916273300, 4.799999999999997200, 0.8118375507377129100 ) ) ;
#1792 = AXIS2_PLACEMENT_3D ( 'NONE', #2134, #1799, #1953 ) ;
#1793 = CARTESIAN_POINT ( 'NONE',  ( -5.939696961967001700, 11.49999999999999800, 0.0000000000000000000 ) ) ;
#1794 = DIRECTION ( 'NONE',  ( 1.000000000000000000, 0.0000000000000000000, 0.0000000000000000000 ) ) ;
#1795 = ORIENTED_EDGE ( 'NONE', *, *, #1416, .F. ) ;
#1796 = EDGE_LOOP ( 'NONE', ( #1746, #963, #1306, #1973 ) ) ;
#1797 = CARTESIAN_POINT ( 'NONE',  ( 14.37778852697952600, 0.4925968756369227800, 1.108184600362710700 ) ) ;
#1798 = ORIENTED_EDGE ( 'NONE', *, *, #1952, .T. ) ;
#1799 = DIRECTION ( 'NONE',  ( 0.0000000000000000000, -1.000000000000000000, 0.0000000000000000000 ) ) ;
#1800 = CARTESIAN_POINT ( 'NONE',  ( 4.799999999999999800, 9.399999999999998600, 2.600000000000025000 ) ) ;
#1801 = CARTESIAN_POINT ( 'NONE',  ( 12.24304348988415600, 4.326686644706158300, -1.992745113735793900 ) ) ;
#1802 = CARTESIAN_POINT ( 'NONE',  ( 0.0000000000000000000, 0.0000000000000000000, 3.000000000000000000 ) ) ;
#1803 = VERTEX_POINT ( 'NONE', #44 ) ;
#1804 = SURFACE_STYLE_USAGE ( .BOTH. , #577 ) ;
#1805 = ORIENTED_EDGE ( 'NONE', *, *, #501, .F. ) ;
#1806 = CARTESIAN_POINT ( 'NONE',  ( 11.92074178828366400, -1.437971780036643400E-015, 2.453482333594279900 ) ) ;
#1807 = CARTESIAN_POINT ( 'NONE',  ( 10.07125208857243100, -1.186226362286650200E-015, 0.3298033177058264900 ) ) ;
#1808 = CARTESIAN_POINT ( 'NONE',  ( 14.84785454674581100, 4.371801918643979200, -0.8659998526823131600 ) ) ;
#1809 = PRESENTATION_LAYER_ASSIGNMENT (  '', '', ( #1195 ) ) ;
#1810 = ORIENTED_EDGE ( 'NONE', *, *, #257, .F. ) ;
#1811 = LINE ( 'NONE', #1601, #476 ) ;
#1812 = CARTESIAN_POINT ( 'NONE',  ( 10.86605050400806300, 0.4317741559236105100, -1.222288749279638400 ) ) ;
#1813 = CARTESIAN_POINT ( 'NONE',  ( 13.19966515111189100, 4.343255255667915400, -2.086463365382514600 ) ) ;
#1814 = CARTESIAN_POINT ( 'NONE',  ( 13.77053272110784100, 0.4820796716490961500, 1.737128190154030300 ) ) ;
#1815 = VECTOR ( 'NONE', #923, 1000.000000000000000 ) ;
#1816 = CARTESIAN_POINT ( 'NONE',  ( 1.500000000000000000, 13.50000000000000000, 3.000000000000000000 ) ) ;
#1817 = CARTESIAN_POINT ( 'NONE',  ( 12.25305996448011900, -1.504787853029710800E-015, 2.503308755944025700 ) ) ;
#1818 = VECTOR ( 'NONE', #996, 1000.000000000000000 ) ;
#1819 = CARTESIAN_POINT ( 'NONE',  ( 10.68881107472938100, 0.4287055387895623600, -0.9276838525477326700 ) ) ;
#1820 = CARTESIAN_POINT ( 'NONE',  ( 15.11820887714129700, 4.799999999999997200, 1.262673321978660600 ) ) ;
#1821 = DIRECTION ( 'NONE',  ( -0.0000000000000000000, -0.0000000000000000000, 1.000000000000000000 ) ) ;
#1822 = ORIENTED_EDGE ( 'NONE', *, *, #1997, .F. ) ;
#1823 = CARTESIAN_POINT ( 'NONE',  ( 14.12591895045670900, 4.359297699653502900, -1.726088110201788200 ) ) ;
#1824 = CARTESIAN_POINT ( 'NONE',  ( 12.85962068599683800, 0.4662890260347278800, -2.082327000576965000 ) ) ;
#1825 = CARTESIAN_POINT ( 'NONE',  ( 6.500000000000000900, 1.499999999999996900, 4.500000000000000900 ) ) ;
#1826 = CARTESIAN_POINT ( 'NONE',  ( 14.85742775476117400, -1.827017646383012300E-015, 1.116542392150876400 ) ) ;
#1827 = EDGE_CURVE ( 'NONE', #1263, #829, #2157, .T. ) ;
#1828 = CARTESIAN_POINT ( 'NONE',  ( 14.69739877553038500, 4.369195814109388300, -1.138901859363111500 ) ) ;
#1829 = ORIENTED_EDGE ( 'NONE', *, *, #1833, .F. ) ;
#1830 = CARTESIAN_POINT ( 'NONE',  ( 1.500000000000000000, 6.300000000000001600, 3.000000000000000000 ) ) ;
#1831 = CARTESIAN_POINT ( 'NONE',  ( 11.12964572145107300, 4.307403124363395000, 1.108184600331332900 ) ) ;
#1832 = ADVANCED_FACE ( 'NONE', ( #641 ), #402, .F. ) ;
#1833 = EDGE_CURVE ( 'NONE', #444, #1991, #2042, .T. ) ;
#1834 = CARTESIAN_POINT ( 'NONE',  ( 14.15499478069308900, 4.359800856968216300, -1.705682088070881200 ) ) ;
#1835 = CARTESIAN_POINT ( 'NONE',  ( 12.67617211839567500, 0.4631254553037159000, -2.100000000000000500 ) ) ;
#1836 = CARTESIAN_POINT ( 'NONE',  ( 14.25546831608381200, -1.826386917152639900E-015, -1.898196254708865300 ) ) ;
#1837 = CARTESIAN_POINT ( 'NONE',  ( 0.5000000000000117700, 9.399999999999996800, 0.0000000000000000000 ) ) ;
#1838 = ORIENTED_EDGE ( 'NONE', *, *, #755, .F. ) ;
#1839 = CARTESIAN_POINT ( 'NONE',  ( 11.69162756164042900, 4.317136796534119200, 1.705682088074404100 ) ) ;
#1840 = CARTESIAN_POINT ( 'NONE',  ( 12.16941796313900600, 0.4543485150902176200, -2.059089876593735100 ) ) ;
#1841 = LINE ( 'NONE', #1298, #1539 ) ;
#1842 = CARTESIAN_POINT ( 'NONE',  ( 10.39413708459773400, 4.800000000000000700, -0.3290802960016885900 ) ) ;
#1843 = FACE_OUTER_BOUND ( 'NONE', #97, .T. ) ;
#1844 = CARTESIAN_POINT ( 'NONE',  ( 11.31662654834527300, -1.380481889628086900E-015, -2.186545457546790000 ) ) ;
#1845 = LINE ( 'NONE', #1165, #1137 ) ;
#1846 = ORIENTED_EDGE ( 'NONE', *, *, #1606, .F. ) ;
#1847 = VECTOR ( 'NONE', #1004, 1000.000000000000000 ) ;
#1848 = AXIS2_PLACEMENT_3D ( 'NONE', #467, #705, #2208 ) ;
#1849 = CARTESIAN_POINT ( 'NONE',  ( 12.33274032966295200, 4.328244946084426600, 2.016458227118754600 ) ) ;
#1850 = CARTESIAN_POINT ( 'NONE',  ( 14.19800713904314700, 4.360545031511304800, -1.674673703158009900 ) ) ;
#1851 = CARTESIAN_POINT ( 'NONE',  ( 14.19573069562204800, 4.800000000000001600, -2.202170407196652600 ) ) ;
#1852 = CARTESIAN_POINT ( 'NONE',  ( 10.47290229259424500, 0.4249649974513414800, 0.1374454471134530800 ) ) ;
#1853 = CARTESIAN_POINT ( 'NONE',  ( 6.500000000000000900, 1.499999999999996900, -3.000000000000000000 ) ) ;
#1854 = CARTESIAN_POINT ( 'NONE',  ( 13.31476321203526500, 4.345247968584073000, 2.063602220777247100 ) ) ;
#1855 = ORIENTED_EDGE ( 'NONE', *, *, #1632, .T. ) ;
#1856 = B_SPLINE_CURVE_WITH_KNOTS ( 'NONE', 3,
 ( #1349, #1051, #2041, #2109, #1732, #827, #785, #1547, #432, #1331, #669, #1025, #663, #1173, #1389, #956, #2096, #846 ),
 .UNSPECIFIED., .F., .F.,
 ( 4, 2, 2, 2, 2, 2, 2, 2, 4 ),
 ( 0.5000000000000000000, 0.5625000000000000000, 0.6250000000000000000, 0.6875000000000000000, 0.7500000000000000000, 0.8125000000000000000, 0.8750000000000000000, 0.9375000000000000000, 1.000000000000000000 ),
 .UNSPECIFIED. ) ;
#1857 = ORIENTED_EDGE ( 'NONE', *, *, #934, .T. ) ;
#1858 = CARTESIAN_POINT ( 'NONE',  ( 13.08884615361250100, 4.799999999999997200, 2.519549815588656200 ) ) ;
#1859 = EDGE_LOOP ( 'NONE', ( #1328, #930, #1979, #931 ) ) ;
#1860 = CARTESIAN_POINT ( 'NONE',  ( 12.03671957176829300, 0.4520501881427706500, 2.032834812311053800 ) ) ;
#1861 = CARTESIAN_POINT ( 'NONE',  ( 13.73824980946117700, 4.799999999999997200, -2.390866944680438300 ) ) ;
#1862 = VERTEX_POINT ( 'NONE', #1802 ) ;
#1863 = CARTESIAN_POINT ( 'NONE',  ( 13.86327296598023300, 4.354746150534314400, 1.881637794237471100 ) ) ;
#1864 = DIRECTION ( 'NONE',  ( -1.000000000000000000, -0.0000000000000000000, -0.0000000000000000000 ) ) ;
#1865 = CARTESIAN_POINT ( 'NONE',  ( 15.45248525773087800, 4.800000000000000700, 0.1649050718693112200 ) ) ;
#1866 = AXIS2_PLACEMENT_3D ( 'NONE', #1105, #1620, #576 ) ;
#1867 = DIRECTION ( 'NONE',  ( -1.000000000000000000, -1.807003620809173900E-016, 0.0000000000000000000 ) ) ;
#1868 = CARTESIAN_POINT ( 'NONE',  ( 14.41630761600323200, 0.4932644634954455600, 1.052415776718768700 ) ) ;
#1869 = B_SPLINE_CURVE_WITH_KNOTS ( 'NONE', 3,
 ( #2002, #1114, #2194, #1134, #70, #1318, #250, #1479, #428, #1646, #604, #1831, #789, #2011, #958, #2202, #1143, #77, #1326, #256, #1488, #436, #1655, #612, #1839, #798, #2017, #968, #2211, #1152, #87, #1332, #266, #1495, #445, #1662, #620, #1849, #803, #2027, #975, #2219, #1158, #95, #1344, #91, #1340, #273, #1501, #452, #1667, #627, #1854, #811, #2032, #982, #2224, #1164, #100, #1350, #286, #1506, #460, #1678, #636, #1863, #817, #2044, #992, #2232, #1174, #109, #1361, #293, #1516, #468, #1687, #647, #1871, #828, #2051, #1002, #2239, #1184, #122, #1368, #303, #1526, #477, #1695, #656 ),
 .UNSPECIFIED., .F., .F.,
 ( 4, 2, 2, 2, 2, 2, 2, 2, 1, 2, 2, 2, 1, 2, 2, 2, 1, 1, 2, 2, 2, 1, 1, 1, 2, 2, 2, 2, 2, 1, 1, 2, 2, 2, 1, 1, 2, 2, 2, 1, 2, 2, 2, 1, 2, 2, 2, 2, 2, 2, 2, 4 ),
 ( 0.0000000000000000000, 0.03125000000000117300, 0.04687500000000172100, 0.06250000000000227600, 0.07812500000000281700, 0.08593750000000308100, 0.09375000000000334500, 0.1093750000000038400, 0.1171875000000039600, 0.1210937500000040100, 0.1250000000000040800, 0.1406250000000042700, 0.1484375000000044100, 0.1523437500000044700, 0.1562500000000045200, 0.1718750000000040200, 0.1796875000000036400, 0.1835937500000034100, 0.1855468750000033300, 0.1875000000000032200, 0.2031250000000030000, 0.2109375000000028600, 0.2148437500000027800, 0.2167968750000027800, 0.2177734375000027500, 0.2187500000000027500, 0.2500000000000055000, 0.2656250000000070500, 0.2734375000000079900, 0.2773437500000082200, 0.2792968750000083800, 0.2802734375000083800, 0.2812500000000084400, 0.2968750000000094900, 0.3046875000000099900, 0.3085937500000104900, 0.3105468750000107100, 0.3125000000000109400, 0.3281250000000114400, 0.3359375000000114400, 0.3398437500000112700, 0.3437500000000110500, 0.3593750000000098300, 0.3671875000000091600, 0.3710937500000088800, 0.3750000000000085500, 0.3906250000000076100, 0.3984375000000069400, 0.4062500000000063300, 0.4218750000000052200, 0.4375000000000041100, 0.5000000000000000000 ),
 .UNSPECIFIED. ) ;
#1870 = DIRECTION ( 'NONE',  ( -1.000000000000000000, -9.969675149291994500E-017, 0.0000000000000000000 ) ) ;
#1871 = CARTESIAN_POINT ( 'NONE',  ( 14.46632458503970200, 4.365193819300763800, 1.435035935571952000 ) ) ;
#1872 = EDGE_CURVE ( 'NONE', #2023, #1180, #108, .T. ) ;
#1873 = CARTESIAN_POINT ( 'NONE',  ( 10.81209038647252100, 4.301902650954109400, 2.505606583150913700E-016 ) ) ;
#1874 = ORIENTED_EDGE ( 'NONE', *, *, #76, .T. ) ;
#1875 = CARTESIAN_POINT ( 'NONE',  ( 14.37858574279453300, 0.4926112671421319900, -1.108570520599994500 ) ) ;
#1876 = FACE_OUTER_BOUND ( 'NONE', #1859, .T. ) ;
#1877 = SURFACE_STYLE_FILL_AREA ( #1686 ) ;
#1878 = EDGE_CURVE ( 'NONE', #519, #1946, #1565, .T. ) ;
#1879 = CARTESIAN_POINT ( 'NONE',  ( 13.84680362295167900, 4.354461590742764600, -1.889022886794878600 ) ) ;
#1880 = CARTESIAN_POINT ( 'NONE',  ( 14.17468951958086100, 0.4890796573142810500, -1.387735632797049400 ) ) ;
#1881 = LINE ( 'NONE', #1107, #1815 ) ;
#1882 = DIRECTION ( 'NONE',  ( 1.000000000000000000, 1.284980352575412700E-016, 0.0000000000000000000 ) ) ;
#1883 = DIRECTION ( 'NONE',  ( 1.000000000000000000, 0.0000000000000000000, 0.0000000000000000000 ) ) ;
#1884 = CARTESIAN_POINT ( 'NONE',  ( 1.499999999999999800, 13.50000000000000200, -4.500000000000000900 ) ) ;
#1885 = CARTESIAN_POINT ( 'NONE',  ( 15.03453195585609200, 4.375035002548650600, 0.0000000000000000000 ) ) ;
#1886 = CARTESIAN_POINT ( 'NONE',  ( 1.499999999999999800, 13.50000000000000200, 3.000000000000000000 ) ) ;
#1887 = CARTESIAN_POINT ( 'NONE',  ( 11.64853232583344000, 0.4453268159687024400, -1.887548922811611800 ) ) ;
#1888 = ORIENTED_EDGE ( 'NONE', *, *, #1378, .T. ) ;
#1889 = CARTESIAN_POINT ( 'NONE',  ( 18.60000000000000100, 3.299999999999998000, 4.500000000000000900 ) ) ;
#1890 = CARTESIAN_POINT ( 'NONE',  ( 4.299999999999979400, 9.399999999999998600, 0.0000000000000000000 ) ) ;
#1891 = VERTEX_POINT ( 'NONE', #1816 ) ;
#1892 = DIRECTION ( 'NONE',  ( 1.000000000000000000, 0.0000000000000000000, 0.0000000000000000000 ) ) ;
#1893 = DIRECTION ( 'NONE',  ( 0.0000000000000000000, 0.0000000000000000000, -1.000000000000000000 ) ) ;
#1894 = CARTESIAN_POINT ( 'NONE',  ( 1.499999999999999800, 13.50000000000000200, -3.000000000000000000 ) ) ;
#1895 = AXIS2_PLACEMENT_3D ( 'NONE', #1668, #1210, #133 ) ;
#1896 = CARTESIAN_POINT ( 'NONE',  ( 10.65000649368915300, 4.800000000000000700, -1.116542392150873700 ) ) ;
#1897 = CARTESIAN_POINT ( 'NONE',  ( 10.57315798885671600, -1.309686237158515000E-015, 1.536900434323503300 ) ) ;
#1898 = DIRECTION ( 'NONE',  ( -0.0000000000000000000, -0.0000000000000000000, 1.000000000000000000 ) ) ;
#1899 = EDGE_CURVE ( 'NONE', #1263, #1291, #1462, .T. ) ;
#1900 = CARTESIAN_POINT ( 'NONE',  ( 11.63548740166964800, 4.316163821660159900, -1.669725586757681000 ) ) ;
#1901 = ORIENTED_EDGE ( 'NONE', *, *, #2252, .F. ) ;
#1902 = DIRECTION ( 'NONE',  ( 3.011672701348623400E-017, -1.000000000000000000, 0.0000000000000000000 ) ) ;
#1903 = EDGE_LOOP ( 'NONE', ( #2170, #2145, #2053, #699, #134, #2156, #1888, #794, #264, #1133, #1218, #245, #1353, #942, #592 ) ) ;
#1904 = CARTESIAN_POINT ( 'NONE',  ( 13.39906171558289600, -1.687584251102094000E-015, 2.390866944680431100 ) ) ;
#1905 = CARTESIAN_POINT ( 'NONE',  ( 4.299999999999979400, 9.399999999999998600, 0.0000000000000000000 ) ) ;
#1906 = FACE_OUTER_BOUND ( 'NONE', #427, .T. ) ;
#1907 = ORIENTED_EDGE ( 'NONE', *, *, #704, .F. ) ;
#1908 = CARTESIAN_POINT ( 'NONE',  ( 11.63411373382348300, 4.316141873086769100, -1.664425483338390900 ) ) ;
#1909 =( LENGTH_UNIT ( ) NAMED_UNIT ( * ) SI_UNIT ( .MILLI., .METRE. ) );
#1910 = CARTESIAN_POINT ( 'NONE',  ( 5.800000000000000700, 5.799999999999999800, 3.000000000000000000 ) ) ;
#1911 = CARTESIAN_POINT ( 'NONE',  ( 15.11329716385260200, -1.897353801849632400E-015, -0.1649050718693103900 ) ) ;
#1912 = MECHANICAL_DESIGN_GEOMETRIC_PRESENTATION_REPRESENTATION (  '', ( #1450 ), #2282 ) ;
#1913 = ORIENTED_EDGE ( 'NONE', *, *, #423, .F. ) ;
#1914 = CARTESIAN_POINT ( 'NONE',  ( 11.33274472886947100, 4.310920342685709400, -1.387735632797049600 ) ) ;
#1915 = ORIENTED_EDGE ( 'NONE', *, *, #857, .T. ) ;
#1916 = CARTESIAN_POINT ( 'NONE',  ( 12.21898308394173300, 4.326273212992842500, -1.980155215303623500 ) ) ;
#1917 = CARTESIAN_POINT ( 'NONE',  ( 10.87961445326262800, 4.303072162411508500, -0.5444941476209225200 ) ) ;
#1918 = APPLICATION_CONTEXT ( 'automotive_design' ) ;
#1919 = CARTESIAN_POINT ( 'NONE',  ( 11.86527209404487100, 4.320143674225951400, 1.822446784913007500 ) ) ;
#1920 = EDGE_CURVE ( 'NONE', #1180, #1995, #765, .T. ) ;
#1921 = DIRECTION ( 'NONE',  ( 0.0000000000000000000, 0.0000000000000000000, -1.000000000000000000 ) ) ;
#1922 = ORIENTED_EDGE ( 'NONE', *, *, #153, .F. ) ;
#1923 = CARTESIAN_POINT ( 'NONE',  ( 13.23989473844636700, -1.613208070278260800E-015, -2.438965988800015700 ) ) ;
#1924 = CARTESIAN_POINT ( 'NONE',  ( 11.25196593236652600, 4.799999999999997200, 1.898196254708875500 ) ) ;
#1925 = CARTESIAN_POINT ( 'NONE',  ( 12.83126212983088100, 4.336874544692382600, -2.100000000000001000 ) ) ;
#1926 = CARTESIAN_POINT ( 'NONE',  ( 14.51387761345914000, 4.366017310817047900, -1.387735632797048500 ) ) ;
#1927 = CARTESIAN_POINT ( 'NONE',  ( 10.38922537130905100, -1.292398976806695400E-015, -1.262673321978662300 ) ) ;
#1928 = DIRECTION ( 'NONE',  ( -0.7071067811865492400, -0.7071067811865459100, -0.0000000000000000000 ) ) ;
#1929 = CARTESIAN_POINT ( 'NONE',  ( 11.86527209404487600, 4.320143674225949600, -1.822446784913007900 ) ) ;
#1930 = ORIENTED_EDGE ( 'NONE', *, *, #383, .F. ) ;
#1931 = CARTESIAN_POINT ( 'NONE',  ( 13.67431519544557300, 4.351476214519282200, -1.963600887540589500 ) ) ;
#1932 = VECTOR ( 'NONE', #1631, 1000.000000000000000 ) ;
#1933 = FACE_OUTER_BOUND ( 'NONE', #1903, .T. ) ;
#1934 = CARTESIAN_POINT ( 'NONE',  ( 3.299999999999999800, 13.50000000000000200, -4.500000000000000900 ) ) ;
#1935 = CARTESIAN_POINT ( 'NONE',  ( 10.75193853856882600, 0.4297978830017771300, 1.052415776718769200 ) ) ;
#1936 = FACE_OUTER_BOUND ( 'NONE', #1102, .T. ) ;
#1937 = CARTESIAN_POINT ( 'NONE',  ( 14.17468951958086100, 0.4890796573142810500, -1.387735632797049400 ) ) ;
#1938 = AXIS2_PLACEMENT_3D ( 'NONE', #138, #1707, #1755 ) ;
#1939 = CARTESIAN_POINT ( 'NONE',  ( 14.04411857385971300, 4.799999999999997200, 2.264654066849454100 ) ) ;
#1940 = CARTESIAN_POINT ( 'NONE',  ( 13.60357885244446200, 4.350251008796600000, 1.992745113735791400 ) ) ;
#1941 = CARTESIAN_POINT ( 'NONE',  ( 12.41158145933078500, 0.4585579453794977900, 2.094102983749697600 ) ) ;
#1942 = DIRECTION ( 'NONE',  ( 1.000000000000000000, 9.427844978134823900E-017, -0.0000000000000000000 ) ) ;
#1943 = CARTESIAN_POINT ( 'NONE',  ( 13.13152658280377100, 0.4710121583544518200, 2.032834812311053800 ) ) ;
#1944 = CARTESIAN_POINT ( 'NONE',  ( 15.03453195585609200, 4.375035002548650600, 0.0000000000000000000 ) ) ;
#1945 = CARTESIAN_POINT ( 'NONE',  ( 11.64853232583344000, 0.4453268159687024400, -1.887548922811611800 ) ) ;
#1946 = VERTEX_POINT ( 'NONE', #422 ) ;
#1947 = CARTESIAN_POINT ( 'NONE',  ( 10.82569935045186300, 4.302138357126054300, 0.2748852048468167800 ) ) ;
#1948 = ORIENTED_EDGE ( 'NONE', *, *, #435, .T. ) ;
#1949 = CARTESIAN_POINT ( 'NONE',  ( 11.82700976452167500, 0.4484190987033719300, 1.960431287888337200 ) ) ;
#1950 = CARTESIAN_POINT ( 'NONE',  ( 14.69534386197781100, 0.4980973490458814900, 0.1374454471134531100 ) ) ;
#1951 = CARTESIAN_POINT ( 'NONE',  ( 0.0000000000000000000, 0.0000000000000000000, 3.000000000000000000 ) ) ;
#1952 = EDGE_CURVE ( 'NONE', #617, #619, #1063, .T. ) ;
#1953 = DIRECTION ( 'NONE',  ( 0.0000000000000000000, -0.0000000000000000000, -1.000000000000000000 ) ) ;
#1954 = CARTESIAN_POINT ( 'NONE',  ( 11.21494339227923300, 0.4378189827033603900, 1.598874982584231200 ) ) ;
#1955 = ORIENTED_EDGE ( 'NONE', *, *, #383, .T. ) ;
#1956 = EDGE_CURVE ( 'NONE', #1042, #1251, #1869, .T. ) ;
#1957 = CARTESIAN_POINT ( 'NONE',  ( 20.00000000000000000, 3.299999999999998000, -4.500000000000000900 ) ) ;
#1958 = FACE_OUTER_BOUND ( 'NONE', #1796, .T. ) ;
#1959 = CARTESIAN_POINT ( 'NONE',  ( 13.99208813215511600, 0.4859156223828032800, -1.565448705392912500 ) ) ;
#1960 = SURFACE_STYLE_FILL_AREA ( #2230 ) ;
#1961 = VECTOR ( 'NONE', #1898, 1000.000000000000000 ) ;
#1962 = LINE ( 'NONE', #2234, #1847 ) ;
#1963 = CARTESIAN_POINT ( 'NONE',  ( 12.37590766564657100, 4.328987841645538700, 2.032834812311055100 ) ) ;
#1964 = CARTESIAN_POINT ( 'NONE',  ( 10.68883304779923500, 0.4287060763131301800, 0.9277282397684310000 ) ) ;
#1965 = CARTESIAN_POINT ( 'NONE',  ( 6.500000000000000900, 3.299999999999996700, 4.500000000000000900 ) ) ;
#1966 = CARTESIAN_POINT ( 'NONE',  ( 13.27370463604443900, 0.4734701109258338000, 1.986011254611395900 ) ) ;
#1967 = ORIENTED_EDGE ( 'NONE', *, *, #461, .F. ) ;
#1968 = CARTESIAN_POINT ( 'NONE',  ( 11.52816054658404900, 4.314304929080431200, -1.582112848186450600 ) ) ;
#1969 = CARTESIAN_POINT ( 'NONE',  ( 4.299999999999979400, 9.399999999999998600, 0.0000000000000000000 ) ) ;
#1970 = ORIENTED_EDGE ( 'NONE', *, *, #2203, .T. ) ;
#1971 = EDGE_CURVE ( 'NONE', #829, #458, #946, .T. ) ;
#1972 = DIRECTION ( 'NONE',  ( -0.7071067811865456900, 8.659560562354956300E-017, -0.7071067811865493500 ) ) ;
#1973 = ORIENTED_EDGE ( 'NONE', *, *, #1494, .F. ) ;
#1974 = CARTESIAN_POINT ( 'NONE',  ( 12.10837253286744700, 4.799999999999997200, 2.390866944680441400 ) ) ;
#1975 = CARTESIAN_POINT ( 'NONE',  ( 13.06149102101799100, 4.340862090742540100, 2.099999999999999600 ) ) ;
#1976 = CARTESIAN_POINT ( 'NONE',  ( 15.45248525773088100, 4.799999999999998900, -4.336808689942017700E-016 ) ) ;
#1977 = CARTESIAN_POINT ( 'NONE',  ( 10.52633314051739400, 0.4259048989556285500, -0.4744574421656869200 ) ) ;
#1978 = CARTESIAN_POINT ( 'NONE',  ( 14.19080770010507000, 4.800000000000000700, 2.186545457546794900 ) ) ;
#1979 = ORIENTED_EDGE ( 'NONE', *, *, #1595, .F. ) ;
#1980 = CARTESIAN_POINT ( 'NONE',  ( 11.98772041971171900, 4.322264469471471100, 1.887548922811612700 ) ) ;
#1981 = VECTOR ( 'NONE', #2169, 1000.000000000000000 ) ;
#1982 = CIRCLE ( 'NONE', #367, 1.000000000000000000 ) ;
#1983 =( NAMED_UNIT ( * ) PLANE_ANGLE_UNIT ( ) SI_UNIT ( $, .RADIAN. ) );
#1984 = VECTOR ( 'NONE', #1521, 1000.000000000000100 ) ;
#1985 = EDGE_CURVE ( 'NONE', #1510, #856, #114, .T. ) ;
#1986 = CARTESIAN_POINT ( 'NONE',  ( 14.31846179574456300, 4.362632724422332400, -1.582112848186450800 ) ) ;
#1987 = CARTESIAN_POINT ( 'NONE',  ( 15.37159361381426200, 4.800000000000000700, 0.6532762520119063100 ) ) ;
#1988 = CARTESIAN_POINT ( 'NONE',  ( 12.91373219515227300, -1.557753938587176300E-015, 2.519621106950058000 ) ) ;
#1989 = CARTESIAN_POINT ( 'NONE',  ( 0.0000000000000000000, 0.0000000000000000000, -4.500000000000000900 ) ) ;
#1990 = CARTESIAN_POINT ( 'NONE',  ( 10.18412340928761100, -1.284916560140260100E-015, 0.8118375507377168000 ) ) ;
#1991 = VERTEX_POINT ( 'NONE', #1474 ) ;
#1992 = EDGE_CURVE ( 'NONE', #1087, #602, #53, .T. ) ;
#1993 = VERTEX_POINT ( 'NONE', #311 ) ;
#1994 = CARTESIAN_POINT ( 'NONE',  ( 12.64695719121671400, 4.333682397834844700, -2.086463365382512900 ) ) ;
#1995 = VERTEX_POINT ( 'NONE', #485 ) ;
#1996 = CARTESIAN_POINT ( 'NONE',  ( 14.69534386197781800, 0.4980973490458812700, -1.352030834163250000E-016 ) ) ;
#1997 = EDGE_CURVE ( 'NONE', #602, #1550, #535, .T. ) ;
#1998 = ORIENTED_EDGE ( 'NONE', *, *, #2217, .F. ) ;
#1999 = CARTESIAN_POINT ( 'NONE',  ( 10.81209038647252100, 4.301902650954109400, 2.439454888092385000E-016 ) ) ;
#2000 = CARTESIAN_POINT ( 'NONE',  ( 12.74965805973422700, -1.545560308748919000E-015, 2.519549815588650000 ) ) ;
#2001 = MECHANICAL_DESIGN_GEOMETRIC_PRESENTATION_REPRESENTATION (  '', ( #813 ), #475 ) ;
#2002 = CARTESIAN_POINT ( 'NONE',  ( 10.81209038647252100, 4.301902650954109400, 2.505606583150913700E-016 ) ) ;
#2003 = CARTESIAN_POINT ( 'NONE',  ( 14.44105929435648700, 4.364755936266008400, -1.459852350145036200 ) ) ;
#2004 = CARTESIAN_POINT ( 'NONE',  ( 10.05494899071946200, -1.229868983210084500E-015, -4.743384504624081900E-017 ) ) ;
#2005 = CARTESIAN_POINT ( 'NONE',  ( 15.03240551993597800, -1.836747665777953100E-015, 0.6532762520119094200 ) ) ;
#2006 = ORIENTED_EDGE ( 'NONE', *, *, #742, .F. ) ;
#2007 = ADVANCED_FACE ( 'NONE', ( #413 ), #2016, .T. ) ;
#2008 = PRESENTATION_LAYER_ASSIGNMENT (  '', '', ( #1117 ) ) ;
#2009 = FACE_OUTER_BOUND ( 'NONE', #1073, .T. ) ;
#2010 = VECTOR ( 'NONE', #1544, 1000.000000000000000 ) ;
#2011 = CARTESIAN_POINT ( 'NONE',  ( 11.20523859784085600, 4.308711809424719900, 1.222288749212045800 ) ) ;
#2012 = CARTESIAN_POINT ( 'NONE',  ( 11.99355223561001800, 0.4513072925795028100, -2.016458227068122600 ) ) ;
#2013 = CARTESIAN_POINT ( 'NONE',  ( 5.799999999999999800, 4.799999999999999800, 3.000000000000000000 ) ) ;
#2014 = CARTESIAN_POINT ( 'NONE',  ( 13.85161960622679300, -1.763704410579875900E-015, -2.186545457546788600 ) ) ;
#2015 = DIRECTION ( 'NONE',  ( 1.000000000000000000, 0.0000000000000000000, 0.0000000000000000000 ) ) ;
#2016 = B_SPLINE_SURFACE_WITH_KNOTS ( 'NONE', 1, 3, ( 
 ( #140, #2257, #320, #1538, #493, #1708, #672, #1897, #853, #2075, #1026, #2263, #1209, #150, #1390, #327, #1548, #498, #1716, #678, #1904, #859, #2080, #1035, #2268, #1220, #158, #1397, #333, #1552, #509, #1721, #687, #1911, #867, #2090, #1043, #2280, #1228, #168, #1406, #342, #1558, #518, #1733, #695, #1923, #876, #2099, #1053, #2292, #1239, #175, #1412, #352, #1564, #526, #1743, #706, #1927, #883, #2110, #1061, #2301, #1247, #182 ),
 ( #1418, #360, #1571, #534, #1750, #715, #1935, #888, #2121, #1070, #3, #1255, #188, #1426, #364, #1579, #541, #1758, #724, #1943, #895, #2130, #1078, #13, #1264, #197, #1432, #375, #1586, #548, #1767, #732, #1950, #902, #2137, #1084, #19, #1270, #203, #717, #1937, #889, #2123, #1072, #5, #1256, #189, #1428, #366, #1581, #542, #1761, #726, #1945, #897, #2132, #1079, #14, #1265, #199, #1434, #377, #1587, #550, #1768, #733 ) ),
 .UNSPECIFIED., .F., .T., .F.,
 ( 2, 2 ),
 ( 4, 2, 2, 2, 2, 2, 2, 2, 2, 2, 2, 2, 2, 2, 2, 2, 2, 2, 2, 2, 2, 2, 2, 2, 2, 2, 2, 2, 2, 2, 2, 2, 4 ),
 ( 0.0000000000000000000, 1.000000000000000000 ),
 ( 0.0000000000000000000, 0.1963495408493620700, 0.3926990816987241400, 0.5890486225480862100, 0.7853981633974482800, 0.9817477042468103500, 1.178097245096172400, 1.374446785945534500, 1.570796326794896600, 1.767145867644258600, 1.963495408493620700, 2.159844949342982500, 2.356194490192344800, 2.552544031041707100, 2.748893571891069000, 2.945243112740430800, 3.141592653589793100, 3.337942194439155400, 3.534291735288517300, 3.730641276137879100, 3.926990816987241400, 4.123340357836603700, 4.319689898685965100, 4.516039439535327400, 4.712388980384689700, 4.908738521234052000, 5.105088062083414300, 5.301437602932775700, 5.497787143782138000, 5.694136684631500200, 5.890486225480861600, 6.086835766330223900, 6.283185307179586200 ),
 .UNSPECIFIED. ) ;
#2017 = CARTESIAN_POINT ( 'NONE',  ( 11.73690152734838900, 4.317920328350996200, 1.737128190157943200 ) ) ;
#2018 = ADVANCED_FACE ( 'NONE', ( #579, #1876 ), #2139, .F. ) ;
#2019 = ORIENTED_EDGE ( 'NONE', *, *, #2118, .T. ) ;
#2020 = CARTESIAN_POINT ( 'NONE',  ( 12.10752101404367500, 0.4532776369428222500, -2.045938510928278400 ) ) ;
#2021 = DIRECTION ( 'NONE',  ( 1.284980352575412700E-016, -1.000000000000000000, 0.0000000000000000000 ) ) ;
#2022 = CARTESIAN_POINT ( 'NONE',  ( 10.91277783848825700, -1.317799383055323100E-015, -1.898196254708870000 ) ) ;
#2023 = VERTEX_POINT ( 'NONE', #1382 ) ;
#2024 = ORIENTED_EDGE ( 'NONE', *, *, #304, .F. ) ;
#2025 = B_SPLINE_SURFACE_WITH_KNOTS ( 'NONE', 1, 3, ( 
 ( #1629, #1464, #1807, #772, #1990, #947, #2179, #1124, #60, #1304, #236, #1471, #414, #1634, #591, #1817, #773, #2000, #949, #2190, #1129, #68, #1314, #243, #1476, #424, #1640, #598, #1826, #782, #2005, #954, #2198, #1140, #73, #1322, #252, #1482, #431, #1649, #608, #1836, #793, #2014, #961, #2207, #1147, #82, #1330, #262, #1491, #438, #1659, #616, #1844, #801, #2022, #971, #2212, #1154, #90, #1336, #270, #1498, #448, #1666 ),
 ( #625, #1852, #807, #2031, #979, #2221, #1160, #99, #1347, #279, #1504, #457, #1675, #634, #1860, #816, #2039, #989, #2228, #1170, #106, #1357, #291, #1511, #465, #1684, #644, #1868, #825, #2048, #998, #2236, #1182, #117, #1366, #302, #1524, #473, #1692, #653, #1880, #833, #2059, #1008, #2247, #1188, #129, #1374, #309, #1532, #483, #1700, #662, #1887, #842, #2065, #1017, #2255, #1197, #137, #1380, #317, #1536, #490, #1706, #667 ) ),
 .UNSPECIFIED., .F., .T., .F.,
 ( 2, 2 ),
 ( 4, 2, 2, 2, 2, 2, 2, 2, 2, 2, 2, 2, 2, 2, 2, 2, 2, 2, 2, 2, 2, 2, 2, 2, 2, 2, 2, 2, 2, 2, 2, 2, 4 ),
 ( 0.0000000000000000000, 1.000000000000000000 ),
 ( 0.0000000000000000000, 0.1963495408493620700, 0.3926990816987241400, 0.5890486225480862100, 0.7853981633974482800, 0.9817477042468103500, 1.178097245096172400, 1.374446785945534500, 1.570796326794896600, 1.767145867644258600, 1.963495408493620700, 2.159844949342982500, 2.356194490192344800, 2.552544031041707100, 2.748893571891069000, 2.945243112740430800, 3.141592653589793100, 3.337942194439155400, 3.534291735288517300, 3.730641276137879100, 3.926990816987241400, 4.123340357836603700, 4.319689898685965100, 4.516039439535327400, 4.712388980384689700, 4.908738521234052000, 5.105088062083414300, 5.301437602932775700, 5.497787143782138000, 5.694136684631500200, 5.890486225480861600, 6.086835766330223900, 6.283185307179586200 ),
 .UNSPECIFIED. ) ;
#2026 = CARTESIAN_POINT ( 'NONE',  ( 10.39413708459773000, 4.799999999999998900, 0.0000000000000000000 ) ) ;
#2027 = CARTESIAN_POINT ( 'NONE',  ( 12.44670910801246100, 4.330215290446570700, 2.045938510948784600 ) ) ;
#2028 = CARTESIAN_POINT ( 'NONE',  ( 13.28845116443548900, 0.4737267870065762200, -1.980155215329830700 ) ) ;
#2029 = VERTEX_POINT ( 'NONE', #380 ) ;
#2030 = CARTESIAN_POINT ( 'NONE',  ( 15.13376127911324600, 4.800000000000000700, -1.267523019970942900 ) ) ;
#2031 = CARTESIAN_POINT ( 'NONE',  ( 10.54042635938435300, 0.4261345089087391100, 0.5444941476209223000 ) ) ;
#2032 = CARTESIAN_POINT ( 'NONE',  ( 13.32948931743168200, 4.345503737433469700, 2.060770992163956100 ) ) ;
#2033 = EDGE_CURVE ( 'NONE', #444, #617, #1371, .T. ) ;
#2034 = ADVANCED_FACE ( 'NONE', ( #892 ), #1085, .T. ) ;
#2035 = CARTESIAN_POINT ( 'NONE',  ( 13.64579482568606700, 0.4799165987340701700, 1.816459393033810200 ) ) ;
#2036 = CARTESIAN_POINT ( 'NONE',  ( 13.89373350783799000, 4.355273700204726600, -1.865326854739895600 ) ) ;
#2037 = CARTESIAN_POINT ( 'NONE',  ( 11.20605299779535700, 4.308726563794198900, -1.222062595638870400 ) ) ;
#2038 = EDGE_LOOP ( 'NONE', ( #1211, #569, #111, #1393, #368, #1407, #294, #2024, #681, #1874, #2006, #1196 ) ) ;
#2039 = CARTESIAN_POINT ( 'NONE',  ( 12.44594322743234800, 0.4591379092574515200, 2.100000000000000500 ) ) ;
#2040 = CARTESIAN_POINT ( 'NONE',  ( 6.500000000000000900, 3.299999999999996700, 4.500000000000000900 ) ) ;
#2041 = CARTESIAN_POINT ( 'NONE',  ( 15.38603317625011400, 4.800000000000000700, 0.6608023588605253000 ) ) ;
#2042 = LINE ( 'NONE', #937, #1981 ) ;
#2043 = CONICAL_SURFACE ( 'NONE', #1848, 2.100000000000000500, 0.7853981633974521600 ) ;
#2044 = CARTESIAN_POINT ( 'NONE',  ( 13.99884911335649400, 4.357095083773446100, 1.807599170067796000 ) ) ;
#2045 = CARTESIAN_POINT ( 'NONE',  ( 6.500000000000000900, 1.499999999999996900, 3.000000000000000000 ) ) ;
#2046 = LINE ( 'NONE', #1178, #645 ) ;
#2047 = CARTESIAN_POINT ( 'NONE',  ( 12.59224805835839700, 4.799999999999997200, 2.503308755944034100 ) ) ;
#2048 = CARTESIAN_POINT ( 'NONE',  ( 14.58751588810313000, 0.4962297771286504600, 0.6766521725426477600 ) ) ;
#2049 = CARTESIAN_POINT ( 'NONE',  ( 4.799999999999999800, 9.399999999999998600, 0.0000000000000000000 ) ) ;
#2050 = DIRECTION ( 'NONE',  ( 0.7071067811865466800, 9.086183209975541000E-017, -0.7071067811865483500 ) ) ;
#2051 = CARTESIAN_POINT ( 'NONE',  ( 14.57893650157842000, 4.367142702007631900, 1.303512386353464800 ) ) ;
#2052 = VERTEX_POINT ( 'NONE', #1775 ) ;
#2053 = ORIENTED_EDGE ( 'NONE', *, *, #2152, .F. ) ;
#2054 = CARTESIAN_POINT ( 'NONE',  ( 13.42566226359761000, 0.4761062855662853100, 1.925980660541209500 ) ) ;
#2055 = PLANE ( 'NONE',  #821 ) ;
#2056 = CARTESIAN_POINT ( 'NONE',  ( 14.46534879814665000, 4.365176298324017900, -1.434446242346585800 ) ) ;
#2057 = CARTESIAN_POINT ( 'NONE',  ( 3.300000000000001200, 6.300000000000001600, 3.000000000000000000 ) ) ;
#2058 = DIRECTION ( 'NONE',  ( 3.011672701348623400E-017, -1.000000000000000000, 0.0000000000000000000 ) ) ;
#2059 = CARTESIAN_POINT ( 'NONE',  ( 13.87194684678068200, 0.4838361783398332200, -1.669725586757683700 ) ) ;
#2060 = AXIS2_PLACEMENT_3D ( 'NONE', #89, #2021, #437 ) ;
#2061 = SURFACE_SIDE_STYLE ('',( #1877 ) ) ;
#2062 = B_SPLINE_CURVE_WITH_KNOTS ( 'NONE', 3,
 ( #1944, #1131, #2180, #1316, #784, #1125, #1650, #1808, #584, #62, #955, #1483, #1828, #677, #969, #1656, #1522, #2056, #2003, #632, #830, #2244, #643, #1850, #1834, #1823, #2204, #1186, #1364, #2036, #1879, #430, #2226, #1747, #710, #1931, #529, #1568, #358, #1414, #2297, #1243, #178, #1056, #2105, #880, #1925, #700, #1736, #522, #1560, #347, #1410, #2285, #1046, #171, #1231, #2092, #872, #1916, #690, #1725, #513, #1555, #335, #1402, #162, #1039, #2272, #1223, #2085, #862, #1908, #683, #1718, #504, #1549, #1497, #447, #1674, #633, #815, #2037, #988, #2064, #2227, #1169, #1015, #464, #1683, #2254 ),
 .UNSPECIFIED., .F., .F.,
 ( 4, 2, 2, 2, 2, 2, 2, 2, 1, 2, 2, 2, 1, 2, 2, 2, 1, 1, 2, 2, 2, 1, 1, 1, 2, 2, 2, 2, 2, 1, 1, 2, 2, 2, 1, 1, 2, 2, 2, 1, 2, 2, 2, 1, 2, 2, 2, 2, 2, 2, 2, 4 ),
 ( 0.5000000000000000000, 0.5312499999999997800, 0.5468749999999996700, 0.5624999999999994400, 0.5781249999999993300, 0.5859374999999992200, 0.5937499999999991100, 0.6093749999999990000, 0.6171874999999988900, 0.6210937499999988900, 0.6249999999999988900, 0.6406249999999995600, 0.6484374999999997800, 0.6523437499999997800, 0.6562499999999997800, 0.6718750000000006700, 0.6796875000000011100, 0.6835937500000015500, 0.6855468750000015500, 0.6875000000000015500, 0.7031250000000031100, 0.7109375000000040000, 0.7148437500000044400, 0.7167968750000047700, 0.7177734375000048800, 0.7187500000000050000, 0.7500000000000116600, 0.7656250000000151000, 0.7734375000000171000, 0.7773437500000177600, 0.7792968750000179900, 0.7802734375000179900, 0.7812500000000179900, 0.7968750000000175400, 0.8046875000000175400, 0.8085937500000173200, 0.8105468750000171000, 0.8125000000000171000, 0.8281250000000159900, 0.8359375000000155400, 0.8398437500000151000, 0.8437500000000148800, 0.8593750000000133200, 0.8671875000000126600, 0.8710937500000122100, 0.8750000000000117700, 0.8906250000000103300, 0.8984375000000095500, 0.9062500000000088800, 0.9218750000000073300, 0.9375000000000058800, 1.000000000000000000 ),
 .UNSPECIFIED. ) ;
#2063 = CARTESIAN_POINT ( 'NONE',  ( 18.49999999999999600, 4.799999999999999800, 3.000000000000000000 ) ) ;
#2064 = CARTESIAN_POINT ( 'NONE',  ( 11.12884850567415800, 4.307388732858027100, -1.108570520627340400 ) ) ;
#2065 = CARTESIAN_POINT ( 'NONE',  ( 11.29629930779137800, 0.4392261681573890700, -1.669725586757681700 ) ) ;
#2066 = CARTESIAN_POINT ( 'NONE',  ( 18.59999999999999400, 3.299999999999998000, -4.500000000000000900 ) ) ;
#2067 = DIRECTION ( 'NONE',  ( 0.0000000000000000000, 0.0000000000000000000, 1.000000000000000000 ) ) ;
#2068 = DIRECTION ( 'NONE',  ( 0.0000000000000000000, 0.0000000000000000000, -1.000000000000000000 ) ) ;
#2069 = EDGE_LOOP ( 'NONE', ( #746, #800, #1540, #1624 ) ) ;
#2070 = CIRCLE ( 'NONE', #727, 2.100000000000000500 ) ;
#2071 = CIRCLE ( 'NONE', #1938, 2.600000000000015200 ) ;
#2072 = CARTESIAN_POINT ( 'NONE',  ( 0.5000000000000117700, 9.399999999999996800, -2.100000000000000500 ) ) ;
#2073 = DIRECTION ( 'NONE',  ( 0.0000000000000000000, 0.0000000000000000000, -1.000000000000000000 ) ) ;
#2074 = PLANE ( 'NONE',  #353 ) ;
#2075 = CARTESIAN_POINT ( 'NONE',  ( 10.91277783848824800, -1.317799383055323100E-015, 1.898196254708862900 ) ) ;
#2076 = EDGE_CURVE ( 'NONE', #1991, #619, #1109, .T. ) ;
#2077 = CARTESIAN_POINT ( 'NONE',  ( 1.500000000000000000, 6.300000000000001600, 4.500000000000000900 ) ) ;
#2078 = CARTESIAN_POINT ( 'NONE',  ( 0.0000000000000000000, 0.0000000000000000000, 0.0000000000000000000 ) ) ;
#2079 = ORIENTED_EDGE ( 'NONE', *, *, #1703, .T. ) ;
#2080 = CARTESIAN_POINT ( 'NONE',  ( 13.85161960622678900, -1.763704410579875900E-015, 2.186545457546791700 ) ) ;
#2081 = ORIENTED_EDGE ( 'NONE', *, *, #449, .F. ) ;
#2082 = CLOSED_SHELL ( 'NONE', ( #2233, #1663, #2209, #123, #1141, #299, #589, #267, #628, #1679, #804, #455, #2018, #210, #1651, #242, #1469, #2195, #2182, #78, #253, #819, #287, #1099, #1502, #750, #1478, #1345, #1778, #2034, #1689, #1832, #2149, #1003, #1508, #417, #92, #1527, #986, #429, #2007 ) ) ;
#2083 = ORIENTED_EDGE ( 'NONE', *, *, #934, .F. ) ;
#2084 = CARTESIAN_POINT ( 'NONE',  ( 15.19661584863945900, 4.800000000000000700, 1.116542392150872800 ) ) ;
#2085 = CARTESIAN_POINT ( 'NONE',  ( 11.76531081992842700, 4.318412377417820000, -1.756009783726415700 ) ) ;
#2086 = CARTESIAN_POINT ( 'NONE',  ( 10.39413708459773000, 4.799999999999998900, 0.0000000000000000000 ) ) ;
#2087 =( NAMED_UNIT ( * ) SI_UNIT ( $, .STERADIAN. ) SOLID_ANGLE_UNIT ( ) );
#2088 = CARTESIAN_POINT ( 'NONE',  ( 15.43618215987791600, 4.799999999999997200, 0.3298033177058242700 ) ) ;
#2089 = CARTESIAN_POINT ( 'NONE',  ( 15.19661584863945200, 4.799999999999997200, -1.116542392150879700 ) ) ;
#2090 = CARTESIAN_POINT ( 'NONE',  ( 15.03240551993597900, -1.836747665777952700E-015, -0.6532762520119047600 ) ) ;
#2091 = CARTESIAN_POINT ( 'NONE',  ( 13.08884615361250200, 4.800000000000000700, -2.519549815588656200 ) ) ;
#2092 = CARTESIAN_POINT ( 'NONE',  ( 12.36579023140351700, 4.328817402610432900, -2.026619829305753600 ) ) ;
#2093 = CARTESIAN_POINT ( 'NONE',  ( 14.21113494065896200, 4.360773831842603700, 1.669725586757680800 ) ) ;
#2094 = CARTESIAN_POINT ( 'NONE',  ( 18.49999999999999300, -2.091588270110086400E-015, 3.000000000000000000 ) ) ;
#2095 = APPLICATION_PROTOCOL_DEFINITION ( 'draft international standard', 'automotive_design', 1998, #338 ) ;
#2096 = CARTESIAN_POINT ( 'NONE',  ( 10.39413708459773000, 4.800000000000000700, 0.3305367959818582000 ) ) ;
#2097 = SURFACE_STYLE_FILL_AREA ( #506 ) ;
#2098 = ORIENTED_EDGE ( 'NONE', *, *, #36, .T. ) ;
#2099 = CARTESIAN_POINT ( 'NONE',  ( 12.74965805973422500, -1.545560308748919000E-015, -2.519549815588649500 ) ) ;
#2100 = VECTOR ( 'NONE', #563, 1000.000000000000000 ) ;
#2101 = LINE ( 'NONE', #1830, #1235 ) ;
#2102 = CARTESIAN_POINT ( 'NONE',  ( 14.46608231546540900, 4.799999999999997200, 2.003312759142101800 ) ) ;
#2103 = EDGE_CURVE ( 'NONE', #400, #202, #1811, .T. ) ;
#2104 = VECTOR ( 'NONE', #2058, 1000.000000000000000 ) ;
#2105 = CARTESIAN_POINT ( 'NONE',  ( 13.24474602855827100, 4.344036097050477000, -2.077543880959994200 ) ) ;
#2106 = CARTESIAN_POINT ( 'NONE',  ( 15.45248525773087800, 4.800000000000000700, 0.1649050718693112200 ) ) ;
#2107 = PLANE ( 'NONE',  #2283 ) ;
#2108 = SURFACE_SIDE_STYLE ('',( #1960 ) ) ;
#2109 = CARTESIAN_POINT ( 'NONE',  ( 15.13389351155208100, 4.800000000000000700, 1.267577584028060800 ) ) ;
#2110 = CARTESIAN_POINT ( 'NONE',  ( 10.18412340928761100, -1.284916560140260100E-015, -0.8118375507377187900 ) ) ;
#2111 = CARTESIAN_POINT ( 'NONE',  ( 12.50000000000000000, -0.5000000000000000000, 0.0000000000000000000 ) ) ;
#2112 = ORIENTED_EDGE ( 'NONE', *, *, #1416, .T. ) ;
#2113 = AXIS2_PLACEMENT_3D ( 'NONE', #64, #1312, #241 ) ;
#2114 = CARTESIAN_POINT ( 'NONE',  ( 11.33274472886947800, 4.310920342685709400, 1.387735632797052300 ) ) ;
#2115 = PRODUCT_RELATED_PRODUCT_CATEGORY ( 'part', '', ( #1095 ) ) ;
#2116 = EDGE_LOOP ( 'NONE', ( #1323, #1829, #177, #1798 ) ) ;
#2117 = CARTESIAN_POINT ( 'NONE',  ( 14.92670398198140800, 4.373167430631419000, 0.6766521725426438700 ) ) ;
#2118 = EDGE_CURVE ( 'NONE', #458, #924, #838, .T. ) ;
#2119 = DIRECTION ( 'NONE',  ( -9.969675149291995700E-017, 1.000000000000000000, -0.0000000000000000000 ) ) ;
#2120 = VERTEX_POINT ( 'NONE', #1965 ) ;
#2121 = CARTESIAN_POINT ( 'NONE',  ( 10.99355663499119700, 0.4339826891829419700, 1.387735632797049400 ) ) ;
#2122 = DIRECTION ( 'NONE',  ( 0.7071067811865483500, 0.7071067811865466800, -0.0000000000000000000 ) ) ;
#2123 = CARTESIAN_POINT ( 'NONE',  ( 13.87194684678068200, 0.4838361783398332200, -1.669725586757683700 ) ) ;
#2124 = EDGE_CURVE ( 'NONE', #890, #169, #1701, .T. ) ;
#2125 = UNCERTAINTY_MEASURE_WITH_UNIT (LENGTH_MEASURE( 1.000000000000000100E-005 ), #762, 'distance_accuracy_value', 'NONE');
#2126 = DIRECTION ( 'NONE',  ( -0.7071067811865483500, -0.7071067811865466800, -0.0000000000000000000 ) ) ;
#2127 = CARTESIAN_POINT ( 'NONE',  ( 12.27725681487960000, 0.4562269520444876000, 2.077895992868716800 ) ) ;
#2128 = DIRECTION ( 'NONE',  ( -1.000000000000000000, -1.284980352575412700E-016, 0.0000000000000000000 ) ) ;
#2129 = DIRECTION ( 'NONE',  ( 9.969675149291994500E-017, -1.000000000000000000, 0.0000000000000000000 ) ) ;
#2130 = CARTESIAN_POINT ( 'NONE',  ( 13.51971382873862400, 0.4777355305285204100, 1.887548922811610900 ) ) ;
#2131 = SURFACE_SIDE_STYLE ('',( #1763 ) ) ;
#2132 = CARTESIAN_POINT ( 'NONE',  ( 11.29629930779137800, 0.4392261681573890700, -1.669725586757681700 ) ) ;
#2133 = ORIENTED_EDGE ( 'NONE', *, *, #1827, .T. ) ;
#2134 = CARTESIAN_POINT ( 'NONE',  ( 0.0000000000000000000, 13.50000000000000000, 3.000000000000000000 ) ) ;
#2135 = LINE ( 'NONE', #730, #205 ) ;
#2136 = CARTESIAN_POINT ( 'NONE',  ( 11.79050242569825900, 0.4477858309411837900, 1.945996895083897100 ) ) ;
#2137 = CARTESIAN_POINT ( 'NONE',  ( 14.68173489799847400, 0.4978616428739374200, -0.2748852048468137800 ) ) ;
#2138 = FACE_OUTER_BOUND ( 'NONE', #93, .T. ) ;
#2139 = PLANE ( 'NONE',  #258 ) ;
#2140 = VECTOR ( 'NONE', #1187, 1000.000000000000000 ) ;
#2141 = CARTESIAN_POINT ( 'NONE',  ( 13.08884615361250100, 4.799999999999997200, 2.519549815588656200 ) ) ;
#2142 = CARTESIAN_POINT ( 'NONE',  ( 11.13917644005296600, 0.4365054290525845500, 1.531189512668983400 ) ) ;
#2143 = DIRECTION ( 'NONE',  ( -1.000000000000000000, -1.284980352575412700E-016, 0.0000000000000000000 ) ) ;
#2144 = CARTESIAN_POINT ( 'NONE',  ( 13.52408487215683900, 0.4778084970337265800, -1.881637794210402300 ) ) ;
#2145 = ORIENTED_EDGE ( 'NONE', *, *, #962, .T. ) ;
#2146 = ORIENTED_EDGE ( 'NONE', *, *, #349, .T. ) ;
#2147 = CARTESIAN_POINT ( 'NONE',  ( 11.65581464222354500, 4.799999999999997200, 2.186545457546795700 ) ) ;
#2148 = CARTESIAN_POINT ( 'NONE',  ( 10.52647738949169000, 0.4258922788056527800, 0.5463704010589388600 ) ) ;
#2149 = ADVANCED_FACE ( 'NONE', ( #1589 ), #1280, .F. ) ;
#2150 = DIRECTION ( 'NONE',  ( 1.000000000000000000, 1.284980352575412700E-016, -0.0000000000000000000 ) ) ;
#2151 = ORIENTED_EDGE ( 'NONE', *, *, #1997, .T. ) ;
#2152 = EDGE_CURVE ( 'NONE', #516, #1459, #2188, .T. ) ;
#2153 = CARTESIAN_POINT ( 'NONE',  ( 0.5000000000000117700, 9.399999999999996800, 2.100000000000000500 ) ) ;
#2154 = DIRECTION ( 'NONE',  ( 0.0000000000000000000, 0.0000000000000000000, 1.000000000000000000 ) ) ;
#2155 = PLANE ( 'NONE',  #696 ) ;
#2156 = ORIENTED_EDGE ( 'NONE', *, *, #1985, .T. ) ;
#2157 = LINE ( 'NONE', #1793, #1614 ) ;
#2158 = LINE ( 'NONE', #1199, #344 ) ;
#2159 = EDGE_CURVE ( 'NONE', #1291, #1572, #2248, .T. ) ;
#2160 = CARTESIAN_POINT ( 'NONE',  ( 14.59465640996209300, 4.800000000000000700, 1.898196254708871300 ) ) ;
#2161 = CARTESIAN_POINT ( 'NONE',  ( 10.82569935045186300, 4.302138357126054300, 0.2748852048468167800 ) ) ;
#2162 = VECTOR ( 'NONE', #1227, 1000.000000000000000 ) ;
#2163 = DIRECTION ( 'NONE',  ( -1.000000000000000000, -1.284980352575412700E-016, 0.0000000000000000000 ) ) ;
#2164 = B_SPLINE_CURVE_WITH_KNOTS ( 'NONE', 3,
 ( #970, #1842, #615, #1658, #1356, #261, #960, #1490, #1329, #80, #624, #1851, #1146, #805, #2030, #156, #978, #1159 ),
 .UNSPECIFIED., .F., .F.,
 ( 4, 2, 2, 2, 2, 2, 2, 2, 4 ),
 ( 0.0000000000000000000, 0.06250000000000001400, 0.1250000000000000300, 0.1875000000000000000, 0.2500000000000000000, 0.3124999999999999400, 0.3749999999999999400, 0.4375000000000000000, 0.5000000000000000000 ),
 .UNSPECIFIED. ) ;
#2165 = CARTESIAN_POINT ( 'NONE',  ( 20.00000000000000000, 3.299999999999998000, -4.500000000000000900 ) ) ;
#2166 = CARTESIAN_POINT ( 'NONE',  ( 14.43066181578688600, 0.4935119358246546400, 1.018637679004015500 ) ) ;
#2167 = CARTESIAN_POINT ( 'NONE',  ( 11.18824544837089400, 0.4373564728570133500, -1.576992251726329300 ) ) ;
#2168 = ORIENTED_EDGE ( 'NONE', *, *, #1385, .T. ) ;
#2169 = DIRECTION ( 'NONE',  ( -0.0000000000000000000, -0.0000000000000000000, 1.000000000000000000 ) ) ;
#2170 = ORIENTED_EDGE ( 'NONE', *, *, #566, .T. ) ;
#2171 = CARTESIAN_POINT ( 'NONE',  ( 18.59999999999999400, 0.0000000000000000000, -4.500000000000000900 ) ) ;
#2172 = ORIENTED_EDGE ( 'NONE', *, *, #1722, .T. ) ;
#2173 = ORIENTED_EDGE ( 'NONE', *, *, #609, .F. ) ;
#2174 = CARTESIAN_POINT ( 'NONE',  ( 14.56060704488763400, 0.4957635641591720500, 0.7412705632396675600 ) ) ;
#2175 = CARTESIAN_POINT ( 'NONE',  ( 11.13815722951464300, 0.4364870448188915000, -1.531567709426668600 ) ) ;
#2176 = CARTESIAN_POINT ( 'NONE',  ( 10.47290229259424700, 0.4249649974513417000, 2.505606583150913700E-016 ) ) ;
#2177 = CARTESIAN_POINT ( 'NONE',  ( 13.85654260174627900, -1.671482998631036400E-015, 2.202170407195177800 ) ) ;
#2178 = CARTESIAN_POINT ( 'NONE',  ( 20.00000000000000000, 1.499999999999998700, -4.500000000000000900 ) ) ;
#2179 = CARTESIAN_POINT ( 'NONE',  ( 10.38922537130905100, -1.292398976806695600E-015, 1.262673321978661900 ) ) ;
#2180 = CARTESIAN_POINT ( 'NONE',  ( 15.02127554952277500, 4.374791164076875700, -0.2722002648526158900 ) ) ;
#2181 = AXIS2_PLACEMENT_3D ( 'NONE', #1376, #1584, #1425 ) ;
#2182 = ADVANCED_FACE ( 'NONE', ( #2009 ), #2155, .F. ) ;
#2183 =( GEOMETRIC_REPRESENTATION_CONTEXT ( 3 ) GLOBAL_UNCERTAINTY_ASSIGNED_CONTEXT ( ( #1354 ) ) GLOBAL_UNIT_ASSIGNED_CONTEXT ( ( #290, #1138, #72 ) ) REPRESENTATION_CONTEXT ( 'NONE', 'WORKASPACE' ) );
#2184 = CARTESIAN_POINT ( 'NONE',  ( 10.54309828171405900, 0.4261926688398031700, -0.5414440452607426300 ) ) ;
#2185 = ORIENTED_EDGE ( 'NONE', *, *, #387, .F. ) ;
#2186 = CARTESIAN_POINT ( 'NONE',  ( 13.85890192261689800, 4.354673184031292400, -1.887548922811610700 ) ) ;
#2187 = DIRECTION ( 'NONE',  ( 0.0000000000000000000, 0.0000000000000000000, 1.000000000000000000 ) ) ;
#2188 = LINE ( 'NONE', #1607, #1307 ) ;
#2189 = LINE ( 'NONE', #459, #839 ) ;
#2190 = CARTESIAN_POINT ( 'NONE',  ( 13.23989473844635300, -1.613208070278261000E-015, 2.438965988800016600 ) ) ;
#2191 = LINE ( 'NONE', #281, #1311 ) ;
#2192 = CARTESIAN_POINT ( 'NONE',  ( 11.06637495408689600, 0.4352440637339307600, -1.459852350137914100 ) ) ;
#2193 = FACE_OUTER_BOUND ( 'NONE', #2246, .T. ) ;
#2194 = CARTESIAN_POINT ( 'NONE',  ( 10.82534679281146200, 4.302146489425395800, 0.2722002648958985500 ) ) ;
#2195 = ADVANCED_FACE ( 'NONE', ( #670 ), #1610, .T. ) ;
#2196 = CARTESIAN_POINT ( 'NONE',  ( 12.98446504630751300, 0.4684647775606058400, -2.061900618404132000 ) ) ;
#2197 = SURFACE_SIDE_STYLE ('',( #736 ) ) ;
#2198 = CARTESIAN_POINT ( 'NONE',  ( 15.11329716385259800, -1.897353801849633200E-015, 0.1649050718693112500 ) ) ;
#2199 = EDGE_CURVE ( 'NONE', #1785, #161, #605, .T. ) ;
#2200 = ORIENTED_EDGE ( 'NONE', *, *, #1588, .T. ) ;
#2201 = ORIENTED_EDGE ( 'NONE', *, *, #613, .F. ) ;
#2202 = CARTESIAN_POINT ( 'NONE',  ( 11.31141384479289200, 4.310552318591705400, 1.356654724450241200 ) ) ;
#2203 = EDGE_CURVE ( 'NONE', #2205, #1251, #145, .T. ) ;
#2204 = CARTESIAN_POINT ( 'NONE',  ( 14.10972081499986800, 4.359017325151969000, -1.737128190144879400 ) ) ;
#2205 = VERTEX_POINT ( 'NONE', #1976 ) ;
#2206 = CARTESIAN_POINT ( 'NONE',  ( 11.92079656075638100, -1.437978387114582900E-015, -2.453350604335454500 ) ) ;
#2207 = CARTESIAN_POINT ( 'NONE',  ( 13.39906171558289900, -1.687584251102094200E-015, -2.390866944680431600 ) ) ;
#2208 = DIRECTION ( 'NONE',  ( 0.0000000000000000000, 0.0000000000000000000, -1.000000000000000000 ) ) ;
#2209 = ADVANCED_FACE ( 'NONE', ( #1958 ), #1395, .F. ) ;
#2210 = ORIENTED_EDGE ( 'NONE', *, *, #818, .T. ) ;
#2211 = CARTESIAN_POINT ( 'NONE',  ( 11.86163942272754000, 4.320083401265454100, 1.816459393012558300 ) ) ;
#2212 = CARTESIAN_POINT ( 'NONE',  ( 10.57315798885671600, -1.309686237158515200E-015, -1.536900434323506400 ) ) ;
#2213 = CARTESIAN_POINT ( 'NONE',  ( 14.59465640996209700, 4.799999999999997200, -1.898196254708868900 ) ) ;
#2214 = VECTOR ( 'NONE', #1902, 1000.000000000000000 ) ;
#2215 = ORIENTED_EDGE ( 'NONE', *, *, #797, .T. ) ;
#2216 = FACE_BOUND ( 'NONE', #1714, .T. ) ;
#2217 = EDGE_CURVE ( 'NONE', #66, #161, #1841, .T. ) ;
#2218 = VECTOR ( 'NONE', #492, 1000.000000000000000 ) ;
#2219 = CARTESIAN_POINT ( 'NONE',  ( 12.49274686079418800, 4.331011616123985800, 2.055870155304160700 ) ) ;
#2220 = CARTESIAN_POINT ( 'NONE',  ( 20.00000000000000000, 1.499999999999996900, 3.000000000000000000 ) ) ;
#2221 = CARTESIAN_POINT ( 'NONE',  ( 10.68648854492481300, 0.4286642943260350300, 0.9306182433907291800 ) ) ;
#2222 = VECTOR ( 'NONE', #659, 1000.000000000000000 ) ;
#2223 =( LENGTH_UNIT ( ) NAMED_UNIT ( * ) SI_UNIT ( .MILLI., .METRE. ) );
#2224 = CARTESIAN_POINT ( 'NONE',  ( 13.41025106362548900, 4.346902623553615900, 2.044797852080739300 ) ) ;
#2225 = ORIENTED_EDGE ( 'NONE', *, *, #1014, .F. ) ;
#2226 = CARTESIAN_POINT ( 'NONE',  ( 13.76485035744792300, 4.353043939069098500, -1.925980660553286800 ) ) ;
#2227 = CARTESIAN_POINT ( 'NONE',  ( 11.09305500489706400, 4.306769976804998700, -1.048998485426408500 ) ) ;
#2228 = CARTESIAN_POINT ( 'NONE',  ( 12.86047705723361800, 0.4663176021651461200, 2.086463365382514600 ) ) ;
#2229 = ORIENTED_EDGE ( 'NONE', *, *, #24, .F. ) ;
#2230 = FILL_AREA_STYLE ('',( #451 ) ) ;
#2231 = CARTESIAN_POINT ( 'NONE',  ( 4.799999999999999800, 9.399999999999998600, 0.0000000000000000000 ) ) ;
#2232 = CARTESIAN_POINT ( 'NONE',  ( 14.06905908658848300, 4.358312838491138500, 1.763929511630547100 ) ) ;
#2233 = ADVANCED_FACE ( 'NONE', ( #915 ), #2025, .T. ) ;
#2234 = CARTESIAN_POINT ( 'NONE',  ( 3.299999999999999800, 13.50000000000000200, 4.500000000000000900 ) ) ;
#2235 = CARTESIAN_POINT ( 'NONE',  ( 10.65000649368915700, 4.799999999999997200, 1.116542392150877500 ) ) ;
#2236 = CARTESIAN_POINT ( 'NONE',  ( 14.68173489799848000, 0.4978616428739373000, 0.2748852048468163300 ) ) ;
#2237 = PRODUCT_DEFINITION_FORMATION_WITH_SPECIFIED_SOURCE ( 'ANY', '', #1095, .NOT_KNOWN. ) ;
#2238 = DIRECTION ( 'NONE',  ( -1.000000000000000000, 0.0000000000000000000, -0.0000000000000000000 ) ) ;
#2239 = CARTESIAN_POINT ( 'NONE',  ( 14.64056934454761500, 4.368211089709771700, 1.222062595618826900 ) ) ;
#2240 = EDGE_CURVE ( 'NONE', #2, #926, #2270, .T. ) ;
#2241 = CARTESIAN_POINT ( 'NONE',  ( 1.500000000000000000, 6.300000000000001600, 4.500000000000000900 ) ) ;
#2242 = CARTESIAN_POINT ( 'NONE',  ( 4.799999999999999800, 13.50000000000000000, 3.000000000000000000 ) ) ;
#2243 = EDGE_CURVE ( 'NONE', #1574, #1510, #1784, .T. ) ;
#2244 = CARTESIAN_POINT ( 'NONE',  ( 14.31918880013813400, 4.362643527143422500, -1.576992251674889300 ) ) ;
#2245 = CARTESIAN_POINT ( 'NONE',  ( 0.0000000000000000000, 13.50000000000000000, 3.000000000000000000 ) ) ;
#2246 = EDGE_LOOP ( 'NONE', ( #1108, #2083, #1998, #916 ) ) ;
#2247 = CARTESIAN_POINT ( 'NONE',  ( 13.51971382873862200, 0.4777355305285203600, -1.887548922811611400 ) ) ;
#2248 = LINE ( 'NONE', #564, #1132 ) ;
#2249 = CARTESIAN_POINT ( 'NONE',  ( 4.299999999999979400, 9.399999999999998600, 0.0000000000000000000 ) ) ;
#2250 = CARTESIAN_POINT ( 'NONE',  ( 14.23974840762825200, 0.4902050485028808200, -1.303512386443734300 ) ) ;
#2251 = FACE_OUTER_BOUND ( 'NONE', #907, .T. ) ;
#2252 = EDGE_CURVE ( 'NONE', #1785, #146, #143, .T. ) ;
#2253 = LINE ( 'NONE', #831, #2140 ) ;
#2254 = CARTESIAN_POINT ( 'NONE',  ( 10.81209038647252100, 4.301902650954109400, 2.505606583150913700E-016 ) ) ;
#2255 = CARTESIAN_POINT ( 'NONE',  ( 10.99355663499119700, 0.4339826891829419700, -1.387735632797051800 ) ) ;
#2256 = CARTESIAN_POINT ( 'NONE',  ( 12.10837253286743700, 4.800000000000000700, -2.390866944680440000 ) ) ;
#2257 = CARTESIAN_POINT ( 'NONE',  ( 10.05494899071946000, -1.246832498358329900E-015, 0.1649050718693137700 ) ) ;
#2258 = CARTESIAN_POINT ( 'NONE',  ( 5.800000000000000700, 5.799999999999999800, -3.000000000000000000 ) ) ;
#2259 = ORIENTED_EDGE ( 'NONE', *, *, #423, .T. ) ;
#2260 = VERTEX_POINT ( 'NONE', #324 ) ;
#2261 = CARTESIAN_POINT ( 'NONE',  ( 15.11336872753568600, -1.823091055696262800E-015, -0.3283548556681211200 ) ) ;
#2262 = DIRECTION ( 'NONE',  ( -9.969675149291995700E-017, 1.000000000000000000, -0.0000000000000000000 ) ) ;
#2263 = CARTESIAN_POINT ( 'NONE',  ( 11.31662654834527300, -1.380481889628086700E-015, 2.186545457546790900 ) ) ;
#2264 = EDGE_CURVE ( 'NONE', #1166, #1991, #601, .T. ) ;
#2265 = CARTESIAN_POINT ( 'NONE',  ( 13.24750436628419900, -1.598016111157763200E-015, -2.453482333596041200 ) ) ;
#2266 =( NAMED_UNIT ( * ) PLANE_ANGLE_UNIT ( ) SI_UNIT ( $, .RADIAN. ) );
#2267 = CARTESIAN_POINT ( 'NONE',  ( 15.37159361381426100, 4.799999999999997200, -0.6532762520119119700 ) ) ;
#2268 = CARTESIAN_POINT ( 'NONE',  ( 14.25546831608381600, -1.826386917152639900E-015, 1.898196254708863300 ) ) ;
#2269 = CARTESIAN_POINT ( 'NONE',  ( 1.499999999999999800, 13.50000000000000200, 4.500000000000000900 ) ) ;
#2270 = LINE ( 'NONE', #1023, #441 ) ;
#2271 = EDGE_LOOP ( 'NONE', ( #1122, #384, #2294, #2133, #139, #1275 ) ) ;
#2272 = CARTESIAN_POINT ( 'NONE',  ( 11.80538964641785200, 4.319107363366968300, -1.781507557371977200 ) ) ;
#2273 = CARTESIAN_POINT ( 'NONE',  ( 10.91991836034720900, 4.303770222871341000, -0.6766521725426474200 ) ) ;
#2274 = FACE_OUTER_BOUND ( 'NONE', #1399, .T. ) ;
#2275 = DIRECTION ( 'NONE',  ( 0.0000000000000000000, 0.0000000000000000000, 1.000000000000000000 ) ) ;
#2276 = ORIENTED_EDGE ( 'NONE', *, *, #2103, .F. ) ;
#2277 = CARTESIAN_POINT ( 'NONE',  ( 13.85890192261689600, 4.354673184031289800, 1.887548922811610900 ) ) ;
#2278 = CARTESIAN_POINT ( 'NONE',  ( 4.799999999999999800, 13.50000000000000000, -3.000000000000000000 ) ) ;
#2279 = CARTESIAN_POINT ( 'NONE',  ( 13.90001999011516500, 0.4843205027640405900, 1.642544618353960300 ) ) ;
#2280 = CARTESIAN_POINT ( 'NONE',  ( 14.85742775476117600, -1.827017646383011900E-015, -1.116542392150869000 ) ) ;
#2281 = VECTOR ( 'NONE', #993, 1000.000000000000000 ) ;
#2282 =( GEOMETRIC_REPRESENTATION_CONTEXT ( 3 ) GLOBAL_UNCERTAINTY_ASSIGNED_CONTEXT ( ( #2125 ) ) GLOBAL_UNIT_ASSIGNED_CONTEXT ( ( #762, #1983, #939 ) ) REPRESENTATION_CONTEXT ( 'NONE', 'WORKASPACE' ) );
#2283 = AXIS2_PLACEMENT_3D ( 'NONE', #689, #1242, #709 ) ;
#2284 = CARTESIAN_POINT ( 'NONE',  ( 11.02567663880308800, 4.305601947828804100, -0.9306182433907285200 ) ) ;
#2285 = CARTESIAN_POINT ( 'NONE',  ( 12.52296920209003500, 4.331535222438367900, -2.061900618393972500 ) ) ;
#2286 = CARTESIAN_POINT ( 'NONE',  ( 13.57908283232464100, 4.799999999999997200, 2.438965988800022800 ) ) ;
#2287 = DIRECTION ( 'NONE',  ( -1.000000000000000000, -0.0000000000000000000, -0.0000000000000000000 ) ) ;
#2288 = APPLICATION_CONTEXT ( 'automotive_design' ) ;
#2289 = CARTESIAN_POINT ( 'NONE',  ( 11.09112663244710200, 4.306735536504545400, 1.052415776718768100 ) ) ;
#2290 = EDGE_LOOP ( 'NONE', ( #1282, #1149, #877, #494 ) ) ;
#2291 = CARTESIAN_POINT ( 'NONE',  ( 20.00000000000000000, 1.499999999999998700, -3.000000000000000000 ) ) ;
#2292 = CARTESIAN_POINT ( 'NONE',  ( 12.25305996448011900, -1.504787853029710800E-015, -2.503308755944026600 ) ) ;
#2293 = ORIENTED_EDGE ( 'NONE', *, *, #1271, .T. ) ;
#2294 = ORIENTED_EDGE ( 'NONE', *, *, #1093, .T. ) ;
#2295 = ORIENTED_EDGE ( 'NONE', *, *, #898, .T. ) ;
#2296 = CARTESIAN_POINT ( 'NONE',  ( 11.24466385521600200, 4.309394788971130400, -1.280979201963560400 ) ) ;
#2297 = CARTESIAN_POINT ( 'NONE',  ( 13.36779759919371500, 4.346166956817644000, -2.052968900561181500 ) ) ;
#2298 = CARTESIAN_POINT ( 'NONE',  ( 10.47290229259424700, 0.4249649974513418600, -0.1356427520546823500 ) ) ;
#2299 = CARTESIAN_POINT ( 'NONE',  ( 11.65581464222354100, 4.800000000000000700, -2.186545457546796200 ) ) ;
#2300 = CARTESIAN_POINT ( 'NONE',  ( 11.65581464222354100, 4.800000000000000700, -2.186545457546796200 ) ) ;
#2301 = CARTESIAN_POINT ( 'NONE',  ( 10.07125208857242700, -1.186226362286650000E-015, -0.3298033177058277100 ) ) ;
#2302 = CARTESIAN_POINT ( 'NONE',  ( 10.47502872851435100, 4.800000000000000700, -0.6532762520119078700 ) ) ;
ENDSEC;
END-ISO-10303-21;
