ISO-10303-21;
HEADER;
FILE_DESCRIPTION(('STEP AP242'),
    '1');
FILE_NAME('Каретка',
    '',
    ('UNSPECIFIED'),
    ('UNSPECIFIED'),
    'C3D Converter',
    'C3D Toolkit',
    '');
FILE_SCHEMA(('AP242_MANAGED_MODEL_BASED_3D_ENGINEERING_MIM_LF { 1 0 10303 442 1 1 4 }'));
ENDSEC;

DATA;
#1=PRODUCT_DEFINITION('','UNSPECIFIED',#28,#31);
#2=SHAPE_DEFINITION_REPRESENTATION(#26,#3);
#3=SHAPE_REPRESENTATION('NONE',(#4),#8);
#4=AXIS2_PLACEMENT_3D('',#5,#6,#7);
#5=CARTESIAN_POINT('',(0.,0.,0.));
#6=DIRECTION('',(0.,0.,1.));
#7=DIRECTION('',(1.,0.,0.));
#8=(GEOMETRIC_REPRESENTATION_CONTEXT(3)GLOBAL_UNCERTAINTY_ASSIGNED_CONTEXT((#10))
GLOBAL_UNIT_ASSIGNED_CONTEXT((#9,#11,#12))REPRESENTATION_CONTEXT('NONE','NONE'));
#9=(LENGTH_UNIT()NAMED_UNIT(*)SI_UNIT(.MILLI.,.METRE.));
#10=UNCERTAINTY_MEASURE_WITH_UNIT(LENGTH_MEASURE(1.E-5),#9,'NONE','NONE');
#11=(NAMED_UNIT(*)PLANE_ANGLE_UNIT()SI_UNIT($,.RADIAN.));
#12=(NAMED_UNIT(*)SI_UNIT($,.STERADIAN.)SOLID_ANGLE_UNIT());
#13=MANIFOLD_SOLID_BREP('',#14);
#14=CLOSED_SHELL('',(#53,#54,#55,#56,#57,#58,#59,#60,#61,#62,#63,#64,#65,#66,#67,
#68,#69,#70,#71,#72,#73,#74,#75,#76,#77,#78,#79,#80,#81,#82,#83,#84,#85,#86,#87,
#88,#89,#90,#91,#92,#93,#94,#95,#96));
#15=COLOUR_RGB('',0.2,0.6,1.);
#16=FILL_AREA_STYLE_COLOUR('',#15);
#17=FILL_AREA_STYLE($,(#16));
#18=SURFACE_STYLE_FILL_AREA(#17);
#19=SURFACE_SIDE_STYLE('',(#18));
#20=SURFACE_STYLE_USAGE(.BOTH.,#19);
#21=PRESENTATION_STYLE_ASSIGNMENT((#20));
#22=MECHANICAL_DESIGN_GEOMETRIC_PRESENTATION_REPRESENTATION('NONE',(#23),#8);
#23=STYLED_ITEM('',(#21),#13);
#24=ADVANCED_BREP_SHAPE_REPRESENTATION('NONE',(#13),#8);
#25=SHAPE_REPRESENTATION_RELATIONSHIP('','',#3,#24);
#26=PRODUCT_DEFINITION_SHAPE('NONE','NONE',#1);
#27=MECHANICAL_CONTEXT('NONE',#32,'mechanical');
#28=PRODUCT_DEFINITION_FORMATION_WITH_SPECIFIED_SOURCE('ANY','UNSPECIFIED',#29,.NOT_KNOWN.);
#29=PRODUCT('','\X2\041A0430044004350442043A0430\X0\','NONE',(#27));
#30=PRODUCT_RELATED_PRODUCT_CATEGORY('detail','',(#29));
#31=DESIGN_CONTEXT('detailed design',#32,'design');
#32=APPLICATION_CONTEXT('configuration controlled 3d designs of mechanical parts and assemblies');
#33=APPLICATION_PROTOCOL_DEFINITION('international standard','config_control_design',
1994,#32);
#34=CC_DESIGN_DATE_AND_TIME_ASSIGNMENT(#35,#39,(#1));
#35=DATE_AND_TIME(#36,#37);
#36=CALENDAR_DATE(0,1,1);
#37=LOCAL_TIME(0,0,0.,#38);
#38=COORDINATED_UNIVERSAL_TIME_OFFSET(0,0,.AHEAD.);
#39=DATE_TIME_ROLE('creation_date');
#40=CC_DESIGN_APPROVAL(#41,(#1));
#41=APPROVAL(#42,'UNSPECIFIED');
#42=APPROVAL_STATUS('not_yet_approved');
#43=APPROVAL_DATE_TIME(#44,#41);
#44=DATE_AND_TIME(#45,#46);
#45=CALENDAR_DATE(0,1,1);
#46=LOCAL_TIME(0,0,0.,#47);
#47=COORDINATED_UNIVERSAL_TIME_OFFSET(0,0,.AHEAD.);
#48=PERSON('UNSPECIFIED','Admin','UNSPECIFIED',('UNSPECIFIED'),('UNSPECIFIED'),(
'UNSPECIFIED'));
#49=ORGANIZATION('UNSPECIFIED','UNSPECIFIED','UNSPECIFIED');
#50=PERSON_AND_ORGANIZATION(#48,#49);
#51=PERSON_AND_ORGANIZATION_ROLE('creator');
#52=CC_DESIGN_PERSON_AND_ORGANIZATION_ASSIGNMENT(#50,#51,(#28,#1));
#53=ADVANCED_FACE('',(#97,#99),#101,.T.);
#54=ADVANCED_FACE('',(#106),#108,.T.);
#55=ADVANCED_FACE('',(#113),#115,.T.);
#56=ADVANCED_FACE('',(#120),#122,.T.);
#57=ADVANCED_FACE('',(#127),#129,.T.);
#58=ADVANCED_FACE('',(#134),#136,.T.);
#59=ADVANCED_FACE('',(#146),#148,.T.);
#60=ADVANCED_FACE('',(#153,#155),#157,.T.);
#61=ADVANCED_FACE('',(#162),#164,.T.);
#62=ADVANCED_FACE('',(#169),#171,.F.);
#63=ADVANCED_FACE('',(#181),#183,.T.);
#64=ADVANCED_FACE('',(#193,#195,#197,#199),#201,.T.);
#65=ADVANCED_FACE('',(#206),#208,.F.);
#66=ADVANCED_FACE('',(#218),#220,.T.);
#67=ADVANCED_FACE('',(#225),#227,.T.);
#68=ADVANCED_FACE('',(#555,#557),#559,.T.);
#69=ADVANCED_FACE('',(#564,#566),#568,.F.);
#70=ADVANCED_FACE('',(#573,#575,#577,#579,#581),#583,.F.);
#71=ADVANCED_FACE('',(#588,#590),#592,.F.);
#72=ADVANCED_FACE('',(#597,#599),#601,.T.);
#73=ADVANCED_FACE('',(#606,#608),#610,.F.);
#74=ADVANCED_FACE('',(#615),#617,.F.);
#75=ADVANCED_FACE('',(#948),#950,.T.);
#76=ADVANCED_FACE('',(#1281,#1283),#1285,.F.);
#77=ADVANCED_FACE('',(#1290,#1292),#1294,.F.);
#78=ADVANCED_FACE('',(#1299),#1301,.F.);
#79=ADVANCED_FACE('',(#1632),#1634,.F.);
#80=ADVANCED_FACE('',(#1639,#1641),#1643,.F.);
#81=ADVANCED_FACE('',(#1648),#1650,.F.);
#82=ADVANCED_FACE('',(#1655,#1657),#1659,.F.);
#83=ADVANCED_FACE('',(#1664,#1666),#1668,.F.);
#84=ADVANCED_FACE('',(#1673,#1675),#1677,.F.);
#85=ADVANCED_FACE('',(#1682),#1684,.F.);
#86=ADVANCED_FACE('',(#1689),#1691,.F.);
#87=ADVANCED_FACE('',(#1696),#1698,.T.);
#88=ADVANCED_FACE('',(#1703),#1705,.T.);
#89=ADVANCED_FACE('',(#1710),#1712,.F.);
#90=ADVANCED_FACE('',(#1717),#1719,.F.);
#91=ADVANCED_FACE('',(#1724),#1726,.F.);
#92=ADVANCED_FACE('',(#1731),#1733,.F.);
#93=ADVANCED_FACE('',(#1738),#1740,.T.);
#94=ADVANCED_FACE('',(#1745),#1747,.T.);
#95=ADVANCED_FACE('',(#1752),#1754,.T.);
#96=ADVANCED_FACE('',(#1759),#1761,.T.);
#97=FACE_BOUND('',#98,.T.);
#98=EDGE_LOOP('',(#1766,#1767,#1768,#1769,#1770,#1771,#1772,#1773,#1774,#1775,#1776,
#1777,#1778,#1779,#1780,#1781));
#99=FACE_BOUND('',#100,.T.);
#100=EDGE_LOOP('',(#1782,#1783,#1784,#1785,#1786,#1787,#1788,#1789));
#101=PLANE('',#102);
#102=AXIS2_PLACEMENT_3D('',#103,#104,#105);
#103=CARTESIAN_POINT('',(0.,0.,14.));
#104=DIRECTION('',(0.,0.,1.));
#105=DIRECTION('',(-1.,1.22464679914735E-16,0.));
#106=FACE_BOUND('',#107,.T.);
#107=EDGE_LOOP('',(#1790,#1791,#1792,#1793));
#108=PLANE('',#109);
#109=AXIS2_PLACEMENT_3D('',#110,#111,#112);
#110=CARTESIAN_POINT('',(-12.1,-6.1,14.));
#111=DIRECTION('',(0.,1.,0.));
#112=DIRECTION('',(-1.,0.,0.));
#113=FACE_BOUND('',#114,.T.);
#114=EDGE_LOOP('',(#1794,#1795,#1796,#1797));
#115=PLANE('',#116);
#116=AXIS2_PLACEMENT_3D('',#117,#118,#119);
#117=CARTESIAN_POINT('',(-12.1,-35.9,14.));
#118=DIRECTION('',(1.,-5.96092899127601E-17,0.));
#119=DIRECTION('',(5.96092899127601E-17,1.,0.));
#120=FACE_BOUND('',#121,.T.);
#121=EDGE_LOOP('',(#1798,#1799,#1800,#1801));
#122=PLANE('',#123);
#123=AXIS2_PLACEMENT_3D('',#124,#125,#126);
#124=CARTESIAN_POINT('',(-19.9,-35.9,14.));
#125=DIRECTION('',(0.,-1.,0.));
#126=DIRECTION('',(1.,0.,0.));
#127=FACE_BOUND('',#128,.T.);
#128=EDGE_LOOP('',(#1802,#1803,#1804,#1805));
#129=PLANE('',#130);
#130=AXIS2_PLACEMENT_3D('',#131,#132,#133);
#131=CARTESIAN_POINT('',(-19.9,-6.1,14.));
#132=DIRECTION('',(-1.,1.1921857982552E-16,0.));
#133=DIRECTION('',(-1.1921857982552E-16,-1.,0.));
#134=FACE_BOUND('',#135,.T.);
#135=EDGE_LOOP('',(#1806,#1807,#1808,#1809,#1810,#1811));
#136=(BOUNDED_SURFACE()B_SPLINE_SURFACE(2,2,(
(#137,#138,#139),
(#140,#141,#142),
(#143,#144,#145)),
.UNSPECIFIED.,.F.,.F.,.F.)B_SPLINE_SURFACE_WITH_KNOTS((3,3),
(3,3),
(0.,1.),
(0.,1.),
.UNSPECIFIED.)GEOMETRIC_REPRESENTATION_ITEM()RATIONAL_B_SPLINE_SURFACE((
(1.,1.36417062512261,1.19786027285214),
(1.08333333984639,1.47785151943441,1.29768197005822),
(1.,1.36417062512261,1.19786027285214)))REPRESENTATION_ITEM('')SURFACE());
#137=CARTESIAN_POINT('',(-32.,-36.,14.));
#138=CARTESIAN_POINT('',(-32.,-36.,6.79224555605213));
#139=CARTESIAN_POINT('',(-33.55,-36.,5.55447726082499));
#140=CARTESIAN_POINT('',(-17.3845779842246,-31.,14.));
#141=CARTESIAN_POINT('',(-17.3845779842246,-31.,6.79224555605213));
#142=CARTESIAN_POINT('',(-18.9345779842246,-31.,5.55447726082499));
#143=CARTESIAN_POINT('',(-32.,-26.,14.));
#144=CARTESIAN_POINT('',(-32.,-26.,6.79224555605213));
#145=CARTESIAN_POINT('',(-33.55,-26.,5.55447726082499));
#146=FACE_BOUND('',#147,.T.);
#147=EDGE_LOOP('',(#1812,#1813,#1814,#1815,#1816,#1817,#1818,#1819,#1820,#1821,#1822,
#1823));
#148=PLANE('',#149);
#149=AXIS2_PLACEMENT_3D('',#150,#151,#152);
#150=CARTESIAN_POINT('',(-32.,3.91886975727153E-15,0.));
#151=DIRECTION('',(-1.,1.69176841847643E-16,0.));
#152=DIRECTION('',(-1.69176841847643E-16,-1.,0.));
#153=FACE_BOUND('',#154,.T.);
#154=EDGE_LOOP('',(#1824,#1825,#1826,#1827));
#155=FACE_BOUND('',#156,.T.);
#156=EDGE_LOOP('',(#1828));
#157=PLANE('',#158);
#158=AXIS2_PLACEMENT_3D('',#159,#160,#161);
#159=CARTESIAN_POINT('',(-32.,-42.,0.));
#160=DIRECTION('',(-2.22044604925031E-16,-1.,0.));
#161=DIRECTION('',(1.,-2.22044604925031E-16,0.));
#162=FACE_BOUND('',#163,.T.);
#163=EDGE_LOOP('',(#1829,#1830,#1831,#1832,#1833,#1834,#1835,#1836,#1837,#1838,#1839,
#1840));
#164=PLANE('',#165);
#165=AXIS2_PLACEMENT_3D('',#166,#167,#168);
#166=CARTESIAN_POINT('',(-5.14351655641888E-15,-42.,0.));
#167=DIRECTION('',(1.,-1.22464679914735E-16,0.));
#168=DIRECTION('',(1.22464679914735E-16,1.,0.));
#169=FACE_BOUND('',#170,.T.);
#170=EDGE_LOOP('',(#1841,#1842,#1843,#1844,#1845,#1846));
#171=(BOUNDED_SURFACE()B_SPLINE_SURFACE(2,2,(
(#172,#173,#174),
(#175,#176,#177),
(#178,#179,#180)),
.UNSPECIFIED.,.F.,.F.,.F.)B_SPLINE_SURFACE_WITH_KNOTS((3,3),
(3,3),
(0.,1.),
(0.,1.),
.UNSPECIFIED.)GEOMETRIC_REPRESENTATION_ITEM()RATIONAL_B_SPLINE_SURFACE((
(1.,1.36417062512261,1.19786027285214),
(1.08333333984639,1.47785151943441,1.29768197005822),
(1.,1.36417062512261,1.19786027285214)))REPRESENTATION_ITEM('')SURFACE());
#172=CARTESIAN_POINT('',(-4.44089209850063E-15,-36.,14.));
#173=CARTESIAN_POINT('',(-5.32907051820075E-15,-36.,6.79224555605213));
#174=CARTESIAN_POINT('',(1.55,-36.,5.55447726082499));
#175=CARTESIAN_POINT('',(-14.6154220157754,-31.,14.));
#176=CARTESIAN_POINT('',(-14.6154220157754,-31.,6.79224555605213));
#177=CARTESIAN_POINT('',(-13.0654220157754,-31.,5.55447726082499));
#178=CARTESIAN_POINT('',(-3.10862446895044E-15,-26.,14.));
#179=CARTESIAN_POINT('',(-3.99680288865056E-15,-26.,6.79224555605213));
#180=CARTESIAN_POINT('',(1.55000000000001,-26.,5.55447726082499));
#181=FACE_BOUND('',#182,.T.);
#182=EDGE_LOOP('',(#1847,#1848,#1849,#1850,#1851,#1852));
#183=(BOUNDED_SURFACE()B_SPLINE_SURFACE(2,2,(
(#184,#185,#186),
(#187,#188,#189),
(#190,#191,#192)),
.UNSPECIFIED.,.F.,.F.,.F.)B_SPLINE_SURFACE_WITH_KNOTS((3,3),
(3,3),
(0.,1.),
(0.,1.),
.UNSPECIFIED.)GEOMETRIC_REPRESENTATION_ITEM()RATIONAL_B_SPLINE_SURFACE((
(1.,1.36417062512261,1.19786027285214),
(1.08333333984639,1.47785151943441,1.29768197005822),
(1.,1.36417062512261,1.19786027285214)))REPRESENTATION_ITEM('')SURFACE());
#184=CARTESIAN_POINT('',(2.22044604925031E-15,-6.,14.));
#185=CARTESIAN_POINT('',(1.33226762955019E-15,-6.,6.79224555605213));
#186=CARTESIAN_POINT('',(1.55000000000001,-6.,5.55447726082499));
#187=CARTESIAN_POINT('',(-14.6154220157754,-11.,14.));
#188=CARTESIAN_POINT('',(-14.6154220157754,-11.,6.79224555605213));
#189=CARTESIAN_POINT('',(-13.0654220157754,-11.,5.55447726082499));
#190=CARTESIAN_POINT('',(-8.88178419700125E-16,-16.,14.));
#191=CARTESIAN_POINT('',(-1.77635683940025E-15,-16.,6.79224555605213));
#192=CARTESIAN_POINT('',(1.55000000000001,-16.,5.55447726082499));
#193=FACE_BOUND('',#194,.T.);
#194=EDGE_LOOP('',(#1853,#1854,#1855,#1856));
#195=FACE_BOUND('',#196,.T.);
#196=EDGE_LOOP('',(#1857));
#197=FACE_BOUND('',#198,.T.);
#198=EDGE_LOOP('',(#1858));
#199=FACE_BOUND('',#200,.T.);
#200=EDGE_LOOP('',(#1859));
#201=PLANE('',#202);
#202=AXIS2_PLACEMENT_3D('',#203,#204,#205);
#203=CARTESIAN_POINT('',(0.,0.,0.));
#204=DIRECTION('',(1.22464679914735E-16,1.,0.));
#205=DIRECTION('',(-1.,1.22464679914735E-16,0.));
#206=FACE_BOUND('',#207,.T.);
#207=EDGE_LOOP('',(#1860,#1861,#1862,#1863,#1864,#1865));
#208=(BOUNDED_SURFACE()B_SPLINE_SURFACE(2,2,(
(#209,#210,#211),
(#212,#213,#214),
(#215,#216,#217)),
.UNSPECIFIED.,.F.,.F.,.F.)B_SPLINE_SURFACE_WITH_KNOTS((3,3),
(3,3),
(0.,1.),
(0.,1.),
.UNSPECIFIED.)GEOMETRIC_REPRESENTATION_ITEM()RATIONAL_B_SPLINE_SURFACE((
(1.,1.36417062512261,1.19786027285214),
(1.08333333984639,1.47785151943441,1.29768197005822),
(1.,1.36417062512261,1.19786027285214)))REPRESENTATION_ITEM('')SURFACE());
#209=CARTESIAN_POINT('',(-32.,-6.,14.));
#210=CARTESIAN_POINT('',(-32.,-6.,6.79224555605213));
#211=CARTESIAN_POINT('',(-33.55,-6.,5.55447726082499));
#212=CARTESIAN_POINT('',(-17.3845779842246,-11.,14.));
#213=CARTESIAN_POINT('',(-17.3845779842246,-11.,6.79224555605213));
#214=CARTESIAN_POINT('',(-18.9345779842246,-11.,5.55447726082499));
#215=CARTESIAN_POINT('',(-32.,-16.,14.));
#216=CARTESIAN_POINT('',(-32.,-16.,6.79224555605213));
#217=CARTESIAN_POINT('',(-33.55,-16.,5.55447726082499));
#218=FACE_BOUND('',#219,.T.);
#219=EDGE_LOOP('',(#1866,#1867,#1868,#1869,#1870,#1871,#1872,#1873));
#220=PLANE('',#221);
#221=AXIS2_PLACEMENT_3D('',#222,#223,#224);
#222=CARTESIAN_POINT('',(0.,0.,19.));
#223=DIRECTION('',(0.,0.,1.));
#224=DIRECTION('',(6.12323399573677E-17,1.,0.));
#225=FACE_BOUND('',#226,.T.);
#226=EDGE_LOOP('',(#1874,#1875,#1876,#1877));
#227=(BOUNDED_SURFACE()B_SPLINE_SURFACE(3,2,(
(#228,#229,#230),
(#231,#232,#233),
(#234,#235,#236),
(#237,#238,#239),
(#240,#241,#242),
(#243,#244,#245),
(#246,#247,#248),
(#249,#250,#251),
(#252,#253,#254),
(#255,#256,#257),
(#258,#259,#260),
(#261,#262,#263),
(#264,#265,#266),
(#267,#268,#269),
(#270,#271,#272),
(#273,#274,#275),
(#276,#277,#278),
(#279,#280,#281),
(#282,#283,#284),
(#285,#286,#287),
(#288,#289,#290),
(#291,#292,#293),
(#294,#295,#296),
(#297,#298,#299),
(#300,#301,#302),
(#303,#304,#305),
(#306,#307,#308),
(#309,#310,#311),
(#312,#313,#314),
(#315,#316,#317),
(#318,#319,#320),
(#321,#322,#323),
(#324,#325,#326),
(#327,#328,#329),
(#330,#331,#332),
(#333,#334,#335),
(#336,#337,#338),
(#339,#340,#341),
(#342,#343,#344),
(#345,#346,#347),
(#348,#349,#350),
(#351,#352,#353),
(#354,#355,#356),
(#357,#358,#359),
(#360,#361,#362),
(#363,#364,#365),
(#366,#367,#368),
(#369,#370,#371),
(#372,#373,#374),
(#375,#376,#377),
(#378,#379,#380),
(#381,#382,#383),
(#384,#385,#386),
(#387,#388,#389),
(#390,#391,#392),
(#393,#394,#395),
(#396,#397,#398),
(#399,#400,#401),
(#402,#403,#404),
(#405,#406,#407),
(#408,#409,#410),
(#411,#412,#413),
(#414,#415,#416),
(#417,#418,#419),
(#420,#421,#422),
(#423,#424,#425),
(#426,#427,#428),
(#429,#430,#431),
(#432,#433,#434),
(#435,#436,#437),
(#438,#439,#440),
(#441,#442,#443),
(#444,#445,#446),
(#447,#448,#449),
(#450,#451,#452),
(#453,#454,#455),
(#456,#457,#458),
(#459,#460,#461),
(#462,#463,#464),
(#465,#466,#467),
(#468,#469,#470),
(#471,#472,#473),
(#474,#475,#476),
(#477,#478,#479),
(#480,#481,#482),
(#483,#484,#485),
(#486,#487,#488),
(#489,#490,#491),
(#492,#493,#494),
(#495,#496,#497),
(#498,#499,#500),
(#501,#502,#503),
(#504,#505,#506),
(#507,#508,#509),
(#510,#511,#512),
(#513,#514,#515),
(#516,#517,#518),
(#519,#520,#521),
(#522,#523,#524),
(#525,#526,#527),
(#528,#529,#530),
(#531,#532,#533),
(#534,#535,#536),
(#537,#538,#539),
(#540,#541,#542),
(#543,#544,#545),
(#546,#547,#548),
(#549,#550,#551),
(#552,#553,#554)),
.UNSPECIFIED.,.F.,.F.,.F.)B_SPLINE_SURFACE_WITH_KNOTS((4,1,1,1,1,1,1,1,1,1,1,1,1,
1,1,1,1,1,1,1,1,1,1,1,1,1,1,1,1,1,1,1,1,1,1,1,1,1,1,1,1,1,1,1,1,1,1,1,1,1,1,1,1,
1,1,1,1,1,1,1,1,1,1,1,1,1,1,1,1,1,1,1,1,1,1,1,1,1,1,1,1,1,1,1,1,1,1,1,1,1,1,1,1,
1,1,1,1,1,1,1,1,1,1,1,1,1,4),
(3,3),
(5.42344819998193,6.62611886566122,7.16406279945364,7.67323913014533,8.18241546083702,
8.88296680552001,9.50301952583191,10.0886928984696,10.6743662711074,11.2823246922519,
11.8554364803986,12.4178295498363,12.9936591229921,13.5938988481595,14.1236768283281,
14.6232195146964,15.0697215631985,15.4879708649547,15.9062201667109,16.2976910865008,
16.6709844141282,16.9914329909244,17.2894437414342,17.5874544919439,17.8893441937074,
18.1684540141978,18.3969223142565,18.5897326625876,18.7576935513177,18.9201701335815,
19.0826467158453,19.2640087486856,19.5019299447388,19.8101809506582,20.1879218585871,
20.5879543702284,21.0194933357908,21.4476393547796,21.7861316294229,22.1439100320766,
22.5209745627408,22.954006326647,23.48582376924,24.0582302214069,24.6691374534321,
25.3397829942948,26.0943487488274,26.9271811338137,27.7770664612737,28.6254757508816,
29.4022350456349,30.1041737285235,30.7914995868722,31.4882822758485,32.1917250353384,
32.9141923583013,33.6426902654192,34.3832835509494,35.1746425087405,35.9830584195355,
36.8240320417578,37.721978559902,38.5581966741687,39.2762487056809,39.7030908198969,
40.0279147805426,40.343889366513,40.6598639524833,41.0207474694444,41.4134335773885,
41.7800887157902,42.0832328671573,42.3174465796994,42.5693846915983,42.8307204266988,
43.1129353966264,43.4244339311341,43.7508647086034,44.0591871747148,44.311484559111,
44.515735309038,44.6737668254455,44.8269417150084,44.9801166045713,45.153263763371,
45.3438187237675,45.555370093286,45.7921423885203,46.0591727223792,46.3573907208334,
46.6840166060227,47.0446240248287,47.4537304678451,47.9043158865473,48.4028032157235,
48.972967954398,49.583947680445,50.2850282981389,51.1119502139787,52.032743963713,
52.9095802745152,53.7666852584217,54.5212152269178,55.2757451954138,55.9917594379246,
56.5806069617433,57.5758504782597),
(0.,1.),
.UNSPECIFIED.)GEOMETRIC_REPRESENTATION_ITEM()RATIONAL_B_SPLINE_SURFACE((
(1.,0.934617727609223,1.),
(1.,0.941286736287798,1.),
(1.,0.949044343940321,1.),
(1.,0.957368039451508,1.),
(1.,0.962425467551458,1.),
(1.,0.967373806171718,1.),
(1.,0.971922071006163,1.),
(1.,0.975986334122108,1.),
(1.,0.979324775513371,1.),
(1.,0.982233841926459,1.),
(1.,0.984763129462471,1.),
(1.,0.986970417362426,1.),
(1.,0.988897980428105,1.),
(1.,0.9906350454548,1.),
(1.,0.992143314843059,1.),
(1.,0.993419541420154,1.),
(1.,0.99445183488213,1.),
(1.,0.995301714949296,1.),
(1.,0.996006756239504,1.),
(1.,0.996600806305775,1.),
(1.,0.997067142555941,1.),
(1.,0.997432426791335,1.),
(1.,0.99764829944395,1.),
(1.,0.997806287491356,1.),
(1.,0.997845800633341,1.),
(1.,0.99781726236048,1.),
(1.,0.99770931791692,1.),
(1.,0.997588088988665,1.),
(1.,0.99740283587815,1.),
(1.,0.997295494285942,1.),
(1.,0.997122444299904,1.),
(1.,0.996952560185762,1.),
(1.,0.996728065707167,1.),
(1.,0.996403164925862,1.),
(1.,0.996089451623386,1.),
(1.,0.995414560079084,1.),
(1.,0.994794447309645,1.),
(1.,0.994033999481253,1.),
(1.,0.993268189251037,1.),
(1.,0.992497881603899,1.),
(1.,0.991720255286588,1.),
(1.,0.990823024737173,1.),
(1.,0.989726502394058,1.),
(1.,0.988378970870835,1.),
(1.,0.98675627897097,1.),
(1.,0.984855264968589,1.),
(1.,0.98260188113455,1.),
(1.,0.979920244515686,1.),
(1.,0.976858769505145,1.),
(1.,0.973632093531364,1.),
(1.,0.970639808922054,1.),
(1.,0.968188103372108,1.),
(1.,0.96645856302813,1.),
(1.,0.9652647816396,1.),
(1.,0.965003285749189,1.),
(1.,0.965300432590792,1.),
(1.,0.966466151428169,1.),
(1.,0.968262100342814,1.),
(1.,0.970650325804703,1.),
(1.,0.973473232300499,1.),
(1.,0.976574935241546,1.),
(1.,0.979783842205668,1.),
(1.,0.982849670471468,1.),
(1.,0.985521111102691,1.),
(1.,0.987477471290973,1.),
(1.,0.988819840480744,1.),
(1.,0.98974479909968,1.),
(1.,0.990535718976036,1.),
(1.,0.991318230995418,1.),
(1.,0.992117742765705,1.),
(1.,0.992905595331748,1.),
(1.,0.993607284321662,1.),
(1.,0.994171681680312,1.),
(1.,0.994640631477025,1.),
(1.,0.995065454132519,1.),
(1.,0.995490835384954,1.),
(1.,0.995929769980274,1.),
(1.,0.996325022558839,1.),
(1.,0.996855443721033,1.),
(1.,0.997039870423185,1.),
(1.,0.997302685331105,1.),
(1.,0.99748056630661,1.),
(1.,0.997597245948966,1.),
(1.,0.997687637938408,1.),
(1.,0.997760221138892,1.),
(1.,0.997821689184394,1.),
(1.,0.997838342396742,1.),
(1.,0.997830843064144,1.),
(1.,0.997755997108333,1.),
(1.,0.997632261812149,1.),
(1.,0.997415200676698,1.),
(1.,0.997045977956838,1.),
(1.,0.996701255451048,1.),
(1.,0.996061306959362,1.),
(1.,0.995342338552145,1.),
(1.,0.994391001400012,1.),
(1.,0.993204196613874,1.),
(1.,0.991683557612239,1.),
(1.,0.98970246946646,1.),
(1.,0.987047032856805,1.),
(1.,0.983634561381435,1.),
(1.,0.979451419620432,1.),
(1.,0.974691192657021,1.),
(1.,0.96923891977662,1.),
(1.,0.963108871463008,1.),
(1.,0.956368372192698,1.),
(1.,0.947499215807622,1.),
(1.,0.939898323358118,1.),
(1.,0.93464793653786,1.)))REPRESENTATION_ITEM('')SURFACE());
#228=CARTESIAN_POINT('',(-29.1671877612656,-34.2153925515339,5.55447173508921));
#229=CARTESIAN_POINT('',(-28.958881812853,-33.97567696796,5.34391675892055));
#230=CARTESIAN_POINT('',(-28.7039196598255,-33.9930614381159,5.06197548333976));
#231=CARTESIAN_POINT('',(-29.079685816297,-34.2066566495249,5.61090244374226));
#232=CARTESIAN_POINT('',(-28.8794864153198,-33.9870922348719,5.40910940523458));
#233=CARTESIAN_POINT('',(-28.632816371857,-33.997813008885,5.14805274470509));
#234=CARTESIAN_POINT('',(-28.967159567585,-34.1944047003287,5.69090241092572));
#235=CARTESIAN_POINT('',(-28.7756901514949,-33.9978938825898,5.50231362857583));
#236=CARTESIAN_POINT('',(-28.5409486136943,-34.0007563278192,5.26629846987639));
#237=CARTESIAN_POINT('',(-28.8241284853528,-34.1766592231638,5.80569773460263));
#238=CARTESIAN_POINT('',(-28.6445531093895,-34.0049938115512,5.63367627266056));
#239=CARTESIAN_POINT('',(-28.4258591412001,-33.9994380498507,5.42516060048438));
#240=CARTESIAN_POINT('',(-28.7232288586746,-34.1630069539627,5.89230444352119));
#241=CARTESIAN_POINT('',(-28.5565955508488,-34.0071164308615,5.72718099411857));
#242=CARTESIAN_POINT('',(-28.3453652281832,-33.9963671964565,5.54112051078932));
#243=CARTESIAN_POINT('',(-28.6204006201732,-34.1479197016236,5.9865496196055));
#244=CARTESIAN_POINT('',(-28.4617584746766,-34.0067504505344,5.83330478543458));
#245=CARTESIAN_POINT('',(-28.2635088426831,-33.991060584135,5.6631384069001));
#246=CARTESIAN_POINT('',(-28.5133542331713,-34.1305940634573,6.09070498476914));
#247=CARTESIAN_POINT('',(-28.363703111748,-34.0031831916719,5.94915000861989));
#248=CARTESIAN_POINT('',(-28.1789207423679,-33.9831827171713,5.79407674555522));
#249=CARTESIAN_POINT('',(-28.4074328168181,-34.1117269869738,6.19978073228904));
#250=CARTESIAN_POINT('',(-28.2641550837713,-33.996122172663,6.07270545609578));
#251=CARTESIAN_POINT('',(-28.095531642123,-33.9729994526493,5.92740053790401));
#252=CARTESIAN_POINT('',(-28.3044510226346,-34.0914987337766,6.31069817092615));
#253=CARTESIAN_POINT('',(-28.1725549680746,-33.9868113959106,6.19067786676141));
#254=CARTESIAN_POINT('',(-28.0146628588376,-33.9608367888276,6.05973128994818));
#255=CARTESIAN_POINT('',(-28.2058214452981,-34.07025392937,6.42061072330083));
#256=CARTESIAN_POINT('',(-28.0832947135072,-33.975096129348,6.30899973273219));
#257=CARTESIAN_POINT('',(-27.9371467753325,-33.9470686394755,6.18833049454581));
#258=CARTESIAN_POINT('',(-28.10947376015,-34.0477496010734,6.5313489929178));
#259=CARTESIAN_POINT('',(-27.9957886492769,-33.9609480847048,6.42722878862657));
#260=CARTESIAN_POINT('',(-27.8618435365019,-33.9316716561917,6.3156977787621));
#261=CARTESIAN_POINT('',(-28.0148300770514,-34.0236188180323,6.64165873445916));
#262=CARTESIAN_POINT('',(-27.9100921047008,-33.9445469834784,6.54433823658924));
#263=CARTESIAN_POINT('',(-27.7878290899628,-33.9145713548036,6.44061529291386));
#264=CARTESIAN_POINT('',(-27.9206273467042,-33.9975111840471,6.75183843233975));
#265=CARTESIAN_POINT('',(-27.8261078223997,-33.9260394786105,6.65930917618056));
#266=CARTESIAN_POINT('',(-27.7139593617055,-33.8955272119235,6.56380290772014));
#267=CARTESIAN_POINT('',(-27.8268666694497,-33.9694752022804,6.86130598228884));
#268=CARTESIAN_POINT('',(-27.7404122750587,-33.9045956939868,6.77541420252019));
#269=CARTESIAN_POINT('',(-27.6405016395916,-33.8745874313478,6.68489174610225));
#270=CARTESIAN_POINT('',(-27.7333935489877,-33.9392314677418,6.96827015972755));
#271=CARTESIAN_POINT('',(-27.6553113988999,-33.8806143814478,6.88808473939197));
#272=CARTESIAN_POINT('',(-27.5671118550055,-33.8516115788397,6.80202532659016));
#273=CARTESIAN_POINT('',(-27.6430161212119,-33.907716834888,7.06820426364116));
#274=CARTESIAN_POINT('',(-27.572355727039,-33.8546020296195,6.99365333390207));
#275=CARTESIAN_POINT('',(-27.4960225509113,-33.8273425895388,6.9105225513138));
#276=CARTESIAN_POINT('',(-27.556432173588,-33.8753383548863,7.15926577998051));
#277=CARTESIAN_POINT('',(-27.4948880872026,-33.8279578421735,7.08711107141716));
#278=CARTESIAN_POINT('',(-27.4277613414535,-33.8021397836091,7.00867171957878));
#279=CARTESIAN_POINT('',(-27.4737532411837,-33.8423358591917,7.24058205600222));
#280=CARTESIAN_POINT('',(-27.4207215223023,-33.8002213663438,7.17042299682551));
#281=CARTESIAN_POINT('',(-27.3624069219615,-33.7762348672606,7.09575189185192));
#282=CARTESIAN_POINT('',(-27.3932383088841,-33.8081728236056,7.31335458619841));
#283=CARTESIAN_POINT('',(-27.3484782922471,-33.7711222087543,7.24487755899949));
#284=CARTESIAN_POINT('',(-27.2985856770734,-33.7492200706714,7.17323908647791));
#285=CARTESIAN_POINT('',(-27.3125903706956,-33.7718350083437,7.37858292854498));
#286=CARTESIAN_POINT('',(-27.2757971691001,-33.7396484906619,7.3116890621285));
#287=CARTESIAN_POINT('',(-27.234453896921,-33.720308151492,7.24228527076545));
#288=CARTESIAN_POINT('',(-27.2324415081805,-33.7334882261477,7.43449931218902));
#289=CARTESIAN_POINT('',(-27.2022122729812,-33.7054237293784,7.36971150718522));
#290=CARTESIAN_POINT('',(-27.1704882917341,-33.6896286703752,7.30107917616792));
#291=CARTESIAN_POINT('',(-27.1537712218098,-33.6935933341843,7.47980949706807));
#292=CARTESIAN_POINT('',(-27.131062490402,-33.6699981207664,7.41561824817883));
#293=CARTESIAN_POINT('',(-27.107457471952,-33.6575275110062,7.34835112851206));
#294=CARTESIAN_POINT('',(-27.0782523629355,-33.6530817735003,7.51345786858055));
#295=CARTESIAN_POINT('',(-27.0630572116556,-33.6338974617995,7.44922942823759));
#296=CARTESIAN_POINT('',(-27.0466969745188,-33.6247758663562,7.38303950085859));
#297=CARTESIAN_POINT('',(-27.0050437688438,-33.6116721243293,7.53646091419134));
#298=CARTESIAN_POINT('',(-26.998110164842,-33.5973630705065,7.47172841905086));
#299=CARTESIAN_POINT('',(-26.9875384726937,-33.5911328307134,7.40627697826717));
#300=CARTESIAN_POINT('',(-26.9337142162752,-33.5691806380053,7.54924739887111));
#301=CARTESIAN_POINT('',(-26.93348616117,-33.5589000192931,7.48428298154064));
#302=CARTESIAN_POINT('',(-26.9296298150544,-33.5564542117799,7.41852037639065));
#303=CARTESIAN_POINT('',(-26.865404608118,-33.5263691356728,7.55224103401614));
#304=CARTESIAN_POINT('',(-26.870340523744,-33.5191316502339,7.48658556494807));
#305=CARTESIAN_POINT('',(-26.8738992072305,-33.5213463863332,7.42024724860052));
#306=CARTESIAN_POINT('',(-26.8036364293786,-33.4857636781653,7.54703309497819));
#307=CARTESIAN_POINT('',(-26.8134220759576,-33.4813064095896,7.48001308606742));
#308=CARTESIAN_POINT('',(-26.8232531629087,-33.4878931938054,7.41323412849852));
#309=CARTESIAN_POINT('',(-26.7510261456303,-33.4496979730965,7.53673020615073));
#310=CARTESIAN_POINT('',(-26.7657045927244,-33.4481274610141,7.4684429583263));
#311=CARTESIAN_POINT('',(-26.779909550657,-33.4580600458979,7.40087524206204));
#312=CARTESIAN_POINT('',(-26.7070633725104,-33.4185282282412,7.52433823105981));
#313=CARTESIAN_POINT('',(-26.7267922653366,-33.4200649479833,7.45507189003274));
#314=CARTESIAN_POINT('',(-26.7435524547352,-33.4321689080346,7.3864208890653));
#315=CARTESIAN_POINT('',(-26.6692819811416,-33.3909015021196,7.51061695416108));
#316=CARTESIAN_POINT('',(-26.6932221135866,-33.3951196300942,7.44084736226496));
#317=CARTESIAN_POINT('',(-26.7121755001474,-33.4091764083045,7.37061149809704));
#318=CARTESIAN_POINT('',(-26.6344417736413,-33.3648208129253,7.49611628648368));
#319=CARTESIAN_POINT('',(-26.6624527695667,-33.3716216664211,7.42555821241998));
#320=CARTESIAN_POINT('',(-26.6831675659351,-33.3873705112134,7.35400884071864));
#321=CARTESIAN_POINT('',(-26.5993469208137,-33.3378664348391,7.47930371009659));
#322=CARTESIAN_POINT('',(-26.6317845836853,-33.3475883347573,7.40829118219913));
#323=CARTESIAN_POINT('',(-26.6538447341725,-33.3647812324329,7.33483319941521));
#324=CARTESIAN_POINT('',(-26.5603061720104,-33.3070259627203,7.4579430100686));
#325=CARTESIAN_POINT('',(-26.5974468271533,-33.3199492839898,7.38668021374028));
#326=CARTESIAN_POINT('',(-26.6210865557897,-33.3388792231497,7.31052067634931));
#327=CARTESIAN_POINT('',(-26.513971328651,-33.2693453670744,7.42985445840582));
#328=CARTESIAN_POINT('',(-26.5560799541131,-33.2855685832061,7.35744920278727));
#329=CARTESIAN_POINT('',(-26.5820651803595,-33.3070651109291,7.27859713045834));
#330=CARTESIAN_POINT('',(-26.4597015457811,-33.2234289011941,7.39233621778053));
#331=CARTESIAN_POINT('',(-26.5057209528939,-33.2419887294013,7.31725481887981));
#332=CARTESIAN_POINT('',(-26.5360786916042,-33.2681383798419,7.23593521385414));
#333=CARTESIAN_POINT('',(-26.3989485267361,-33.1697051687046,7.34542414332223));
#334=CARTESIAN_POINT('',(-26.4494456140154,-33.1908535006986,7.26665303750211));
#335=CARTESIAN_POINT('',(-26.4842528429195,-33.2222844859185,7.18247538923604));
#336=CARTESIAN_POINT('',(-26.3353359496967,-33.1105498786553,7.29087911050216));
#337=CARTESIAN_POINT('',(-26.3899325841729,-33.1337968818646,7.20727612608418));
#338=CARTESIAN_POINT('',(-26.4295304125165,-33.1714382959167,7.12005216704738));
#339=CARTESIAN_POINT('',(-26.2726476521588,-33.0492212925556,7.23286814443637));
#340=CARTESIAN_POINT('',(-26.3308691397947,-33.0739016998183,7.14295244826568));
#341=CARTESIAN_POINT('',(-26.3751596670058,-33.1182487832785,7.05322604113792));
#342=CARTESIAN_POINT('',(-26.2142451105033,-32.9890291464249,7.17500807605812));
#343=CARTESIAN_POINT('',(-26.2772039909128,-33.0163027603157,7.08038727183974));
#344=CARTESIAN_POINT('',(-26.3240049861051,-33.0656062356135,6.98611816518367));
#345=CARTESIAN_POINT('',(-26.1611239139723,-32.9314902871024,7.11945735629715));
#346=CARTESIAN_POINT('',(-26.2285868403052,-32.9614467077716,7.02106225966359));
#347=CARTESIAN_POINT('',(-26.2770152947699,-33.0149038836532,6.92112985436508));
#348=CARTESIAN_POINT('',(-26.1100240949407,-32.8736697596373,7.0644993519234));
#349=CARTESIAN_POINT('',(-26.183547662795,-32.9082377743852,6.96404794545603));
#350=CARTESIAN_POINT('',(-26.2314596287689,-32.9634957363685,6.85621515305988));
#351=CARTESIAN_POINT('',(-26.0566910788146,-32.8108377156533,7.00687190911079));
#352=CARTESIAN_POINT('',(-26.1359525325976,-32.8492004571644,6.90191823706892));
#353=CARTESIAN_POINT('',(-26.1836518816825,-32.9069743421822,6.78741509143794));
#354=CARTESIAN_POINT('',(-25.9992414961177,-32.7389460021498,6.94150253980358));
#355=CARTESIAN_POINT('',(-26.0829263724326,-32.7797619835932,6.83090836027591));
#356=CARTESIAN_POINT('',(-26.1313595783083,-32.8417994918806,6.70855897745926));
#357=CARTESIAN_POINT('',(-25.9359881571896,-32.655147164782,6.86933842907926));
#358=CARTESIAN_POINT('',(-26.0243610945887,-32.6978407966597,6.75060870628136));
#359=CARTESIAN_POINT('',(-26.073212446509,-32.7647286954719,6.62002049359133));
#360=CARTESIAN_POINT('',(-25.8686839952019,-32.5593339754747,6.79154678452893));
#361=CARTESIAN_POINT('',(-25.961706853476,-32.6030815837418,6.66306663855914));
#362=CARTESIAN_POINT('',(-26.0104082355333,-32.6752402300848,6.52274469144025));
#363=CARTESIAN_POINT('',(-25.7978543746011,-32.4500839102815,6.70989275128109));
#364=CARTESIAN_POINT('',(-25.8968440026712,-32.4959396267239,6.57140956688474));
#365=CARTESIAN_POINT('',(-25.9432799768433,-32.571270658784,6.41811764650471));
#366=CARTESIAN_POINT('',(-25.7243614847886,-32.3254977250102,6.62582927403825));
#367=CARTESIAN_POINT('',(-25.8294036779189,-32.3726359870267,6.47552875948161));
#368=CARTESIAN_POINT('',(-25.8723451464979,-32.4501393560017,6.3072503738407));
#369=CARTESIAN_POINT('',(-25.6492318645965,-32.1830181371401,6.541632837872));
#370=CARTESIAN_POINT('',(-25.7597390958634,-32.2285449628379,6.37650073788877));
#371=CARTESIAN_POINT('',(-25.7983844041527,-32.3080772851233,6.19221589075285));
#372=CARTESIAN_POINT('',(-25.575559782932,-32.0225313878945,6.4614366695287));
#373=CARTESIAN_POINT('',(-25.6914097169209,-32.0636683356747,6.27987616302407));
#374=CARTESIAN_POINT('',(-25.7242630267322,-32.1434235460786,6.07801550644524));
#375=CARTESIAN_POINT('',(-25.5087110299131,-31.8495667300735,6.39132945619272));
#376=CARTESIAN_POINT('',(-25.629477287512,-31.8827375083734,6.19308125353671));
#377=CARTESIAN_POINT('',(-25.6555137119509,-31.9604614619715,5.97351732633264));
#378=CARTESIAN_POINT('',(-25.4533605395988,-31.6722666556497,6.33550718159218));
#379=CARTESIAN_POINT('',(-25.5792370281339,-31.6971392291935,6.12335940875447));
#380=CARTESIAN_POINT('',(-25.5974362143316,-31.7673291004833,5.88652043761895));
#381=CARTESIAN_POINT('',(-25.4117448363828,-31.498203496829,6.29495673366931));
#382=CARTESIAN_POINT('',(-25.542432111271,-31.5158474534361,6.07270756767909));
#383=CARTESIAN_POINT('',(-25.5530414315091,-31.5729240658578,5.82082950049389));
#384=CARTESIAN_POINT('',(-25.3833223878613,-31.3301515018088,6.26800448820977));
#385=CARTESIAN_POINT('',(-25.5178351920443,-31.3427567048348,6.03905409608387));
#386=CARTESIAN_POINT('',(-25.522359540529,-31.3816920207866,5.77590155696759));
#387=CARTESIAN_POINT('',(-25.3666130880329,-31.1656911135373,6.25243142909407));
#388=CARTESIAN_POINT('',(-25.5033642448841,-31.1732882090367,6.01932910624347));
#389=CARTESIAN_POINT('',(-25.5041690435093,-31.1921413919314,5.74938655147706));
#390=CARTESIAN_POINT('',(-25.3609219728642,-31.0013447105544,6.24720683093946));
#391=CARTESIAN_POINT('',(-25.4983743446614,-31.0023895089065,6.01253943778278));
#392=CARTESIAN_POINT('',(-25.4979640082668,-31.0015584739307,5.74045781768815));
#393=CARTESIAN_POINT('',(-25.3664596336042,-30.8351931709058,6.2522960849912));
#394=CARTESIAN_POINT('',(-25.5031627234154,-30.8285483158025,6.01905390398692));
#395=CARTESIAN_POINT('',(-25.5040050858584,-30.808871241134,5.74916538773172));
#396=CARTESIAN_POINT('',(-25.3835674120083,-30.667471358115,6.26822403756543));
#397=CARTESIAN_POINT('',(-25.5181102993932,-30.6535796775956,6.03942837155107));
#398=CARTESIAN_POINT('',(-25.5226233265858,-30.615572387706,5.77626490973261));
#399=CARTESIAN_POINT('',(-25.4124073611999,-30.4987478869006,6.2956006452037));
#400=CARTESIAN_POINT('',(-25.5434334785207,-30.4785524712299,6.07408025219106));
#401=CARTESIAN_POINT('',(-25.5537560161505,-30.423641643631,5.82190199713447));
#402=CARTESIAN_POINT('',(-25.4531326338383,-30.3292117042454,6.33529919281385));
#403=CARTESIAN_POINT('',(-25.579513678379,-30.3026896847782,6.12375100378251));
#404=CARTESIAN_POINT('',(-25.5971821398698,-30.2343713574317,5.88614227122011));
#405=CARTESIAN_POINT('',(-25.5060213965589,-30.1587035684475,6.38860875663171));
#406=CARTESIAN_POINT('',(-25.6267894074575,-30.1269061002181,6.18934855793889));
#407=CARTESIAN_POINT('',(-25.6526986514321,-30.0485063218008,5.96930082845768));
#408=CARTESIAN_POINT('',(-25.5711013645089,-29.9880245739188,6.45668151250117));
#409=CARTESIAN_POINT('',(-25.685675921345,-29.9518409798105,6.27181368478231));
#410=CARTESIAN_POINT('',(-25.7197223599379,-29.8675773649711,6.0710693554563));
#411=CARTESIAN_POINT('',(-25.6475710840591,-29.8196926543445,6.53969628923769));
#412=CARTESIAN_POINT('',(-25.7561250355444,-29.7787046300791,6.371348895981));
#413=CARTESIAN_POINT('',(-25.7967754986562,-29.6945177070564,6.18966580288034));
#414=CARTESIAN_POINT('',(-25.7322679930226,-29.6594872342697,6.63472650997678));
#415=CARTESIAN_POINT('',(-25.8355278973189,-29.6142381971231,6.48424577983055));
#416=CARTESIAN_POINT('',(-25.8801415588212,-29.5348994086647,6.31941455369034));
#417=CARTESIAN_POINT('',(-25.8171463336679,-29.5186228985297,6.7320143762456));
#418=CARTESIAN_POINT('',(-25.9178434042454,-29.4672885503379,6.60123581620454));
#419=CARTESIAN_POINT('',(-25.961741936399,-29.3986000022819,6.44692301655701));
#420=CARTESIAN_POINT('',(-25.8928816498942,-29.4053497154025,6.81964366102525));
#421=CARTESIAN_POINT('',(-25.988608255063,-29.3552642880866,6.70082928776171));
#422=CARTESIAN_POINT('',(-26.0331117351074,-29.2916082089323,6.55811781498418));
#423=CARTESIAN_POINT('',(-25.9535470621386,-29.3214333777475,6.88925302187106));
#424=CARTESIAN_POINT('',(-26.043397333125,-29.2754047847319,6.77674843126986));
#425=CARTESIAN_POINT('',(-26.0893591634303,-29.2136725267051,6.64452554847017));
#426=CARTESIAN_POINT('',(-26.0017822436276,-29.2580841791007,6.9446124688797));
#427=CARTESIAN_POINT('',(-26.0843384861787,-29.2188000720155,6.8326264890867));
#428=CARTESIAN_POINT('',(-26.1336707127802,-29.1556000675328,6.71220371767481));
#429=CARTESIAN_POINT('',(-26.0445479526754,-29.2042840668455,6.99309453825951));
#430=CARTESIAN_POINT('',(-26.1219134960232,-29.1690639123384,6.8831832677265));
#431=CARTESIAN_POINT('',(-26.172612337602,-29.1067241821753,6.77080686038519));
#432=CARTESIAN_POINT('',(-26.0890306136751,-29.1509605683624,7.04140447328749));
#433=CARTESIAN_POINT('',(-26.1618510988779,-29.1184055732653,6.93588283130974));
#434=CARTESIAN_POINT('',(-26.2126071422684,-29.0585597459598,6.82874577822367));
#435=CARTESIAN_POINT('',(-26.1365637240649,-29.0959448378269,7.09337213915456));
#436=CARTESIAN_POINT('',(-26.206019918357,-29.064854520143,6.9927505270869));
#437=CARTESIAN_POINT('',(-26.2551766721563,-29.0094591774279,6.89043915206976));
#438=CARTESIAN_POINT('',(-26.1865075891245,-29.0405793097954,7.14676628872495));
#439=CARTESIAN_POINT('',(-26.2537498761325,-29.0098067572281,7.05203395969434));
#440=CARTESIAN_POINT('',(-26.2995625490042,-28.9605017108684,6.95318972403338));
#441=CARTESIAN_POINT('',(-26.235638070329,-28.9885566104596,7.1971248641605));
#442=CARTESIAN_POINT('',(-26.3005613541813,-28.9584271827273,7.10780746225955));
#443=CARTESIAN_POINT('',(-26.3428386314041,-28.9148456261414,7.01184151399307));
#444=CARTESIAN_POINT('',(-26.2811963629387,-28.9423343775026,7.24142714556181));
#445=CARTESIAN_POINT('',(-26.3417760460578,-28.915135859337,7.1546637837711));
#446=CARTESIAN_POINT('',(-26.3826285524801,-28.8745198090864,7.06308519412925));
#447=CARTESIAN_POINT('',(-26.3233280533622,-28.9013053288395,7.27952626164618));
#448=CARTESIAN_POINT('',(-26.3788256226365,-28.8775900689139,7.19492992086228));
#449=CARTESIAN_POINT('',(-26.4190930812622,-28.8388410725259,7.10695777597854));
#450=CARTESIAN_POINT('',(-26.3646189025432,-28.8622500176566,7.31560837023545));
#451=CARTESIAN_POINT('',(-26.414972890172,-28.8421245564594,7.23241500293082));
#452=CARTESIAN_POINT('',(-26.4546861269296,-28.8051240772355,7.14836882615974));
#453=CARTESIAN_POINT('',(-26.4080121478451,-28.8223216027205,7.35238492409577));
#454=CARTESIAN_POINT('',(-26.4546900976426,-28.8045141699428,7.27110929313073));
#455=CARTESIAN_POINT('',(-26.4919794457417,-28.7709242000873,7.19041284946749));
#456=CARTESIAN_POINT('',(-26.4566118654127,-28.7793396291135,7.38984228369862));
#457=CARTESIAN_POINT('',(-26.4989027121128,-28.7641866724288,7.31114073224868));
#458=CARTESIAN_POINT('',(-26.5334360644304,-28.734223605903,7.23308912016752));
#459=CARTESIAN_POINT('',(-26.5102232310545,-28.733710252359,7.42751225240903));
#460=CARTESIAN_POINT('',(-26.5484915204218,-28.7207963700276,7.35193911719681));
#461=CARTESIAN_POINT('',(-26.5789052537499,-28.6955078206117,7.27593719486701));
#462=CARTESIAN_POINT('',(-26.5672773442765,-28.6872085100684,7.46252788414559));
#463=CARTESIAN_POINT('',(-26.6021266728046,-28.6760284001561,7.39036468055962));
#464=CARTESIAN_POINT('',(-26.6269784978029,-28.6562625582352,7.31573123048627));
#465=CARTESIAN_POINT('',(-26.6238717348621,-28.6430702766988,7.49168654315605));
#466=CARTESIAN_POINT('',(-26.655017180724,-28.6339485627704,7.42222323218643));
#467=CARTESIAN_POINT('',(-26.6743628555128,-28.6192043586163,7.34893326858595));
#468=CARTESIAN_POINT('',(-26.6758069860586,-28.604136784231,7.51373972013509));
#469=CARTESIAN_POINT('',(-26.7030191224357,-28.5974357511111,7.44557430936158));
#470=CARTESIAN_POINT('',(-26.7176327652867,-28.5867029808034,7.37418138885595));
#471=CARTESIAN_POINT('',(-26.7208483240502,-28.5716106588126,7.52852001032227));
#472=CARTESIAN_POINT('',(-26.7429620977805,-28.5681771961705,7.46099843931213));
#473=CARTESIAN_POINT('',(-26.7549615275022,-28.5596267330247,7.39127523295758));
#474=CARTESIAN_POINT('',(-26.7600254391346,-28.544142390442,7.53842655091903));
#475=CARTESIAN_POINT('',(-26.7774860222433,-28.543658460952,7.47139396298609));
#476=CARTESIAN_POINT('',(-26.7873202390575,-28.5368351704203,7.40291249681174));
#477=CARTESIAN_POINT('',(-26.7967990244152,-28.5189897415966,7.54545584972736));
#478=CARTESIAN_POINT('',(-26.8094021388971,-28.5216019151622,7.47856692476898));
#479=CARTESIAN_POINT('',(-26.8176158192206,-28.5160500505143,7.4113689131255));
#480=CARTESIAN_POINT('',(-26.8341011928027,-28.4941766055701,7.54971995302865));
#481=CARTESIAN_POINT('',(-26.842742777663,-28.4991816664605,7.48351022499201));
#482=CARTESIAN_POINT('',(-26.8482335421755,-28.4955745900356,7.41682192624873));
#483=CARTESIAN_POINT('',(-26.8751610639167,-28.4675903789087,7.55150145326032));
#484=CARTESIAN_POINT('',(-26.8794558897232,-28.4752135442381,7.48588326808434));
#485=CARTESIAN_POINT('',(-26.8818502733873,-28.4737033849891,7.41965937425839));
#486=CARTESIAN_POINT('',(-26.920729903588,-28.4389826084705,7.54970461820819));
#487=CARTESIAN_POINT('',(-26.9206530901091,-28.4492087797889,7.48462262489747));
#488=CARTESIAN_POINT('',(-26.9190326900416,-28.4502445087194,7.41873064993781));
#489=CARTESIAN_POINT('',(-26.971886219501,-28.4079629981921,7.54292735972061));
#490=CARTESIAN_POINT('',(-26.9666879402355,-28.4212242686084,7.47836262679144));
#491=CARTESIAN_POINT('',(-26.9606351880586,-28.4248841601214,7.41253268156872));
#492=CARTESIAN_POINT('',(-27.0286672617551,-28.3748417490611,7.52959661404313));
#493=CARTESIAN_POINT('',(-27.0178905261177,-28.3913906889984,7.46543427883509));
#494=CARTESIAN_POINT('',(-27.0066433598389,-28.3979015314397,7.3993817104328));
#495=CARTESIAN_POINT('',(-27.0910494986669,-28.3399826091735,7.50807101491082));
#496=CARTESIAN_POINT('',(-27.0743348497096,-28.3600298081893,7.44405562982956));
#497=CARTESIAN_POINT('',(-27.0570010430205,-28.3696114025399,7.37750333912367));
#498=CARTESIAN_POINT('',(-27.1582909203048,-28.3041270175155,7.4771437417691));
#499=CARTESIAN_POINT('',(-27.1351550469622,-28.3279797599849,7.41290231351129));
#500=CARTESIAN_POINT('',(-27.1110772291561,-28.3406369283442,7.34556522651176));
#501=CARTESIAN_POINT('',(-27.229977030133,-28.2677792745662,7.43585926325708));
#502=CARTESIAN_POINT('',(-27.1996662169027,-28.2958768359202,7.37121567964154));
#503=CARTESIAN_POINT('',(-27.168512142538,-28.3113976139406,7.30250010082276));
#504=CARTESIAN_POINT('',(-27.3059391193876,-28.2312934656682,7.38343164426935));
#505=CARTESIAN_POINT('',(-27.2681728850494,-28.2638277629204,7.3179858812609));
#506=CARTESIAN_POINT('',(-27.2291506263406,-28.2821850097234,7.24738684082968));
#507=CARTESIAN_POINT('',(-27.3865007917312,-28.1947551557271,7.31921230636029));
#508=CARTESIAN_POINT('',(-27.3407898586106,-28.232075695577,7.25244958662702));
#509=CARTESIAN_POINT('',(-27.2932386060091,-28.2531018472827,7.17946171568883));
#510=CARTESIAN_POINT('',(-27.4720739205317,-28.1582857801072,7.24240983113496));
#511=CARTESIAN_POINT('',(-27.4177544710034,-28.2008479543751,7.17393076364368));
#512=CARTESIAN_POINT('',(-27.3610853955249,-28.224252316667,7.09772410087597));
#513=CARTESIAN_POINT('',(-27.563216598095,-28.1219575899636,7.15256745104245));
#514=CARTESIAN_POINT('',(-27.5001477774311,-28.1700682215372,7.08118120953092));
#515=CARTESIAN_POINT('',(-27.4331214821591,-28.1957392222924,7.00149702067932));
#516=CARTESIAN_POINT('',(-27.6610180125951,-28.0857080407752,7.04891943548039));
#517=CARTESIAN_POINT('',(-27.5877683778729,-28.1402569548335,6.97465918961831));
#518=CARTESIAN_POINT('',(-27.5102079633389,-28.1675643291897,6.88970115293474));
#519=CARTESIAN_POINT('',(-27.7675511398327,-28.0492920362247,6.92970190325198));
#520=CARTESIAN_POINT('',(-27.6831464872213,-28.1111040708156,6.85183514095422));
#521=CARTESIAN_POINT('',(-27.5939493129218,-28.1396007238955,6.75997790228451));
#522=CARTESIAN_POINT('',(-27.8858159447407,-28.0123459434459,6.79284868127284));
#523=CARTESIAN_POINT('',(-27.789137777152,-28.082562487074,6.70987718697148));
#524=CARTESIAN_POINT('',(-27.6867283286833,-28.1117397676466,6.60949132839102));
#525=CARTESIAN_POINT('',(-28.0163267311102,-27.9756443141152,6.63956641069697));
#526=CARTESIAN_POINT('',(-27.9092730227967,-28.0550632964008,6.54546909285265));
#527=CARTESIAN_POINT('',(-27.7889414926173,-28.0847826819494,6.43852302868102));
#528=CARTESIAN_POINT('',(-28.1564786344727,-27.9406446300148,6.47647712728879));
#529=CARTESIAN_POINT('',(-28.0383859875599,-28.0312742235926,6.36903615294437));
#530=CARTESIAN_POINT('',(-27.8986093954433,-28.0601418275191,6.2532083390319));
#531=CARTESIAN_POINT('',(-28.2993364363373,-27.9092097000968,6.31566235167236));
#532=CARTESIAN_POINT('',(-28.1709614902589,-28.0128532229433,6.1921035606554));
#533=CARTESIAN_POINT('',(-28.0106256695325,-28.0394507855184,6.06607926683086));
#534=CARTESIAN_POINT('',(-28.4408285444567,-27.8819202652233,6.16410620881063));
#535=CARTESIAN_POINT('',(-28.29867493852,-28.0007030660079,6.02868733926667));
#536=CARTESIAN_POINT('',(-28.1217260329288,-28.0232623147254,5.88455914264021));
#537=CARTESIAN_POINT('',(-28.5780932844883,-27.8585667340508,6.02634558007204));
#538=CARTESIAN_POINT('',(-28.423884842193,-27.9940040198968,5.87689307307827));
#539=CARTESIAN_POINT('',(-28.2300399920721,-28.0115227489918,5.71403313143496));
#540=CARTESIAN_POINT('',(-28.7112563447001,-27.8385084193936,5.90240768622726));
#541=CARTESIAN_POINT('',(-28.5456974408951,-27.9923644222622,5.73825378099801));
#542=CARTESIAN_POINT('',(-28.3356089368423,-28.0039053195381,5.55474304398905));
#543=CARTESIAN_POINT('',(-28.8385630092875,-27.8213983769193,5.79321248116532));
#544=CARTESIAN_POINT('',(-28.6618277223734,-27.9954858961705,5.61543939555297));
#545=CARTESIAN_POINT('',(-28.4374690986524,-28.0000977868912,5.4084862166068));
#546=CARTESIAN_POINT('',(-28.9868820834703,-27.8033823251237,5.67653997781528));
#547=CARTESIAN_POINT('',(-28.7970520506346,-28.0041445990329,5.4827222226413));
#548=CARTESIAN_POINT('',(-28.5568308256798,-27.9995974125607,5.24547249377869));
#549=CARTESIAN_POINT('',(-29.0971075653925,-27.7916208128439,5.59942247067359));
#550=CARTESIAN_POINT('',(-28.895845930396,-28.0151703395362,5.39560577332834));
#551=CARTESIAN_POINT('',(-28.6474319498856,-28.0030830263728,5.13022203111532));
#552=CARTESIAN_POINT('',(-29.1671877750948,-27.7846074345959,5.55447174583283));
#553=CARTESIAN_POINT('',(-28.9586995610364,-28.0242977589298,5.34403691127397));
#554=CARTESIAN_POINT('',(-28.7036955446533,-28.0069233011684,5.06225806036031));
#555=FACE_BOUND('',#556,.T.);
#556=EDGE_LOOP('',(#1878,#1879,#1880,#1881,#1882,#1883));
#557=FACE_BOUND('',#558,.T.);
#558=EDGE_LOOP('',(#1884));
#559=PLANE('',#560);
#560=AXIS2_PLACEMENT_3D('',#561,#562,#563);
#561=CARTESIAN_POINT('',(-33.55,3.93235418653618E-15,5.55447726082499));
#562=DIRECTION('',(0.,0.,1.));
#563=DIRECTION('',(1.,-1.22464679914735E-16,0.));
#564=FACE_BOUND('',#565,.T.);
#565=EDGE_LOOP('',(#1885,#1886,#1887,#1888,#1889,#1890));
#566=FACE_BOUND('',#567,.T.);
#567=EDGE_LOOP('',(#1891));
#568=PLANE('',#569);
#569=AXIS2_PLACEMENT_3D('',#570,#571,#572);
#570=CARTESIAN_POINT('',(-33.55,-42.,5.55447726082499));
#571=DIRECTION('',(0.,0.,-1.));
#572=DIRECTION('',(1.,7.66951701058566E-17,0.));
#573=FACE_BOUND('',#574,.T.);
#574=EDGE_LOOP('',(#1892,#1893,#1894,#1895,#1896,#1897,#1898,#1899));
#575=FACE_BOUND('',#576,.T.);
#576=EDGE_LOOP('',(#1900));
#577=FACE_BOUND('',#578,.T.);
#578=EDGE_LOOP('',(#1901));
#579=FACE_BOUND('',#580,.T.);
#580=EDGE_LOOP('',(#1902));
#581=FACE_BOUND('',#582,.T.);
#582=EDGE_LOOP('',(#1903));
#583=PLANE('',#584);
#584=AXIS2_PLACEMENT_3D('',#585,#586,#587);
#585=CARTESIAN_POINT('',(0.,0.,0.));
#586=DIRECTION('',(0.,0.,1.));
#587=DIRECTION('',(-1.,1.22464679914735E-16,0.));
#588=FACE_OUTER_BOUND('',#589,.T.);
#589=EDGE_LOOP('',(#1904));
#590=FACE_OUTER_BOUND('',#591,.T.);
#591=EDGE_LOOP('',(#1905));
#592=CYLINDRICAL_SURFACE('',#593,5.1);
#593=AXIS2_PLACEMENT_3D('',#594,#595,#596);
#594=CARTESIAN_POINT('',(-16.,-42.,6.2));
#595=DIRECTION('',(1.22464679914735E-16,1.,0.));
#596=DIRECTION('',(-1.,1.22464679914735E-16,-1.22464679914735E-16));
#597=FACE_BOUND('',#598,.T.);
#598=EDGE_LOOP('',(#1906,#1907,#1908,#1909,#1910,#1911));
#599=FACE_BOUND('',#600,.T.);
#600=EDGE_LOOP('',(#1912));
#601=PLANE('',#602);
#602=AXIS2_PLACEMENT_3D('',#603,#604,#605);
#603=CARTESIAN_POINT('',(1.55,-42.,5.55447726082499));
#604=DIRECTION('',(0.,0.,1.));
#605=DIRECTION('',(-1.,3.21624529935327E-16,0.));
#606=FACE_BOUND('',#607,.T.);
#607=EDGE_LOOP('',(#1913,#1914,#1915,#1916,#1917,#1918));
#608=FACE_BOUND('',#609,.T.);
#609=EDGE_LOOP('',(#1919));
#610=PLANE('',#611);
#611=AXIS2_PLACEMENT_3D('',#612,#613,#614);
#612=CARTESIAN_POINT('',(1.55000000000001,0.,5.55447726082499));
#613=DIRECTION('',(0.,0.,-1.));
#614=DIRECTION('',(-1.,1.22464679914735E-16,0.));
#615=FACE_BOUND('',#616,.T.);
#616=EDGE_LOOP('',(#1920,#1921,#1922,#1923));
#617=(BOUNDED_SURFACE()B_SPLINE_SURFACE(3,2,(
(#618,#619,#620),
(#621,#622,#623),
(#624,#625,#626),
(#627,#628,#629),
(#630,#631,#632),
(#633,#634,#635),
(#636,#637,#638),
(#639,#640,#641),
(#642,#643,#644),
(#645,#646,#647),
(#648,#649,#650),
(#651,#652,#653),
(#654,#655,#656),
(#657,#658,#659),
(#660,#661,#662),
(#663,#664,#665),
(#666,#667,#668),
(#669,#670,#671),
(#672,#673,#674),
(#675,#676,#677),
(#678,#679,#680),
(#681,#682,#683),
(#684,#685,#686),
(#687,#688,#689),
(#690,#691,#692),
(#693,#694,#695),
(#696,#697,#698),
(#699,#700,#701),
(#702,#703,#704),
(#705,#706,#707),
(#708,#709,#710),
(#711,#712,#713),
(#714,#715,#716),
(#717,#718,#719),
(#720,#721,#722),
(#723,#724,#725),
(#726,#727,#728),
(#729,#730,#731),
(#732,#733,#734),
(#735,#736,#737),
(#738,#739,#740),
(#741,#742,#743),
(#744,#745,#746),
(#747,#748,#749),
(#750,#751,#752),
(#753,#754,#755),
(#756,#757,#758),
(#759,#760,#761),
(#762,#763,#764),
(#765,#766,#767),
(#768,#769,#770),
(#771,#772,#773),
(#774,#775,#776),
(#777,#778,#779),
(#780,#781,#782),
(#783,#784,#785),
(#786,#787,#788),
(#789,#790,#791),
(#792,#793,#794),
(#795,#796,#797),
(#798,#799,#800),
(#801,#802,#803),
(#804,#805,#806),
(#807,#808,#809),
(#810,#811,#812),
(#813,#814,#815),
(#816,#817,#818),
(#819,#820,#821),
(#822,#823,#824),
(#825,#826,#827),
(#828,#829,#830),
(#831,#832,#833),
(#834,#835,#836),
(#837,#838,#839),
(#840,#841,#842),
(#843,#844,#845),
(#846,#847,#848),
(#849,#850,#851),
(#852,#853,#854),
(#855,#856,#857),
(#858,#859,#860),
(#861,#862,#863),
(#864,#865,#866),
(#867,#868,#869),
(#870,#871,#872),
(#873,#874,#875),
(#876,#877,#878),
(#879,#880,#881),
(#882,#883,#884),
(#885,#886,#887),
(#888,#889,#890),
(#891,#892,#893),
(#894,#895,#896),
(#897,#898,#899),
(#900,#901,#902),
(#903,#904,#905),
(#906,#907,#908),
(#909,#910,#911),
(#912,#913,#914),
(#915,#916,#917),
(#918,#919,#920),
(#921,#922,#923),
(#924,#925,#926),
(#927,#928,#929),
(#930,#931,#932),
(#933,#934,#935),
(#936,#937,#938),
(#939,#940,#941),
(#942,#943,#944),
(#945,#946,#947)),
.UNSPECIFIED.,.F.,.F.,.F.)B_SPLINE_SURFACE_WITH_KNOTS((4,1,1,1,1,1,1,1,1,1,1,1,1,
1,1,1,1,1,1,1,1,1,1,1,1,1,1,1,1,1,1,1,1,1,1,1,1,1,1,1,1,1,1,1,1,1,1,1,1,1,1,1,1,
1,1,1,1,1,1,1,1,1,1,1,1,1,1,1,1,1,1,1,1,1,1,1,1,1,1,1,1,1,1,1,1,1,1,1,1,1,1,1,1,
1,1,1,1,1,1,1,1,1,1,1,1,1,1,4),
(3,3),
(5.33733708807182,6.5260371551771,7.05866175964362,7.56376926295755,8.06887676627148,
8.74564347202939,9.35473631953818,9.92971223677059,10.504688154003,11.1014934205713,
11.6646421025986,12.2170033546913,12.7828792103469,13.3744812458417,13.9039510427798,
14.3942450981031,14.838554280545,15.2548682097351,15.6711821389252,16.0457837666462,
16.4228903706031,16.7858608841306,17.1088456374311,17.4143936235627,17.7097930216884,
17.998531098035,18.193871623039,18.3764559920826,18.5469896148949,18.7175232377072,
18.8941768674641,19.0999221073034,19.4368477711223,19.8544565426106,20.2943618104122,
20.6620754021703,21.0234286487998,21.4351573076768,21.8870600192586,22.3589387668996,
22.7747493149098,23.1554328883323,23.5561293744722,24.0270067050872,24.6053975876584,
25.355223440123,26.1797579468537,27.0056956544143,27.7964137035268,28.5910614259571,
29.328230786551,29.9731968244079,30.6100962651706,31.2469957059333,31.9606514316694,
32.6753907442445,33.3848970315016,34.1197486521441,34.8998995881124,35.6821754538046,
36.5271504942076,37.3713016363305,38.2342653064129,38.9718141277882,39.5933872578363,
40.1535607548334,40.6026863356114,40.9462244473851,41.2547850210605,41.5913279030981,
41.9035664668838,42.2213319561807,42.5519408830149,42.8750365006861,43.1816038368438,
43.4610447153617,43.671304934566,43.8800632801927,44.0827087695485,44.2691054215555,
44.411752230462,44.5543990393685,44.70314009177,44.8699112167642,45.0455353252229,
45.2231608419071,45.391778275202,45.5662641944941,45.7695889931933,46.030438747892,
46.3626736769128,46.7701264653946,47.2102395575486,47.703275409704,48.2237100869185,
48.7932858564046,49.4680002063728,50.2158508443236,51.0019520017046,51.7602290510683,
52.51283706453,53.3201777574814,54.1817835871229,54.7112017907594,55.1364028433929,
55.5616038960265,56.0059342287166,56.6621644215462),
(0.,1.),
.UNSPECIFIED.)GEOMETRIC_REPRESENTATION_ITEM()RATIONAL_B_SPLINE_SURFACE((
(1.,0.934620763886242,1.),
(1.,0.941319067721999,1.),
(1.,0.949104268865378,1.),
(1.,0.957461062267303,1.),
(1.,0.962542235643546,1.),
(1.,0.967459952597281,1.),
(1.,0.971972803461287,1.),
(1.,0.976001366621613,1.),
(1.,0.979331077177138,1.),
(1.,0.982232481084421,1.),
(1.,0.984756915027671,1.),
(1.,0.986960699631127,1.),
(1.,0.988886426469225,1.),
(1.,0.990623617411571,1.),
(1.,0.992141724229604,1.),
(1.,0.993419848615176,1.),
(1.,0.994472694875187,1.),
(1.,0.995283725616545,1.),
(1.,0.996141095563239,1.),
(1.,0.996589420561267,1.),
(1.,0.997089909252655,1.),
(1.,0.997474664691806,1.),
(1.,0.997683548054281,1.),
(1.,0.997831966460844,1.),
(1.,0.997844358579422,1.),
(1.,0.997785278276399,1.),
(1.,0.997655655621459,1.),
(1.,0.997495756028384,1.),
(1.,0.997352498048894,1.),
(1.,0.997227611274589,1.),
(1.,0.996961385100947,1.),
(1.,0.996800632463695,1.),
(1.,0.996519593492381,1.),
(1.,0.996063372228362,1.),
(1.,0.9954712214772,1.),
(1.,0.994786937292054,1.),
(1.,0.994081380740949,1.),
(1.,0.99334379706028,1.),
(1.,0.99249793262275,1.),
(1.,0.991507953652746,1.),
(1.,0.990439266472552,1.),
(1.,0.989355533686384,1.),
(1.,0.988270421625794,1.),
(1.,0.987071362062474,1.),
(1.,0.985599941243493,1.),
(1.,0.983644900822207,1.),
(1.,0.981124127029871,1.),
(1.,0.97811901350242,1.),
(1.,0.974956875214672,1.),
(1.,0.97189734053065,1.),
(1.,0.969220109639209,1.),
(1.,0.967163036079653,1.),
(1.,0.965820269474208,1.),
(1.,0.965070541163801,1.),
(1.,0.965022504895944,1.),
(1.,0.965683683759673,1.),
(1.,0.967091852755764,1.),
(1.,0.969118478155236,1.),
(1.,0.971654720602366,1.),
(1.,0.974547109546516,1.),
(1.,0.977664015311915,1.),
(1.,0.980784328683053,1.),
(1.,0.983794045588949,1.),
(1.,0.986410706048219,1.),
(1.,0.988551997584529,1.),
(1.,0.990227038416095,1.),
(1.,0.991528700125541,1.),
(1.,0.992526129441283,1.),
(1.,0.993287066638361,1.),
(1.,0.993934439461128,1.),
(1.,0.994525169551882,1.),
(1.,0.99508409894316,1.),
(1.,0.995603450826763,1.),
(1.,0.996085624049773,1.),
(1.,0.996546964840563,1.),
(1.,0.996866313515464,1.),
(1.,0.997200248744479,1.),
(1.,0.997370157701748,1.),
(1.,0.997564236916345,1.),
(1.,0.997688739100533,1.),
(1.,0.997750767497733,1.),
(1.,0.997810177234463,1.),
(1.,0.997832642662908,1.),
(1.,0.997835879839889,1.),
(1.,0.997823852319237,1.),
(1.,0.99775907578199,1.),
(1.,0.997699895504478,1.),
(1.,0.9975781170548,1.),
(1.,0.997469290442039,1.),
(1.,0.997241986573696,1.),
(1.,0.996957785943887,1.),
(1.,0.99663819770007,1.),
(1.,0.995943991731794,1.),
(1.,0.995223289589145,1.),
(1.,0.994276954978784,1.),
(1.,0.993129371267334,1.),
(1.,0.991675316383717,1.),
(1.,0.98980525369048,1.),
(1.,0.987397602404829,1.),
(1.,0.98445586231747,1.),
(1.,0.980971844348758,1.),
(1.,0.976819144762733,1.),
(1.,0.971623292020609,1.),
(1.,0.96588126567556,1.),
(1.,0.960235386794601,1.),
(1.,0.955437505453395,1.),
(1.,0.95038288909346,1.),
(1.,0.943845975988235,1.),
(1.,0.937770861203631,1.),
(1.,0.934647937990968,1.)))REPRESENTATION_ITEM('')SURFACE());
#618=CARTESIAN_POINT('',(-2.83281224034545,-34.2153925493798,5.55447173299196));
#619=CARTESIAN_POINT('',(-3.04113586456197,-33.9756796066823,5.34392570795924));
#620=CARTESIAN_POINT('',(-3.29609957017982,-33.9930627482095,5.06199899872909));
#621=CARTESIAN_POINT('',(-2.92074707930463,-34.2066125451138,5.61118446397312));
#622=CARTESIAN_POINT('',(-3.12088802440047,-33.98714848581,5.40941246476636));
#623=CARTESIAN_POINT('',(-3.36754029125763,-33.9978350733897,5.14848081806738));
#624=CARTESIAN_POINT('',(-3.03377361619743,-34.1943020595581,5.69157781107909));
#625=CARTESIAN_POINT('',(-3.22512917920214,-33.9979729774294,5.50306215121676));
#626=CARTESIAN_POINT('',(-3.45981167690361,-34.0007759553833,5.26728601848786));
#627=CARTESIAN_POINT('',(-3.17756665214453,-34.1764417914775,5.80709359671888));
#628=CARTESIAN_POINT('',(-3.35696256206104,-34.0050589001469,5.63522948795012));
#629=CARTESIAN_POINT('',(-3.57549885249232,-33.9994086842689,5.42706873523812));
#630=CARTESIAN_POINT('',(-3.27875365997661,-34.1627298566046,5.8940673759865));
#631=CARTESIAN_POINT('',(-3.44551863483383,-34.0071427735654,5.72947885516188));
#632=CARTESIAN_POINT('',(-3.65622032985548,-33.9962858264419,5.54343616738363));
#633=CARTESIAN_POINT('',(-3.38146558364237,-34.1476282177115,5.98832108855963));
#634=CARTESIAN_POINT('',(-3.54003541542207,-34.0067035258981,5.83538949426608));
#635=CARTESIAN_POINT('',(-3.7379662308007,-33.9909398150642,5.6653944345029));
#636=CARTESIAN_POINT('',(-3.48787849767786,-34.1303806488939,6.09195543761357));
#637=CARTESIAN_POINT('',(-3.637513254574,-34.0031049700289,5.95064779765876));
#638=CARTESIAN_POINT('',(-3.82205170219587,-33.9830720117835,5.79561583542302));
#639=CARTESIAN_POINT('',(-3.59321986432697,-34.1116026619443,6.20048118223819));
#640=CARTESIAN_POINT('',(-3.73624385180284,-33.9960855855598,6.07321301916704));
#641=CARTESIAN_POINT('',(-3.90497808043624,-33.9729259675393,5.92824083057169));
#642=CARTESIAN_POINT('',(-3.69575187525917,-34.0914537658929,6.31091784138081));
#643=CARTESIAN_POINT('',(-3.82763347529005,-33.9867875690133,6.19092678112282));
#644=CARTESIAN_POINT('',(-3.98550066958773,-33.9608083051569,6.05998822750548));
#645=CARTESIAN_POINT('',(-3.79415017078105,-34.070259608548,6.42058361420841));
#646=CARTESIAN_POINT('',(-3.91667197822431,-33.9750986458248,6.30895749490232));
#647=CARTESIAN_POINT('',(-4.0628297616846,-33.9470714795481,6.18829812612762));
#648=CARTESIAN_POINT('',(-3.89028681806639,-34.047806821824,6.53107341555086));
#649=CARTESIAN_POINT('',(-4.00399060659912,-33.9609852029628,6.42692819006502));
#650=CARTESIAN_POINT('',(-4.13796852198519,-33.931711209542,6.31538199323521));
#651=CARTESIAN_POINT('',(-3.98474828958411,-34.0237292426907,6.64116427512833));
#652=CARTESIAN_POINT('',(-4.08951472397475,-33.9446264957787,6.54380042238629));
#653=CARTESIAN_POINT('',(-4.21184095257894,-33.9146507336462,6.44005758298738));
#654=CARTESIAN_POINT('',(-4.07881492346625,-33.9976708826144,6.75118506694369));
#655=CARTESIAN_POINT('',(-4.17335984184812,-33.9261632027658,6.65858192042088));
#656=CARTESIAN_POINT('',(-4.28560365888974,-33.8956449929806,6.56307600499997));
#657=CARTESIAN_POINT('',(-4.17265101820526,-33.9696268123465,6.86074856858841));
#658=CARTESIAN_POINT('',(-4.25899839653669,-33.9047524421969,6.7746230163996));
#659=CARTESIAN_POINT('',(-4.35911988554481,-33.8747019143131,6.68427933070526));
#660=CARTESIAN_POINT('',(-4.2663937687778,-33.9393063605971,6.96803471822677));
#661=CARTESIAN_POINT('',(-4.34450326308524,-33.8806762080032,6.8878522759862));
#662=CARTESIAN_POINT('',(-4.43272094186324,-33.8516695071079,6.80176998354536));
#663=CARTESIAN_POINT('',(-4.3572891350585,-33.9076120101349,7.06854774029339));
#664=CARTESIAN_POINT('',(-4.42784874215642,-33.8545412345299,6.99392463408047));
#665=CARTESIAN_POINT('',(-4.50421718487434,-33.8272616357154,6.91089628222988));
#666=CARTESIAN_POINT('',(-4.44444862451741,-33.8750028673598,7.16017588964288));
#667=CARTESIAN_POINT('',(-4.50597399683076,-33.8276505166159,7.08811903746984));
#668=CARTESIAN_POINT('',(-4.57293372294405,-33.8018784467884,7.00965025858836));
#669=CARTESIAN_POINT('',(-4.52786558806287,-33.8416756975474,7.24213357560006));
#670=CARTESIAN_POINT('',(-4.58062238715915,-33.7997089066144,7.17190801973208));
#671=CARTESIAN_POINT('',(-4.63887378586401,-33.7757150152976,7.09741023578155));
#672=CARTESIAN_POINT('',(-4.60888624170863,-33.8072491667993,7.31520152173508));
#673=CARTESIAN_POINT('',(-4.65374023562414,-33.7702010367977,7.24706163860633));
#674=CARTESIAN_POINT('',(-4.70310032477251,-33.7484870247334,7.17520147751212));
#675=CARTESIAN_POINT('',(-4.69007086324663,-33.77060085779,7.38060005451293));
#676=CARTESIAN_POINT('',(-4.72652964000011,-33.7385933347857,7.31362637420991));
#677=CARTESIAN_POINT('',(-4.76766570732385,-33.7193232388036,7.24441439019557));
#678=CARTESIAN_POINT('',(-4.77153421508408,-33.7315563517699,7.43717249971004));
#679=CARTESIAN_POINT('',(-4.80050323013436,-33.7041165204623,7.37166306293642));
#680=CARTESIAN_POINT('',(-4.83268724525093,-33.6880724777065,7.30389314675281));
#681=CARTESIAN_POINT('',(-4.8538217233219,-33.6896737564859,7.48387506253716));
#682=CARTESIAN_POINT('',(-4.87486150283895,-33.6670114072174,7.41927363065657));
#683=CARTESIAN_POINT('',(-4.89863388579057,-33.6543710576695,7.35257713223082));
#684=CARTESIAN_POINT('',(-4.93543500684085,-33.6455866851504,7.5188794331102));
#685=CARTESIAN_POINT('',(-4.94925591318217,-33.627232735251,7.45472025608824));
#686=CARTESIAN_POINT('',(-4.96433352116787,-33.6187018951397,7.38859747062266));
#687=CARTESIAN_POINT('',(-5.01479221559555,-33.6001348978223,7.54126170716863));
#688=CARTESIAN_POINT('',(-5.02103963517624,-33.5862441015382,7.47673960961279));
#689=CARTESIAN_POINT('',(-5.02853041897127,-33.5817365660061,7.41102779358183));
#690=CARTESIAN_POINT('',(-5.09034787036094,-33.5543856765894,7.55153680471541));
#691=CARTESIAN_POINT('',(-5.08871403863214,-33.5451894505285,7.48630808697333));
#692=CARTESIAN_POINT('',(-5.08996208967402,-33.5443413163841,7.42046378700407));
#693=CARTESIAN_POINT('',(-5.15957315136254,-33.5101944194937,7.55112974203925));
#694=CARTESIAN_POINT('',(-5.15331493862187,-33.5036874726242,7.48503298895471));
#695=CARTESIAN_POINT('',(-5.14654835352169,-33.5080422249575,7.41848969092245));
#696=CARTESIAN_POINT('',(-5.22016146276549,-33.4696573187481,7.54321138922855));
#697=CARTESIAN_POINT('',(-5.20830385069951,-33.4663906220654,7.47550502036058));
#698=CARTESIAN_POINT('',(-5.19631886800945,-33.4745758057989,7.40856307033972));
#699=CARTESIAN_POINT('',(-5.27028074204613,-33.4346948292096,7.5310296458081));
#700=CARTESIAN_POINT('',(-5.25379378729738,-33.4341763743654,7.46216433416766));
#701=CARTESIAN_POINT('',(-5.23770335236887,-33.4456253521625,7.39419695824217));
#702=CARTESIAN_POINT('',(-5.31249702853079,-33.4043573300683,7.51776457644669));
#703=CARTESIAN_POINT('',(-5.29009589991212,-33.4076144294424,7.4482693981173));
#704=CARTESIAN_POINT('',(-5.2726661452915,-33.4203668623424,7.3788276370674));
#705=CARTESIAN_POINT('',(-5.34992863431435,-33.3766131668306,7.50291391721335));
#706=CARTESIAN_POINT('',(-5.32372254809462,-33.3822706334171,7.43274318632646));
#707=CARTESIAN_POINT('',(-5.30380534176688,-33.3972406430433,7.36178040603435));
#708=CARTESIAN_POINT('',(-5.38638201372092,-33.3488896293474,7.48625157491463));
#709=CARTESIAN_POINT('',(-5.3560766893715,-33.3571860345584,7.41539722392127));
#710=CARTESIAN_POINT('',(-5.33422936222852,-33.3740448926423,7.34274735962362));
#711=CARTESIAN_POINT('',(-5.42602238411419,-33.3179772862868,7.46594655711584));
#712=CARTESIAN_POINT('',(-5.38949452737686,-33.3305542380905,7.39517750410547));
#713=CARTESIAN_POINT('',(-5.36741206311315,-33.3480708450416,7.31962839123588));
#714=CARTESIAN_POINT('',(-5.47357241237182,-33.2796099687065,7.43763802909142));
#715=CARTESIAN_POINT('',(-5.43168880428731,-33.2959091489248,7.3665916380275));
#716=CARTESIAN_POINT('',(-5.40743361211012,-33.315773200179,7.28743647848179));
#717=CARTESIAN_POINT('',(-5.53213332852914,-33.2305743790038,7.3985924158983));
#718=CARTESIAN_POINT('',(-5.48545333854354,-33.2498969041901,7.32497309909347));
#719=CARTESIAN_POINT('',(-5.45696177176365,-33.2742090441735,7.24306017723836));
#720=CARTESIAN_POINT('',(-5.5972145112279,-33.1732495775092,7.34866659045004));
#721=CARTESIAN_POINT('',(-5.54864332681429,-33.1927574474834,7.26869876828214));
#722=CARTESIAN_POINT('',(-5.51245159317584,-33.2253293723812,7.18618633663889));
#723=CARTESIAN_POINT('',(-5.66263463040599,-33.1125184425089,7.29289590154041));
#724=CARTESIAN_POINT('',(-5.60981427633032,-33.1340247215385,7.20746141289574));
#725=CARTESIAN_POINT('',(-5.56869539905484,-33.1731123002837,7.12236121378981));
#726=CARTESIAN_POINT('',(-5.72375615683468,-33.0526489243793,7.23568797469255));
#727=CARTESIAN_POINT('',(-5.66549493938995,-33.0775383386632,7.14685135118155));
#728=CARTESIAN_POINT('',(-5.62177458851245,-33.1212808188478,7.05649179232321));
#729=CARTESIAN_POINT('',(-5.78301353977128,-32.9920598168904,7.17825571095594));
#730=CARTESIAN_POINT('',(-5.71774629068704,-33.0218613778245,7.08640958148276));
#731=CARTESIAN_POINT('',(-5.67352737513369,-33.0682373253162,6.98986896237001));
#732=CARTESIAN_POINT('',(-5.84197347002527,-32.9283534172813,7.11676928290517));
#733=CARTESIAN_POINT('',(-5.77177618338196,-32.9612487571312,7.02073397051567));
#734=CARTESIAN_POINT('',(-5.72565509154229,-33.0121020406855,6.91801619328321));
#735=CARTESIAN_POINT('',(-5.90167183147762,-32.8602711921845,7.0518418233976));
#736=CARTESIAN_POINT('',(-5.82848413165051,-32.8938656037223,6.9487065843031));
#737=CARTESIAN_POINT('',(-5.77899603366817,-32.9515355162096,6.84129285684388));
#738=CARTESIAN_POINT('',(-5.96018047579425,-32.7899243948913,6.98705097882669));
#739=CARTESIAN_POINT('',(-5.88328396224472,-32.8245499434067,6.8764005537368));
#740=CARTESIAN_POINT('',(-5.83174891147617,-32.8881792197165,6.76367007260831));
#741=CARTESIAN_POINT('',(-6.01514481786047,-32.7203355804641,6.92576875958991));
#742=CARTESIAN_POINT('',(-5.93348032906999,-32.7570680802998,6.80843774277228));
#743=CARTESIAN_POINT('',(-5.88173660835275,-32.8246631418256,6.68925455493424));
#744=CARTESIAN_POINT('',(-6.06647864804745,-32.6512291905413,6.86622106727895));
#745=CARTESIAN_POINT('',(-5.97946381531392,-32.6916966402317,6.74515859424272));
#746=CARTESIAN_POINT('',(-5.92916839753219,-32.7610298524994,6.61606778311572));
#747=CARTESIAN_POINT('',(-6.11904601664895,-32.5768803196775,6.80585661353363));
#748=CARTESIAN_POINT('',(-6.02613939214682,-32.6214828261366,6.68008266213594));
#749=CARTESIAN_POINT('',(-5.978117744057,-32.6916201151979,6.54063117802361));
#750=CARTESIAN_POINT('',(-6.17743191626796,-32.4888822696472,6.73831310862845));
#751=CARTESIAN_POINT('',(-6.0783461284714,-32.5376691090291,6.60652792155668));
#752=CARTESIAN_POINT('',(-6.03322090533653,-32.6083504313887,6.45474613378017));
#753=CARTESIAN_POINT('',(-6.24467496676142,-32.3794455494797,6.6611171156597));
#754=CARTESIAN_POINT('',(-6.14050818732019,-32.4293234852329,6.51833951677819));
#755=CARTESIAN_POINT('',(-6.09761348786919,-32.5029119661491,6.35419531259153));
#756=CARTESIAN_POINT('',(-6.319097120179,-32.2453751988592,6.57684701458754));
#757=CARTESIAN_POINT('',(-6.21044896796512,-32.2930127274322,6.41883698014763));
#758=CARTESIAN_POINT('',(-6.17023759690916,-32.3707509431914,6.24090404775974));
#759=CARTESIAN_POINT('',(-6.39455638076114,-32.0907250386153,6.49362443001114));
#760=CARTESIAN_POINT('',(-6.2817702754529,-32.1319568983614,6.31770834230255));
#761=CARTESIAN_POINT('',(-6.24546821391442,-32.2140081021482,6.12447697331432));
#762=CARTESIAN_POINT('',(-6.46457742271926,-31.9225388887377,6.41903375330245));
#763=CARTESIAN_POINT('',(-6.34609070232368,-31.9583477592519,6.22722665375937));
#764=CARTESIAN_POINT('',(-6.31684415304798,-32.038300500303,6.01536692690093));
#765=CARTESIAN_POINT('',(-6.52421928329604,-31.7489794740553,6.35787559705688));
#766=CARTESIAN_POINT('',(-6.4003212448174,-31.7780319064785,6.1516541807322));
#767=CARTESIAN_POINT('',(-6.37891605899868,-31.8515112241029,5.92180259664224));
#768=CARTESIAN_POINT('',(-6.57118796261136,-31.5758349437468,6.31145554474114));
#769=CARTESIAN_POINT('',(-6.44255729738988,-31.597013871798,6.09331878470645));
#770=CARTESIAN_POINT('',(-6.42867156064417,-31.6601354353644,5.8478290297529));
#771=CARTESIAN_POINT('',(-6.60483943998235,-31.4081499613596,6.27914999796966));
#772=CARTESIAN_POINT('',(-6.47211855010487,-31.421997554966,6.05278312336011));
#773=CARTESIAN_POINT('',(-6.46483131261086,-31.4708006603389,5.79459483039265));
#774=CARTESIAN_POINT('',(-6.62623701753462,-31.2479893716258,6.25908232671328));
#775=CARTESIAN_POINT('',(-6.49054429045507,-31.256454268933,6.02762380747805));
#776=CARTESIAN_POINT('',(-6.48803354318566,-31.2871701448971,5.76074930594283));
#777=CARTESIAN_POINT('',(-6.63715133062473,-31.0913807102057,6.24897930504317));
#778=CARTESIAN_POINT('',(-6.49982677930846,-31.0973579916034,6.01498660602501));
#779=CARTESIAN_POINT('',(-6.49992992732944,-31.1060759188649,5.74350816410916));
#780=CARTESIAN_POINT('',(-6.63805908919724,-30.9327258558333,6.24811516596668));
#781=CARTESIAN_POINT('',(-6.50079961476689,-30.9318371510765,6.01366585768576));
#782=CARTESIAN_POINT('',(-6.5009359235489,-30.9219107288703,5.74197661287231));
#783=CARTESIAN_POINT('',(-6.62812096399319,-30.7687588511158,6.25732607244144));
#784=CARTESIAN_POINT('',(-6.4922628951959,-30.7603351591806,6.02528268687782));
#785=CARTESIAN_POINT('',(-6.4900797967562,-30.7320704580344,5.7577879194079));
#786=CARTESIAN_POINT('',(-6.60661505776735,-30.6020389625548,6.27747009982206));
#787=CARTESIAN_POINT('',(-6.47317498907499,-30.5848985726881,6.05133405630302));
#788=CARTESIAN_POINT('',(-6.46674426222442,-30.540788053804,5.79180115252343));
#789=CARTESIAN_POINT('',(-6.57342553966471,-30.4341528060608,6.3092844187137));
#790=CARTESIAN_POINT('',(-6.44400303788618,-30.4113057237752,6.0913376914013));
#791=CARTESIAN_POINT('',(-6.43106718383868,-30.3510653932397,5.84428977809761));
#792=CARTESIAN_POINT('',(-6.52873761629755,-30.2664545636917,6.35336355880287));
#793=CARTESIAN_POINT('',(-6.40425245230716,-30.2375177173589,6.14621330265866));
#794=CARTESIAN_POINT('',(-6.38368280667403,-30.1654234680439,5.91468236734106));
#795=CARTESIAN_POINT('',(-6.47227086914498,-30.0982508366694,6.4110419743427));
#796=CARTESIAN_POINT('',(-6.35368128703461,-30.0649781643892,6.2166147117922));
#797=CARTESIAN_POINT('',(-6.32479709731129,-29.9838406839752,6.00332213187817));
#798=CARTESIAN_POINT('',(-6.40428039396672,-29.9309251881024,6.48309622949825));
#799=CARTESIAN_POINT('',(-6.29156950856937,-29.892572098908,6.30387578913658));
#800=CARTESIAN_POINT('',(-6.25528653451209,-29.808297059728,6.1093754075814));
#801=CARTESIAN_POINT('',(-6.32514197861228,-29.765579723311,6.56999607896304));
#802=CARTESIAN_POINT('',(-6.21935953167983,-29.7252283612743,6.40615932520709));
#803=CARTESIAN_POINT('',(-6.17615307587329,-29.6400518460919,6.23166073229655));
#804=CARTESIAN_POINT('',(-6.23788910585059,-29.6077647790233,6.6687630916034));
#805=CARTESIAN_POINT('',(-6.13708424057566,-29.56289940665,6.52322195085227));
#806=CARTESIAN_POINT('',(-6.09092626906206,-29.484369582965,6.36463418036237));
#807=CARTESIAN_POINT('',(-6.14703992879297,-29.4630870029458,6.77338881752284));
#808=CARTESIAN_POINT('',(-6.05185679369113,-29.4172321085922,6.64412352899611));
#809=CARTESIAN_POINT('',(-6.00426784978295,-29.3457095553299,6.50001342702917));
#810=CARTESIAN_POINT('',(-6.0588734140465,-29.3370804074247,6.87538226244509));
#811=CARTESIAN_POINT('',(-5.96923149390712,-29.2922190986378,6.75963025510273));
#812=CARTESIAN_POINT('',(-5.92192122965087,-29.2279324854705,6.62769325143833));
#813=CARTESIAN_POINT('',(-5.97749298648152,-29.2309481046325,6.9682268478562));
#814=CARTESIAN_POINT('',(-5.89423360241694,-29.1892616120211,6.86195789865202));
#815=CARTESIAN_POINT('',(-5.84732793705805,-29.1307081415933,6.74108241978984));
#816=CARTESIAN_POINT('',(-5.90490446519883,-29.1433003402734,7.04856904524445));
#817=CARTESIAN_POINT('',(-5.82758215278808,-29.1048921536345,6.9499127642233));
#818=CARTESIAN_POINT('',(-5.78183781879983,-29.0516413544967,6.83735603726306));
#819=CARTESIAN_POINT('',(-5.84229130357193,-29.0719957525823,7.116587629465));
#820=CARTESIAN_POINT('',(-5.76993240562077,-29.0367132532522,7.02297629469903));
#821=CARTESIAN_POINT('',(-5.72591662807747,-28.9882236642106,6.91773341214707));
#822=CARTESIAN_POINT('',(-5.78705630024803,-29.0124795272244,7.17337594897064));
#823=CARTESIAN_POINT('',(-5.72130030005264,-28.9821720139992,7.08205525513714));
#824=CARTESIAN_POINT('',(-5.67717175332512,-28.9356953198636,6.98416253216201));
#825=CARTESIAN_POINT('',(-5.73640561887177,-28.9602019242406,7.22343660347976));
#826=CARTESIAN_POINT('',(-5.67616090955329,-28.9336929986988,7.13472960368774));
#827=CARTESIAN_POINT('',(-5.63281659940445,-28.8899442746135,7.04231426962462));
#828=CARTESIAN_POINT('',(-5.68657371599289,-28.9106737814369,7.27104512250126));
#829=CARTESIAN_POINT('',(-5.63093362048569,-28.8871998086299,7.18475731005619));
#830=CARTESIAN_POINT('',(-5.58942595454199,-28.8469700840788,7.09723839982481));
#831=CARTESIAN_POINT('',(-5.63497125092805,-28.8616596046019,7.31654722806262));
#832=CARTESIAN_POINT('',(-5.58357207577843,-28.8406221935299,7.2339759316713));
#833=CARTESIAN_POINT('',(-5.54490599532761,-28.80463315674,7.14944334860976));
#834=CARTESIAN_POINT('',(-5.58128419066721,-28.8126161737781,7.36112025325477));
#835=CARTESIAN_POINT('',(-5.53472289212328,-28.7946038797749,7.28124930687169));
#836=CARTESIAN_POINT('',(-5.49885034907729,-28.762610145319,7.20037888135123));
#837=CARTESIAN_POINT('',(-5.52519777593289,-28.7635742165715,7.40332302257185));
#838=CARTESIAN_POINT('',(-5.48310897713288,-28.7481711179773,7.32659696173063));
#839=CARTESIAN_POINT('',(-5.45108985771471,-28.7208272903272,7.24843714487262));
#840=CARTESIAN_POINT('',(-5.46727085139993,-28.7151465145489,7.44179787889272));
#841=CARTESIAN_POINT('',(-5.42956884714278,-28.7022274090468,7.3683625771122));
#842=CARTESIAN_POINT('',(-5.40210572923906,-28.6797937689108,7.29216558815525));
#843=CARTESIAN_POINT('',(-5.4100321954907,-28.6692770303155,7.47496346404031));
#844=CARTESIAN_POINT('',(-5.37604134250277,-28.658433048618,7.40421761924684));
#845=CARTESIAN_POINT('',(-5.35398437257193,-28.6411969467138,7.32988063732388));
#846=CARTESIAN_POINT('',(-5.35568173968948,-28.6275681268107,7.50095431244516));
#847=CARTESIAN_POINT('',(-5.32676922969263,-28.6199396330679,7.43162091453636));
#848=CARTESIAN_POINT('',(-5.30857462229846,-28.6062511241833,7.35952233159427));
#849=CARTESIAN_POINT('',(-5.30578367926973,-28.5907251624682,7.52011827632545));
#850=CARTESIAN_POINT('',(-5.28175134869369,-28.5861573354212,7.45191618165966));
#851=CARTESIAN_POINT('',(-5.26710162486589,-28.5755095030594,7.38153231231077));
#852=CARTESIAN_POINT('',(-5.25861150934384,-28.5570490512024,7.53433717387114));
#853=CARTESIAN_POINT('',(-5.24003120826761,-28.5559456062224,7.466717118325));
#854=CARTESIAN_POINT('',(-5.22804471637686,-28.5475373469558,7.3980597824568));
#855=CARTESIAN_POINT('',(-5.21431137432347,-28.5264603657887,7.54385844116239));
#856=CARTESIAN_POINT('',(-5.19882089476956,-28.5271620094269,7.47722145751407));
#857=CARTESIAN_POINT('',(-5.1915191898179,-28.5222214874853,7.40939219072429));
#858=CARTESIAN_POINT('',(-5.17278296359371,-28.498710028048,7.54908902128664));
#859=CARTESIAN_POINT('',(-5.16121655426094,-28.501802288331,7.48310502309077));
#860=CARTESIAN_POINT('',(-5.15741258622297,-28.4993023038991,7.41598046971314));
#861=CARTESIAN_POINT('',(-5.13472494464531,-28.4739437610296,7.55129669575513));
#862=CARTESIAN_POINT('',(-5.12721762916875,-28.4795604356573,7.4854913241687));
#863=CARTESIAN_POINT('',(-5.12623428154724,-28.4789340536081,7.41922158438061));
#864=CARTESIAN_POINT('',(-5.09839358014219,-28.4509414800782,7.55064903399749));
#865=CARTESIAN_POINT('',(-5.09575094837764,-28.4595180715588,7.48532711626216));
#866=CARTESIAN_POINT('',(-5.09656694385337,-28.4600449306679,7.41932657753534));
#867=CARTESIAN_POINT('',(-5.06114501271223,-28.4279357967401,7.54755573210675));
#868=CARTESIAN_POINT('',(-5.06222199077361,-28.4387429745081,7.48254850933709));
#869=CARTESIAN_POINT('',(-5.06621801087377,-28.4412095627647,7.4168053723069));
#870=CARTESIAN_POINT('',(-5.02166788495151,-28.4042336322035,7.5412688525683));
#871=CARTESIAN_POINT('',(-5.02634350156243,-28.4171725612837,7.47656548955673));
#872=CARTESIAN_POINT('',(-5.03414644268686,-28.4218445110919,7.41088013663872));
#873=CARTESIAN_POINT('',(-4.98069706867873,-28.3803233277102,7.5317196377442));
#874=CARTESIAN_POINT('',(-4.98856827971545,-28.3951943918131,7.46687488909763));
#875=CARTESIAN_POINT('',(-5.00094741692489,-28.4023737852311,7.40147590847497));
#876=CARTESIAN_POINT('',(-4.93929237314431,-28.356903914733,7.51866621944647));
#877=CARTESIAN_POINT('',(-4.95102576447437,-28.3740766561661,7.45386899614606));
#878=CARTESIAN_POINT('',(-4.96748768655557,-28.3833301565347,7.38826780509279));
#879=CARTESIAN_POINT('',(-4.89800404280628,-28.334179686998,7.50291597405228));
#880=CARTESIAN_POINT('',(-4.914285581161,-28.3540823375306,7.43799287313849));
#881=CARTESIAN_POINT('',(-4.93419997744822,-28.3649389213424,7.37218850566889));
#882=CARTESIAN_POINT('',(-4.85446128538061,-28.3109758300453,7.48277007619359));
#883=CARTESIAN_POINT('',(-4.87643453706881,-28.3341316101318,7.41864064666244));
#884=CARTESIAN_POINT('',(-4.89918448072683,-28.3461652307025,7.3513549657103));
#885=CARTESIAN_POINT('',(-4.80516743749364,-28.2854956020107,7.45657152500439));
#886=CARTESIAN_POINT('',(-4.83324221733739,-28.3121661704627,7.39287134114255));
#887=CARTESIAN_POINT('',(-4.85963350711336,-28.3256492184582,7.32413294028201));
#888=CARTESIAN_POINT('',(-4.74655912623947,-28.2563870353014,7.42016466605598));
#889=CARTESIAN_POINT('',(-4.78111978634654,-28.286768149206,7.3568023063425));
#890=CARTESIAN_POINT('',(-4.81274427039541,-28.3022638096745,7.28602047120204));
#891=CARTESIAN_POINT('',(-4.67766174386595,-28.2237151405618,7.37091793381997));
#892=CARTESIAN_POINT('',(-4.71814130368832,-28.2576983957803,7.30621548811675));
#893=CARTESIAN_POINT('',(-4.75778902511702,-28.2761460795741,7.23418103018244));
#894=CARTESIAN_POINT('',(-4.59995589507676,-28.1888537807166,7.30748469510074));
#895=CARTESIAN_POINT('',(-4.64743171688988,-28.2271587463152,7.24090184724539));
#896=CARTESIAN_POINT('',(-4.69601264318731,-28.2484152302362,7.16700118644609));
#897=CARTESIAN_POINT('',(-4.51617370123969,-28.1534787131204,7.23119690189823));
#898=CARTESIAN_POINT('',(-4.57076566597743,-28.1964115566311,7.16146131377821));
#899=CARTESIAN_POINT('',(-4.62961484687332,-28.2204689024311,7.08574566857531));
#900=CARTESIAN_POINT('',(-4.4276381751922,-28.118487752137,7.14307136193913));
#901=CARTESIAN_POINT('',(-4.4910883018711,-28.1669957247865,7.0707506318083));
#902=CARTESIAN_POINT('',(-4.55966285392105,-28.1930348365796,6.99128195970388));
#903=CARTESIAN_POINT('',(-4.33402963373683,-28.0839980235099,7.04338386539925));
#904=CARTESIAN_POINT('',(-4.40745129189025,-28.1387815699655,6.96852706519813));
#905=CARTESIAN_POINT('',(-4.48589900802996,-28.1662455914512,6.88368298832967));
#906=CARTESIAN_POINT('',(-4.23262538203325,-28.0493994184227,6.92985372545538));
#907=CARTESIAN_POINT('',(-4.31658044474638,-28.1110657422565,6.8514401175129));
#908=CARTESIAN_POINT('',(-4.40618980752572,-28.1396927517375,6.76012481019981));
#909=CARTESIAN_POINT('',(-4.12178886603386,-28.014698441756,6.80166174628272));
#910=CARTESIAN_POINT('',(-4.21625771433809,-28.0839908041335,6.7171154124569));
#911=CARTESIAN_POINT('',(-4.31923681422295,-28.1135066686307,6.61918794171743));
#912=CARTESIAN_POINT('',(-4.00234339124853,-27.9807744204375,6.66148543187498));
#913=CARTESIAN_POINT('',(-4.10611685582498,-28.0584684010492,6.56661964940488));
#914=CARTESIAN_POINT('',(-4.22571283682954,-28.0885249626428,6.46305501778551));
#915=CARTESIAN_POINT('',(-3.8770866763816,-27.9487330852109,6.51555720505127));
#916=CARTESIAN_POINT('',(-3.99169956268253,-28.0365407143928,6.40998798413472));
#917=CARTESIAN_POINT('',(-4.12755451747304,-28.065781469638,6.29786722481767));
#918=CARTESIAN_POINT('',(-3.7485830636676,-27.919449270106,6.36900037034813));
#919=CARTESIAN_POINT('',(-3.87556417578016,-28.0188752320645,6.25376296811404));
#920=CARTESIAN_POINT('',(-4.02698540267528,-28.0460474537697,6.12851673829591));
#921=CARTESIAN_POINT('',(-3.61539447071398,-27.8923778731459,6.22337085707191));
#922=CARTESIAN_POINT('',(-3.756290275305,-28.0053588142125,6.09819332089921));
#923=CARTESIAN_POINT('',(-3.92245261214331,-28.0292370727748,5.95614739138813));
#924=CARTESIAN_POINT('',(-3.48041557461626,-27.8681728521496,6.08387418394352));
#925=CARTESIAN_POINT('',(-3.62796057114606,-27.9959940485241,5.93837104554148));
#926=CARTESIAN_POINT('',(-3.81619935987969,-28.0160514587389,5.78598623709905));
#927=CARTESIAN_POINT('',(-3.35134080784817,-27.8476985129057,5.95967898676806));
#928=CARTESIAN_POINT('',(-3.50737123437708,-27.9925301671585,5.79756961835333));
#929=CARTESIAN_POINT('',(-3.71410180576273,-28.0071140188235,5.62896427605189));
#930=CARTESIAN_POINT('',(-3.23985843582513,-27.8318617742199,5.85994144267608));
#931=CARTESIAN_POINT('',(-3.40442161026978,-27.9935569571548,5.6852005753751));
#932=CARTESIAN_POINT('',(-3.62526371560237,-28.002256767913,5.49825162722214));
#933=CARTESIAN_POINT('',(-3.1450817596909,-27.8194568684333,5.78063405724251));
#934=CARTESIAN_POINT('',(-3.32456899556956,-27.9965169480121,5.60239517894677));
#935=CARTESIAN_POINT('',(-3.54938880999541,-28.0001431615171,5.39070855582298));
#936=CARTESIAN_POINT('',(-3.05946926350029,-27.8090458449602,5.7130729912855));
#937=CARTESIAN_POINT('',(-3.2475558700252,-28.0012892867807,5.52659459131809));
#938=CARTESIAN_POINT('',(-3.48037065880437,-27.9998031031294,5.29641957211357));
#939=CARTESIAN_POINT('',(-2.95725714796223,-27.7973327510026,5.63742998854276));
#940=CARTESIAN_POINT('',(-3.15411565862341,-28.0094870035903,5.43905161351861));
#941=CARTESIAN_POINT('',(-3.3974291938772,-28.001286274,5.1870416679052));
#942=CARTESIAN_POINT('',(-2.88072754239474,-27.7893651513852,5.58525792290496));
#943=CARTESIAN_POINT('',(-3.08244178122589,-28.0183618284707,5.37922771380936));
#944=CARTESIAN_POINT('',(-3.33469330076658,-28.0043048027718,5.10895821920791));
#945=CARTESIAN_POINT('',(-2.83281222545822,-27.7846074346459,5.55447174619604));
#946=CARTESIAN_POINT('',(-3.04130064488733,-28.0242977367042,5.34403715660223));
#947=CARTESIAN_POINT('',(-3.29630430618898,-28.0069233113195,5.06225787715037));
#948=FACE_BOUND('',#949,.T.);
#949=EDGE_LOOP('',(#1924,#1925,#1926,#1927));
#950=(BOUNDED_SURFACE()B_SPLINE_SURFACE(3,2,(
(#951,#952,#953),
(#954,#955,#956),
(#957,#958,#959),
(#960,#961,#962),
(#963,#964,#965),
(#966,#967,#968),
(#969,#970,#971),
(#972,#973,#974),
(#975,#976,#977),
(#978,#979,#980),
(#981,#982,#983),
(#984,#985,#986),
(#987,#988,#989),
(#990,#991,#992),
(#993,#994,#995),
(#996,#997,#998),
(#999,#1000,#1001),
(#1002,#1003,#1004),
(#1005,#1006,#1007),
(#1008,#1009,#1010),
(#1011,#1012,#1013),
(#1014,#1015,#1016),
(#1017,#1018,#1019),
(#1020,#1021,#1022),
(#1023,#1024,#1025),
(#1026,#1027,#1028),
(#1029,#1030,#1031),
(#1032,#1033,#1034),
(#1035,#1036,#1037),
(#1038,#1039,#1040),
(#1041,#1042,#1043),
(#1044,#1045,#1046),
(#1047,#1048,#1049),
(#1050,#1051,#1052),
(#1053,#1054,#1055),
(#1056,#1057,#1058),
(#1059,#1060,#1061),
(#1062,#1063,#1064),
(#1065,#1066,#1067),
(#1068,#1069,#1070),
(#1071,#1072,#1073),
(#1074,#1075,#1076),
(#1077,#1078,#1079),
(#1080,#1081,#1082),
(#1083,#1084,#1085),
(#1086,#1087,#1088),
(#1089,#1090,#1091),
(#1092,#1093,#1094),
(#1095,#1096,#1097),
(#1098,#1099,#1100),
(#1101,#1102,#1103),
(#1104,#1105,#1106),
(#1107,#1108,#1109),
(#1110,#1111,#1112),
(#1113,#1114,#1115),
(#1116,#1117,#1118),
(#1119,#1120,#1121),
(#1122,#1123,#1124),
(#1125,#1126,#1127),
(#1128,#1129,#1130),
(#1131,#1132,#1133),
(#1134,#1135,#1136),
(#1137,#1138,#1139),
(#1140,#1141,#1142),
(#1143,#1144,#1145),
(#1146,#1147,#1148),
(#1149,#1150,#1151),
(#1152,#1153,#1154),
(#1155,#1156,#1157),
(#1158,#1159,#1160),
(#1161,#1162,#1163),
(#1164,#1165,#1166),
(#1167,#1168,#1169),
(#1170,#1171,#1172),
(#1173,#1174,#1175),
(#1176,#1177,#1178),
(#1179,#1180,#1181),
(#1182,#1183,#1184),
(#1185,#1186,#1187),
(#1188,#1189,#1190),
(#1191,#1192,#1193),
(#1194,#1195,#1196),
(#1197,#1198,#1199),
(#1200,#1201,#1202),
(#1203,#1204,#1205),
(#1206,#1207,#1208),
(#1209,#1210,#1211),
(#1212,#1213,#1214),
(#1215,#1216,#1217),
(#1218,#1219,#1220),
(#1221,#1222,#1223),
(#1224,#1225,#1226),
(#1227,#1228,#1229),
(#1230,#1231,#1232),
(#1233,#1234,#1235),
(#1236,#1237,#1238),
(#1239,#1240,#1241),
(#1242,#1243,#1244),
(#1245,#1246,#1247),
(#1248,#1249,#1250),
(#1251,#1252,#1253),
(#1254,#1255,#1256),
(#1257,#1258,#1259),
(#1260,#1261,#1262),
(#1263,#1264,#1265),
(#1266,#1267,#1268),
(#1269,#1270,#1271),
(#1272,#1273,#1274),
(#1275,#1276,#1277),
(#1278,#1279,#1280)),
.UNSPECIFIED.,.F.,.F.,.F.)B_SPLINE_SURFACE_WITH_KNOTS((4,1,1,1,1,1,1,1,1,1,1,1,1,
1,1,1,1,1,1,1,1,1,1,1,1,1,1,1,1,1,1,1,1,1,1,1,1,1,1,1,1,1,1,1,1,1,1,1,1,1,1,1,1,
1,1,1,1,1,1,1,1,1,1,1,1,1,1,1,1,1,1,1,1,1,1,1,1,1,1,1,1,1,1,1,1,1,1,1,1,1,1,1,1,
1,1,1,1,1,1,1,1,1,1,1,1,1,1,4),
(3,3),
(5.42344819998202,6.62611886566098,7.16406279945336,7.67323913014501,8.18241546083665,
8.88296680551379,9.50301952583679,10.0886928984834,10.6743662711299,11.2823246923237,
11.8554364804577,12.4178295499075,12.9936591230322,13.593898848155,14.1236768276809,
14.6232195140146,15.0697215623601,15.4879708640582,15.9062201657563,16.2976910855582,
16.6709844148647,16.9914329919315,17.2894437424747,17.587454493018,17.8893441947608,
18.1684540145992,18.3969223154289,18.5897326640922,18.7576935517992,18.9201701285332,
19.0826467052672,19.2640087191535,19.5019300622172,19.8101814759255,20.1879226564842,
20.5879558545424,21.0194985346409,21.4476445534412,21.7861368280852,22.1439152307626,
22.5209797614734,22.9540115254553,23.4860151839036,24.0589216741878,24.6706946959834,
25.3423531841609,26.0969189386393,26.9297513235593,27.7796366509971,28.6280459405943,
29.4048052353866,30.1067439182894,30.7940697766468,31.490852465634,32.194295225136,
32.916762548104,33.6452604552084,34.3858537407508,35.1772126985252,35.9856286093202,
36.8266022315168,37.7245487496628,38.5607668639179,39.2788188954309,39.7030908199065,
40.0279147805554,40.3438893665307,40.659863952506,41.0274630405563,41.3950479071437,
41.7488764421998,42.0126169771976,42.2659167619477,42.5178548738318,42.7697929857159,
43.0311287207991,43.3133436907024,43.6248422251559,43.9110940987219,44.189237826703,
44.4121463630203,44.6024900538934,44.7699843927593,44.9208782462812,45.0717720998031,
45.2403886312844,45.4266509714023,45.6371437396514,45.8485742748772,46.0682282769304,
46.2843940081165,46.5393628316079,46.8615271608259,47.2496310698263,47.691013362008,
48.1415987806814,48.6403113053178,49.1783920095051,49.8077354263874,50.5640087099352,
51.3909306257236,52.3117243754173,53.2148596098071,54.0719645937533,54.8264945623843,
55.5858966719393,56.2976048010545,57.5758504782598),
(0.,1.),
.UNSPECIFIED.)GEOMETRIC_REPRESENTATION_ITEM()RATIONAL_B_SPLINE_SURFACE((
(1.,0.934617727609223,1.),
(1.,0.941286736287796,1.),
(1.,0.949044343940318,1.),
(1.,0.957368039451503,1.),
(1.,0.962425467551457,1.),
(1.,0.967373806171685,1.),
(1.,0.971922071006222,1.),
(1.,0.975986334121936,1.),
(1.,0.979324775514135,1.),
(1.,0.982233841924004,1.),
(1.,0.984763129472649,1.),
(1.,0.986970417328144,1.),
(1.,0.988897980555953,1.),
(1.,0.990635044956571,1.),
(1.,0.992143316691826,1.),
(1.,0.993419535563634,1.),
(1.,0.994451854513873,1.),
(1.,0.995301651858972,1.),
(1.,0.996006975984194,1.),
(1.,0.996600006416048,1.),
(1.,0.997069862215503,1.),
(1.,0.997423353682624,1.),
(1.,0.997650394709857,1.),
(1.,0.997805743493672,1.),
(1.,0.997845948967843,1.),
(1.,0.997817225464913,1.),
(1.,0.997709325610745,1.),
(1.,0.997588087421607,1.),
(1.,0.997402836210177,1.),
(1.,0.997295494205783,1.),
(1.,0.997122444324719,1.),
(1.,0.996952560188412,1.),
(1.,0.996728065700321,1.),
(1.,0.996403164637835,1.),
(1.,0.996089450757889,1.),
(1.,0.995414558668735,1.),
(1.,0.994794443212008,1.),
(1.,0.994033992222198,1.),
(1.,0.993268178926572,1.),
(1.,0.992497870618511,1.),
(1.,0.991720243643939,1.),
(1.,0.99082301237562,1.),
(1.,0.989726336983316,1.),
(1.,0.988378185420731,1.),
(1.,0.986753928800206,1.),
(1.,0.984850194559225,1.),
(1.,0.982594221285911,1.),
(1.,0.979910763303553,1.),
(1.,0.976848915219416,1.),
(1.,0.973622429628851,1.),
(1.,0.970630883410365,1.),
(1.,0.968181088823161,1.),
(1.,0.966453498241681,1.),
(1.,0.965261228819574,1.),
(1.,0.965003937462612,1.),
(1.,0.965303742811352,1.),
(1.,0.966471279450188,1.),
(1.,0.968269492570653,1.),
(1.,0.970659173720197,1.),
(1.,0.97348289488314,1.),
(1.,0.976584785289617,1.),
(1.,0.979793335075176,1.),
(1.,0.982858490153775,1.),
(1.,0.985529137306101,1.),
(1.,0.987482279645364,1.),
(1.,0.988822067491834,1.),
(1.,0.989744798850345,1.),
(1.,0.990535719702287,1.),
(1.,0.99132352109764,1.),
(1.,0.992108880726957,1.),
(1.,0.992875479274533,1.),
(1.,0.993528909975984,1.),
(1.,0.994077291407494,1.),
(1.,0.994539550714577,1.),
(1.,0.994974053834131,1.),
(1.,0.995388695454134,1.),
(1.,0.995802934866372,1.),
(1.,0.996186947376911,1.),
(1.,0.996674971830882,1.),
(1.,0.996900415867527,1.),
(1.,0.997234844097689,1.),
(1.,0.997420545421279,1.),
(1.,0.997567095698207,1.),
(1.,0.997669940268429,1.),
(1.,0.997746603101611,1.),
(1.,0.997790803873714,1.),
(1.,0.997831145565608,1.),
(1.,0.997840380926764,1.),
(1.,0.997805636329754,1.),
(1.,0.997739441855219,1.),
(1.,0.997635049898257,1.),
(1.,0.997449446143149,1.),
(1.,0.997218380771979,1.),
(1.,0.996852306474701,1.),
(1.,0.996377658151008,1.),
(1.,0.9957174678916,1.),
(1.,0.994907687128458,1.),
(1.,0.993926555289837,1.),
(1.,0.992685044298138,1.),
(1.,0.991059616688251,1.),
(1.,0.988902088648549,1.),
(1.,0.986022871432286,1.),
(1.,0.982367022648278,1.),
(1.,0.977866318081281,1.),
(1.,0.972707596410987,1.),
(1.,0.966837210055734,1.),
(1.,0.960248747893427,1.),
(1.,0.950562764655733,1.),
(1.,0.941437567128277,1.),
(1.,0.93464793653786,1.)))REPRESENTATION_ITEM('')SURFACE());
#951=CARTESIAN_POINT('',(-2.83281223873441,-7.78460744846608,5.55447173508921));
#952=CARTESIAN_POINT('',(-3.04111818714699,-8.02432303204003,5.34391675892056));
#953=CARTESIAN_POINT('',(-3.29608034017448,-8.00693856188406,5.06197548333976));
#954=CARTESIAN_POINT('',(-2.92031418370294,-7.79334335047513,5.61090244374223));
#955=CARTESIAN_POINT('',(-3.12051358468018,-8.0129077651281,5.40910940523458));
#956=CARTESIAN_POINT('',(-3.36718362814298,-8.00218699111501,5.14805274470503));
#957=CARTESIAN_POINT('',(-3.03284043241495,-7.80559529967124,5.6909024109257));
#958=CARTESIAN_POINT('',(-3.22430984850506,-8.00210611741015,5.50231362857579));
#959=CARTESIAN_POINT('',(-3.45905138630561,-7.9992436721808,5.26629846987637));
#960=CARTESIAN_POINT('',(-3.17587151464714,-7.82334077683619,5.80569773460257));
#961=CARTESIAN_POINT('',(-3.35544689061046,-7.99500618844879,5.63367627266049));
#962=CARTESIAN_POINT('',(-3.5741408587998,-8.00056195014927,5.42516060048428));
#963=CARTESIAN_POINT('',(-3.27677114132513,-7.83699304603727,5.89230444352102));
#964=CARTESIAN_POINT('',(-3.4434044491511,-7.99288356913849,5.7271809941185));
#965=CARTESIAN_POINT('',(-3.65463477181662,-8.00363280354348,5.54112051078912));
#966=CARTESIAN_POINT('',(-3.37959937982662,-7.85208029837633,5.98654961960529));
#967=CARTESIAN_POINT('',(-3.538241525323,-7.99324954946559,5.83330478543412));
#968=CARTESIAN_POINT('',(-3.73649115731672,-8.00893941586495,5.66313840689983));
#969=CARTESIAN_POINT('',(-3.48664576682872,-7.86940593654269,6.09070498476919));
#970=CARTESIAN_POINT('',(-3.6362968882519,-7.99681680832807,5.94915000861985));
#971=CARTESIAN_POINT('',(-3.82107925763219,-8.01681728282867,5.7940767455553));
#972=CARTESIAN_POINT('',(-3.59256718318281,-7.88827301302631,6.19978073229005));
#973=CARTESIAN_POINT('',(-3.73584491622916,-8.00387782733698,6.07270545609628));
#974=CARTESIAN_POINT('',(-3.90446835787771,-8.0270005473508,5.92740053790524));
#975=CARTESIAN_POINT('',(-3.69554897736839,-7.90850126622404,6.31069817092942));
#976=CARTESIAN_POINT('',(-3.82744503192807,-8.01318860408975,6.19067786676498));
#977=CARTESIAN_POINT('',(-3.98533714116476,-8.03916321117281,6.05973128995207));
#978=CARTESIAN_POINT('',(-3.79417855470742,-7.92974607063123,6.42061072330709));
#979=CARTESIAN_POINT('',(-3.9167052864963,-8.02490387065231,6.30899973273632));
#980=CARTESIAN_POINT('',(-4.06285322467183,-8.05293136052529,6.18833049455309));
#981=CARTESIAN_POINT('',(-3.89052623985843,-7.95225039892861,6.53134899292752));
#982=CARTESIAN_POINT('',(-4.00421135073675,-8.03905191529779,6.4272287886472));
#983=CARTESIAN_POINT('',(-4.13815646350465,-8.06832834380973,6.31569777877321));
#984=CARTESIAN_POINT('',(-3.98516992295813,-7.97638118197024,6.64165873447024));
#985=CARTESIAN_POINT('',(-4.08990789529103,-8.05545301651967,6.54433823657098));
#986=CARTESIAN_POINT('',(-4.21217091004465,-8.08542864519821,6.44061529292633));
#987=CARTESIAN_POINT('',(-4.07937265330445,-8.00248881595537,6.75183843234995));
#988=CARTESIAN_POINT('',(-4.17389217766425,-8.07396052140359,6.65930917629463));
#989=CARTESIAN_POINT('',(-4.28604063830127,-8.10447278807834,6.56380290773147));
#990=CARTESIAN_POINT('',(-4.17313333054425,-8.03052479771793,6.86130598228171));
#991=CARTESIAN_POINT('',(-4.25958772477288,-8.09540430597827,6.7754142021857));
#992=CARTESIAN_POINT('',(-4.35949836040367,-8.12541256865087,6.68489174609431));
#993=CARTESIAN_POINT('',(-4.26660645097832,-8.06076853224709,6.96827015968881));
#994=CARTESIAN_POINT('',(-4.34468860155459,-8.11938561863364,6.88808474040718));
#995=CARTESIAN_POINT('',(-4.43288814496784,-8.1483884211519,6.80202532654779));
#996=CARTESIAN_POINT('',(-4.35698387871051,-8.09228316508439,7.06820426355618));
#997=CARTESIAN_POINT('',(-4.42764427184833,-8.14539797022734,6.99365333110032));
#998=CARTESIAN_POINT('',(-4.50397744902763,-8.17265741043992,6.91052255122172));
#999=CARTESIAN_POINT('',(-4.44356782629562,-8.12466164506905,7.15926577986111));
#1000=CARTESIAN_POINT('',(-4.50511191465131,-8.17204215769937,7.08711107853298));
#1001=CARTESIAN_POINT('',(-4.57223865845465,-8.19786021635607,7.00867171945046));
#1002=CARTESIAN_POINT('',(-4.52624675866834,-8.15766414074762,7.24058205586164));
#1003=CARTESIAN_POINT('',(-4.57927847594196,-8.19977863563836,7.17042297868081));
#1004=CARTESIAN_POINT('',(-4.63759307792136,-8.22376513269158,7.09575189170175));
#1005=CARTESIAN_POINT('',(-4.60676169094845,-8.19182717632144,7.31335458605372));
#1006=CARTESIAN_POINT('',(-4.65152169730704,-8.22887777768279,7.24487760507292));
#1007=CARTESIAN_POINT('',(-4.70141432279374,-8.25077992927072,7.17323908632423));
#1008=CARTESIAN_POINT('',(-4.68740962915472,-8.22816499158638,7.3785829284337));
#1009=CARTESIAN_POINT('',(-4.72420292650378,-8.26035158362944,7.31168894744439));
#1010=CARTESIAN_POINT('',(-4.76554610295967,-8.2796918484522,7.24228527064816));
#1011=CARTESIAN_POINT('',(-4.76755849174319,-8.26651177381347,7.43449931214555));
#1012=CARTESIAN_POINT('',(-4.79778720074724,-8.29457592449616,7.3697117381256));
#1013=CARTESIAN_POINT('',(-4.82951170820473,-8.31037132959363,7.30107917612267));
#1014=CARTESIAN_POINT('',(-4.8462287782474,-8.30640666584399,7.4798094971041));
#1015=CARTESIAN_POINT('',(-4.86893991169205,-8.33000335568565,7.41561789547812));
#1016=CARTESIAN_POINT('',(-4.89254252809368,-8.34247248901653,7.34835112854978));
#1017=CARTESIAN_POINT('',(-4.92174763723618,-8.34691822659333,7.51345786864991));
#1018=CARTESIAN_POINT('',(-4.9369420911331,-8.36610212161162,7.44922943917169));
#1019=CARTESIAN_POINT('',(-4.95330302561953,-8.37522413371951,7.38303950092967));
#1020=CARTESIAN_POINT('',(-4.99495623139496,-8.3883278758091,7.5364609142516));
#1021=CARTESIAN_POINT('',(-5.00189005183037,-8.4026370577112,7.47172842856157));
#1022=CARTESIAN_POINT('',(-5.01246152749971,-8.40886716939926,7.40627697832706));
#1023=CARTESIAN_POINT('',(-5.06628578395936,-8.4308193621382,7.54924739889636));
#1024=CARTESIAN_POINT('',(-5.06651377043482,-8.44109994020442,7.48428297712435));
#1025=CARTESIAN_POINT('',(-5.07037018513651,-8.44354578833758,7.41852037641279));
#1026=CARTESIAN_POINT('',(-5.13459539210002,-8.47363086446741,7.55224103401081));
#1027=CARTESIAN_POINT('',(-5.12965949584017,-8.48086836146314,7.48658556612769));
#1028=CARTESIAN_POINT('',(-5.12610079294791,-8.47865361378205,7.42024724858994));
#1029=CARTESIAN_POINT('',(-5.19636357083163,-8.51423632197555,7.54703309494955));
#1030=CARTESIAN_POINT('',(-5.18657791973874,-8.5186935878273,7.48001308583794));
#1031=CARTESIAN_POINT('',(-5.176746837264,-8.51210680631092,7.41323412846279));
#1032=CARTESIAN_POINT('',(-5.24897385458885,-8.55030202705607,7.53673020609876));
#1033=CARTESIAN_POINT('',(-5.2342954084717,-8.55187253973518,7.46844295829144));
#1034=CARTESIAN_POINT('',(-5.22009044952382,-8.5419399542286,7.40087524200068));
#1035=CARTESIAN_POINT('',(-5.29293662756332,-8.58147177181357,7.5243382310299));
#1036=CARTESIAN_POINT('',(-5.2732077346449,-8.57993505202952,7.45507188995137));
#1037=CARTESIAN_POINT('',(-5.2564475453261,-8.56783109201098,7.38642088903099));
#1038=CARTESIAN_POINT('',(-5.33071801850297,-8.60909849762097,7.51061695428923));
#1039=CARTESIAN_POINT('',(-5.30677788627038,-8.60488036979483,7.44084736234119));
#1040=CARTESIAN_POINT('',(-5.28782449955746,-8.59082359147983,7.37061149824478));
#1041=CARTESIAN_POINT('',(-5.36555822491584,-8.63517918599098,7.49611628709387));
#1042=CARTESIAN_POINT('',(-5.33754722947761,-8.62837833284876,7.42555821289562));
#1043=CARTESIAN_POINT('',(-5.31683243286333,-8.61262948787948,7.35400884141664));
#1044=CARTESIAN_POINT('',(-5.40065307959287,-8.66213356545379,7.4793037099646));
#1045=CARTESIAN_POINT('',(-5.36821541359863,-8.65241166309976,7.40829118377462));
#1046=CARTESIAN_POINT('',(-5.34615526616408,-8.63521876781143,7.33483319926314));
#1047=CARTESIAN_POINT('',(-5.43969384187372,-8.69297404824505,7.45794300248186));
#1048=CARTESIAN_POINT('',(-5.4025531774711,-8.68005071969099,7.38668021095558));
#1049=CARTESIAN_POINT('',(-5.37891345585905,-8.66112078606137,7.3105206677154));
#1050=CARTESIAN_POINT('',(-5.48602871511091,-8.73065466881494,7.4298544310064));
#1051=CARTESIAN_POINT('',(-5.44392008066419,-8.71443144577113,7.35744917799725));
#1052=CARTESIAN_POINT('',(-5.41793485654436,-8.69293491939048,7.2785970993212));
#1053=CARTESIAN_POINT('',(-5.54029854918932,-8.77657118023661,7.39233614958007));
#1054=CARTESIAN_POINT('',(-5.49427912449221,-8.75801133855364,7.31725475453009));
#1055=CARTESIAN_POINT('',(-5.46392138903925,-8.73186168930911,7.23593513627284));
#1056=CARTESIAN_POINT('',(-5.60105169148056,-8.83029502671235,7.34542396994199));
#1057=CARTESIAN_POINT('',(-5.55055452858758,-8.80914663131905,7.26665290379089));
#1058=CARTESIAN_POINT('',(-5.51574734359779,-8.77771568118168,7.18247519148816));
#1059=CARTESIAN_POINT('',(-5.66466443996857,-8.88945048999716,7.29087876440862));
#1060=CARTESIAN_POINT('',(-5.61006778032312,-8.86620347178757,7.20727575476795));
#1061=CARTESIAN_POINT('',(-5.57046992380692,-8.82856202147704,7.12005177028802));
#1062=CARTESIAN_POINT('',(-5.72735293707864,-8.95077929407847,7.23286758958438));
#1063=CARTESIAN_POINT('',(-5.66913140768962,-8.92609886661808,7.14295183434084));
#1064=CARTESIAN_POINT('',(-5.62484084531586,-8.88175172773976,7.0532254004798));
#1065=CARTESIAN_POINT('',(-5.78575557706626,-9.010971579002,7.17500737390061));
#1066=CARTESIAN_POINT('',(-5.72279669521568,-8.98369799408112,7.08038645241747));
#1067=CARTESIAN_POINT('',(-5.67599561907609,-8.93439440070649,6.986117347887));
#1068=CARTESIAN_POINT('',(-5.83887680554393,-9.06851051007721,7.11945658945232));
#1069=CARTESIAN_POINT('',(-5.7714138235015,-9.03855405873038,7.02106143339602));
#1070=CARTESIAN_POINT('',(-5.72298534451446,-8.98509682157284,6.92112895327971));
#1071=CARTESIAN_POINT('',(-5.88997661010953,-9.12633105333379,7.06449859555501));
#1072=CARTESIAN_POINT('',(-5.81645298166638,-9.09176300598419,6.96404711489117));
#1073=CARTESIAN_POINT('',(-5.76854100092812,-9.03650499107923,6.85621425426332));
#1074=CARTESIAN_POINT('',(-5.94331236652882,-9.18916637219506,7.00686815217407));
#1075=CARTESIAN_POINT('',(-5.86404809252753,-9.1508003399175,6.90191740776107));
#1076=CARTESIAN_POINT('',(-5.81635121325738,-9.09302933672709,6.78741060348082));
#1077=CARTESIAN_POINT('',(-6.00077413993914,-9.26107369016387,6.94148472185692));
#1078=CARTESIAN_POINT('',(-5.91708160036975,-9.22024848369345,6.83089767755339));
#1079=CARTESIAN_POINT('',(-5.86865467051776,-9.15821838695762,6.70853744350716));
#1080=CARTESIAN_POINT('',(-6.06406001106394,-9.34491752850805,6.86928322863336));
#1081=CARTESIAN_POINT('',(-5.97567259589235,-9.30220675543209,6.75056233980427));
#1082=CARTESIAN_POINT('',(-5.92683196579391,-9.23533096366983,6.61995254928961));
#1083=CARTESIAN_POINT('',(-6.13142214279522,-9.44082028938747,6.79142397176021));
#1084=CARTESIAN_POINT('',(-6.03838147757878,-9.39705456017383,6.66294273204591));
#1085=CARTESIAN_POINT('',(-5.98969122222692,-9.32490451997266,6.5225901788462));
#1086=CARTESIAN_POINT('',(-6.20231888770785,-9.5501921051785,6.70969351134909));
#1087=CARTESIAN_POINT('',(-6.10332207327717,-9.50434335807074,6.57117427332016));
#1088=CARTESIAN_POINT('',(-6.05688526352054,-9.42899397193487,6.41785975147657));
#1089=CARTESIAN_POINT('',(-6.27586167734637,-9.67489893322199,6.62557572352447));
#1090=CARTESIAN_POINT('',(-6.17081168959375,-9.6277786463388,6.47522216969031));
#1091=CARTESIAN_POINT('',(-6.12787217374214,-9.55025038099521,6.30691094401217));
#1092=CARTESIAN_POINT('',(-6.35100526345801,-9.81746152947638,6.54137033181862));
#1093=CARTESIAN_POINT('',(-6.24048845023231,-9.77196224055535,6.37617790696675));
#1094=CARTESIAN_POINT('',(-6.20185161874883,-9.69240744939831,6.19185001219332));
#1095=CARTESIAN_POINT('',(-6.42466264233579,-9.97799468654064,6.46119897684929));
#1096=CARTESIAN_POINT('',(-6.30879343146821,-9.9368688431698,6.27959013846922));
#1097=CARTESIAN_POINT('',(-6.27596335854513,-9.85712452882092,6.07766898565973));
#1098=CARTESIAN_POINT('',(-6.49148098392012,-10.1509821031587,6.39113217577289));
#1099=CARTESIAN_POINT('',(-6.37069567770434,-10.117826589072,6.19284001713155));
#1100=CARTESIAN_POINT('',(-6.34468587461221,-10.0401278543886,5.97321630351924));
#1101=CARTESIAN_POINT('',(-6.54679668422612,-10.328301906997,6.33535165180388));
#1102=CARTESIAN_POINT('',(-6.42090379472902,-10.3034547998677,6.12316504145259));
#1103=CARTESIAN_POINT('',(-6.40273020634732,-10.2332983029652,5.88627304963499));
#1104=CARTESIAN_POINT('',(-6.58837504638132,-10.5023824014403,6.29484148415994));
#1105=CARTESIAN_POINT('',(-6.4576705302654,-10.4847484267963,6.07256619539916));
#1106=CARTESIAN_POINT('',(-6.44708742139402,-10.4277369915757,5.82063950863614));
#1107=CARTESIAN_POINT('',(-6.61675846567428,-10.6704434333147,6.26792898246652));
#1108=CARTESIAN_POINT('',(-6.48223618254756,-10.6578684308237,6.0389567811821));
#1109=CARTESIAN_POINT('',(-6.47772802404001,-10.6189897346791,5.77577457227782));
#1110=CARTESIAN_POINT('',(-6.63342789831665,-10.8349113914098,6.25239330858007));
#1111=CARTESIAN_POINT('',(-6.49667159040404,-10.8273405860771,6.01928033882711));
#1112=CARTESIAN_POINT('',(-6.49587577788003,-10.8085557494266,5.74932104145081));
#1113=CARTESIAN_POINT('',(-6.63907827685554,-10.9992609428105,6.24720657635089));
#1114=CARTESIAN_POINT('',(-6.50162610456253,-10.9982427881636,6.01253883351495));
#1115=CARTESIAN_POINT('',(-6.50203627681834,-10.9991450323747,5.74045733681798));
#1116=CARTESIAN_POINT('',(-6.63349940595082,-11.1654096542157,6.25233406350685));
#1117=CARTESIAN_POINT('',(-6.49680155146588,-11.172081381462,6.01910251151309));
#1118=CARTESIAN_POINT('',(-6.49595015594814,-11.1918264314139,5.74923060315626));
#1119=CARTESIAN_POINT('',(-6.61635102579385,-11.3331243668822,6.26830066928528));
#1120=CARTESIAN_POINT('',(-6.48181808025787,-11.3470417711899,6.03952612284563));
#1121=CARTESIAN_POINT('',(-6.47728813714474,-11.385110341293,5.77639437167926));
#1122=CARTESIAN_POINT('',(-6.58747203132857,-11.5018363779678,6.29571614208151));
#1123=CARTESIAN_POINT('',(-6.4564599827904,-11.5220560026901,6.07422643841673));
#1124=CARTESIAN_POINT('',(-6.44611460443635,-11.5770172217338,5.82209177913306));
#1125=CARTESIAN_POINT('',(-6.54671019982167,-11.6713581620712,6.33545507329672));
#1126=CARTESIAN_POINT('',(-6.42034597369779,-11.6979010337346,6.12394488608993));
#1127=CARTESIAN_POINT('',(-6.40265136728678,-11.7662575489702,5.88639047006821));
#1128=CARTESIAN_POINT('',(-6.49378819674496,-11.8418457257848,6.38880412310585));
#1129=CARTESIAN_POINT('',(-6.37303902268235,-11.873660044036,6.18958768275717));
#1130=CARTESIAN_POINT('',(-6.34710329149216,-11.9520841976825,5.96959937650527));
#1131=CARTESIAN_POINT('',(-6.42867807620769,-12.0125025557915,6.45691682820646));
#1132=CARTESIAN_POINT('',(-6.31412347075359,-12.0486979958674,6.27209593286078));
#1133=CARTESIAN_POINT('',(-6.28005282313254,-12.1329727877581,6.07141334638209));
#1134=CARTESIAN_POINT('',(-6.35218186244282,-12.1808093688194,6.53996903985495));
#1135=CARTESIAN_POINT('',(-6.24364866728219,-12.2218034600787,6.37166987544996));
#1136=CARTESIAN_POINT('',(-6.20297845341278,-12.305990218693,6.19004667461737));
#1137=CARTESIAN_POINT('',(-6.2674624553142,-12.3409896009443,6.63503303405191));
#1138=CARTESIAN_POINT('',(-6.16422348451145,-12.3862387781047,6.48459973552774));
#1139=CARTESIAN_POINT('',(-6.1195961245299,-12.4655685519701,6.31982442552953));
#1140=CARTESIAN_POINT('',(-6.18259619330957,-12.4817803257445,6.73231167271435));
#1141=CARTESIAN_POINT('',(-6.08188926160864,-12.5331605243872,6.60161476842547));
#1142=CARTESIAN_POINT('',(-6.03801320559422,-12.6017848704402,6.44730561927938));
#1143=CARTESIAN_POINT('',(-6.10691505980897,-12.5949395905217,6.81987879072288));
#1144=CARTESIAN_POINT('',(-6.01120273410967,-12.645018266432,6.70109305131908));
#1145=CARTESIAN_POINT('',(-5.96669856283039,-12.7086619427662,6.5584118098164));
#1146=CARTESIAN_POINT('',(-6.04634698445481,-12.6787070802326,6.88937453346047));
#1147=CARTESIAN_POINT('',(-5.95650400658534,-12.7247316237707,6.77688309673112));
#1148=CARTESIAN_POINT('',(-5.91054335788813,-12.7864565577472,6.64467453266385));
#1149=CARTESIAN_POINT('',(-5.99818141731325,-12.7419615996666,6.94465386776929));
#1150=CARTESIAN_POINT('',(-5.91566151732411,-12.7811999167807,6.83262649668176));
#1151=CARTESIAN_POINT('',(-5.86629616876173,-12.844441497712,6.71225375015746));
#1152=CARTESIAN_POINT('',(-5.95535667014222,-12.7958357855968,6.99320224083409));
#1153=CARTESIAN_POINT('',(-5.87808649728439,-12.830936120348,6.88318321930408));
#1154=CARTESIAN_POINT('',(-5.82730087262012,-12.8933847488572,6.77093706578309));
#1155=CARTESIAN_POINT('',(-5.91104108109206,-12.8489508951781,7.04132573281323));
#1156=CARTESIAN_POINT('',(-5.83787900067622,-12.8819366820059,6.93623920998975));
#1157=CARTESIAN_POINT('',(-5.78745769601816,-12.9413597571536,6.82865072536158));
#1158=CARTESIAN_POINT('',(-5.86415009000813,-12.9032283506669,7.09259068896219));
#1159=CARTESIAN_POINT('',(-5.79445730532517,-12.9345589620986,6.99213029637732));
#1160=CARTESIAN_POINT('',(-5.74546274603655,-12.9898029543803,6.88951129452048));
#1161=CARTESIAN_POINT('',(-5.8161865402013,-12.956453933498,7.14389217313691));
#1162=CARTESIAN_POINT('',(-5.74807840615036,-12.9880879249093,7.04976542213228));
#1163=CARTESIAN_POINT('',(-5.70282935460931,-13.0368794053866,6.94981774407938));
#1164=CARTESIAN_POINT('',(-5.76945272470765,-13.0061160334551,7.19198521129603));
#1165=CARTESIAN_POINT('',(-5.70478039373402,-13.0357708813861,7.10152998535516));
#1166=CARTESIAN_POINT('',(-5.66163406952112,-13.080485057865,7.00586708584639));
#1167=CARTESIAN_POINT('',(-5.72627539842104,-13.0501751631577,7.23426553386853));
#1168=CARTESIAN_POINT('',(-5.66525482233719,-13.0775518327198,7.14671076089157));
#1169=CARTESIAN_POINT('',(-5.6238830497051,-13.11895817743,7.05481716104421));
#1170=CARTESIAN_POINT('',(-5.68529396482414,-13.0904222315351,7.27196891999381));
#1171=CARTESIAN_POINT('',(-5.62944944524454,-13.1141505783872,7.18616854858713));
#1172=CARTESIAN_POINT('',(-5.58834337298809,-13.1539706719256,7.09826496380298));
#1173=CARTESIAN_POINT('',(-5.64484195841884,-13.1288767849695,7.30735598183371));
#1174=CARTESIAN_POINT('',(-5.59304466662967,-13.1501072335248,7.22425278858549));
#1175=CARTESIAN_POINT('',(-5.55346695944325,-13.1872454064204,7.13891157800621));
#1176=CARTESIAN_POINT('',(-5.60318468181622,-13.1674876323826,7.34308905670746));
#1177=CARTESIAN_POINT('',(-5.55509976233366,-13.1863164702911,7.26174116553816));
#1178=CARTESIAN_POINT('',(-5.5176259810963,-13.2203612563294,7.17979864692812));
#1179=CARTESIAN_POINT('',(-5.55811705934554,-13.2078024673147,7.3789055584891));
#1180=CARTESIAN_POINT('',(-5.5143877867786,-13.2238357012716,7.29946121447797));
#1181=CARTESIAN_POINT('',(-5.47909521739171,-13.2548028846727,7.22063778939845));
#1182=CARTESIAN_POINT('',(-5.50886169643248,-13.2502193885317,7.41447942111712));
#1183=CARTESIAN_POINT('',(-5.46891331624234,-13.2641628880414,7.33808047055299));
#1184=CARTESIAN_POINT('',(-5.43725695458448,-13.2908803960743,7.2611201661972));
#1185=CARTESIAN_POINT('',(-5.45581068089214,-13.2941686758905,7.44883020259201));
#1186=CARTESIAN_POINT('',(-5.41996142368646,-13.3057368624012,7.3750584081046));
#1187=CARTESIAN_POINT('',(-5.39244861058038,-13.3280499260075,7.30016060703545));
#1188=CARTESIAN_POINT('',(-5.40160091945204,-13.3372768055053,7.47921813717722));
#1189=CARTESIAN_POINT('',(-5.36890236401324,-13.347229144219,7.40847331794844));
#1190=CARTESIAN_POINT('',(-5.3469308550047,-13.3643106715807,7.3347232509431));
#1191=CARTESIAN_POINT('',(-5.34892772589392,-13.3774775500403,7.50369915181248));
#1192=CARTESIAN_POINT('',(-5.32068532149958,-13.3847177202362,7.43469288696207));
#1193=CARTESIAN_POINT('',(-5.30295614186391,-13.3979754331183,7.36266501523746));
#1194=CARTESIAN_POINT('',(-5.30079547784784,-13.4129214123688,7.52204432542385));
#1195=CARTESIAN_POINT('',(-5.27651230581551,-13.4176864112101,7.45395957856471));
#1196=CARTESIAN_POINT('',(-5.26294727940614,-13.4274964655025,7.38375473358037));
#1197=CARTESIAN_POINT('',(-5.25775055414281,-13.4434865526956,7.5342394101466));
#1198=CARTESIAN_POINT('',(-5.23820149758516,-13.4453080613389,7.46709576646785));
#1199=CARTESIAN_POINT('',(-5.22735301818646,-13.4529171280091,7.3979655484876));
#1200=CARTESIAN_POINT('',(-5.21883858091702,-13.4704015524272,7.54280494629301));
#1201=CARTESIAN_POINT('',(-5.20353403635757,-13.4695383498652,7.4759877157766));
#1202=CARTESIAN_POINT('',(-5.19525411777166,-13.4751906969671,7.40814149849024));
#1203=CARTESIAN_POINT('',(-5.18201650579188,-13.4951848436241,7.54823011974002));
#1204=CARTESIAN_POINT('',(-5.17105696024708,-13.4916056330822,7.48174726090917));
#1205=CARTESIAN_POINT('',(-5.16498235529524,-13.4956474727839,7.4148504288103));
#1206=CARTESIAN_POINT('',(-5.14468161195995,-13.5196334448728,7.55091866139265));
#1207=CARTESIAN_POINT('',(-5.13798492534538,-13.5134759239897,7.48508501425517));
#1208=CARTESIAN_POINT('',(-5.13438845903509,-13.5157977282477,7.41858871901279));
#1209=CARTESIAN_POINT('',(-5.10413349982078,-13.5455124809363,7.55114629514161));
#1210=CARTESIAN_POINT('',(-5.10181240760553,-13.5367050065978,7.48573017223412));
#1211=CARTESIAN_POINT('',(-5.10123840831952,-13.5370445579922,7.41973667609927));
#1212=CARTESIAN_POINT('',(-5.05980543794078,-13.5729232106114,7.54756957063153));
#1213=CARTESIAN_POINT('',(-5.06121631886256,-13.5619265394332,7.48267803106081));
#1214=CARTESIAN_POINT('',(-5.06512518898511,-13.5595000838339,7.41685016054175));
#1215=CARTESIAN_POINT('',(-5.01174671091431,-13.6016765769959,7.53949514017397));
#1216=CARTESIAN_POINT('',(-5.017434852872,-13.5881308555366,7.47483932222045));
#1217=CARTESIAN_POINT('',(-5.02609163923326,-13.5829768263617,7.40918428088523));
#1218=CARTESIAN_POINT('',(-4.9619887942363,-13.6304096112599,7.52651929915081));
#1219=CARTESIAN_POINT('',(-4.97172580078084,-13.6144220479918,7.46170361705752));
#1220=CARTESIAN_POINT('',(-4.9858107145492,-13.6063574069153,7.39626922786756));
#1221=CARTESIAN_POINT('',(-4.9108238017802,-13.6588881771506,7.50834255939768));
#1222=CARTESIAN_POINT('',(-4.92630395309057,-13.6395098246225,7.44380624326539));
#1223=CARTESIAN_POINT('',(-4.94452079629162,-13.6294680147409,7.3777528670577));
#1224=CARTESIAN_POINT('',(-4.85712249386186,-13.6877062133096,7.4844714146461));
#1225=CARTESIAN_POINT('',(-4.8790357181471,-13.6645778362407,7.42033779667028));
#1226=CARTESIAN_POINT('',(-4.90131208353852,-13.6527663129817,7.35314479285438));
#1227=CARTESIAN_POINT('',(-4.79728513633595,-13.7185453426581,7.45219635750419));
#1228=CARTESIAN_POINT('',(-4.82633719855829,-13.6913390938304,7.38872357206983));
#1229=CARTESIAN_POINT('',(-4.85331389285401,-13.6776156691903,7.31956655279012));
#1230=CARTESIAN_POINT('',(-4.72891592941768,-13.7521893721199,7.40841572203414));
#1231=CARTESIAN_POINT('',(-4.76466288497074,-13.7210545892406,7.34454320172467));
#1232=CARTESIAN_POINT('',(-4.79864945663293,-13.7046092994268,7.27368905730049));
#1233=CARTESIAN_POINT('',(-4.65271495245654,-13.787725525651,7.35149995300173));
#1234=CARTESIAN_POINT('',(-4.69447099208432,-13.7528001535082,7.28543119858111));
#1235=CARTESIAN_POINT('',(-4.73793127538841,-13.7329746242423,7.21366374760028));
#1236=CARTESIAN_POINT('',(-4.57108452553699,-13.823589130551,7.28204364911216));
#1237=CARTESIAN_POINT('',(-4.62032782708415,-13.7839806723104,7.21372947229723));
#1238=CARTESIAN_POINT('',(-4.67310969448767,-13.7614396651261,7.13995447796142));
#1239=CARTESIAN_POINT('',(-4.48603568178993,-13.8586828033772,7.20191054850037));
#1240=CARTESIAN_POINT('',(-4.54321876764822,-13.8140173983055,7.13085333616231));
#1241=CARTESIAN_POINT('',(-4.60578215010414,-13.7890941989408,7.05441512795345));
#1242=CARTESIAN_POINT('',(-4.39691666687774,-13.8930830190905,7.11088460168493));
#1243=CARTESIAN_POINT('',(-4.46411498320437,-13.8423823437813,7.03844603082276));
#1244=CARTESIAN_POINT('',(-4.53544165935819,-13.8159944986757,6.95660672302471));
#1245=CARTESIAN_POINT('',(-4.30025561877052,-13.9278496624643,7.00611929482889));
#1246=CARTESIAN_POINT('',(-4.37816608998045,-13.8704960298157,6.93141187329816));
#1247=CARTESIAN_POINT('',(-4.45933344630368,-13.8428920557837,6.84325122393601));
#1248=CARTESIAN_POINT('',(-4.19283663086166,-13.9634610383453,6.8842319546445));
#1249=CARTESIAN_POINT('',(-4.28156785835513,-13.8988495959158,6.80508693585609));
#1250=CARTESIAN_POINT('',(-4.37495429205295,-13.8700801951215,6.71016700985249));
#1251=CARTESIAN_POINT('',(-4.07200178528181,-13.9999539867227,6.74337561739165));
#1252=CARTESIAN_POINT('',(-4.17245443193205,-13.9267643908765,6.65751180188093));
#1253=CARTESIAN_POINT('',(-4.28023462211549,-13.8973862243471,6.55460065535639));
#1254=CARTESIAN_POINT('',(-3.93869686006242,-14.0360990901639,6.58703694928105));
#1255=CARTESIAN_POINT('',(-4.0496791581361,-13.9530993055435,6.48915874625079));
#1256=CARTESIAN_POINT('',(-4.17581427221921,-13.9236101721435,6.37928831830177));
#1257=CARTESIAN_POINT('',(-3.79617081598938,-14.0702558951385,6.42243702944321));
#1258=CARTESIAN_POINT('',(-3.91880091050286,-13.9753697646554,6.31121488628505));
#1259=CARTESIAN_POINT('',(-4.064244198921,-13.9472305493766,6.19087756237051));
#1260=CARTESIAN_POINT('',(-3.6509319739871,-14.1008059521511,6.26125030200739));
#1261=CARTESIAN_POINT('',(-3.78388801639301,-13.9921381629964,6.13334280981851));
#1262=CARTESIAN_POINT('',(-3.95040725403188,-13.9667540742872,6.00160316435528));
#1263=CARTESIAN_POINT('',(-3.50682800669794,-14.127364680006,6.11036178784414));
#1264=CARTESIAN_POINT('',(-3.65335650316032,-14.0025185093565,5.96938476445252));
#1265=CARTESIAN_POINT('',(-3.83702397147749,-13.9817155668123,5.81879212018994));
#1266=CARTESIAN_POINT('',(-3.36720804634486,-14.1499750699454,5.97413070177748));
#1267=CARTESIAN_POINT('',(-3.52619890135429,-14.0072796008082,5.81889618513305));
#1268=CARTESIAN_POINT('',(-3.72669378638654,-13.9920896422549,5.64776520834815));
#1269=CARTESIAN_POINT('',(-3.23126686375997,-14.1694814163344,5.85182396601827));
#1270=CARTESIAN_POINT('',(-3.40287356651846,-14.0068806578999,5.68259367188974));
#1271=CARTESIAN_POINT('',(-3.61848321307598,-13.9982944127075,5.48783349076712));
#1272=CARTESIAN_POINT('',(-3.05895339660734,-14.1914985917854,5.70976603172193));
#1273=CARTESIAN_POINT('',(-3.24477999112222,-13.999913440145,5.52090268434441));
#1274=CARTESIAN_POINT('',(-3.48037463385126,-14.0012992206811,5.2939778541406));
#1275=CARTESIAN_POINT('',(-2.9246290246102,-14.2063503408531,5.61361734530621));
#1276=CARTESIAN_POINT('',(-3.12228223028078,-13.9874564074344,5.4104482955876));
#1277=CARTESIAN_POINT('',(-3.37057928695496,-13.9981373551694,5.15200084903205));
#1278=CARTESIAN_POINT('',(-2.8328122249052,-14.215392565404,5.55447174583283));
#1279=CARTESIAN_POINT('',(-3.0413004389636,-13.9757022410702,5.34403691127397));
#1280=CARTESIAN_POINT('',(-3.29630445534669,-13.9930766988316,5.06225806036032));
#1281=FACE_OUTER_BOUND('',#1282,.T.);
#1282=EDGE_LOOP('',(#1928));
#1283=FACE_OUTER_BOUND('',#1284,.T.);
#1284=EDGE_LOOP('',(#1929));
#1285=CYLINDRICAL_SURFACE('',#1286,1.3);
#1286=AXIS2_PLACEMENT_3D('',#1287,#1288,#1289);
#1287=CARTESIAN_POINT('',(-7.,-8.,6.2));
#1288=DIRECTION('',(1.22464679914735E-16,1.,0.));
#1289=DIRECTION('',(-1.,1.22464679914735E-16,-1.22464679914735E-16));
#1290=FACE_OUTER_BOUND('',#1291,.T.);
#1291=EDGE_LOOP('',(#1930));
#1292=FACE_OUTER_BOUND('',#1293,.T.);
#1293=EDGE_LOOP('',(#1931));
#1294=CYLINDRICAL_SURFACE('',#1295,1.3);
#1295=AXIS2_PLACEMENT_3D('',#1296,#1297,#1298);
#1296=CARTESIAN_POINT('',(-25.,-8.,6.2));
#1297=DIRECTION('',(1.22464679914735E-16,1.,0.));
#1298=DIRECTION('',(-1.,1.22464679914735E-16,-1.22464679914735E-16));
#1299=FACE_BOUND('',#1300,.T.);
#1300=EDGE_LOOP('',(#1932,#1933,#1934,#1935));
#1301=(BOUNDED_SURFACE()B_SPLINE_SURFACE(3,2,(
(#1302,#1303,#1304),
(#1305,#1306,#1307),
(#1308,#1309,#1310),
(#1311,#1312,#1313),
(#1314,#1315,#1316),
(#1317,#1318,#1319),
(#1320,#1321,#1322),
(#1323,#1324,#1325),
(#1326,#1327,#1328),
(#1329,#1330,#1331),
(#1332,#1333,#1334),
(#1335,#1336,#1337),
(#1338,#1339,#1340),
(#1341,#1342,#1343),
(#1344,#1345,#1346),
(#1347,#1348,#1349),
(#1350,#1351,#1352),
(#1353,#1354,#1355),
(#1356,#1357,#1358),
(#1359,#1360,#1361),
(#1362,#1363,#1364),
(#1365,#1366,#1367),
(#1368,#1369,#1370),
(#1371,#1372,#1373),
(#1374,#1375,#1376),
(#1377,#1378,#1379),
(#1380,#1381,#1382),
(#1383,#1384,#1385),
(#1386,#1387,#1388),
(#1389,#1390,#1391),
(#1392,#1393,#1394),
(#1395,#1396,#1397),
(#1398,#1399,#1400),
(#1401,#1402,#1403),
(#1404,#1405,#1406),
(#1407,#1408,#1409),
(#1410,#1411,#1412),
(#1413,#1414,#1415),
(#1416,#1417,#1418),
(#1419,#1420,#1421),
(#1422,#1423,#1424),
(#1425,#1426,#1427),
(#1428,#1429,#1430),
(#1431,#1432,#1433),
(#1434,#1435,#1436),
(#1437,#1438,#1439),
(#1440,#1441,#1442),
(#1443,#1444,#1445),
(#1446,#1447,#1448),
(#1449,#1450,#1451),
(#1452,#1453,#1454),
(#1455,#1456,#1457),
(#1458,#1459,#1460),
(#1461,#1462,#1463),
(#1464,#1465,#1466),
(#1467,#1468,#1469),
(#1470,#1471,#1472),
(#1473,#1474,#1475),
(#1476,#1477,#1478),
(#1479,#1480,#1481),
(#1482,#1483,#1484),
(#1485,#1486,#1487),
(#1488,#1489,#1490),
(#1491,#1492,#1493),
(#1494,#1495,#1496),
(#1497,#1498,#1499),
(#1500,#1501,#1502),
(#1503,#1504,#1505),
(#1506,#1507,#1508),
(#1509,#1510,#1511),
(#1512,#1513,#1514),
(#1515,#1516,#1517),
(#1518,#1519,#1520),
(#1521,#1522,#1523),
(#1524,#1525,#1526),
(#1527,#1528,#1529),
(#1530,#1531,#1532),
(#1533,#1534,#1535),
(#1536,#1537,#1538),
(#1539,#1540,#1541),
(#1542,#1543,#1544),
(#1545,#1546,#1547),
(#1548,#1549,#1550),
(#1551,#1552,#1553),
(#1554,#1555,#1556),
(#1557,#1558,#1559),
(#1560,#1561,#1562),
(#1563,#1564,#1565),
(#1566,#1567,#1568),
(#1569,#1570,#1571),
(#1572,#1573,#1574),
(#1575,#1576,#1577),
(#1578,#1579,#1580),
(#1581,#1582,#1583),
(#1584,#1585,#1586),
(#1587,#1588,#1589),
(#1590,#1591,#1592),
(#1593,#1594,#1595),
(#1596,#1597,#1598),
(#1599,#1600,#1601),
(#1602,#1603,#1604),
(#1605,#1606,#1607),
(#1608,#1609,#1610),
(#1611,#1612,#1613),
(#1614,#1615,#1616),
(#1617,#1618,#1619),
(#1620,#1621,#1622),
(#1623,#1624,#1625),
(#1626,#1627,#1628),
(#1629,#1630,#1631)),
.UNSPECIFIED.,.F.,.F.,.F.)B_SPLINE_SURFACE_WITH_KNOTS((4,1,1,1,1,1,1,1,1,1,1,1,1,
1,1,1,1,1,1,1,1,1,1,1,1,1,1,1,1,1,1,1,1,1,1,1,1,1,1,1,1,1,1,1,1,1,1,1,1,1,1,1,1,
1,1,1,1,1,1,1,1,1,1,1,1,1,1,1,1,1,1,1,1,1,1,1,1,1,1,1,1,1,1,1,1,1,1,1,1,1,1,1,1,
1,1,1,1,1,1,1,1,1,1,1,1,1,1,4),
(3,3),
(5.33733708807164,6.52603715517755,7.05866175964448,7.56376926295912,8.06887676627376,
8.74564347198332,9.35473631949806,9.9297122367436,10.5046881539891,11.1014934205562,
11.6646421025292,12.2170033546008,12.7828792102445,13.3744812457249,13.9039510426946,
14.39424509762,14.8385542801418,15.2548682093988,15.6711821386558,16.0457837663943,
16.4228903703592,16.7858608838577,17.1088456372321,17.4143936233696,17.7097930215065,
17.9985310978633,18.1938716243479,18.3764559933927,18.546989616193,18.7175232389932,
18.8941768687304,19.0999221085411,19.4368477722734,19.8544565437796,20.2943618115639,
20.6620754032721,21.02342864982,21.4351573087781,21.8870600203869,22.3589387681927,
22.7747493162716,23.1554328895207,23.556129375505,24.0270067059476,24.6053975882793,
25.3552234406275,26.1797579472478,27.0056956547433,27.7964137038256,28.5910614262536,
29.3282307843704,29.9731968228563,30.6100962640162,31.2469957051762,31.9606514310267,
32.6753907436076,33.3848970308478,34.1197486514583,34.8998995874305,35.6821754531259,
36.5271504935707,37.371301635698,38.2342653057152,38.9718141265682,39.5933872563699,
40.1535607528319,40.6026863334712,40.9462244451272,41.254785018676,41.5913279001253,
41.9035664634447,42.2213319523459,42.5519408788504,42.875036496268,43.1816038319692,
43.4610447103833,43.6713049288819,43.8800632749135,44.0827087643983,44.2691054165527,
44.4117522254449,44.5543990343371,44.7031400867819,44.8699112118779,45.0455353204647,
45.2231608372861,45.3917782706671,45.5662641899709,45.7695889886222,46.0304387432242,
46.3626736722523,46.7701264609128,47.2102395530665,47.7032754052154,48.2237100824625,
48.7932858519639,49.468000202078,50.2158508399749,51.0019519974089,51.760229046611,
52.5128370598692,53.3201777530547,54.1817835827189,54.711201789485,55.1364028421164,
55.5616038947477,56.0059342274355,56.6621644215461),
(0.,1.),
.UNSPECIFIED.)GEOMETRIC_REPRESENTATION_ITEM()RATIONAL_B_SPLINE_SURFACE((
(1.,0.934620763886242,1.),
(1.,0.941319067722002,1.),
(1.,0.949104268865387,1.),
(1.,0.957461062267314,1.),
(1.,0.962542235643563,1.),
(1.,0.967459952597157,1.),
(1.,0.971972803461085,1.),
(1.,0.976001366621388,1.),
(1.,0.979331077176998,1.),
(1.,0.982232481084336,1.),
(1.,0.984756915027531,1.),
(1.,0.98696069963091,1.),
(1.,0.98888642646894,1.),
(1.,0.990623617411272,1.),
(1.,0.992141724229358,1.),
(1.,0.993419848614609,1.),
(1.,0.994472694874634,1.),
(1.,0.995283725615418,1.),
(1.,0.996141095564123,1.),
(1.,0.996589420556178,1.),
(1.,0.997089909267023,1.),
(1.,0.997474664636661,1.),
(1.,0.997683548241281,1.),
(1.,0.997831965860532,1.),
(1.,0.997844360664048,1.),
(1.,0.997785270839388,1.),
(1.,0.997655679020441,1.),
(1.,0.997495700921876,1.),
(1.,0.997352685852121,1.),
(1.,0.997226959698473,1.),
(1.,0.996963859870488,1.),
(1.,0.996790353973644,1.),
(1.,0.996485380083282,1.),
(1.,0.996077231105582,1.),
(1.,0.995466913591414,1.),
(1.,0.994787904088936,1.),
(1.,0.99408114723527,1.),
(1.,0.993343868669813,1.),
(1.,0.99249791021169,1.),
(1.,0.991507960223723,1.),
(1.,0.990439264906439,1.),
(1.,0.989355534041167,1.),
(1.,0.988270421525189,1.),
(1.,0.98707136209106,1.),
(1.,0.985599941229566,1.),
(1.,0.983644900824292,1.),
(1.,0.9811241270266,1.),
(1.,0.97811901350116,1.),
(1.,0.974956875213551,1.),
(1.,0.971897340528458,1.),
(1.,0.969220109645073,1.),
(1.,0.967163036069887,1.),
(1.,0.965820269517998,1.),
(1.,0.965070541011429,1.),
(1.,0.965022505496111,1.),
(1.,0.965683681213639,1.),
(1.,0.96709186220281,1.),
(1.,0.969118442661479,1.),
(1.,0.971654730911477,1.),
(1.,0.974547106709723,1.),
(1.,0.977664016139311,1.),
(1.,0.980784328444985,1.),
(1.,0.983794045675717,1.),
(1.,0.986410705938432,1.),
(1.,0.98855199785575,1.),
(1.,0.990227037604887,1.),
(1.,0.991528702594401,1.),
(1.,0.992526122897509,1.),
(1.,0.993287084100199,1.),
(1.,0.993934378896309,1.),
(1.,0.99452541193219,1.),
(1.,0.995083262615808,1.),
(1.,0.995606705372929,1.),
(1.,0.996073215857698,1.),
(1.,0.996572815403661,1.),
(1.,0.996894610981697,1.),
(1.,0.997194945672396,1.),
(1.,0.997371396647775,1.),
(1.,0.997563915591187,1.),
(1.,0.997688817299607,1.),
(1.,0.997750752429329,1.),
(1.,0.99781018100831,1.),
(1.,0.997832640798147,1.),
(1.,0.99783588373756,1.),
(1.,0.997823836683686,1.),
(1.,0.997759137311658,1.),
(1.,0.997699668508537,1.),
(1.,0.997578927817887,1.),
(1.,0.997465921107292,1.),
(1.,0.997258686624352,1.),
(1.,0.99695138227174,1.),
(1.,0.996640555242586,1.),
(1.,0.995943248485735,1.),
(1.,0.99522352236663,1.),
(1.,0.99427688584828,1.),
(1.,0.993129392106448,1.),
(1.,0.991675309428235,1.),
(1.,0.989805255939787,1.),
(1.,0.987397601758776,1.),
(1.,0.984455862509544,1.),
(1.,0.980971844325427,1.),
(1.,0.976819144802284,1.),
(1.,0.971623292048722,1.),
(1.,0.965881265705346,1.),
(1.,0.960235386817963,1.),
(1.,0.95543750546746,1.),
(1.,0.950382889109391,1.),
(1.,0.943845976000052,1.),
(1.,0.937770861213377,1.),
(1.,0.934647937990968,1.)))REPRESENTATION_ITEM('')SURFACE());
#1302=CARTESIAN_POINT('',(-29.1671877596546,-7.78460745062024,5.55447173299196));
#1303=CARTESIAN_POINT('',(-28.958864135438,-8.02432039331765,5.34392570795924));
#1304=CARTESIAN_POINT('',(-28.7039004298202,-8.00693725179054,5.0619989987291));
#1305=CARTESIAN_POINT('',(-29.0792529206953,-7.79338745488614,5.61118446397317));
#1306=CARTESIAN_POINT('',(-28.8791119755995,-8.01285151418993,5.40941246476639));
#1307=CARTESIAN_POINT('',(-28.6324597087423,-8.00216492661034,5.14848081806744));
#1308=CARTESIAN_POINT('',(-28.9662263838024,-7.80569794044187,5.69157781107918));
#1309=CARTESIAN_POINT('',(-28.7748708207977,-8.00202702257068,5.50306215121683));
#1310=CARTESIAN_POINT('',(-28.5401883230963,-7.99922404461672,5.267286018488));
#1311=CARTESIAN_POINT('',(-28.8224333478552,-7.82355820852257,5.80709359671907));
#1312=CARTESIAN_POINT('',(-28.6430374379388,-7.99494109985305,5.63522948795032));
#1313=CARTESIAN_POINT('',(-28.4245011475075,-8.0005913157311,5.42706873523836));
#1314=CARTESIAN_POINT('',(-28.7212463400241,-7.83727014339531,5.89406737598592));
#1315=CARTESIAN_POINT('',(-28.5544813651659,-7.99285722643456,5.72947885516222));
#1316=CARTESIAN_POINT('',(-28.3437796701451,-8.00371417355812,5.54343616738284));
#1317=CARTESIAN_POINT('',(-28.6185344163601,-7.85237178228813,5.98832108855736));
#1318=CARTESIAN_POINT('',(-28.4599645845803,-7.99329647410186,5.83538949426348));
#1319=CARTESIAN_POINT('',(-28.2620337692012,-8.00906018493564,5.66539443449998));
#1320=CARTESIAN_POINT('',(-28.5121215023268,-7.86961935110535,6.0919554376089));
#1321=CARTESIAN_POINT('',(-28.3624867454305,-7.99689502997092,5.95064779765338));
#1322=CARTESIAN_POINT('',(-28.1779482978078,-8.01692798821609,5.79561583541722));
#1323=CARTESIAN_POINT('',(-28.4067801356784,-7.88839733805466,6.20048118223256));
#1324=CARTESIAN_POINT('',(-28.2637561482031,-8.00391441443969,6.07321301915953));
#1325=CARTESIAN_POINT('',(-28.0950219195679,-8.02707403246018,5.92824083056489));
#1326=CARTESIAN_POINT('',(-28.3042481247455,-7.90854623410616,6.31091784137565));
#1327=CARTESIAN_POINT('',(-28.1723665247141,-8.01321243098623,6.19092678111743));
#1328=CARTESIAN_POINT('',(-28.014499330416,-8.03919169484252,6.0599882274994));
#1329=CARTESIAN_POINT('',(-28.2058498292233,-7.92974039145107,6.42058361420348));
#1330=CARTESIAN_POINT('',(-28.0833280217785,-8.02490135417475,6.30895749489852));
#1331=CARTESIAN_POINT('',(-27.9371702383188,-8.05292852045129,6.1882981261219));
#1332=CARTESIAN_POINT('',(-28.1097131819397,-7.95219317817457,6.53107341554387));
#1333=CARTESIAN_POINT('',(-27.9960093934058,-8.03901479703633,6.42692819005839));
#1334=CARTESIAN_POINT('',(-27.8620314780195,-8.06828879045695,6.31538199322721));
#1335=CARTESIAN_POINT('',(-28.0152517104258,-7.9762707573067,6.64116427511687));
#1336=CARTESIAN_POINT('',(-27.9104852760339,-8.05537350421962,6.54380042237436));
#1337=CARTESIAN_POINT('',(-27.7881590474288,-8.08534926635189,6.44005758297448));
#1338=CARTESIAN_POINT('',(-27.9211850765475,-8.00232911738171,6.7511850669276));
#1339=CARTESIAN_POINT('',(-27.826640158165,-8.07383679723116,6.65858192040307));
#1340=CARTESIAN_POINT('',(-27.714396341121,-8.10435500701653,6.56307600498205));
#1341=CARTESIAN_POINT('',(-27.827348981811,-8.03037318764842,6.8607485685696));
#1342=CARTESIAN_POINT('',(-27.7410016034788,-8.09524755779899,6.77462301637868));
#1343=CARTESIAN_POINT('',(-27.6408801144679,-8.12529808568309,6.68427933068455));
#1344=CARTESIAN_POINT('',(-27.7336062312466,-8.06069363939477,6.96803471819908));
#1345=CARTESIAN_POINT('',(-27.6554967369304,-8.1193237919921,6.88785227596603));
#1346=CARTESIAN_POINT('',(-27.5672790581559,-8.14833049288593,6.80176998351514));
#1347=CARTESIAN_POINT('',(-27.6427108649792,-8.09238798985172,7.06854774025224));
#1348=CARTESIAN_POINT('',(-27.572151257879,-8.14545876545876,6.99392463403561));
#1349=CARTESIAN_POINT('',(-27.4957828151553,-8.17273836427423,6.91089628218529));
#1350=CARTESIAN_POINT('',(-27.5555513755401,-8.12499713261808,7.16017588958394));
#1351=CARTESIAN_POINT('',(-27.4940260032219,-8.17234948336546,7.08811903740796));
#1352=CARTESIAN_POINT('',(-27.4270662771013,-8.19812155319432,7.00965025852504));
#1353=CARTESIAN_POINT('',(-27.4721344120033,-8.15832430242538,7.24213357553724));
#1354=CARTESIAN_POINT('',(-27.4193776129088,-8.20029109335928,7.17190801965827));
#1355=CARTESIAN_POINT('',(-27.3611262141884,-8.224284984681,7.09741023571446));
#1356=CARTESIAN_POINT('',(-27.3911137583582,-8.19275083317133,7.31520152167804));
#1357=CARTESIAN_POINT('',(-27.3462597644375,-8.22979896317571,7.24706163854842));
#1358=CARTESIAN_POINT('',(-27.2968996752806,-8.25151297524334,7.17520147745158));
#1359=CARTESIAN_POINT('',(-27.3099291368135,-8.22939914218202,7.38060005446806));
#1360=CARTESIAN_POINT('',(-27.2734703600443,-8.26140666519656,7.31362637416723));
#1361=CARTESIAN_POINT('',(-27.2323342927241,-8.28067676117401,7.24441439014827));
#1362=CARTESIAN_POINT('',(-27.2284657849732,-8.26844364820182,7.43717249967389));
#1363=CARTESIAN_POINT('',(-27.1994967699451,-8.29588347949282,7.37166306289209));
#1364=CARTESIAN_POINT('',(-27.1673127547949,-8.31192752227077,7.30389314671496));
#1365=CARTESIAN_POINT('',(-27.1461782767348,-8.31032624348441,7.48387506250882));
#1366=CARTESIAN_POINT('',(-27.1251384970988,-8.33298859283531,7.41927363066258));
#1367=CARTESIAN_POINT('',(-27.1013661142549,-8.34562894230653,7.35257713220145));
#1368=CARTESIAN_POINT('',(-27.0645649932156,-8.35441331481813,7.51887943309008));
#1369=CARTESIAN_POINT('',(-27.0507440872741,-8.3727672644411,7.45472025593937));
#1370=CARTESIAN_POINT('',(-27.0356664788777,-8.38129810483484,7.38859747060215));
#1371=CARTESIAN_POINT('',(-26.9852077844569,-8.39986510214675,7.5412617071579));
#1372=CARTESIAN_POINT('',(-26.9789603635298,-8.41375589935438,7.47673961002927));
#1373=CARTESIAN_POINT('',(-26.9714695810713,-8.41826343396864,7.4110277935714));
#1374=CARTESIAN_POINT('',(-26.909652129687,-8.44561432338075,7.55153680471243));
#1375=CARTESIAN_POINT('',(-26.9112859662136,-8.45481054616006,7.48630808546764));
#1376=CARTESIAN_POINT('',(-26.9100379103651,-8.45565868359138,7.42046378700191));
#1377=CARTESIAN_POINT('',(-26.8404268486413,-8.4898055805031,7.55112974204238));
#1378=CARTESIAN_POINT('',(-26.8466850437967,-8.49631253938045,7.48503299431282));
#1379=CARTESIAN_POINT('',(-26.8534516464816,-8.49195777503982,7.41848969092593));
#1380=CARTESIAN_POINT('',(-26.7798385371602,-8.53034268130168,7.5432113892185));
#1381=CARTESIAN_POINT('',(-26.7916962059686,-8.53360933924934,7.47550500372646));
#1382=CARTESIAN_POINT('',(-26.8036811319295,-8.52542419424211,7.40856307032717));
#1383=CARTESIAN_POINT('',(-26.7297192577714,-8.56530517091874,7.53102964575995));
#1384=CARTESIAN_POINT('',(-26.7462060763857,-8.56582371876033,7.46216437253645));
#1385=CARTESIAN_POINT('',(-26.7622966474803,-8.55437464794402,7.39419695818575));
#1386=CARTESIAN_POINT('',(-26.6875029712234,-8.59564267011065,7.51776457636076));
#1387=CARTESIAN_POINT('',(-26.7099045707509,-8.59238524872164,7.44826926966335));
#1388=CARTESIAN_POINT('',(-26.7273338545046,-8.57963313780661,7.37882763696832));
#1389=CARTESIAN_POINT('',(-26.6500713654151,-8.62338683337278,7.5029139170964));
#1390=CARTESIAN_POINT('',(-26.6762757956678,-8.61773050071408,7.43274362139977));
#1391=CARTESIAN_POINT('',(-26.6961946580076,-8.60275935712639,7.36178040590048));
#1392=CARTESIAN_POINT('',(-26.6136179860192,-8.65111037085251,7.48625157479021));
#1393=CARTESIAN_POINT('',(-26.6439311348797,-8.64280882815625,7.41539381164092));
#1394=CARTESIAN_POINT('',(-26.6657706375544,-8.62595510752553,7.34274735948179));
#1395=CARTESIAN_POINT('',(-26.5739776156412,-8.68202271390766,7.46594655697801));
#1396=CARTESIAN_POINT('',(-26.6104880455718,-8.66945923458965,7.3951723443729));
#1397=CARTESIAN_POINT('',(-26.6325879366814,-8.65192915512188,7.31962839107907));
#1398=CARTESIAN_POINT('',(-26.5264275873989,-8.72039003148206,7.43763802894718));
#1399=CARTESIAN_POINT('',(-26.5683258105564,-8.70407984678174,7.36659336984273));
#1400=CARTESIAN_POINT('',(-26.5925663876965,-8.68422679998049,7.28743647831787));
#1401=CARTESIAN_POINT('',(-26.4678666712605,-8.76942562117758,7.39859241574427));
#1402=CARTESIAN_POINT('',(-26.5145414867451,-8.75010691521527,7.32497297613059));
#1403=CARTESIAN_POINT('',(-26.5430382280575,-8.72579095598054,7.24306017706311));
#1404=CARTESIAN_POINT('',(-26.4027854885768,-8.82675042266758,7.3486665902911));
#1405=CARTESIAN_POINT('',(-26.4513580089826,-8.8072416120575,7.26869856278041));
#1406=CARTESIAN_POINT('',(-26.4875484066569,-8.77467062777015,7.18618633645748));
#1407=CARTESIAN_POINT('',(-26.3373653694137,-8.88748155766315,7.29289590137873));
#1408=CARTESIAN_POINT('',(-26.3901854829214,-8.86597543279012,7.20746151834876));
#1409=CARTESIAN_POINT('',(-26.4313046007893,-8.82688769986477,7.12236121360433));
#1410=CARTESIAN_POINT('',(-26.2762438429963,-8.94735107578976,7.23568797453161));
#1411=CARTESIAN_POINT('',(-26.3345051055254,-8.92246163750349,7.14685131124299));
#1412=CARTESIAN_POINT('',(-26.3782254113404,-8.8787191812994,7.05649179213713));
#1413=CARTESIAN_POINT('',(-26.2169864600697,-9.00794018327687,7.17825571079552));
#1414=CARTESIAN_POINT('',(-26.2822536991033,-8.97813862568341,7.08640959787273));
#1415=CARTESIAN_POINT('',(-26.3264726247265,-8.93176267483078,6.98986896218333));
#1416=CARTESIAN_POINT('',(-26.1580265298188,-9.07164658289181,7.11676928273859));
#1417=CARTESIAN_POINT('',(-26.2282238184099,-9.03875124335046,7.02073396367081));
#1418=CARTESIAN_POINT('',(-26.2743449083191,-8.98789795946767,6.91801619308752));
#1419=CARTESIAN_POINT('',(-26.0983281683639,-9.13972880800125,7.05184182322205));
#1420=CARTESIAN_POINT('',(-26.1715158680112,-9.10613439591689,6.94870658654893));
#1421=CARTESIAN_POINT('',(-26.2210039661894,-9.04846448395637,6.84129285663521));
#1422=CARTESIAN_POINT('',(-26.0398195240412,-9.21007560531058,6.98705097864661));
#1423=CARTESIAN_POINT('',(-26.116716037562,-9.17545005702958,6.87640055283907));
#1424=CARTESIAN_POINT('',(-26.1682510883753,-9.11182078046675,6.76367007239091));
#1425=CARTESIAN_POINT('',(-25.984855181982,-9.27966441974221,6.92576875940871));
#1426=CARTESIAN_POINT('',(-26.0665196708077,-9.2429319198283,6.80843774275123));
#1427=CARTESIAN_POINT('',(-26.1182633915026,-9.17533685836326,6.68925455471314));
#1428=CARTESIAN_POINT('',(-25.9335213518093,-9.34877080965668,6.86622106711358));
#1429=CARTESIAN_POINT('',(-26.0205361845387,-9.30830335999458,6.74515859399874));
#1430=CARTESIAN_POINT('',(-26.0708316023349,-9.23897014768423,6.61606778291061));
#1431=CARTESIAN_POINT('',(-25.8809539832301,-9.42311968049999,6.8058566133938));
#1432=CARTESIAN_POINT('',(-25.973860607746,-9.37851717402771,6.68008266199814));
#1433=CARTESIAN_POINT('',(-26.0218822558295,-9.30837988496896,6.54063117784723));
#1434=CARTESIAN_POINT('',(-25.8225680836361,-9.51111773050398,6.73831310851778));
#1435=CARTESIAN_POINT('',(-25.9216538714379,-9.46233089112464,6.60652792142361));
#1436=CARTESIAN_POINT('',(-25.9667790945722,-9.39164956875585,6.45474613363747));
#1437=CARTESIAN_POINT('',(-25.7553250331661,-9.62055445064545,6.6611171155772));
#1438=CARTESIAN_POINT('',(-25.8594918126148,-9.57067651488761,6.51833951668754));
#1439=CARTESIAN_POINT('',(-25.9023865120606,-9.49708803397313,6.35419531248203));
#1440=CARTESIAN_POINT('',(-25.6809028797681,-9.7546248012434,6.57684701452844));
#1441=CARTESIAN_POINT('',(-25.7895510319877,-9.70698727267019,6.41883698007983));
#1442=CARTESIAN_POINT('',(-25.8297624030386,-9.6292490569114,6.24090404767845));
#1443=CARTESIAN_POINT('',(-25.6054436192005,-9.90927496147039,6.49362442996966));
#1444=CARTESIAN_POINT('',(-25.718229724512,-9.86804310171504,6.31770834225366));
#1445=CARTESIAN_POINT('',(-25.7545317860468,-9.7859918979402,6.12447697325479));
#1446=CARTESIAN_POINT('',(-25.5354225772523,-10.0774611113377,6.41903375327277));
#1447=CARTESIAN_POINT('',(-25.6539092976553,-10.0416522408536,6.22722665372799));
#1448=CARTESIAN_POINT('',(-25.6831558469227,-9.96169949977702,6.01536692685639));
#1449=CARTESIAN_POINT('',(-25.4757807167031,-10.2510205259548,6.35787559705649));
#1450=CARTESIAN_POINT('',(-25.5996787551498,-10.221968093483,6.15165418069348));
#1451=CARTESIAN_POINT('',(-25.6210839410002,-10.1484887759091,5.92180259664092));
#1452=CARTESIAN_POINT('',(-25.4288120374169,-10.4241650561505,6.31145554476897));
#1453=CARTESIAN_POINT('',(-25.5574427026924,-10.4029861284772,6.09331878479586));
#1454=CARTESIAN_POINT('',(-25.5713284393858,-10.339864564522,5.84782902979743));
#1455=CARTESIAN_POINT('',(-25.3951605600636,-10.5918500383845,6.27914999801324));
#1456=CARTESIAN_POINT('',(-25.5278814497711,-10.5780024434607,6.05278312326742));
#1457=CARTESIAN_POINT('',(-25.5351686874386,-10.5291993393705,5.79459483046505));
#1458=CARTESIAN_POINT('',(-25.3737629824971,-10.7520106280632,6.25908232674298));
#1459=CARTESIAN_POINT('',(-25.5094557101162,-10.7435457348173,6.02762380801213));
#1460=CARTESIAN_POINT('',(-25.511966456849,-10.7128298547442,5.76074930599362));
#1461=CARTESIAN_POINT('',(-25.3628486693842,-10.9086192895046,6.24897930505131));
#1462=CARTESIAN_POINT('',(-25.5001732187023,-10.9026419927638,6.01498660421859));
#1463=CARTESIAN_POINT('',(-25.5000700726803,-10.893924080799,5.74350816412307));
#1464=CARTESIAN_POINT('',(-25.3619409107956,-11.0672741439534,6.24811516596009));
#1465=CARTESIAN_POINT('',(-25.4992003930657,-11.0681629088391,6.01366586480935));
#1466=CARTESIAN_POINT('',(-25.4990640764433,-11.0780892708825,5.74197661286102));
#1467=CARTESIAN_POINT('',(-25.3718790359899,-11.2312411487121,6.25732607242574));
#1468=CARTESIAN_POINT('',(-25.5077370716072,-11.2396645863875,6.02528265667847));
#1469=CARTESIAN_POINT('',(-25.5099202032254,-11.2679295417671,5.75778791938117));
#1470=CARTESIAN_POINT('',(-25.3933849422073,-11.3979610372906,6.27747009979802));
#1471=CARTESIAN_POINT('',(-25.5268251337375,-11.4151023680754,6.05133416790832));
#1472=CARTESIAN_POINT('',(-25.5332557377482,-11.4592119460198,5.79180115248317));
#1473=CARTESIAN_POINT('',(-25.4265744603002,-11.5658471937883,6.30928441867974));
#1474=CARTESIAN_POINT('',(-25.5559965027147,-11.5886907554426,6.09133727436674));
#1475=CARTESIAN_POINT('',(-25.5689328161239,-11.6489346065913,5.84428977804241));
#1476=CARTESIAN_POINT('',(-25.4712623836575,-11.733545436159,6.35336355875773));
#1477=CARTESIAN_POINT('',(-25.5957476803433,-11.7624833008262,6.14621342285397));
#1478=CARTESIAN_POINT('',(-25.6163171932786,-11.8345765317928,5.9146823672702));
#1479=CARTESIAN_POINT('',(-25.5277291308013,-11.9017491631862,6.41104197428681));
#1480=CARTESIAN_POINT('',(-25.6463186767067,-11.9350215569406,6.21661467897791));
#1481=CARTESIAN_POINT('',(-25.6752029026332,-12.0161593158711,6.00332213179406));
#1482=CARTESIAN_POINT('',(-25.5957196059728,-12.0690748117611,6.48309622943286));
#1483=CARTESIAN_POINT('',(-25.7084305018721,-12.1074279819579,6.30387579853245));
#1484=CARTESIAN_POINT('',(-25.7447134654267,-12.1917029401311,6.10937540748732));
#1485=CARTESIAN_POINT('',(-25.6748580213215,-12.2344202765608,6.56999607888918));
#1486=CARTESIAN_POINT('',(-25.78064046539,-12.2747716163288,6.40615932250906));
#1487=CARTESIAN_POINT('',(-25.8238469240613,-12.3599481537797,6.23166073219492));
#1488=CARTESIAN_POINT('',(-25.7621108940711,-12.3922352208432,6.66876309151394));
#1489=CARTESIAN_POINT('',(-25.862915760128,-12.4371005993537,6.5232219515704));
#1490=CARTESIAN_POINT('',(-25.9090737308623,-12.5156304169051,6.36463418024411));
#1491=CARTESIAN_POINT('',(-25.8529600711053,-12.5369129968991,6.77338881740471));
#1492=CARTESIAN_POINT('',(-25.9481432061046,-12.5827678898507,6.64412352833026));
#1493=CARTESIAN_POINT('',(-25.9957321501208,-12.654290444523,6.50001342687848));
#1494=CARTESIAN_POINT('',(-25.9411265858076,-12.6629195923748,6.87538226227834));
#1495=CARTESIAN_POINT('',(-26.0307685057899,-12.707780901476,6.75963025603123));
#1496=CARTESIAN_POINT('',(-26.0780787702141,-12.7720675143435,6.62769325123154));
#1497=CARTESIAN_POINT('',(-26.0225070133235,-12.76905189512,6.9682268476325));
#1498=CARTESIAN_POINT('',(-26.1057663980769,-12.8107383877129,6.86195789528931));
#1499=CARTESIAN_POINT('',(-26.1526720627639,-12.8692918581818,6.74108241951921));
#1500=CARTESIAN_POINT('',(-26.0950955345485,-12.8566996594303,7.04856904497055));
#1501=CARTESIAN_POINT('',(-26.1724178447066,-12.895107845742,6.94991277320876));
#1502=CARTESIAN_POINT('',(-26.2181621809737,-12.9483586452374,6.83735603693652));
#1503=CARTESIAN_POINT('',(-26.1577086961366,-12.9280042470926,7.11658762915052));
#1504=CARTESIAN_POINT('',(-26.2300676004887,-12.9632867477992,7.02297627030284));
#1505=CARTESIAN_POINT('',(-26.274083371663,-13.0117763355017,6.9177334117775));
#1506=CARTESIAN_POINT('',(-26.2129436994104,-12.9875204724162,7.173375948631));
#1507=CARTESIAN_POINT('',(-26.2786996817426,-13.0178279810431,7.08205531792721));
#1508=CARTESIAN_POINT('',(-26.3228282463752,-13.0643046798198,6.98416253176587));
#1509=CARTESIAN_POINT('',(-26.2635943807389,-13.0397980753637,7.22343660309759));
#1510=CARTESIAN_POINT('',(-26.3238391548679,-13.066307019904,7.13472938767374));
#1511=CARTESIAN_POINT('',(-26.3671834002552,-13.1100557250418,7.04231426918212));
#1512=CARTESIAN_POINT('',(-26.3134262835425,-13.0893262181103,7.27104512207065));
#1513=CARTESIAN_POINT('',(-26.3690661089713,-13.1128001037145,7.1847581598581));
#1514=CARTESIAN_POINT('',(-26.410574045055,-13.1530299155293,7.09723839932944));
#1515=CARTESIAN_POINT('',(-26.3650287485168,-13.1383403948808,7.31654722758886));
#1516=CARTESIAN_POINT('',(-26.4164288950156,-13.1593781459333,7.23397304045495));
#1517=CARTESIAN_POINT('',(-26.455094004195,-13.1953668428145,7.1494433480672));
#1518=CARTESIAN_POINT('',(-26.4187158086877,-13.1873838256445,7.36112025274164));
#1519=CARTESIAN_POINT('',(-26.4652718230546,-13.205394030839,7.28126336313273));
#1520=CARTESIAN_POINT('',(-26.5011496503712,-13.2373898541875,7.20037888076607));
#1521=CARTESIAN_POINT('',(-26.4748022233297,-13.2364257827961,7.40332302204143));
#1522=CARTESIAN_POINT('',(-26.516890076543,-13.2518274834125,7.32659186615655));
#1523=CARTESIAN_POINT('',(-26.5489101416591,-13.2791727091359,7.24843714426918));
#1524=CARTESIAN_POINT('',(-26.5327291477603,-13.2848534847627,7.44179787836654));
#1525=CARTESIAN_POINT('',(-26.5704444999533,-13.2977820856184,7.36836087368059));
#1526=CARTESIAN_POINT('',(-26.5978942700527,-13.3202062305078,7.29216558755729));
#1527=CARTESIAN_POINT('',(-26.5899678035579,-13.330722968938,7.47496346353728));
#1528=CARTESIAN_POINT('',(-26.6239441735444,-13.3415558415171,7.40421424262257));
#1529=CARTESIAN_POINT('',(-26.6460156266309,-13.3588030526587,7.32988063675147));
#1530=CARTESIAN_POINT('',(-26.6443182592567,-13.372431872393,7.50095431197539));
#1531=CARTESIAN_POINT('',(-26.6732337447283,-13.380062652165,7.43162169226965));
#1532=CARTESIAN_POINT('',(-26.6914253768226,-13.3937488751519,7.35952233105713));
#1533=CARTESIAN_POINT('',(-26.6942163195846,-13.4092748367007,7.52011827593791));
#1534=CARTESIAN_POINT('',(-26.7182478993226,-13.4138420878649,7.45191597423801));
#1535=CARTESIAN_POINT('',(-26.7328983741842,-13.4244904962478,7.38153231186347));
#1536=CARTESIAN_POINT('',(-26.7413884894679,-13.442950947962,7.53433717355584));
#1537=CARTESIAN_POINT('',(-26.7599689987719,-13.4440545520566,7.46671717642683));
#1538=CARTESIAN_POINT('',(-26.7719552826409,-13.4524626523521,7.39805978208718));
#1539=CARTESIAN_POINT('',(-26.7856886244849,-13.4735396334031,7.54385844096699));
#1540=CARTESIAN_POINT('',(-26.801179050321,-13.472837948904,7.47722144226121));
#1541=CARTESIAN_POINT('',(-26.8084808092022,-13.4777785118458,7.40939219048601));
#1542=CARTESIAN_POINT('',(-26.8272170352041,-13.5012899711584,7.5490890211706));
#1543=CARTESIAN_POINT('',(-26.8387834554531,-13.4981977191188,7.48310502591204));
#1544=CARTESIAN_POINT('',(-26.8425874127906,-13.5006976954471,7.41598046956067));
#1545=CARTESIAN_POINT('',(-26.8652750541553,-13.5260562382005,7.55129669573109));
#1546=CARTESIAN_POINT('',(-26.872782367274,-13.5204395617629,7.48549132348713));
#1547=CARTESIAN_POINT('',(-26.873765717472,-13.5210659457593,7.41922158432778));
#1548=CARTESIAN_POINT('',(-26.9016064186482,-13.5490585191656,7.55064903405911));
#1549=CARTESIAN_POINT('',(-26.9042490504637,-13.5404819277842,7.48532711625698));
#1550=CARTESIAN_POINT('',(-26.9034330551599,-13.5399550687119,7.41932657757542));
#1551=CARTESIAN_POINT('',(-26.9388549860914,-13.5720642025314,7.54755573225168));
#1552=CARTESIAN_POINT('',(-26.9377780112473,-13.5612570268454,7.48254851046407));
#1553=CARTESIAN_POINT('',(-26.933781988153,-13.5587904366397,7.41680537243687));
#1554=CARTESIAN_POINT('',(-26.9783321138697,-13.5957663670991,7.54126885280177));
#1555=CARTESIAN_POINT('',(-26.9736564834474,-13.5828274289302,7.47656548516215));
#1556=CARTESIAN_POINT('',(-26.9658535563567,-13.5781554883392,7.41088013686522));
#1557=CARTESIAN_POINT('',(-27.0193029301831,-13.6196766716362,7.53171963805836));
#1558=CARTESIAN_POINT('',(-27.0114317722997,-13.6048056426778,7.46687490835949));
#1559=CARTESIAN_POINT('',(-26.9990525821542,-13.5976262142371,7.40147590878931));
#1560=CARTESIAN_POINT('',(-27.0607076257551,-13.643096084653,7.51866621983108));
#1561=CARTESIAN_POINT('',(-27.0489740472012,-13.6259232185496,7.45386892361496));
#1562=CARTESIAN_POINT('',(-27.032512312556,-13.6166698429673,7.38826780548407));
#1563=CARTESIAN_POINT('',(-27.101995956133,-13.6658203124277,7.50291597450112));
#1564=CARTESIAN_POINT('',(-27.0857150572282,-13.6459180912999,7.43799314697538));
#1565=CARTESIAN_POINT('',(-27.0658000216978,-13.635061078193,7.37218850613023));
#1566=CARTESIAN_POINT('',(-27.1455387135828,-13.6890241694114,7.48277007671341));
#1567=CARTESIAN_POINT('',(-27.1235629325559,-13.6658666723099,7.41863944555528));
#1568=CARTESIAN_POINT('',(-27.1008155184406,-13.6538347688587,7.35135496624984));
#1569=CARTESIAN_POINT('',(-27.1948325614986,-13.7145043974789,7.45657152558644));
#1570=CARTESIAN_POINT('',(-27.1667648163841,-13.6878383055527,7.39287318163893));
#1571=CARTESIAN_POINT('',(-27.1403664920793,-13.6743507811315,7.32413294088894));
#1572=CARTESIAN_POINT('',(-27.2534408727806,-13.7436129642236,7.42016466671426));
#1573=CARTESIAN_POINT('',(-27.2188781182046,-13.7132305414551,7.35680187673847));
#1574=CARTESIAN_POINT('',(-27.1872557288218,-13.6977361899449,7.28602047189324));
#1575=CARTESIAN_POINT('',(-27.3223382552045,-13.7762848590104,7.37091793453759));
#1576=CARTESIAN_POINT('',(-27.2818593178516,-13.742302017112,7.30621576697154));
#1577=CARTESIAN_POINT('',(-27.2422109741429,-13.7238539200847,7.2341810309405));
#1578=CARTESIAN_POINT('',(-27.4000441040412,-13.8111462188998,7.30748469586543));
#1579=CARTESIAN_POINT('',(-27.3525681387275,-13.7728411457633,7.24090171154463));
#1580=CARTESIAN_POINT('',(-27.3039873561126,-13.7515847694599,7.1670011872582));
#1581=CARTESIAN_POINT('',(-27.4838262979251,-13.8465212865387,7.23119690269674));
#1582=CARTESIAN_POINT('',(-27.4292343603391,-13.803588469607,7.16146137595313));
#1583=CARTESIAN_POINT('',(-27.3703851524658,-13.7795310973007,7.08574566942831));
#1584=CARTESIAN_POINT('',(-27.5723618240112,-13.8815122475596,7.14307136276452));
#1585=CARTESIAN_POINT('',(-27.5089116949017,-13.8330042691184,7.0707506081134));
#1586=CARTESIAN_POINT('',(-27.4403371454506,-13.8069651631835,6.99128196059198));
#1587=CARTESIAN_POINT('',(-27.6659703654934,-13.9160019762172,7.04338386624141));
#1588=CARTESIAN_POINT('',(-27.5925487064147,-13.8612184309812,6.96852707562486));
#1589=CARTESIAN_POINT('',(-27.5141009913642,-13.8337544083383,6.88368298924202));
#1590=CARTESIAN_POINT('',(-27.7673746172232,-13.9506005813345,6.92985372630393));
#1591=CARTESIAN_POINT('',(-27.6834195555562,-13.8889342573543,6.85144011437503));
#1592=CARTESIAN_POINT('',(-27.5938101918904,-13.8603072480778,6.76012481112776));
#1593=CARTESIAN_POINT('',(-27.878211133243,-13.9853015580288,6.80166174712903));
#1594=CARTESIAN_POINT('',(-27.7837422844681,-13.9160091957051,6.71711541494149));
#1595=CARTESIAN_POINT('',(-27.6807631852104,-13.8864933312087,6.61918794265395));
#1596=CARTESIAN_POINT('',(-27.9976566080337,-14.0192255793695,6.66148543271867));
#1597=CARTESIAN_POINT('',(-27.8938831437648,-13.9415315988311,6.56661964971423));
#1598=CARTESIAN_POINT('',(-27.7742871626089,-13.9114750372172,6.46305501873286));
#1599=CARTESIAN_POINT('',(-28.1229133228885,-14.0512669146127,6.51555720589515));
#1600=CARTESIAN_POINT('',(-28.0083004365782,-13.9634592854859,6.4099879852086));
#1601=CARTESIAN_POINT('',(-27.8724454819558,-13.9342185302396,6.29786722578187));
#1602=CARTESIAN_POINT('',(-28.2514169355809,-14.0805507297317,6.36900037118799));
#1603=CARTESIAN_POINT('',(-28.1244358235633,-13.9811247678474,6.2537629689673));
#1604=CARTESIAN_POINT('',(-27.9730145967348,-13.9539525461249,6.1285167392773));
#1605=CARTESIAN_POINT('',(-28.384605528512,-14.1076221267065,6.22337085789757));
#1606=CARTESIAN_POINT('',(-28.2437097239802,-13.9946411857208,6.09819332181822));
#1607=CARTESIAN_POINT('',(-28.0775473872492,-13.9707629271386,5.95614739237928));
#1608=CARTESIAN_POINT('',(-28.5195844246487,-14.1318271477268,6.08387418467578));
#1609=CARTESIAN_POINT('',(-28.3720394281288,-14.0040059514396,5.93837104641481));
#1610=CARTESIAN_POINT('',(-28.1838006395399,-13.9839485412003,5.78598623800888));
#1611=CARTESIAN_POINT('',(-28.6486591915293,-14.152301487002,5.95967898734329));
#1612=CARTESIAN_POINT('',(-28.4926287650582,-14.0074698328381,5.79756961898858));
#1613=CARTESIAN_POINT('',(-28.2858981937426,-13.9928859811427,5.62896427679385));
#1614=CARTESIAN_POINT('',(-28.7601415637369,-14.1681382257207,5.85994144305139));
#1615=CARTESIAN_POINT('',(-28.5955783893306,-14.0064430428569,5.68520057579565));
#1616=CARTESIAN_POINT('',(-28.374736284049,-13.9977432320737,5.49825162772521));
#1617=CARTESIAN_POINT('',(-28.8549182399962,-14.1805431315275,5.78063405749546));
#1618=CARTESIAN_POINT('',(-28.675431004206,-14.003483051999,5.60239517917386));
#1619=CARTESIAN_POINT('',(-28.4506111897526,-13.9998568384793,5.39070855617198));
#1620=CARTESIAN_POINT('',(-28.9405307362563,-14.1909541550113,5.71307299147171));
#1621=CARTESIAN_POINT('',(-28.7524441297432,-13.9987107132366,5.52659459153948));
#1622=CARTESIAN_POINT('',(-28.5196293409992,-14.0001968968719,5.29641957237708));
#1623=CARTESIAN_POINT('',(-29.0427428518697,-14.2026672489791,5.63742998865836));
#1624=CARTESIAN_POINT('',(-28.8458843412154,-13.990512996428,5.43905161366318));
#1625=CARTESIAN_POINT('',(-28.6025708059843,-13.9987137260057,5.1870416680815));
#1626=CARTESIAN_POINT('',(-29.1192724575213,-14.2106348486054,5.58525792295719));
#1627=CARTESIAN_POINT('',(-28.9175582186848,-13.9816381715425,5.379227713872));
#1628=CARTESIAN_POINT('',(-28.6653066991668,-13.9956951972327,5.10895821928597));
#1629=CARTESIAN_POINT('',(-29.1671877745418,-14.2153925653541,5.55447174619604));
#1630=CARTESIAN_POINT('',(-28.9586993551127,-13.9757022632958,5.34403715660223));
#1631=CARTESIAN_POINT('',(-28.703695693811,-13.9930766886805,5.06225787715037));
#1632=FACE_BOUND('',#1633,.T.);
#1633=EDGE_LOOP('',(#1936,#1937));
#1634=CYLINDRICAL_SURFACE('',#1635,3.);
#1635=AXIS2_PLACEMENT_3D('',#1636,#1637,#1638);
#1636=CARTESIAN_POINT('',(-28.5,-31.,4.55447726082499));
#1637=DIRECTION('',(0.,0.,1.));
#1638=DIRECTION('',(1.83697019872103E-16,1.,0.));
#1639=FACE_OUTER_BOUND('',#1640,.T.);
#1640=EDGE_LOOP('',(#1938));
#1641=FACE_OUTER_BOUND('',#1642,.T.);
#1642=EDGE_LOOP('',(#1939));
#1643=CYLINDRICAL_SURFACE('',#1644,1.55);
#1644=AXIS2_PLACEMENT_3D('',#1645,#1646,#1647);
#1645=CARTESIAN_POINT('',(-28.5,-31.,0.));
#1646=DIRECTION('',(0.,0.,1.));
#1647=DIRECTION('',(-1.,1.22464679914735E-16,0.));
#1648=FACE_BOUND('',#1649,.T.);
#1649=EDGE_LOOP('',(#1940,#1941));
#1650=CYLINDRICAL_SURFACE('',#1651,3.);
#1651=AXIS2_PLACEMENT_3D('',#1652,#1653,#1654);
#1652=CARTESIAN_POINT('',(-28.5,-11.,4.55447726082499));
#1653=DIRECTION('',(0.,0.,1.));
#1654=DIRECTION('',(1.37927510063224E-16,-1.,0.));
#1655=FACE_OUTER_BOUND('',#1656,.T.);
#1656=EDGE_LOOP('',(#1942));
#1657=FACE_OUTER_BOUND('',#1658,.T.);
#1658=EDGE_LOOP('',(#1943));
#1659=CYLINDRICAL_SURFACE('',#1660,1.55);
#1660=AXIS2_PLACEMENT_3D('',#1661,#1662,#1663);
#1661=CARTESIAN_POINT('',(-28.5,-11.,0.));
#1662=DIRECTION('',(0.,0.,1.));
#1663=DIRECTION('',(-1.,1.22464679914735E-16,0.));
#1664=FACE_OUTER_BOUND('',#1665,.T.);
#1665=EDGE_LOOP('',(#1944));
#1666=FACE_OUTER_BOUND('',#1667,.T.);
#1667=EDGE_LOOP('',(#1945));
#1668=CYLINDRICAL_SURFACE('',#1669,1.55);
#1669=AXIS2_PLACEMENT_3D('',#1670,#1671,#1672);
#1670=CARTESIAN_POINT('',(-3.5,-11.,0.));
#1671=DIRECTION('',(0.,0.,1.));
#1672=DIRECTION('',(-1.,1.22464679914735E-16,0.));
#1673=FACE_OUTER_BOUND('',#1674,.T.);
#1674=EDGE_LOOP('',(#1946));
#1675=FACE_OUTER_BOUND('',#1676,.T.);
#1676=EDGE_LOOP('',(#1947));
#1677=CYLINDRICAL_SURFACE('',#1678,1.55);
#1678=AXIS2_PLACEMENT_3D('',#1679,#1680,#1681);
#1679=CARTESIAN_POINT('',(-3.5,-31.,0.));
#1680=DIRECTION('',(0.,0.,1.));
#1681=DIRECTION('',(-1.,1.22464679914735E-16,0.));
#1682=FACE_BOUND('',#1683,.T.);
#1683=EDGE_LOOP('',(#1948,#1949));
#1684=CYLINDRICAL_SURFACE('',#1685,3.);
#1685=AXIS2_PLACEMENT_3D('',#1686,#1687,#1688);
#1686=CARTESIAN_POINT('',(-3.5,-11.,4.55447726082499));
#1687=DIRECTION('',(0.,0.,1.));
#1688=DIRECTION('',(-3.82856869892695E-16,-1.,0.));
#1689=FACE_BOUND('',#1690,.T.);
#1690=EDGE_LOOP('',(#1950,#1951));
#1691=CYLINDRICAL_SURFACE('',#1692,3.);
#1692=AXIS2_PLACEMENT_3D('',#1693,#1694,#1695);
#1693=CARTESIAN_POINT('',(-3.5,-31.,4.55447726082499));
#1694=DIRECTION('',(0.,0.,1.));
#1695=DIRECTION('',(6.12323399573676E-17,1.,0.));
#1696=FACE_BOUND('',#1697,.T.);
#1697=EDGE_LOOP('',(#1952));
#1698=PLANE('',#1699);
#1699=AXIS2_PLACEMENT_3D('',#1700,#1701,#1702);
#1700=CARTESIAN_POINT('',(-9.79717439317883E-16,-8.,0.));
#1701=DIRECTION('',(1.22464679914735E-16,1.,0.));
#1702=DIRECTION('',(-1.,1.22464679914735E-16,-1.22464679914735E-16));
#1703=FACE_BOUND('',#1704,.T.);
#1704=EDGE_LOOP('',(#1953));
#1705=PLANE('',#1706);
#1706=AXIS2_PLACEMENT_3D('',#1707,#1708,#1709);
#1707=CARTESIAN_POINT('',(-9.79717439317883E-16,-8.,0.));
#1708=DIRECTION('',(1.22464679914735E-16,1.,0.));
#1709=DIRECTION('',(-1.,1.22464679914735E-16,-1.22464679914735E-16));
#1710=FACE_BOUND('',#1711,.T.);
#1711=EDGE_LOOP('',(#1954,#1955,#1956,#1957));
#1712=PLANE('',#1713);
#1713=AXIS2_PLACEMENT_3D('',#1714,#1715,#1716);
#1714=CARTESIAN_POINT('',(-30.,3.67394039744206E-15,-8.));
#1715=DIRECTION('',(0.707106781186547,-0.707106781186548,0.));
#1716=DIRECTION('',(0.,0.,1.));
#1717=FACE_BOUND('',#1718,.T.);
#1718=EDGE_LOOP('',(#1958,#1959,#1960,#1961));
#1719=PLANE('',#1720);
#1720=AXIS2_PLACEMENT_3D('',#1721,#1722,#1723);
#1721=CARTESIAN_POINT('',(-32.,-40.,-8.));
#1722=DIRECTION('',(0.707106781186547,0.707106781186547,0.));
#1723=DIRECTION('',(0.,0.,1.));
#1724=FACE_BOUND('',#1725,.T.);
#1725=EDGE_LOOP('',(#1962,#1963,#1964,#1965));
#1726=PLANE('',#1727);
#1727=AXIS2_PLACEMENT_3D('',#1728,#1729,#1730);
#1728=CARTESIAN_POINT('',(-2.00000000000001,-42.,-8.));
#1729=DIRECTION('',(-0.707106781186547,0.707106781186549,0.));
#1730=DIRECTION('',(0.,0.,1.));
#1731=FACE_BOUND('',#1732,.T.);
#1732=EDGE_LOOP('',(#1966,#1967,#1968,#1969));
#1733=PLANE('',#1734);
#1734=AXIS2_PLACEMENT_3D('',#1735,#1736,#1737);
#1735=CARTESIAN_POINT('',(-2.4492935982947E-16,-2.,-8.));
#1736=DIRECTION('',(-0.707106781186548,-0.707106781186547,0.));
#1737=DIRECTION('',(0.,0.,1.));
#1738=FACE_BOUND('',#1739,.T.);
#1739=EDGE_LOOP('',(#1970,#1971,#1972,#1973));
#1740=CYLINDRICAL_SURFACE('',#1741,2.);
#1741=AXIS2_PLACEMENT_3D('',#1742,#1743,#1744);
#1742=CARTESIAN_POINT('',(-17.9,-8.1,6.));
#1743=DIRECTION('',(0.,0.,-1.));
#1744=DIRECTION('',(-1.,0.,0.));
#1745=FACE_BOUND('',#1746,.T.);
#1746=EDGE_LOOP('',(#1974,#1975,#1976,#1977));
#1747=CYLINDRICAL_SURFACE('',#1748,2.);
#1748=AXIS2_PLACEMENT_3D('',#1749,#1750,#1751);
#1749=CARTESIAN_POINT('',(-14.1,-8.1,6.));
#1750=DIRECTION('',(0.,0.,-1.));
#1751=DIRECTION('',(0.,1.,0.));
#1752=FACE_BOUND('',#1753,.T.);
#1753=EDGE_LOOP('',(#1978,#1979,#1980,#1981));
#1754=CYLINDRICAL_SURFACE('',#1755,2.);
#1755=AXIS2_PLACEMENT_3D('',#1756,#1757,#1758);
#1756=CARTESIAN_POINT('',(-14.1,-33.9,6.));
#1757=DIRECTION('',(0.,0.,-1.));
#1758=DIRECTION('',(1.,0.,0.));
#1759=FACE_BOUND('',#1760,.T.);
#1760=EDGE_LOOP('',(#1982,#1983,#1984,#1985));
#1761=CYLINDRICAL_SURFACE('',#1762,2.);
#1762=AXIS2_PLACEMENT_3D('',#1763,#1764,#1765);
#1763=CARTESIAN_POINT('',(-17.9,-33.9,6.));
#1764=DIRECTION('',(0.,0.,-1.));
#1765=DIRECTION('',(0.,-1.,0.));
#1766=ORIENTED_EDGE('',*,*,#1986,.F.);
#1767=ORIENTED_EDGE('',*,*,#1987,.T.);
#1768=ORIENTED_EDGE('',*,*,#1988,.F.);
#1769=ORIENTED_EDGE('',*,*,#1989,.T.);
#1770=ORIENTED_EDGE('',*,*,#1990,.T.);
#1771=ORIENTED_EDGE('',*,*,#1991,.T.);
#1772=ORIENTED_EDGE('',*,*,#1992,.T.);
#1773=ORIENTED_EDGE('',*,*,#1993,.T.);
#1774=ORIENTED_EDGE('',*,*,#1994,.F.);
#1775=ORIENTED_EDGE('',*,*,#1995,.T.);
#1776=ORIENTED_EDGE('',*,*,#1996,.F.);
#1777=ORIENTED_EDGE('',*,*,#1997,.T.);
#1778=ORIENTED_EDGE('',*,*,#1998,.T.);
#1779=ORIENTED_EDGE('',*,*,#1999,.T.);
#1780=ORIENTED_EDGE('',*,*,#2000,.T.);
#1781=ORIENTED_EDGE('',*,*,#2001,.T.);
#1782=ORIENTED_EDGE('',*,*,#2002,.F.);
#1783=ORIENTED_EDGE('',*,*,#2003,.F.);
#1784=ORIENTED_EDGE('',*,*,#2004,.F.);
#1785=ORIENTED_EDGE('',*,*,#2005,.F.);
#1786=ORIENTED_EDGE('',*,*,#2006,.F.);
#1787=ORIENTED_EDGE('',*,*,#2007,.F.);
#1788=ORIENTED_EDGE('',*,*,#2008,.F.);
#1789=ORIENTED_EDGE('',*,*,#2009,.F.);
#1790=ORIENTED_EDGE('',*,*,#2010,.F.);
#1791=ORIENTED_EDGE('',*,*,#2005,.T.);
#1792=ORIENTED_EDGE('',*,*,#2011,.T.);
#1793=ORIENTED_EDGE('',*,*,#2012,.F.);
#1794=ORIENTED_EDGE('',*,*,#2013,.F.);
#1795=ORIENTED_EDGE('',*,*,#2007,.T.);
#1796=ORIENTED_EDGE('',*,*,#2014,.T.);
#1797=ORIENTED_EDGE('',*,*,#2015,.F.);
#1798=ORIENTED_EDGE('',*,*,#2016,.F.);
#1799=ORIENTED_EDGE('',*,*,#2009,.T.);
#1800=ORIENTED_EDGE('',*,*,#2017,.T.);
#1801=ORIENTED_EDGE('',*,*,#2018,.F.);
#1802=ORIENTED_EDGE('',*,*,#2019,.T.);
#1803=ORIENTED_EDGE('',*,*,#2020,.F.);
#1804=ORIENTED_EDGE('',*,*,#2021,.F.);
#1805=ORIENTED_EDGE('',*,*,#2003,.T.);
#1806=ORIENTED_EDGE('',*,*,#2022,.T.);
#1807=ORIENTED_EDGE('',*,*,#2023,.F.);
#1808=ORIENTED_EDGE('',*,*,#2024,.F.);
#1809=ORIENTED_EDGE('',*,*,#1992,.F.);
#1810=ORIENTED_EDGE('',*,*,#2025,.F.);
#1811=ORIENTED_EDGE('',*,*,#2026,.F.);
#1812=ORIENTED_EDGE('',*,*,#2027,.T.);
#1813=ORIENTED_EDGE('',*,*,#1993,.F.);
#1814=ORIENTED_EDGE('',*,*,#2024,.T.);
#1815=ORIENTED_EDGE('',*,*,#2028,.T.);
#1816=ORIENTED_EDGE('',*,*,#2025,.T.);
#1817=ORIENTED_EDGE('',*,*,#1991,.F.);
#1818=ORIENTED_EDGE('',*,*,#2029,.T.);
#1819=ORIENTED_EDGE('',*,*,#2030,.T.);
#1820=ORIENTED_EDGE('',*,*,#2031,.T.);
#1821=ORIENTED_EDGE('',*,*,#1989,.F.);
#1822=ORIENTED_EDGE('',*,*,#2032,.F.);
#1823=ORIENTED_EDGE('',*,*,#2033,.T.);
#1824=ORIENTED_EDGE('',*,*,#2034,.T.);
#1825=ORIENTED_EDGE('',*,*,#1995,.F.);
#1826=ORIENTED_EDGE('',*,*,#2035,.F.);
#1827=ORIENTED_EDGE('',*,*,#2036,.T.);
#1828=ORIENTED_EDGE('',*,*,#2037,.T.);
#1829=ORIENTED_EDGE('',*,*,#2038,.T.);
#1830=ORIENTED_EDGE('',*,*,#2001,.F.);
#1831=ORIENTED_EDGE('',*,*,#2039,.T.);
#1832=ORIENTED_EDGE('',*,*,#2040,.T.);
#1833=ORIENTED_EDGE('',*,*,#2041,.T.);
#1834=ORIENTED_EDGE('',*,*,#1999,.F.);
#1835=ORIENTED_EDGE('',*,*,#2042,.T.);
#1836=ORIENTED_EDGE('',*,*,#2043,.T.);
#1837=ORIENTED_EDGE('',*,*,#2044,.T.);
#1838=ORIENTED_EDGE('',*,*,#1997,.F.);
#1839=ORIENTED_EDGE('',*,*,#2045,.F.);
#1840=ORIENTED_EDGE('',*,*,#2046,.T.);
#1841=ORIENTED_EDGE('',*,*,#2047,.T.);
#1842=ORIENTED_EDGE('',*,*,#2048,.T.);
#1843=ORIENTED_EDGE('',*,*,#2042,.F.);
#1844=ORIENTED_EDGE('',*,*,#1998,.F.);
#1845=ORIENTED_EDGE('',*,*,#2044,.F.);
#1846=ORIENTED_EDGE('',*,*,#2049,.T.);
#1847=ORIENTED_EDGE('',*,*,#2050,.T.);
#1848=ORIENTED_EDGE('',*,*,#2051,.F.);
#1849=ORIENTED_EDGE('',*,*,#2039,.F.);
#1850=ORIENTED_EDGE('',*,*,#2000,.F.);
#1851=ORIENTED_EDGE('',*,*,#2041,.F.);
#1852=ORIENTED_EDGE('',*,*,#2052,.F.);
#1853=ORIENTED_EDGE('',*,*,#2053,.F.);
#1854=ORIENTED_EDGE('',*,*,#2054,.T.);
#1855=ORIENTED_EDGE('',*,*,#2055,.T.);
#1856=ORIENTED_EDGE('',*,*,#1987,.F.);
#1857=ORIENTED_EDGE('',*,*,#2056,.T.);
#1858=ORIENTED_EDGE('',*,*,#2057,.T.);
#1859=ORIENTED_EDGE('',*,*,#2058,.T.);
#1860=ORIENTED_EDGE('',*,*,#2059,.T.);
#1861=ORIENTED_EDGE('',*,*,#2060,.T.);
#1862=ORIENTED_EDGE('',*,*,#2029,.F.);
#1863=ORIENTED_EDGE('',*,*,#1990,.F.);
#1864=ORIENTED_EDGE('',*,*,#2031,.F.);
#1865=ORIENTED_EDGE('',*,*,#2061,.T.);
#1866=ORIENTED_EDGE('',*,*,#2062,.F.);
#1867=ORIENTED_EDGE('',*,*,#2018,.T.);
#1868=ORIENTED_EDGE('',*,*,#2063,.F.);
#1869=ORIENTED_EDGE('',*,*,#2015,.T.);
#1870=ORIENTED_EDGE('',*,*,#2064,.F.);
#1871=ORIENTED_EDGE('',*,*,#2012,.T.);
#1872=ORIENTED_EDGE('',*,*,#2065,.F.);
#1873=ORIENTED_EDGE('',*,*,#2020,.T.);
#1874=ORIENTED_EDGE('',*,*,#2022,.F.);
#1875=ORIENTED_EDGE('',*,*,#2066,.T.);
#1876=ORIENTED_EDGE('',*,*,#2067,.T.);
#1877=ORIENTED_EDGE('',*,*,#2068,.T.);
#1878=ORIENTED_EDGE('',*,*,#2066,.F.);
#1879=ORIENTED_EDGE('',*,*,#2026,.T.);
#1880=ORIENTED_EDGE('',*,*,#2028,.F.);
#1881=ORIENTED_EDGE('',*,*,#2023,.T.);
#1882=ORIENTED_EDGE('',*,*,#2068,.F.);
#1883=ORIENTED_EDGE('',*,*,#2069,.F.);
#1884=ORIENTED_EDGE('',*,*,#2070,.F.);
#1885=ORIENTED_EDGE('',*,*,#2071,.F.);
#1886=ORIENTED_EDGE('',*,*,#2061,.F.);
#1887=ORIENTED_EDGE('',*,*,#2030,.F.);
#1888=ORIENTED_EDGE('',*,*,#2060,.F.);
#1889=ORIENTED_EDGE('',*,*,#2072,.F.);
#1890=ORIENTED_EDGE('',*,*,#2073,.F.);
#1891=ORIENTED_EDGE('',*,*,#2074,.F.);
#1892=ORIENTED_EDGE('',*,*,#2075,.F.);
#1893=ORIENTED_EDGE('',*,*,#2046,.F.);
#1894=ORIENTED_EDGE('',*,*,#2076,.F.);
#1895=ORIENTED_EDGE('',*,*,#2036,.F.);
#1896=ORIENTED_EDGE('',*,*,#2077,.F.);
#1897=ORIENTED_EDGE('',*,*,#2033,.F.);
#1898=ORIENTED_EDGE('',*,*,#2078,.F.);
#1899=ORIENTED_EDGE('',*,*,#2054,.F.);
#1900=ORIENTED_EDGE('',*,*,#2079,.T.);
#1901=ORIENTED_EDGE('',*,*,#2080,.T.);
#1902=ORIENTED_EDGE('',*,*,#2081,.T.);
#1903=ORIENTED_EDGE('',*,*,#2082,.T.);
#1904=ORIENTED_EDGE('',*,*,#2058,.F.);
#1905=ORIENTED_EDGE('',*,*,#2037,.F.);
#1906=ORIENTED_EDGE('',*,*,#2083,.F.);
#1907=ORIENTED_EDGE('',*,*,#2052,.T.);
#1908=ORIENTED_EDGE('',*,*,#2040,.F.);
#1909=ORIENTED_EDGE('',*,*,#2051,.T.);
#1910=ORIENTED_EDGE('',*,*,#2084,.F.);
#1911=ORIENTED_EDGE('',*,*,#2085,.F.);
#1912=ORIENTED_EDGE('',*,*,#2086,.F.);
#1913=ORIENTED_EDGE('',*,*,#2087,.F.);
#1914=ORIENTED_EDGE('',*,*,#2049,.F.);
#1915=ORIENTED_EDGE('',*,*,#2043,.F.);
#1916=ORIENTED_EDGE('',*,*,#2048,.F.);
#1917=ORIENTED_EDGE('',*,*,#2088,.F.);
#1918=ORIENTED_EDGE('',*,*,#2089,.F.);
#1919=ORIENTED_EDGE('',*,*,#2090,.F.);
#1920=ORIENTED_EDGE('',*,*,#2047,.F.);
#1921=ORIENTED_EDGE('',*,*,#2087,.T.);
#1922=ORIENTED_EDGE('',*,*,#2091,.T.);
#1923=ORIENTED_EDGE('',*,*,#2088,.T.);
#1924=ORIENTED_EDGE('',*,*,#2050,.F.);
#1925=ORIENTED_EDGE('',*,*,#2083,.T.);
#1926=ORIENTED_EDGE('',*,*,#2092,.T.);
#1927=ORIENTED_EDGE('',*,*,#2084,.T.);
#1928=ORIENTED_EDGE('',*,*,#2056,.F.);
#1929=ORIENTED_EDGE('',*,*,#2093,.F.);
#1930=ORIENTED_EDGE('',*,*,#2057,.F.);
#1931=ORIENTED_EDGE('',*,*,#2094,.F.);
#1932=ORIENTED_EDGE('',*,*,#2059,.F.);
#1933=ORIENTED_EDGE('',*,*,#2071,.T.);
#1934=ORIENTED_EDGE('',*,*,#2095,.T.);
#1935=ORIENTED_EDGE('',*,*,#2072,.T.);
#1936=ORIENTED_EDGE('',*,*,#2067,.F.);
#1937=ORIENTED_EDGE('',*,*,#2069,.T.);
#1938=ORIENTED_EDGE('',*,*,#2070,.T.);
#1939=ORIENTED_EDGE('',*,*,#2082,.F.);
#1940=ORIENTED_EDGE('',*,*,#2095,.F.);
#1941=ORIENTED_EDGE('',*,*,#2073,.T.);
#1942=ORIENTED_EDGE('',*,*,#2074,.T.);
#1943=ORIENTED_EDGE('',*,*,#2081,.F.);
#1944=ORIENTED_EDGE('',*,*,#2086,.T.);
#1945=ORIENTED_EDGE('',*,*,#2079,.F.);
#1946=ORIENTED_EDGE('',*,*,#2090,.T.);
#1947=ORIENTED_EDGE('',*,*,#2080,.F.);
#1948=ORIENTED_EDGE('',*,*,#2092,.F.);
#1949=ORIENTED_EDGE('',*,*,#2085,.T.);
#1950=ORIENTED_EDGE('',*,*,#2091,.F.);
#1951=ORIENTED_EDGE('',*,*,#2089,.T.);
#1952=ORIENTED_EDGE('',*,*,#2093,.T.);
#1953=ORIENTED_EDGE('',*,*,#2094,.T.);
#1954=ORIENTED_EDGE('',*,*,#2055,.F.);
#1955=ORIENTED_EDGE('',*,*,#2078,.T.);
#1956=ORIENTED_EDGE('',*,*,#2032,.T.);
#1957=ORIENTED_EDGE('',*,*,#1988,.T.);
#1958=ORIENTED_EDGE('',*,*,#2027,.F.);
#1959=ORIENTED_EDGE('',*,*,#2077,.T.);
#1960=ORIENTED_EDGE('',*,*,#2035,.T.);
#1961=ORIENTED_EDGE('',*,*,#1994,.T.);
#1962=ORIENTED_EDGE('',*,*,#2034,.F.);
#1963=ORIENTED_EDGE('',*,*,#2076,.T.);
#1964=ORIENTED_EDGE('',*,*,#2045,.T.);
#1965=ORIENTED_EDGE('',*,*,#1996,.T.);
#1966=ORIENTED_EDGE('',*,*,#2038,.F.);
#1967=ORIENTED_EDGE('',*,*,#2075,.T.);
#1968=ORIENTED_EDGE('',*,*,#2053,.T.);
#1969=ORIENTED_EDGE('',*,*,#1986,.T.);
#1970=ORIENTED_EDGE('',*,*,#2011,.F.);
#1971=ORIENTED_EDGE('',*,*,#2004,.T.);
#1972=ORIENTED_EDGE('',*,*,#2021,.T.);
#1973=ORIENTED_EDGE('',*,*,#2065,.T.);
#1974=ORIENTED_EDGE('',*,*,#2014,.F.);
#1975=ORIENTED_EDGE('',*,*,#2006,.T.);
#1976=ORIENTED_EDGE('',*,*,#2010,.T.);
#1977=ORIENTED_EDGE('',*,*,#2064,.T.);
#1978=ORIENTED_EDGE('',*,*,#2017,.F.);
#1979=ORIENTED_EDGE('',*,*,#2008,.T.);
#1980=ORIENTED_EDGE('',*,*,#2013,.T.);
#1981=ORIENTED_EDGE('',*,*,#2063,.T.);
#1982=ORIENTED_EDGE('',*,*,#2019,.F.);
#1983=ORIENTED_EDGE('',*,*,#2002,.T.);
#1984=ORIENTED_EDGE('',*,*,#2016,.T.);
#1985=ORIENTED_EDGE('',*,*,#2062,.T.);
#1986=EDGE_CURVE('',#2096,#2097,#2098,.F.);
#1987=EDGE_CURVE('',#2096,#2099,#2100,.T.);
#1988=EDGE_CURVE('',#2101,#2099,#2102,.F.);
#1989=EDGE_CURVE('',#2101,#2103,#2104,.T.);
#1990=EDGE_CURVE('',#2103,#2105,#2106,.T.);
#1991=EDGE_CURVE('',#2105,#2107,#2108,.T.);
#1992=EDGE_CURVE('',#2107,#2109,#2110,.F.);
#1993=EDGE_CURVE('',#2109,#2111,#2112,.T.);
#1994=EDGE_CURVE('',#2113,#2111,#2114,.F.);
#1995=EDGE_CURVE('',#2113,#2115,#2116,.T.);
#1996=EDGE_CURVE('',#2117,#2115,#2118,.F.);
#1997=EDGE_CURVE('',#2117,#2119,#2120,.T.);
#1998=EDGE_CURVE('',#2119,#2121,#2122,.T.);
#1999=EDGE_CURVE('',#2121,#2123,#2124,.T.);
#2000=EDGE_CURVE('',#2123,#2125,#2126,.F.);
#2001=EDGE_CURVE('',#2125,#2097,#2127,.T.);
#2002=EDGE_CURVE('',#2128,#2129,#2130,.F.);
#2003=EDGE_CURVE('',#2131,#2128,#2132,.T.);
#2004=EDGE_CURVE('',#2133,#2131,#2134,.F.);
#2005=EDGE_CURVE('',#2135,#2133,#2136,.T.);
#2006=EDGE_CURVE('',#2137,#2135,#2138,.F.);
#2007=EDGE_CURVE('',#2139,#2137,#2140,.T.);
#2008=EDGE_CURVE('',#2141,#2139,#2142,.F.);
#2009=EDGE_CURVE('',#2129,#2141,#2143,.T.);
#2010=EDGE_CURVE('',#2135,#2144,#2145,.T.);
#2011=EDGE_CURVE('',#2133,#2146,#2147,.T.);
#2012=EDGE_CURVE('',#2144,#2146,#2148,.T.);
#2013=EDGE_CURVE('',#2139,#2149,#2150,.T.);
#2014=EDGE_CURVE('',#2137,#2151,#2152,.T.);
#2015=EDGE_CURVE('',#2149,#2151,#2153,.T.);
#2016=EDGE_CURVE('',#2129,#2154,#2155,.T.);
#2017=EDGE_CURVE('',#2141,#2156,#2157,.T.);
#2018=EDGE_CURVE('',#2154,#2156,#2158,.T.);
#2019=EDGE_CURVE('',#2128,#2159,#2160,.T.);
#2020=EDGE_CURVE('',#2161,#2159,#2162,.T.);
#2021=EDGE_CURVE('',#2131,#2161,#2163,.T.);
#2022=EDGE_CURVE('',#2164,#2165,#2166,.F.);
#2023=EDGE_CURVE('',#2167,#2165,#2168,.T.);
#2024=EDGE_CURVE('',#2109,#2167,#2169,.T.);
#2025=EDGE_CURVE('',#2170,#2107,#2171,.F.);
#2026=EDGE_CURVE('',#2164,#2170,#2172,.T.);
#2027=EDGE_CURVE('',#2173,#2111,#2174,.T.);
#2028=EDGE_CURVE('',#2167,#2170,#2175,.T.);
#2029=EDGE_CURVE('',#2105,#2176,#2177,.T.);
#2030=EDGE_CURVE('',#2176,#2178,#2179,.F.);
#2031=EDGE_CURVE('',#2178,#2103,#2180,.F.);
#2032=EDGE_CURVE('',#2181,#2101,#2182,.T.);
#2033=EDGE_CURVE('',#2181,#2173,#2183,.T.);
#2034=EDGE_CURVE('',#2184,#2115,#2185,.T.);
#2035=EDGE_CURVE('',#2186,#2113,#2187,.T.);
#2036=EDGE_CURVE('',#2186,#2184,#2188,.T.);
#2037=EDGE_CURVE('',#2189,#2189,#2190,.T.);
#2038=EDGE_CURVE('',#2191,#2097,#2192,.T.);
#2039=EDGE_CURVE('',#2125,#2193,#2194,.T.);
#2040=EDGE_CURVE('',#2193,#2195,#2196,.T.);
#2041=EDGE_CURVE('',#2195,#2123,#2197,.F.);
#2042=EDGE_CURVE('',#2121,#2198,#2199,.T.);
#2043=EDGE_CURVE('',#2198,#2200,#2201,.F.);
#2044=EDGE_CURVE('',#2200,#2119,#2202,.F.);
#2045=EDGE_CURVE('',#2203,#2117,#2204,.T.);
#2046=EDGE_CURVE('',#2203,#2191,#2205,.T.);
#2047=EDGE_CURVE('',#2206,#2207,#2208,.T.);
#2048=EDGE_CURVE('',#2207,#2198,#2209,.T.);
#2049=EDGE_CURVE('',#2200,#2206,#2210,.T.);
#2050=EDGE_CURVE('',#2211,#2212,#2213,.F.);
#2051=EDGE_CURVE('',#2193,#2212,#2214,.T.);
#2052=EDGE_CURVE('',#2211,#2195,#2215,.T.);
#2053=EDGE_CURVE('',#2216,#2096,#2217,.T.);
#2054=EDGE_CURVE('',#2216,#2218,#2219,.T.);
#2055=EDGE_CURVE('',#2218,#2099,#2220,.T.);
#2056=EDGE_CURVE('',#2221,#2221,#2222,.F.);
#2057=EDGE_CURVE('',#2223,#2223,#2224,.F.);
#2058=EDGE_CURVE('',#2225,#2225,#2226,.F.);
#2059=EDGE_CURVE('',#2227,#2228,#2229,.T.);
#2060=EDGE_CURVE('',#2228,#2176,#2230,.T.);
#2061=EDGE_CURVE('',#2178,#2227,#2231,.T.);
#2062=EDGE_CURVE('',#2154,#2159,#2232,.F.);
#2063=EDGE_CURVE('',#2149,#2156,#2233,.F.);
#2064=EDGE_CURVE('',#2144,#2151,#2234,.F.);
#2065=EDGE_CURVE('',#2161,#2146,#2235,.F.);
#2066=EDGE_CURVE('',#2164,#2236,#2237,.F.);
#2067=EDGE_CURVE('',#2236,#2238,#2239,.F.);
#2068=EDGE_CURVE('',#2238,#2165,#2240,.T.);
#2069=EDGE_CURVE('',#2236,#2238,#2241,.F.);
#2070=EDGE_CURVE('',#2242,#2242,#2243,.T.);
#2071=EDGE_CURVE('',#2227,#2244,#2245,.F.);
#2072=EDGE_CURVE('',#2246,#2228,#2247,.T.);
#2073=EDGE_CURVE('',#2244,#2246,#2248,.F.);
#2074=EDGE_CURVE('',#2249,#2249,#2250,.T.);
#2075=EDGE_CURVE('',#2191,#2216,#2251,.F.);
#2076=EDGE_CURVE('',#2184,#2203,#2252,.F.);
#2077=EDGE_CURVE('',#2173,#2186,#2253,.F.);
#2078=EDGE_CURVE('',#2218,#2181,#2254,.F.);
#2079=EDGE_CURVE('',#2255,#2255,#2256,.T.);
#2080=EDGE_CURVE('',#2257,#2257,#2258,.T.);
#2081=EDGE_CURVE('',#2259,#2259,#2260,.T.);
#2082=EDGE_CURVE('',#2261,#2261,#2262,.T.);
#2083=EDGE_CURVE('',#2211,#2263,#2264,.F.);
#2084=EDGE_CURVE('',#2265,#2212,#2266,.T.);
#2085=EDGE_CURVE('',#2263,#2265,#2267,.F.);
#2086=EDGE_CURVE('',#2268,#2268,#2269,.T.);
#2087=EDGE_CURVE('',#2206,#2270,#2271,.F.);
#2088=EDGE_CURVE('',#2272,#2207,#2273,.T.);
#2089=EDGE_CURVE('',#2270,#2272,#2274,.F.);
#2090=EDGE_CURVE('',#2275,#2275,#2276,.T.);
#2091=EDGE_CURVE('',#2270,#2272,#2277,.T.);
#2092=EDGE_CURVE('',#2263,#2265,#2278,.F.);
#2093=EDGE_CURVE('',#2279,#2279,#2280,.T.);
#2094=EDGE_CURVE('',#2281,#2281,#2282,.T.);
#2095=EDGE_CURVE('',#2244,#2246,#2283,.T.);
#2096=VERTEX_POINT('',#2284);
#2097=VERTEX_POINT('',#2285);
#2098=LINE('',#2286,#2287);
#2099=VERTEX_POINT('',#2289);
#2100=LINE('',#2290,#2291);
#2101=VERTEX_POINT('',#2293);
#2102=LINE('',#2294,#2295);
#2103=VERTEX_POINT('',#2297);
#2104=LINE('',#2298,#2299);
#2105=VERTEX_POINT('',#2301);
#2106=(BOUNDED_CURVE()B_SPLINE_CURVE(2,
(#2302,#2303,#2304),
.UNSPECIFIED.,.F.,.F.)B_SPLINE_CURVE_WITH_KNOTS((3,3),
(0.,1.),
.UNSPECIFIED.)CURVE()GEOMETRIC_REPRESENTATION_ITEM()RATIONAL_B_SPLINE_CURVE((1.,
1.08333333984639,1.))REPRESENTATION_ITEM(''));
#2107=VERTEX_POINT('',#2305);
#2108=LINE('',#2306,#2307);
#2109=VERTEX_POINT('',#2309);
#2110=(BOUNDED_CURVE()B_SPLINE_CURVE(2,
(#2310,#2311,#2312),
.UNSPECIFIED.,.F.,.F.)B_SPLINE_CURVE_WITH_KNOTS((3,3),
(0.,1.),
.UNSPECIFIED.)CURVE()GEOMETRIC_REPRESENTATION_ITEM()RATIONAL_B_SPLINE_CURVE((1.,
1.08333333984639,1.))REPRESENTATION_ITEM(''));
#2111=VERTEX_POINT('',#2313);
#2112=LINE('',#2314,#2315);
#2113=VERTEX_POINT('',#2317);
#2114=LINE('',#2318,#2319);
#2115=VERTEX_POINT('',#2321);
#2116=LINE('',#2322,#2323);
#2117=VERTEX_POINT('',#2325);
#2118=LINE('',#2326,#2327);
#2119=VERTEX_POINT('',#2329);
#2120=LINE('',#2330,#2331);
#2121=VERTEX_POINT('',#2333);
#2122=(BOUNDED_CURVE()B_SPLINE_CURVE(2,
(#2334,#2335,#2336),
.UNSPECIFIED.,.F.,.F.)B_SPLINE_CURVE_WITH_KNOTS((3,3),
(0.,1.),
.UNSPECIFIED.)CURVE()GEOMETRIC_REPRESENTATION_ITEM()RATIONAL_B_SPLINE_CURVE((1.,
1.08333333984639,1.))REPRESENTATION_ITEM(''));
#2123=VERTEX_POINT('',#2337);
#2124=LINE('',#2338,#2339);
#2125=VERTEX_POINT('',#2341);
#2126=(BOUNDED_CURVE()B_SPLINE_CURVE(2,
(#2342,#2343,#2344),
.UNSPECIFIED.,.F.,.F.)B_SPLINE_CURVE_WITH_KNOTS((3,3),
(0.,1.),
.UNSPECIFIED.)CURVE()GEOMETRIC_REPRESENTATION_ITEM()RATIONAL_B_SPLINE_CURVE((1.,
1.08333333984639,1.))REPRESENTATION_ITEM(''));
#2127=LINE('',#2345,#2346);
#2128=VERTEX_POINT('',#2348);
#2129=VERTEX_POINT('',#2349);
#2130=CIRCLE('',#2350,2.00000000000001);
#2131=VERTEX_POINT('',#2354);
#2132=LINE('',#2355,#2356);
#2133=VERTEX_POINT('',#2358);
#2134=CIRCLE('',#2359,2.);
#2135=VERTEX_POINT('',#2363);
#2136=LINE('',#2364,#2365);
#2137=VERTEX_POINT('',#2367);
#2138=CIRCLE('',#2368,2.);
#2139=VERTEX_POINT('',#2372);
#2140=LINE('',#2373,#2374);
#2141=VERTEX_POINT('',#2376);
#2142=CIRCLE('',#2377,2.);
#2143=LINE('',#2381,#2382);
#2144=VERTEX_POINT('',#2384);
#2145=LINE('',#2385,#2386);
#2146=VERTEX_POINT('',#2388);
#2147=LINE('',#2389,#2390);
#2148=LINE('',#2392,#2393);
#2149=VERTEX_POINT('',#2395);
#2150=LINE('',#2396,#2397);
#2151=VERTEX_POINT('',#2399);
#2152=LINE('',#2400,#2401);
#2153=LINE('',#2403,#2404);
#2154=VERTEX_POINT('',#2406);
#2155=LINE('',#2407,#2408);
#2156=VERTEX_POINT('',#2410);
#2157=LINE('',#2411,#2412);
#2158=LINE('',#2414,#2415);
#2159=VERTEX_POINT('',#2417);
#2160=LINE('',#2418,#2419);
#2161=VERTEX_POINT('',#2421);
#2162=LINE('',#2422,#2423);
#2163=LINE('',#2425,#2426);
#2164=VERTEX_POINT('',#2428);
#2165=VERTEX_POINT('',#2429);
#2166=B_SPLINE_CURVE_WITH_KNOTS('',3,
(#2430,#2431,#2432,#2433,#2434,#2435,#2436,#2437,#2438,#2439,#2440,#2441,#2442,#2443,
#2444,#2445,#2446,#2447,#2448,#2449,#2450,#2451,#2452,#2453,#2454,#2455,#2456,#2457,
#2458,#2459,#2460,#2461,#2462,#2463,#2464,#2465,#2466,#2467,#2468,#2469,#2470,#2471,
#2472,#2473,#2474,#2475,#2476,#2477,#2478,#2479,#2480,#2481,#2482,#2483,#2484,#2485,
#2486,#2487,#2488,#2489,#2490,#2491,#2492,#2493,#2494,#2495,#2496,#2497,#2498,#2499,
#2500,#2501,#2502,#2503,#2504,#2505,#2506,#2507,#2508,#2509,#2510,#2511,#2512,#2513,
#2514,#2515,#2516,#2517,#2518,#2519,#2520,#2521,#2522,#2523,#2524,#2525,#2526,#2527,
#2528,#2529,#2530,#2531),
.UNSPECIFIED.,.F.,.F.,
(4,1,1,1,1,1,1,1,1,1,1,1,1,1,1,1,1,1,1,1,1,1,1,1,1,1,1,1,1,1,1,1,1,1,1,1,1,1,1,1,
1,1,1,1,1,1,1,1,1,1,1,1,1,1,1,1,1,1,1,1,1,1,1,1,1,1,1,1,1,1,1,1,1,1,1,1,1,1,1,1,
1,1,1,1,1,1,1,1,1,1,1,1,1,1,1,1,1,1,1,4),
(0.,0.0121979871737782,0.0230677855562377,0.0333854498473919,0.0431509800472409,
0.0568594130545153,0.071543353165131,0.0868677814932966,0.0993006715286299,0.110968311439556,
0.122202578049159,0.137208803626203,0.152436213858088,0.166795460429983,0.176370936318303,
0.184929489506295,0.192946254403597,0.201034475739081,0.208470377110914,0.215601942445884,
0.221723175784739,0.22740683269431,0.233343382719558,0.239189397589621,0.244683910924485,
0.249100745951038,0.252810062006071,0.256141146135859,0.259792293700876,0.26444384263924,
0.270460802465675,0.277670708444491,0.285409594321657,0.293808723952414,0.30431145556926,
0.315135687750707,0.325968227829817,0.335457378994925,0.345510344305671,0.356377037990231,
0.368015190214821,0.380861937299291,0.395534549737933,0.412465618274614,0.431596883590718,
0.449555471084288,0.465903044209051,0.481031737952521,0.497182482055605,0.514518645263409,
0.532538342209345,0.551016498972323,0.569650353945168,0.587828558865506,0.606244926942781,
0.623427352894092,0.638837860652175,0.650578480344882,0.659472755581299,0.666400884068898,
0.672707985533399,0.679673188687112,0.687296493530036,0.694425120025526,0.700303496856999,
0.704849759553509,0.710310828801433,0.716413709312496,0.723174840130654,0.72994733994103,
0.736223093280423,0.742092447092256,0.746574869773773,0.750284453345776,0.753250663668887,
0.756358644182448,0.759835243879231,0.763545767033329,0.767576674211546,0.771765101059443,
0.776263606249864,0.780685184396142,0.785771605121191,0.791913611656909,0.799381623156295,
0.808002584496461,0.817221824564519,0.82753172259049,0.838511866658406,0.851257396393498,
0.867204114517515,0.884979313206789,0.902951548546957,0.920126117821397,0.936649453521644,
0.951582996594343,0.964273155246313,0.976903031630074,0.988980034321024,1.),
.UNSPECIFIED.);
#2167=VERTEX_POINT('',#2532);
#2168=(BOUNDED_CURVE()B_SPLINE_CURVE(2,
(#2533,#2534,#2535),
.UNSPECIFIED.,.F.,.F.)B_SPLINE_CURVE_WITH_KNOTS((3,3),
(0.,1.),
.UNSPECIFIED.)CURVE()GEOMETRIC_REPRESENTATION_ITEM()RATIONAL_B_SPLINE_CURVE((1.0082249727446,
1.01709481996702,1.02361208952782))REPRESENTATION_ITEM(''));
#2169=B_SPLINE_CURVE_WITH_KNOTS('',3,
(#2536,#2537,#2538,#2539,#2540,#2541,#2542,#2543,#2544,#2545,#2546,#2547,#2548,#2549,
#2550,#2551,#2552,#2553,#2554,#2555,#2556,#2557,#2558,#2559,#2560,#2561,#2562,#2563,
#2564,#2565,#2566,#2567,#2568,#2569,#2570,#2571,#2572,#2573,#2574,#2575,#2576,#2577,
#2578,#2579,#2580,#2581,#2582,#2583,#2584),
.UNSPECIFIED.,.F.,.F.,
(4,1,1,1,1,1,1,1,1,1,1,1,1,1,1,1,1,1,1,1,1,1,1,1,1,1,1,1,1,1,1,1,1,1,1,1,1,1,1,1,
1,1,1,1,1,1,4),
(0.,0.0343199708606625,0.0684514418375581,0.102470993562672,0.125631068474205,0.136626316789685,
0.170907251344876,0.205448679723422,0.240195724644787,0.275118836946935,0.310036254423141,
0.344980125438941,0.379844446068233,0.408154727276384,0.414435666461857,0.448962087699098,
0.482938278853693,0.516535142142896,0.549605075339494,0.582384867169592,0.614105557892897,
0.644907776011287,0.67413124156343,0.702727343955834,0.713400087950495,0.729468433411617,
0.755135987393949,0.779177405690779,0.802747214761478,0.824642615715398,0.845250411757337,
0.863870129471402,0.881688367683827,0.89747607715292,0.904783523604936,0.912073972654788,
0.92502897348087,0.937584153476535,0.948910286927875,0.9594160888649,0.966869757493738,
0.968667710887298,0.977472004260981,0.985425744137873,0.992605811704369,0.992953422130675,
1.),
.UNSPECIFIED.);
#2170=VERTEX_POINT('',#2585);
#2171=B_SPLINE_CURVE_WITH_KNOTS('',3,
(#2586,#2587,#2588,#2589,#2590,#2591,#2592,#2593,#2594,#2595,#2596,#2597,#2598,#2599,
#2600,#2601,#2602,#2603,#2604,#2605,#2606,#2607,#2608,#2609,#2610,#2611,#2612,#2613,
#2614,#2615,#2616,#2617,#2618,#2619,#2620,#2621,#2622,#2623,#2624,#2625,#2626,#2627,
#2628,#2629,#2630,#2631,#2632,#2633,#2634),
.UNSPECIFIED.,.F.,.F.,
(4,1,1,1,1,1,1,1,1,1,1,1,1,1,1,1,1,1,1,1,1,1,1,1,1,1,1,1,1,1,1,1,1,1,1,1,1,1,1,1,
1,1,1,1,1,1,4),
(0.,0.0343199708606618,0.068451441837558,0.102470993562672,0.125631068474205,0.136626316789686,
0.170907251344876,0.205448679723421,0.240195724644786,0.275118836946936,0.310036254423141,
0.344980125438939,0.379844446068229,0.408154727276382,0.41443566646185,0.448962087699088,
0.482938278853682,0.516535142142888,0.549605075339497,0.582384867169612,0.614105557892937,
0.644907776011347,0.674131241563501,0.702727343955911,0.713400087950524,0.729468433411685,
0.755135987393999,0.779177405690795,0.802747214761445,0.824642615715292,0.845250411757135,
0.863870129471083,0.881688367683386,0.897476077152432,0.904783523604724,0.912073972654351,
0.925028973480642,0.937584153476623,0.948910286928335,0.959416088865721,0.966869757494139,
0.968667710888484,0.977472004262559,0.985425744139594,0.99260581170547,0.99295342213233,
1.),
.UNSPECIFIED.);
#2172=(BOUNDED_CURVE()B_SPLINE_CURVE(2,
(#2635,#2636,#2637),
.UNSPECIFIED.,.F.,.F.)B_SPLINE_CURVE_WITH_KNOTS((3,3),
(0.,1.),
.UNSPECIFIED.)CURVE()GEOMETRIC_REPRESENTATION_ITEM()RATIONAL_B_SPLINE_CURVE((1.02361208952782,
1.01709481996702,1.0082249727446))REPRESENTATION_ITEM(''));
#2173=VERTEX_POINT('',#2638);
#2174=LINE('',#2639,#2640);
#2175=LINE('',#2642,#2643);
#2176=VERTEX_POINT('',#2645);
#2177=B_SPLINE_CURVE_WITH_KNOTS('',3,
(#2646,#2647,#2648,#2649,#2650,#2651,#2652,#2653,#2654,#2655,#2656,#2657,#2658,#2659,
#2660,#2661,#2662,#2663,#2664,#2665,#2666,#2667,#2668,#2669,#2670,#2671,#2672,#2673,
#2674,#2675,#2676,#2677,#2678,#2679,#2680,#2681,#2682,#2683,#2684,#2685,#2686,#2687,
#2688,#2689,#2690,#2691,#2692,#2693,#2694),
.UNSPECIFIED.,.F.,.F.,
(4,1,1,1,1,1,1,1,1,1,1,1,1,1,1,1,1,1,1,1,1,1,1,1,1,1,1,1,1,1,1,1,1,1,1,1,1,1,1,1,
1,1,1,1,1,1,4),
(0.,0.0343199708606621,0.0684514418375581,0.102470993562672,0.125631068474205,0.136626316789686,
0.170907251344876,0.205448679723421,0.240195724644787,0.275118836946935,0.310036254423142,
0.344980125438942,0.379844446068234,0.408154727276384,0.414435666461858,0.448962087699099,
0.482938278853695,0.516535142142896,0.549605075339495,0.582384867169593,0.614105557892898,
0.644907776011288,0.67413124156343,0.702727343955834,0.713400087950495,0.729468433411617,
0.755135987393948,0.779177405690779,0.802747214761478,0.824642615715398,0.845250411757337,
0.863870129471402,0.881688367683828,0.897476077152921,0.904783523604937,0.91207397265479,
0.925028973480872,0.937584153476536,0.948910286927877,0.959416088864902,0.966869757493738,
0.9686677108873,0.977472004260982,0.985425744137873,0.99260581170437,0.992953422130676,
1.),
.UNSPECIFIED.);
#2178=VERTEX_POINT('',#2695);
#2179=LINE('',#2696,#2697);
#2180=B_SPLINE_CURVE_WITH_KNOTS('',3,
(#2699,#2700,#2701,#2702,#2703,#2704,#2705,#2706,#2707,#2708,#2709,#2710,#2711,#2712,
#2713,#2714,#2715,#2716,#2717,#2718,#2719,#2720,#2721,#2722,#2723,#2724,#2725,#2726,
#2727,#2728,#2729,#2730,#2731,#2732,#2733,#2734,#2735,#2736,#2737,#2738,#2739,#2740,
#2741,#2742,#2743,#2744,#2745,#2746,#2747),
.UNSPECIFIED.,.F.,.F.,
(4,1,1,1,1,1,1,1,1,1,1,1,1,1,1,1,1,1,1,1,1,1,1,1,1,1,1,1,1,1,1,1,1,1,1,1,1,1,1,1,
1,1,1,1,1,1,4),
(0.,0.0343199708606613,0.068451441837557,0.102470993562671,0.125631068474205,0.136626316789686,
0.170907251344876,0.205448679723422,0.240195724644787,0.275118836946934,0.310036254423139,
0.344980125438936,0.379844446068224,0.40815472727638,0.414435666461841,0.448962087699075,
0.482938278853669,0.516535142142879,0.549605075339505,0.582384867169644,0.614105557892997,
0.644907776011432,0.674131241563604,0.702727343956021,0.713400087950566,0.729468433411785,
0.755135987394073,0.779177405690819,0.8027472147614,0.824642615715143,0.84525041175685,
0.863870129470636,0.881688367682763,0.897476077151742,0.904783523604425,0.912073972653734,
0.925028973480319,0.937584153476748,0.948910286928983,0.959416088866879,0.966869757494706,
0.968667710890157,0.977472004264784,0.985425744142021,0.992605811707023,0.992953422134664,
1.),
.UNSPECIFIED.);
#2181=VERTEX_POINT('',#2748);
#2182=LINE('',#2749,#2750);
#2183=LINE('',#2752,#2753);
#2184=VERTEX_POINT('',#2755);
#2185=LINE('',#2756,#2757);
#2186=VERTEX_POINT('',#2759);
#2187=LINE('',#2760,#2761);
#2188=LINE('',#2763,#2764);
#2189=VERTEX_POINT('',#2766);
#2190=CIRCLE('',#2767,5.1);
#2191=VERTEX_POINT('',#2771);
#2192=LINE('',#2772,#2773);
#2193=VERTEX_POINT('',#2775);
#2194=B_SPLINE_CURVE_WITH_KNOTS('',3,
(#2776,#2777,#2778,#2779,#2780,#2781,#2782,#2783,#2784,#2785,#2786,#2787,#2788,#2789,
#2790,#2791,#2792,#2793,#2794,#2795,#2796,#2797,#2798,#2799,#2800,#2801,#2802,#2803,
#2804,#2805,#2806,#2807,#2808,#2809,#2810,#2811,#2812,#2813,#2814,#2815,#2816,#2817,
#2818,#2819,#2820,#2821,#2822,#2823,#2824),
.UNSPECIFIED.,.F.,.F.,
(4,1,1,1,1,1,1,1,1,1,1,1,1,1,1,1,1,1,1,1,1,1,1,1,1,1,1,1,1,1,1,1,1,1,1,1,1,1,1,1,
1,1,1,1,1,1,4),
(0.,0.0343199708606616,0.0684514418375582,0.102470993562672,0.125631068474205,0.136626316789686,
0.170907251344877,0.205448679723422,0.240195724644786,0.275118836946934,0.310036254423139,
0.344980125438935,0.379844446068222,0.408154727276379,0.41443566646184,0.448962087699073,
0.482938278853668,0.516535142142879,0.549605075339505,0.582384867169643,0.614105557892997,
0.644907776011432,0.674131241563604,0.702727343956021,0.713400087950566,0.729468433411785,
0.755135987394073,0.779177405690819,0.802747214761401,0.824642615715144,0.845250411756851,
0.863870129470636,0.881688367682763,0.897476077151744,0.904783523604425,0.912073972653735,
0.92502897348032,0.937584153476748,0.948910286928982,0.959416088866878,0.966869757494705,
0.968667710890156,0.977472004264784,0.98542574414202,0.992605811707022,0.992953422134663,
1.),
.UNSPECIFIED.);
#2195=VERTEX_POINT('',#2825);
#2196=LINE('',#2826,#2827);
#2197=B_SPLINE_CURVE_WITH_KNOTS('',3,
(#2829,#2830,#2831,#2832,#2833,#2834,#2835,#2836,#2837,#2838,#2839,#2840,#2841,#2842,
#2843,#2844,#2845,#2846,#2847,#2848,#2849,#2850,#2851,#2852,#2853,#2854,#2855,#2856,
#2857,#2858,#2859,#2860,#2861,#2862,#2863,#2864,#2865,#2866,#2867,#2868,#2869,#2870,
#2871,#2872,#2873,#2874,#2875,#2876,#2877),
.UNSPECIFIED.,.F.,.F.,
(4,1,1,1,1,1,1,1,1,1,1,1,1,1,1,1,1,1,1,1,1,1,1,1,1,1,1,1,1,1,1,1,1,1,1,1,1,1,1,1,
1,1,1,1,1,1,4),
(0.,0.0343199708606615,0.0684514418375576,0.102470993562671,0.125631068474204,0.136626316789685,
0.170907251344875,0.205448679723421,0.240195724644786,0.275118836946934,0.310036254423139,
0.344980125438939,0.379844446068229,0.408154727276383,0.414435666461851,0.448962087699088,
0.482938278853684,0.51653514214289,0.5496050753395,0.582384867169614,0.614105557892939,
0.644907776011348,0.674131241563502,0.702727343955911,0.713400087950524,0.729468433411686,
0.755135987393999,0.779177405690795,0.802747214761445,0.824642615715292,0.845250411757135,
0.863870129471084,0.881688367683386,0.897476077152432,0.904783523604724,0.912073972654352,
0.925028973480643,0.937584153476624,0.948910286928335,0.959416088865722,0.96686975749414,
0.968667710888486,0.97747200426256,0.985425744139594,0.99260581170547,0.99295342213233,
1.),
.UNSPECIFIED.);
#2198=VERTEX_POINT('',#2878);
#2199=B_SPLINE_CURVE_WITH_KNOTS('',3,
(#2879,#2880,#2881,#2882,#2883,#2884,#2885,#2886,#2887,#2888,#2889,#2890,#2891,#2892,
#2893,#2894,#2895,#2896,#2897,#2898,#2899,#2900,#2901,#2902,#2903,#2904,#2905,#2906,
#2907,#2908,#2909,#2910,#2911,#2912,#2913,#2914,#2915,#2916,#2917,#2918,#2919,#2920,
#2921,#2922,#2923,#2924,#2925,#2926,#2927),
.UNSPECIFIED.,.F.,.F.,
(4,1,1,1,1,1,1,1,1,1,1,1,1,1,1,1,1,1,1,1,1,1,1,1,1,1,1,1,1,1,1,1,1,1,1,1,1,1,1,1,
1,1,1,1,1,1,4),
(0.,0.0343199708606621,0.0684514418375584,0.102470993562672,0.125631068474205,0.136626316789686,
0.170907251344876,0.205448679723421,0.240195724644787,0.275118836946936,0.310036254423141,
0.344980125438941,0.379844446068233,0.408154727276384,0.414435666461857,0.448962087699098,
0.482938278853693,0.516535142142895,0.549605075339494,0.582384867169591,0.614105557892896,
0.644907776011287,0.674131241563429,0.702727343955834,0.713400087950496,0.729468433411616,
0.755135987393948,0.779177405690779,0.802747214761478,0.824642615715398,0.845250411757337,
0.863870129471402,0.881688367683828,0.89747607715292,0.904783523604936,0.912073972654789,
0.925028973480871,0.937584153476535,0.948910286927876,0.959416088864901,0.966869757493738,
0.9686677108873,0.977472004260981,0.985425744137873,0.992605811704369,0.992953422130675,
1.),
.UNSPECIFIED.);
#2200=VERTEX_POINT('',#2928);
#2201=LINE('',#2929,#2930);
#2202=B_SPLINE_CURVE_WITH_KNOTS('',3,
(#2932,#2933,#2934,#2935,#2936,#2937,#2938,#2939,#2940,#2941,#2942,#2943,#2944,#2945,
#2946,#2947,#2948,#2949,#2950,#2951,#2952,#2953,#2954,#2955,#2956,#2957,#2958,#2959,
#2960,#2961,#2962,#2963,#2964,#2965,#2966,#2967,#2968,#2969,#2970,#2971,#2972,#2973,
#2974,#2975,#2976,#2977,#2978,#2979,#2980),
.UNSPECIFIED.,.F.,.F.,
(4,1,1,1,1,1,1,1,1,1,1,1,1,1,1,1,1,1,1,1,1,1,1,1,1,1,1,1,1,1,1,1,1,1,1,1,1,1,1,1,
1,1,1,1,1,1,4),
(0.,0.0343199708606613,0.0684514418375577,0.102470993562672,0.125631068474205,0.136626316789686,
0.170907251344877,0.205448679723422,0.240195724644787,0.275118836946934,0.310036254423137,
0.344980125438935,0.379844446068223,0.408154727276379,0.41443566646184,0.448962087699074,
0.482938278853668,0.516535142142879,0.549605075339504,0.582384867169642,0.614105557892996,
0.644907776011432,0.674131241563603,0.702727343956021,0.713400087950566,0.729468433411785,
0.755135987394073,0.779177405690819,0.8027472147614,0.824642615715144,0.845250411756851,
0.863870129470637,0.881688367682764,0.897476077151744,0.904783523604425,0.912073972653736,
0.92502897348032,0.937584153476749,0.948910286928983,0.959416088866879,0.966869757494705,
0.968667710890156,0.977472004264784,0.985425744142021,0.992605811707023,0.992953422134664,
1.),
.UNSPECIFIED.);
#2203=VERTEX_POINT('',#2981);
#2204=LINE('',#2982,#2983);
#2205=LINE('',#2985,#2986);
#2206=VERTEX_POINT('',#2988);
#2207=VERTEX_POINT('',#2989);
#2208=B_SPLINE_CURVE_WITH_KNOTS('',3,
(#2990,#2991,#2992,#2993,#2994,#2995,#2996,#2997,#2998,#2999,#3000,#3001,#3002,#3003,
#3004,#3005,#3006,#3007,#3008,#3009,#3010,#3011,#3012,#3013,#3014,#3015,#3016,#3017,
#3018,#3019,#3020,#3021,#3022,#3023,#3024,#3025,#3026,#3027,#3028,#3029,#3030,#3031,
#3032,#3033,#3034,#3035,#3036,#3037,#3038,#3039,#3040,#3041,#3042,#3043,#3044,#3045,
#3046,#3047,#3048,#3049,#3050,#3051,#3052,#3053,#3054,#3055,#3056,#3057,#3058,#3059,
#3060,#3061,#3062,#3063,#3064,#3065,#3066,#3067,#3068,#3069,#3070,#3071,#3072,#3073,
#3074,#3075,#3076,#3077,#3078,#3079,#3080,#3081,#3082,#3083,#3084,#3085,#3086,#3087,
#3088,#3089,#3090,#3091,#3092,#3093,#3094),
.UNSPECIFIED.,.F.,.F.,
(4,1,1,1,1,1,1,1,1,1,1,1,1,1,1,1,1,1,1,1,1,1,1,1,1,1,1,1,1,1,1,1,1,1,1,1,1,1,1,1,
1,1,1,1,1,1,1,1,1,1,1,1,1,1,1,1,1,1,1,1,1,1,1,1,1,1,1,1,1,1,1,1,1,1,1,1,1,1,1,1,
1,1,1,1,1,1,1,1,1,1,1,1,1,1,1,1,1,1,1,1,1,1,4),
(0.,0.0122506519590604,0.0231678703668027,0.0335484587490328,0.0433924171057505,
0.0571406491961469,0.0718123588814904,0.0870776783851598,0.0994667420261597,0.111104565951996,
0.122326269254115,0.137378245860479,0.152627839235041,0.166971862084542,0.17644443464132,
0.185097342764866,0.193205702336989,0.201815946212628,0.209495603717915,0.217048854026965,
0.223374824228006,0.229327956630868,0.2372160053634,0.244389840365291,0.250910283307895,
0.254399960883623,0.257644496015079,0.261005902546795,0.264936589654348,0.271248597766522,
0.279585178784422,0.288760748370795,0.297426365672801,0.306650134959248,0.315725942249396,
0.324190516474668,0.331163222369326,0.338171609178034,0.34557983749429,0.354351471757768,
0.365559155682291,0.380581411722323,0.397555338969083,0.416142679506355,0.433303403362356,
0.449531598423268,0.463390010657916,0.476199132364629,0.488764793162814,0.502713533599155,
0.518523862115564,0.536108669998764,0.554072986813933,0.572341617657502,0.590455904619248,
0.608604345605933,0.625709040010019,0.641563400902392,0.655658075730405,0.66851042177349,
0.679282294640512,0.688423766662917,0.695712911662387,0.702346427093419,0.708666393392166,
0.715009924182687,0.721490717767109,0.727547206587858,0.73310065442302,0.737733164005399,
0.741850678849224,0.745393120191964,0.74862515416825,0.751702404821429,0.755022786483534,
0.758349467038137,0.761682446485237,0.764931006904613,0.76839499678304,0.771971641288995,
0.775436445505141,0.778714507689202,0.781996273551791,0.785715789172249,0.79033653238653,
0.79663150956302,0.804765747762886,0.814085578646621,0.824354454696477,0.835356215524769,
0.848822185211854,0.863373973471552,0.878999723607317,0.893473439557022,0.907871197006697,
0.923581267371724,0.940352342662748,0.95567007732986,0.967586805545834,0.97704765452643,
0.987054083455554,0.994704865280078,1.),
.UNSPECIFIED.);
#2209=(BOUNDED_CURVE()B_SPLINE_CURVE(2,
(#3095,#3096,#3097),
.UNSPECIFIED.,.F.,.F.)B_SPLINE_CURVE_WITH_KNOTS((3,3),
(0.,1.),
.UNSPECIFIED.)CURVE()GEOMETRIC_REPRESENTATION_ITEM()RATIONAL_B_SPLINE_CURVE((1.02361208952782,
1.01709481996702,1.0082249727446))REPRESENTATION_ITEM(''));
#2210=(BOUNDED_CURVE()B_SPLINE_CURVE(2,
(#3098,#3099,#3100),
.UNSPECIFIED.,.F.,.F.)B_SPLINE_CURVE_WITH_KNOTS((3,3),
(0.,1.),
.UNSPECIFIED.)CURVE()GEOMETRIC_REPRESENTATION_ITEM()RATIONAL_B_SPLINE_CURVE((1.0082249727446,
1.01709481996702,1.02361208952782))REPRESENTATION_ITEM(''));
#2211=VERTEX_POINT('',#3101);
#2212=VERTEX_POINT('',#3102);
#2213=B_SPLINE_CURVE_WITH_KNOTS('',3,
(#3103,#3104,#3105,#3106,#3107,#3108,#3109,#3110,#3111,#3112,#3113,#3114,#3115,#3116,
#3117,#3118,#3119,#3120,#3121,#3122,#3123,#3124,#3125,#3126,#3127,#3128,#3129,#3130,
#3131,#3132,#3133,#3134,#3135,#3136,#3137,#3138,#3139,#3140,#3141,#3142,#3143,#3144,
#3145,#3146,#3147,#3148,#3149,#3150,#3151,#3152,#3153,#3154,#3155,#3156,#3157,#3158,
#3159,#3160,#3161,#3162,#3163,#3164,#3165,#3166,#3167,#3168,#3169,#3170,#3171,#3172,
#3173,#3174,#3175,#3176,#3177,#3178,#3179,#3180,#3181,#3182,#3183,#3184,#3185,#3186,
#3187,#3188,#3189,#3190,#3191,#3192,#3193,#3194,#3195,#3196,#3197,#3198,#3199,#3200,
#3201,#3202,#3203,#3204),
.UNSPECIFIED.,.F.,.F.,
(4,1,1,1,1,1,1,1,1,1,1,1,1,1,1,1,1,1,1,1,1,1,1,1,1,1,1,1,1,1,1,1,1,1,1,1,1,1,1,1,
1,1,1,1,1,1,1,1,1,1,1,1,1,1,1,1,1,1,1,1,1,1,1,1,1,1,1,1,1,1,1,1,1,1,1,1,1,1,1,1,
1,1,1,1,1,1,1,1,1,1,1,1,1,1,1,1,1,1,1,4),
(0.,0.0121979871737839,0.023067785556249,0.0333854498474048,0.0431509800472514,0.0568594130537859,
0.0715433531637266,0.0868677814913137,0.0993006715269713,0.110968311438307,0.122202578048192,
0.137208803622127,0.152436213850667,0.166795460419238,0.176370936307028,0.184929489493013,
0.1929462543899,0.201034475731852,0.208470377114628,0.215601942461707,0.221723175805218,
0.227406832715537,0.233343382731458,0.239189397592978,0.244683910920943,0.249100745947355,
0.252810062001305,0.256141146126777,0.259792293679704,0.264443842614255,0.270460802436938,
0.277670708421676,0.285409594296746,0.293808723925042,0.30431145552268,0.315135687685795,
0.325968227749024,0.335457378913396,0.34551034422316,0.356377037906703,0.368015190130455,
0.380861937214728,0.395534549652843,0.412465618189631,0.431596883504248,0.449555470996918,
0.465903044120051,0.481031737864055,0.497182481968445,0.514518645177494,0.532538342123974,
0.551016498886876,0.569650353859859,0.587828558779969,0.606244926857612,0.623427352806429,
0.638837860556716,0.650578480238101,0.659472755464577,0.666400883946155,0.672707985408238,
0.679673188568242,0.687296493426166,0.694425119937705,0.700303496779688,0.704849759483269,
0.710310828786266,0.716413709336714,0.723174840187544,0.729947339988998,0.736223093337951,
0.742092447150927,0.746574869823228,0.750284453381511,0.753250663707008,0.756358644244261,
0.759835243937984,0.763545767070523,0.767576674198516,0.771765100993594,0.776263606094247,
0.78068518414311,0.785771604804865,0.791913611342973,0.799381622845325,0.808002584187509,
0.817221824228593,0.827531722211023,0.838511866226346,0.851257395911542,0.867204113989964,
0.884979312635341,0.902951547942537,0.920126117162348,0.936649452766829,0.951582995738245,
0.964273154342705,0.97690303073542,0.988980033730589,1.),
.UNSPECIFIED.);
#2214=(BOUNDED_CURVE()B_SPLINE_CURVE(2,
(#3205,#3206,#3207),
.UNSPECIFIED.,.F.,.F.)B_SPLINE_CURVE_WITH_KNOTS((3,3),
(0.,1.),
.UNSPECIFIED.)CURVE()GEOMETRIC_REPRESENTATION_ITEM()RATIONAL_B_SPLINE_CURVE((1.0082249727446,
1.01709481996702,1.02361208952782))REPRESENTATION_ITEM(''));
#2215=(BOUNDED_CURVE()B_SPLINE_CURVE(2,
(#3208,#3209,#3210),
.UNSPECIFIED.,.F.,.F.)B_SPLINE_CURVE_WITH_KNOTS((3,3),
(0.,1.),
.UNSPECIFIED.)CURVE()GEOMETRIC_REPRESENTATION_ITEM()RATIONAL_B_SPLINE_CURVE((1.02361208952782,
1.01709481996702,1.0082249727446))REPRESENTATION_ITEM(''));
#2216=VERTEX_POINT('',#3211);
#2217=LINE('',#3212,#3213);
#2218=VERTEX_POINT('',#3215);
#2219=LINE('',#3216,#3217);
#2220=LINE('',#3219,#3220);
#2221=VERTEX_POINT('',#3222);
#2222=CIRCLE('',#3223,1.3);
#2223=VERTEX_POINT('',#3227);
#2224=CIRCLE('',#3228,1.3);
#2225=VERTEX_POINT('',#3232);
#2226=CIRCLE('',#3233,5.1);
#2227=VERTEX_POINT('',#3237);
#2228=VERTEX_POINT('',#3238);
#2229=B_SPLINE_CURVE_WITH_KNOTS('',3,
(#3239,#3240,#3241,#3242,#3243,#3244,#3245,#3246,#3247,#3248,#3249,#3250,#3251,#3252,
#3253,#3254,#3255,#3256,#3257,#3258,#3259,#3260,#3261,#3262,#3263,#3264,#3265,#3266,
#3267,#3268,#3269,#3270,#3271,#3272,#3273,#3274,#3275,#3276,#3277,#3278,#3279,#3280,
#3281,#3282,#3283,#3284,#3285,#3286,#3287,#3288,#3289,#3290,#3291,#3292,#3293,#3294,
#3295,#3296,#3297,#3298,#3299,#3300,#3301,#3302,#3303,#3304,#3305,#3306,#3307,#3308,
#3309,#3310,#3311,#3312,#3313,#3314,#3315,#3316,#3317,#3318,#3319,#3320,#3321,#3322,
#3323,#3324,#3325,#3326,#3327,#3328,#3329,#3330,#3331,#3332,#3333,#3334,#3335,#3336,
#3337,#3338,#3339,#3340,#3341,#3342,#3343),
.UNSPECIFIED.,.F.,.F.,
(4,1,1,1,1,1,1,1,1,1,1,1,1,1,1,1,1,1,1,1,1,1,1,1,1,1,1,1,1,1,1,1,1,1,1,1,1,1,1,1,
1,1,1,1,1,1,1,1,1,1,1,1,1,1,1,1,1,1,1,1,1,1,1,1,1,1,1,1,1,1,1,1,1,1,1,1,1,1,1,1,
1,1,1,1,1,1,1,1,1,1,1,1,1,1,1,1,1,1,1,1,1,1,4),
(0.,0.0122506519590739,0.0231678703668204,0.0335484587490655,0.0433924171058094,
0.0571406491972087,0.0718123588835219,0.0870776783881003,0.0994667420289187,0.111104565954486,
0.122326269256347,0.137378245858293,0.152627839228045,0.166971862072806,0.176444434628877,
0.185097342753838,0.19320570232727,0.201815946205703,0.209495603712221,0.217048854022602,
0.223374824223641,0.229327956626478,0.237216005346548,0.244389840337174,0.250910283268949,
0.254399960846328,0.257644495978203,0.261005902509613,0.264936589616442,0.271248597724516,
0.279585178739451,0.288760748323625,0.297426365628882,0.306650134900819,0.315725942174474,
0.324190516379739,0.331163222270259,0.338171609075383,0.345579837388598,0.354351471648801,
0.36555915556792,0.380581411611837,0.397555338861545,0.416142679399898,0.433303403250671,
0.44953159831445,0.463390010561873,0.47619913228286,0.48876479309001,0.502713533529031,
0.518523862045409,0.536108669927679,0.554072986743611,0.572341617586644,0.590455904549042,
0.608604345534436,0.625709039938217,0.641563400829277,0.65565807565845,0.668510421698919,
0.67928229456043,0.688423766572856,0.695712911563004,0.702346426985003,0.708666393275624,
0.715009924061295,0.721490717650968,0.727547206484056,0.733100654335387,0.737733163926404,
0.741850678773023,0.745393120115167,0.748625154099776,0.751702404771524,0.755022786480988,
0.758349467065192,0.761682446524134,0.764931006921167,0.768394996785656,0.77197164127926,
0.77543644548061,0.778714507644742,0.781996273491796,0.785715789102208,0.790336532318117,
0.796631509495737,0.804765747701109,0.814085578585398,0.824354454643661,0.835356215484127,
0.848822185168622,0.86337397342719,0.8789997235514,0.893473439502845,0.907871196955059,
0.923581267314639,0.940352342633727,0.95567007731838,0.967586805564136,0.977047654542115,
0.987054083476508,0.994704865295803,1.),
.UNSPECIFIED.);
#2230=(BOUNDED_CURVE()B_SPLINE_CURVE(2,
(#3344,#3345,#3346),
.UNSPECIFIED.,.F.,.F.)B_SPLINE_CURVE_WITH_KNOTS((3,3),
(0.,1.),
.UNSPECIFIED.)CURVE()GEOMETRIC_REPRESENTATION_ITEM()RATIONAL_B_SPLINE_CURVE((1.02361208952782,
1.01709481996702,1.0082249727446))REPRESENTATION_ITEM(''));
#2231=(BOUNDED_CURVE()B_SPLINE_CURVE(2,
(#3347,#3348,#3349),
.UNSPECIFIED.,.F.,.F.)B_SPLINE_CURVE_WITH_KNOTS((3,3),
(0.,1.),
.UNSPECIFIED.)CURVE()GEOMETRIC_REPRESENTATION_ITEM()RATIONAL_B_SPLINE_CURVE((1.0082249727446,
1.01709481996702,1.02361208952782))REPRESENTATION_ITEM(''));
#2232=CIRCLE('',#3350,2.);
#2233=CIRCLE('',#3354,2.);
#2234=CIRCLE('',#3358,2.);
#2235=CIRCLE('',#3362,2.);
#2236=VERTEX_POINT('',#3366);
#2237=B_SPLINE_CURVE_WITH_KNOTS('',3,
(#3367,#3368,#3369,#3370,#3371,#3372,#3373,#3374,#3375,#3376,#3377,#3378,#3379,#3380,
#3381,#3382,#3383,#3384,#3385,#3386,#3387),
.UNSPECIFIED.,.F.,.F.,
(4,1,1,1,1,1,1,1,1,1,1,1,1,1,1,1,1,1,4),
(0.,0.0643328934773231,0.076335732260339,0.116622188827906,0.171721475361647,0.22893213202985,
0.259044640296311,0.381572240657497,0.401011136502027,0.501584629679164,0.601738125613746,
0.622696967345794,0.690408811728666,0.771206083177602,0.843977150952824,0.874355121607451,
0.896772100109717,0.948762116460338,1.),
.UNSPECIFIED.);
#2238=VERTEX_POINT('',#3388);
#2239=B_SPLINE_CURVE_WITH_KNOTS('',3,
(#3389,#3390,#3391,#3392,#3393,#3394,#3395,#3396,#3397,#3398,#3399,#3400,#3401,#3402,
#3403,#3404,#3405,#3406,#3407,#3408,#3409,#3410,#3411,#3412,#3413,#3414,#3415,#3416,
#3417,#3418,#3419,#3420,#3421,#3422,#3423,#3424,#3425,#3426,#3427,#3428,#3429,#3430,
#3431,#3432,#3433,#3434,#3435,#3436,#3437,#3438,#3439,#3440,#3441,#3442,#3443,#3444,
#3445,#3446,#3447,#3448,#3449,#3450,#3451,#3452,#3453,#3454,#3455,#3456,#3457,#3458,
#3459,#3460,#3461,#3462,#3463,#3464,#3465,#3466,#3467,#3468,#3469,#3470,#3471,#3472,
#3473,#3474,#3475,#3476,#3477,#3478,#3479,#3480,#3481,#3482),
.UNSPECIFIED.,.F.,.F.,
(4,1,1,1,1,1,1,1,1,1,1,1,1,1,1,1,1,1,1,1,1,1,1,1,1,1,1,1,1,1,1,1,1,1,1,1,1,1,1,1,
1,1,1,1,1,1,1,1,1,1,1,1,1,1,1,1,1,1,1,1,1,1,1,1,1,1,1,1,1,1,1,1,1,1,1,1,1,1,1,1,
1,1,1,1,1,1,1,1,1,1,1,4),
(0.,0.02131948567696,0.0398478139894679,0.0547887476682907,0.0663501618816571,0.0780334407796376,
0.0912733755992197,0.106188539131527,0.120294660882886,0.132131239141512,0.141641188283771,
0.151061746083972,0.160342539473935,0.169450576518729,0.177922663152099,0.186406456641771,
0.194236682964098,0.201118550219256,0.207483295767185,0.213545549618728,0.219812115363752,
0.226359660410643,0.233184192007833,0.240868370393305,0.24921789905331,0.258425229959463,
0.267790018303066,0.276828006062632,0.285196974658265,0.292726610097337,0.300637108794612,
0.310366549827174,0.32149941144164,0.333532951548163,0.346467130069802,0.360839860957974,
0.376329003199158,0.392228835473926,0.409182915385772,0.427187339356708,0.44413802305115,
0.459684165266252,0.473692202630023,0.487656485670212,0.501827535183883,0.516290712213961,
0.531271542369752,0.546582606975323,0.561944515479157,0.578219684886001,0.594866810688996,
0.612223649384887,0.631457832406723,0.648472629324479,0.663261780099981,0.67265678424763,
0.680480311810446,0.686782963547238,0.69272311499549,0.700771633019845,0.711457194346372,
0.721809038817488,0.729480143717084,0.734129020954154,0.739815554543482,0.746562483757729,
0.75412103416348,0.760594388240944,0.766056035840264,0.77038628235885,0.774392821459289,
0.778337768180926,0.782794483149704,0.78767520020553,0.792910832085073,0.79870040655829,
0.805124507924903,0.812397615121387,0.819974610200029,0.828184776852365,0.836998524853355,
0.84632781760438,0.856467054200091,0.867407822402593,0.880713566377066,0.89587323358259,
0.913406962791902,0.932201941624936,0.951913201453729,0.973310937825409,0.989260030593143,
1.),
.UNSPECIFIED.);
#2240=B_SPLINE_CURVE_WITH_KNOTS('',3,
(#3483,#3484,#3485,#3486,#3487,#3488,#3489,#3490,#3491,#3492,#3493,#3494,#3495,#3496,
#3497,#3498,#3499),
.UNSPECIFIED.,.F.,.F.,
(4,1,1,1,1,1,1,1,1,1,1,1,1,1,4),
(0.,0.1133487946185,0.230460257623834,0.340048384078705,0.351299573643592,0.470942855026918,
0.585634839565891,0.600551393022437,0.689043177017511,0.78637966050548,0.844822716559149,
0.86751746272903,0.938730854446078,0.971005737485742,1.),
.UNSPECIFIED.);
#2241=CIRCLE('',#3500,3.);
#2242=VERTEX_POINT('',#3504);
#2243=CIRCLE('',#3505,1.55);
#2244=VERTEX_POINT('',#3509);
#2245=B_SPLINE_CURVE_WITH_KNOTS('',3,
(#3510,#3511,#3512,#3513,#3514,#3515,#3516,#3517,#3518,#3519,#3520,#3521,#3522,#3523,
#3524,#3525,#3526),
.UNSPECIFIED.,.F.,.F.,
(4,1,1,1,1,1,1,1,1,1,1,1,1,1,4),
(0.,0.113349962773373,0.230454564531303,0.340029644572704,0.35128413776802,0.470921219479225,
0.585631416729259,0.600587816468269,0.688991907952132,0.78636564878927,0.844799429048131,
0.867477015767179,0.938698917869388,0.97095572195767,1.),
.UNSPECIFIED.);
#2246=VERTEX_POINT('',#3527);
#2247=B_SPLINE_CURVE_WITH_KNOTS('',3,
(#3528,#3529,#3530,#3531,#3532,#3533,#3534,#3535,#3536,#3537,#3538,#3539,#3540,#3541,
#3542,#3543,#3544,#3545,#3546,#3547,#3548,#3549),
.UNSPECIFIED.,.F.,.F.,
(4,1,1,1,1,1,1,1,1,1,1,1,1,1,1,1,1,1,1,4),
(0.,0.0757233326237612,0.0764400433691168,0.140956403695182,0.193590226320544,0.227160191920163,
0.262432003980497,0.363895236171967,0.379259802324249,0.501740092966413,0.570233808542852,
0.616895866090437,0.705599883958293,0.764209985819398,0.813159399697353,0.822871571928749,
0.881835965013884,0.940870575231602,0.970780297090344,1.),
.UNSPECIFIED.);
#2248=CIRCLE('',#3550,3.);
#2249=VERTEX_POINT('',#3554);
#2250=CIRCLE('',#3555,1.55);
#2251=LINE('',#3559,#3560);
#2252=LINE('',#3562,#3563);
#2253=LINE('',#3565,#3566);
#2254=LINE('',#3568,#3569);
#2255=VERTEX_POINT('',#3571);
#2256=CIRCLE('',#3572,1.55);
#2257=VERTEX_POINT('',#3576);
#2258=CIRCLE('',#3577,1.55);
#2259=VERTEX_POINT('',#3581);
#2260=CIRCLE('',#3582,1.55);
#2261=VERTEX_POINT('',#3586);
#2262=CIRCLE('',#3587,1.55);
#2263=VERTEX_POINT('',#3591);
#2264=B_SPLINE_CURVE_WITH_KNOTS('',3,
(#3592,#3593,#3594,#3595,#3596,#3597,#3598,#3599,#3600,#3601,#3602,#3603,#3604,#3605,
#3606,#3607,#3608,#3609,#3610,#3611,#3612),
.UNSPECIFIED.,.F.,.F.,
(4,1,1,1,1,1,1,1,1,1,1,1,1,1,1,1,1,1,4),
(0.,0.0643328934773327,0.0763357322603456,0.116622188827929,0.171721475361657,0.22893213202987,
0.259044640296329,0.381572240657515,0.401011136502063,0.50158462967919,0.601738125613777,
0.622696967345812,0.690408811728684,0.771206083177611,0.84397715095282,0.874355121607455,
0.896772100109719,0.948762116460337,1.),
.UNSPECIFIED.);
#2265=VERTEX_POINT('',#3613);
#2266=B_SPLINE_CURVE_WITH_KNOTS('',3,
(#3614,#3615,#3616,#3617,#3618,#3619,#3620,#3621,#3622,#3623,#3624,#3625,#3626,#3627,
#3628,#3629,#3630),
.UNSPECIFIED.,.F.,.F.,
(4,1,1,1,1,1,1,1,1,1,1,1,1,1,4),
(0.,0.113348794618495,0.230460257623818,0.340048384078657,0.351299573643564,0.470942855026882,
0.585634839565868,0.600551393022401,0.689043177017506,0.786379660505471,0.844822716559155,
0.867517462729012,0.938730854446071,0.97100573748575,1.),
.UNSPECIFIED.);
#2267=CIRCLE('',#3631,3.);
#2268=VERTEX_POINT('',#3635);
#2269=CIRCLE('',#3636,1.55);
#2270=VERTEX_POINT('',#3640);
#2271=B_SPLINE_CURVE_WITH_KNOTS('',3,
(#3641,#3642,#3643,#3644,#3645,#3646,#3647,#3648,#3649,#3650,#3651,#3652,#3653,#3654,
#3655,#3656,#3657),
.UNSPECIFIED.,.F.,.F.,
(4,1,1,1,1,1,1,1,1,1,1,1,1,1,4),
(0.,0.113349962773379,0.230454564531313,0.340029644572717,0.35128413776803,0.470921219479221,
0.585631416729254,0.600587816468272,0.688991907952118,0.786365648789252,0.844799429048113,
0.867477015767154,0.938698917869381,0.970955721957662,1.),
.UNSPECIFIED.);
#2272=VERTEX_POINT('',#3658);
#2273=B_SPLINE_CURVE_WITH_KNOTS('',3,
(#3659,#3660,#3661,#3662,#3663,#3664,#3665,#3666,#3667,#3668,#3669,#3670,#3671,#3672,
#3673,#3674,#3675,#3676,#3677,#3678,#3679,#3680),
.UNSPECIFIED.,.F.,.F.,
(4,1,1,1,1,1,1,1,1,1,1,1,1,1,1,1,1,1,1,4),
(0.,0.0757233326237539,0.0764400433691077,0.140956403695172,0.193590226320522,0.227160191920141,
0.262432003980466,0.36389523617189,0.379259802324179,0.501740092966328,0.570233808542744,
0.616895866090324,0.705599883958177,0.764209985819316,0.813159399697273,0.822871571928687,
0.881835965013851,0.940870575231584,0.970780297090343,1.),
.UNSPECIFIED.);
#2274=CIRCLE('',#3681,3.);
#2275=VERTEX_POINT('',#3685);
#2276=CIRCLE('',#3686,1.55);
#2277=B_SPLINE_CURVE_WITH_KNOTS('',3,
(#3690,#3691,#3692,#3693,#3694,#3695,#3696,#3697,#3698,#3699,#3700,#3701,#3702,#3703,
#3704,#3705,#3706,#3707,#3708,#3709,#3710,#3711,#3712,#3713,#3714,#3715,#3716,#3717,
#3718,#3719,#3720,#3721,#3722,#3723,#3724,#3725,#3726,#3727,#3728,#3729,#3730,#3731,
#3732,#3733,#3734,#3735,#3736,#3737,#3738,#3739,#3740,#3741,#3742,#3743,#3744,#3745,
#3746,#3747,#3748,#3749,#3750,#3751,#3752,#3753,#3754,#3755,#3756,#3757,#3758,#3759,
#3760,#3761,#3762,#3763,#3764,#3765,#3766,#3767,#3768,#3769,#3770,#3771,#3772,#3773,
#3774,#3775,#3776,#3777,#3778,#3779,#3780),
.UNSPECIFIED.,.F.,.F.,
(4,1,1,1,1,1,1,1,1,1,1,1,1,1,1,1,1,1,1,1,1,1,1,1,1,1,1,1,1,1,1,1,1,1,1,1,1,1,1,1,
1,1,1,1,1,1,1,1,1,1,1,1,1,1,1,1,1,1,1,1,1,1,1,1,1,1,1,1,1,1,1,1,1,1,1,1,1,1,1,1,
1,1,1,1,1,1,1,1,4),
(0.,0.0217376322640435,0.0406258840532872,0.0558014336258007,0.067379167454577,0.078754619098248,
0.0921535372591715,0.107132619145287,0.121738904024755,0.133587691203913,0.143301210736783,
0.152676423914003,0.16152258505102,0.170103901618161,0.177588319288834,0.185488469472837,
0.192726712955567,0.199658827602453,0.205957648944721,0.212008363328364,0.218305981804153,
0.224747287499586,0.231380439883744,0.240448385746741,0.250001934316846,0.260689082721917,
0.269162533589802,0.278169359329522,0.286972807650935,0.296268340903837,0.304702313570792,
0.312635232921786,0.320681589694774,0.329527917119167,0.340746285834714,0.353873785353698,
0.370993072247773,0.388426922336686,0.40655975686128,0.423218290340242,0.439264958772066,
0.45418724502559,0.46951371945082,0.484432028179153,0.49894386860484,0.512544633047622,
0.526603273670141,0.542169903131382,0.55739859810017,0.574294978451097,0.591049399820422,
0.609302569883778,0.626807669486804,0.643920356812783,0.659383482163344,0.672904281892822,
0.684212895338397,0.692999813031306,0.700299637231499,0.706398445975416,0.712043492696166,
0.717598707582488,0.72342656502806,0.732313858304409,0.741684185084885,0.751010313457019,
0.758790775037172,0.766320393252274,0.773385050569432,0.778790709730251,0.7841086867062,
0.789721425821274,0.79572276855394,0.801834707498327,0.808591377704876,0.816017501668809,
0.823898264819578,0.832239966188427,0.841489971886747,0.851453372001134,0.86258746598266,
0.874494038759014,0.889385331062835,0.905453942983385,0.923002294942482,0.940189241624098,
0.95818335452758,0.978232617581974,1.),
.UNSPECIFIED.);
#2278=B_SPLINE_CURVE_WITH_KNOTS('',3,
(#3781,#3782,#3783,#3784,#3785,#3786,#3787,#3788,#3789,#3790,#3791,#3792,#3793,#3794,
#3795,#3796,#3797,#3798,#3799,#3800,#3801,#3802,#3803,#3804,#3805,#3806,#3807,#3808,
#3809,#3810,#3811,#3812,#3813,#3814,#3815,#3816,#3817,#3818,#3819,#3820,#3821,#3822,
#3823,#3824,#3825,#3826,#3827,#3828,#3829,#3830,#3831,#3832,#3833,#3834,#3835,#3836,
#3837,#3838,#3839,#3840,#3841,#3842,#3843,#3844,#3845,#3846,#3847,#3848,#3849,#3850,
#3851,#3852,#3853,#3854,#3855,#3856,#3857,#3858,#3859,#3860,#3861,#3862,#3863,#3864,
#3865,#3866,#3867,#3868,#3869,#3870,#3871,#3872,#3873,#3874),
.UNSPECIFIED.,.F.,.F.,
(4,1,1,1,1,1,1,1,1,1,1,1,1,1,1,1,1,1,1,1,1,1,1,1,1,1,1,1,1,1,1,1,1,1,1,1,1,1,1,1,
1,1,1,1,1,1,1,1,1,1,1,1,1,1,1,1,1,1,1,1,1,1,1,1,1,1,1,1,1,1,1,1,1,1,1,1,1,1,1,1,
1,1,1,1,1,1,1,1,1,1,1,4),
(0.,0.021319485676293,0.0398478139881576,0.0547887476665628,0.0663501618799154,0.0780334407782324,
0.0912733755984574,0.106188539130834,0.120294660882085,0.132131239140259,0.141641188282319,
0.151061746080741,0.160342539469479,0.169450576512124,0.177922663143888,0.186406456632209,
0.194236682953929,0.20111855020953,0.207483295757582,0.21354554960892,0.219812115353898,
0.226359660395531,0.233184191986061,0.240868370372457,0.249217899033987,0.258425229944431,
0.267790018286318,0.276828006047573,0.285196974644023,0.292726610082165,0.300637108779105,
0.310366549812303,0.3214994114277,0.333532951535292,0.346467130057223,0.360839860945549,
0.376329003187039,0.392228835461684,0.409182915373616,0.42718733934447,0.444138023039196,
0.459684165254014,0.473692202616268,0.487656485654862,0.501827535168121,0.516290712198621,
0.531271542354746,0.546582606959631,0.561944515463609,0.578219684869782,0.594866810672725,
0.612223649367864,0.631457832390608,0.648472629308281,0.663261780083569,0.672656784230266,
0.680480311792639,0.686782963529708,0.692723114978597,0.700771633011289,0.711457194357191,
0.721809038847066,0.729480143757666,0.73412902099493,0.739815554590658,0.7465624838101,
0.754121034221049,0.76059438829808,0.766056035898367,0.770386282417509,0.774392821518368,
0.778337768240283,0.782794483209093,0.787675200264773,0.792910832144029,0.798700406616763,
0.805124507983505,0.812397615179819,0.819974610258092,0.828184776909919,0.836998524910419,
0.846327817661579,0.856467054257231,0.867407822460106,0.880713566435154,0.895873233641004,
0.913406962850458,0.932201941683374,0.951913201511606,0.973310937882417,0.989260030630685,
1.),
.UNSPECIFIED.);
#2279=VERTEX_POINT('',#3875);
#2280=CIRCLE('',#3876,1.3);
#2281=VERTEX_POINT('',#3880);
#2282=CIRCLE('',#3881,1.3);
#2283=B_SPLINE_CURVE_WITH_KNOTS('',3,
(#3885,#3886,#3887,#3888,#3889,#3890,#3891,#3892,#3893,#3894,#3895,#3896,#3897,#3898,
#3899,#3900,#3901,#3902,#3903,#3904,#3905,#3906,#3907,#3908,#3909,#3910,#3911,#3912,
#3913,#3914,#3915,#3916,#3917,#3918,#3919,#3920,#3921,#3922,#3923,#3924,#3925,#3926,
#3927,#3928,#3929,#3930,#3931,#3932,#3933,#3934,#3935,#3936,#3937,#3938,#3939,#3940,
#3941,#3942,#3943,#3944,#3945,#3946,#3947,#3948,#3949,#3950,#3951,#3952,#3953,#3954,
#3955,#3956,#3957,#3958,#3959,#3960,#3961,#3962,#3963,#3964,#3965,#3966,#3967,#3968,
#3969,#3970,#3971,#3972,#3973,#3974,#3975,#3976),
.UNSPECIFIED.,.F.,.F.,
(4,1,1,1,1,1,1,1,1,1,1,1,1,1,1,1,1,1,1,1,1,1,1,1,1,1,1,1,1,1,1,1,1,1,1,1,1,1,1,1,
1,1,1,1,1,1,1,1,1,1,1,1,1,1,1,1,1,1,1,1,1,1,1,1,1,1,1,1,1,1,1,1,1,1,1,1,1,1,1,1,
1,1,1,1,1,1,1,1,1,4),
(0.,0.0217786481117826,0.0407022985538096,0.0559014944173149,0.067483818922492,0.0788394299835846,
0.0922562572448952,0.107250611541354,0.121910175275261,0.133770673302621,0.143491315902372,
0.152833607078048,0.161660210033147,0.170244058240667,0.177740478504276,0.185633590141777,
0.192855898299356,0.199780213913916,0.206079758400752,0.212138511648387,0.218457824127221,
0.225039028554329,0.231876090651152,0.240826126994642,0.250119657302623,0.260310359303676,
0.268516826692089,0.277310461199506,0.285942176149456,0.294626684557528,0.302586530729042,
0.310719660352204,0.321238992753169,0.33364007794793,0.346846904031304,0.359722887671668,
0.373055647170168,0.388457846533436,0.405239000586776,0.421944412862985,0.43776813997974,
0.452009356885298,0.465839591729722,0.478953893130049,0.493457394931343,0.508120870053631,
0.523047686834613,0.537710823595529,0.552998875738343,0.569373198717775,0.585742087099961,
0.603160238669142,0.620838146521376,0.638366690679349,0.654700223796115,0.66918378207246,
0.682222155000443,0.693222597073958,0.702698388344794,0.71087816864955,0.718244669764706,
0.725172242331769,0.731661128399375,0.73841516189127,0.745431676385209,0.752225683330791,
0.759167417074115,0.766116165871695,0.772727805421558,0.7783698624242,0.783812403940423,
0.789493310777348,0.795543677622881,0.801740530286604,0.808618053808689,0.816230539190308,
0.824318769789868,0.832752662500399,0.842585304383279,0.85308045705033,0.866014639160834,
0.879125509719124,0.896020571242323,0.913207414976969,0.931527046821687,0.947850501112704,
0.963880556007615,0.981085215085632,0.993125029749761,1.),
.UNSPECIFIED.);
#2284=CARTESIAN_POINT('',(-2.,3.85330844811345E-16,14.));
#2285=CARTESIAN_POINT('',(-2.4492935982947E-16,-2.,14.));
#2286=CARTESIAN_POINT('',(-2.4492935982947E-16,-2.,14.));
#2287=VECTOR('',#2288,1.);
#2288=DIRECTION('',(-0.707106781186547,0.707106781186547,0.));
#2289=CARTESIAN_POINT('',(-30.,3.67394039744206E-15,14.));
#2290=CARTESIAN_POINT('',(-2.,2.44929359829471E-16,14.));
#2291=VECTOR('',#2292,1.);
#2292=DIRECTION('',(-1.,1.22464679914735E-16,0.));
#2293=CARTESIAN_POINT('',(-32.,-2.,14.));
#2294=CARTESIAN_POINT('',(-30.,3.67394039744206E-15,14.));
#2295=VECTOR('',#2296,1.);
#2296=DIRECTION('',(-0.707106781186548,-0.707106781186547,0.));
#2297=CARTESIAN_POINT('',(-32.,-6.,14.));
#2298=CARTESIAN_POINT('',(-32.,-2.,14.));
#2299=VECTOR('',#2300,1.);
#2300=DIRECTION('',(0.,-1.,0.));
#2301=CARTESIAN_POINT('',(-32.,-16.,14.));
#2302=CARTESIAN_POINT('',(-32.,-6.,14.));
#2303=CARTESIAN_POINT('',(-17.3845779842246,-11.,14.));
#2304=CARTESIAN_POINT('',(-32.,-16.,14.));
#2305=CARTESIAN_POINT('',(-32.,-26.,14.));
#2306=CARTESIAN_POINT('',(-32.,-16.,14.));
#2307=VECTOR('',#2308,1.);
#2308=DIRECTION('',(0.,-1.,0.));
#2309=CARTESIAN_POINT('',(-32.,-36.,14.));
#2310=CARTESIAN_POINT('',(-32.,-36.,14.));
#2311=CARTESIAN_POINT('',(-17.3845779842246,-31.,14.));
#2312=CARTESIAN_POINT('',(-32.,-26.,14.));
#2313=CARTESIAN_POINT('',(-32.,-40.,14.));
#2314=CARTESIAN_POINT('',(-32.,-36.,14.));
#2315=VECTOR('',#2316,1.);
#2316=DIRECTION('',(0.,-1.,0.));
#2317=CARTESIAN_POINT('',(-30.,-42.,14.));
#2318=CARTESIAN_POINT('',(-32.,-40.,14.));
#2319=VECTOR('',#2320,1.);
#2320=DIRECTION('',(0.707106781186547,-0.707106781186547,0.));
#2321=CARTESIAN_POINT('',(-2.00000000000001,-42.,14.));
#2322=CARTESIAN_POINT('',(-30.,-42.,14.));
#2323=VECTOR('',#2324,1.);
#2324=DIRECTION('',(1.,-2.53765262771464E-16,0.));
#2325=CARTESIAN_POINT('',(-4.89405190050984E-15,-40.,14.));
#2326=CARTESIAN_POINT('',(-2.00000000000001,-42.,14.));
#2327=VECTOR('',#2328,1.);
#2328=DIRECTION('',(0.707106781186549,0.707106781186546,0.));
#2329=CARTESIAN_POINT('',(-4.40872847693047E-15,-36.,14.));
#2330=CARTESIAN_POINT('',(-4.89858719658941E-15,-40.,14.));
#2331=VECTOR('',#2332,1.);
#2332=DIRECTION('',(1.22464679914735E-16,1.,0.));
#2333=CARTESIAN_POINT('',(-3.18408167778312E-15,-26.,14.));
#2334=CARTESIAN_POINT('',(-4.40872847675558E-15,-36.,14.));
#2335=CARTESIAN_POINT('',(-14.6154220157754,-31.,14.));
#2336=CARTESIAN_POINT('',(-3.1840816780277E-15,-26.,14.));
#2337=CARTESIAN_POINT('',(-1.95943487863577E-15,-16.,14.));
#2338=CARTESIAN_POINT('',(-3.18408167778312E-15,-26.,14.));
#2339=VECTOR('',#2340,1.);
#2340=DIRECTION('',(1.22464679914735E-16,1.,0.));
#2341=CARTESIAN_POINT('',(-7.34788079488412E-16,-6.00000000000001,14.));
#2342=CARTESIAN_POINT('',(2.25260967099536E-15,-6.,14.));
#2343=CARTESIAN_POINT('',(-14.6154220157754,-11.,14.));
#2344=CARTESIAN_POINT('',(-9.63635628777392E-16,-16.,14.));
#2345=CARTESIAN_POINT('',(-7.34788079488412E-16,-6.00000000000001,14.));
#2346=VECTOR('',#2347,1.);
#2347=DIRECTION('',(1.22464679914735E-16,1.,0.));
#2348=CARTESIAN_POINT('',(-19.9,-33.9,14.));
#2349=CARTESIAN_POINT('',(-17.9,-35.9,14.));
#2350=AXIS2_PLACEMENT_3D('',#2351,#2352,#2353);
#2351=CARTESIAN_POINT('',(-17.9,-33.9,14.));
#2352=DIRECTION('',(0.,0.,-1.));
#2353=DIRECTION('',(1.77635683940024E-15,-1.,0.));
#2354=CARTESIAN_POINT('',(-19.9,-8.1,14.));
#2355=CARTESIAN_POINT('',(-19.9,-8.1,14.));
#2356=VECTOR('',#2357,1.);
#2357=DIRECTION('',(-1.37702080573663E-16,-1.,0.));
#2358=CARTESIAN_POINT('',(-17.9,-6.1,14.));
#2359=AXIS2_PLACEMENT_3D('',#2360,#2361,#2362);
#2360=CARTESIAN_POINT('',(-17.9,-8.1,14.));
#2361=DIRECTION('',(0.,0.,-1.));
#2362=DIRECTION('',(-1.,0.,0.));
#2363=CARTESIAN_POINT('',(-14.1,-6.1,14.));
#2364=CARTESIAN_POINT('',(-14.1,-6.1,14.));
#2365=VECTOR('',#2366,1.);
#2366=DIRECTION('',(-1.,-2.3373116307898E-16,0.));
#2367=CARTESIAN_POINT('',(-12.1,-8.1,14.));
#2368=AXIS2_PLACEMENT_3D('',#2369,#2370,#2371);
#2369=CARTESIAN_POINT('',(-14.1,-8.1,14.));
#2370=DIRECTION('',(0.,0.,-1.));
#2371=DIRECTION('',(-8.88178419700124E-16,1.,0.));
#2372=CARTESIAN_POINT('',(-12.1,-33.9,14.));
#2373=CARTESIAN_POINT('',(-12.1,-33.9,14.));
#2374=VECTOR('',#2375,1.);
#2375=DIRECTION('',(0.,1.,0.));
#2376=CARTESIAN_POINT('',(-14.1,-35.9,14.));
#2377=AXIS2_PLACEMENT_3D('',#2378,#2379,#2380);
#2378=CARTESIAN_POINT('',(-14.1,-33.9,14.));
#2379=DIRECTION('',(0.,0.,-1.));
#2380=DIRECTION('',(1.,0.,0.));
#2381=CARTESIAN_POINT('',(-17.9,-35.9,14.));
#2382=VECTOR('',#2383,1.);
#2383=DIRECTION('',(1.,0.,0.));
#2384=CARTESIAN_POINT('',(-14.1,-6.1,19.));
#2385=CARTESIAN_POINT('',(-14.1,-6.1,14.));
#2386=VECTOR('',#2387,1.);
#2387=DIRECTION('',(0.,0.,1.));
#2388=CARTESIAN_POINT('',(-17.9,-6.1,19.));
#2389=CARTESIAN_POINT('',(-17.9,-6.1,14.));
#2390=VECTOR('',#2391,1.);
#2391=DIRECTION('',(0.,0.,1.));
#2392=CARTESIAN_POINT('',(-14.1,-6.1,19.));
#2393=VECTOR('',#2394,1.);
#2394=DIRECTION('',(-1.,0.,0.));
#2395=CARTESIAN_POINT('',(-12.1,-33.9,19.));
#2396=CARTESIAN_POINT('',(-12.1,-33.9,14.));
#2397=VECTOR('',#2398,1.);
#2398=DIRECTION('',(0.,0.,1.));
#2399=CARTESIAN_POINT('',(-12.1,-8.1,19.));
#2400=CARTESIAN_POINT('',(-12.1,-8.1,14.));
#2401=VECTOR('',#2402,1.);
#2402=DIRECTION('',(0.,0.,1.));
#2403=CARTESIAN_POINT('',(-12.1,-33.9,19.));
#2404=VECTOR('',#2405,1.);
#2405=DIRECTION('',(6.88510402868314E-17,1.,0.));
#2406=CARTESIAN_POINT('',(-17.9,-35.9,19.));
#2407=CARTESIAN_POINT('',(-17.9,-35.9,14.));
#2408=VECTOR('',#2409,1.);
#2409=DIRECTION('',(0.,0.,1.));
#2410=CARTESIAN_POINT('',(-14.1,-35.9,19.));
#2411=CARTESIAN_POINT('',(-14.1,-35.9,14.));
#2412=VECTOR('',#2413,1.);
#2413=DIRECTION('',(0.,0.,1.));
#2414=CARTESIAN_POINT('',(-17.9,-35.9,19.));
#2415=VECTOR('',#2416,1.);
#2416=DIRECTION('',(1.,0.,0.));
#2417=CARTESIAN_POINT('',(-19.9,-33.9,19.));
#2418=CARTESIAN_POINT('',(-19.9,-33.9,14.));
#2419=VECTOR('',#2420,1.);
#2420=DIRECTION('',(0.,0.,1.));
#2421=CARTESIAN_POINT('',(-19.9,-8.1,19.));
#2422=CARTESIAN_POINT('',(-19.9,-8.1,19.));
#2423=VECTOR('',#2424,1.);
#2424=DIRECTION('',(-1.37702080573663E-16,-1.,0.));
#2425=CARTESIAN_POINT('',(-19.9,-8.1,14.));
#2426=VECTOR('',#2427,1.);
#2427=DIRECTION('',(0.,0.,1.));
#2428=CARTESIAN_POINT('',(-29.1671793857866,-27.7846081885946,5.55447726082499));
#2429=CARTESIAN_POINT('',(-29.1671793857866,-34.2153918114054,5.55447726082499));
#2430=CARTESIAN_POINT('',(-29.1671793857866,-34.2153918114054,5.55447726082499));
#2431=CARTESIAN_POINT('',(-29.1209454678776,-34.211286926032,5.58494990452202));
#2432=CARTESIAN_POINT('',(-29.037468144958,-34.2018536045643,5.64061223411476));
#2433=CARTESIAN_POINT('',(-28.9254653129958,-34.1892914488975,5.72438295822633));
#2434=CARTESIAN_POINT('',(-28.8228175341279,-34.1764733792221,5.80678347414638));
#2435=CARTESIAN_POINT('',(-28.7137492186464,-34.1617238060571,5.90049681879165));
#2436=CARTESIAN_POINT('',(-28.5938934566309,-34.1439260037249,6.01123740736044));
#2437=CARTESIAN_POINT('',(-28.4608965796129,-34.1216390181988,6.14341035806858));
#2438=CARTESIAN_POINT('',(-28.3352626313372,-34.0979342651984,6.27688038840773));
#2439=CARTESIAN_POINT('',(-28.2208751166504,-34.0736380863306,6.40348170362105));
#2440=CARTESIAN_POINT('',(-28.1200814188618,-34.0503410036978,6.51905292591644));
#2441=CARTESIAN_POINT('',(-28.0125404207236,-34.0231483340096,6.64425867478746));
#2442=CARTESIAN_POINT('',(-27.894980562676,-33.9903836482813,6.78205580584984));
#2443=CARTESIAN_POINT('',(-27.7675209349456,-33.9508691535443,6.9299373583472));
#2444=CARTESIAN_POINT('',(-27.653071460558,-33.9115148066438,7.05771801511636));
#2445=CARTESIAN_POINT('',(-27.5545153785642,-33.8745978246692,7.16122317338479));
#2446=CARTESIAN_POINT('',(-27.4723948780258,-33.8417634632537,7.24182511026012));
#2447=CARTESIAN_POINT('',(-27.3921933347247,-33.8077174029649,7.31425500897048));
#2448=CARTESIAN_POINT('',(-27.31174331978,-33.7714486751244,7.3792519162189));
#2449=CARTESIAN_POINT('',(-27.2304070348952,-33.7324893480165,7.43581232457586));
#2450=CARTESIAN_POINT('',(-27.1521934102059,-33.6927712474888,7.48062194443912));
#2451=CARTESIAN_POINT('',(-27.0773773373103,-33.6525774515681,7.51369113568048));
#2452=CARTESIAN_POINT('',(-27.0049784894421,-33.6116348668169,7.5364800442929));
#2453=CARTESIAN_POINT('',(-26.9325949858225,-33.5685246578092,7.54949460399065));
#2454=CARTESIAN_POINT('',(-26.8612226864897,-33.523717027698,7.55228999639792));
#2455=CARTESIAN_POINT('',(-26.797623234841,-33.4817336379954,7.54621064998973));
#2456=CARTESIAN_POINT('',(-26.7444539700352,-33.4451015063607,7.53510403760766));
#2457=CARTESIAN_POINT('',(-26.7011819288125,-33.4142810696781,7.52239277363954));
#2458=CARTESIAN_POINT('',(-26.6619825360242,-33.3855001278703,7.50775711515165));
#2459=CARTESIAN_POINT('',(-26.6206135498697,-33.3543685712526,7.49006002152204));
#2460=CARTESIAN_POINT('',(-26.5716881698254,-33.3162290354373,7.46474817064828));
#2461=CARTESIAN_POINT('',(-26.5133688612177,-33.2689907130869,7.42980643480306));
#2462=CARTESIAN_POINT('',(-26.4487153547319,-33.2140063221851,7.38443884720473));
#2463=CARTESIAN_POINT('',(-26.3807138823437,-33.1531336086416,7.33045211327909));
#2464=CARTESIAN_POINT('',(-26.3073715757637,-33.0837528288033,7.26556444767977));
#2465=CARTESIAN_POINT('',(-26.229605267759,-33.0057118351919,7.19133814673788));
#2466=CARTESIAN_POINT('',(-26.1509854713901,-32.9207100095183,7.10871341806794));
#2467=CARTESIAN_POINT('',(-26.0774648643614,-32.8361340463806,7.02985972221741));
#2468=CARTESIAN_POINT('',(-26.0092892058988,-32.751965475035,6.95310427701264));
#2469=CARTESIAN_POINT('',(-25.943569915827,-32.6655176860366,6.8780118661162));
#2470=CARTESIAN_POINT('',(-25.8760992954904,-32.5702457153325,6.80014251707265));
#2471=CARTESIAN_POINT('',(-25.8058741105145,-32.4629158589419,6.7190999066542));
#2472=CARTESIAN_POINT('',(-25.7321117176255,-32.3393230146021,6.63463530252916));
#2473=CARTESIAN_POINT('',(-25.6538994129058,-32.1928214536708,6.54675376569463));
#2474=CARTESIAN_POINT('',(-25.5725842633498,-32.0168669536104,6.45811025682797));
#2475=CARTESIAN_POINT('',(-25.4976484834404,-31.8196483189961,6.37988156139749));
#2476=CARTESIAN_POINT('',(-25.4378060730434,-31.6156156247689,6.32013002023911));
#2477=CARTESIAN_POINT('',(-25.3966243778287,-31.4203615437039,6.28051889847013));
#2478=CARTESIAN_POINT('',(-25.3710049268348,-31.2282637931954,6.25650407801652));
#2479=CARTESIAN_POINT('',(-25.36007775951,-31.0299078320667,6.24642465068211));
#2480=CARTESIAN_POINT('',(-25.3662986844103,-30.8192854270203,6.25214003504765));
#2481=CARTESIAN_POINT('',(-25.3921134599556,-30.6014339690016,6.27620249019962));
#2482=CARTESIAN_POINT('',(-25.4375675902452,-30.3834960222081,6.31984523436224));
#2483=CARTESIAN_POINT('',(-25.500329125056,-30.1726286774433,6.38260107832223));
#2484=CARTESIAN_POINT('',(-25.5774016720927,-29.9715460252852,6.46325877904388));
#2485=CARTESIAN_POINT('',(-25.6641223643498,-29.7858067191203,6.55797200451556));
#2486=CARTESIAN_POINT('',(-25.7553532307554,-29.6192432133533,6.66102427344728));
#2487=CARTESIAN_POINT('',(-25.840984723972,-29.4817694812525,6.7595702753402));
#2488=CARTESIAN_POINT('',(-25.9144196260877,-29.3748539102833,6.84447410756994));
#2489=CARTESIAN_POINT('',(-25.9730302296619,-29.2954524449026,6.91155266370829));
#2490=CARTESIAN_POINT('',(-26.0212443331729,-29.2332296132158,6.96695084222341));
#2491=CARTESIAN_POINT('',(-26.0669899103337,-29.1770883524324,7.01755340937988));
#2492=CARTESIAN_POINT('',(-26.1155265908716,-29.1199838944913,7.07040488644273));
#2493=CARTESIAN_POINT('',(-26.1670278910798,-29.0618349464456,7.12618339496782));
#2494=CARTESIAN_POINT('',(-26.2176995351064,-29.0072820178528,7.17904807799184));
#2495=CARTESIAN_POINT('',(-26.2624895225149,-28.961147935923,7.2234452192031));
#2496=CARTESIAN_POINT('',(-26.3044915469991,-28.9194516785603,7.26286838430579));
#2497=CARTESIAN_POINT('',(-26.3487715705463,-28.8770763477074,7.30179593949734));
#2498=CARTESIAN_POINT('',(-26.4001275439859,-28.8293370360141,7.34616993687622));
#2499=CARTESIAN_POINT('',(-26.4580192158713,-28.7779944185284,7.39115011073676));
#2500=CARTESIAN_POINT('',(-26.5194541788707,-28.7259923223727,7.43364211591699));
#2501=CARTESIAN_POINT('',(-26.5814404874816,-28.6759392860827,7.4704922369599));
#2502=CARTESIAN_POINT('',(-26.6389200142603,-28.6316335332623,7.49854193118354));
#2503=CARTESIAN_POINT('',(-26.6899742273827,-28.5937798731388,7.51887206278059));
#2504=CARTESIAN_POINT('',(-26.7318630377884,-28.5638295918973,7.5314974019908));
#2505=CARTESIAN_POINT('',(-26.7697661129802,-28.5374193671518,7.5405193176266));
#2506=CARTESIAN_POINT('',(-26.8075706821027,-28.5117305021707,7.54708188737799));
#2507=CARTESIAN_POINT('',(-26.8489647308313,-28.4844479672403,7.55077546887737));
#2508=CARTESIAN_POINT('',(-26.8951038624861,-28.4549288770137,7.55133587762298));
#2509=CARTESIAN_POINT('',(-26.9444147117647,-28.4244811761979,7.5471739348866));
#2510=CARTESIAN_POINT('',(-26.9970713122759,-28.3931298518718,7.53764431433216));
#2511=CARTESIAN_POINT('',(-27.050699964787,-28.3624008462742,7.52258926971834));
#2512=CARTESIAN_POINT('',(-27.107024036778,-28.3313827525343,7.50108534693959));
#2513=CARTESIAN_POINT('',(-27.1680182265218,-28.2991291353521,7.47182591422586));
#2514=CARTESIAN_POINT('',(-27.2382488793605,-28.2636984720419,7.43060052178096));
#2515=CARTESIAN_POINT('',(-27.3178362434358,-28.2257080224533,7.37469104835023));
#2516=CARTESIAN_POINT('',(-27.4038290839025,-28.1871384767957,7.30446187392092));
#2517=CARTESIAN_POINT('',(-27.4948618782485,-28.1489435538055,7.22070490726358));
#2518=CARTESIAN_POINT('',(-27.589166999851,-28.1120743897199,7.12565434122886));
#2519=CARTESIAN_POINT('',(-27.6908359658104,-28.0751997583219,7.01608560819289));
#2520=CARTESIAN_POINT('',(-27.805933192492,-28.0368215706605,6.88578947870421));
#2521=CARTESIAN_POINT('',(-27.9381118211767,-27.997010223522,6.73149682743203));
#2522=CARTESIAN_POINT('',(-28.0844226212671,-27.9579513630266,6.55992947678428));
#2523=CARTESIAN_POINT('',(-28.235457833191,-27.9226708115757,6.38667057186327));
#2524=CARTESIAN_POINT('',(-28.3859415851313,-27.8920269565841,6.22162192474447));
#2525=CARTESIAN_POINT('',(-28.5319821976848,-27.8660350768758,6.07136782873209));
#2526=CARTESIAN_POINT('',(-28.6688840668598,-27.8446681290019,5.94075984256767));
#2527=CARTESIAN_POINT('',(-28.7971974388975,-27.8267774081395,5.82776523083414));
#2528=CARTESIAN_POINT('',(-28.9204915514443,-27.8112559476689,5.727783484774));
#2529=CARTESIAN_POINT('',(-29.0433372525163,-27.7973827169169,5.63658400230018));
#2530=CARTESIAN_POINT('',(-29.1267798019279,-27.7882522544191,5.58101468943956));
#2531=CARTESIAN_POINT('',(-29.1671793857866,-27.7846081885946,5.55447726082499));
#2532=CARTESIAN_POINT('',(-32.,-35.4428567734515,5.55447726082499));
#2533=CARTESIAN_POINT('',(-32.,-35.4428567734515,5.55447726082499));
#2534=CARTESIAN_POINT('',(-30.3565672863221,-34.8200534146347,5.55447726082499));
#2535=CARTESIAN_POINT('',(-29.1671793857866,-34.2153918114054,5.55447726082499));
#2536=CARTESIAN_POINT('',(-32.,-36.,14.));
#2537=CARTESIAN_POINT('',(-32.,-35.9999997941394,13.9028468668235));
#2538=CARTESIAN_POINT('',(-32.,-35.9999073967789,13.7090547243663));
#2539=CARTESIAN_POINT('',(-32.,-35.9994695067106,13.4188998762771));
#2540=CARTESIAN_POINT('',(-32.,-35.9987923891266,13.1603072767587));
#2541=CARTESIAN_POINT('',(-32.,-35.9980917782788,12.9672172790807));
#2542=CARTESIAN_POINT('',(-32.,-35.9972646603448,12.7733774388118));
#2543=CARTESIAN_POINT('',(-32.,-35.9961033568315,12.5472875453318));
#2544=CARTESIAN_POINT('',(-31.9999999999999,-35.9941735312966,12.2538979191336));
#2545=CARTESIAN_POINT('',(-31.9999999999999,-35.9917626693317,11.9586736773183));
#2546=CARTESIAN_POINT('',(-31.9999999999998,-35.9888229648862,11.662374699341));
#2547=CARTESIAN_POINT('',(-31.9999999999997,-35.9853013869742,11.3655146420493));
#2548=CARTESIAN_POINT('',(-31.9999999999997,-35.9811438372081,11.0688347531051));
#2549=CARTESIAN_POINT('',(-31.9999999999996,-35.9765846516603,10.7909012388332));
#2550=CARTESIAN_POINT('',(-31.9999999999995,-35.9728824279674,10.5941881907248));
#2551=CARTESIAN_POINT('',(-31.9999999999994,-35.9689140216341,10.3984526074816));
#2552=CARTESIAN_POINT('',(-31.9999999999993,-35.9642501061343,10.1866990702992));
#2553=CARTESIAN_POINT('',(-31.9999999999991,-35.9569272391004,9.89767838477919));
#2554=CARTESIAN_POINT('',(-31.9999999999989,-35.9486584705738,9.61287400190774));
#2555=CARTESIAN_POINT('',(-31.9999999999987,-35.9393248542988,9.33156354173031));
#2556=CARTESIAN_POINT('',(-31.9999999999985,-35.928881090577,9.05568293511695));
#2557=CARTESIAN_POINT('',(-31.9999999999982,-35.9172650927249,8.78630448538562));
#2558=CARTESIAN_POINT('',(-31.9999999999979,-35.9045588818492,8.52703922977497));
#2559=CARTESIAN_POINT('',(-31.9999999999976,-35.8906472541475,8.27664147737207));
#2560=CARTESIAN_POINT('',(-31.9999999999973,-35.8784805153317,8.08313589289168));
#2561=CARTESIAN_POINT('',(-31.9999999999971,-35.8677421317011,7.92679197137114));
#2562=CARTESIAN_POINT('',(-31.9999999999968,-35.8569478892046,7.77871629257885));
#2563=CARTESIAN_POINT('',(-31.9999999999965,-35.8420589366532,7.59284932154489));
#2564=CARTESIAN_POINT('',(-31.9999999999961,-35.8233838159171,7.38573679913383));
#2565=CARTESIAN_POINT('',(-31.9999999999956,-35.8034400604138,7.18922399538703));
#2566=CARTESIAN_POINT('',(-31.9999999999951,-35.7821151677141,7.00262702588748));
#2567=CARTESIAN_POINT('',(-31.9999999999946,-35.7599986180094,6.83041200394455));
#2568=CARTESIAN_POINT('',(-31.999999999994,-35.7369527507109,6.67023561892436));
#2569=CARTESIAN_POINT('',(-31.9999999999935,-35.713477849048,6.52423331410066));
#2570=CARTESIAN_POINT('',(-31.999999999993,-35.6930709877888,6.41037352386986));
#2571=CARTESIAN_POINT('',(-31.9999999999926,-35.6767130535801,6.32610633290323));
#2572=CARTESIAN_POINT('',(-31.9999999999923,-35.6611353228029,6.24987181656433));
#2573=CARTESIAN_POINT('',(-31.9999999999918,-35.6412635898242,6.15942401019796));
#2574=CARTESIAN_POINT('',(-31.9999999999912,-35.6167733501272,6.05832506243425));
#2575=CARTESIAN_POINT('',(-31.9999999999906,-35.5917200678856,5.96449498435407));
#2576=CARTESIAN_POINT('',(-31.9999999999901,-35.5684265074669,5.88511632161788));
#2577=CARTESIAN_POINT('',(-31.9999999999897,-35.5514633272754,5.83191140417468));
#2578=CARTESIAN_POINT('',(-31.9999999999893,-35.5353077777866,5.78347299421723));
#2579=CARTESIAN_POINT('',(-31.9999999999889,-35.5179160813161,5.73391670337188));
#2580=CARTESIAN_POINT('',(-31.9999999999883,-35.4936519245162,5.67053042805515));
#2581=CARTESIAN_POINT('',(-31.9999999999879,-35.4767507325328,5.62990717632263));
#2582=CARTESIAN_POINT('',(-31.9999999999875,-35.4602032422588,5.59186580201927));
#2583=CARTESIAN_POINT('',(-31.9999999999873,-35.4514877036546,5.57266727724313));
#2584=CARTESIAN_POINT('',(-31.9999999999871,-35.4428567734543,5.55447726082517));
#2585=CARTESIAN_POINT('',(-32.,-26.5571432265485,5.55447726082499));
#2586=CARTESIAN_POINT('',(-32.,-26.,14.));
#2587=CARTESIAN_POINT('',(-32.,-26.0000002058606,13.9028468668235));
#2588=CARTESIAN_POINT('',(-32.,-26.0000926032211,13.7090547243663));
#2589=CARTESIAN_POINT('',(-32.,-26.0005304932894,13.4188998762771));
#2590=CARTESIAN_POINT('',(-32.,-26.0012076108734,13.1603072767587));
#2591=CARTESIAN_POINT('',(-32.,-26.0019082217211,12.9672172790807));
#2592=CARTESIAN_POINT('',(-32.,-26.0027353396552,12.7733774388118));
#2593=CARTESIAN_POINT('',(-32.,-26.0038966431685,12.5472875453318));
#2594=CARTESIAN_POINT('',(-32.,-26.0058264687034,12.2538979191336));
#2595=CARTESIAN_POINT('',(-32.,-26.0082373306682,11.9586736773183));
#2596=CARTESIAN_POINT('',(-32.0000000000001,-26.0111770351138,11.662374699341));
#2597=CARTESIAN_POINT('',(-32.0000000000001,-26.0146986130258,11.3655146420494));
#2598=CARTESIAN_POINT('',(-32.0000000000001,-26.0188561627918,11.0688347531051));
#2599=CARTESIAN_POINT('',(-32.0000000000001,-26.0234153483396,10.7909012388332));
#2600=CARTESIAN_POINT('',(-32.0000000000001,-26.0271175720326,10.5941881907249));
#2601=CARTESIAN_POINT('',(-32.0000000000001,-26.0310859783658,10.3984526074816));
#2602=CARTESIAN_POINT('',(-32.0000000000001,-26.0357498938657,10.1866990702992));
#2603=CARTESIAN_POINT('',(-32.0000000000001,-26.0430727608996,9.89767838477923));
#2604=CARTESIAN_POINT('',(-32.0000000000001,-26.0513415294262,9.61287400190773));
#2605=CARTESIAN_POINT('',(-32.0000000000001,-26.0606751457011,9.33156354173025));
#2606=CARTESIAN_POINT('',(-32.0000000000001,-26.071118909423,9.05568293511682));
#2607=CARTESIAN_POINT('',(-32.0000000000001,-26.082734907275,8.7863044853854));
#2608=CARTESIAN_POINT('',(-32.0000000000001,-26.0954411181508,8.52703922977467));
#2609=CARTESIAN_POINT('',(-32.0000000000002,-26.1093527458525,8.27664147737172));
#2610=CARTESIAN_POINT('',(-32.0000000000002,-26.1215194846682,8.08313589289143));
#2611=CARTESIAN_POINT('',(-32.0000000000002,-26.1322578682989,7.9267919713709));
#2612=CARTESIAN_POINT('',(-32.0000000000002,-26.1430521107954,7.77871629257867));
#2613=CARTESIAN_POINT('',(-32.0000000000002,-26.1579410633467,7.59284932154471));
#2614=CARTESIAN_POINT('',(-32.0000000000002,-26.1766161840828,7.38573679913387));
#2615=CARTESIAN_POINT('',(-32.0000000000002,-26.1965599395861,7.18922399538743));
#2616=CARTESIAN_POINT('',(-32.0000000000002,-26.2178848322858,7.0026270258883));
#2617=CARTESIAN_POINT('',(-32.0000000000002,-26.2400013819904,6.83041200394588));
#2618=CARTESIAN_POINT('',(-32.0000000000002,-26.2630472492888,6.67023561892618));
#2619=CARTESIAN_POINT('',(-32.0000000000002,-26.2865221509516,6.52423331410271));
#2620=CARTESIAN_POINT('',(-32.0000000000002,-26.3069290122109,6.41037352387129));
#2621=CARTESIAN_POINT('',(-32.0000000000002,-26.3232869464196,6.3261063329046));
#2622=CARTESIAN_POINT('',(-32.0000000000002,-26.3388646771969,6.24987181656508));
#2623=CARTESIAN_POINT('',(-32.0000000000002,-26.3587364101756,6.15942401019833));
#2624=CARTESIAN_POINT('',(-32.0000000000002,-26.3832266498729,6.05832506243323));
#2625=CARTESIAN_POINT('',(-32.0000000000002,-26.4082799321151,5.96449498435139));
#2626=CARTESIAN_POINT('',(-32.0000000000002,-26.4315734925338,5.88511632161536));
#2627=CARTESIAN_POINT('',(-32.0000000000003,-26.4485366727257,5.83191140417114));
#2628=CARTESIAN_POINT('',(-32.0000000000003,-26.4646922222149,5.78347299421266));
#2629=CARTESIAN_POINT('',(-32.0000000000003,-26.4820839186863,5.73391670336503));
#2630=CARTESIAN_POINT('',(-32.0000000000003,-26.5063480754858,5.67053042805019));
#2631=CARTESIAN_POINT('',(-32.0000000000003,-26.5232492674686,5.6299071763188));
#2632=CARTESIAN_POINT('',(-32.0000000000003,-26.5397967577403,5.59186580202157));
#2633=CARTESIAN_POINT('',(-32.0000000000003,-26.5485122963381,5.57266727724703));
#2634=CARTESIAN_POINT('',(-32.0000000000003,-26.5571432265154,5.55447726082517));
#2635=CARTESIAN_POINT('',(-29.1671793857866,-27.7846081885946,5.55447726082499));
#2636=CARTESIAN_POINT('',(-30.3565672863221,-27.1799465853653,5.55447726082499));
#2637=CARTESIAN_POINT('',(-32.,-26.5571432265485,5.55447726082499));
#2638=CARTESIAN_POINT('',(-32.,-40.,-1.48029736616688E-16));
#2639=CARTESIAN_POINT('',(-32.,-40.,-4.44089209850063E-16));
#2640=VECTOR('',#2641,1.);
#2641=DIRECTION('',(0.,0.,1.));
#2642=CARTESIAN_POINT('',(-32.,-35.4428567750929,5.55447726082499));
#2643=VECTOR('',#2644,1.);
#2644=DIRECTION('',(0.,1.,0.));
#2645=CARTESIAN_POINT('',(-32.,-15.4428567734515,5.55447726082499));
#2646=CARTESIAN_POINT('',(-32.,-16.,14.));
#2647=CARTESIAN_POINT('',(-32.,-15.9999997941394,13.9028468668235));
#2648=CARTESIAN_POINT('',(-32.,-15.9999073967789,13.7090547243663));
#2649=CARTESIAN_POINT('',(-32.,-15.9994695067106,13.4188998762771));
#2650=CARTESIAN_POINT('',(-32.,-15.9987923891266,13.1603072767587));
#2651=CARTESIAN_POINT('',(-32.,-15.9980917782788,12.9672172790807));
#2652=CARTESIAN_POINT('',(-32.,-15.9972646603448,12.7733774388118));
#2653=CARTESIAN_POINT('',(-32.,-15.9961033568315,12.5472875453318));
#2654=CARTESIAN_POINT('',(-32.,-15.9941735312966,12.2538979191336));
#2655=CARTESIAN_POINT('',(-32.,-15.9917626693317,11.9586736773183));
#2656=CARTESIAN_POINT('',(-32.,-15.9888229648862,11.6623746993409));
#2657=CARTESIAN_POINT('',(-32.,-15.9853013869742,11.3655146420493));
#2658=CARTESIAN_POINT('',(-32.,-15.9811438372081,11.0688347531051));
#2659=CARTESIAN_POINT('',(-32.,-15.9765846516603,10.7909012388332));
#2660=CARTESIAN_POINT('',(-32.,-15.9728824279674,10.5941881907248));
#2661=CARTESIAN_POINT('',(-32.,-15.9689140216341,10.3984526074816));
#2662=CARTESIAN_POINT('',(-32.,-15.9642501061343,10.1866990702991));
#2663=CARTESIAN_POINT('',(-32.,-15.9569272391004,9.89767838477919));
#2664=CARTESIAN_POINT('',(-32.,-15.9486584705738,9.61287400190772));
#2665=CARTESIAN_POINT('',(-32.,-15.9393248542988,9.3315635417303));
#2666=CARTESIAN_POINT('',(-32.,-15.9288810905769,9.05568293511694));
#2667=CARTESIAN_POINT('',(-32.,-15.9172650927249,8.78630448538562));
#2668=CARTESIAN_POINT('',(-32.,-15.9045588818492,8.52703922977496));
#2669=CARTESIAN_POINT('',(-32.,-15.8906472541475,8.27664147737207));
#2670=CARTESIAN_POINT('',(-32.,-15.8784805153317,8.08313589289168));
#2671=CARTESIAN_POINT('',(-32.,-15.8677421317011,7.92679197137114));
#2672=CARTESIAN_POINT('',(-32.,-15.8569478892046,7.77871629257885));
#2673=CARTESIAN_POINT('',(-32.,-15.8420589366532,7.59284932154489));
#2674=CARTESIAN_POINT('',(-32.,-15.8233838159171,7.38573679913383));
#2675=CARTESIAN_POINT('',(-32.,-15.8034400604138,7.18922399538703));
#2676=CARTESIAN_POINT('',(-32.,-15.782115167714,7.00262702588748));
#2677=CARTESIAN_POINT('',(-32.,-15.7599986180094,6.83041200394455));
#2678=CARTESIAN_POINT('',(-32.,-15.7369527507109,6.67023561892434));
#2679=CARTESIAN_POINT('',(-32.,-15.713477849048,6.52423331410066));
#2680=CARTESIAN_POINT('',(-32.,-15.6930709877888,6.41037352386985));
#2681=CARTESIAN_POINT('',(-32.,-15.6767130535801,6.32610633290323));
#2682=CARTESIAN_POINT('',(-32.,-15.6611353228029,6.24987181656432));
#2683=CARTESIAN_POINT('',(-32.,-15.6412635898243,6.15942401019796));
#2684=CARTESIAN_POINT('',(-32.,-15.6167733501272,6.05832506243424));
#2685=CARTESIAN_POINT('',(-32.,-15.5917200678856,5.96449498435406));
#2686=CARTESIAN_POINT('',(-32.,-15.5684265074669,5.88511632161787));
#2687=CARTESIAN_POINT('',(-32.,-15.5514633272754,5.83191140417468));
#2688=CARTESIAN_POINT('',(-32.,-15.5353077777866,5.78347299421722));
#2689=CARTESIAN_POINT('',(-32.,-15.5179160813161,5.73391670337187));
#2690=CARTESIAN_POINT('',(-32.,-15.4936519245162,5.67053042805516));
#2691=CARTESIAN_POINT('',(-32.,-15.4767507325329,5.62990717632261));
#2692=CARTESIAN_POINT('',(-32.,-15.4602032422588,5.59186580201928));
#2693=CARTESIAN_POINT('',(-32.,-15.4514877036546,5.57266727724318));
#2694=CARTESIAN_POINT('',(-32.,-15.4428567734543,5.55447726082517));
#2695=CARTESIAN_POINT('',(-32.,-6.55714322654853,5.55447726082499));
#2696=CARTESIAN_POINT('',(-32.,-6.55714322490714,5.55447726082499));
#2697=VECTOR('',#2698,1.);
#2698=DIRECTION('',(0.,-1.,0.));
#2699=CARTESIAN_POINT('',(-32.,-6.,14.));
#2700=CARTESIAN_POINT('',(-32.,-6.00000020586064,13.9028468668235));
#2701=CARTESIAN_POINT('',(-32.,-6.00009260322112,13.7090547243663));
#2702=CARTESIAN_POINT('',(-32.,-6.00053049328944,13.4188998762771));
#2703=CARTESIAN_POINT('',(-32.,-6.00120761087345,13.1603072767587));
#2704=CARTESIAN_POINT('',(-32.,-6.00190822172116,12.9672172790807));
#2705=CARTESIAN_POINT('',(-32.,-6.00273533965519,12.7733774388118));
#2706=CARTESIAN_POINT('',(-32.,-6.00389664316855,12.5472875453318));
#2707=CARTESIAN_POINT('',(-32.,-6.00582646870344,12.2538979191336));
#2708=CARTESIAN_POINT('',(-32.,-6.0082373306683,11.9586736773183));
#2709=CARTESIAN_POINT('',(-32.,-6.01117703511381,11.662374699341));
#2710=CARTESIAN_POINT('',(-32.,-6.01469861302583,11.3655146420494));
#2711=CARTESIAN_POINT('',(-32.,-6.0188561627919,11.0688347531051));
#2712=CARTESIAN_POINT('',(-32.,-6.02341534833969,10.7909012388332));
#2713=CARTESIAN_POINT('',(-32.,-6.02711757203269,10.5941881907249));
#2714=CARTESIAN_POINT('',(-32.,-6.0310859783659,10.3984526074816));
#2715=CARTESIAN_POINT('',(-32.,-6.03574989386574,10.1866990702992));
#2716=CARTESIAN_POINT('',(-32.,-6.04307276089965,9.89767838477925));
#2717=CARTESIAN_POINT('',(-32.,-6.05134152942625,9.61287400190771));
#2718=CARTESIAN_POINT('',(-32.,-6.06067514570123,9.33156354173014));
#2719=CARTESIAN_POINT('',(-32.,-6.07111890942314,9.0556829351166));
#2720=CARTESIAN_POINT('',(-32.,-6.08273490727515,8.78630448538507));
#2721=CARTESIAN_POINT('',(-32.,-6.09544111815091,8.52703922977423));
#2722=CARTESIAN_POINT('',(-32.,-6.10935274585259,8.27664147737121));
#2723=CARTESIAN_POINT('',(-32.,-6.1215194846684,8.08313589289106));
#2724=CARTESIAN_POINT('',(-32.,-6.13225786829901,7.92679197137053));
#2725=CARTESIAN_POINT('',(-32.,-6.14305211079551,7.77871629257839));
#2726=CARTESIAN_POINT('',(-32.,-6.15794106334688,7.59284932154444));
#2727=CARTESIAN_POINT('',(-32.,-6.17661618408292,7.38573679913392));
#2728=CARTESIAN_POINT('',(-32.,-6.19655993958616,7.18922399538796));
#2729=CARTESIAN_POINT('',(-32.,-6.21788483228581,7.00262702588944));
#2730=CARTESIAN_POINT('',(-32.,-6.24000138199027,6.83041200394773));
#2731=CARTESIAN_POINT('',(-32.,-6.26304724928857,6.67023561892875));
#2732=CARTESIAN_POINT('',(-32.,-6.28652215095128,6.52423331410559));
#2733=CARTESIAN_POINT('',(-32.,-6.30692901221068,6.41037352387329));
#2734=CARTESIAN_POINT('',(-32.,-6.32328694641935,6.32610633290653));
#2735=CARTESIAN_POINT('',(-32.,-6.33886467719678,6.24987181656615));
#2736=CARTESIAN_POINT('',(-32.,-6.35873641017561,6.15942401019884));
#2737=CARTESIAN_POINT('',(-32.,-6.38322664987344,6.05832506243179));
#2738=CARTESIAN_POINT('',(-32.,-6.40827993211626,5.96449498434761));
#2739=CARTESIAN_POINT('',(-32.,-6.43157349253506,5.88511632161181));
#2740=CARTESIAN_POINT('',(-32.,-6.44853667272747,5.8319114041661));
#2741=CARTESIAN_POINT('',(-32.,-6.46469222221721,5.78347299420621));
#2742=CARTESIAN_POINT('',(-32.,-6.48208391868996,5.73391670335538));
#2743=CARTESIAN_POINT('',(-32.,-6.50634807548888,5.67053042804311));
#2744=CARTESIAN_POINT('',(-32.,-6.52324926747096,5.62990717631351));
#2745=CARTESIAN_POINT('',(-32.,-6.53979675773919,5.59186580202467));
#2746=CARTESIAN_POINT('',(-32.,-6.54851229632781,5.57266727725236));
#2747=CARTESIAN_POINT('',(-32.,-6.55714322647287,5.55447726082516));
#2748=CARTESIAN_POINT('',(-32.,-2.,-1.48029736616688E-16));
#2749=CARTESIAN_POINT('',(-32.,-2.,-4.44089209850063E-16));
#2750=VECTOR('',#2751,1.);
#2751=DIRECTION('',(0.,0.,1.));
#2752=CARTESIAN_POINT('',(-32.,-2.,0.));
#2753=VECTOR('',#2754,1.);
#2754=DIRECTION('',(-1.86984930463184E-16,-1.,0.));
#2755=CARTESIAN_POINT('',(-2.00000000000001,-42.,-1.48029736616688E-16));
#2756=CARTESIAN_POINT('',(-2.00000000000001,-42.,-4.44089209850063E-16));
#2757=VECTOR('',#2758,1.);
#2758=DIRECTION('',(-1.26882631385732E-16,0.,1.));
#2759=CARTESIAN_POINT('',(-30.,-42.,-1.48029736616688E-16));
#2760=CARTESIAN_POINT('',(-30.,-42.,-4.44089209850063E-16));
#2761=VECTOR('',#2762,1.);
#2762=DIRECTION('',(0.,0.,1.));
#2763=CARTESIAN_POINT('',(-30.,-42.,0.));
#2764=VECTOR('',#2765,1.);
#2765=DIRECTION('',(1.,-2.53765262771464E-16,0.));
#2766=CARTESIAN_POINT('',(-21.1,-42.,6.2));
#2767=AXIS2_PLACEMENT_3D('',#2768,#2769,#2770);
#2768=CARTESIAN_POINT('',(-16.,-42.,6.2));
#2769=DIRECTION('',(2.22044604925031E-16,1.,0.));
#2770=DIRECTION('',(-1.,2.22044604925031E-16,-1.22464679914735E-16));
#2771=CARTESIAN_POINT('',(-2.4492935982947E-16,-2.,-1.48029736616688E-16));
#2772=CARTESIAN_POINT('',(-2.4492935982947E-16,-2.,-4.44089209850063E-16));
#2773=VECTOR('',#2774,1.);
#2774=DIRECTION('',(0.,0.,1.));
#2775=CARTESIAN_POINT('',(-1.29475898047526E-15,-6.55714322654853,5.55447726082499));
#2776=CARTESIAN_POINT('',(7.4282898488095E-16,-6.,14.));
#2777=CARTESIAN_POINT('',(-5.60586131676162E-17,-6.00000020586064,13.9028468668234));
#2778=CARTESIAN_POINT('',(-1.10588053677316E-15,-6.00009260322113,13.7090547243663));
#2779=CARTESIAN_POINT('',(-9.07119621401083E-16,-6.00053049328942,13.4188998762771));
#2780=CARTESIAN_POINT('',(9.65625406662245E-16,-6.00120761087343,13.1603072767587));
#2781=CARTESIAN_POINT('',(3.51668363568025E-15,-6.00190822172114,12.9672172790807));
#2782=CARTESIAN_POINT('',(6.80933905023152E-15,-6.00273533965516,12.7733774388118));
#2783=CARTESIAN_POINT('',(1.18117414526931E-14,-6.00389664316853,12.5472875453318));
#2784=CARTESIAN_POINT('',(2.08025646555592E-14,-6.0058264687034,12.2538979191336));
#2785=CARTESIAN_POINT('',(3.26216438729984E-14,-6.00823733066826,11.9586736773183));
#2786=CARTESIAN_POINT('',(4.75578145468214E-14,-6.01117703511378,11.662374699341));
#2787=CARTESIAN_POINT('',(6.59287684954729E-14,-6.01469861302578,11.3655146420494));
#2788=CARTESIAN_POINT('',(8.80603811812646E-14,-6.01885616279185,11.0688347531051));
#2789=CARTESIAN_POINT('',(1.12720414176944E-13,-6.02341534833964,10.7909012388332));
#2790=CARTESIAN_POINT('',(1.32983910290829E-13,-6.02711757203264,10.5941881907249));
#2791=CARTESIAN_POINT('',(1.54828839019682E-13,-6.03108597836585,10.3984526074816));
#2792=CARTESIAN_POINT('',(1.80652946820459E-13,-6.03574989386567,10.1866990702992));
#2793=CARTESIAN_POINT('',(2.21557555138483E-13,-6.04307276089959,9.89767838477926));
#2794=CARTESIAN_POINT('',(2.68088029221218E-13,-6.05134152942617,9.61287400190771));
#2795=CARTESIAN_POINT('',(3.20941501003083E-13,-6.06067514570115,9.33156354173015));
#2796=CARTESIAN_POINT('',(3.80401676462555E-13,-6.07111890942305,9.0556829351166));
#2797=CARTESIAN_POINT('',(4.46844375598792E-13,-6.08273490727505,8.78630448538507));
#2798=CARTESIAN_POINT('',(5.19814517392213E-13,-6.09544111815082,8.52703922977423));
#2799=CARTESIAN_POINT('',(5.99982802729492E-13,-6.1093527458525,8.27664147737121));
#2800=CARTESIAN_POINT('',(6.70305735182031E-13,-6.1215194846683,8.08313589289106));
#2801=CARTESIAN_POINT('',(7.32491827713248E-13,-6.1322578682989,7.92679197137053));
#2802=CARTESIAN_POINT('',(7.9507619029461E-13,-6.14305211079539,7.77871629257839));
#2803=CARTESIAN_POINT('',(8.81552801920746E-13,-6.15794106334678,7.59284932154444));
#2804=CARTESIAN_POINT('',(9.90234160532841E-13,-6.17661618408281,7.38573679913391));
#2805=CARTESIAN_POINT('',(1.10650160416225E-12,-6.19655993958604,7.18922399538796));
#2806=CARTESIAN_POINT('',(1.23101449286868E-12,-6.21788483228569,7.00262702588944));
#2807=CARTESIAN_POINT('',(1.3603252405781E-12,-6.24000138199015,6.83041200394773));
#2808=CARTESIAN_POINT('',(1.49522824886922E-12,-6.26304724928845,6.67023561892874));
#2809=CARTESIAN_POINT('',(1.63278397301591E-12,-6.28652215095116,6.52423331410559));
#2810=CARTESIAN_POINT('',(1.75246948367912E-12,-6.30692901221055,6.41037352387329));
#2811=CARTESIAN_POINT('',(1.84846584438099E-12,-6.32328694641922,6.32610633290653));
#2812=CARTESIAN_POINT('',(1.9399166427422E-12,-6.33886467719665,6.24987181656615));
#2813=CARTESIAN_POINT('',(2.05663186548227E-12,-6.35873641017547,6.15942401019884));
#2814=CARTESIAN_POINT('',(2.20055896697776E-12,-6.3832266498733,6.05832506243179));
#2815=CARTESIAN_POINT('',(2.34787402731827E-12,-6.40827993211612,5.96449498434762));
#2816=CARTESIAN_POINT('',(2.48490653782365E-12,-6.43157349253492,5.88511632161183));
#2817=CARTESIAN_POINT('',(2.58473626879621E-12,-6.44853667272734,5.83191140416612));
#2818=CARTESIAN_POINT('',(2.67983141867162E-12,-6.46469222221707,5.78347299420621));
#2819=CARTESIAN_POINT('',(2.78222412079836E-12,-6.48208391868981,5.73391670335538));
#2820=CARTESIAN_POINT('',(2.92512544834683E-12,-6.50634807548875,5.67053042804314));
#2821=CARTESIAN_POINT('',(3.02469238861767E-12,-6.52324926747079,5.62990717631349));
#2822=CARTESIAN_POINT('',(3.12218989150907E-12,-6.53979675773908,5.59186580202471));
#2823=CARTESIAN_POINT('',(3.17354858150633E-12,-6.54851229632774,5.57266727725243));
#2824=CARTESIAN_POINT('',(3.22441546383434E-12,-6.55714322647273,5.55447726082517));
#2825=CARTESIAN_POINT('',(-8.36311559943804E-16,-15.4428567734515,5.55447726082499));
#2826=CARTESIAN_POINT('',(-8.08089783607841E-16,-6.55714322490714,5.55447726082499));
#2827=VECTOR('',#2828,1.);
#2828=DIRECTION('',(-1.34583298301555E-16,-1.,0.));
#2829=CARTESIAN_POINT('',(-1.42380664916795E-15,-16.,14.));
#2830=CARTESIAN_POINT('',(-2.43758765733384E-15,-15.9999997941394,13.9028468668235));
#2831=CARTESIAN_POINT('',(-3.64327416365555E-15,-15.9999073967789,13.7090547243663));
#2832=CARTESIAN_POINT('',(-2.78957578072438E-15,-15.9994695067106,13.4188998762771));
#2833=CARTESIAN_POINT('',(5.17542746153472E-16,-15.9987923891266,13.1603072767587));
#2834=CARTESIAN_POINT('',(4.71794040582976E-15,-15.9980917782788,12.9672172790807));
#2835=CARTESIAN_POINT('',(1.00334265247938E-14,-15.9972646603448,12.7733774388118));
#2836=CARTESIAN_POINT('',(1.79781444865744E-14,-15.9961033568315,12.5472875453318));
#2837=CARTESIAN_POINT('',(3.20410385049819E-14,-15.9941735312966,12.2538979191336));
#2838=CARTESIAN_POINT('',(5.03546241877524E-14,-15.9917626693317,11.9586736773183));
#2839=CARTESIAN_POINT('',(7.33511905442952E-14,-15.9888229648862,11.662374699341));
#2840=CARTESIAN_POINT('',(1.01506831247258E-13,-15.9853013869742,11.3655146420494));
#2841=CARTESIAN_POINT('',(1.3530949381318E-13,-15.9811438372081,11.0688347531051));
#2842=CARTESIAN_POINT('',(1.72873203596534E-13,-15.9765846516603,10.7909012388332));
#2843=CARTESIAN_POINT('',(2.03679233253114E-13,-15.9728824279673,10.5941881907249));
#2844=CARTESIAN_POINT('',(2.3685822371846E-13,-15.9689140216341,10.3984526074816));
#2845=CARTESIAN_POINT('',(2.76043382770957E-13,-15.9642501061343,10.1866990702992));
#2846=CARTESIAN_POINT('',(3.38022723857967E-13,-15.9569272391004,9.89767838477921));
#2847=CARTESIAN_POINT('',(4.08442337695305E-13,-15.9486584705738,9.61287400190772));
#2848=CARTESIAN_POINT('',(4.8835048689651E-13,-15.9393248542988,9.33156354173024));
#2849=CARTESIAN_POINT('',(5.78169507166823E-13,-15.9288810905769,9.0556829351168));
#2850=CARTESIAN_POINT('',(6.78461714055565E-13,-15.9172650927249,8.78630448538539));
#2851=CARTESIAN_POINT('',(7.88536804335989E-13,-15.9045588818491,8.52703922977466));
#2852=CARTESIAN_POINT('',(9.09404350591562E-13,-15.8906472541475,8.27664147737172));
#2853=CARTESIAN_POINT('',(1.01537830380906E-12,-15.8784805153316,8.08313589289142));
#2854=CARTESIAN_POINT('',(1.1090620861756E-12,-15.867742131701,7.92679197137089));
#2855=CARTESIAN_POINT('',(1.20332812760242E-12,-15.8569478892045,7.77871629257867));
#2856=CARTESIAN_POINT('',(1.333545381387E-12,-15.8420589366532,7.5928493215447));
#2857=CARTESIAN_POINT('',(1.49714807147682E-12,-15.8233838159171,7.38573679913387));
#2858=CARTESIAN_POINT('',(1.67212247310045E-12,-15.8034400604138,7.18922399538742));
#2859=CARTESIAN_POINT('',(1.85946005333191E-12,-15.7821151677141,7.0026270258883));
#2860=CARTESIAN_POINT('',(2.05397503951322E-12,-15.7599986180095,6.83041200394587));
#2861=CARTESIAN_POINT('',(2.25686486540369E-12,-15.7369527507111,6.67023561892617));
#2862=CARTESIAN_POINT('',(2.46371114187039E-12,-15.7134778490482,6.5242333141027));
#2863=CARTESIAN_POINT('',(2.64366028249532E-12,-15.693070987789,6.41037352387127));
#2864=CARTESIAN_POINT('',(2.78797889231036E-12,-15.6767130535803,6.3261063329046));
#2865=CARTESIAN_POINT('',(2.92545607804926E-12,-15.661135322803,6.24987181656507));
#2866=CARTESIAN_POINT('',(3.10089994931201E-12,-15.6412635898243,6.15942401019832));
#2867=CARTESIAN_POINT('',(3.31722817449153E-12,-15.6167733501269,6.05832506243322));
#2868=CARTESIAN_POINT('',(3.53863017511198E-12,-15.5917200678848,5.96449498435138));
#2869=CARTESIAN_POINT('',(3.74456325737346E-12,-15.568426507466,5.88511632161536));
#2870=CARTESIAN_POINT('',(3.8945789858518E-12,-15.5514633272742,5.83191140417111));
#2871=CARTESIAN_POINT('',(4.03747569143087E-12,-15.535307777785,5.78347299421265));
#2872=CARTESIAN_POINT('',(4.19133324197605E-12,-15.5179160813136,5.73391670336501));
#2873=CARTESIAN_POINT('',(4.40604890209783E-12,-15.493651924514,5.67053042805016));
#2874=CARTESIAN_POINT('',(4.55564592342185E-12,-15.4767507325313,5.62990717631881));
#2875=CARTESIAN_POINT('',(4.70213033819451E-12,-15.4602032422596,5.59186580202153));
#2876=CARTESIAN_POINT('',(4.77929222053155E-12,-15.4514877036618,5.57266727724701));
#2877=CARTESIAN_POINT('',(4.85571362759662E-12,-15.4428567734845,5.55447726082516));
#2878=CARTESIAN_POINT('',(-3.29149055928226E-15,-26.5571432265485,5.55447726082499));
#2879=CARTESIAN_POINT('',(-3.14635307336678E-15,-26.,14.));
#2880=CARTESIAN_POINT('',(-3.39651484439081E-15,-26.0000002058606,13.9028468668235));
#2881=CARTESIAN_POINT('',(-3.55446215127654E-15,-26.0000926032211,13.7090547243663));
#2882=CARTESIAN_POINT('',(-2.68033516490497E-15,-26.0005304932894,13.4188998762771));
#2883=CARTESIAN_POINT('',(-8.37723673216208E-16,-26.0012076108734,13.1603072767587));
#2884=CARTESIAN_POINT('',(1.26117077165141E-15,-26.0019082217212,12.9672172790807));
#2885=CARTESIAN_POINT('',(3.82716952827041E-15,-26.0027353396552,12.7733774388118));
#2886=CARTESIAN_POINT('',(7.54890875365369E-15,-26.0038966431685,12.5472875453318));
#2887=CARTESIAN_POINT('',(1.3946220066041E-14,-26.0058264687034,12.2538979191336));
#2888=CARTESIAN_POINT('',(2.21222962489314E-14,-26.0082373306683,11.9586736773183));
#2889=CARTESIAN_POINT('',(3.22563468693229E-14,-26.0111770351138,11.662374699341));
#2890=CARTESIAN_POINT('',(4.45463176621007E-14,-26.0146986130258,11.3655146420493));
#2891=CARTESIAN_POINT('',(5.91946997055614E-14,-26.0188561627919,11.0688347531051));
#2892=CARTESIAN_POINT('',(7.53806148345071E-14,-26.0234153483397,10.7909012388332));
#2893=CARTESIAN_POINT('',(8.85990102037257E-14,-26.0271175720326,10.5941881907248));
#2894=CARTESIAN_POINT('',(1.0280683588215E-13,-26.0310859783659,10.3984526074816));
#2895=CARTESIAN_POINT('',(1.19551978749449E-13,-26.0357498938657,10.1866990702992));
#2896=CARTESIAN_POINT('',(1.45955956088238E-13,-26.0430727608996,9.89767838477919));
#2897=CARTESIAN_POINT('',(1.75877872370377E-13,-26.0513415294262,9.61287400190773));
#2898=CARTESIAN_POINT('',(2.09756870103941E-13,-26.0606751457012,9.33156354173031));
#2899=CARTESIAN_POINT('',(2.47765903719157E-13,-26.0711189094231,9.05568293511696));
#2900=CARTESIAN_POINT('',(2.90137936952033E-13,-26.0827349072751,8.78630448538562));
#2901=CARTESIAN_POINT('',(3.36578192708154E-13,-26.0954411181508,8.52703922977497));
#2902=CARTESIAN_POINT('',(3.87510586280328E-13,-26.1093527458525,8.27664147737208));
#2903=CARTESIAN_POINT('',(4.32120523952715E-13,-26.1215194846683,8.08313589289168));
#2904=CARTESIAN_POINT('',(4.7153063484623E-13,-26.1322578682989,7.92679197137114));
#2905=CARTESIAN_POINT('',(5.11169204574733E-13,-26.1430521107954,7.77871629257885));
#2906=CARTESIAN_POINT('',(5.65891822092477E-13,-26.1579410633468,7.59284932154489));
#2907=CARTESIAN_POINT('',(6.3459726345843E-13,-26.1766161840829,7.38573679913383));
#2908=CARTESIAN_POINT('',(7.08033705065477E-13,-26.1965599395862,7.18922399538703));
#2909=CARTESIAN_POINT('',(7.86616497547241E-13,-26.217884832286,7.00262702588748));
#2910=CARTESIAN_POINT('',(8.68171603675747E-13,-26.2400013819906,6.83041200394455));
#2911=CARTESIAN_POINT('',(9.53203365206689E-13,-26.2630472492891,6.67023561892435));
#2912=CARTESIAN_POINT('',(1.03986243430231E-12,-26.286522150952,6.52423331410066));
#2913=CARTESIAN_POINT('',(1.11522937337626E-12,-26.3069290122112,6.41037352386985));
#2914=CARTESIAN_POINT('',(1.17566083551992E-12,-26.3232869464199,6.32610633290323));
#2915=CARTESIAN_POINT('',(1.23322034159009E-12,-26.3388646771971,6.24987181656432));
#2916=CARTESIAN_POINT('',(1.3066636929937E-12,-26.3587364101757,6.15942401019796));
#2917=CARTESIAN_POINT('',(1.39720323142398E-12,-26.3832266498728,6.05832506243424));
#2918=CARTESIAN_POINT('',(1.48984909503123E-12,-26.4082799321144,5.96449498435406));
#2919=CARTESIAN_POINT('',(1.5760078926883E-12,-26.4315734925331,5.88511632161788));
#2920=CARTESIAN_POINT('',(1.63876360767485E-12,-26.4485366727246,5.83191140417467));
#2921=CARTESIAN_POINT('',(1.69853724073203E-12,-26.4646922222134,5.78347299421723));
#2922=CARTESIAN_POINT('',(1.76289115750097E-12,-26.4820839186839,5.73391670337187));
#2923=CARTESIAN_POINT('',(1.8526898685363E-12,-26.5063480754838,5.67053042805516));
#2924=CARTESIAN_POINT('',(1.91524825007344E-12,-26.5232492674672,5.6299071763226));
#2925=CARTESIAN_POINT('',(1.97650190629963E-12,-26.5397967577412,5.59186580201929));
#2926=CARTESIAN_POINT('',(2.00876628013658E-12,-26.5485122963454,5.57266727724317));
#2927=CARTESIAN_POINT('',(2.04071956239116E-12,-26.5571432265457,5.55447726082517));
#2928=CARTESIAN_POINT('',(-4.61273970918762E-15,-35.4428567734515,5.55447726082499));
#2929=CARTESIAN_POINT('',(-4.34049811022555E-15,-35.4428567750929,5.55447726082499));
#2930=VECTOR('',#2931,1.);
#2931=DIRECTION('',(1.22464679914735E-16,1.,0.));
#2932=CARTESIAN_POINT('',(-4.42481028771555E-15,-36.,14.));
#2933=CARTESIAN_POINT('',(-4.38954195201768E-15,-35.9999997941394,13.9028468668234));
#2934=CARTESIAN_POINT('',(-4.38747054325511E-15,-35.9999073967789,13.7090547243663));
#2935=CARTESIAN_POINT('',(-4.60671368828255E-15,-35.9994695067106,13.4188998762771));
#2936=CARTESIAN_POINT('',(-5.0150346039358E-15,-35.9987923891266,13.1603072767587));
#2937=CARTESIAN_POINT('',(-5.46467541816771E-15,-35.9980917782788,12.9672172790807));
#2938=CARTESIAN_POINT('',(-6.00794476290176E-15,-35.9972646603448,12.7733774388118));
#2939=CARTESIAN_POINT('',(-6.78751064734714E-15,-35.9961033568314,12.5472875453318));
#2940=CARTESIAN_POINT('',(-8.1129874792437E-15,-35.9941735312966,12.2538979191336));
#2941=CARTESIAN_POINT('',(-9.79485244171599E-15,-35.9917626693317,11.9586736773183));
#2942=CARTESIAN_POINT('',(-1.18688673885455E-14,-35.9888229648862,11.662374699341));
#2943=CARTESIAN_POINT('',(-1.43745826951339E-14,-35.9853013869742,11.3655146420494));
#2944=CARTESIAN_POINT('',(-1.7352424010417E-14,-35.9811438372081,11.0688347531051));
#2945=CARTESIAN_POINT('',(-2.06352206899329E-14,-35.9765846516603,10.7909012388332));
#2946=CARTESIAN_POINT('',(-2.33115359069071E-14,-35.9728824279674,10.5941881907249));
#2947=CARTESIAN_POINT('',(-2.61857858376747E-14,-35.9689140216341,10.3984526074816));
#2948=CARTESIAN_POINT('',(-2.95704486169009E-14,-35.9642501061343,10.1866990702992));
#2949=CARTESIAN_POINT('',(-3.49005899773823E-14,-35.9569272391004,9.89767838477926));
#2950=CARTESIAN_POINT('',(-4.09343791350424E-14,-35.9486584705738,9.61287400190772));
#2951=CARTESIAN_POINT('',(-4.77598424851615E-14,-35.9393248542988,9.33156354173015));
#2952=CARTESIAN_POINT('',(-5.54113102789035E-14,-35.9288810905769,9.05568293511661));
#2953=CARTESIAN_POINT('',(-6.39352583058475E-14,-35.9172650927249,8.78630448538508));
#2954=CARTESIAN_POINT('',(-7.32721216336615E-14,-35.9045588818491,8.52703922977424));
#2955=CARTESIAN_POINT('',(-8.35069579669627E-14,-35.8906472541475,8.27664147737121));
#2956=CARTESIAN_POINT('',(-9.24673648669994E-14,-35.8784805153317,8.08313589289106));
#2957=CARTESIAN_POINT('',(-1.00381100995215E-13,-35.8677421317011,7.92679197137053));
#2958=CARTESIAN_POINT('',(-1.08339313788888E-13,-35.8569478892046,7.77871629257839));
#2959=CARTESIAN_POINT('',(-1.19323112515102E-13,-35.8420589366532,7.59284932154444));
#2960=CARTESIAN_POINT('',(-1.33109509441172E-13,-35.8233838159171,7.38573679913391));
#2961=CARTESIAN_POINT('',(-1.47841435454618E-13,-35.8034400604139,7.18922399538796));
#2962=CARTESIAN_POINT('',(-1.63602147952088E-13,-35.7821151677143,7.00262702588944));
#2963=CARTESIAN_POINT('',(-1.79955724099495E-13,-35.7599986180098,6.83041200394772));
#2964=CARTESIAN_POINT('',(-1.97003490330034E-13,-35.7369527507115,6.67023561892874));
#2965=CARTESIAN_POINT('',(-2.14374881946199E-13,-35.7134778490488,6.52423331410558));
#2966=CARTESIAN_POINT('',(-2.29480690172373E-13,-35.6930709877894,6.41037352387329));
#2967=CARTESIAN_POINT('',(-2.41591906467931E-13,-35.6767130535807,6.32610633290652));
#2968=CARTESIAN_POINT('',(-2.53126932877623E-13,-35.6611353228033,6.24987181656615));
#2969=CARTESIAN_POINT('',(-2.67844069338604E-13,-35.6412635898245,6.15942401019884));
#2970=CARTESIAN_POINT('',(-2.85985483266542E-13,-35.6167733501266,6.05832506243179));
#2971=CARTESIAN_POINT('',(-3.04547474727744E-13,-35.5917200678838,5.96449498434761));
#2972=CARTESIAN_POINT('',(-3.2180855326102E-13,-35.568426507465,5.88511632161182));
#2973=CARTESIAN_POINT('',(-3.34380348126251E-13,-35.5514633272726,5.83191140416611));
#2974=CARTESIAN_POINT('',(-3.46354403958435E-13,-35.5353077777829,5.78347299420622));
#2975=CARTESIAN_POINT('',(-3.59245602169467E-13,-35.5179160813101,5.73391670335538));
#2976=CARTESIAN_POINT('',(-3.77232952128912E-13,-35.4936519245112,5.67053042804312));
#2977=CARTESIAN_POINT('',(-3.89763322409258E-13,-35.4767507325291,5.62990717631352));
#2978=CARTESIAN_POINT('',(-4.02032093241602E-13,-35.4602032422609,5.59186580202468));
#2979=CARTESIAN_POINT('',(-4.08494342105644E-13,-35.4514877036723,5.57266727725238));
#2980=CARTESIAN_POINT('',(-4.14894156686697E-13,-35.4428567735272,5.55447726082517));
#2981=CARTESIAN_POINT('',(-4.89405190050984E-15,-40.,-1.48029736616688E-16));
#2982=CARTESIAN_POINT('',(-4.89178425247005E-15,-40.,-4.44089209850063E-16));
#2983=VECTOR('',#2984,1.);
#2984=DIRECTION('',(0.,0.,1.));
#2985=CARTESIAN_POINT('',(-4.89858719658941E-15,-40.,0.));
#2986=VECTOR('',#2987,1.);
#2987=DIRECTION('',(1.22464679914735E-16,1.,0.));
#2988=CARTESIAN_POINT('',(-2.83282061421344,-34.2153918114054,5.55447726082499));
#2989=CARTESIAN_POINT('',(-2.83282061421343,-27.7846081885946,5.55447726082499));
#2990=CARTESIAN_POINT('',(-2.83282061421344,-34.2153918114054,5.55447726082499));
#2991=CARTESIAN_POINT('',(-2.87926175489284,-34.2112801175356,5.58510468964287));
#2992=CARTESIAN_POINT('',(-2.96310632157612,-34.2017866426055,5.641001037568));
#2993=CARTESIAN_POINT('',(-3.07560022861473,-34.1891677898623,5.72519956837399));
#2994=CARTESIAN_POINT('',(-3.17885057618756,-34.1762589802003,5.80815724275814));
#2995=CARTESIAN_POINT('',(-3.28844693431404,-34.1614157932384,5.90245365167822));
#2996=CARTESIAN_POINT('',(-3.40856207923255,-34.1435382859969,6.0135943253282));
#2997=CARTESIAN_POINT('',(-3.54138914744134,-34.1212293450474,6.14577251987756));
#2998=CARTESIAN_POINT('',(-3.66663960008337,-34.0975480665412,6.27894678495784));
#2999=CARTESIAN_POINT('',(-3.78060360008522,-34.0733092389106,6.40515741420714));
#3000=CARTESIAN_POINT('',(-3.88113840544941,-34.0500454607079,6.52046900841464));
#3001=CARTESIAN_POINT('',(-3.98869075950294,-34.0228204479238,6.64569415929544));
#3002=CARTESIAN_POINT('',(-4.1064050011165,-33.9899801380323,6.78368360458684));
#3003=CARTESIAN_POINT('',(-4.23404090935714,-33.9503596542967,6.93172448920192));
#3004=CARTESIAN_POINT('',(-4.34824733359061,-33.9110389894365,7.05915059612876));
#3005=CARTESIAN_POINT('',(-4.44679530913465,-33.8740895655042,7.16255232007958));
#3006=CARTESIAN_POINT('',(-4.52921226787473,-33.8411089620242,7.24336844861334));
#3007=CARTESIAN_POINT('',(-4.61177868065986,-33.8060060952619,7.31775911442796));
#3008=CARTESIAN_POINT('',(-4.69547106940295,-33.7681317260001,7.38483547216248));
#3009=CARTESIAN_POINT('',(-4.78161973557382,-33.7265802175387,7.44357172361106));
#3010=CARTESIAN_POINT('',(-4.8638234953563,-33.684402524353,7.48875440002424));
#3011=CARTESIAN_POINT('',(-4.9428606793232,-33.6413805549977,7.52118549724951));
#3012=CARTESIAN_POINT('',(-5.02565008011408,-33.593820746706,7.54390150015839));
#3013=CARTESIAN_POINT('',(-5.11299481697569,-33.5404445680959,7.5535813155631));
#3014=CARTESIAN_POINT('',(-5.20077049856994,-33.4830828317111,7.54752176587037));
#3015=CARTESIAN_POINT('',(-5.26753853107666,-33.436742313825,7.53216537839768));
#3016=CARTESIAN_POINT('',(-5.31689163447052,-33.4011349815599,7.51614547308571));
#3017=CARTESIAN_POINT('',(-5.35337674754798,-33.374012402538,7.50139507775182));
#3018=CARTESIAN_POINT('',(-5.39039235723852,-33.3458155716863,7.4843687348959));
#3019=CARTESIAN_POINT('',(-5.4365528021856,-33.3096664335086,7.46019211346138));
#3020=CARTESIAN_POINT('',(-5.4968302434484,-33.2605815569197,7.42329504765859));
#3021=CARTESIAN_POINT('',(-5.56944507302125,-33.1982286039965,7.37096256276957));
#3022=CARTESIAN_POINT('',(-5.64426412141465,-33.1300370142897,7.30925655249804));
#3023=CARTESIAN_POINT('',(-5.71710514077197,-33.0594968704825,7.2422964846616));
#3024=CARTESIAN_POINT('',(-5.78669789485924,-32.9883902287572,7.17473134913564));
#3025=CARTESIAN_POINT('',(-5.85189777215632,-32.9173479878536,7.10617396405781));
#3026=CARTESIAN_POINT('',(-5.90926105497334,-32.8512166334026,7.04341733219973));
#3027=CARTESIAN_POINT('',(-5.9604103805588,-32.7894320596765,6.98672549703392));
#3028=CARTESIAN_POINT('',(-6.00817870147129,-32.7292858669993,6.93369151407704));
#3029=CARTESIAN_POINT('',(-6.05779204540685,-32.6631911938978,6.87628116531757));
#3030=CARTESIAN_POINT('',(-6.11491781801637,-32.583131247092,6.81061907708815));
#3031=CARTESIAN_POINT('',(-6.18487842893005,-32.4778532219078,6.72969200454523));
#3032=CARTESIAN_POINT('',(-6.26687839872953,-32.3419971331191,6.63571105143997));
#3033=CARTESIAN_POINT('',(-6.35550978637142,-32.174774015995,6.53620597947624));
#3034=CARTESIAN_POINT('',(-6.43836995039413,-31.9904238624652,6.44650126204992));
#3035=CARTESIAN_POINT('',(-6.50856110237681,-31.7992859535228,6.37363143066809));
#3036=CARTESIAN_POINT('',(-6.56084007848586,-31.6185029946641,6.32154682170484));
#3037=CARTESIAN_POINT('',(-6.59748712225119,-31.4494159288977,6.28614614272557));
#3038=CARTESIAN_POINT('',(-6.62133266305487,-31.2919370880546,6.26366929593121));
#3039=CARTESIAN_POINT('',(-6.63542167011379,-31.1321865858717,6.25055437070664));
#3040=CARTESIAN_POINT('',(-6.63914991101155,-30.9590372728674,6.24712086021341));
#3041=CARTESIAN_POINT('',(-6.62878764269174,-30.7658510443408,6.25669092148454));
#3042=CARTESIAN_POINT('',(-6.60035144049752,-30.55883965346,6.28334320845863));
#3043=CARTESIAN_POINT('',(-6.55282039416052,-30.3472863918546,6.32929512372024));
#3044=CARTESIAN_POINT('',(-6.48877857265028,-30.1414669508565,6.39379176193434));
#3045=CARTESIAN_POINT('',(-6.41080314727104,-29.9443340406728,6.47591539595073));
#3046=CARTESIAN_POINT('',(-6.32331997588169,-29.76141542906,6.57195124764949));
#3047=CARTESIAN_POINT('',(-6.23082807478091,-29.5957585459851,6.67684267952042));
#3048=CARTESIAN_POINT('',(-6.13909880633832,-29.4512245025572,6.7825833725684));
#3049=CARTESIAN_POINT('',(-6.05042704222025,-29.3255968627174,6.88508217011293));
#3050=CARTESIAN_POINT('',(-5.96818223607825,-29.2192228938885,6.9788050703999));
#3051=CARTESIAN_POINT('',(-5.89296769689948,-29.1293366905183,7.06162268621312));
#3052=CARTESIAN_POINT('',(-5.82830469607072,-29.0565202018905,7.1314778179727));
#3053=CARTESIAN_POINT('',(-5.77054083869093,-28.9951966081771,7.1897945917458));
#3054=CARTESIAN_POINT('',(-5.71829438172335,-28.941939868113,7.24107790959618));
#3055=CARTESIAN_POINT('',(-5.66663674381711,-28.8914597915275,7.28912490591655));
#3056=CARTESIAN_POINT('',(-5.61311616778721,-28.8414411144857,7.33509819254978));
#3057=CARTESIAN_POINT('',(-5.55821555943289,-28.7922141070488,7.37887990303904));
#3058=CARTESIAN_POINT('',(-5.50322850550855,-28.7449675694483,7.41858598391807));
#3059=CARTESIAN_POINT('',(-5.45117584088202,-28.7021468705098,7.4513771297998));
#3060=CARTESIAN_POINT('',(-5.40339707391363,-28.6641969352036,7.47812759388958));
#3061=CARTESIAN_POINT('',(-5.36057078152139,-28.6313725720143,7.49838764839365));
#3062=CARTESIAN_POINT('',(-5.32138114417614,-28.6021686411007,7.5144247721172));
#3063=CARTESIAN_POINT('',(-5.28474872094992,-28.5756577684549,7.52661084280807));
#3064=CARTESIAN_POINT('',(-5.24791565642072,-28.5496225395092,7.5368086230844));
#3065=CARTESIAN_POINT('',(-5.20992747857938,-28.5235182580497,7.54445637422326));
#3066=CARTESIAN_POINT('',(-5.17001327277649,-28.4968791225567,7.54936328599878));
#3067=CARTESIAN_POINT('',(-5.12960709948959,-28.4706388980914,7.5514826399649));
#3068=CARTESIAN_POINT('',(-5.08826396397065,-28.4445971663012,7.55018367992267));
#3069=CARTESIAN_POINT('',(-5.04565512508721,-28.4185266639938,7.5455735184066));
#3070=CARTESIAN_POINT('',(-5.00218558100125,-28.3927624334211,7.53718165326982));
#3071=CARTESIAN_POINT('',(-4.9599328147402,-28.3684939567122,7.52555150923644));
#3072=CARTESIAN_POINT('',(-4.91937194790161,-28.3458652350346,7.51140400143912));
#3073=CARTESIAN_POINT('',(-4.87860766023874,-28.3237582999539,7.49432915451979));
#3074=CARTESIAN_POINT('',(-4.83336505093318,-28.2999691964853,7.47199205963641));
#3075=CARTESIAN_POINT('',(-4.77814668670717,-28.2719010314553,7.44053309334651));
#3076=CARTESIAN_POINT('',(-4.70877545327343,-28.2382046688159,7.39423051683856));
#3077=CARTESIAN_POINT('',(-4.626589511629,-28.2004842675231,7.33043699824973));
#3078=CARTESIAN_POINT('',(-4.53548344780537,-28.1613591523237,7.24965743170733));
#3079=CARTESIAN_POINT('',(-4.43953217362242,-28.1229728157453,7.15551485748172));
#3080=CARTESIAN_POINT('',(-4.33499532271407,-28.0842219467871,7.04468350457899));
#3081=CARTESIAN_POINT('',(-4.2210749930909,-28.0454897282488,6.91683502047862));
#3082=CARTESIAN_POINT('',(-4.09656770068035,-28.0071391816762,6.77218975250978));
#3083=CARTESIAN_POINT('',(-3.97028577181585,-27.9722395109014,6.62380622908717));
#3084=CARTESIAN_POINT('',(-3.84370199693947,-27.9408293783367,6.47710838508072));
#3085=CARTESIAN_POINT('',(-3.71552994317009,-27.9124191418177,6.33224806959449));
#3086=CARTESIAN_POINT('',(-3.57819480674401,-27.8853456141326,6.18384988645881));
#3087=CARTESIAN_POINT('',(-3.43363042643064,-27.8603620750163,6.03743361425446));
#3088=CARTESIAN_POINT('',(-3.29608495251024,-27.839583699513,5.90893025777621));
#3089=CARTESIAN_POINT('',(-3.17779394394759,-27.8235673692425,5.80719855874909));
#3090=CARTESIAN_POINT('',(-3.07402650440133,-27.8107484226964,5.72400878540375));
#3091=CARTESIAN_POINT('',(-2.98102077513137,-27.7999526288611,5.65485876718306));
#3092=CARTESIAN_POINT('',(-2.89967036681683,-27.79149513343,5.59792142971252));
#3093=CARTESIAN_POINT('',(-2.85223622635442,-27.7863594880365,5.56723086796615));
#3094=CARTESIAN_POINT('',(-2.83282061421344,-27.7846081885946,5.55447726082499));
#3095=CARTESIAN_POINT('',(-2.83282061421343,-27.7846081885946,5.55447726082499));
#3096=CARTESIAN_POINT('',(-1.64343271367788,-27.1799465853653,5.55447726082499));
#3097=CARTESIAN_POINT('',(-6.27664599810149E-15,-26.5571432265485,5.55447726082499));
#3098=CARTESIAN_POINT('',(-4.51478045477475E-15,-35.4428567734515,5.55447726082499));
#3099=CARTESIAN_POINT('',(-1.64343271367788,-34.8200534146347,5.55447726082499));
#3100=CARTESIAN_POINT('',(-2.83282061421344,-34.2153918114054,5.55447726082499));
#3101=CARTESIAN_POINT('',(-2.83282061421343,-14.2153918114054,5.55447726082499));
#3102=CARTESIAN_POINT('',(-2.83282061421342,-7.78460818859459,5.55447726082499));
#3103=CARTESIAN_POINT('',(-2.83282061421342,-7.78460818859459,5.55447726082499));
#3104=CARTESIAN_POINT('',(-2.87905453212239,-7.788713073968,5.58494990452203));
#3105=CARTESIAN_POINT('',(-2.96253185504207,-7.79814639543571,5.64061223411479));
#3106=CARTESIAN_POINT('',(-3.0745346870043,-7.8107085511025,5.72438295822642));
#3107=CARTESIAN_POINT('',(-3.17718246587227,-7.82352662077791,5.80678347414646));
#3108=CARTESIAN_POINT('',(-3.28625078135128,-7.83827619394256,5.9004968187897));
#3109=CARTESIAN_POINT('',(-3.40610654336246,-7.85607399627415,6.01123740735422));
#3110=CARTESIAN_POINT('',(-3.53910342037473,-7.87836098179906,6.14341035805594));
#3111=CARTESIAN_POINT('',(-3.66473736864795,-7.90206573479863,6.2768803883917));
#3112=CARTESIAN_POINT('',(-3.77912488333553,-7.92636191366629,6.40348170360518));
#3113=CARTESIAN_POINT('',(-3.87991858112716,-7.94965899629954,6.51905292590366));
#3114=CARTESIAN_POINT('',(-3.98745957925856,-7.97685166598575,6.64425867476662));
#3115=CARTESIAN_POINT('',(-4.10501943728866,-8.0096163517086,6.78205580580838));
#3116=CARTESIAN_POINT('',(-4.23247906499044,-8.04913084643514,6.92993735827366));
#3117=CARTESIAN_POINT('',(-4.34692853935509,-8.08848519332532,7.05771801502109));
#3118=CARTESIAN_POINT('',(-4.44548462132697,-8.12540217528881,7.16122317327367));
#3119=CARTESIAN_POINT('',(-4.52760512185234,-8.15823653669619,7.24182511014457));
#3120=CARTESIAN_POINT('',(-4.60780666516134,-8.19228259698503,7.31425500887312));
#3121=CARTESIAN_POINT('',(-4.68825668015795,-8.22855132484582,7.37925191617572));
#3122=CARTESIAN_POINT('',(-4.76959296514825,-8.26751065200384,7.43581232460833));
#3123=CARTESIAN_POINT('',(-4.84780658994684,-8.30722875258972,7.4806219445222));
#3124=CARTESIAN_POINT('',(-4.92262266292092,-8.34742254855905,7.51369113576951));
#3125=CARTESIAN_POINT('',(-4.99502151077912,-8.38836513331198,7.53648004434578));
#3126=CARTESIAN_POINT('',(-5.06740501432918,-8.43147534228479,7.54949460400204));
#3127=CARTESIAN_POINT('',(-5.13877731355747,-8.47628297233339,7.55228999639233));
#3128=CARTESIAN_POINT('',(-5.20237676514306,-8.51826636199427,7.54621064999056));
#3129=CARTESIAN_POINT('',(-5.25554602991864,-8.55489849360696,7.53510403761909));
#3130=CARTESIAN_POINT('',(-5.298818071122,-8.58571893027472,7.52239277366087));
#3131=CARTESIAN_POINT('',(-5.33801746384842,-8.61449987203555,7.50775711520125));
#3132=CARTESIAN_POINT('',(-5.37938644993684,-8.64563142860001,7.4900600216111));
#3133=CARTESIAN_POINT('',(-5.42831182992425,-8.6837709643637,7.46474817078889));
#3134=CARTESIAN_POINT('',(-5.4866311385407,-8.73100928671204,7.42980643496226));
#3135=CARTESIAN_POINT('',(-5.55128464503919,-8.78599367761482,7.38443884737691));
#3136=CARTESIAN_POINT('',(-5.6192861174439,-8.8468663911631,7.33045211345772));
#3137=CARTESIAN_POINT('',(-5.69262842397011,-8.91624717093854,7.26556444792427));
#3138=CARTESIAN_POINT('',(-5.77039473188748,-8.99428816444324,7.19133814708954));
#3139=CARTESIAN_POINT('',(-5.84901452814953,-9.0792899899696,7.10871341856274));
#3140=CARTESIAN_POINT('',(-5.92253513511006,-9.16386595299461,7.02985972278838));
#3141=CARTESIAN_POINT('',(-5.99071079356537,-9.24803452427983,6.95310427762915));
#3142=CARTESIAN_POINT('',(-6.05643008364822,-9.33448231324905,6.87801186671748));
#3143=CARTESIAN_POINT('',(-6.12390070400258,-9.42975428392232,6.80014251766037));
#3144=CARTESIAN_POINT('',(-6.19412588899566,-9.53708414027553,6.71909990721585));
#3145=CARTESIAN_POINT('',(-6.26788828191246,-9.66067698457919,6.63463530305514));
#3146=CARTESIAN_POINT('',(-6.3461005866653,-9.80717854546702,6.54675376616979));
#3147=CARTESIAN_POINT('',(-6.42741573626536,-9.98313304547524,6.45811025723866));
#3148=CARTESIAN_POINT('',(-6.50235151623249,-10.1803516800368,6.37988156173094));
#3149=CARTESIAN_POINT('',(-6.56219392669749,-10.3843843742097,6.32013002049284));
#3150=CARTESIAN_POINT('',(-6.60337562198786,-10.5796384552374,6.2805188986439));
#3151=CARTESIAN_POINT('',(-6.62899507306432,-10.7717362057281,6.25650407811025));
#3152=CARTESIAN_POINT('',(-6.63992224047719,-10.9700921668619,6.24642465069376));
#3153=CARTESIAN_POINT('',(-6.63370131566862,-11.1807145719252,6.25214003497467));
#3154=CARTESIAN_POINT('',(-6.60788654021336,-11.3985660299705,6.27620249004041));
#3155=CARTESIAN_POINT('',(-6.56243241000791,-11.6165039767958,6.31984523411541));
#3156=CARTESIAN_POINT('',(-6.49967087526998,-11.8273713216006,6.38260107798918));
#3157=CARTESIAN_POINT('',(-6.42259832829411,-12.0284539738059,6.4632587786298));
#3158=CARTESIAN_POINT('',(-6.33587763609029,-12.2141932800112,6.55797200402573));
#3159=CARTESIAN_POINT('',(-6.24464676974328,-12.3807567857918,6.66102427287824));
#3160=CARTESIAN_POINT('',(-6.15901527660247,-12.5182305178659,6.75957027467753));
#3161=CARTESIAN_POINT('',(-6.08558037457383,-12.6251460887837,6.84447410680603));
#3162=CARTESIAN_POINT('',(-6.02696977108281,-12.7045475541109,6.91155266285425));
#3163=CARTESIAN_POINT('',(-5.97875566763196,-12.7667703857672,6.96695084130455));
#3164=CARTESIAN_POINT('',(-5.93301009051656,-12.8229116465524,7.01755340846587));
#3165=CARTESIAN_POINT('',(-5.88447340994139,-12.8800161045709,7.07040488555035));
#3166=CARTESIAN_POINT('',(-5.83297210967041,-12.9381650527289,7.12618339417015));
#3167=CARTESIAN_POINT('',(-5.78230046556705,-12.9927179814387,7.17904807730599));
#3168=CARTESIAN_POINT('',(-5.73751047809612,-13.0388520634592,7.22344521861243));
#3169=CARTESIAN_POINT('',(-5.6955084534436,-13.0805483210118,7.26286838391007));
#3170=CARTESIAN_POINT('',(-5.65122842962641,-13.1229236521334,7.30179593934934));
#3171=CARTESIAN_POINT('',(-5.59987245583027,-13.1706629641574,7.34616993703732));
#3172=CARTESIAN_POINT('',(-5.54198078373951,-13.2220055818099,7.3911501110243));
#3173=CARTESIAN_POINT('',(-5.48054582061178,-13.2740076780552,7.43364211625015));
#3174=CARTESIAN_POINT('',(-5.41855951196736,-13.3240607143528,7.47049223726061));
#3175=CARTESIAN_POINT('',(-5.36107998515237,-13.3683664671818,7.49854193144464));
#3176=CARTESIAN_POINT('',(-5.31002577208493,-13.4062201272483,7.51887206296608));
#3177=CARTESIAN_POINT('',(-5.26813696174098,-13.4361704084344,7.53149740211533));
#3178=CARTESIAN_POINT('',(-5.23023388648854,-13.4625806332148,7.54051931774074));
#3179=CARTESIAN_POINT('',(-5.1924293172654,-13.4882694982529,7.54708188746418));
#3180=CARTESIAN_POINT('',(-5.15103526852369,-13.5155520331775,7.55077546890601));
#3181=CARTESIAN_POINT('',(-5.10489613717127,-13.5450711231984,7.55133587759675));
#3182=CARTESIAN_POINT('',(-5.05558528840781,-13.5755188236927,7.54717393488838));
#3183=CARTESIAN_POINT('',(-5.00292868869498,-13.6068701475548,7.53764431452833));
#3184=CARTESIAN_POINT('',(-4.94930003714741,-13.6375991526313,7.5225892703255));
#3185=CARTESIAN_POINT('',(-4.89297596610281,-13.6686172459044,7.50108534815086));
#3186=CARTESIAN_POINT('',(-4.83198177686196,-13.7008708629008,7.47182591603956));
#3187=CARTESIAN_POINT('',(-4.76175112408529,-13.7363015262711,7.430600524028));
#3188=CARTESIAN_POINT('',(-4.68216375981917,-13.7742919760419,7.37469105083277));
#3189=CARTESIAN_POINT('',(-4.59617091925454,-13.8128615218365,7.30446187668149));
#3190=CARTESIAN_POINT('',(-4.505138124993,-13.8510564448803,7.22070491039536));
#3191=CARTESIAN_POINT('',(-4.41083300362594,-13.8879256089687,7.12565434486432));
#3192=CARTESIAN_POINT('',(-4.30916403799112,-13.9248002403559,7.01608561241578));
#3193=CARTESIAN_POINT('',(-4.19406681164554,-13.9631784280241,6.88578948346529));
#3194=CARTESIAN_POINT('',(-4.06188818329121,-14.0029897752113,6.7314968326972));
#3195=CARTESIAN_POINT('',(-3.9155773835594,-14.0420486357664,6.55992948241675));
#3196=CARTESIAN_POINT('',(-3.76454217208656,-14.0773291872667,6.38667057780572));
#3197=CARTESIAN_POINT('',(-3.61405842083139,-14.1079730422728,6.22162193110919));
#3198=CARTESIAN_POINT('',(-3.46801780921844,-14.1339649219639,6.07136783561223));
#3199=CARTESIAN_POINT('',(-3.3311159410462,-14.1553318698333,5.94075984986811));
#3200=CARTESIAN_POINT('',(-3.2028025696633,-14.1732225907261,5.82776523808395));
#3201=CARTESIAN_POINT('',(-3.07950845661176,-14.1887440513757,5.7277834910016));
#3202=CARTESIAN_POINT('',(-2.95666275279074,-14.202617282508,5.63658400593605));
#3203=CARTESIAN_POINT('',(-2.87322020024314,-14.2117477453851,5.58101469086567));
#3204=CARTESIAN_POINT('',(-2.83282061421343,-14.2153918114054,5.55447726082499));
#3205=CARTESIAN_POINT('',(-9.91049368121287E-16,-6.55714322654853,5.55447726082499));
#3206=CARTESIAN_POINT('',(-1.64343271367787,-7.17994658536528,5.55447726082499));
#3207=CARTESIAN_POINT('',(-2.83282061421342,-7.78460818859458,5.55447726082499));
#3208=CARTESIAN_POINT('',(-2.83282061421343,-14.2153918114054,5.55447726082499));
#3209=CARTESIAN_POINT('',(-1.64343271367788,-14.8200534146347,5.55447726082499));
#3210=CARTESIAN_POINT('',(-7.70816175205446E-16,-15.4428567734515,5.55447726082499));
#3211=CARTESIAN_POINT('',(-2.,3.11315976503001E-16,-1.48029736616688E-16));
#3212=CARTESIAN_POINT('',(-2.,3.44509284839767E-16,-4.44089209850063E-16));
#3213=VECTOR('',#3214,1.);
#3214=DIRECTION('',(-3.1720657846433E-17,1.58603289232165E-17,1.));
#3215=CARTESIAN_POINT('',(-30.,3.67394039744206E-15,-1.48029736616688E-16));
#3216=CARTESIAN_POINT('',(-2.,2.44929359829471E-16,0.));
#3217=VECTOR('',#3218,1.);
#3218=DIRECTION('',(-1.,1.22464679914735E-16,0.));
#3219=CARTESIAN_POINT('',(-30.,3.67394039744206E-15,-4.44089209850063E-16));
#3220=VECTOR('',#3221,1.);
#3221=DIRECTION('',(2.53765262771464E-16,0.,1.));
#3222=CARTESIAN_POINT('',(-8.3,1.0164568432923E-15,6.2));
#3223=AXIS2_PLACEMENT_3D('',#3224,#3225,#3226);
#3224=CARTESIAN_POINT('',(-7.,8.57252759403147E-16,6.2));
#3225=DIRECTION('',(1.22464679914735E-16,1.,0.));
#3226=DIRECTION('',(-1.,1.22464679914735E-16,-1.22464679914735E-16));
#3227=CARTESIAN_POINT('',(-26.3,3.22082108175754E-15,6.2));
#3228=AXIS2_PLACEMENT_3D('',#3229,#3230,#3231);
#3229=CARTESIAN_POINT('',(-25.,3.06161699786838E-15,6.2));
#3230=DIRECTION('',(1.22464679914735E-16,1.,0.));
#3231=DIRECTION('',(-1.,1.22464679914735E-16,-1.22464679914735E-16));
#3232=CARTESIAN_POINT('',(-21.1,2.58400474620092E-15,6.2));
#3233=AXIS2_PLACEMENT_3D('',#3234,#3235,#3236);
#3234=CARTESIAN_POINT('',(-16.,1.95943487863576E-15,6.2));
#3235=DIRECTION('',(1.22464679914735E-16,1.,0.));
#3236=DIRECTION('',(-1.,1.22464679914735E-16,-1.22464679914735E-16));
#3237=CARTESIAN_POINT('',(-29.1671793857866,-7.78460818859458,5.55447726082499));
#3238=CARTESIAN_POINT('',(-29.1671793857866,-14.2153918114054,5.55447726082499));
#3239=CARTESIAN_POINT('',(-29.1671793857866,-7.78460818859458,5.55447726082499));
#3240=CARTESIAN_POINT('',(-29.1207382451071,-7.78871988246443,5.5851046896429));
#3241=CARTESIAN_POINT('',(-29.0368936784238,-7.79821335739448,5.64100103756808));
#3242=CARTESIAN_POINT('',(-28.9243997713851,-7.81083221013768,5.72519956837415));
#3243=CARTESIAN_POINT('',(-28.8211494238121,-7.82374101979976,5.80815724275842));
#3244=CARTESIAN_POINT('',(-28.7115530656822,-7.83858420676211,5.90245365168144));
#3245=CARTESIAN_POINT('',(-28.5914379207576,-7.85646171400459,6.01359432533743));
#3246=CARTESIAN_POINT('',(-28.4586108525405,-7.8787706549558,6.1457725198961));
#3247=CARTESIAN_POINT('',(-28.3333603998939,-7.90245193346332,6.2789467849824));
#3248=CARTESIAN_POINT('',(-28.2193963998913,-7.92669076109466,6.40515741423374));
#3249=CARTESIAN_POINT('',(-28.1188615945293,-7.94995453929721,6.52046900843929));
#3250=CARTESIAN_POINT('',(-28.0113092404899,-7.97717955207827,6.64569415930393));
#3251=CARTESIAN_POINT('',(-27.8935949989031,-8.01001986196232,6.78368360456372));
#3252=CARTESIAN_POINT('',(-27.7659590907029,-8.04964034568411,6.93172448913269));
#3253=CARTESIAN_POINT('',(-27.6517526665013,-8.08896101053088,7.0591505960278));
#3254=CARTESIAN_POINT('',(-27.5532046909742,-8.12591043445365,7.16255231996898));
#3255=CARTESIAN_POINT('',(-27.4707877322312,-8.15889103793209,7.24336844851346));
#3256=CARTESIAN_POINT('',(-27.3882213194326,-8.19399390469735,7.31775911434948));
#3257=CARTESIAN_POINT('',(-27.3045289306761,-8.23186827396279,7.38483547210453));
#3258=CARTESIAN_POINT('',(-27.2183802644895,-8.27341978242969,7.44357172357273));
#3259=CARTESIAN_POINT('',(-27.1361765047,-8.31559747561714,7.48875439999744));
#3260=CARTESIAN_POINT('',(-27.05713932073,-8.35861944497253,7.52118549723115));
#3261=CARTESIAN_POINT('',(-26.9743499199914,-8.40617925323237,7.54390150013388));
#3262=CARTESIAN_POINT('',(-26.8870051832303,-8.45955543177603,7.55358131555014));
#3263=CARTESIAN_POINT('',(-26.7992295017662,-8.51691716806439,7.54752176591338));
#3264=CARTESIAN_POINT('',(-26.7324614693228,-8.56325768589345,7.53216537850458));
#3265=CARTESIAN_POINT('',(-26.6831083659443,-8.5988650181363,7.51614547323726));
#3266=CARTESIAN_POINT('',(-26.6466232528486,-8.62598759716308,7.50139507792559));
#3267=CARTESIAN_POINT('',(-26.6096076431486,-8.65418442801526,7.48436873508302));
#3268=CARTESIAN_POINT('',(-26.5634471982013,-8.69033356618121,7.46019211368716));
#3269=CARTESIAN_POINT('',(-26.5031697569445,-8.7394184427522,7.42329504791871));
#3270=CARTESIAN_POINT('',(-26.4305549273759,-8.80177139565285,7.3709625630742));
#3271=CARTESIAN_POINT('',(-26.3557358789629,-8.86996298535583,7.30925655282707));
#3272=CARTESIAN_POINT('',(-26.2828948596216,-8.94050312912628,7.24229648503573));
#3273=CARTESIAN_POINT('',(-26.2133021055871,-9.01160977077446,7.17473134958469));
#3274=CARTESIAN_POINT('',(-26.1481022283899,-9.08265201153695,7.10617396464368));
#3275=CARTESIAN_POINT('',(-26.0907389456466,-9.14878336586678,7.04341733288691));
#3276=CARTESIAN_POINT('',(-26.0395896201136,-9.21056793949694,6.98672549777321));
#3277=CARTESIAN_POINT('',(-25.9918212991992,-9.27071413213141,6.93369151484159));
#3278=CARTESIAN_POINT('',(-25.9422079552623,-9.33680880518694,6.87628116609281));
#3279=CARTESIAN_POINT('',(-25.8850821826556,-9.41686875193238,6.81061907786325));
#3280=CARTESIAN_POINT('',(-25.8151215717191,-9.52214677706591,6.72969200529438));
#3281=CARTESIAN_POINT('',(-25.7331216018774,-9.65800286580714,6.63571105213008));
#3282=CARTESIAN_POINT('',(-25.6444902141682,-9.82522598290118,6.53620598007191));
#3283=CARTESIAN_POINT('',(-25.5616300500848,-10.0095761363665,6.44650126255795));
#3284=CARTESIAN_POINT('',(-25.4914388980275,-10.2007140452491,6.37363143107971));
#3285=CARTESIAN_POINT('',(-25.4391599218255,-10.3814970041046,6.32154682200874));
#3286=CARTESIAN_POINT('',(-25.4025128779562,-10.5505840699605,6.2861461429234));
#3287=CARTESIAN_POINT('',(-25.3786673370641,-10.7080629109298,6.26366929604238));
#3288=CARTESIAN_POINT('',(-25.3645783299346,-10.8678134132128,6.25055437075089));
#3289=CARTESIAN_POINT('',(-25.3608500889733,-11.0409627262617,6.24712086019975));
#3290=CARTESIAN_POINT('',(-25.3712123572255,-11.2341489548001,6.25669092140789));
#3291=CARTESIAN_POINT('',(-25.3996485593492,-11.4411603456966,6.28334320831328));
#3292=CARTESIAN_POINT('',(-25.4471796056189,-11.6527136073242,6.32929512350268));
#3293=CARTESIAN_POINT('',(-25.5112214270724,-11.8585330483607,6.39379176164952));
#3294=CARTESIAN_POINT('',(-25.5891968524016,-12.0556659585785,6.47591539559837));
#3295=CARTESIAN_POINT('',(-25.6766800237496,-12.2385845702279,6.57195124723733));
#3296=CARTESIAN_POINT('',(-25.7691719248119,-12.4042414533316,6.6768426790542));
#3297=CARTESIAN_POINT('',(-25.8609011932261,-12.548775496792,6.78258337206438));
#3298=CARTESIAN_POINT('',(-25.9495729573116,-12.6744031366496,6.88508216957691));
#3299=CARTESIAN_POINT('',(-26.0318177634189,-12.780777105483,6.97880506982859));
#3300=CARTESIAN_POINT('',(-26.1070323025287,-12.8706633088173,7.06162268559043));
#3301=CARTESIAN_POINT('',(-26.1716953032762,-12.943479797392,7.13147781728231));
#3302=CARTESIAN_POINT('',(-26.2294591605506,-13.0048033910338,7.18979459099364));
#3303=CARTESIAN_POINT('',(-26.2817056174281,-13.0580601310374,7.24107790877612));
#3304=CARTESIAN_POINT('',(-26.3333632552342,-13.1085402075663,7.28912490507096));
#3305=CARTESIAN_POINT('',(-26.3868838312082,-13.1585588845925,7.33509819170635));
#3306=CARTESIAN_POINT('',(-26.441784439549,-13.2077858920594,7.37887990227141));
#3307=CARTESIAN_POINT('',(-26.4967714935315,-13.2550324297459,7.41858598327179));
#3308=CARTESIAN_POINT('',(-26.5488241582327,-13.2978531287742,7.45137712926818));
#3309=CARTESIAN_POINT('',(-26.5966029252574,-13.3358030641507,7.47812759346654));
#3310=CARTESIAN_POINT('',(-26.6394292176575,-13.3686274273636,7.49838764802265));
#3311=CARTESIAN_POINT('',(-26.6786188550144,-13.3978313583063,7.5144247718247));
#3312=CARTESIAN_POINT('',(-26.7152512783117,-13.4243422310172,7.52661084258234));
#3313=CARTESIAN_POINT('',(-26.7520843431085,-13.4503774601651,7.53680862298065));
#3314=CARTESIAN_POINT('',(-26.7900725213166,-13.4764817418829,7.54445637421827));
#3315=CARTESIAN_POINT('',(-26.8299867274795,-13.5031208776134,7.5493632860284));
#3316=CARTESIAN_POINT('',(-26.8703929008473,-13.5293611021235,7.55148263996615));
#3317=CARTESIAN_POINT('',(-26.9117360362708,-13.5554028338473,7.55018367990014));
#3318=CARTESIAN_POINT('',(-26.9543448749513,-13.5814733360284,7.54557351839631));
#3319=CARTESIAN_POINT('',(-26.9978144188684,-13.6072375665017,7.53718165329499));
#3320=CARTESIAN_POINT('',(-27.0400671849371,-13.6315060431043,7.52555150933387));
#3321=CARTESIAN_POINT('',(-27.0806280515816,-13.6541347646795,7.51140400162886));
#3322=CARTESIAN_POINT('',(-27.1213923390738,-13.6762416996788,7.49432915483424));
#3323=CARTESIAN_POINT('',(-27.1666349483057,-13.7000308031207,7.4719920600385));
#3324=CARTESIAN_POINT('',(-27.2218533125322,-13.7280989681679,7.44053309382436));
#3325=CARTESIAN_POINT('',(-27.2912245460263,-13.761795330854,7.39423051734713));
#3326=CARTESIAN_POINT('',(-27.3734104877314,-13.799515732194,7.3304369987881));
#3327=CARTESIAN_POINT('',(-27.4645165516322,-13.8386408474438,7.24965743223622));
#3328=CARTESIAN_POINT('',(-27.5604678259049,-13.8770271840738,7.15551485796901));
#3329=CARTESIAN_POINT('',(-27.6650046768814,-13.9157780530697,7.04468350502236));
#3330=CARTESIAN_POINT('',(-27.7789250065406,-13.9545102716321,6.91683502090204));
#3331=CARTESIAN_POINT('',(-27.903432298912,-13.9928608182041,6.77218975298657));
#3332=CARTESIAN_POINT('',(-28.0297142277475,-14.0277604889839,6.62380622959916));
#3333=CARTESIAN_POINT('',(-28.1562980025987,-14.0591706215553,6.47710838561149));
#3334=CARTESIAN_POINT('',(-28.2844700563576,-14.0875808580834,6.33224807011724));
#3335=CARTESIAN_POINT('',(-28.4218051928459,-14.1146543857926,6.18384988688708));
#3336=CARTESIAN_POINT('',(-28.5663695732667,-14.1396379249361,6.03743361454385));
#3337=CARTESIAN_POINT('',(-28.7039150474179,-14.1604163004783,5.90893025783651));
#3338=CARTESIAN_POINT('',(-28.8222060561239,-14.1764326307672,5.80719855868662));
#3339=CARTESIAN_POINT('',(-28.9259734957834,-14.1892515773256,5.72400878526057));
#3340=CARTESIAN_POINT('',(-29.0189792250514,-14.2000473711595,5.6548587670517));
#3341=CARTESIAN_POINT('',(-29.1003296333177,-14.2085048665848,5.59792142962439));
#3342=CARTESIAN_POINT('',(-29.1477637737037,-14.2136405119688,5.56723086792796));
#3343=CARTESIAN_POINT('',(-29.1671793857866,-14.2153918114054,5.55447726082499));
#3344=CARTESIAN_POINT('',(-29.1671793857866,-14.2153918114054,5.55447726082499));
#3345=CARTESIAN_POINT('',(-30.3565672863221,-14.8200534146347,5.55447726082499));
#3346=CARTESIAN_POINT('',(-32.,-15.4428567734515,5.55447726082499));
#3347=CARTESIAN_POINT('',(-32.,-6.55714322654853,5.55447726082499));
#3348=CARTESIAN_POINT('',(-30.3565672863221,-7.17994658536528,5.55447726082499));
#3349=CARTESIAN_POINT('',(-29.1671793857866,-7.78460818859459,5.55447726082499));
#3350=AXIS2_PLACEMENT_3D('',#3351,#3352,#3353);
#3351=CARTESIAN_POINT('',(-17.9,-33.9,19.));
#3352=DIRECTION('',(0.,0.,1.));
#3353=DIRECTION('',(-1.,-7.105427357601E-15,0.));
#3354=AXIS2_PLACEMENT_3D('',#3355,#3356,#3357);
#3355=CARTESIAN_POINT('',(-14.1,-33.9,19.));
#3356=DIRECTION('',(0.,0.,1.));
#3357=DIRECTION('',(8.88178419700125E-16,-1.,0.));
#3358=AXIS2_PLACEMENT_3D('',#3359,#3360,#3361);
#3359=CARTESIAN_POINT('',(-14.1,-8.1,19.));
#3360=DIRECTION('',(0.,0.,1.));
#3361=DIRECTION('',(1.,2.66453525910038E-15,0.));
#3362=AXIS2_PLACEMENT_3D('',#3363,#3364,#3365);
#3363=CARTESIAN_POINT('',(-17.9,-8.1,19.));
#3364=DIRECTION('',(0.,0.,1.));
#3365=DIRECTION('',(0.,1.,0.));
#3366=CARTESIAN_POINT('',(-28.3366660002875,-28.0044496324485,5.55447726082499));
#3367=CARTESIAN_POINT('',(-28.3366660002875,-28.0044496324485,5.55447726082499));
#3368=CARTESIAN_POINT('',(-28.355191740195,-28.0034390719755,5.55447726082499));
#3369=CARTESIAN_POINT('',(-28.3771565251976,-28.0019405285321,5.55447726082499));
#3370=CARTESIAN_POINT('',(-28.4106691792183,-27.9991166880893,5.55447726082499));
#3371=CARTESIAN_POINT('',(-28.4414991051819,-27.9961799604632,5.55447726082499));
#3372=CARTESIAN_POINT('',(-28.485218892207,-27.9911463252082,5.55447726082499));
#3373=CARTESIAN_POINT('',(-28.525906639136,-27.9855144835943,5.55447726082499));
#3374=CARTESIAN_POINT('',(-28.585699911258,-27.9761609793055,5.55447726082499));
#3375=CARTESIAN_POINT('',(-28.6344870683999,-27.9669882646946,5.55447726082499));
#3376=CARTESIAN_POINT('',(-28.7028362937367,-27.9521287410729,5.55447726082499));
#3377=CARTESIAN_POINT('',(-28.7645514787815,-27.9371627731936,5.55447726082499));
#3378=CARTESIAN_POINT('',(-28.826040354037,-27.9196146349681,5.55447726082499));
#3379=CARTESIAN_POINT('',(-28.8780220814262,-27.9034026414228,5.55447726082499));
#3380=CARTESIAN_POINT('',(-28.9244099667049,-27.8880231416156,5.55447726082499));
#3381=CARTESIAN_POINT('',(-28.9843319512461,-27.8660908445413,5.55447726082499));
#3382=CARTESIAN_POINT('',(-29.0335246654387,-27.8462508548545,5.55447726082499));
#3383=CARTESIAN_POINT('',(-29.0668124613394,-27.8320082167723,5.55447726082499));
#3384=CARTESIAN_POINT('',(-29.0944433863839,-27.8197815414106,5.55447726082499));
#3385=CARTESIAN_POINT('',(-29.1273065107248,-27.8045140720731,5.55447726082499));
#3386=CARTESIAN_POINT('',(-29.1540033003834,-27.7913148979239,5.55447726082499));
#3387=CARTESIAN_POINT('',(-29.1671793857866,-27.7846081885944,5.55447726082499));
#3388=CARTESIAN_POINT('',(-28.3366660002839,-33.9955503675513,5.55447726082499));
#3389=CARTESIAN_POINT('',(-28.3366660002839,-33.9955503675513,5.55447726082499));
#3390=CARTESIAN_POINT('',(-28.2871917401054,-33.9928527568266,5.62665074776703));
#3391=CARTESIAN_POINT('',(-28.1982153366884,-33.9857365166686,5.76299969303593));
#3392=CARTESIAN_POINT('',(-28.0807042564578,-33.9712024549526,5.951359917142));
#3393=CARTESIAN_POINT('',(-27.9863663123233,-33.9560979173414,6.10617668697734));
#3394=CARTESIAN_POINT('',(-27.9081402961897,-33.9413331056879,6.23731039774361));
#3395=CARTESIAN_POINT('',(-27.8343491652046,-33.9255618705187,6.36226873008886));
#3396=CARTESIAN_POINT('',(-27.7537177834031,-33.9061410579518,6.4975811794317));
#3397=CARTESIAN_POINT('',(-27.6681638146417,-33.8828592513184,6.63986336074896));
#3398=CARTESIAN_POINT('',(-27.5844034481462,-33.8572857919182,6.77498010563338));
#3399=CARTESIAN_POINT('',(-27.5100822828786,-33.8322800103119,6.889442228525));
#3400=CARTESIAN_POINT('',(-27.4436582121201,-33.8081347131069,6.98622775182832));
#3401=CARTESIAN_POINT('',(-27.3806027065477,-33.7836170832045,7.07226384500084));
#3402=CARTESIAN_POINT('',(-27.3161173057786,-33.7568300316145,7.15281057880151));
#3403=CARTESIAN_POINT('',(-27.250660012919,-33.7278032205053,7.22582657737953));
#3404=CARTESIAN_POINT('',(-27.1835596179633,-33.6960815932824,7.29012787099917));
#3405=CARTESIAN_POINT('',(-27.1159274889875,-33.6620191480811,7.34303172086655));
#3406=CARTESIAN_POINT('',(-27.0490960007004,-33.6261632028461,7.3822516230438));
#3407=CARTESIAN_POINT('',(-26.9857386577858,-33.5901071227767,7.40696815036383));
#3408=CARTESIAN_POINT('',(-26.9265350052609,-33.5545489600694,7.41886977503758));
#3409=CARTESIAN_POINT('',(-26.8691854158006,-33.5183228283535,7.42009914494058));
#3410=CARTESIAN_POINT('',(-26.8122629046922,-33.4805509495343,7.41121980568681));
#3411=CARTESIAN_POINT('',(-26.7550746296629,-33.4406730297261,7.39246312905305));
#3412=CARTESIAN_POINT('',(-26.6964006057728,-33.3976774529946,7.36300355151556));
#3413=CARTESIAN_POINT('',(-26.6360589089265,-33.3511253953582,7.32321643538133));
#3414=CARTESIAN_POINT('',(-26.5731761239128,-33.2999260020352,7.27145133604972));
#3415=CARTESIAN_POINT('',(-26.509808225018,-33.2453407346055,7.21001823692695));
#3416=CARTESIAN_POINT('',(-26.4482706888143,-33.1892156008964,7.14227400970255));
#3417=CARTESIAN_POINT('',(-26.3911878558953,-33.1342173637806,7.07320626461186));
#3418=CARTESIAN_POINT('',(-26.3398232448161,-33.0821264302281,7.00733441859607));
#3419=CARTESIAN_POINT('',(-26.2924503788342,-33.0318025851183,6.94274000697222));
#3420=CARTESIAN_POINT('',(-26.243592136908,-32.9775286616408,6.87363634035884));
#3421=CARTESIAN_POINT('',(-26.1886626768335,-32.9132547305054,6.79494005097983));
#3422=CARTESIAN_POINT('',(-26.1280624287709,-32.8377833284563,6.70362852223713));
#3423=CARTESIAN_POINT('',(-26.0631932165072,-32.7510748546455,6.60459041630424));
#3424=CARTESIAN_POINT('',(-25.9946080060567,-32.6517968483371,6.49821094468228));
#3425=CARTESIAN_POINT('',(-25.9222105771434,-32.5368708411687,6.38515463125423));
#3426=CARTESIAN_POINT('',(-25.848092315001,-32.4056122032184,6.26945427843438));
#3427=CARTESIAN_POINT('',(-25.7739387632796,-32.2564440750077,6.15441659734605));
#3428=CARTESIAN_POINT('',(-25.7017187824885,-32.0872846100019,6.04358758552816));
#3429=CARTESIAN_POINT('',(-25.6361915615419,-31.9013651993901,5.94445244894715));
#3430=CARTESIAN_POINT('',(-25.5825498786628,-31.7081688027664,5.8644153414824));
#3431=CARTESIAN_POINT('',(-25.5435966191442,-31.5206815913747,5.80696959022628));
#3432=CARTESIAN_POINT('',(-25.5174379498461,-31.3390578335696,5.76875178316175));
#3433=CARTESIAN_POINT('',(-25.5023699421935,-31.1589045936397,5.74676547214196));
#3434=CARTESIAN_POINT('',(-25.4981922806107,-30.9749376833312,5.74078139951458));
#3435=CARTESIAN_POINT('',(-25.5055624165443,-30.7870395834656,5.75143642425942));
#3436=CARTESIAN_POINT('',(-25.5251285318195,-30.5969169458354,5.77992947236532));
#3437=CARTESIAN_POINT('',(-25.5568335445217,-30.4085683065338,5.82642148340496));
#3438=CARTESIAN_POINT('',(-25.600353210523,-30.2227999700455,5.89088009826831));
#3439=CARTESIAN_POINT('',(-25.6550466061963,-30.0417805808466,5.97284843399294));
#3440=CARTESIAN_POINT('',(-25.7207916073648,-29.8652694807746,6.07272120332689));
#3441=CARTESIAN_POINT('',(-25.7980549373532,-29.6916930680273,6.19163662673957));
#3442=CARTESIAN_POINT('',(-25.8822369738285,-29.5309858325912,6.32268247256939));
#3443=CARTESIAN_POINT('',(-25.9670821030699,-29.3900762177446,6.45528069648331));
#3444=CARTESIAN_POINT('',(-26.0382546772592,-29.284207768151,6.56606332317766));
#3445=CARTESIAN_POINT('',(-26.0951642094157,-29.2059083502891,6.65340990812334));
#3446=CARTESIAN_POINT('',(-26.1377354956682,-29.1504007728697,6.71839500041758));
#3447=CARTESIAN_POINT('',(-26.1747371654976,-29.1041795230531,6.77387417664771));
#3448=CARTESIAN_POINT('',(-26.213038080648,-29.058072517065,6.82936452394072));
#3449=CARTESIAN_POINT('',(-26.2600390370809,-29.0038041900609,6.89752643201724));
#3450=CARTESIAN_POINT('',(-26.3168370164465,-28.9417052436596,6.97737270269074));
#3451=CARTESIAN_POINT('',(-26.3751168059658,-28.8817423610997,7.05432063170737));
#3452=CARTESIAN_POINT('',(-26.4235409216008,-28.8345067405621,7.11217283971651));
#3453=CARTESIAN_POINT('',(-26.4628292509787,-28.7975794613181,7.15771060563918));
#3454=CARTESIAN_POINT('',(-26.5008976405753,-28.7628888594711,7.20006831753361));
#3455=CARTESIAN_POINT('',(-26.5472566025487,-28.7222195386513,7.24671160504606));
#3456=CARTESIAN_POINT('',(-26.5974720305957,-28.6801064238147,7.29206514106303));
#3457=CARTESIAN_POINT('',(-26.6469099076096,-28.640503970932,7.33039476780954));
#3458=CARTESIAN_POINT('',(-26.6899495235197,-28.6073971406851,7.35836297562034));
#3459=CARTESIAN_POINT('',(-26.7278940898007,-28.5792021437466,7.37923215142578));
#3460=CARTESIAN_POINT('',(-26.7625457142287,-28.5542200424776,7.39425197234369));
#3461=CARTESIAN_POINT('',(-26.7986888547724,-28.5289236561052,7.40664778130758));
#3462=CARTESIAN_POINT('',(-26.8381751903612,-28.5021626355687,7.4158386178853));
#3463=CARTESIAN_POINT('',(-26.8824338409012,-28.473244558648,7.42012451657331));
#3464=CARTESIAN_POINT('',(-26.9312374805422,-28.4426239992414,7.41796881575489));
#3465=CARTESIAN_POINT('',(-26.9847171951299,-28.4105379317443,7.40695015533484));
#3466=CARTESIAN_POINT('',(-27.0432861520916,-28.3770999830301,7.38479735222125));
#3467=CARTESIAN_POINT('',(-27.1049588754849,-28.3437711248292,7.35003710707311));
#3468=CARTESIAN_POINT('',(-27.1685292476362,-28.311345063008,7.3027376664063));
#3469=CARTESIAN_POINT('',(-27.2327667133107,-28.280472315896,7.24392796653712));
#3470=CARTESIAN_POINT('',(-27.297968177984,-28.2510313045295,7.17404379479513));
#3471=CARTESIAN_POINT('',(-27.3644668411985,-28.2228937860196,7.09326642505644));
#3472=CARTESIAN_POINT('',(-27.4328577630568,-28.1958843972648,7.00167446954486));
#3473=CARTESIAN_POINT('',(-27.5073021440049,-28.1686026530209,6.89402361173928));
#3474=CARTESIAN_POINT('',(-27.5898970825632,-28.1408775160877,6.76643718886332));
#3475=CARTESIAN_POINT('',(-27.6839532855425,-28.1125028371061,6.61411374822953));
#3476=CARTESIAN_POINT('',(-27.7879314413677,-28.0850003467282,6.44026616456495));
#3477=CARTESIAN_POINT('',(-27.9012326366652,-28.0595468025475,6.24878401980897));
#3478=CARTESIAN_POINT('',(-28.024352869333,-28.0369949564913,6.04309669985307));
#3479=CARTESIAN_POINT('',(-28.1453533433261,-28.0201970937266,5.84659412787366));
#3480=CARTESIAN_POINT('',(-28.2511726871725,-28.0098747806607,5.6816872869626));
#3481=CARTESIAN_POINT('',(-28.3120356109514,-28.0057926177137,5.59097485814286));
#3482=CARTESIAN_POINT('',(-28.3366660002875,-28.0044496324485,5.55447726082499));
#3483=CARTESIAN_POINT('',(-28.3366660002839,-33.9955503675513,5.55447726082499));
#3484=CARTESIAN_POINT('',(-28.3693085567238,-33.9973321561132,5.55447726082499));
#3485=CARTESIAN_POINT('',(-28.4355836266395,-34.0025444897382,5.55447726082499));
#3486=CARTESIAN_POINT('',(-28.5328969682408,-34.0148804357651,5.55447726082499));
#3487=CARTESIAN_POINT('',(-28.6005258261644,-34.0266160239959,5.55447726082499));
#3488=CARTESIAN_POINT('',(-28.6685513753442,-34.0401135821185,5.55447726082499));
#3489=CARTESIAN_POINT('',(-28.7376534976263,-34.0557142279065,5.55447726082499));
#3490=CARTESIAN_POINT('',(-28.8069543274534,-34.0747861052297,5.55447726082499));
#3491=CARTESIAN_POINT('',(-28.8671260609712,-34.0930439604503,5.55447726082499));
#3492=CARTESIAN_POINT('',(-28.9221596957858,-34.1110038803746,5.55447726082499));
#3493=CARTESIAN_POINT('',(-28.9882780768482,-34.1354071312052,5.55447726082499));
#3494=CARTESIAN_POINT('',(-29.0359609623187,-34.1548257149175,5.55447726082499));
#3495=CARTESIAN_POINT('',(-29.076356464134,-34.1721204594481,5.55447726082499));
#3496=CARTESIAN_POINT('',(-29.109528995103,-34.1870888428875,5.55447726082499));
#3497=CARTESIAN_POINT('',(-29.1439288082089,-34.2036983941993,5.55447726082499));
#3498=CARTESIAN_POINT('',(-29.1597279364379,-34.2116020429345,5.55447726082499));
#3499=CARTESIAN_POINT('',(-29.1671793857866,-34.2153918114054,5.55447726082499));
#3500=AXIS2_PLACEMENT_3D('',#3501,#3502,#3503);
#3501=CARTESIAN_POINT('',(-28.5,-31.,5.55447726082499));
#3502=DIRECTION('',(0.,0.,1.));
#3503=DIRECTION('',(0.0544446665720363,-0.998516789183767,0.));
#3504=CARTESIAN_POINT('',(-30.05,-31.,5.55447726082499));
#3505=AXIS2_PLACEMENT_3D('',#3506,#3507,#3508);
#3506=CARTESIAN_POINT('',(-28.5,-31.,5.55447726082499));
#3507=DIRECTION('',(0.,0.,1.));
#3508=DIRECTION('',(-1.,1.22464679914735E-16,0.));
#3509=CARTESIAN_POINT('',(-28.3366660002838,-8.0044496324487,5.55447726082499));
#3510=CARTESIAN_POINT('',(-28.3366660002838,-8.0044496324487,5.55447726082499));
#3511=CARTESIAN_POINT('',(-28.3693052051811,-8.00266814740996,5.55447726082499));
#3512=CARTESIAN_POINT('',(-28.4355762385472,-7.99745626815944,5.55447726082499));
#3513=CARTESIAN_POINT('',(-28.5328896367261,-7.98512072704225,5.55447726082499));
#3514=CARTESIAN_POINT('',(-28.6005216922901,-7.97338467258238,5.55447726082499));
#3515=CARTESIAN_POINT('',(-28.6685467016185,-7.95988745102852,5.55447726082499));
#3516=CARTESIAN_POINT('',(-28.7376517221122,-7.9442853227403,5.55447726082499));
#3517=CARTESIAN_POINT('',(-28.8069430391964,-7.92521849550552,5.55447726082499));
#3518=CARTESIAN_POINT('',(-28.8670870306705,-7.90696207241752,5.55447726082499));
#3519=CARTESIAN_POINT('',(-28.9221064574344,-7.88900813234118,5.55447726082499));
#3520=CARTESIAN_POINT('',(-28.9882296359124,-7.86461502125222,5.55447726082499));
#3521=CARTESIAN_POINT('',(-29.0359310501561,-7.84518682541426,5.55447726082499));
#3522=CARTESIAN_POINT('',(-29.0763331992121,-7.827889920849,5.55447726082499));
#3523=CARTESIAN_POINT('',(-29.1095034065505,-7.81292201099693,5.55447726082499));
#3524=CARTESIAN_POINT('',(-29.1439124293778,-7.79630928035496,5.55447726082499));
#3525=CARTESIAN_POINT('',(-29.1597169885225,-7.78840339603887,5.55447726082499));
#3526=CARTESIAN_POINT('',(-29.1671793857866,-7.78460818859459,5.55447726082499));
#3527=CARTESIAN_POINT('',(-28.3366660002854,-13.9955503675514,5.55447726082499));
#3528=CARTESIAN_POINT('',(-28.3366660002854,-13.9955503675514,5.55447726082499));
#3529=CARTESIAN_POINT('',(-28.358472851622,-13.9967375364408,5.55447726082499));
#3530=CARTESIAN_POINT('',(-28.3804650580584,-13.9982895412899,5.55447726082499));
#3531=CARTESIAN_POINT('',(-28.4209619876275,-14.0017989071058,5.55447726082499));
#3532=CARTESIAN_POINT('',(-28.454784295298,-14.00519779138,5.55447726082499));
#3533=CARTESIAN_POINT('',(-28.4979163817763,-14.0105786824474,5.55447726082499));
#3534=CARTESIAN_POINT('',(-28.5325978076941,-14.0155208022759,5.55447726082499));
#3535=CARTESIAN_POINT('',(-28.581118876363,-14.0231298004143,5.55447726082499));
#3536=CARTESIAN_POINT('',(-28.6242595384348,-14.0311099076512,5.55447726082499));
#3537=CARTESIAN_POINT('',(-28.6918100443403,-14.0452433634343,5.55447726082499));
#3538=CARTESIAN_POINT('',(-28.7497157587488,-14.0590218903685,5.55447726082499));
#3539=CARTESIAN_POINT('',(-28.8157417170858,-14.0774170587636,5.55447726082499));
#3540=CARTESIAN_POINT('',(-28.8719978052387,-14.0945022479564,5.55447726082499));
#3541=CARTESIAN_POINT('',(-28.9250664969924,-14.1122063873949,5.55447726082499));
#3542=CARTESIAN_POINT('',(-28.9781784639859,-14.1317541483853,5.55447726082499));
#3543=CARTESIAN_POINT('',(-29.0096406697355,-14.1441471360234,5.55447726082499));
#3544=CARTESIAN_POINT('',(-29.0410379933134,-14.1569718921142,5.55447726082499));
#3545=CARTESIAN_POINT('',(-29.0749447036209,-14.1713403874594,5.55447726082499));
#3546=CARTESIAN_POINT('',(-29.1137341563646,-14.1890847879899,5.55447726082499));
#3547=CARTESIAN_POINT('',(-29.1444095147641,-14.2039375070953,5.55447726082499));
#3548=CARTESIAN_POINT('',(-29.1596639063534,-14.2115722227672,5.55447726082499));
#3549=CARTESIAN_POINT('',(-29.1671793857865,-14.2153918114046,5.55447726082499));
#3550=AXIS2_PLACEMENT_3D('',#3551,#3552,#3553);
#3551=CARTESIAN_POINT('',(-28.5,-11.,5.55447726082499));
#3552=DIRECTION('',(0.,0.,1.));
#3553=DIRECTION('',(0.0544446665715448,-0.998516789183794,0.));
#3554=CARTESIAN_POINT('',(-30.05,-11.,5.55447726082499));
#3555=AXIS2_PLACEMENT_3D('',#3556,#3557,#3558);
#3556=CARTESIAN_POINT('',(-28.5,-11.,5.55447726082499));
#3557=DIRECTION('',(0.,0.,1.));
#3558=DIRECTION('',(-1.,1.22464679914735E-16,0.));
#3559=CARTESIAN_POINT('',(-2.,3.44509284839767E-16,0.));
#3560=VECTOR('',#3561,1.);
#3561=DIRECTION('',(0.707106781186548,-0.707106781186547,0.));
#3562=CARTESIAN_POINT('',(-4.89178425247005E-15,-40.,0.));
#3563=VECTOR('',#3564,1.);
#3564=DIRECTION('',(-0.707106781186548,-0.707106781186547,0.));
#3565=CARTESIAN_POINT('',(-30.,-42.,0.));
#3566=VECTOR('',#3567,1.);
#3567=DIRECTION('',(-0.707106781186549,0.707106781186546,0.));
#3568=CARTESIAN_POINT('',(-32.,-2.,0.));
#3569=VECTOR('',#3570,1.);
#3570=DIRECTION('',(0.707106781186548,0.707106781186547,0.));
#3571=CARTESIAN_POINT('',(-5.05,-11.,0.));
#3572=AXIS2_PLACEMENT_3D('',#3573,#3574,#3575);
#3573=CARTESIAN_POINT('',(-3.5,-11.,0.));
#3574=DIRECTION('',(0.,0.,1.));
#3575=DIRECTION('',(-1.,1.22464679914735E-16,0.));
#3576=CARTESIAN_POINT('',(-5.05,-31.,0.));
#3577=AXIS2_PLACEMENT_3D('',#3578,#3579,#3580);
#3578=CARTESIAN_POINT('',(-3.5,-31.,0.));
#3579=DIRECTION('',(0.,0.,1.));
#3580=DIRECTION('',(-1.,1.22464679914735E-16,0.));
#3581=CARTESIAN_POINT('',(-30.05,-11.,0.));
#3582=AXIS2_PLACEMENT_3D('',#3583,#3584,#3585);
#3583=CARTESIAN_POINT('',(-28.5,-11.,0.));
#3584=DIRECTION('',(0.,0.,1.));
#3585=DIRECTION('',(-1.,1.22464679914735E-16,0.));
#3586=CARTESIAN_POINT('',(-30.05,-31.,0.));
#3587=AXIS2_PLACEMENT_3D('',#3588,#3589,#3590);
#3588=CARTESIAN_POINT('',(-28.5,-31.,0.));
#3589=DIRECTION('',(0.,0.,1.));
#3590=DIRECTION('',(-1.,1.22464679914735E-16,0.));
#3591=CARTESIAN_POINT('',(-3.66333399971252,-13.9955503675515,5.55447726082499));
#3592=CARTESIAN_POINT('',(-3.66333399971252,-13.9955503675515,5.55447726082499));
#3593=CARTESIAN_POINT('',(-3.64480825980499,-13.9965609280245,5.55447726082499));
#3594=CARTESIAN_POINT('',(-3.62284347480235,-13.9980594714679,5.55447726082499));
#3595=CARTESIAN_POINT('',(-3.58933082078173,-14.0008833119107,5.55447726082499));
#3596=CARTESIAN_POINT('',(-3.55850089481814,-14.0038200395368,5.55447726082499));
#3597=CARTESIAN_POINT('',(-3.51478110779293,-14.0088536747918,5.55447726082499));
#3598=CARTESIAN_POINT('',(-3.47409336086394,-14.0144855164056,5.55447726082499));
#3599=CARTESIAN_POINT('',(-3.41430008874195,-14.0238390206944,5.55447726082499));
#3600=CARTESIAN_POINT('',(-3.36551293160005,-14.0330117353054,5.55447726082499));
#3601=CARTESIAN_POINT('',(-3.29716370626324,-14.047871258927,5.55447726082499));
#3602=CARTESIAN_POINT('',(-3.23544852121845,-14.0628372268063,5.55447726082499));
#3603=CARTESIAN_POINT('',(-3.17395964596298,-14.0803853650317,5.55447726082499));
#3604=CARTESIAN_POINT('',(-3.12197791857383,-14.0965973585771,5.55447726082499));
#3605=CARTESIAN_POINT('',(-3.07559003329513,-14.1119768583843,5.55447726082499));
#3606=CARTESIAN_POINT('',(-3.01566804875386,-14.1339091554586,5.55447726082499));
#3607=CARTESIAN_POINT('',(-2.96647533456134,-14.1537491451454,5.55447726082499));
#3608=CARTESIAN_POINT('',(-2.93318753866057,-14.1679917832276,5.55447726082499));
#3609=CARTESIAN_POINT('',(-2.90555661361614,-14.1802184585892,5.55447726082499));
#3610=CARTESIAN_POINT('',(-2.87269348927521,-14.1954859279267,5.55447726082499));
#3611=CARTESIAN_POINT('',(-2.84599669961661,-14.2086851020759,5.55447726082499));
#3612=CARTESIAN_POINT('',(-2.83282061421343,-14.2153918114054,5.55447726082499));
#3613=CARTESIAN_POINT('',(-3.6633339997161,-8.0044496324487,5.55447726082499));
#3614=CARTESIAN_POINT('',(-3.6633339997161,-8.0044496324487,5.55447726082499));
#3615=CARTESIAN_POINT('',(-3.63069144327623,-8.00266784388677,5.55447726082499));
#3616=CARTESIAN_POINT('',(-3.56441637336054,-7.99745551026176,5.55447726082499));
#3617=CARTESIAN_POINT('',(-3.46710303175918,-7.98511956423489,5.55447726082499));
#3618=CARTESIAN_POINT('',(-3.39947417383567,-7.97338397600402,5.55447726082499));
#3619=CARTESIAN_POINT('',(-3.33144862465584,-7.95988641788159,5.55447726082499));
#3620=CARTESIAN_POINT('',(-3.26234650237375,-7.94428577209351,5.55447726082499));
#3621=CARTESIAN_POINT('',(-3.19304567254668,-7.92521389477027,5.55447726082499));
#3622=CARTESIAN_POINT('',(-3.13287393902882,-7.9069560395497,5.55447726082499));
#3623=CARTESIAN_POINT('',(-3.07784030421424,-7.88899611962545,5.55447726082499));
#3624=CARTESIAN_POINT('',(-3.01172192315181,-7.86459286879476,5.55447726082499));
#3625=CARTESIAN_POINT('',(-2.96403903768128,-7.8451742850825,5.55447726082499));
#3626=CARTESIAN_POINT('',(-2.92364353586596,-7.8278795405519,5.55447726082499));
#3627=CARTESIAN_POINT('',(-2.89047100489697,-7.81291115711255,5.55447726082499));
#3628=CARTESIAN_POINT('',(-2.8560711917911,-7.79630160580073,5.55447726082499));
#3629=CARTESIAN_POINT('',(-2.84027206356206,-7.78839795706546,5.55447726082499));
#3630=CARTESIAN_POINT('',(-2.83282061421342,-7.78460818859459,5.55447726082499));
#3631=AXIS2_PLACEMENT_3D('',#3632,#3633,#3634);
#3632=CARTESIAN_POINT('',(-3.5,-11.,5.55447726082499));
#3633=DIRECTION('',(0.,0.,1.));
#3634=DIRECTION('',(-0.0544446665720325,0.998516789183767,0.));
#3635=CARTESIAN_POINT('',(-5.05,-11.,5.55447726082499));
#3636=AXIS2_PLACEMENT_3D('',#3637,#3638,#3639);
#3637=CARTESIAN_POINT('',(-3.5,-11.,5.55447726082499));
#3638=DIRECTION('',(0.,0.,1.));
#3639=DIRECTION('',(-1.,1.22464679914735E-16,0.));
#3640=CARTESIAN_POINT('',(-3.6633339997162,-33.9955503675513,5.55447726082499));
#3641=CARTESIAN_POINT('',(-3.6633339997162,-33.9955503675513,5.55447726082499));
#3642=CARTESIAN_POINT('',(-3.63069479481892,-33.99733185259,5.55447726082499));
#3643=CARTESIAN_POINT('',(-3.56442376145283,-34.0025437318406,5.55447726082499));
#3644=CARTESIAN_POINT('',(-3.46711036327393,-34.0148792729577,5.55447726082499));
#3645=CARTESIAN_POINT('',(-3.39947830770993,-34.0266153274176,5.55447726082499));
#3646=CARTESIAN_POINT('',(-3.33145329838145,-34.0401125489714,5.55447726082499));
#3647=CARTESIAN_POINT('',(-3.26234827788779,-34.0557146772597,5.55447726082499));
#3648=CARTESIAN_POINT('',(-3.19305696080361,-34.0747815044944,5.55447726082499));
#3649=CARTESIAN_POINT('',(-3.13291296932952,-34.0930379275825,5.55447726082499));
#3650=CARTESIAN_POINT('',(-3.07789354256561,-34.1109918676588,5.55447726082499));
#3651=CARTESIAN_POINT('',(-3.01177036408764,-34.1353849787478,5.55447726082499));
#3652=CARTESIAN_POINT('',(-2.96406894984396,-34.1548131745857,5.55447726082499));
#3653=CARTESIAN_POINT('',(-2.92366680078792,-34.172110079151,5.55447726082499));
#3654=CARTESIAN_POINT('',(-2.89049659344948,-34.187077989003,5.55447726082499));
#3655=CARTESIAN_POINT('',(-2.85608757062221,-34.203690719645,5.55447726082499));
#3656=CARTESIAN_POINT('',(-2.84028301147752,-34.2115966039611,5.55447726082499));
#3657=CARTESIAN_POINT('',(-2.83282061421344,-34.2153918114054,5.55447726082499));
#3658=CARTESIAN_POINT('',(-3.66333399971464,-28.0044496324486,5.55447726082499));
#3659=CARTESIAN_POINT('',(-3.66333399971464,-28.0044496324486,5.55447726082499));
#3660=CARTESIAN_POINT('',(-3.64152714837863,-28.0032624635589,5.55447726082496));
#3661=CARTESIAN_POINT('',(-3.61953494194185,-28.00171045871,5.55447726082496));
#3662=CARTESIAN_POINT('',(-3.57903801237237,-27.9982010928942,5.55447726082501));
#3663=CARTESIAN_POINT('',(-3.54521570470209,-27.9948022086199,5.5544772608251));
#3664=CARTESIAN_POINT('',(-3.50208361822375,-27.9894213175526,5.55447726082531));
#3665=CARTESIAN_POINT('',(-3.46740219230595,-27.9844791977241,5.55447726082553));
#3666=CARTESIAN_POINT('',(-3.41888112363709,-27.9768701995856,5.55447726082591));
#3667=CARTESIAN_POINT('',(-3.37574046156524,-27.9688900923487,5.55447726082635));
#3668=CARTESIAN_POINT('',(-3.30818995565974,-27.9547566365656,5.55447726082718));
#3669=CARTESIAN_POINT('',(-3.25028424125133,-27.9409781096314,5.55447726082804));
#3670=CARTESIAN_POINT('',(-3.18425828291427,-27.9225829412363,5.55447726082927));
#3671=CARTESIAN_POINT('',(-3.1280021947614,-27.9054977520434,5.55447726083043));
#3672=CARTESIAN_POINT('',(-3.07493350300771,-27.8877936126049,5.55447726083167));
#3673=CARTESIAN_POINT('',(-3.0218215360142,-27.8682458516145,5.55447726083308));
#3674=CARTESIAN_POINT('',(-2.99035933026456,-27.8558528639764,5.55447726083398));
#3675=CARTESIAN_POINT('',(-2.95896200668662,-27.8430281078856,5.55447726083493));
#3676=CARTESIAN_POINT('',(-2.92505529637909,-27.8286596125404,5.55447726083599));
#3677=CARTESIAN_POINT('',(-2.8862658436354,-27.8109152120098,5.55447726083733));
#3678=CARTESIAN_POINT('',(-2.85559048523592,-27.7960624929044,5.55447726083846));
#3679=CARTESIAN_POINT('',(-2.84033609364657,-27.7884277772325,5.55447726083904));
#3680=CARTESIAN_POINT('',(-2.8328206142135,-27.7846081885951,5.55447726083933));
#3681=AXIS2_PLACEMENT_3D('',#3682,#3683,#3684);
#3682=CARTESIAN_POINT('',(-3.5,-31.,5.55447726082499));
#3683=DIRECTION('',(0.,0.,1.));
#3684=DIRECTION('',(-0.0544446665715436,0.998516789183794,0.));
#3685=CARTESIAN_POINT('',(-5.05,-31.,5.55447726082499));
#3686=AXIS2_PLACEMENT_3D('',#3687,#3688,#3689);
#3687=CARTESIAN_POINT('',(-3.5,-31.,5.55447726082499));
#3688=DIRECTION('',(0.,0.,1.));
#3689=DIRECTION('',(-1.,1.22464679914735E-16,0.));
#3690=CARTESIAN_POINT('',(-3.6633339997162,-33.9955503675513,5.55447726082499));
#3691=CARTESIAN_POINT('',(-3.71377860806966,-33.9927998480689,5.62805609863405));
#3692=CARTESIAN_POINT('',(-3.80444101110179,-33.9855023577856,5.76708689404928));
#3693=CARTESIAN_POINT('',(-3.92396756705739,-33.9705615617011,5.95898047419465));
#3694=CARTESIAN_POINT('',(-4.0194848413674,-33.9550820983733,6.1158566968988));
#3695=CARTESIAN_POINT('',(-4.09746207087673,-33.9401923037572,6.24678996011041));
#3696=CARTESIAN_POINT('',(-4.17095508550852,-33.924346642375,6.37124133345467));
#3697=CARTESIAN_POINT('',(-4.25146267116913,-33.9048134144783,6.50617187108024));
#3698=CARTESIAN_POINT('',(-4.33846557965236,-33.8809580919178,6.65079330741427));
#3699=CARTESIAN_POINT('',(-4.42353640307018,-33.8547497236046,6.78758660332381));
#3700=CARTESIAN_POINT('',(-4.49958465234061,-33.828892174829,6.90396247917569));
#3701=CARTESIAN_POINT('',(-4.56675158079117,-33.8042056700492,7.0009218735034));
#3702=CARTESIAN_POINT('',(-4.62959538475797,-33.7794844840364,7.08543024933537));
#3703=CARTESIAN_POINT('',(-4.69211025890749,-33.7532552106731,7.16239096101776));
#3704=CARTESIAN_POINT('',(-4.75319393780246,-33.7259858184633,7.2295743583032));
#3705=CARTESIAN_POINT('',(-4.81503210733638,-33.6967058908246,7.28853867577748));
#3706=CARTESIAN_POINT('',(-4.87646027679854,-33.6659057996011,7.33733142593247));
#3707=CARTESIAN_POINT('',(-4.93952410351361,-33.63238368418,7.37629459310986));
#3708=CARTESIAN_POINT('',(-5.00052188482478,-33.5980845518422,7.4025399192483));
#3709=CARTESIAN_POINT('',(-5.05945324265291,-33.5631207017604,7.41698422520599));
#3710=CARTESIAN_POINT('',(-5.11676158098129,-33.5273688292481,7.42074175637266));
#3711=CARTESIAN_POINT('',(-5.17375632082295,-33.4900049835956,7.41437703227568));
#3712=CARTESIAN_POINT('',(-5.23074648082504,-33.4507375243202,7.39782584805506));
#3713=CARTESIAN_POINT('',(-5.29315141054395,-33.4055778808321,7.3695712919579));
#3714=CARTESIAN_POINT('',(-5.36043238253326,-33.3540589642341,7.3264074430184));
#3715=CARTESIAN_POINT('',(-5.43333373449551,-33.2946166468019,7.26614377785941));
#3716=CARTESIAN_POINT('',(-5.50022689504334,-33.2364345893584,7.19958019493845));
#3717=CARTESIAN_POINT('',(-5.56245138175465,-33.179063392556,7.1296861522087));
#3718=CARTESIAN_POINT('',(-5.61804395814047,-33.125076478374,7.06133451818105));
#3719=CARTESIAN_POINT('',(-5.67372427166458,-33.0680957938234,6.98968089028848));
#3720=CARTESIAN_POINT('',(-5.72605698715434,-33.0116285491312,6.91740700514359));
#3721=CARTESIAN_POINT('',(-5.77528410589348,-32.9557050750515,6.84665895320943));
#3722=CARTESIAN_POINT('',(-5.82115785803519,-32.9010244039959,6.77916175046082));
#3723=CARTESIAN_POINT('',(-5.86724580932612,-32.8433787323887,6.71120667700152));
#3724=CARTESIAN_POINT('',(-5.91792033751704,-32.7766239276299,6.63350072407589));
#3725=CARTESIAN_POINT('',(-5.97653103538427,-32.6944018920076,6.54311477934861));
#3726=CARTESIAN_POINT('',(-6.04756755249119,-32.5864439680972,6.4323863304941));
#3727=CARTESIAN_POINT('',(-6.12638374006653,-32.4532594612795,6.30922081741755));
#3728=CARTESIAN_POINT('',(-6.20860983511338,-32.2941964204124,6.18133979762978));
#3729=CARTESIAN_POINT('',(-6.28408804312792,-32.1230084474174,6.06525717123984));
#3730=CARTESIAN_POINT('',(-6.34990809643418,-31.9433491569227,5.96538781051763));
#3731=CARTESIAN_POINT('',(-6.40310242011196,-31.7639171933407,5.88573564911027));
#3732=CARTESIAN_POINT('',(-6.44538436271037,-31.5800275871752,5.82314842576765));
#3733=CARTESIAN_POINT('',(-6.47614968443724,-31.3935017653316,5.77810704078649));
#3734=CARTESIAN_POINT('',(-6.49512922368536,-31.2030765115412,5.75039354591551));
#3735=CARTESIAN_POINT('',(-6.5017926121947,-31.0174375465487,5.74079575573601));
#3736=CARTESIAN_POINT('',(-6.49726567036467,-30.8355599481945,5.74733513228028));
#3737=CARTESIAN_POINT('',(-6.48162030530349,-30.6508653654551,5.77007894045259));
#3738=CARTESIAN_POINT('',(-6.45380835795577,-30.4639722660819,5.81077534430778));
#3739=CARTESIAN_POINT('',(-6.41267907552508,-30.272719397782,5.87149701891731));
#3740=CARTESIAN_POINT('',(-6.359813145917,-30.0866509805922,5.95045993399356));
#3741=CARTESIAN_POINT('',(-6.29388290471687,-29.9014493466993,6.05029489508682));
#3742=CARTESIAN_POINT('',(-6.21899899579117,-29.7276648522393,6.16526341505077));
#3743=CARTESIAN_POINT('',(-6.13714824595892,-29.5663166929453,6.29244689871327));
#3744=CARTESIAN_POINT('',(-6.05502645533506,-29.4252268552467,6.42075940869331));
#3745=CARTESIAN_POINT('',(-5.97616001636095,-29.304540258043,6.54365158581412));
#3746=CARTESIAN_POINT('',(-5.90481621245386,-29.2052813408583,6.65381739721253));
#3747=CARTESIAN_POINT('',(-5.84359130885588,-29.1264426776471,6.74639013992706));
#3748=CARTESIAN_POINT('',(-5.79246440856458,-29.064470731078,6.82200000652904));
#3749=CARTESIAN_POINT('',(-5.75006340002068,-29.0154709823012,6.88295832084651));
#3750=CARTESIAN_POINT('',(-5.71310924218706,-28.9744082370819,6.93528322686261));
#3751=CARTESIAN_POINT('',(-5.67867480537299,-28.9374325738582,6.98203215339345));
#3752=CARTESIAN_POINT('',(-5.64404313988106,-28.9014496227829,7.02760867114828));
#3753=CARTESIAN_POINT('',(-5.60210209238812,-28.8593006803069,7.08158564282158));
#3754=CARTESIAN_POINT('',(-5.55053866874668,-28.8096731163207,7.14354168544223));
#3755=CARTESIAN_POINT('',(-5.4889585749265,-28.7535618512339,7.21131551288808));
#3756=CARTESIAN_POINT('',(-5.42676996576574,-28.7000530236073,7.27151454195688));
#3757=CARTESIAN_POINT('',(-5.36534337457141,-28.6500262987709,7.3219951796883));
#3758=CARTESIAN_POINT('',(-5.30645293016616,-28.6044704689195,7.36153669089782));
#3759=CARTESIAN_POINT('',(-5.25089739519178,-28.563649031345,7.38950049242598));
#3760=CARTESIAN_POINT('',(-5.19922244590976,-28.5274006741723,7.40789735338794));
#3761=CARTESIAN_POINT('',(-5.15045699621178,-28.4945727406801,7.41767014481585));
#3762=CARTESIAN_POINT('',(-5.09877949765403,-28.4612523911694,7.42050803565415));
#3763=CARTESIAN_POINT('',(-5.04427249603,-28.4277187568735,7.41418594303014));
#3764=CARTESIAN_POINT('',(-4.98687971710417,-28.3941062365033,7.39747387268166));
#3765=CARTESIAN_POINT('',(-4.9268373968731,-28.3607232194527,7.36942054024351));
#3766=CARTESIAN_POINT('',(-4.86430375936289,-28.3278534088369,7.3285953901813));
#3767=CARTESIAN_POINT('',(-4.80075860046648,-28.2963563080189,7.27589047086181));
#3768=CARTESIAN_POINT('',(-4.73595383624142,-28.2661127915429,7.21163621799515));
#3769=CARTESIAN_POINT('',(-4.66944610649844,-28.2369932780791,7.13565142965917));
#3770=CARTESIAN_POINT('',(-4.59973990370444,-28.2084912736619,7.04640569654007));
#3771=CARTESIAN_POINT('',(-4.52718280113293,-28.1809575629754,6.94474417641384));
#3772=CARTESIAN_POINT('',(-4.44655014743502,-28.1527758210115,6.82364296391312));
#3773=CARTESIAN_POINT('',(-4.35809836034788,-28.1247727121472,6.68291559759826));
#3774=CARTESIAN_POINT('',(-4.25972882911122,-28.0971556091877,6.52041977660955));
#3775=CARTESIAN_POINT('',(-4.15722335673393,-28.0722109445782,6.34775597504124));
#3776=CARTESIAN_POINT('',(-4.04986849760506,-28.0501397910108,6.16676812912835));
#3777=CARTESIAN_POINT('',(-3.93541027269969,-28.0309363759029,5.97697134938322));
#3778=CARTESIAN_POINT('',(-3.80708983282282,-28.0147086585374,5.77142756087524));
#3779=CARTESIAN_POINT('',(-3.71399849202026,-28.0072121412221,5.62808546799355));
#3780=CARTESIAN_POINT('',(-3.66333399971464,-28.0044496324486,5.55447726082499));
#3781=CARTESIAN_POINT('',(-3.6633339997161,-8.0044496324487,5.55447726082499));
#3782=CARTESIAN_POINT('',(-3.71280825989304,-8.00714724317333,5.62665074776477));
#3783=CARTESIAN_POINT('',(-3.80178466330713,-8.01426348333098,5.76299969302918));
#3784=CARTESIAN_POINT('',(-3.91929574353431,-8.02879754504631,5.9513599171292));
#3785=CARTESIAN_POINT('',(-4.01363368766676,-8.0439020826569,6.10617668696094));
#3786=CARTESIAN_POINT('',(-4.09185970380043,-8.05866689431009,6.23731039772686));
#3787=CARTESIAN_POINT('',(-4.16565083478748,-8.07443812947943,6.3622687300755));
#3788=CARTESIAN_POINT('',(-4.24628221659113,-8.09385894204673,6.49758117942203));
#3789=CARTESIAN_POINT('',(-4.33183618535363,-8.11714074868031,6.63986336074145));
#3790=CARTESIAN_POINT('',(-4.41559655184812,-8.14271420808002,6.77498010562436));
#3791=CARTESIAN_POINT('',(-4.48991771711393,-8.16771998968549,6.88944222851383));
#3792=CARTESIAN_POINT('',(-4.55634178786691,-8.19186528688823,6.98622775180977));
#3793=CARTESIAN_POINT('',(-4.61939729343152,-8.21638291678729,7.07226384497342));
#3794=CARTESIAN_POINT('',(-4.68388269418778,-8.24316996837113,7.15281057876099));
#3795=CARTESIAN_POINT('',(-4.7493399870329,-8.27219677947284,7.22582657732863));
#3796=CARTESIAN_POINT('',(-4.81644038197244,-8.30391840668641,7.29012787094209));
#3797=CARTESIAN_POINT('',(-4.88407251093441,-8.3379808518784,7.34303172081187));
#3798=CARTESIAN_POINT('',(-4.95090399921275,-8.37383679710596,7.3822516230012));
#3799=CARTESIAN_POINT('',(-5.01426134212443,-8.40989287717083,7.40696815033705));
#3800=CARTESIAN_POINT('',(-5.07346499464922,-8.44545103987527,7.41886977502743));
#3801=CARTESIAN_POINT('',(-5.13081458411009,-8.48167717158864,7.42009914494669));
#3802=CARTESIAN_POINT('',(-5.1877370952041,-8.51944905039541,7.41121980571079));
#3803=CARTESIAN_POINT('',(-5.24492537020331,-8.55932697017879,7.39246312910615));
#3804=CARTESIAN_POINT('',(-5.30359939407006,-8.6023225468874,7.36300355160555));
#3805=CARTESIAN_POINT('',(-5.36394109091503,-8.64887460451592,7.32321643550169));
#3806=CARTESIAN_POINT('',(-5.42682387595428,-8.70007399785302,7.27145133617086));
#3807=CARTESIAN_POINT('',(-5.49019177486505,-8.75465926529062,7.21001823704828));
#3808=CARTESIAN_POINT('',(-5.55172931108385,-8.8107843990081,7.14227400982102));
#3809=CARTESIAN_POINT('',(-5.60881214400778,-8.86578263612352,7.07320626473138));
#3810=CARTESIAN_POINT('',(-5.66017675509412,-8.91787356967868,7.00733441871561));
#3811=CARTESIAN_POINT('',(-5.70754962107753,-8.96819741478588,6.94274000709499));
#3812=CARTESIAN_POINT('',(-5.75640786300451,-9.02247133825938,6.87363634048404));
#3813=CARTESIAN_POINT('',(-5.81133732308331,-9.08674526939399,6.7949400511018));
#3814=CARTESIAN_POINT('',(-5.87193757115349,-9.16221667144594,6.7036285223527));
#3815=CARTESIAN_POINT('',(-5.93680678342313,-9.24892514525753,6.60459041641162));
#3816=CARTESIAN_POINT('',(-6.00539199387817,-9.34820315156415,6.49821094478357));
#3817=CARTESIAN_POINT('',(-6.07778942279506,-9.46312915872824,6.38515463135053));
#3818=CARTESIAN_POINT('',(-6.1519076849409,-9.59438779667217,6.26945427852482));
#3819=CARTESIAN_POINT('',(-6.2260612366663,-9.74355592487514,6.15441659742961));
#3820=CARTESIAN_POINT('',(-6.29828121746215,-9.9127153898714,6.04358758560341));
#3821=CARTESIAN_POINT('',(-6.36380843841554,-10.0986348004752,5.94445244901106));
#3822=CARTESIAN_POINT('',(-6.41745012130231,-10.2918311970904,5.86441534153418));
#3823=CARTESIAN_POINT('',(-6.45640338082803,-10.4793184084696,5.80696959026692));
#3824=CARTESIAN_POINT('',(-6.48256205013359,-10.6609421662554,5.76875178319137));
#3825=CARTESIAN_POINT('',(-6.49763005779603,-10.8410954061677,5.74676547215718));
#3826=CARTESIAN_POINT('',(-6.50180771939096,-11.0250623164675,5.74078139951226));
#3827=CARTESIAN_POINT('',(-6.49443758346996,-11.2129604163365,5.75143642423866));
#3828=CARTESIAN_POINT('',(-6.47487146820672,-11.4030830539715,5.77992947232698));
#3829=CARTESIAN_POINT('',(-6.443166455516,-11.5914316932791,5.8264214833496));
#3830=CARTESIAN_POINT('',(-6.39964678952622,-11.7772000297712,5.89088009819491));
#3831=CARTESIAN_POINT('',(-6.34495339386257,-11.958219418979,5.97284843390416));
#3832=CARTESIAN_POINT('',(-6.27920839270373,-12.1347305190577,6.07272120322193));
#3833=CARTESIAN_POINT('',(-6.20194506272176,-12.3083069318183,6.19163662662342));
#3834=CARTESIAN_POINT('',(-6.11776302625139,-12.469014167267,6.32268247244456));
#3835=CARTESIAN_POINT('',(-6.03291789701282,-12.6099237821255,6.45528069635412));
#3836=CARTESIAN_POINT('',(-5.96174532282819,-12.7157922317236,6.56606332304212));
#3837=CARTESIAN_POINT('',(-5.90483579067699,-12.7940916495866,6.653409907982));
#3838=CARTESIAN_POINT('',(-5.86226450442782,-12.8495992270077,6.7183950002713));
#3839=CARTESIAN_POINT('',(-5.82526283460001,-12.8958204768272,6.77387417650433));
#3840=CARTESIAN_POINT('',(-5.78696191943369,-12.9419274828392,6.82936452382245));
#3841=CARTESIAN_POINT('',(-5.73996096294786,-12.9961958099085,6.89752643197681));
#3842=CARTESIAN_POINT('',(-5.68316298349174,-13.0582947564083,6.97737270277876));
#3843=CARTESIAN_POINT('',(-5.62488319386777,-13.118257639069,7.05432063192202));
#3844=CARTESIAN_POINT('',(-5.57645907815953,-13.1654932596682,7.11217283999738));
#3845=CARTESIAN_POINT('',(-5.53717074873859,-13.2024205389436,7.15771060596286));
#3846=CARTESIAN_POINT('',(-5.49910235910639,-13.2371111408139,7.20006831787262));
#3847=CARTESIAN_POINT('',(-5.45274339708025,-13.2777804616673,7.24671160540351));
#3848=CARTESIAN_POINT('',(-5.40252796899125,-13.3198935765244,7.29206514141218));
#3849=CARTESIAN_POINT('',(-5.35309009194352,-13.3594960294191,7.33039476813048));
#3850=CARTESIAN_POINT('',(-5.31005047601122,-13.3926028596699,7.35836297590303));
#3851=CARTESIAN_POINT('',(-5.27210590970922,-13.4207978566122,7.37923215167073));
#3852=CARTESIAN_POINT('',(-5.23745428526443,-13.4457799578827,7.39425197253672));
#3853=CARTESIAN_POINT('',(-5.20131114470179,-13.4710763442569,7.40664778146353));
#3854=CARTESIAN_POINT('',(-5.16182480910687,-13.4978373647852,7.41583861796759));
#3855=CARTESIAN_POINT('',(-5.11756615855311,-13.5267554417014,7.42012451659139));
#3856=CARTESIAN_POINT('',(-5.06876251891453,-13.5573760010917,7.41796881568452));
#3857=CARTESIAN_POINT('',(-5.01528280433409,-13.5894620685692,7.40695015517656));
#3858=CARTESIAN_POINT('',(-4.95671384738858,-13.6229000172583,7.38479735197256));
#3859=CARTESIAN_POINT('',(-4.89504112402046,-13.6562288754302,7.3500371067477));
#3860=CARTESIAN_POINT('',(-4.83147075189734,-13.6886549372227,7.30273766601469));
#3861=CARTESIAN_POINT('',(-4.76723328625095,-13.7195276843079,7.2439279660994));
#3862=CARTESIAN_POINT('',(-4.70203182160316,-13.7489686956508,7.17404379431966));
#3863=CARTESIAN_POINT('',(-4.63553315840787,-13.7771062141411,7.09326642455045));
#3864=CARTESIAN_POINT('',(-4.56714223656618,-13.8041156028785,7.00167446901576));
#3865=CARTESIAN_POINT('',(-4.49269785562738,-13.8313973471079,6.89402361118724));
#3866=CARTESIAN_POINT('',(-4.41010291707828,-13.8591224840263,6.76643718829258));
#3867=CARTESIAN_POINT('',(-4.31604671410197,-13.8874971629943,6.61411374764361));
#3868=CARTESIAN_POINT('',(-4.21206855827717,-13.9149996533585,6.44026616396961));
#3869=CARTESIAN_POINT('',(-4.0987673629794,-13.9404531975249,6.24878401920879));
#3870=CARTESIAN_POINT('',(-3.97564713030699,-13.9630050435666,6.04309669925654));
#3871=CARTESIAN_POINT('',(-3.85464665634421,-13.9798029063119,5.84659412734972));
#3872=CARTESIAN_POINT('',(-3.74882731261427,-13.9901252193553,5.68168728663987));
#3873=CARTESIAN_POINT('',(-3.68796438896247,-13.994207382291,5.5909748580152));
#3874=CARTESIAN_POINT('',(-3.66333399971252,-13.9955503675515,5.55447726082499));
#3875=CARTESIAN_POINT('',(-8.3,-8.,6.2));
#3876=AXIS2_PLACEMENT_3D('',#3877,#3878,#3879);
#3877=CARTESIAN_POINT('',(-7.,-8.,6.2));
#3878=DIRECTION('',(1.22464679914735E-16,1.,0.));
#3879=DIRECTION('',(-1.,1.22464679914735E-16,-1.22464679914735E-16));
#3880=CARTESIAN_POINT('',(-26.3,-8.,6.2));
#3881=AXIS2_PLACEMENT_3D('',#3882,#3883,#3884);
#3882=CARTESIAN_POINT('',(-25.,-8.,6.2));
#3883=DIRECTION('',(1.22464679914735E-16,1.,0.));
#3884=DIRECTION('',(-1.,1.22464679914735E-16,-1.22464679914735E-16));
#3885=CARTESIAN_POINT('',(-28.3366660002838,-8.0044496324487,5.55447726082499));
#3886=CARTESIAN_POINT('',(-28.2861265894529,-8.00720532108733,5.6281943781517));
#3887=CARTESIAN_POINT('',(-28.1952981931751,-8.01452071192926,5.7674882936671));
#3888=CARTESIAN_POINT('',(-28.0755723877226,-8.02950192410005,5.95973066200168));
#3889=CARTESIAN_POINT('',(-27.9799324976507,-8.04501961122499,6.11682215835348));
#3890=CARTESIAN_POINT('',(-27.9019505482272,-8.05992754682341,6.24778333886699));
#3891=CARTESIAN_POINT('',(-27.8284553723962,-8.07578866243379,6.37223807641317));
#3892=CARTESIAN_POINT('',(-27.7479164557085,-8.09534615101175,6.50720381504249));
#3893=CARTESIAN_POINT('',(-27.6607388798637,-8.11927106550739,6.65210374395464));
#3894=CARTESIAN_POINT('',(-27.5754867609938,-8.14556389221678,6.78913310265503));
#3895=CARTESIAN_POINT('',(-27.4992582655551,-8.17151593315813,6.90569328104472));
#3896=CARTESIAN_POINT('',(-27.4320755446942,-8.19624099790773,7.00256015064607));
#3897=CARTESIAN_POINT('',(-27.3692923248096,-8.22096898831528,7.08685682533657));
#3898=CARTESIAN_POINT('',(-27.3068529041561,-8.24719397723594,7.1636033269574));
#3899=CARTESIAN_POINT('',(-27.245724650624,-8.27451052899699,7.2306934063121));
#3900=CARTESIAN_POINT('',(-27.1838131493684,-8.3038566315575,7.28955750041813));
#3901=CARTESIAN_POINT('',(-27.1223485840874,-8.33470970958306,7.33817644458798));
#3902=CARTESIAN_POINT('',(-27.059318911977,-8.36824977576211,7.37689356231335));
#3903=CARTESIAN_POINT('',(-26.998348246037,-8.40256822066239,7.40292305083643));
#3904=CARTESIAN_POINT('',(-26.939397276606,-8.43757838369206,7.41716455150189));
#3905=CARTESIAN_POINT('',(-26.8819983418272,-8.47342343178239,7.42071653926514));
#3906=CARTESIAN_POINT('',(-26.8245203561828,-8.51114628624615,7.41406692363362));
#3907=CARTESIAN_POINT('',(-26.7665223927923,-8.55117686274704,7.39687123120061));
#3908=CARTESIAN_POINT('',(-26.7036602275472,-8.59680042094529,7.36776256189524));
#3909=CARTESIAN_POINT('',(-26.6370589683428,-8.64795195977005,7.32445168733217));
#3910=CARTESIAN_POINT('',(-26.5664473213015,-8.70561711898288,7.26578203862461));
#3911=CARTESIAN_POINT('',(-26.5018703044578,-8.76173508189328,7.20170799575041));
#3912=CARTESIAN_POINT('',(-26.4416590325797,-8.81707738238968,7.13440956256072));
#3913=CARTESIAN_POINT('',(-26.3872481468296,-8.86968180127564,7.0680044486867));
#3914=CARTESIAN_POINT('',(-26.3334290355376,-8.92445363500168,6.99911180612834));
#3915=CARTESIAN_POINT('',(-26.2833004223261,-8.97812221861301,6.93051747336996));
#3916=CARTESIAN_POINT('',(-26.2355065559468,-9.0318268574756,6.86234105566252));
#3917=CARTESIAN_POINT('',(-26.1852888481644,-9.09097428682808,6.78872007103857));
#3918=CARTESIAN_POINT('',(-26.1275645740739,-9.16286939268285,6.70365421678654));
#3919=CARTESIAN_POINT('',(-26.0628448464448,-9.24935189860063,6.60380722827472));
#3920=CARTESIAN_POINT('',(-25.9956774063172,-9.34672189125394,6.49993238167991));
#3921=CARTESIAN_POINT('',(-25.9290906622518,-9.4521757694108,6.39589410964985));
#3922=CARTESIAN_POINT('',(-25.861137745443,-9.57055845812827,6.28980571761529));
#3923=CARTESIAN_POINT('',(-25.7904166386963,-9.70864997480337,6.17987412712243));
#3924=CARTESIAN_POINT('',(-25.7195544484513,-9.86845057808423,6.07084009443762));
#3925=CARTESIAN_POINT('',(-25.6550994719033,-10.0417610391175,5.97294506507917));
#3926=CARTESIAN_POINT('',(-25.6020934241758,-10.2170722580238,5.89348861458838));
#3927=CARTESIAN_POINT('',(-25.5608817984943,-10.3904121655202,5.83240311128434));
#3928=CARTESIAN_POINT('',(-25.5309105785477,-10.5593353740658,5.78838741021911));
#3929=CARTESIAN_POINT('',(-25.5100275937616,-10.7343790612466,5.75791785708233));
#3930=CARTESIAN_POINT('',(-25.4991988289927,-10.9158847036798,5.74225069222537));
#3931=CARTESIAN_POINT('',(-25.4998467056294,-11.1064611543826,5.7431204207411));
#3932=CARTESIAN_POINT('',(-25.5126708629013,-11.2964131023136,5.76176716221388));
#3933=CARTESIAN_POINT('',(-25.5374460428836,-11.4848649661697,5.79795946407663));
#3934=CARTESIAN_POINT('',(-25.5743018186358,-11.6728977611882,5.85220086875027));
#3935=CARTESIAN_POINT('',(-25.6233905232619,-11.8587731239693,5.92527623527005));
#3936=CARTESIAN_POINT('',(-25.684427142624,-12.041454022886,6.01731164447957));
#3937=CARTESIAN_POINT('',(-25.7554019902877,-12.2161281455337,6.12582241689762));
#3938=CARTESIAN_POINT('',(-25.8348906988908,-12.3812648941165,6.24884216815861));
#3939=CARTESIAN_POINT('',(-25.9179530209211,-12.5303614326386,6.3785306925913));
#3940=CARTESIAN_POINT('',(-25.9996198729869,-12.6598067330855,6.50602863427383));
#3941=CARTESIAN_POINT('',(-26.0764991042434,-12.7696926679899,6.6252774408013));
#3942=CARTESIAN_POINT('',(-26.1462542424067,-12.8610928694995,6.73119774134303));
#3943=CARTESIAN_POINT('',(-26.2086388509782,-12.937098493685,6.82372225488472));
#3944=CARTESIAN_POINT('',(-26.2635169600509,-13.000029846709,6.90258379120609));
#3945=CARTESIAN_POINT('',(-26.3127081878823,-13.0536076214325,6.97082143895142));
#3946=CARTESIAN_POINT('',(-26.3584166600184,-13.1011760645602,7.03090709934717));
#3947=CARTESIAN_POINT('',(-26.401595957629,-13.1442661293562,7.08611830569396));
#3948=CARTESIAN_POINT('',(-26.4449044284975,-13.1858086862548,7.13783092853521));
#3949=CARTESIAN_POINT('',(-26.4897206585264,-13.2271245817185,7.18810914206011));
#3950=CARTESIAN_POINT('',(-26.5368941246383,-13.268828563439,7.23672122452123));
#3951=CARTESIAN_POINT('',(-26.5864460910973,-13.310786921144,7.28253701985143));
#3952=CARTESIAN_POINT('',(-26.6383049369964,-13.3527954284717,7.32449745535574));
#3953=CARTESIAN_POINT('',(-26.6923182822549,-13.3945490946991,7.36055941546662));
#3954=CARTESIAN_POINT('',(-26.7454625258258,-13.4337177277779,7.38782779449229));
#3955=CARTESIAN_POINT('',(-26.7967283847532,-13.4698265516359,7.40682878916748));
#3956=CARTESIAN_POINT('',(-26.8466665299177,-13.5035380173537,7.41731750473416));
#3957=CARTESIAN_POINT('',(-26.8990604805387,-13.5373916400003,7.42060588677899));
#3958=CARTESIAN_POINT('',(-26.9541895986582,-13.5713637994286,7.41453244646888));
#3959=CARTESIAN_POINT('',(-27.0123865483232,-13.6054846868582,7.39781480624055));
#3960=CARTESIAN_POINT('',(-27.0736049380989,-13.6395294703852,7.3692511731171));
#3961=CARTESIAN_POINT('',(-27.1375428814166,-13.6731038735766,7.32731639452096));
#3962=CARTESIAN_POINT('',(-27.2022558381654,-13.7051011400545,7.27316504083409));
#3963=CARTESIAN_POINT('',(-27.2691069395853,-13.7361920296751,7.20633501550879));
#3964=CARTESIAN_POINT('',(-27.3381824855439,-13.7662570326481,7.12645602518057));
#3965=CARTESIAN_POINT('',(-27.4141264735324,-13.7970079003135,7.02791044964404));
#3966=CARTESIAN_POINT('',(-27.4937100115417,-13.8266579298465,6.91435161946729));
#3967=CARTESIAN_POINT('',(-27.5840955311398,-13.857333616886,6.77581689328873));
#3968=CARTESIAN_POINT('',(-27.6806258076756,-13.886604005706,6.61961434317139));
#3969=CARTESIAN_POINT('',(-27.7863617037446,-13.9145847602216,6.44273417763098));
#3970=CARTESIAN_POINT('',(-27.8914026619584,-13.938282465771,6.26578602100662));
#3971=CARTESIAN_POINT('',(-27.995287897293,-13.95782362933,6.09153852658654));
#3972=CARTESIAN_POINT('',(-28.0990150212105,-13.9737191715691,5.92130905174572));
#3973=CARTESIAN_POINT('',(-28.1968697853057,-13.9851822184798,5.76560493443048));
#3974=CARTESIAN_POINT('',(-28.2777060827331,-13.9919884733923,5.64221840470868));
#3975=CARTESIAN_POINT('',(-28.3206764228795,-13.9946785272179,5.57770781288754));
#3976=CARTESIAN_POINT('',(-28.3366660002854,-13.9955503675514,5.55447726082499));
ENDSEC;
END-ISO-10303-21;
