ISO-10303-21;
HEADER;
FILE_DESCRIPTION(('STEP AP242'),
    '1');
FILE_NAME('Подставка мотора',
    '',
    ('UNSPECIFIED'),
    ('UNSPECIFIED'),
    'C3D Converter',
    'C3D Toolkit',
    '');
FILE_SCHEMA(('AP242_MANAGED_MODEL_BASED_3D_ENGINEERING_MIM_LF { 1 0 10303 442 1 1 4 }'));
ENDSEC;

DATA;
#1=PRODUCT_DEFINITION('','UNSPECIFIED',#28,#31);
#2=SHAPE_DEFINITION_REPRESENTATION(#26,#3);
#3=SHAPE_REPRESENTATION('NONE',(#4),#8);
#4=AXIS2_PLACEMENT_3D('',#5,#6,#7);
#5=CARTESIAN_POINT('',(0.,0.,0.));
#6=DIRECTION('',(0.,0.,1.));
#7=DIRECTION('',(1.,0.,0.));
#8=(GEOMETRIC_REPRESENTATION_CONTEXT(3)GLOBAL_UNCERTAINTY_ASSIGNED_CONTEXT((#10))
GLOBAL_UNIT_ASSIGNED_CONTEXT((#9,#11,#12))REPRESENTATION_CONTEXT('NONE','NONE'));
#9=(LENGTH_UNIT()NAMED_UNIT(*)SI_UNIT(.MILLI.,.METRE.));
#10=UNCERTAINTY_MEASURE_WITH_UNIT(LENGTH_MEASURE(1.E-5),#9,'NONE','NONE');
#11=(NAMED_UNIT(*)PLANE_ANGLE_UNIT()SI_UNIT($,.RADIAN.));
#12=(NAMED_UNIT(*)SI_UNIT($,.STERADIAN.)SOLID_ANGLE_UNIT());
#13=MANIFOLD_SOLID_BREP('',#14);
#14=CLOSED_SHELL('',(#53,#54,#55,#56,#57,#58,#59,#60,#61,#62,#63,#64,#65,#66,#67,
#68,#69,#70,#71,#72,#73,#74,#75,#76,#77,#78,#79,#80,#81,#82,#83,#84,#85,#86,#87,
#88,#89,#90,#91,#92,#93,#94,#95,#96,#97,#98,#99,#100,#101,#102,#103,#104,#105,#106,
#107,#108,#109,#110,#111,#112,#113,#114,#115,#116,#117,#118,#119,#120,#121,#122,
#123,#124,#125,#126,#127,#128,#129,#130,#131,#132,#133,#134,#135,#136,#137,#138,
#139,#140,#141,#142,#143,#144,#145,#146,#147,#148,#149,#150,#151,#152,#153,#154,
#155,#156,#157,#158,#159,#160,#161,#162,#163,#164,#165,#166,#167,#168,#169,#170,
#171,#172,#173,#174,#175,#176,#177,#178,#179,#180,#181,#182,#183,#184,#185,#186,
#187,#188,#189,#190,#191,#192,#193,#194,#195,#196,#197,#198,#199,#200,#201,#202,
#203,#204,#205,#206,#207,#208,#209,#210,#211,#212,#213,#214));
#15=COLOUR_RGB('',0.4,0.698039215686275,1.);
#16=FILL_AREA_STYLE_COLOUR('',#15);
#17=FILL_AREA_STYLE($,(#16));
#18=SURFACE_STYLE_FILL_AREA(#17);
#19=SURFACE_SIDE_STYLE('',(#18));
#20=SURFACE_STYLE_USAGE(.BOTH.,#19);
#21=PRESENTATION_STYLE_ASSIGNMENT((#20));
#22=MECHANICAL_DESIGN_GEOMETRIC_PRESENTATION_REPRESENTATION('NONE',(#23),#8);
#23=STYLED_ITEM('',(#21),#13);
#24=ADVANCED_BREP_SHAPE_REPRESENTATION('NONE',(#13),#8);
#25=SHAPE_REPRESENTATION_RELATIONSHIP('','',#3,#24);
#26=PRODUCT_DEFINITION_SHAPE('NONE','NONE',#1);
#27=MECHANICAL_CONTEXT('NONE',#32,'mechanical');
#28=PRODUCT_DEFINITION_FORMATION_WITH_SPECIFIED_SOURCE('ANY','UNSPECIFIED',#29,.NOT_KNOWN.);
#29=PRODUCT('','\X2\041A04400435043F043B0435043D04380435\X0\ \X2\043C043E0442043E04400430\X0\',
'NONE',(#27));
#30=PRODUCT_RELATED_PRODUCT_CATEGORY('detail','',(#29));
#31=DESIGN_CONTEXT('detailed design',#32,'design');
#32=APPLICATION_CONTEXT('configuration controlled 3d designs of mechanical parts and assemblies');
#33=APPLICATION_PROTOCOL_DEFINITION('international standard','config_control_design',
1994,#32);
#34=CC_DESIGN_DATE_AND_TIME_ASSIGNMENT(#35,#39,(#1));
#35=DATE_AND_TIME(#36,#37);
#36=CALENDAR_DATE(0,1,1);
#37=LOCAL_TIME(0,0,0.,#38);
#38=COORDINATED_UNIVERSAL_TIME_OFFSET(0,0,.AHEAD.);
#39=DATE_TIME_ROLE('creation_date');
#40=CC_DESIGN_APPROVAL(#41,(#1));
#41=APPROVAL(#42,'UNSPECIFIED');
#42=APPROVAL_STATUS('not_yet_approved');
#43=APPROVAL_DATE_TIME(#44,#41);
#44=DATE_AND_TIME(#45,#46);
#45=CALENDAR_DATE(0,1,1);
#46=LOCAL_TIME(0,0,0.,#47);
#47=COORDINATED_UNIVERSAL_TIME_OFFSET(0,0,.AHEAD.);
#48=PERSON('UNSPECIFIED','Admin','UNSPECIFIED',('UNSPECIFIED'),('UNSPECIFIED'),(
'UNSPECIFIED'));
#49=ORGANIZATION('UNSPECIFIED','UNSPECIFIED','UNSPECIFIED');
#50=PERSON_AND_ORGANIZATION(#48,#49);
#51=PERSON_AND_ORGANIZATION_ROLE('creator');
#52=CC_DESIGN_PERSON_AND_ORGANIZATION_ASSIGNMENT(#50,#51,(#28,#1));
#53=ADVANCED_FACE('',(#215),#217,.T.);
#54=ADVANCED_FACE('',(#222),#224,.T.);
#55=ADVANCED_FACE('',(#229,#231,#233,#235,#237,#239,#241,#243,#245,#247,#249,#251),
#253,.T.);
#56=ADVANCED_FACE('',(#258),#260,.F.);
#57=ADVANCED_FACE('',(#265),#267,.F.);
#58=ADVANCED_FACE('',(#272),#274,.F.);
#59=ADVANCED_FACE('',(#279),#281,.F.);
#60=ADVANCED_FACE('',(#286),#288,.F.);
#61=ADVANCED_FACE('',(#293),#295,.F.);
#62=ADVANCED_FACE('',(#300),#302,.F.);
#63=ADVANCED_FACE('',(#307),#309,.F.);
#64=ADVANCED_FACE('',(#314),#316,.F.);
#65=ADVANCED_FACE('',(#321),#323,.F.);
#66=ADVANCED_FACE('',(#328),#330,.F.);
#67=ADVANCED_FACE('',(#335),#337,.F.);
#68=ADVANCED_FACE('',(#342),#344,.F.);
#69=ADVANCED_FACE('',(#349),#351,.F.);
#70=ADVANCED_FACE('',(#356),#358,.F.);
#71=ADVANCED_FACE('',(#363),#365,.F.);
#72=ADVANCED_FACE('',(#370),#372,.F.);
#73=ADVANCED_FACE('',(#377),#379,.F.);
#74=ADVANCED_FACE('',(#384),#386,.F.);
#75=ADVANCED_FACE('',(#391),#393,.F.);
#76=ADVANCED_FACE('',(#398),#400,.F.);
#77=ADVANCED_FACE('',(#405),#407,.F.);
#78=ADVANCED_FACE('',(#412),#414,.F.);
#79=ADVANCED_FACE('',(#419),#421,.F.);
#80=ADVANCED_FACE('',(#426),#428,.F.);
#81=ADVANCED_FACE('',(#433),#435,.F.);
#82=ADVANCED_FACE('',(#440),#442,.F.);
#83=ADVANCED_FACE('',(#447),#449,.F.);
#84=ADVANCED_FACE('',(#454),#456,.F.);
#85=ADVANCED_FACE('',(#461),#463,.F.);
#86=ADVANCED_FACE('',(#468),#470,.F.);
#87=ADVANCED_FACE('',(#475),#477,.F.);
#88=ADVANCED_FACE('',(#482),#484,.F.);
#89=ADVANCED_FACE('',(#489),#491,.F.);
#90=ADVANCED_FACE('',(#496),#498,.F.);
#91=ADVANCED_FACE('',(#503),#505,.F.);
#92=ADVANCED_FACE('',(#510),#512,.F.);
#93=ADVANCED_FACE('',(#517),#519,.F.);
#94=ADVANCED_FACE('',(#524),#526,.F.);
#95=ADVANCED_FACE('',(#531),#533,.F.);
#96=ADVANCED_FACE('',(#538),#540,.F.);
#97=ADVANCED_FACE('',(#545),#547,.F.);
#98=ADVANCED_FACE('',(#552),#554,.F.);
#99=ADVANCED_FACE('',(#559),#561,.F.);
#100=ADVANCED_FACE('',(#566),#568,.F.);
#101=ADVANCED_FACE('',(#573),#575,.F.);
#102=ADVANCED_FACE('',(#580),#582,.F.);
#103=ADVANCED_FACE('',(#587),#589,.F.);
#104=ADVANCED_FACE('',(#594),#596,.F.);
#105=ADVANCED_FACE('',(#601),#603,.F.);
#106=ADVANCED_FACE('',(#608),#610,.F.);
#107=ADVANCED_FACE('',(#615),#617,.F.);
#108=ADVANCED_FACE('',(#622),#624,.F.);
#109=ADVANCED_FACE('',(#629),#631,.F.);
#110=ADVANCED_FACE('',(#636),#638,.F.);
#111=ADVANCED_FACE('',(#643),#645,.F.);
#112=ADVANCED_FACE('',(#650),#652,.F.);
#113=ADVANCED_FACE('',(#657),#659,.F.);
#114=ADVANCED_FACE('',(#664),#666,.F.);
#115=ADVANCED_FACE('',(#671),#673,.F.);
#116=ADVANCED_FACE('',(#678),#680,.F.);
#117=ADVANCED_FACE('',(#685),#687,.F.);
#118=ADVANCED_FACE('',(#692),#694,.F.);
#119=ADVANCED_FACE('',(#699),#701,.F.);
#120=ADVANCED_FACE('',(#706),#708,.F.);
#121=ADVANCED_FACE('',(#713),#715,.F.);
#122=ADVANCED_FACE('',(#720),#722,.F.);
#123=ADVANCED_FACE('',(#727),#729,.F.);
#124=ADVANCED_FACE('',(#734),#736,.F.);
#125=ADVANCED_FACE('',(#741),#743,.F.);
#126=ADVANCED_FACE('',(#748),#750,.F.);
#127=ADVANCED_FACE('',(#755),#757,.F.);
#128=ADVANCED_FACE('',(#762),#764,.F.);
#129=ADVANCED_FACE('',(#769),#771,.F.);
#130=ADVANCED_FACE('',(#776),#778,.T.);
#131=ADVANCED_FACE('',(#783),#785,.T.);
#132=ADVANCED_FACE('',(#790,#792,#794,#796,#798),#800,.T.);
#133=ADVANCED_FACE('',(#805),#807,.F.);
#134=ADVANCED_FACE('',(#812),#814,.F.);
#135=ADVANCED_FACE('',(#819),#821,.F.);
#136=ADVANCED_FACE('',(#826,#828,#830,#832,#834),#836,.T.);
#137=ADVANCED_FACE('',(#841),#843,.T.);
#138=ADVANCED_FACE('',(#848,#850),#852,.F.);
#139=ADVANCED_FACE('',(#857,#859),#861,.F.);
#140=ADVANCED_FACE('',(#866,#868),#870,.F.);
#141=ADVANCED_FACE('',(#875,#877),#879,.T.);
#142=ADVANCED_FACE('',(#884),#886,.T.);
#143=ADVANCED_FACE('',(#891),#893,.T.);
#144=ADVANCED_FACE('',(#898),#900,.T.);
#145=ADVANCED_FACE('',(#905),#907,.T.);
#146=ADVANCED_FACE('',(#912),#914,.T.);
#147=ADVANCED_FACE('',(#919),#921,.T.);
#148=ADVANCED_FACE('',(#926,#928),#930,.T.);
#149=ADVANCED_FACE('',(#935),#937,.F.);
#150=ADVANCED_FACE('',(#942,#944,#946,#948,#950),#952,.T.);
#151=ADVANCED_FACE('',(#957),#959,.F.);
#152=ADVANCED_FACE('',(#964),#966,.F.);
#153=ADVANCED_FACE('',(#971),#973,.F.);
#154=ADVANCED_FACE('',(#977),#979,.T.);
#155=ADVANCED_FACE('',(#983),#985,.T.);
#156=ADVANCED_FACE('',(#990,#992),#994,.F.);
#157=ADVANCED_FACE('',(#999,#1001),#1003,.F.);
#158=ADVANCED_FACE('',(#1008,#1010),#1012,.F.);
#159=ADVANCED_FACE('',(#1017,#1019),#1021,.F.);
#160=ADVANCED_FACE('',(#1026),#1028,.T.);
#161=ADVANCED_FACE('',(#1033),#1035,.T.);
#162=ADVANCED_FACE('',(#1040),#1042,.F.);
#163=ADVANCED_FACE('',(#1047),#1049,.F.);
#164=ADVANCED_FACE('',(#1174),#1176,.F.);
#165=ADVANCED_FACE('',(#1181),#1183,.T.);
#166=ADVANCED_FACE('',(#1188),#1190,.T.);
#167=ADVANCED_FACE('',(#1195),#1197,.T.);
#168=ADVANCED_FACE('',(#1322),#1324,.F.);
#169=ADVANCED_FACE('',(#1329),#1331,.F.);
#170=ADVANCED_FACE('',(#1336),#1338,.F.);
#171=ADVANCED_FACE('',(#1342),#1344,.F.);
#172=ADVANCED_FACE('',(#1349),#1351,.F.);
#173=ADVANCED_FACE('',(#1355),#1357,.F.);
#174=ADVANCED_FACE('',(#1362),#1364,.F.);
#175=ADVANCED_FACE('',(#1368),#1370,.F.);
#176=ADVANCED_FACE('',(#1375),#1377,.F.);
#177=ADVANCED_FACE('',(#1381),#1383,.F.);
#178=ADVANCED_FACE('',(#1388),#1390,.F.);
#179=ADVANCED_FACE('',(#1394),#1396,.F.);
#180=ADVANCED_FACE('',(#1401),#1403,.F.);
#181=ADVANCED_FACE('',(#1407),#1409,.F.);
#182=ADVANCED_FACE('',(#1414),#1416,.F.);
#183=ADVANCED_FACE('',(#1420,#1422),#1424,.F.);
#184=ADVANCED_FACE('',(#1429,#1431),#1433,.F.);
#185=ADVANCED_FACE('',(#1438,#1440,#1442,#1444),#1446,.F.);
#186=ADVANCED_FACE('',(#1451),#1453,.F.);
#187=ADVANCED_FACE('',(#1458),#1460,.T.);
#188=ADVANCED_FACE('',(#1465),#1467,.F.);
#189=ADVANCED_FACE('',(#1538),#1540,.F.);
#190=ADVANCED_FACE('',(#1544),#1546,.T.);
#191=ADVANCED_FACE('',(#1617),#1619,.F.);
#192=ADVANCED_FACE('',(#1624),#1626,.F.);
#193=ADVANCED_FACE('',(#1631),#1633,.T.);
#194=ADVANCED_FACE('',(#1638),#1640,.T.);
#195=ADVANCED_FACE('',(#1645),#1647,.T.);
#196=ADVANCED_FACE('',(#1820),#1822,.F.);
#197=ADVANCED_FACE('',(#1995),#1997,.F.);
#198=ADVANCED_FACE('',(#2002),#2004,.T.);
#199=ADVANCED_FACE('',(#2009),#2011,.T.);
#200=ADVANCED_FACE('',(#2016),#2018,.T.);
#201=ADVANCED_FACE('',(#2023),#2025,.F.);
#202=ADVANCED_FACE('',(#2030),#2032,.T.);
#203=ADVANCED_FACE('',(#2037),#2039,.T.);
#204=ADVANCED_FACE('',(#2044),#2046,.F.);
#205=ADVANCED_FACE('',(#2051),#2053,.F.);
#206=ADVANCED_FACE('',(#2058),#2060,.T.);
#207=ADVANCED_FACE('',(#2065),#2067,.F.);
#208=ADVANCED_FACE('',(#2072,#2074,#2076,#2078,#2080),#2082,.F.);
#209=ADVANCED_FACE('',(#2087,#2089),#2091,.F.);
#210=ADVANCED_FACE('',(#2096,#2098),#2100,.F.);
#211=ADVANCED_FACE('',(#2105),#2107,.T.);
#212=ADVANCED_FACE('',(#2112),#2114,.F.);
#213=ADVANCED_FACE('',(#2193),#2195,.T.);
#214=ADVANCED_FACE('',(#2274),#2276,.F.);
#215=FACE_BOUND('',#216,.T.);
#216=EDGE_LOOP('',(#2281,#2282,#2283,#2284));
#217=PLANE('',#218);
#218=AXIS2_PLACEMENT_3D('',#219,#220,#221);
#219=CARTESIAN_POINT('',(0.,3.,1.83697019872103E-16));
#220=DIRECTION('',(0.,1.,6.12323399573677E-17));
#221=DIRECTION('',(-1.,7.49879891330929E-33,-1.22464679914735E-16));
#222=FACE_BOUND('',#223,.T.);
#223=EDGE_LOOP('',(#2285,#2286,#2287,#2288));
#224=PLANE('',#225);
#225=AXIS2_PLACEMENT_3D('',#226,#227,#228);
#226=CARTESIAN_POINT('',(0.,3.,1.83697019872103E-16));
#227=DIRECTION('',(0.,1.,6.12323399573677E-17));
#228=DIRECTION('',(-1.,7.49879891330929E-33,-1.22464679914735E-16));
#229=FACE_BOUND('',#230,.T.);
#230=EDGE_LOOP('',(#2289,#2290,#2291,#2292,#2293,#2294,#2295,#2296));
#231=FACE_BOUND('',#232,.T.);
#232=EDGE_LOOP('',(#2297,#2298,#2299,#2300,#2301,#2302,#2303,#2304,#2305,#2306));
#233=FACE_BOUND('',#234,.T.);
#234=EDGE_LOOP('',(#2307,#2308,#2309,#2310,#2311,#2312));
#235=FACE_BOUND('',#236,.T.);
#236=EDGE_LOOP('',(#2313,#2314,#2315,#2316,#2317,#2318,#2319,#2320));
#237=FACE_BOUND('',#238,.T.);
#238=EDGE_LOOP('',(#2321,#2322,#2323,#2324,#2325,#2326,#2327,#2328));
#239=FACE_BOUND('',#240,.T.);
#240=EDGE_LOOP('',(#2329,#2330,#2331,#2332,#2333,#2334,#2335,#2336));
#241=FACE_BOUND('',#242,.T.);
#242=EDGE_LOOP('',(#2337,#2338,#2339,#2340,#2341,#2342,#2343,#2344,#2345,#2346,#2347,
#2348));
#243=FACE_BOUND('',#244,.T.);
#244=EDGE_LOOP('',(#2349,#2350,#2351,#2352,#2353,#2354,#2355,#2356,#2357,#2358));
#245=FACE_BOUND('',#246,.T.);
#246=EDGE_LOOP('',(#2359,#2360,#2361,#2362));
#247=FACE_BOUND('',#248,.T.);
#248=EDGE_LOOP('',(#2363));
#249=FACE_BOUND('',#250,.T.);
#250=EDGE_LOOP('',(#2364));
#251=FACE_BOUND('',#252,.T.);
#252=EDGE_LOOP('',(#2365));
#253=PLANE('',#254);
#254=AXIS2_PLACEMENT_3D('',#255,#256,#257);
#255=CARTESIAN_POINT('',(0.,3.,1.83697019872103E-16));
#256=DIRECTION('',(0.,1.,6.12323399573677E-17));
#257=DIRECTION('',(-1.,7.49879891330929E-33,-1.22464679914735E-16));
#258=FACE_BOUND('',#259,.T.);
#259=EDGE_LOOP('',(#2366,#2367,#2368,#2369));
#260=PLANE('',#261);
#261=AXIS2_PLACEMENT_3D('',#262,#263,#264);
#262=CARTESIAN_POINT('',(6.48479981659405,2.,8.17800283173299));
#263=DIRECTION('',(-0.500002196891582,6.16297582203915E-33,0.866024135404777));
#264=DIRECTION('',(0.866024135404777,-7.4615924034613E-17,0.500002196891582));
#265=FACE_BOUND('',#266,.T.);
#266=EDGE_LOOP('',(#2370,#2371,#2372,#2373));
#267=PLANE('',#268);
#268=AXIS2_PLACEMENT_3D('',#269,#270,#271);
#269=CARTESIAN_POINT('',(4.33955917822483,2.,11.8936680922944));
#270=DIRECTION('',(0.866025373510698,0.,0.500000052435652));
#271=DIRECTION('',(0.500000052435652,5.17528486640859E-17,-0.866025373510698));
#272=FACE_BOUND('',#273,.T.);
#273=EDGE_LOOP('',(#2374,#2375,#2376,#2377));
#274=PLANE('',#275);
#275=AXIS2_PLACEMENT_3D('',#276,#277,#278);
#276=CARTESIAN_POINT('',(6.91672410721433,2.,13.381591968944));
#277=DIRECTION('',(0.499999246724364,0.,-0.866025838687893));
#278=DIRECTION('',(-0.866025838687893,7.46154671915858E-17,-0.499999246724364));
#279=FACE_BOUND('',#280,.T.);
#280=EDGE_LOOP('',(#2378,#2379,#2380,#2381));
#281=PLANE('',#282);
#282=AXIS2_PLACEMENT_3D('',#283,#284,#285);
#283=CARTESIAN_POINT('',(9.06194389796056,2.,9.66592637763638));
#284=DIRECTION('',(-0.8660274968067,0.,-0.499996374761579));
#285=DIRECTION('',(-0.499996374761579,-5.17529709434871E-17,0.8660274968067));
#286=FACE_BOUND('',#287,.T.);
#287=EDGE_LOOP('',(#2382,#2383,#2384,#2385));
#288=PLANE('',#289);
#289=AXIS2_PLACEMENT_3D('',#290,#291,#292);
#290=CARTESIAN_POINT('',(7.06313589278567,2.,13.9280026663594));
#291=DIRECTION('',(0.8660274968067,0.,0.499996374761579));
#292=DIRECTION('',(0.499996374761579,4.36196725033559E-17,-0.8660274968067));
#293=FACE_BOUND('',#294,.T.);
#294=EDGE_LOOP('',(#2386,#2387,#2388,#2389));
#295=PLANE('',#296);
#296=AXIS2_PLACEMENT_3D('',#297,#298,#299);
#297=CARTESIAN_POINT('',(3.79314882177517,2.,12.040078543009));
#298=DIRECTION('',(-0.499999246724363,0.,0.866025838687894));
#299=DIRECTION('',(0.866025838687894,-5.88064604019669E-17,0.499999246724363));
#300=FACE_BOUND('',#301,.T.);
#301=EDGE_LOOP('',(#2390,#2391,#2392,#2393));
#302=PLANE('',#303);
#303=AXIS2_PLACEMENT_3D('',#304,#305,#306);
#304=CARTESIAN_POINT('',(6.33839018340595,2.,7.63159180357041));
#305=DIRECTION('',(-0.866025373510699,0.,-0.500000052435652));
#306=DIRECTION('',(-0.500000052435652,-4.36195622856119E-17,0.866025373510699));
#307=FACE_BOUND('',#308,.T.);
#308=EDGE_LOOP('',(#2394,#2395,#2396,#2397));
#309=PLANE('',#310);
#310=AXIS2_PLACEMENT_3D('',#311,#312,#313);
#311=CARTESIAN_POINT('',(9.60835210203945,2.,9.51951625766702));
#312=DIRECTION('',(0.500002196891582,3.08148791101958E-33,-0.866024135404777));
#313=DIRECTION('',(-0.866024135404777,5.88067970778863E-17,-0.500002196891582));
#314=FACE_BOUND('',#315,.T.);
#315=EDGE_LOOP('',(#2398,#2399,#2400,#2401));
#316=PLANE('',#317);
#317=AXIS2_PLACEMENT_3D('',#318,#319,#320);
#318=CARTESIAN_POINT('',(4.32635840171608E-16,2.,12.5588049518348));
#319=DIRECTION('',(-0.499995181438174,-1.23259516440783E-32,-0.866028185764532));
#320=DIRECTION('',(-0.866028185764532,-1.34932933079814E-16,0.499995181438174));
#321=FACE_BOUND('',#322,.T.);
#322=EDGE_LOOP('',(#2402,#2403,#2404,#2405));
#323=PLANE('',#324);
#324=AXIS2_PLACEMENT_3D('',#325,#326,#327);
#325=CARTESIAN_POINT('',(-1.42512937333307,2.,13.3815932066576));
#326=DIRECTION('',(0.866025373510699,-3.08148791101958E-33,-0.500000052435652));
#327=DIRECTION('',(-0.500000052435652,4.94478262298391E-17,-0.866025373510699));
#328=FACE_BOUND('',#329,.T.);
#329=EDGE_LOOP('',(#2406,#2407,#2408,#2409));
#330=PLANE('',#331);
#331=AXIS2_PLACEMENT_3D('',#332,#333,#334);
#332=CARTESIAN_POINT('',(-3.67037092529786,2.,9.49272130716457));
#333=DIRECTION('',(-0.500000052435654,0.,-0.866025373510698));
#334=DIRECTION('',(-0.866025373510698,0.,0.500000052435654));
#335=FACE_BOUND('',#336,.T.);
#336=EDGE_LOOP('',(#2410,#2411,#2412,#2413));
#337=PLANE('',#338);
#338=AXIS2_PLACEMENT_3D('',#339,#340,#341);
#339=CARTESIAN_POINT('',(-4.01678107470214,2.,9.69272132813883));
#340=DIRECTION('',(-0.866025373510699,-3.08148791101958E-33,0.500000052435652));
#341=DIRECTION('',(0.500000052435652,-4.54034343308765E-17,0.866025373510699));
#342=FACE_BOUND('',#343,.T.);
#343=EDGE_LOOP('',(#2414,#2415,#2416,#2417));
#344=PLANE('',#345);
#345=AXIS2_PLACEMENT_3D('',#346,#347,#348);
#346=CARTESIAN_POINT('',(-1.57154062666693,2.,13.9280014286458));
#347=DIRECTION('',(0.499995181438174,0.,0.866028185764532));
#348=DIRECTION('',(0.866028185764532,0.,-0.499995181438174));
#349=FACE_BOUND('',#350,.T.);
#350=EDGE_LOOP('',(#2418,#2419,#2420,#2421));
#351=PLANE('',#352);
#352=AXIS2_PLACEMENT_3D('',#353,#354,#355);
#353=CARTESIAN_POINT('',(4.31583160373915E-16,2.,13.0206836834686));
#354=DIRECTION('',(-0.499995181438174,0.,0.866028185764533));
#355=DIRECTION('',(0.866028185764533,0.,0.499995181438174));
#356=FACE_BOUND('',#357,.T.);
#357=EDGE_LOOP('',(#2422,#2423,#2424,#2425));
#358=PLANE('',#359);
#359=AXIS2_PLACEMENT_3D('',#360,#361,#362);
#360=CARTESIAN_POINT('',(1.57154062666693,2.,13.9280014286458));
#361=DIRECTION('',(0.866025373510699,0.,0.500000052435652));
#362=DIRECTION('',(0.500000052435652,4.54034343308764E-17,-0.866025373510699));
#363=FACE_BOUND('',#364,.T.);
#364=EDGE_LOOP('',(#2426,#2427,#2428,#2429));
#365=PLANE('',#366);
#366=AXIS2_PLACEMENT_3D('',#367,#368,#369);
#367=CARTESIAN_POINT('',(4.01678107470214,2.,9.69272132813883));
#368=DIRECTION('',(0.500000052435653,0.,-0.866025373510698));
#369=DIRECTION('',(-0.866025373510698,0.,-0.500000052435653));
#370=FACE_BOUND('',#371,.T.);
#371=EDGE_LOOP('',(#2430,#2431,#2432,#2433));
#372=PLANE('',#373);
#373=AXIS2_PLACEMENT_3D('',#374,#375,#376);
#374=CARTESIAN_POINT('',(1.42512937333307,2.,13.3815932066576));
#375=DIRECTION('',(0.499995181438173,0.,-0.866028185764533));
#376=DIRECTION('',(-0.866028185764533,1.34932933079814E-16,-0.499995181438173));
#377=FACE_BOUND('',#378,.T.);
#378=EDGE_LOOP('',(#2434,#2435,#2436,#2437));
#379=PLANE('',#380);
#380=AXIS2_PLACEMENT_3D('',#381,#382,#383);
#381=CARTESIAN_POINT('',(3.67037092529786,2.,9.49272130716457));
#382=DIRECTION('',(-0.866025373510699,0.,-0.500000052435652));
#383=DIRECTION('',(-0.500000052435652,-4.9447826229839E-17,0.866025373510699));
#384=FACE_BOUND('',#385,.T.);
#385=EDGE_LOOP('',(#2438,#2439,#2440,#2441));
#386=PLANE('',#387);
#387=AXIS2_PLACEMENT_3D('',#388,#389,#390);
#388=CARTESIAN_POINT('',(-9.43514843937832,2.,9.41951649057074));
#389=DIRECTION('',(-0.866024135404776,0.,0.500002196891583));
#390=DIRECTION('',(0.500002196891583,0.,0.866024135404776));
#391=FACE_BOUND('',#392,.T.);
#392=EDGE_LOOP('',(#2442,#2443,#2444,#2445));
#393=PLANE('',#394);
#394=AXIS2_PLACEMENT_3D('',#395,#396,#397);
#395=CARTESIAN_POINT('',(-6.33839018340595,2.,7.6315918035704));
#396=DIRECTION('',(-0.500002196891581,-3.08148791101958E-33,-0.866024135404778));
#397=DIRECTION('',(-0.866024135404778,-6.20958987129964E-17,0.500002196891581));
#398=FACE_BOUND('',#399,.T.);
#399=EDGE_LOOP('',(#2446,#2447,#2448,#2449));
#400=PLANE('',#401);
#401=AXIS2_PLACEMENT_3D('',#402,#403,#404);
#402=CARTESIAN_POINT('',(-3.79314882177517,2.,12.040078543009));
#403=DIRECTION('',(0.866025373510699,-3.08148791101958E-33,-0.500000052435652));
#404=DIRECTION('',(-0.500000052435652,4.36195622856119E-17,-0.866025373510699));
#405=FACE_BOUND('',#406,.T.);
#406=EDGE_LOOP('',(#2450,#2451,#2452,#2453));
#407=PLANE('',#408);
#408=AXIS2_PLACEMENT_3D('',#409,#410,#411);
#409=CARTESIAN_POINT('',(-6.88993015065513,2.,13.8280024853893));
#410=DIRECTION('',(0.499999246724362,-3.08148791101958E-33,0.866025838687894));
#411=DIRECTION('',(0.866025838687894,6.20955581890802E-17,-0.499999246724362));
#412=FACE_BOUND('',#413,.T.);
#413=EDGE_LOOP('',(#2454,#2455,#2456,#2457));
#414=PLANE('',#415);
#415=AXIS2_PLACEMENT_3D('',#416,#417,#418);
#416=CARTESIAN_POINT('',(-7.08992984934487,2.,13.4815921499141));
#417=DIRECTION('',(-0.866025838687893,0.,0.499999246724363));
#418=DIRECTION('',(0.499999246724363,0.,0.866025838687893));
#419=FACE_BOUND('',#420,.T.);
#420=EDGE_LOOP('',(#2458,#2459,#2460,#2461));
#421=PLANE('',#422);
#422=AXIS2_PLACEMENT_3D('',#423,#424,#425);
#423=CARTESIAN_POINT('',(-4.33955917822483,2.,11.8936680922944));
#424=DIRECTION('',(-0.499999246724363,0.,-0.866025838687894));
#425=DIRECTION('',(-0.866025838687894,-6.99165269705311E-17,0.499999246724363));
#426=FACE_BOUND('',#427,.T.);
#427=EDGE_LOOP('',(#2462,#2463,#2464,#2465));
#428=PLANE('',#429);
#429=AXIS2_PLACEMENT_3D('',#430,#431,#432);
#430=CARTESIAN_POINT('',(-6.48479981659405,2.,8.17800283173299));
#431=DIRECTION('',(-0.866025373510699,0.,0.500000052435652));
#432=DIRECTION('',(0.500000052435652,-5.17528486640859E-17,0.866025373510699));
#433=FACE_BOUND('',#434,.T.);
#434=EDGE_LOOP('',(#2466,#2467,#2468,#2469));
#435=PLANE('',#436);
#436=AXIS2_PLACEMENT_3D('',#437,#438,#439);
#437=CARTESIAN_POINT('',(-8.06253915065513,2.,11.7969644853893));
#438=DIRECTION('',(0.499999246724362,0.,0.866025838687894));
#439=DIRECTION('',(0.866025838687894,0.,-0.499999246724362));
#440=FACE_BOUND('',#441,.T.);
#441=EDGE_LOOP('',(#2470,#2471,#2472,#2473));
#442=PLANE('',#443);
#443=AXIS2_PLACEMENT_3D('',#444,#445,#446);
#444=CARTESIAN_POINT('',(-8.26253884934487,2.,11.4505541499141));
#445=DIRECTION('',(-0.866025838687897,-8.88177081613786E-16,0.499999246724357));
#446=DIRECTION('',(0.499999246724357,0.,0.866025838687897));
#447=FACE_BOUND('',#448,.T.);
#448=EDGE_LOOP('',(#2474,#2475,#2476,#2477));
#449=PLANE('',#450);
#450=AXIS2_PLACEMENT_3D('',#451,#452,#453);
#451=CARTESIAN_POINT('',(-5.33896284934487,2.,9.76263014991412));
#452=DIRECTION('',(-0.499999246724362,0.,-0.866025838687894));
#453=DIRECTION('',(-0.866025838687894,0.,0.499999246724362));
#454=FACE_BOUND('',#455,.T.);
#455=EDGE_LOOP('',(#2478,#2479,#2480,#2481));
#456=PLANE('',#457);
#457=AXIS2_PLACEMENT_3D('',#458,#459,#460);
#458=CARTESIAN_POINT('',(-6.48479981659405,2.,8.17800283173299));
#459=DIRECTION('',(-0.866025373510699,0.,0.500000052435652));
#460=DIRECTION('',(0.500000052435652,-5.17528486640859E-17,0.866025373510699));
#461=FACE_BOUND('',#462,.T.);
#462=EDGE_LOOP('',(#2482,#2483,#2484,#2485));
#463=PLANE('',#464);
#464=AXIS2_PLACEMENT_3D('',#465,#466,#467);
#465=CARTESIAN_POINT('',(-9.23514756062168,2.,9.76592614473265));
#466=DIRECTION('',(0.500002196891581,0.,0.866024135404778));
#467=DIRECTION('',(0.866024135404778,6.99169722879826E-17,-0.500002196891581));
#468=FACE_BOUND('',#469,.T.);
#469=EDGE_LOOP('',(#2486,#2487,#2488,#2489));
#470=PLANE('',#471);
#471=AXIS2_PLACEMENT_3D('',#472,#473,#474);
#472=CARTESIAN_POINT('',(-4.5129337338409,2.,9.41336412884417));
#473=DIRECTION('',(0.499996859458202,6.16297582203915E-33,0.866027216969499));
#474=DIRECTION('',(0.866027216969499,8.31397461386648E-17,-0.499996859458202));
#475=FACE_BOUND('',#476,.T.);
#476=EDGE_LOOP('',(#2490,#2491,#2492,#2493));
#477=PLANE('',#478);
#478=AXIS2_PLACEMENT_3D('',#479,#480,#481);
#479=CARTESIAN_POINT('',(-2.20000062810836,2.,8.0780027610456));
#480=DIRECTION('',(0.866027216969499,0.,-0.499996859458202));
#481=DIRECTION('',(-0.499996859458202,0.,-0.866027216969499));
#482=FACE_BOUND('',#483,.T.);
#483=EDGE_LOOP('',(#2494,#2495,#2496,#2497));
#484=PLANE('',#485);
#485=AXIS2_PLACEMENT_3D('',#486,#487,#488);
#486=CARTESIAN_POINT('',(-2.39999937189164,2.,7.7315918742578));
#487=DIRECTION('',(-0.499996859458202,6.16297582203915E-33,-0.866027216969498));
#488=DIRECTION('',(-0.866027216969498,-7.23097901520164E-17,0.499996859458202));
#489=FACE_BOUND('',#490,.T.);
#490=EDGE_LOOP('',(#2498,#2499,#2500,#2501));
#491=PLANE('',#492);
#492=AXIS2_PLACEMENT_3D('',#493,#494,#495);
#493=CARTESIAN_POINT('',(-5.0593442661591,2.,9.26695250645923));
#494=DIRECTION('',(-0.866025915419292,0.,0.499999113821392));
#495=DIRECTION('',(0.499999113821392,0.,0.866025915419292));
#496=FACE_BOUND('',#497,.T.);
#497=EDGE_LOOP('',(#2502,#2503,#2504,#2505));
#498=PLANE('',#499);
#499=AXIS2_PLACEMENT_3D('',#500,#501,#502);
#500=CARTESIAN_POINT('',(-3.3969962661591,2.,12.1462305064592));
#501=DIRECTION('',(-0.499996859458203,-6.16297582203915E-33,-0.866027216969498));
#502=DIRECTION('',(-0.866027216969498,-8.31397461386648E-17,0.499996859458203));
#503=FACE_BOUND('',#504,.T.);
#504=EDGE_LOOP('',(#2506,#2507,#2508,#2509));
#505=PLANE('',#506);
#506=AXIS2_PLACEMENT_3D('',#507,#508,#509);
#507=CARTESIAN_POINT('',(-5.70992937189164,2.,13.4815918742578));
#508=DIRECTION('',(-0.866027216969499,0.,0.499996859458201));
#509=DIRECTION('',(0.499996859458201,0.,0.866027216969499));
#510=FACE_BOUND('',#511,.T.);
#511=EDGE_LOOP('',(#2510,#2511,#2512,#2513));
#512=PLANE('',#513);
#513=AXIS2_PLACEMENT_3D('',#514,#515,#516);
#514=CARTESIAN_POINT('',(-2.8505857338409,2.,12.2926421288442));
#515=DIRECTION('',(0.866025915419292,0.,-0.499999113821392));
#516=DIRECTION('',(-0.499999113821392,0.,-0.866025915419292));
#517=FACE_BOUND('',#518,.T.);
#518=EDGE_LOOP('',(#2514,#2515,#2516,#2517));
#519=PLANE('',#520);
#520=AXIS2_PLACEMENT_3D('',#521,#522,#523);
#521=CARTESIAN_POINT('',(-5.50993062810836,2.,13.8280027610456));
#522=DIRECTION('',(0.499996859458202,0.,0.866027216969498));
#523=DIRECTION('',(0.866027216969498,7.23097901520164E-17,-0.499996859458202));
#524=FACE_BOUND('',#525,.T.);
#525=EDGE_LOOP('',(#2518,#2519,#2520,#2521));
#526=PLANE('',#527);
#527=AXIS2_PLACEMENT_3D('',#528,#529,#530);
#528=CARTESIAN_POINT('',(5.0593442661591,2.,9.26695250645923));
#529=DIRECTION('',(0.499996859458203,-6.16297582203915E-33,-0.866027216969498));
#530=DIRECTION('',(-0.866027216969498,7.23097901520164E-17,-0.499996859458203));
#531=FACE_BOUND('',#532,.T.);
#532=EDGE_LOOP('',(#2522,#2523,#2524,#2525));
#533=PLANE('',#534);
#534=AXIS2_PLACEMENT_3D('',#535,#536,#537);
#535=CARTESIAN_POINT('',(2.39999937189164,2.,7.7315918742578));
#536=DIRECTION('',(-0.866027216969499,4.44086420488611E-16,-0.499996859458202));
#537=DIRECTION('',(-0.499996859458202,0.,0.866027216969499));
#538=FACE_BOUND('',#539,.T.);
#539=EDGE_LOOP('',(#2526,#2527,#2528,#2529));
#540=PLANE('',#541);
#541=AXIS2_PLACEMENT_3D('',#542,#543,#544);
#542=CARTESIAN_POINT('',(2.20000062810836,2.,8.0780027610456));
#543=DIRECTION('',(-0.499996859458202,6.16297582203915E-33,0.866027216969499));
#544=DIRECTION('',(0.866027216969499,-8.31397461386648E-17,0.499996859458202));
#545=FACE_BOUND('',#546,.T.);
#546=EDGE_LOOP('',(#2530,#2531,#2532,#2533));
#547=PLANE('',#548);
#548=AXIS2_PLACEMENT_3D('',#549,#550,#551);
#549=CARTESIAN_POINT('',(4.5129337338409,2.,9.41336412884417));
#550=DIRECTION('',(-0.866025915419292,0.,-0.499999113821392));
#551=DIRECTION('',(-0.499999113821392,0.,0.866025915419292));
#552=FACE_BOUND('',#553,.T.);
#553=EDGE_LOOP('',(#2534,#2535,#2536,#2537));
#554=PLANE('',#555);
#555=AXIS2_PLACEMENT_3D('',#556,#557,#558);
#556=CARTESIAN_POINT('',(2.8505857338409,2.,12.2926421288442));
#557=DIRECTION('',(-0.499996859458203,0.,0.866027216969498));
#558=DIRECTION('',(0.866027216969498,-7.23097901520165E-17,0.499996859458203));
#559=FACE_BOUND('',#560,.T.);
#560=EDGE_LOOP('',(#2538,#2539,#2540,#2541));
#561=PLANE('',#562);
#562=AXIS2_PLACEMENT_3D('',#563,#564,#565);
#563=CARTESIAN_POINT('',(5.50993062810836,2.,13.8280027610456));
#564=DIRECTION('',(0.866027216969499,0.,0.499996859458201));
#565=DIRECTION('',(0.499996859458201,0.,-0.866027216969499));
#566=FACE_BOUND('',#567,.T.);
#567=EDGE_LOOP('',(#2542,#2543,#2544,#2545));
#568=PLANE('',#569);
#569=AXIS2_PLACEMENT_3D('',#570,#571,#572);
#570=CARTESIAN_POINT('',(3.3969962661591,2.,12.1462305064592));
#571=DIRECTION('',(0.866025915419292,0.,0.499999113821392));
#572=DIRECTION('',(0.499999113821392,0.,-0.866025915419292));
#573=FACE_BOUND('',#574,.T.);
#574=EDGE_LOOP('',(#2546,#2547,#2548,#2549));
#575=PLANE('',#576);
#576=AXIS2_PLACEMENT_3D('',#577,#578,#579);
#577=CARTESIAN_POINT('',(5.70992937189164,2.,13.4815918742578));
#578=DIRECTION('',(0.499996859458203,0.,-0.866027216969498));
#579=DIRECTION('',(-0.866027216969498,8.31397461386648E-17,-0.499996859458203));
#580=FACE_BOUND('',#581,.T.);
#581=EDGE_LOOP('',(#2550,#2551,#2552,#2553));
#582=PLANE('',#583);
#583=AXIS2_PLACEMENT_3D('',#584,#585,#586);
#584=CARTESIAN_POINT('',(-1.799397,2.,7.7047973176517));
#585=DIRECTION('',(-1.,0.,-1.01045407339397E-16));
#586=DIRECTION('',(-1.01045407339397E-16,-5.05227036696987E-17,1.));
#587=FACE_BOUND('',#588,.T.);
#588=EDGE_LOOP('',(#2554,#2555,#2556,#2557));
#589=PLANE('',#590);
#590=AXIS2_PLACEMENT_3D('',#591,#592,#593);
#591=CARTESIAN_POINT('',(-1.799397,2.,12.0997443176517));
#592=DIRECTION('',(0.,0.,1.));
#593=DIRECTION('',(1.,0.,0.));
#594=FACE_BOUND('',#595,.T.);
#595=EDGE_LOOP('',(#2558,#2559,#2560,#2561));
#596=PLANE('',#597);
#597=AXIS2_PLACEMENT_3D('',#598,#599,#600);
#598=CARTESIAN_POINT('',(-1.399397,2.,12.0997443176517));
#599=DIRECTION('',(1.,1.3684555315672E-48,1.6674409316947E-16));
#600=DIRECTION('',(1.6674409316947E-16,5.55813643898233E-17,-1.));
#601=FACE_BOUND('',#602,.T.);
#602=EDGE_LOOP('',(#2562,#2563,#2564,#2565));
#603=PLANE('',#604);
#604=AXIS2_PLACEMENT_3D('',#605,#606,#607);
#605=CARTESIAN_POINT('',(-1.399397,2.,8.1047973176517));
#606=DIRECTION('',(0.,0.,1.));
#607=DIRECTION('',(1.,0.,0.));
#608=FACE_BOUND('',#609,.T.);
#609=EDGE_LOOP('',(#2566,#2567,#2568,#2569));
#610=PLANE('',#611);
#611=AXIS2_PLACEMENT_3D('',#612,#613,#614);
#612=CARTESIAN_POINT('',(1.399397,2.,8.1047973176517));
#613=DIRECTION('',(-1.,0.,-1.6674409316947E-16));
#614=DIRECTION('',(-1.6674409316947E-16,-5.55813643898233E-17,1.));
#615=FACE_BOUND('',#616,.T.);
#616=EDGE_LOOP('',(#2570,#2571,#2572,#2573));
#617=PLANE('',#618);
#618=AXIS2_PLACEMENT_3D('',#619,#620,#621);
#619=CARTESIAN_POINT('',(1.399397,2.,12.0997443176517));
#620=DIRECTION('',(0.,0.,1.));
#621=DIRECTION('',(1.,0.,0.));
#622=FACE_BOUND('',#623,.T.);
#623=EDGE_LOOP('',(#2574,#2575,#2576,#2577));
#624=PLANE('',#625);
#625=AXIS2_PLACEMENT_3D('',#626,#627,#628);
#626=CARTESIAN_POINT('',(1.799397,2.,7.7047973176517));
#627=DIRECTION('',(0.,0.,-1.));
#628=DIRECTION('',(-1.,0.,0.));
#629=FACE_BOUND('',#630,.T.);
#630=EDGE_LOOP('',(#2578,#2579,#2580,#2581));
#631=PLANE('',#632);
#632=AXIS2_PLACEMENT_3D('',#633,#634,#635);
#633=CARTESIAN_POINT('',(1.799397,2.,12.0997443176517));
#634=DIRECTION('',(1.,0.,1.51568111009096E-16));
#635=DIRECTION('',(1.51568111009096E-16,5.05227036696987E-17,-1.));
#636=FACE_BOUND('',#637,.T.);
#637=EDGE_LOOP('',(#2582,#2583,#2584,#2585));
#638=PLANE('',#639);
#639=AXIS2_PLACEMENT_3D('',#640,#641,#642);
#640=CARTESIAN_POINT('',(-14.1299998493449,2.,9.41951614991412));
#641=DIRECTION('',(-0.866025838687896,0.,0.499999246724359));
#642=DIRECTION('',(0.499999246724359,0.,0.866025838687896));
#643=FACE_BOUND('',#644,.T.);
#644=EDGE_LOOP('',(#2586,#2587,#2588,#2589));
#645=PLANE('',#646);
#646=AXIS2_PLACEMENT_3D('',#647,#648,#649);
#647=CARTESIAN_POINT('',(-13.9300001506551,2.,9.76592648538928));
#648=DIRECTION('',(0.499999246724363,0.,0.866025838687894));
#649=DIRECTION('',(0.866025838687894,6.99165265378527E-17,-0.499999246724363));
#650=FACE_BOUND('',#651,.T.);
#651=EDGE_LOOP('',(#2590,#2591,#2592,#2593));
#652=PLANE('',#653);
#653=AXIS2_PLACEMENT_3D('',#654,#655,#656);
#654=CARTESIAN_POINT('',(-11.1796294625144,2.,8.17800241794269));
#655=DIRECTION('',(-0.86602625473013,0.,0.499998526115931));
#656=DIRECTION('',(0.499998526115931,-6.8963076895888E-17,0.86602625473013));
#657=FACE_BOUND('',#658,.T.);
#658=EDGE_LOOP('',(#2594,#2595,#2596,#2597));
#659=PLANE('',#660);
#660=AXIS2_PLACEMENT_3D('',#661,#662,#663);
#661=CARTESIAN_POINT('',(-7.95987825094603,2.,13.7547970228749));
#662=DIRECTION('',(0.499998526115934,0.,0.866026254730129));
#663=DIRECTION('',(0.866026254730129,0.,-0.499998526115934));
#664=FACE_BOUND('',#665,.T.);
#665=EDGE_LOOP('',(#2598,#2599,#2600,#2601));
#666=PLANE('',#667);
#667=AXIS2_PLACEMENT_3D('',#668,#669,#670);
#668=CARTESIAN_POINT('',(-11.0332185374856,2.,7.6315922173607));
#669=DIRECTION('',(-0.499999246724362,0.,-0.866025838687894));
#670=DIRECTION('',(-0.866025838687894,-6.20955585303725E-17,0.499999246724362));
#671=FACE_BOUND('',#672,.T.);
#672=EDGE_LOOP('',(#2602,#2603,#2604,#2605));
#673=PLANE('',#674);
#674=AXIS2_PLACEMENT_3D('',#675,#676,#677);
#675=CARTESIAN_POINT('',(-7.61346774905397,2.,13.5547976124285));
#676=DIRECTION('',(0.86602625473013,6.16297582203915E-33,-0.499998526115931));
#677=DIRECTION('',(-0.499998526115931,6.49298630590726E-17,-0.86602625473013));
#678=FACE_BOUND('',#679,.T.);
#679=EDGE_LOOP('',(#2606,#2607,#2608,#2609));
#680=PLANE('',#681);
#681=AXIS2_PLACEMENT_3D('',#682,#683,#684);
#682=CARTESIAN_POINT('',(14.2032051116441,2.,8.00479726415343));
#683=DIRECTION('',(0.499999732508651,0.,-0.866025558220586));
#684=DIRECTION('',(-0.866025558220586,0.,-0.499999732508651));
#685=FACE_BOUND('',#686,.T.);
#686=EDGE_LOOP('',(#2610,#2611,#2612,#2613));
#687=PLANE('',#688);
#688=AXIS2_PLACEMENT_3D('',#689,#690,#691);
#689=CARTESIAN_POINT('',(13.8567948883559,2.,7.80479737114997));
#690=DIRECTION('',(-0.866025558220587,0.,-0.49999973250865));
#691=DIRECTION('',(-0.49999973250865,-7.74397838450457E-17,0.866025558220587));
#692=FACE_BOUND('',#693,.T.);
#693=EDGE_LOOP('',(#2614,#2615,#2616,#2617));
#694=PLANE('',#695);
#695=AXIS2_PLACEMENT_3D('',#696,#697,#698);
#696=CARTESIAN_POINT('',(12.0785571009461,2.,11.4847973526205));
#697=DIRECTION('',(0.866025504730542,0.,-0.499999825156179));
#698=DIRECTION('',(-0.499999825156179,5.22544269165473E-17,-0.866025504730542));
#699=FACE_BOUND('',#700,.T.);
#700=EDGE_LOOP('',(#2618,#2619,#2620,#2621));
#701=PLANE('',#702);
#702=AXIS2_PLACEMENT_3D('',#703,#704,#705);
#703=CARTESIAN_POINT('',(9.95390910094611,2.,7.80479735262047));
#704=DIRECTION('',(-0.49999982515618,0.,-0.866025504730542));
#705=DIRECTION('',(-0.866025504730542,0.,0.49999982515618));
#706=FACE_BOUND('',#707,.T.);
#707=EDGE_LOOP('',(#2622,#2623,#2624,#2625));
#708=PLANE('',#709);
#709=AXIS2_PLACEMENT_3D('',#710,#711,#712);
#710=CARTESIAN_POINT('',(8.69679496654161,2.,11.6784032678817));
#711=DIRECTION('',(-0.500000591880218,0.,0.866025062061966));
#712=DIRECTION('',(0.866025062061966,-5.16479727961952E-17,0.500000591880218));
#713=FACE_BOUND('',#714,.T.);
#714=EDGE_LOOP('',(#2626,#2627,#2628,#2629));
#715=PLANE('',#716);
#716=AXIS2_PLACEMENT_3D('',#717,#718,#719);
#717=CARTESIAN_POINT('',(12.420003881624,2.,13.8280023300641));
#718=DIRECTION('',(0.866025062061967,0.,0.500000591880217));
#719=DIRECTION('',(0.500000591880217,0.,-0.866025062061967));
#720=FACE_BOUND('',#721,.T.);
#721=EDGE_LOOP('',(#2630,#2631,#2632,#2633));
#722=PLANE('',#723);
#723=AXIS2_PLACEMENT_3D('',#724,#725,#726);
#724=CARTESIAN_POINT('',(13.8567948883559,2.,7.80479737114997));
#725=DIRECTION('',(-0.866025558220587,0.,-0.49999973250865));
#726=DIRECTION('',(-0.49999973250865,-7.74397838450457E-17,0.866025558220587));
#727=FACE_BOUND('',#728,.T.);
#728=EDGE_LOOP('',(#2634,#2635,#2636,#2637));
#729=PLANE('',#730);
#730=AXIS2_PLACEMENT_3D('',#731,#732,#733);
#731=CARTESIAN_POINT('',(9.60749889905389,2.,8.00479728268294));
#732=DIRECTION('',(-0.866025504730542,0.,0.499999825156179));
#733=DIRECTION('',(0.499999825156179,-5.22544269165473E-17,0.866025504730542));
#734=FACE_BOUND('',#735,.T.);
#735=EDGE_LOOP('',(#2638,#2639,#2640,#2641));
#736=PLANE('',#737);
#737=AXIS2_PLACEMENT_3D('',#738,#739,#740);
#738=CARTESIAN_POINT('',(9.60749889905389,2.,8.00479728268294));
#739=DIRECTION('',(-0.866025504730542,0.,0.499999825156179));
#740=DIRECTION('',(0.499999825156179,-5.22544269165473E-17,0.866025504730542));
#741=FACE_BOUND('',#742,.T.);
#742=EDGE_LOOP('',(#2642,#2643,#2644,#2645));
#743=PLANE('',#744);
#744=AXIS2_PLACEMENT_3D('',#745,#746,#747);
#745=CARTESIAN_POINT('',(11.3358871116441,2.,12.9711412641534));
#746=DIRECTION('',(0.866025558220587,0.,0.49999973250865));
#747=DIRECTION('',(0.49999973250865,7.74397838450457E-17,-0.866025558220587));
#748=FACE_BOUND('',#749,.T.);
#749=EDGE_LOOP('',(#2646,#2647,#2648,#2649));
#750=PLANE('',#751);
#751=AXIS2_PLACEMENT_3D('',#752,#753,#754);
#752=CARTESIAN_POINT('',(12.620004118376,2.,13.4815923052393));
#753=DIRECTION('',(0.500000591880218,3.08148791101958E-33,-0.866025062061966));
#754=DIRECTION('',(-0.866025062061966,5.69462937903557E-17,-0.500000591880218));
#755=FACE_BOUND('',#756,.T.);
#756=EDGE_LOOP('',(#2650,#2651,#2652,#2653));
#757=PLANE('',#758);
#758=AXIS2_PLACEMENT_3D('',#759,#760,#761);
#759=CARTESIAN_POINT('',(12.620004118376,2.,13.4815923052393));
#760=DIRECTION('',(0.500000591880218,3.08148791101958E-33,-0.866025062061966));
#761=DIRECTION('',(-0.866025062061966,5.69462937903557E-17,-0.500000591880218));
#762=FACE_BOUND('',#763,.T.);
#763=EDGE_LOOP('',(#2654,#2655,#2656,#2657));
#764=PLANE('',#765);
#765=AXIS2_PLACEMENT_3D('',#766,#767,#768);
#766=CARTESIAN_POINT('',(9.24320503345839,2.,11.5319933674217));
#767=DIRECTION('',(0.866025343029981,0.,0.500000105229793));
#768=DIRECTION('',(0.500000105229793,0.,-0.866025343029981));
#769=FACE_BOUND('',#770,.T.);
#770=EDGE_LOOP('',(#2658,#2659,#2660,#2661));
#771=PLANE('',#772);
#772=AXIS2_PLACEMENT_3D('',#773,#774,#775);
#773=CARTESIAN_POINT('',(10.270358931394,2.,8.95291129660574));
#774=DIRECTION('',(-0.866025343029981,-6.16297582203915E-33,-0.500000105229793));
#775=DIRECTION('',(-0.500000105229793,-7.0554695143033E-17,0.866025343029981));
#776=FACE_BOUND('',#777,.T.);
#777=EDGE_LOOP('',(#2662,#2663,#2664,#2665,#2666));
#778=PLANE('',#779);
#779=AXIS2_PLACEMENT_3D('',#780,#781,#782);
#780=CARTESIAN_POINT('',(7.99999999999097,2.,2.99999999999999));
#781=DIRECTION('',(-1.11214882490101E-16,0.707106781186547,0.707106781186548));
#782=DIRECTION('',(1.,9.25185853854296E-18,1.48029736616687E-16));
#783=FACE_BOUND('',#784,.T.);
#784=EDGE_LOOP('',(#2667,#2668,#2669,#2670));
#785=PLANE('',#786);
#786=AXIS2_PLACEMENT_3D('',#787,#788,#789);
#787=CARTESIAN_POINT('',(27.999999999991,-1.83697019872103E-16,3.));
#788=DIRECTION('',(1.,0.,0.));
#789=DIRECTION('',(0.,6.12323399573677E-17,-1.));
#790=FACE_BOUND('',#791,.T.);
#791=EDGE_LOOP('',(#2671,#2672,#2673,#2674,#2675,#2676,#2677));
#792=FACE_BOUND('',#793,.T.);
#793=EDGE_LOOP('',(#2678));
#794=FACE_BOUND('',#795,.T.);
#795=EDGE_LOOP('',(#2679));
#796=FACE_BOUND('',#797,.T.);
#797=EDGE_LOOP('',(#2680));
#798=FACE_BOUND('',#799,.T.);
#799=EDGE_LOOP('',(#2681));
#800=PLANE('',#801);
#801=AXIS2_PLACEMENT_3D('',#802,#803,#804);
#802=CARTESIAN_POINT('',(27.999999999991,3.62064123726754E-32,-5.91295586578656E-16));
#803=DIRECTION('',(-2.11176995206731E-17,6.12323399573677E-17,-1.));
#804=DIRECTION('',(-1.,-1.2930861561674E-33,2.11176995206731E-17));
#805=FACE_BOUND('',#806,.T.);
#806=EDGE_LOOP('',(#2682,#2683,#2684,#2685));
#807=PLANE('',#808);
#808=AXIS2_PLACEMENT_3D('',#809,#810,#811);
#809=CARTESIAN_POINT('',(-27.999999999991,-1.83697019872103E-16,3.));
#810=DIRECTION('',(1.,0.,-1.22464679914735E-16));
#811=DIRECTION('',(-1.22464679914735E-16,6.12323399573677E-17,-1.));
#812=FACE_BOUND('',#813,.T.);
#813=EDGE_LOOP('',(#2686,#2687,#2688,#2689,#2690));
#814=PLANE('',#815);
#815=AXIS2_PLACEMENT_3D('',#816,#817,#818);
#816=CARTESIAN_POINT('',(-7.99999999999097,2.,3.));
#817=DIRECTION('',(-1.9781048811365E-16,-0.707106781186547,-0.707106781186548));
#818=DIRECTION('',(-1.,9.25185853854296E-18,2.70494416531423E-16));
#819=FACE_BOUND('',#820,.T.);
#820=EDGE_LOOP('',(#2691,#2692,#2693,#2694));
#821=PLANE('',#822);
#822=AXIS2_PLACEMENT_3D('',#823,#824,#825);
#823=CARTESIAN_POINT('',(-15.999999999991,-1.53080849893419E-15,25.));
#824=DIRECTION('',(1.,0.,-2.83951665314758E-16));
#825=DIRECTION('',(-2.83951665314758E-16,6.12323399573677E-17,-1.));
#826=FACE_BOUND('',#827,.T.);
#827=EDGE_LOOP('',(#2695,#2696,#2697,#2698,#2699,#2700,#2701,#2702,#2703,#2704,#2705,
#2706));
#828=FACE_BOUND('',#829,.T.);
#829=EDGE_LOOP('',(#2707,#2708,#2709,#2710));
#830=FACE_BOUND('',#831,.T.);
#831=EDGE_LOOP('',(#2711,#2712,#2713,#2714));
#832=FACE_BOUND('',#833,.T.);
#833=EDGE_LOOP('',(#2715,#2716,#2717,#2718));
#834=FACE_BOUND('',#835,.T.);
#835=EDGE_LOOP('',(#2719,#2720,#2721,#2722));
#836=CYLINDRICAL_SURFACE('',#837,16.);
#837=AXIS2_PLACEMENT_3D('',#838,#839,#840);
#838=CARTESIAN_POINT('',(-3.06161699786838E-15,-1.53080849893419E-15,25.));
#839=DIRECTION('',(0.,1.,6.12323399573676E-17));
#840=DIRECTION('',(-1.83697019872103E-16,-6.12323399573676E-17,1.));
#841=FACE_BOUND('',#842,.T.);
#842=EDGE_LOOP('',(#2723,#2724,#2725,#2726));
#843=PLANE('',#844);
#844=AXIS2_PLACEMENT_3D('',#845,#846,#847);
#845=CARTESIAN_POINT('',(15.999999999991,-1.53080849893419E-15,25.));
#846=DIRECTION('',(1.,0.,1.61486985400023E-16));
#847=DIRECTION('',(1.61486985400023E-16,6.12323399573677E-17,-1.));
#848=FACE_OUTER_BOUND('',#849,.T.);
#849=EDGE_LOOP('',(#2727));
#850=FACE_OUTER_BOUND('',#851,.T.);
#851=EDGE_LOOP('',(#2728));
#852=CYLINDRICAL_SURFACE('',#853,2.8);
#853=AXIS2_PLACEMENT_3D('',#854,#855,#856);
#854=CARTESIAN_POINT('',(-8.49999999999999,2.5,25.));
#855=DIRECTION('',(-7.49879891330929E-33,-1.,-6.12323399573677E-17));
#856=DIRECTION('',(-1.,0.,1.22464679914735E-16));
#857=FACE_OUTER_BOUND('',#858,.T.);
#858=EDGE_LOOP('',(#2729));
#859=FACE_OUTER_BOUND('',#860,.T.);
#860=EDGE_LOOP('',(#2730));
#861=CYLINDRICAL_SURFACE('',#862,2.8);
#862=AXIS2_PLACEMENT_3D('',#863,#864,#865);
#863=CARTESIAN_POINT('',(8.5,2.5,25.));
#864=DIRECTION('',(0.,1.,6.12323399573677E-17));
#865=DIRECTION('',(1.,0.,0.));
#866=FACE_OUTER_BOUND('',#867,.T.);
#867=EDGE_LOOP('',(#2731));
#868=FACE_OUTER_BOUND('',#869,.T.);
#869=EDGE_LOOP('',(#2732));
#870=CYLINDRICAL_SURFACE('',#871,3.55);
#871=AXIS2_PLACEMENT_3D('',#872,#873,#874);
#872=CARTESIAN_POINT('',(-3.06161699786838E-15,-1.53080849893419E-15,25.));
#873=DIRECTION('',(0.,-1.,-6.12323399573676E-17));
#874=DIRECTION('',(3.06161699786838E-16,6.12323399573676E-17,-1.));
#875=FACE_BOUND('',#876,.T.);
#876=EDGE_LOOP('',(#2733,#2734,#2735,#2736));
#877=FACE_BOUND('',#878,.T.);
#878=EDGE_LOOP('',(#2737,#2738,#2739,#2740));
#879=PLANE('',#880);
#880=AXIS2_PLACEMENT_3D('',#881,#882,#883);
#881=CARTESIAN_POINT('',(0.,2.,1.22464679914735E-16));
#882=DIRECTION('',(0.,1.,6.12323399573677E-17));
#883=DIRECTION('',(-1.,7.49879891330929E-33,-1.22464679914735E-16));
#884=FACE_BOUND('',#885,.T.);
#885=EDGE_LOOP('',(#2741,#2742,#2743,#2744,#2745,#2746,#2747,#2748,#2749,#2750));
#886=PLANE('',#887);
#887=AXIS2_PLACEMENT_3D('',#888,#889,#890);
#888=CARTESIAN_POINT('',(0.,2.,1.22464679914735E-16));
#889=DIRECTION('',(0.,1.,6.12323399573677E-17));
#890=DIRECTION('',(-1.,7.49879891330929E-33,-1.22464679914735E-16));
#891=FACE_BOUND('',#892,.T.);
#892=EDGE_LOOP('',(#2751,#2752,#2753,#2754,#2755,#2756,#2757,#2758,#2759,#2760,#2761,
#2762));
#893=PLANE('',#894);
#894=AXIS2_PLACEMENT_3D('',#895,#896,#897);
#895=CARTESIAN_POINT('',(0.,2.,1.22464679914735E-16));
#896=DIRECTION('',(0.,1.,6.12323399573677E-17));
#897=DIRECTION('',(-1.,7.49879891330929E-33,-1.22464679914735E-16));
#898=FACE_BOUND('',#899,.T.);
#899=EDGE_LOOP('',(#2763,#2764,#2765,#2766,#2767,#2768,#2769,#2770));
#900=PLANE('',#901);
#901=AXIS2_PLACEMENT_3D('',#902,#903,#904);
#902=CARTESIAN_POINT('',(0.,2.,1.22464679914735E-16));
#903=DIRECTION('',(0.,1.,6.12323399573677E-17));
#904=DIRECTION('',(-1.,7.49879891330929E-33,-1.22464679914735E-16));
#905=FACE_BOUND('',#906,.T.);
#906=EDGE_LOOP('',(#2771,#2772,#2773,#2774,#2775,#2776,#2777,#2778));
#907=PLANE('',#908);
#908=AXIS2_PLACEMENT_3D('',#909,#910,#911);
#909=CARTESIAN_POINT('',(0.,2.,1.22464679914735E-16));
#910=DIRECTION('',(0.,1.,6.12323399573677E-17));
#911=DIRECTION('',(-1.,7.49879891330929E-33,-1.22464679914735E-16));
#912=FACE_BOUND('',#913,.T.);
#913=EDGE_LOOP('',(#2779,#2780,#2781,#2782,#2783,#2784,#2785,#2786));
#914=PLANE('',#915);
#915=AXIS2_PLACEMENT_3D('',#916,#917,#918);
#916=CARTESIAN_POINT('',(0.,2.,1.22464679914735E-16));
#917=DIRECTION('',(0.,1.,6.12323399573677E-17));
#918=DIRECTION('',(-1.,7.49879891330929E-33,-1.22464679914735E-16));
#919=FACE_BOUND('',#920,.T.);
#920=EDGE_LOOP('',(#2787,#2788,#2789,#2790,#2791,#2792));
#921=PLANE('',#922);
#922=AXIS2_PLACEMENT_3D('',#923,#924,#925);
#923=CARTESIAN_POINT('',(0.,2.,1.22464679914735E-16));
#924=DIRECTION('',(0.,1.,6.12323399573677E-17));
#925=DIRECTION('',(-1.,7.49879891330929E-33,-1.22464679914735E-16));
#926=FACE_BOUND('',#927,.T.);
#927=EDGE_LOOP('',(#2793,#2794,#2795,#2796,#2797,#2798,#2799,#2800,#2801,#2802));
#928=FACE_BOUND('',#929,.T.);
#929=EDGE_LOOP('',(#2803,#2804,#2805,#2806));
#930=PLANE('',#931);
#931=AXIS2_PLACEMENT_3D('',#932,#933,#934);
#932=CARTESIAN_POINT('',(0.,2.,1.22464679914735E-16));
#933=DIRECTION('',(0.,1.,6.12323399573677E-17));
#934=DIRECTION('',(-1.,7.49879891330929E-33,-1.22464679914735E-16));
#935=FACE_BOUND('',#936,.T.);
#936=EDGE_LOOP('',(#2807,#2808,#2809));
#937=PLANE('',#938);
#938=AXIS2_PLACEMENT_3D('',#939,#940,#941);
#939=CARTESIAN_POINT('',(15.999999999991,-3.,4.));
#940=DIRECTION('',(-0.707106781186551,0.,-0.707106781186544));
#941=DIRECTION('',(0.,1.,0.));
#942=FACE_BOUND('',#943,.T.);
#943=EDGE_LOOP('',(#2810,#2811,#2812,#2813,#2814,#2815,#2816,#2817,#2818,#2819,#2820,
#2821,#2822,#2823,#2824,#2825,#2826,#2827,#2828));
#944=FACE_BOUND('',#945,.T.);
#945=EDGE_LOOP('',(#2829));
#946=FACE_BOUND('',#947,.T.);
#947=EDGE_LOOP('',(#2830));
#948=FACE_BOUND('',#949,.T.);
#949=EDGE_LOOP('',(#2831));
#950=FACE_BOUND('',#951,.T.);
#951=EDGE_LOOP('',(#2832));
#952=PLANE('',#953);
#953=AXIS2_PLACEMENT_3D('',#954,#955,#956);
#954=CARTESIAN_POINT('',(15.999999999991,-1.83697019872103E-16,3.));
#955=DIRECTION('',(-1.48029736616688E-16,-1.48029736616688E-16,1.));
#956=DIRECTION('',(1.,-8.21730109605221E-33,1.48029736616688E-16));
#957=FACE_BOUND('',#958,.T.);
#958=EDGE_LOOP('',(#2833,#2834,#2835,#2836));
#959=PLANE('',#960);
#960=AXIS2_PLACEMENT_3D('',#961,#962,#963);
#961=CARTESIAN_POINT('',(26.999999999991,-36.,2.99999999999999));
#962=DIRECTION('',(-0.707106781186547,1.0223857870499E-16,-0.707106781186547));
#963=DIRECTION('',(1.29722998952264E-32,1.,1.44587184602346E-16));
#964=FACE_BOUND('',#965,.T.);
#965=EDGE_LOOP('',(#2837,#2838,#2839,#2840));
#966=PLANE('',#967);
#967=AXIS2_PLACEMENT_3D('',#968,#969,#970);
#968=CARTESIAN_POINT('',(0.,-32.,-1.95943487863576E-15));
#969=DIRECTION('',(0.,1.,6.12323399573677E-17));
#970=DIRECTION('',(-1.,7.49879891330929E-33,-1.22464679914735E-16));
#971=FACE_BOUND('',#972,.T.);
#972=EDGE_LOOP('',(#2841,#2842,#2843,#2844));
#973=SURFACE_OF_LINEAR_EXTRUSION('',#974,#975);
#974=B_SPLINE_CURVE_WITH_KNOTS('',3,
(#2845,#2846,#2847,#2848),
.UNSPECIFIED.,.F.,.F.,
(4,4),
(0.,1.),
.UNSPECIFIED.);
#975=VECTOR('',#976,4.);
#976=DIRECTION('',(-2.11176995206731E-17,6.12323399573677E-17,-1.));
#977=FACE_BOUND('',#978,.T.);
#978=EDGE_LOOP('',(#2849,#2850,#2851,#2852));
#979=SURFACE_OF_LINEAR_EXTRUSION('',#980,#981);
#980=B_SPLINE_CURVE_WITH_KNOTS('',3,
(#2853,#2854,#2855,#2856),
.UNSPECIFIED.,.F.,.F.,
(4,4),
(0.,1.),
.UNSPECIFIED.);
#981=VECTOR('',#982,4.);
#982=DIRECTION('',(-1.01346980394062E-16,6.12323399573677E-17,-1.));
#983=FACE_BOUND('',#984,.T.);
#984=EDGE_LOOP('',(#2857,#2858,#2859,#2860));
#985=PLANE('',#986);
#986=AXIS2_PLACEMENT_3D('',#987,#988,#989);
#987=CARTESIAN_POINT('',(-2.39961565225897E-31,-32.,-1.95943487863576E-15));
#988=DIRECTION('',(-7.49879891330929E-33,-1.,-6.12323399573677E-17));
#989=DIRECTION('',(1.,7.49879891330929E-33,-2.44929359829471E-16));
#990=FACE_OUTER_BOUND('',#991,.T.);
#991=EDGE_LOOP('',(#2861));
#992=FACE_OUTER_BOUND('',#993,.T.);
#993=EDGE_LOOP('',(#2862));
#994=CYLINDRICAL_SURFACE('',#995,2.55);
#995=AXIS2_PLACEMENT_3D('',#996,#997,#998);
#996=CARTESIAN_POINT('',(21.999999999991,-4.5,-3.18263933726012E-15));
#997=DIRECTION('',(-1.48029736616688E-16,-1.48029736616688E-16,1.));
#998=DIRECTION('',(6.12323399573677E-17,1.,1.48029736616688E-16));
#999=FACE_OUTER_BOUND('',#1000,.T.);
#1000=EDGE_LOOP('',(#2863));
#1001=FACE_OUTER_BOUND('',#1002,.T.);
#1002=EDGE_LOOP('',(#2864));
#1003=CYLINDRICAL_SURFACE('',#1004,2.55);
#1004=AXIS2_PLACEMENT_3D('',#1005,#1006,#1007);
#1005=CARTESIAN_POINT('',(21.999999999991,-24.5,-6.14323406959387E-15));
#1006=DIRECTION('',(-1.48029736616688E-16,-1.48029736616688E-16,1.));
#1007=DIRECTION('',(6.12323399573677E-17,1.,1.48029736616688E-16));
#1008=FACE_OUTER_BOUND('',#1009,.T.);
#1009=EDGE_LOOP('',(#2865));
#1010=FACE_OUTER_BOUND('',#1011,.T.);
#1011=EDGE_LOOP('',(#2866));
#1012=CYLINDRICAL_SURFACE('',#1013,2.55);
#1013=AXIS2_PLACEMENT_3D('',#1014,#1015,#1016);
#1014=CARTESIAN_POINT('',(-21.999999999991,-4.5,-4.88416379137049E-16));
#1015=DIRECTION('',(-2.70494416531423E-16,1.48029736616688E-16,-1.));
#1016=DIRECTION('',(-6.12323399573676E-17,1.,1.48029736616688E-16));
#1017=FACE_OUTER_BOUND('',#1018,.T.);
#1018=EDGE_LOOP('',(#2867));
#1019=FACE_OUTER_BOUND('',#1020,.T.);
#1020=EDGE_LOOP('',(#2868));
#1021=CYLINDRICAL_SURFACE('',#1022,2.55);
#1022=AXIS2_PLACEMENT_3D('',#1023,#1024,#1025);
#1023=CARTESIAN_POINT('',(-21.999999999991,-24.5,-3.4490111114708E-15));
#1024=DIRECTION('',(-2.70494416531423E-16,1.48029736616688E-16,-1.));
#1025=DIRECTION('',(-6.12323399573676E-17,1.,1.48029736616688E-16));
#1026=FACE_BOUND('',#1027,.T.);
#1027=EDGE_LOOP('',(#2869,#2870,#2871,#2872));
#1028=PLANE('',#1029);
#1029=AXIS2_PLACEMENT_3D('',#1030,#1031,#1032);
#1030=CARTESIAN_POINT('',(-26.999999999991,-36.,2.99999999999999));
#1031=DIRECTION('',(-0.707106781186547,-1.0223857870499E-16,0.707106781186548));
#1032=DIRECTION('',(4.73452338687263E-33,1.,1.44587184602346E-16));
#1033=FACE_BOUND('',#1034,.T.);
#1034=EDGE_LOOP('',(#2873,#2874,#2875));
#1035=PLANE('',#1036);
#1036=AXIS2_PLACEMENT_3D('',#1037,#1038,#1039);
#1037=CARTESIAN_POINT('',(-15.999999999991,-3.,4.00000000000001));
#1038=DIRECTION('',(-0.707106781186551,0.,0.707106781186544));
#1039=DIRECTION('',(0.,1.,0.));
#1040=FACE_BOUND('',#1041,.T.);
#1041=EDGE_LOOP('',(#2876,#2877,#2878,#2879,#2880));
#1042=PLANE('',#1043);
#1043=AXIS2_PLACEMENT_3D('',#1044,#1045,#1046);
#1044=CARTESIAN_POINT('',(-15.999999999991,1.,-1.00000000000001));
#1045=DIRECTION('',(0.707106781186547,0.707106781186548,-1.28464737855117E-16));
#1046=DIRECTION('',(2.40888469208085E-16,-5.9211894646675E-17,1.));
#1047=FACE_BOUND('',#1048,.T.);
#1048=EDGE_LOOP('',(#2881,#2882,#2883,#2884,#2885,#2886));
#1049=B_SPLINE_SURFACE_WITH_KNOTS('',3,1,(
(#1050,#1051),
(#1052,#1053),
(#1054,#1055),
(#1056,#1057),
(#1058,#1059),
(#1060,#1061),
(#1062,#1063),
(#1064,#1065),
(#1066,#1067),
(#1068,#1069),
(#1070,#1071),
(#1072,#1073),
(#1074,#1075),
(#1076,#1077),
(#1078,#1079),
(#1080,#1081),
(#1082,#1083),
(#1084,#1085),
(#1086,#1087),
(#1088,#1089),
(#1090,#1091),
(#1092,#1093),
(#1094,#1095),
(#1096,#1097),
(#1098,#1099),
(#1100,#1101),
(#1102,#1103),
(#1104,#1105),
(#1106,#1107),
(#1108,#1109),
(#1110,#1111),
(#1112,#1113),
(#1114,#1115),
(#1116,#1117),
(#1118,#1119),
(#1120,#1121),
(#1122,#1123),
(#1124,#1125),
(#1126,#1127),
(#1128,#1129),
(#1130,#1131),
(#1132,#1133),
(#1134,#1135),
(#1136,#1137),
(#1138,#1139),
(#1140,#1141),
(#1142,#1143),
(#1144,#1145),
(#1146,#1147),
(#1148,#1149),
(#1150,#1151),
(#1152,#1153),
(#1154,#1155),
(#1156,#1157),
(#1158,#1159),
(#1160,#1161),
(#1162,#1163),
(#1164,#1165),
(#1166,#1167),
(#1168,#1169),
(#1170,#1171),
(#1172,#1173)),
.UNSPECIFIED.,.F.,.F.,.F.,
(4,1,1,1,1,1,1,1,1,1,1,1,1,1,1,1,1,1,1,1,1,1,1,1,1,1,1,1,1,1,1,1,1,1,1,1,1,1,1,1,
1,1,1,1,1,1,1,1,1,1,1,1,1,1,1,1,1,1,1,4),
(2,2),
(1.26472413752543,1.73561368462339,1.97675947666761,2.21189564970605,2.42827798492511,
2.64828835036267,2.86887473868468,3.10174739203972,3.32401173062619,3.56363020432004,
3.81788459676255,4.05753909273371,4.27307628239044,4.48316835447547,4.72215663210574,
5.00451491937097,5.35599703629565,5.7907357218444,6.30040657937699,6.83114274619775,
7.33946097806432,7.82219073731998,8.28866899135502,8.73371132169271,9.16966432667527,
9.5988351461567,10.0238132868968,10.4060561697609,10.7757430660393,11.151774323096,
11.54781549962,11.9109544532758,12.2385241401305,12.5695817211385,12.9301988449294,
13.2633969742672,13.5396705005077,13.7792798973421,14.0787308383624,14.4223855304547,
14.7684104120314,15.0419457482123,15.2586293321114,15.4565561004873,15.6832593738503,
15.9379006352777,16.1962350961711,16.4231814003263,16.6225266129822,16.8105171747111,
17.0157520986356,17.2436933973383,17.5000773831199,17.7802985324006,18.0932333966132,
18.4363411783774,18.7990063522838,19.1483155348319,19.4667604499441,19.9574542391251),
(0.,1.),
.UNSPECIFIED.);
#1050=CARTESIAN_POINT('',(14.7283038794362,-31.9239954894821,18.5101706281925));
#1051=CARTESIAN_POINT('',(13.084637066411,-33.1466124285401,18.5611991512337));
#1052=CARTESIAN_POINT('',(14.6460426378725,-31.8195215637807,18.3676899783103));
#1053=CARTESIAN_POINT('',(13.0026176026882,-33.0421698170678,18.4189927207724));
#1054=CARTESIAN_POINT('',(14.5221206418148,-31.6611973752876,18.153050784963));
#1055=CARTESIAN_POINT('',(12.8777687956447,-32.8837798405902,18.2033326985902));
#1056=CARTESIAN_POINT('',(14.3557401470103,-31.4519081592589,17.8648713145729));
#1057=CARTESIAN_POINT('',(12.7143584799647,-32.6744119584489,17.918262796061));
#1058=CARTESIAN_POINT('',(14.2341836376125,-31.2992528455041,17.6543292643051));
#1059=CARTESIAN_POINT('',(12.5944842578397,-32.5206305273339,17.7088770779527));
#1060=CARTESIAN_POINT('',(14.1189664159086,-31.146861665772,17.4547671824069));
#1061=CARTESIAN_POINT('',(12.4744242498881,-32.3717118332617,17.5061153217136));
#1062=CARTESIAN_POINT('',(14.0044716131081,-31.0050573744545,17.2564563667538));
#1063=CARTESIAN_POINT('',(12.358087081514,-32.2209601423824,17.3008489717133));
#1064=CARTESIAN_POINT('',(13.8876373237582,-30.8604282816491,17.0540934415334));
#1065=CARTESIAN_POINT('',(12.2368473393705,-32.0649000551214,17.0883957839568));
#1066=CARTESIAN_POINT('',(13.7762928805233,-30.7046243558999,16.8612392087099));
#1067=CARTESIAN_POINT('',(12.1067909203949,-31.9098225029854,16.8771206410644));
#1068=CARTESIAN_POINT('',(13.663034549456,-30.5401785661642,16.6650700249209));
#1069=CARTESIAN_POINT('',(11.970858721852,-31.7541013664858,16.6720505868008));
#1070=CARTESIAN_POINT('',(13.545855673361,-30.3718467834148,16.4621102579503));
#1071=CARTESIAN_POINT('',(11.8310643666511,-31.5916110673686,16.4640279341058));
#1072=CARTESIAN_POINT('',(13.4272051870385,-30.196852754799,16.2566015872969));
#1073=CARTESIAN_POINT('',(11.6882875192654,-31.421380096646,16.252979534057));
#1074=CARTESIAN_POINT('',(13.3151294468818,-30.023236819331,16.0624807110496));
#1075=CARTESIAN_POINT('',(11.552701634149,-31.2478101217232,16.0447075639998));
#1076=CARTESIAN_POINT('',(13.2119719792329,-29.8569747479823,15.8838067359014));
#1077=CARTESIAN_POINT('',(11.4247935485638,-31.0806772301338,15.8503534939903));
#1078=CARTESIAN_POINT('',(13.1103878989452,-29.6881997819334,15.7078579476028));
#1079=CARTESIAN_POINT('',(11.296019016636,-30.9109210100846,15.6586591463768));
#1080=CARTESIAN_POINT('',(13.0004042362356,-29.4992090418279,15.5173606557872));
#1081=CARTESIAN_POINT('',(11.1539163898496,-30.720362197871,15.450083778623));
#1082=CARTESIAN_POINT('',(12.8716458236036,-29.2692768605943,15.2943445432065));
#1083=CARTESIAN_POINT('',(10.9846387186035,-30.4877837216639,15.2046644512151));
#1084=CARTESIAN_POINT('',(12.7177353036998,-28.981220824675,15.0277637029136));
#1085=CARTESIAN_POINT('',(10.7792198380181,-30.195026750313,14.9093354296697));
#1086=CARTESIAN_POINT('',(12.5367616215891,-28.6222559904062,14.7143080906649));
#1087=CARTESIAN_POINT('',(10.5369096642728,-29.8272681447261,14.5588150526935));
#1088=CARTESIAN_POINT('',(12.3380028412085,-28.1991675937761,14.3700477845951));
#1089=CARTESIAN_POINT('',(10.2639807343633,-29.3921705528617,14.1719748525396));
#1090=CARTESIAN_POINT('',(12.1384129022153,-27.7398290816518,14.0243478695791));
#1091=CARTESIAN_POINT('',(9.98368988556387,-28.9164234654414,13.7807969542085));
#1092=CARTESIAN_POINT('',(11.9519061241667,-27.276064234919,13.7013086540427));
#1093=CARTESIAN_POINT('',(9.71915333258374,-28.4307288093221,13.4119703210845));
#1094=CARTESIAN_POINT('',(11.7823424320929,-26.8183488620833,13.4076157242517));
#1095=CARTESIAN_POINT('',(9.47203096245962,-27.9485172247512,13.0729638936321));
#1096=CARTESIAN_POINT('',(11.6279131491902,-26.3692746604499,13.1401363600877));
#1097=CARTESIAN_POINT('',(9.2431280521497,-27.4728763514358,12.7626820286537));
#1098=CARTESIAN_POINT('',(11.4852576106417,-25.926708111884,12.8930497193404));
#1099=CARTESIAN_POINT('',(9.03170986817026,-27.0013951151214,12.4765383200695));
#1100=CARTESIAN_POINT('',(11.3530351633911,-25.4887284586384,12.6640337228013));
#1101=CARTESIAN_POINT('',(8.83637903887085,-26.5323585421792,12.2110378023427));
#1102=CARTESIAN_POINT('',(11.229783141398,-25.0484538474308,12.4505549585734));
#1103=CARTESIAN_POINT('',(8.65161589931423,-26.0598676937144,11.9611923723255));
#1104=CARTESIAN_POINT('',(11.1168603931331,-24.6195969758514,12.2549670212482));
#1105=CARTESIAN_POINT('',(8.48337226456839,-25.599155364628,11.7332319641101));
#1106=CARTESIAN_POINT('',(11.0124671837041,-24.2064171333762,12.0741526785519));
#1107=CARTESIAN_POINT('',(8.33178755964043,-25.1555060029088,11.5266958536437));
#1108=CARTESIAN_POINT('',(10.9165295577941,-23.8053683660088,11.9079838361181));
#1109=CARTESIAN_POINT('',(8.19477494449603,-24.725649764276,11.3372462333618));
#1110=CARTESIAN_POINT('',(10.8238701096625,-23.393876896809,11.7474929641528));
#1111=CARTESIAN_POINT('',(8.06374731126102,-24.2859538227603,11.1532686863926));
#1112=CARTESIAN_POINT('',(10.7345600946208,-22.9799774748504,11.5928034804757));
#1113=CARTESIAN_POINT('',(7.94080387003101,-23.8456897368576,10.9781175725455));
#1114=CARTESIAN_POINT('',(10.6503009380322,-22.5798953679449,11.4468623402613));
#1115=CARTESIAN_POINT('',(7.82931367373431,-23.4225868880651,10.8172071866674));
#1116=CARTESIAN_POINT('',(10.5715487164057,-22.2007772693264,11.3104594911952));
#1117=CARTESIAN_POINT('',(7.72961837455717,-23.0244320086325,10.6711850515268));
#1118=CARTESIAN_POINT('',(10.4963859524955,-21.8185343180478,11.1802737652654));
#1119=CARTESIAN_POINT('',(7.63655532462694,-22.6267048656222,10.5296295642888));
#1120=CARTESIAN_POINT('',(10.4218652150928,-21.4308634208556,11.0512000618664));
#1121=CARTESIAN_POINT('',(7.54829716517185,-22.2269786498378,10.3909935488407));
#1122=CARTESIAN_POINT('',(10.3510123565046,-21.0612392914273,10.92847931093));
#1123=CARTESIAN_POINT('',(7.46901687532995,-21.8494313368339,10.2624878896913));
#1124=CARTESIAN_POINT('',(10.2874889144276,-20.7361503276123,10.8184534817809));
#1125=CARTESIAN_POINT('',(7.40219031404555,-21.5200990863133,10.1515110282655));
#1126=CARTESIAN_POINT('',(10.2246586181667,-20.4228894545429,10.7096282164024));
#1127=CARTESIAN_POINT('',(7.33969008833877,-21.2051327229561,10.0457470151859));
#1128=CARTESIAN_POINT('',(10.1583066255558,-20.0806624582403,10.5947031940168));
#1129=CARTESIAN_POINT('',(7.27538049853842,-20.8661048185474,9.9317752973279));
#1130=CARTESIAN_POINT('',(10.0831528910008,-19.6947593820379,10.4645331073889));
#1131=CARTESIAN_POINT('',(7.20694364545197,-20.4890816632287,9.80390206358801));
#1132=CARTESIAN_POINT('',(10.0071637530832,-19.3176881201805,10.3329160596923));
#1133=CARTESIAN_POINT('',(7.14368636320282,-20.125396417048,9.67815370862518));
#1134=CARTESIAN_POINT('',(9.93761218659446,-18.9900099057626,10.2124492127876));
#1135=CARTESIAN_POINT('',(7.09103000817626,-19.812778387849,9.5671597890109));
#1136=CARTESIAN_POINT('',(9.87627836231422,-18.7214813127001,10.1062159129117));
#1137=CARTESIAN_POINT('',(7.04883997060797,-19.5576938820339,9.4741257439664));
#1138=CARTESIAN_POINT('',(9.81787333247754,-18.4701544964217,10.0050554338169));
#1139=CARTESIAN_POINT('',(7.01065200804821,-19.3220857903563,9.38586960685921));
#1140=CARTESIAN_POINT('',(9.75503626608204,-18.2027011592343,9.89621844222128));
#1141=CARTESIAN_POINT('',(6.97156143888968,-19.075081409737,9.29042983662668));
#1142=CARTESIAN_POINT('',(9.68388574023841,-17.9116449268597,9.77298211647481));
#1143=CARTESIAN_POINT('',(6.93055406405398,-18.8094225021515,9.18360237495627));
#1144=CARTESIAN_POINT('',(9.60868487110121,-17.622026888637,9.64273039035577));
#1145=CARTESIAN_POINT('',(6.89116822096248,-18.5474890236357,9.07307180689686));
#1146=CARTESIAN_POINT('',(9.53412719359432,-17.3573098229788,9.51359270481942));
#1147=CARTESIAN_POINT('',(6.85603649846997,-18.308715211537,8.96704434714322));
#1148=CARTESIAN_POINT('',(9.46313044531366,-17.1221312036087,9.39062272962506));
#1149=CARTESIAN_POINT('',(6.82566053003464,-18.097514008972,8.86856436112484));
#1150=CARTESIAN_POINT('',(9.39251693991769,-16.8951948050212,9.26831655057864));
#1151=CARTESIAN_POINT('',(6.79752274635205,-17.8967401429364,8.77038720838847));
#1152=CARTESIAN_POINT('',(9.31501450890733,-16.6598072621846,9.13407840235852));
#1153=CARTESIAN_POINT('',(6.76893036403104,-17.689613868031,8.66378075351263));
#1154=CARTESIAN_POINT('',(9.22353336735098,-16.4050303431512,8.97562841724843));
#1155=CARTESIAN_POINT('',(6.73759169583129,-17.4641189095952,8.5405551297735));
#1156=CARTESIAN_POINT('',(9.11583875679803,-16.1272922343324,8.78909588006927));
#1157=CARTESIAN_POINT('',(6.70461654284713,-17.2197233592388,8.3971302426073));
#1158=CARTESIAN_POINT('',(8.98862226528787,-15.8279088900272,8.56875045321288));
#1159=CARTESIAN_POINT('',(6.66825816085436,-16.9561669460445,8.22885437584131));
#1160=CARTESIAN_POINT('',(8.83769243127301,-15.514312837945,8.30733231232106));
#1161=CARTESIAN_POINT('',(6.62750130368068,-16.6762329796437,8.03143173770077));
#1162=CARTESIAN_POINT('',(8.66199662564219,-15.1932830877953,8.00301825029155));
#1163=CARTESIAN_POINT('',(6.58031010264244,-16.3861095178986,7.8012745792625));
#1164=CARTESIAN_POINT('',(8.46668399168711,-14.8883329802552,7.66472684492107));
#1165=CARTESIAN_POINT('',(6.52612671388783,-16.103205216782,7.54421854158335));
#1166=CARTESIAN_POINT('',(8.26508119345973,-14.6225640935558,7.31554055544297));
#1167=CARTESIAN_POINT('',(6.46238848263597,-15.8472146681317,7.27481141939203));
#1168=CARTESIAN_POINT('',(8.02935436461346,-14.357752964987,6.90724971117391));
#1169=CARTESIAN_POINT('',(6.37714071154342,-15.5832618259391,6.95341224957345));
#1170=CARTESIAN_POINT('',(7.8575069063205,-14.2030229873149,6.60960118225875));
#1171=CARTESIAN_POINT('',(6.30434939103309,-15.4196307633012,6.71289796958007));
#1172=CARTESIAN_POINT('',(7.75270939916667,-14.1195804540119,6.42808657536167));
#1173=CARTESIAN_POINT('',(6.25458754871963,-15.32933019451,6.56313302387255));
#1174=FACE_BOUND('',#1175,.T.);
#1175=EDGE_LOOP('',(#2887,#2888,#2889,#2890));
#1176=PLANE('',#1177);
#1177=AXIS2_PLACEMENT_3D('',#1178,#1179,#1180);
#1178=CARTESIAN_POINT('',(13.8564064606266,0.999999999999999,16.9999999998251));
#1179=DIRECTION('',(-0.866025403784563,-5.38289951333177E-17,0.499999999999784));
#1180=DIRECTION('',(-0.499999999999784,4.56288257577356E-17,-0.866025403784563));
#1181=FACE_BOUND('',#1182,.T.);
#1182=EDGE_LOOP('',(#2891,#2892,#2893,#2894,#2895));
#1183=PLANE('',#1184);
#1184=AXIS2_PLACEMENT_3D('',#1185,#1186,#1187);
#1185=CARTESIAN_POINT('',(15.999999999991,1.,-1.00000000000001));
#1186=DIRECTION('',(0.707106781186547,-0.707106781186548,4.18691322315673E-17));
#1187=DIRECTION('',(-1.1842378929335E-16,-5.9211894646675E-17,1.));
#1188=FACE_BOUND('',#1189,.T.);
#1189=EDGE_LOOP('',(#2896,#2897,#2898,#2899));
#1190=PLANE('',#1191);
#1191=AXIS2_PLACEMENT_3D('',#1192,#1193,#1194);
#1192=CARTESIAN_POINT('',(-13.8564064606266,0.999999999999999,16.9999999998251));
#1193=DIRECTION('',(-0.866025403784563,5.38289951333177E-17,-0.499999999999784));
#1194=DIRECTION('',(0.499999999999784,4.56288257577356E-17,-0.866025403784563));
#1195=FACE_BOUND('',#1196,.T.);
#1196=EDGE_LOOP('',(#2900,#2901,#2902,#2903,#2904,#2905));
#1197=B_SPLINE_SURFACE_WITH_KNOTS('',3,1,(
(#1198,#1199),
(#1200,#1201),
(#1202,#1203),
(#1204,#1205),
(#1206,#1207),
(#1208,#1209),
(#1210,#1211),
(#1212,#1213),
(#1214,#1215),
(#1216,#1217),
(#1218,#1219),
(#1220,#1221),
(#1222,#1223),
(#1224,#1225),
(#1226,#1227),
(#1228,#1229),
(#1230,#1231),
(#1232,#1233),
(#1234,#1235),
(#1236,#1237),
(#1238,#1239),
(#1240,#1241),
(#1242,#1243),
(#1244,#1245),
(#1246,#1247),
(#1248,#1249),
(#1250,#1251),
(#1252,#1253),
(#1254,#1255),
(#1256,#1257),
(#1258,#1259),
(#1260,#1261),
(#1262,#1263),
(#1264,#1265),
(#1266,#1267),
(#1268,#1269),
(#1270,#1271),
(#1272,#1273),
(#1274,#1275),
(#1276,#1277),
(#1278,#1279),
(#1280,#1281),
(#1282,#1283),
(#1284,#1285),
(#1286,#1287),
(#1288,#1289),
(#1290,#1291),
(#1292,#1293),
(#1294,#1295),
(#1296,#1297),
(#1298,#1299),
(#1300,#1301),
(#1302,#1303),
(#1304,#1305),
(#1306,#1307),
(#1308,#1309),
(#1310,#1311),
(#1312,#1313),
(#1314,#1315),
(#1316,#1317),
(#1318,#1319),
(#1320,#1321)),
.UNSPECIFIED.,.F.,.F.,.F.,
(4,1,1,1,1,1,1,1,1,1,1,1,1,1,1,1,1,1,1,1,1,1,1,1,1,1,1,1,1,1,1,1,1,1,1,1,1,1,1,1,
1,1,1,1,1,1,1,1,1,1,1,1,1,1,1,1,1,1,1,4),
(2,2),
(1.26472413752543,1.7356136846233,1.97675947666752,2.21189564970594,2.42827798492496,
2.64828835036252,2.86887473868464,3.10174739203987,3.32401173062668,3.56363020432086,
3.81788459676317,4.05753909273385,4.27307628238997,4.48316835447481,4.72215663210506,
5.00451491937054,5.35599703629423,5.79073572183246,6.30040657934482,6.83114274613853,
7.33946097798731,7.82219073723454,8.28866899126888,8.7337113216064,9.16966432658899,
9.59883514607092,10.0238132868112,10.4060561696756,10.7757430659536,11.1517743230092,
11.5478154995316,11.910954453186,12.2385241400403,12.5695817210481,12.9301988448677,
13.2633969742342,13.539670500504,13.779279897339,14.0787308383601,14.4223855304535,
14.768410412032,15.0419457482148,15.2586293321159,15.4565561004921,15.6832593738524,
15.9379006352737,16.1962350961591,16.4231814003088,16.6225266129624,16.8105171746923,
17.015752098619,17.2436933973233,17.5000773831051,17.7802985323851,18.0932333966013,
18.4363411783701,18.7990063522775,19.1483155348137,19.4667604499071,19.9574542391251),
(0.,1.),
.UNSPECIFIED.);
#1198=CARTESIAN_POINT('',(-14.7283038794362,-31.9239954894821,18.5101706281925));
#1199=CARTESIAN_POINT('',(-13.084637066411,-33.1466124285401,18.5611991512337));
#1200=CARTESIAN_POINT('',(-14.6460426378725,-31.8195215637807,18.3676899783104));
#1201=CARTESIAN_POINT('',(-13.0026176026882,-33.0421698170678,18.4189927207725));
#1202=CARTESIAN_POINT('',(-14.5221206418148,-31.6611973752876,18.153050784963));
#1203=CARTESIAN_POINT('',(-12.8777687956448,-32.8837798405902,18.2033326985902));
#1204=CARTESIAN_POINT('',(-14.3557401470103,-31.4519081592589,17.864871314573));
#1205=CARTESIAN_POINT('',(-12.7143584799648,-32.674411958449,17.9182627960611));
#1206=CARTESIAN_POINT('',(-14.2341836376125,-31.2992528455042,17.6543292643052));
#1207=CARTESIAN_POINT('',(-12.5944842578398,-32.520630527334,17.7088770779528));
#1208=CARTESIAN_POINT('',(-14.1189664159087,-31.1468616657721,17.454767182407));
#1209=CARTESIAN_POINT('',(-12.4744242498882,-32.3717118332617,17.5061153217137));
#1210=CARTESIAN_POINT('',(-14.0044716131082,-31.0050573744546,17.2564563667539));
#1211=CARTESIAN_POINT('',(-12.358087081514,-32.2209601423825,17.3008489717134));
#1212=CARTESIAN_POINT('',(-13.8876373237582,-30.8604282816491,17.0540934415334));
#1213=CARTESIAN_POINT('',(-12.2368473393705,-32.0649000551214,17.0883957839568));
#1214=CARTESIAN_POINT('',(-13.7762928805232,-30.7046243558998,16.8612392087098));
#1215=CARTESIAN_POINT('',(-12.1067909203948,-31.9098225029853,16.8771206410642));
#1216=CARTESIAN_POINT('',(-13.6630345494558,-30.5401785661638,16.6650700249204));
#1217=CARTESIAN_POINT('',(-11.9708587218517,-31.7541013664855,16.6720505868004));
#1218=CARTESIAN_POINT('',(-13.5458556733607,-30.3718467834144,16.4621102579498));
#1219=CARTESIAN_POINT('',(-11.8310643666507,-31.5916110673682,16.4640279341052));
#1220=CARTESIAN_POINT('',(-13.4272051870382,-30.1968527547986,16.2566015872965));
#1221=CARTESIAN_POINT('',(-11.6882875192651,-31.4213800966457,16.2529795340565));
#1222=CARTESIAN_POINT('',(-13.3151294468818,-30.023236819331,16.0624807110495));
#1223=CARTESIAN_POINT('',(-11.552701634149,-31.2478101217231,16.0447075639997));
#1224=CARTESIAN_POINT('',(-13.211971979233,-29.8569747479825,15.8838067359016));
#1225=CARTESIAN_POINT('',(-11.424793548564,-31.080677230134,15.8503534939906));
#1226=CARTESIAN_POINT('',(-13.1103878989455,-29.6881997819338,15.7078579476033));
#1227=CARTESIAN_POINT('',(-11.2960190166363,-30.9109210100851,15.6586591463774));
#1228=CARTESIAN_POINT('',(-13.0004042362359,-29.4992090418283,15.5173606557877));
#1229=CARTESIAN_POINT('',(-11.1539163898499,-30.7203621978714,15.4500837786235));
#1230=CARTESIAN_POINT('',(-12.871645823604,-29.269276860595,15.2943445432072));
#1231=CARTESIAN_POINT('',(-10.984638718604,-30.4877837216646,15.2046644512158));
#1232=CARTESIAN_POINT('',(-12.7177353037018,-28.9812208246787,15.0277637029171));
#1233=CARTESIAN_POINT('',(-10.7792198380207,-30.1950267503168,14.9093354296735));
#1234=CARTESIAN_POINT('',(-12.5367616215954,-28.6222559904189,14.7143080906758));
#1235=CARTESIAN_POINT('',(-10.5369096642813,-29.8272681447391,14.5588150527057));
#1236=CARTESIAN_POINT('',(-12.3380028412223,-28.199167593806,14.3700477846189));
#1237=CARTESIAN_POINT('',(-10.2639807343823,-29.3921705528926,14.1719748525664));
#1238=CARTESIAN_POINT('',(-12.1384129022367,-27.7398290817023,14.0243478696161));
#1239=CARTESIAN_POINT('',(-9.98368988559398,-28.9164234654939,13.7807969542504));
#1240=CARTESIAN_POINT('',(-11.9519061241932,-27.2760642349874,13.7013086540887));
#1241=CARTESIAN_POINT('',(-9.71915333262175,-28.430728809394,13.4119703211373));
#1242=CARTESIAN_POINT('',(-11.7823424321211,-26.8183488621624,13.4076157243006));
#1243=CARTESIAN_POINT('',(-9.47203096250123,-27.9485172248347,13.0729638936887));
#1244=CARTESIAN_POINT('',(-11.6279131492181,-26.3692746605339,13.140136360136));
#1245=CARTESIAN_POINT('',(-9.24312805219125,-27.472876351525,12.7626820287098));
#1246=CARTESIAN_POINT('',(-11.4852576106685,-25.9267081119696,12.8930497193869));
#1247=CARTESIAN_POINT('',(-9.03170986820967,-27.0013951152129,12.4765383201231));
#1248=CARTESIAN_POINT('',(-11.3530351634164,-25.4887284587257,12.6640337228451));
#1249=CARTESIAN_POINT('',(-8.83637903890869,-26.5323585422729,12.2110378023939));
#1250=CARTESIAN_POINT('',(-11.229783141422,-25.0484538475195,12.4505549586151));
#1251=CARTESIAN_POINT('',(-8.65161589935022,-26.0598676938096,11.9611923723742));
#1252=CARTESIAN_POINT('',(-11.1168603931561,-24.6195969759411,12.254967021288));
#1253=CARTESIAN_POINT('',(-8.48337226460244,-25.5991553647243,11.7332319641563));
#1254=CARTESIAN_POINT('',(-11.0124671837266,-24.2064171334667,12.0741526785909));
#1255=CARTESIAN_POINT('',(-8.33178755967253,-25.1555060030059,11.5266958536877));
#1256=CARTESIAN_POINT('',(-10.9165295578154,-23.8053683661011,11.907983836155));
#1257=CARTESIAN_POINT('',(-8.19477494452646,-24.7256497643748,11.3372462334043));
#1258=CARTESIAN_POINT('',(-10.8238701096833,-23.3938768969036,11.7474929641889));
#1259=CARTESIAN_POINT('',(-8.06374731129011,-24.2859538228612,11.1532686864338));
#1260=CARTESIAN_POINT('',(-10.7345600946413,-22.9799774749476,11.5928034805113));
#1261=CARTESIAN_POINT('',(-7.9408038700589,-23.8456897369606,10.9781175725856));
#1262=CARTESIAN_POINT('',(-10.6503009380532,-22.579895368044,11.4468623402977));
#1263=CARTESIAN_POINT('',(-7.82931367376133,-23.4225868881697,10.8172071867064));
#1264=CARTESIAN_POINT('',(-10.571548716426,-22.2007772694273,11.3104594912303));
#1265=CARTESIAN_POINT('',(-7.72961837458266,-23.024432008738,10.6711850515649));
#1266=CARTESIAN_POINT('',(-10.4963859525131,-21.8185343181391,11.180273765296));
#1267=CARTESIAN_POINT('',(-7.63655532464831,-22.6267048657168,10.529629564322));
#1268=CARTESIAN_POINT('',(-10.4218652151063,-21.430863420926,11.0512000618897));
#1269=CARTESIAN_POINT('',(-7.54829716518724,-22.22697864991,10.3909935488654));
#1270=CARTESIAN_POINT('',(-10.3510123565119,-21.061239291465,10.9284793109426));
#1271=CARTESIAN_POINT('',(-7.46901687533776,-21.8494313368721,10.2624878897042));
#1272=CARTESIAN_POINT('',(-10.2874889144306,-20.7361503276277,10.8184534817862));
#1273=CARTESIAN_POINT('',(-7.40219031404863,-21.5200990863287,10.1515110282707));
#1274=CARTESIAN_POINT('',(-10.2246586181674,-20.4228894545464,10.7096282164036));
#1275=CARTESIAN_POINT('',(-7.33969008833945,-21.2051327229596,10.0457470151871));
#1276=CARTESIAN_POINT('',(-10.1583066255563,-20.0806624582428,10.5947031940176));
#1277=CARTESIAN_POINT('',(-7.27538049853889,-20.8661048185499,9.93177529732875));
#1278=CARTESIAN_POINT('',(-10.083152891001,-19.6947593820391,10.4645331073893));
#1279=CARTESIAN_POINT('',(-7.20694364545216,-20.4890816632298,9.8039020635884));
#1280=CARTESIAN_POINT('',(-10.0071637530831,-19.3176881201798,10.332916059692));
#1281=CARTESIAN_POINT('',(-7.14368636320269,-20.1253964170472,9.67815370862493));
#1282=CARTESIAN_POINT('',(-9.93761218659381,-18.9900099057596,10.2124492127865));
#1283=CARTESIAN_POINT('',(-7.09103000817578,-19.8127783878462,9.56715978900988));
#1284=CARTESIAN_POINT('',(-9.87627836231314,-18.7214813126955,10.1062159129098));
#1285=CARTESIAN_POINT('',(-7.04883997060725,-19.5576938820296,9.47412574396478));
#1286=CARTESIAN_POINT('',(-9.8178733324765,-18.4701544964173,10.0050554338151));
#1287=CARTESIAN_POINT('',(-7.01065200804754,-19.3220857903522,9.38586960685763));
#1288=CARTESIAN_POINT('',(-9.75503626608176,-18.2027011592332,9.89621844222079));
#1289=CARTESIAN_POINT('',(-6.97156143888954,-19.0750814097361,9.29042983662627));
#1290=CARTESIAN_POINT('',(-9.68388574023975,-17.9116449268651,9.77298211647714));
#1291=CARTESIAN_POINT('',(-6.93055406405476,-18.8094225021565,9.18360237495827));
#1292=CARTESIAN_POINT('',(-9.60868487110464,-17.6220268886501,9.6427303903617));
#1293=CARTESIAN_POINT('',(-6.89116822096423,-18.5474890236475,9.0730718069019));
#1294=CARTESIAN_POINT('',(-9.53412719359987,-17.3573098229976,9.51359270482903));
#1295=CARTESIAN_POINT('',(-6.85603649847247,-18.308715211554,8.96704434715094));
#1296=CARTESIAN_POINT('',(-9.46313044532021,-17.1221312036302,9.39062272963641));
#1297=CARTESIAN_POINT('',(-6.82566053003735,-18.0975140089912,8.86856436113397));
#1298=CARTESIAN_POINT('',(-9.39251693992444,-16.8951948050423,9.26831655059032));
#1299=CARTESIAN_POINT('',(-6.79752274635463,-17.896740142955,8.7703872083978));
#1300=CARTESIAN_POINT('',(-9.31501450891383,-16.6598072622035,9.13407840236977));
#1301=CARTESIAN_POINT('',(-6.76893036403334,-17.6896138680477,8.66378075352149));
#1302=CARTESIAN_POINT('',(-9.22353336735739,-16.4050303431681,8.97562841725953));
#1303=CARTESIAN_POINT('',(-6.73759169583337,-17.4641189096103,8.54055512978203));
#1304=CARTESIAN_POINT('',(-9.1158387568046,-16.1272922343488,8.78909588008064));
#1305=CARTESIAN_POINT('',(-6.70461654284902,-17.2197233592531,8.39713024261606));
#1306=CARTESIAN_POINT('',(-8.98862226529446,-15.8279088900415,8.5687504532243));
#1307=CARTESIAN_POINT('',(-6.66825816085625,-16.9561669460573,8.22885437584996));
#1308=CARTESIAN_POINT('',(-8.83769243127887,-15.5143128379564,8.30733231233121));
#1309=CARTESIAN_POINT('',(-6.62750130368215,-16.6762329796539,8.03143173770844));
#1310=CARTESIAN_POINT('',(-8.6619966256468,-15.1932830878029,8.00301825029954));
#1311=CARTESIAN_POINT('',(-6.58031010264372,-16.3861095179056,7.80127457926855));
#1312=CARTESIAN_POINT('',(-8.46668399169312,-14.8883329802641,7.66472684493147));
#1313=CARTESIAN_POINT('',(-6.52612671388958,-16.1032052167903,7.54421854159129));
#1314=CARTESIAN_POINT('',(-8.26508119347193,-14.6225640935713,7.3155405554641));
#1315=CARTESIAN_POINT('',(-6.46238848263987,-15.8472146681467,7.27481141940839));
#1316=CARTESIAN_POINT('',(-8.02935436462506,-14.3577529649981,6.90724971119401));
#1317=CARTESIAN_POINT('',(-6.37714071154818,-15.5832618259507,6.95341224958956));
#1318=CARTESIAN_POINT('',(-7.85750690632842,-14.2030229873213,6.60960118227248));
#1319=CARTESIAN_POINT('',(-6.30434939103682,-15.419630763308,6.71289796959141));
#1320=CARTESIAN_POINT('',(-7.75270939916667,-14.1195804540119,6.42808657536167));
#1321=CARTESIAN_POINT('',(-6.25458754871963,-15.32933019451,6.56313302387255));
#1322=FACE_BOUND('',#1323,.T.);
#1323=EDGE_LOOP('',(#2906,#2907,#2908,#2909,#2910,#2911));
#1324=PLANE('',#1325);
#1325=AXIS2_PLACEMENT_3D('',#1326,#1327,#1328);
#1326=CARTESIAN_POINT('',(0.,-32.,-1.95943487863576E-15));
#1327=DIRECTION('',(0.,1.,6.12323399573677E-17));
#1328=DIRECTION('',(-1.,7.49879891330929E-33,-1.22464679914735E-16));
#1329=FACE_BOUND('',#1330,.T.);
#1330=EDGE_LOOP('',(#2912,#2913,#2914,#2915));
#1331=PLANE('',#1332);
#1332=AXIS2_PLACEMENT_3D('',#1333,#1334,#1335);
#1333=CARTESIAN_POINT('',(-27.999999999991,-21.2859582543511,34.4385333286906));
#1334=DIRECTION('',(1.06342413801403E-16,-0.907959374895104,0.419058198273332));
#1335=DIRECTION('',(0.,-0.419058198273332,-0.907959374895104));
#1336=FACE_BOUND('',#1337,.T.);
#1337=EDGE_LOOP('',(#2916,#2917,#2918,#2919));
#1338=SURFACE_OF_LINEAR_EXTRUSION('',#1339,#1340);
#1339=B_SPLINE_CURVE_WITH_KNOTS('',2,
(#2920,#2921,#2922),
.UNSPECIFIED.,.F.,.F.,
(3,3),
(0.,1.),
.UNSPECIFIED.);
#1340=VECTOR('',#1341,55.9999999999819);
#1341=DIRECTION('',(1.,0.,-1.83697019872103E-16));
#1342=FACE_BOUND('',#1343,.T.);
#1343=EDGE_LOOP('',(#2923,#2924,#2925,#2926));
#1344=PLANE('',#1345);
#1345=AXIS2_PLACEMENT_3D('',#1346,#1347,#1348);
#1346=CARTESIAN_POINT('',(-27.999999999991,-4.59803776623548,22.5502367059843));
#1347=DIRECTION('',(-7.97568103510521E-17,0.907959374895104,-0.419058198273332));
#1348=DIRECTION('',(0.,0.419058198273332,0.907959374895104));
#1349=FACE_BOUND('',#1350,.T.);
#1350=EDGE_LOOP('',(#2927,#2928,#2929,#2930));
#1351=SURFACE_OF_LINEAR_EXTRUSION('',#1352,#1353);
#1352=B_SPLINE_CURVE_WITH_KNOTS('',2,
(#2931,#2932,#2933),
.UNSPECIFIED.,.F.,.F.,
(3,3),
(0.,1.),
.UNSPECIFIED.);
#1353=VECTOR('',#1354,55.9999999999819);
#1354=DIRECTION('',(1.,0.,-1.83697019872103E-16));
#1355=FACE_BOUND('',#1356,.T.);
#1356=EDGE_LOOP('',(#2934,#2935,#2936,#2937));
#1357=PLANE('',#1358);
#1358=AXIS2_PLACEMENT_3D('',#1359,#1360,#1361);
#1359=CARTESIAN_POINT('',(-27.999999999991,-21.2859582543511,34.4385333286906));
#1360=DIRECTION('',(1.06342413801403E-16,-0.907959374895104,0.419058198273332));
#1361=DIRECTION('',(0.,-0.419058198273332,-0.907959374895104));
#1362=FACE_BOUND('',#1363,.T.);
#1363=EDGE_LOOP('',(#2938,#2939,#2940,#2941));
#1364=SURFACE_OF_LINEAR_EXTRUSION('',#1365,#1366);
#1365=B_SPLINE_CURVE_WITH_KNOTS('',2,
(#2942,#2943,#2944),
.UNSPECIFIED.,.F.,.F.,
(3,3),
(0.,1.),
.UNSPECIFIED.);
#1366=VECTOR('',#1367,55.9999999999819);
#1367=DIRECTION('',(1.,0.,-1.83697019872103E-16));
#1368=FACE_BOUND('',#1369,.T.);
#1369=EDGE_LOOP('',(#2945,#2946,#2947,#2948));
#1370=PLANE('',#1371);
#1371=AXIS2_PLACEMENT_3D('',#1372,#1373,#1374);
#1372=CARTESIAN_POINT('',(-27.999999999991,-4.59803776623548,22.5502367059843));
#1373=DIRECTION('',(-7.97568103510521E-17,0.907959374895104,-0.419058198273332));
#1374=DIRECTION('',(0.,0.419058198273332,0.907959374895104));
#1375=FACE_BOUND('',#1376,.T.);
#1376=EDGE_LOOP('',(#2949,#2950,#2951,#2952));
#1377=SURFACE_OF_LINEAR_EXTRUSION('',#1378,#1379);
#1378=B_SPLINE_CURVE_WITH_KNOTS('',2,
(#2953,#2954,#2955),
.UNSPECIFIED.,.F.,.F.,
(3,3),
(0.,1.),
.UNSPECIFIED.);
#1379=VECTOR('',#1380,55.9999999999819);
#1380=DIRECTION('',(1.,0.,-1.83697019872103E-16));
#1381=FACE_BOUND('',#1382,.T.);
#1382=EDGE_LOOP('',(#2956,#2957,#2958,#2959,#2960,#2961,#2962));
#1383=PLANE('',#1384);
#1384=AXIS2_PLACEMENT_3D('',#1385,#1386,#1387);
#1385=CARTESIAN_POINT('',(-27.999999999991,-18.8862083103874,38.3633283270153));
#1386=DIRECTION('',(1.06342413801403E-16,-0.907959374895104,0.419058198273332));
#1387=DIRECTION('',(0.,-0.419058198273332,-0.907959374895104));
#1388=FACE_BOUND('',#1389,.T.);
#1389=EDGE_LOOP('',(#2963,#2964,#2965,#2966));
#1390=SURFACE_OF_LINEAR_EXTRUSION('',#1391,#1392);
#1391=B_SPLINE_CURVE_WITH_KNOTS('',2,
(#2967,#2968,#2969),
.UNSPECIFIED.,.F.,.F.,
(3,3),
(0.,1.),
.UNSPECIFIED.);
#1392=VECTOR('',#1393,55.9999999999819);
#1393=DIRECTION('',(1.,0.,-1.83697019872103E-16));
#1394=FACE_BOUND('',#1395,.T.);
#1395=EDGE_LOOP('',(#2970,#2971,#2972,#2973));
#1396=PLANE('',#1397);
#1397=AXIS2_PLACEMENT_3D('',#1398,#1399,#1400);
#1398=CARTESIAN_POINT('',(-27.999999999991,-2.19828782227182,26.475031704309));
#1399=DIRECTION('',(-5.31712069007014E-17,0.907959374895104,-0.419058198273332));
#1400=DIRECTION('',(0.,0.419058198273332,0.907959374895104));
#1401=FACE_BOUND('',#1402,.T.);
#1402=EDGE_LOOP('',(#2974,#2975,#2976,#2977,#2978,#2979,#2980));
#1403=SURFACE_OF_LINEAR_EXTRUSION('',#1404,#1405);
#1404=B_SPLINE_CURVE_WITH_KNOTS('',2,
(#2981,#2982,#2983),
.UNSPECIFIED.,.F.,.F.,
(3,3),
(0.,1.),
.UNSPECIFIED.);
#1405=VECTOR('',#1406,55.9999999999819);
#1406=DIRECTION('',(1.,0.,-1.83697019872103E-16));
#1407=FACE_BOUND('',#1408,.T.);
#1408=EDGE_LOOP('',(#2984,#2985,#2986,#2987));
#1409=PLANE('',#1410);
#1410=AXIS2_PLACEMENT_3D('',#1411,#1412,#1413);
#1411=CARTESIAN_POINT('',(-27.999999999991,-2.19828782227182,26.475031704309));
#1412=DIRECTION('',(-5.31712069007014E-17,0.907959374895104,-0.419058198273332));
#1413=DIRECTION('',(0.,0.419058198273332,0.907959374895104));
#1414=FACE_BOUND('',#1415,.T.);
#1415=EDGE_LOOP('',(#2988,#2989,#2990,#2991));
#1416=SURFACE_OF_LINEAR_EXTRUSION('',#1417,#1418);
#1417=B_SPLINE_CURVE_WITH_KNOTS('',2,
(#2992,#2993,#2994),
.UNSPECIFIED.,.F.,.F.,
(3,3),
(0.,1.),
.UNSPECIFIED.);
#1418=VECTOR('',#1419,55.9999999999819);
#1419=DIRECTION('',(1.,0.,-1.83697019872103E-16));
#1420=FACE_OUTER_BOUND('',#1421,.T.);
#1421=EDGE_LOOP('',(#2995));
#1422=FACE_OUTER_BOUND('',#1423,.T.);
#1423=EDGE_LOOP('',(#2996));
#1424=CONICAL_SURFACE('',#1425,2.15,0.785398163397449);
#1425=AXIS2_PLACEMENT_3D('',#1426,#1427,#1428);
#1426=CARTESIAN_POINT('',(-8.49999999999999,1.85,25.));
#1427=DIRECTION('',(7.49879891330929E-33,1.,6.12323399573677E-17));
#1428=DIRECTION('',(1.,0.,-1.22464679914735E-16));
#1429=FACE_OUTER_BOUND('',#1430,.T.);
#1430=EDGE_LOOP('',(#2997));
#1431=FACE_OUTER_BOUND('',#1432,.T.);
#1432=EDGE_LOOP('',(#2998));
#1433=CONICAL_SURFACE('',#1434,2.15,0.785398163397449);
#1434=AXIS2_PLACEMENT_3D('',#1435,#1436,#1437);
#1435=CARTESIAN_POINT('',(8.5,1.85,25.));
#1436=DIRECTION('',(0.,1.,6.12323399573677E-17));
#1437=DIRECTION('',(1.,0.,0.));
#1438=FACE_BOUND('',#1439,.T.);
#1439=EDGE_LOOP('',(#2999));
#1440=FACE_BOUND('',#1441,.T.);
#1441=EDGE_LOOP('',(#3000));
#1442=FACE_BOUND('',#1443,.T.);
#1443=EDGE_LOOP('',(#3001));
#1444=FACE_BOUND('',#1445,.T.);
#1445=EDGE_LOOP('',(#3002));
#1446=PLANE('',#1447);
#1447=AXIS2_PLACEMENT_3D('',#1448,#1449,#1450);
#1448=CARTESIAN_POINT('',(0.,0.,0.));
#1449=DIRECTION('',(0.,1.,6.12323399573677E-17));
#1450=DIRECTION('',(-1.,7.49879891330929E-33,-1.22464679914735E-16));
#1451=FACE_BOUND('',#1452,.T.);
#1452=EDGE_LOOP('',(#3003,#3004,#3005,#3006));
#1453=PLANE('',#1454);
#1454=AXIS2_PLACEMENT_3D('',#1455,#1456,#1457);
#1455=CARTESIAN_POINT('',(19.5355339059237,3.12132034355964,3.));
#1456=DIRECTION('',(-0.500000000000001,0.5,-0.707106781186547));
#1457=DIRECTION('',(-0.707106781186547,-0.707106781186548,-1.61055981270031E-16));
#1458=FACE_BOUND('',#1459,.T.);
#1459=EDGE_LOOP('',(#3007,#3008,#3009,#3010,#3011));
#1460=PLANE('',#1461);
#1461=AXIS2_PLACEMENT_3D('',#1462,#1463,#1464);
#1462=CARTESIAN_POINT('',(12.9074772882932,3.,3.50000000000039));
#1463=DIRECTION('',(0.258819045102743,-5.37824327632561E-17,0.965925826289009));
#1464=DIRECTION('',(-7.25043689257937E-17,-1.,-3.62521844628969E-17));
#1465=FACE_BOUND('',#1466,.T.);
#1466=EDGE_LOOP('',(#3012,#3013,#3014,#3015,#3016));
#1467=B_SPLINE_SURFACE_WITH_KNOTS('',3,1,(
(#1468,#1469),
(#1470,#1471),
(#1472,#1473),
(#1474,#1475),
(#1476,#1477),
(#1478,#1479),
(#1480,#1481),
(#1482,#1483),
(#1484,#1485),
(#1486,#1487),
(#1488,#1489),
(#1490,#1491),
(#1492,#1493),
(#1494,#1495),
(#1496,#1497),
(#1498,#1499),
(#1500,#1501),
(#1502,#1503),
(#1504,#1505),
(#1506,#1507),
(#1508,#1509),
(#1510,#1511),
(#1512,#1513),
(#1514,#1515),
(#1516,#1517),
(#1518,#1519),
(#1520,#1521),
(#1522,#1523),
(#1524,#1525),
(#1526,#1527),
(#1528,#1529),
(#1530,#1531),
(#1532,#1533),
(#1534,#1535),
(#1536,#1537)),
.UNSPECIFIED.,.F.,.F.,.F.,
(4,1,1,1,1,1,1,1,1,1,1,1,1,1,1,1,1,1,1,1,1,1,1,1,1,1,1,1,1,1,1,1,4),
(2,2),
(-2.33811048352464,0.218084478958733,1.36419193155838,2.58409350702457,4.05215902453342,
5.73300643895955,7.44394609180159,8.98809198387742,10.3721266987881,11.6726550849323,
12.9089996000995,14.1098597058141,15.3716368949512,16.7119877605458,18.082206746527,
19.3342652490241,20.4047035785568,21.3171076873076,22.120233713476,22.9200408199469,
23.6906873804167,24.3983169492673,25.0040091714254,25.5651452797169,26.1754404297039,
26.8555904931043,27.7756702223302,28.8087840769291,29.9098836009903,30.902474039468,
31.9562899112198,33.0543990823913,35.4149684472328),
(-0.497969530942599,1.),
.UNSPECIFIED.);
#1468=CARTESIAN_POINT('',(6.50293543896596,-14.3613147071036,7.58503717757286));
#1469=CARTESIAN_POINT('',(6.25458225758852,-15.3293375872505,6.5631452772952));
#1470=CARTESIAN_POINT('',(6.68673306078981,-14.288655936014,7.48213329655605));
#1471=CARTESIAN_POINT('',(6.42043687998559,-15.2675975886684,6.46093942396956));
#1472=CARTESIAN_POINT('',(6.95163333745578,-14.1742080842727,7.33815923642912));
#1473=CARTESIAN_POINT('',(6.65929670786735,-15.1813006713689,6.30502814702907));
#1474=CARTESIAN_POINT('',(7.30625403764214,-14.0304132932031,7.14687020457963));
#1475=CARTESIAN_POINT('',(6.97939425335088,-15.078451064624,6.09320739778781));
#1476=CARTESIAN_POINT('',(7.58414721819767,-13.9260044417239,6.99664650884434));
#1477=CARTESIAN_POINT('',(7.23054563836863,-15.0047368239387,5.92768573653516));
#1478=CARTESIAN_POINT('',(7.90242039104494,-13.8152328723869,6.82451423855865));
#1479=CARTESIAN_POINT('',(7.51861650858642,-14.9283678066653,5.73802749448843));
#1480=CARTESIAN_POINT('',(8.25832604678297,-13.7027937928389,6.63171419262558));
#1481=CARTESIAN_POINT('',(7.841380444973,-14.8528716568755,5.52621186541073));
#1482=CARTESIAN_POINT('',(8.62123711522384,-13.5991424461836,6.4349030911903));
#1483=CARTESIAN_POINT('',(8.17126722314906,-14.7857322983912,5.31021654552648));
#1484=CARTESIAN_POINT('',(8.96355624291572,-13.5113382878468,6.2488417218646));
#1485=CARTESIAN_POINT('',(8.48313747497764,-14.7306738366016,5.10691042161413));
#1486=CARTESIAN_POINT('',(9.27592497360851,-13.4373376152471,6.07911859707814));
#1487=CARTESIAN_POINT('',(8.7683588702018,-14.6865096846734,4.92090504950428));
#1488=CARTESIAN_POINT('',(9.56627996409211,-13.3755891348366,5.9207928919246));
#1489=CARTESIAN_POINT('',(9.03401417427217,-14.6505708344617,4.74883130493313));
#1490=CARTESIAN_POINT('',(9.84338040376589,-13.3214460798619,5.76954118790751));
#1491=CARTESIAN_POINT('',(9.28795933451802,-14.6204357279825,4.5846801675395));
#1492=CARTESIAN_POINT('',(10.1174936009447,-13.2713000335813,5.62003715881507));
#1493=CARTESIAN_POINT('',(9.53980593320042,-14.5942611146214,4.42169446841678));
#1494=CARTESIAN_POINT('',(10.3997156488082,-13.2232029774933,5.46621105100689));
#1495=CARTESIAN_POINT('',(9.79883521902121,-14.5710081015375,4.25383977384345));
#1496=CARTESIAN_POINT('',(10.6955196874119,-13.1780578694731,5.30460919443175));
#1497=CARTESIAN_POINT('',(10.0695409191787,-14.5506452662146,4.07911152708451));
#1498=CARTESIAN_POINT('',(10.9906777188622,-13.1378644033783,5.14302983549455));
#1499=CARTESIAN_POINT('',(10.3402281305382,-14.5341084630979,3.90509776248929));
#1500=CARTESIAN_POINT('',(11.2653136095299,-13.104720775447,4.9923405080538));
#1501=CARTESIAN_POINT('',(10.593380498963,-14.5218961065257,3.74313242420659));
#1502=CARTESIAN_POINT('',(11.5051049328028,-13.0791173456774,4.86041732048709));
#1503=CARTESIAN_POINT('',(10.8161600486817,-14.5135426914246,3.60141662246083));
#1504=CARTESIAN_POINT('',(11.7108679427057,-13.0591075098943,4.74711982378056));
#1505=CARTESIAN_POINT('',(11.0088094275056,-14.507987727745,3.47914593574106));
#1506=CARTESIAN_POINT('',(11.8956279430422,-13.0437917132335,4.64483330643499));
#1507=CARTESIAN_POINT('',(11.1837929436129,-14.504226853273,3.369313961094));
#1508=CARTESIAN_POINT('',(12.0697919669774,-13.0277549075544,4.54951341901468));
#1509=CARTESIAN_POINT('',(11.3488371603211,-14.5016803346542,3.26351543951909));
#1510=CARTESIAN_POINT('',(12.2367640449271,-13.0122161420579,4.4586157948884));
#1511=CARTESIAN_POINT('',(11.5073577133516,-14.5002459613062,3.16094117246064));
#1512=CARTESIAN_POINT('',(12.3889850364644,-13.0006676569976,4.37501294506516));
#1513=CARTESIAN_POINT('',(11.653065090902,-14.4997511643266,3.06821809805179));
#1514=CARTESIAN_POINT('',(12.5250684801831,-12.9951822712635,4.29852063864412));
#1515=CARTESIAN_POINT('',(11.7853422681939,-14.500041447801,2.98767989550924));
#1516=CARTESIAN_POINT('',(12.6538136039007,-12.9928597543125,4.22521604658062));
#1517=CARTESIAN_POINT('',(11.9111890622598,-14.5004129836158,2.91296096492563));
#1518=CARTESIAN_POINT('',(12.7878892462645,-12.9915988172701,4.14839411563847));
#1519=CARTESIAN_POINT('',(12.0424677682196,-14.5007672562261,2.83598902981478));
#1520=CARTESIAN_POINT('',(12.9477735081902,-12.9917560370691,4.05616977511134));
#1521=CARTESIAN_POINT('',(12.1994831000009,-14.5011957558554,2.74516573126887));
#1522=CARTESIAN_POINT('',(13.1379764236543,-12.9934946543136,3.94586378529801));
#1523=CARTESIAN_POINT('',(12.3868768737584,-14.5016972149344,2.63796247086795));
#1524=CARTESIAN_POINT('',(13.3581325773764,-12.9965067375827,3.81781644498748));
#1525=CARTESIAN_POINT('',(12.6046711347519,-14.5022785482029,2.51410681376425));
#1526=CARTESIAN_POINT('',(13.5829925026992,-12.9990265210933,3.68725505469193));
#1527=CARTESIAN_POINT('',(12.8280016859951,-14.5028760849279,2.38664978571631));
#1528=CARTESIAN_POINT('',(13.8086023254004,-12.9993520121082,3.55710948645983));
#1529=CARTESIAN_POINT('',(13.0532080674674,-14.5034868564156,2.25640527378857));
#1530=CARTESIAN_POINT('',(14.0335697182815,-13.0000451617877,3.42719198266888));
#1531=CARTESIAN_POINT('',(13.2785820046433,-14.5040966956241,2.12635087358756));
#1532=CARTESIAN_POINT('',(14.3568182363681,-13.0008829888268,3.24057878862565));
#1533=CARTESIAN_POINT('',(13.6016526972308,-14.5049714846602,1.93979695484088));
#1534=CARTESIAN_POINT('',(14.6044432878896,-13.0015768454576,3.09760332614273));
#1535=CARTESIAN_POINT('',(13.8493895895673,-14.5056420945694,1.79678421200442));
#1536=CARTESIAN_POINT('',(14.7735113491277,-13.002026375255,2.99999500171789));
#1537=CARTESIAN_POINT('',(14.0184186183645,-14.5060997374719,1.69918889842177));
#1538=FACE_BOUND('',#1539,.T.);
#1539=EDGE_LOOP('',(#3017,#3018,#3019,#3020,#3021,#3022,#3023,#3024,#3025,#3026,
#3027));
#1540=SURFACE_OF_LINEAR_EXTRUSION('',#1541,#1542);
#1541=B_SPLINE_CURVE_WITH_KNOTS('',3,
(#3028,#3029,#3030,#3031),
.UNSPECIFIED.,.F.,.F.,
(4,4),
(0.,1.),
.UNSPECIFIED.);
#1542=VECTOR('',#1543,15.999999999991);
#1543=DIRECTION('',(1.,0.,1.61486985400023E-16));
#1544=FACE_BOUND('',#1545,.T.);
#1545=EDGE_LOOP('',(#3032,#3033,#3034,#3035,#3036));
#1546=B_SPLINE_SURFACE_WITH_KNOTS('',3,1,(
(#1547,#1548),
(#1549,#1550),
(#1551,#1552),
(#1553,#1554),
(#1555,#1556),
(#1557,#1558),
(#1559,#1560),
(#1561,#1562),
(#1563,#1564),
(#1565,#1566),
(#1567,#1568),
(#1569,#1570),
(#1571,#1572),
(#1573,#1574),
(#1575,#1576),
(#1577,#1578),
(#1579,#1580),
(#1581,#1582),
(#1583,#1584),
(#1585,#1586),
(#1587,#1588),
(#1589,#1590),
(#1591,#1592),
(#1593,#1594),
(#1595,#1596),
(#1597,#1598),
(#1599,#1600),
(#1601,#1602),
(#1603,#1604),
(#1605,#1606),
(#1607,#1608),
(#1609,#1610),
(#1611,#1612),
(#1613,#1614),
(#1615,#1616)),
.UNSPECIFIED.,.F.,.F.,.F.,
(4,1,1,1,1,1,1,1,1,1,1,1,1,1,1,1,1,1,1,1,1,1,1,1,1,1,1,1,1,1,1,1,4),
(2,2),
(-2.33811048352464,0.218084478932157,1.36419193151019,2.58409350692593,4.05215902439621,
5.73300643879646,7.443946091643,8.98809198372248,10.3721266983877,11.6726550842807,
12.9089995992099,14.1098597049471,15.3716368941139,16.7119877597258,18.0822067460372,
19.3342652488615,20.4047035786792,21.3171076873517,22.1202337134137,22.9200408197532,
23.6906873799191,24.3983169484901,25.0040091704299,25.5651452787173,26.1754404287439,
26.8555904922846,27.7756702217497,28.8087840766405,29.9098836008977,30.9024740394675,
31.9562899112194,33.054399082391,35.4149684472328),
(-0.497969530942599,1.),
.UNSPECIFIED.);
#1547=CARTESIAN_POINT('',(-6.50293543896596,-14.3613147071036,7.58503717757286));
#1548=CARTESIAN_POINT('',(-6.25458225758852,-15.3293375872505,6.5631452772952));
#1549=CARTESIAN_POINT('',(-6.6867330607879,-14.2886559360147,7.48213329655714));
#1550=CARTESIAN_POINT('',(-6.42043687998385,-15.2675975886691,6.4609394239706));
#1551=CARTESIAN_POINT('',(-6.95163333745044,-14.1742080842751,7.338159236432));
#1552=CARTESIAN_POINT('',(-6.65929670786253,-15.1813006713706,6.30502814703227));
#1553=CARTESIAN_POINT('',(-7.30625403762962,-14.030413293208,7.14687020458639));
#1554=CARTESIAN_POINT('',(-6.97939425333958,-15.0784510646275,6.09320739779527));
#1555=CARTESIAN_POINT('',(-7.58414721817704,-13.9260044417314,6.9966465088555));
#1556=CARTESIAN_POINT('',(-7.23054563834997,-15.004736823944,5.92768573654745));
#1557=CARTESIAN_POINT('',(-7.90242039101581,-13.8152328723967,6.8245142385744));
#1558=CARTESIAN_POINT('',(-7.51861650856003,-14.928367806672,5.73802749450581));
#1559=CARTESIAN_POINT('',(-8.25832604674929,-13.7027937928491,6.63171419264383));
#1560=CARTESIAN_POINT('',(-7.84138044494242,-14.8528716568822,5.52621186543078));
#1561=CARTESIAN_POINT('',(-8.62123711518871,-13.5991424461931,6.43490309120938));
#1562=CARTESIAN_POINT('',(-8.17126722311709,-14.7857322983972,5.31021654554733));
#1563=CARTESIAN_POINT('',(-8.96355624286304,-13.51133828786,6.24884172189321));
#1564=CARTESIAN_POINT('',(-8.48313747492961,-14.7306738366098,5.10691042164549));
#1565=CARTESIAN_POINT('',(-9.27592497351928,-13.4373376152675,6.07911859712668));
#1566=CARTESIAN_POINT('',(-8.76835887012028,-14.6865096846856,4.92090504955731));
#1567=CARTESIAN_POINT('',(-9.56627996394829,-13.3755891348662,5.92079289200306));
#1568=CARTESIAN_POINT('',(-9.03401417414047,-14.6505708344787,4.74883130501837));
#1569=CARTESIAN_POINT('',(-9.84338040358726,-13.3214460798955,5.76954118800504));
#1570=CARTESIAN_POINT('',(-9.28795933435425,-14.6204357280008,4.58468016764528));
#1571=CARTESIAN_POINT('',(-10.1174936007527,-13.2713000336156,5.62003715891964));
#1572=CARTESIAN_POINT('',(-9.53980593302367,-14.5942611146385,4.42169446853147));
#1573=CARTESIAN_POINT('',(-10.3997156486204,-13.2232029775235,5.46621105110943));
#1574=CARTESIAN_POINT('',(-9.79883521884932,-14.5710081015516,4.25383977395458));
#1575=CARTESIAN_POINT('',(-10.695519687252,-13.1780578694959,5.30460919451922));
#1576=CARTESIAN_POINT('',(-10.0695409190322,-14.5506452662244,4.07911152717889));
#1577=CARTESIAN_POINT('',(-10.9906777187526,-13.137864403392,5.14302983555465));
#1578=CARTESIAN_POINT('',(-10.3402281304374,-14.5341084631031,3.90509776255388));
#1579=CARTESIAN_POINT('',(-11.2653136094906,-13.1047207754511,4.99234050807542));
#1580=CARTESIAN_POINT('',(-10.5933804989265,-14.5218961065271,3.74313242422979));
#1581=CARTESIAN_POINT('',(-11.5051049328032,-13.0791173456773,4.86041732048692));
#1582=CARTESIAN_POINT('',(-10.816160048682,-14.5135426914245,3.60141662246067));
#1583=CARTESIAN_POINT('',(-11.7108679427133,-13.0591075098937,4.74711982377632));
#1584=CARTESIAN_POINT('',(-11.0088094275129,-14.5079877277449,3.47914593573652));
#1585=CARTESIAN_POINT('',(-11.8956279430266,-13.0437917132346,4.64483330644364));
#1586=CARTESIAN_POINT('',(-11.1837929435982,-14.5042268532733,3.36931396110317));
#1587=CARTESIAN_POINT('',(-12.0697919669221,-13.0277549075598,4.54951341904483));
#1588=CARTESIAN_POINT('',(-11.3488371602688,-14.5016803346549,3.2635154395529));
#1589=CARTESIAN_POINT('',(-12.2367640448195,-13.0122161420674,4.45861579494702));
#1590=CARTESIAN_POINT('',(-11.5073577132493,-14.5002459613069,3.16094117252663));
#1591=CARTESIAN_POINT('',(-12.3889850362988,-13.0006676570091,4.37501294515653));
#1592=CARTESIAN_POINT('',(-11.653065090743,-14.4997511643269,3.06821809815215));
#1593=CARTESIAN_POINT('',(-12.5250684799823,-12.9951822712678,4.29852063875816));
#1594=CARTESIAN_POINT('',(-11.7853422679975,-14.5000414478003,2.98767989562638));
#1595=CARTESIAN_POINT('',(-12.6538136036865,-12.9928597543158,4.22521604670283));
#1596=CARTESIAN_POINT('',(-11.9111890620505,-14.5004129836153,2.91296096504932));
#1597=CARTESIAN_POINT('',(-12.7878892460634,-12.9915988172706,4.1483941157542));
#1598=CARTESIAN_POINT('',(-12.0424677680223,-14.5007672562256,2.83598902992944));
#1599=CARTESIAN_POINT('',(-12.9477735080197,-12.991756037068,4.05616977521008));
#1600=CARTESIAN_POINT('',(-12.199483099833,-14.501195755855,2.74516573136525));
#1601=CARTESIAN_POINT('',(-13.1379764235325,-12.9934946543119,3.94586378536884));
#1602=CARTESIAN_POINT('',(-12.3868768736381,-14.5016972149341,2.6379624709364));
#1603=CARTESIAN_POINT('',(-13.3581325773072,-12.9965067375818,3.81781644502771));
#1604=CARTESIAN_POINT('',(-12.6046711346833,-14.5022785482028,2.51410681380334));
#1605=CARTESIAN_POINT('',(-13.5829925026718,-12.9990265210932,3.68725505470773));
#1606=CARTESIAN_POINT('',(-12.8280016859678,-14.5028760849278,2.38664978573208));
#1607=CARTESIAN_POINT('',(-13.8086023253937,-12.9993520121082,3.55710948646369));
#1608=CARTESIAN_POINT('',(-13.0532080674607,-14.5034868564156,2.25640527379244));
#1609=CARTESIAN_POINT('',(-14.0335697182814,-13.0000451617877,3.42719198266893));
#1610=CARTESIAN_POINT('',(-13.2785820046432,-14.5040966956241,2.1263508735876));
#1611=CARTESIAN_POINT('',(-14.3568182363681,-13.0008829888268,3.24057878862568));
#1612=CARTESIAN_POINT('',(-13.6016526972307,-14.5049714846602,1.93979695484092));
#1613=CARTESIAN_POINT('',(-14.6044432878895,-13.0015768454576,3.09760332614274));
#1614=CARTESIAN_POINT('',(-13.8493895895672,-14.5056420945694,1.79678421200443));
#1615=CARTESIAN_POINT('',(-14.7735113491277,-13.002026375255,2.99999500171789));
#1616=CARTESIAN_POINT('',(-14.0184186183645,-14.5060997374719,1.69918889842177));
#1617=FACE_BOUND('',#1618,.T.);
#1618=EDGE_LOOP('',(#3037,#3038,#3039,#3040,#3041));
#1619=PLANE('',#1620);
#1620=AXIS2_PLACEMENT_3D('',#1621,#1622,#1623);
#1621=CARTESIAN_POINT('',(-12.9074772882932,3.,3.5000000000004));
#1622=DIRECTION('',(0.258819045102743,5.37824327632561E-17,-0.965925826289009));
#1623=DIRECTION('',(7.25043689257937E-17,-1.,-3.62521844628969E-17));
#1624=FACE_BOUND('',#1625,.T.);
#1625=EDGE_LOOP('',(#3042,#3043,#3044,#3045,#3046));
#1626=PLANE('',#1627);
#1627=AXIS2_PLACEMENT_3D('',#1628,#1629,#1630);
#1628=CARTESIAN_POINT('',(-18.999999999991,-2.4492935982947E-16,4.));
#1629=DIRECTION('',(-5.63077496594666E-16,0.707106781186548,-0.707106781186547));
#1630=DIRECTION('',(1.,4.27497499264649E-32,-7.96311832351267E-16));
#1631=FACE_BOUND('',#1632,.T.);
#1632=EDGE_LOOP('',(#3047,#3048,#3049,#3050));
#1633=PLANE('',#1634);
#1634=AXIS2_PLACEMENT_3D('',#1635,#1636,#1637);
#1635=CARTESIAN_POINT('',(-19.5355339059237,3.12132034355964,3.));
#1636=DIRECTION('',(-0.500000000000001,-0.5,0.707106781186547));
#1637=DIRECTION('',(0.707106781186547,-0.707106781186548,-2.47651586893581E-16));
#1638=FACE_BOUND('',#1639,.T.);
#1639=EDGE_LOOP('',(#3051,#3052,#3053,#3054));
#1640=PLANE('',#1641);
#1641=AXIS2_PLACEMENT_3D('',#1642,#1643,#1644);
#1642=CARTESIAN_POINT('',(-31.999999999991,-32.,2.));
#1643=DIRECTION('',(1.97589252660901E-16,-0.707106781186547,0.707106781186548));
#1644=DIRECTION('',(1.,0.,-2.7943340089221E-16));
#1645=FACE_BOUND('',#1646,.T.);
#1646=EDGE_LOOP('',(#3055,#3056,#3057,#3058));
#1647=B_SPLINE_SURFACE_WITH_KNOTS('',3,1,(
(#1648,#1649),
(#1650,#1651),
(#1652,#1653),
(#1654,#1655),
(#1656,#1657),
(#1658,#1659),
(#1660,#1661),
(#1662,#1663),
(#1664,#1665),
(#1666,#1667),
(#1668,#1669),
(#1670,#1671),
(#1672,#1673),
(#1674,#1675),
(#1676,#1677),
(#1678,#1679),
(#1680,#1681),
(#1682,#1683),
(#1684,#1685),
(#1686,#1687),
(#1688,#1689),
(#1690,#1691),
(#1692,#1693),
(#1694,#1695),
(#1696,#1697),
(#1698,#1699),
(#1700,#1701),
(#1702,#1703),
(#1704,#1705),
(#1706,#1707),
(#1708,#1709),
(#1710,#1711),
(#1712,#1713),
(#1714,#1715),
(#1716,#1717),
(#1718,#1719),
(#1720,#1721),
(#1722,#1723),
(#1724,#1725),
(#1726,#1727),
(#1728,#1729),
(#1730,#1731),
(#1732,#1733),
(#1734,#1735),
(#1736,#1737),
(#1738,#1739),
(#1740,#1741),
(#1742,#1743),
(#1744,#1745),
(#1746,#1747),
(#1748,#1749),
(#1750,#1751),
(#1752,#1753),
(#1754,#1755),
(#1756,#1757),
(#1758,#1759),
(#1760,#1761),
(#1762,#1763),
(#1764,#1765),
(#1766,#1767),
(#1768,#1769),
(#1770,#1771),
(#1772,#1773),
(#1774,#1775),
(#1776,#1777),
(#1778,#1779),
(#1780,#1781),
(#1782,#1783),
(#1784,#1785),
(#1786,#1787),
(#1788,#1789),
(#1790,#1791),
(#1792,#1793),
(#1794,#1795),
(#1796,#1797),
(#1798,#1799),
(#1800,#1801),
(#1802,#1803),
(#1804,#1805),
(#1806,#1807),
(#1808,#1809),
(#1810,#1811),
(#1812,#1813),
(#1814,#1815),
(#1816,#1817),
(#1818,#1819)),
.UNSPECIFIED.,.F.,.F.,.F.,
(4,1,1,1,1,1,1,1,1,1,1,1,1,1,1,1,1,1,1,1,1,1,1,1,1,1,1,1,1,1,1,1,1,1,1,1,1,1,1,1,
1,1,1,1,1,1,1,1,1,1,1,1,1,1,1,1,1,1,1,1,1,1,1,1,1,1,1,1,1,1,1,1,1,1,1,1,1,1,1,1,
1,1,1,4),
(2,2),
(2.21952296354399,2.36562794233764,2.44129967360748,2.52574982506105,2.61880891229136,
2.7196369643846,2.82460336728424,2.93512063129795,3.06611475751766,3.21815654225868,
3.39020043222208,3.57290382867634,3.76306841561131,3.95854468993303,4.14313257374207,
4.33183176913076,4.52756418050387,4.74280449940128,4.94815977711964,5.14680035802554,
5.3394146323035,5.5400862567567,5.73721103902769,5.94489728632489,6.16481910303367,
6.41487802556747,6.66717058838239,6.93795205793143,7.20938863441917,7.49363105870471,
7.75833584509384,8.04148244994474,8.35097835782419,8.71909831932786,9.0898959841818,
9.47739086042155,9.87775597985102,10.3277816231412,10.796079184523,11.2299434134592,
11.5936652136549,11.8963788198467,12.2012954465786,12.506983739354,12.9018752652575,
13.4384762086994,14.1546473980002,14.9258959851588,15.601677049286,16.1649110187921,
16.6457987257829,17.1093997722874,17.5328356831795,17.9219669072698,18.2901905998928,
18.6743731861551,19.0601160715896,19.4144251066331,19.7255928156617,20.0134582211825,
20.3280934108141,20.7021812499884,21.1184327497019,21.5195730840697,21.848610626223,
22.1040383150161,22.3286211614944,22.5490835855594,22.7777139192876,23.0013879715155,
23.2201185816171,23.4294589947592,23.6356188917262,23.8382394380339,24.0485631862457,
24.2739107011837,24.4971545607998,24.6997628838516,24.882087895353,25.0641724649831,
25.2596974340843,25.4602980128264,25.652818873421,25.8797121085211),
(0.,1.),
.UNSPECIFIED.);
#1648=CARTESIAN_POINT('',(0.124459918078141,-14.7217088337488,2.99999999999999));
#1649=CARTESIAN_POINT('',(9.77242837295641E-6,-15.713934695762,1.99999999999999));
#1650=CARTESIAN_POINT('',(0.0799022398765047,-14.7136121576623,2.99999999999999));
#1651=CARTESIAN_POINT('',(-0.0466309007793934,-15.7081183208732,1.99999999999999));
#1652=CARTESIAN_POINT('',(0.00363095337480856,-14.7076494083981,2.99999999999999));
#1653=CARTESIAN_POINT('',(-0.109363608767054,-15.7015766811618,1.99999999999999));
#1654=CARTESIAN_POINT('',(-0.108407323587481,-14.7032693301778,2.99999999999999));
#1655=CARTESIAN_POINT('',(-0.193183841096901,-15.6951157306673,1.99999999999999));
#1656=CARTESIAN_POINT('',(-0.20121361731039,-14.6983300354289,2.99999999999999));
#1657=CARTESIAN_POINT('',(-0.26158023449953,-15.6912281686822,1.99999999999999));
#1658=CARTESIAN_POINT('',(-0.304090536916082,-14.6936133523491,2.99999999999999));
#1659=CARTESIAN_POINT('',(-0.335983938962703,-15.6886578800495,1.99999999999999));
#1660=CARTESIAN_POINT('',(-0.414450983194198,-14.69012873031,2.99999999999999));
#1661=CARTESIAN_POINT('',(-0.415593182628197,-15.6878604232077,1.99999999999999));
#1662=CARTESIAN_POINT('',(-0.53063719891242,-14.6896207085511,2.99999999999999));
#1663=CARTESIAN_POINT('',(-0.50010719701081,-15.6892373454743,1.99999999999999));
#1664=CARTESIAN_POINT('',(-0.655388530379956,-14.6951533280974,2.99999999999999));
#1665=CARTESIAN_POINT('',(-0.594191499414528,-15.6934373808376,1.99999999999999));
#1666=CARTESIAN_POINT('',(-0.797647983002726,-14.7065811988079,2.99999999999999));
#1667=CARTESIAN_POINT('',(-0.701308675750695,-15.7017255353255,1.99999999999999));
#1668=CARTESIAN_POINT('',(-0.962636647565389,-14.7258218828464,2.99999999999999));
#1669=CARTESIAN_POINT('',(-0.824707708147468,-15.7160743085934,1.99999999999999));
#1670=CARTESIAN_POINT('',(-1.14554314638123,-14.7552303784968,2.99999999999999));
#1671=CARTESIAN_POINT('',(-0.961316007478701,-15.7381566881738,1.99999999999999));
#1672=CARTESIAN_POINT('',(-1.33867943551391,-14.7956804985431,2.99999999999999));
#1673=CARTESIAN_POINT('',(-1.10630955313911,-15.7688913972727,1.99999999999999));
#1674=CARTESIAN_POINT('',(-1.53752802550242,-14.8487751738349,2.99999999999999));
#1675=CARTESIAN_POINT('',(-1.25608245815312,-15.8086506063002,1.99999999999999));
#1676=CARTESIAN_POINT('',(-1.73500282537569,-14.9127830778974,2.99999999999999));
#1677=CARTESIAN_POINT('',(-1.40495513969711,-15.8565597073246,1.99999999999999));
#1678=CARTESIAN_POINT('',(-1.9276911242934,-14.9855339422281,2.99999999999999));
#1679=CARTESIAN_POINT('',(-1.551190419975,-15.9118561312513,1.99999999999999));
#1680=CARTESIAN_POINT('',(-2.11446877560381,-15.0654601596067,2.99999999999999));
#1681=CARTESIAN_POINT('',(-1.69460217261967,-15.9740378243046,1.99999999999999));
#1682=CARTESIAN_POINT('',(-2.3070492546224,-15.160796596771,2.99999999999999));
#1683=CARTESIAN_POINT('',(-1.8438816702426,-16.0473463808514,1.99999999999999));
#1684=CARTESIAN_POINT('',(-2.49925041665282,-15.268068400244,2.99999999999999));
#1685=CARTESIAN_POINT('',(-1.99446907564582,-16.1306702929999,1.99999999999999));
#1686=CARTESIAN_POINT('',(-2.68577333460464,-15.3818156085638,2.99999999999999));
#1687=CARTESIAN_POINT('',(-2.14205929948653,-16.2217130205498,1.99999999999999));
#1688=CARTESIAN_POINT('',(-2.85892569085315,-15.4986727306929,2.99999999999999));
#1689=CARTESIAN_POINT('',(-2.2812213251481,-16.3160238706728,1.99999999999999));
#1690=CARTESIAN_POINT('',(-3.02497219365381,-15.6220785897936,2.99999999999999));
#1691=CARTESIAN_POINT('',(-2.41666087028708,-16.4157971006739,1.99999999999999));
#1692=CARTESIAN_POINT('',(-3.18506960346483,-15.7505272696611,2.99999999999999));
#1693=CARTESIAN_POINT('',(-2.54879999901089,-16.5209635825151,1.99999999999999));
#1694=CARTESIAN_POINT('',(-3.34429737107692,-15.8851351272087,2.99999999999999));
#1695=CARTESIAN_POINT('',(-2.68096254253614,-16.6339979095884,1.99999999999999));
#1696=CARTESIAN_POINT('',(-3.50235878510545,-16.0287497899757,2.99999999999999));
#1697=CARTESIAN_POINT('',(-2.81403683096108,-16.7557819693752,1.99999999999999));
#1698=CARTESIAN_POINT('',(-3.66674868103929,-16.1908632677332,2.99999999999999));
#1699=CARTESIAN_POINT('',(-2.95495644462618,-16.8935819467457,1.99999999999999));
#1700=CARTESIAN_POINT('',(-3.83498624552743,-16.3686466136253,2.99999999999999));
#1701=CARTESIAN_POINT('',(-3.10108561651494,-17.0464464125992,1.99999999999999));
#1702=CARTESIAN_POINT('',(-4.00942475879616,-16.5614278514891,2.99999999999999));
#1703=CARTESIAN_POINT('',(-3.25296707216945,-17.21621194027,1.99999999999999));
#1704=CARTESIAN_POINT('',(-4.18073585186723,-16.7639605906813,2.99999999999999));
#1705=CARTESIAN_POINT('',(-3.40418663941708,-17.396315116384,1.99999999999999));
#1706=CARTESIAN_POINT('',(-4.35014745225627,-16.9802867257754,2.99999999999999));
#1707=CARTESIAN_POINT('',(-3.55665695751185,-17.5892035139549,1.99999999999999));
#1708=CARTESIAN_POINT('',(-4.5115271735853,-17.1986035757308,2.99999999999999));
#1709=CARTESIAN_POINT('',(-3.7034858496861,-17.7858364964442,1.99999999999999));
#1710=CARTESIAN_POINT('',(-4.67074764738608,-17.4216545023186,2.99999999999999));
#1711=CARTESIAN_POINT('',(-3.84840855441345,-17.9902312620657,1.99999999999999));
#1712=CARTESIAN_POINT('',(-4.82974455936963,-17.6532044696315,2.99999999999999));
#1713=CARTESIAN_POINT('',(-3.99356627964291,-18.205022784555,1.99999999999999));
#1714=CARTESIAN_POINT('',(-4.9987395708495,-17.9173360337589,2.99999999999999));
#1715=CARTESIAN_POINT('',(-4.15098655915834,-18.4493553888772,1.99999999999999));
#1716=CARTESIAN_POINT('',(-5.175472523367,-18.208827937178,2.99999999999999));
#1717=CARTESIAN_POINT('',(-4.31735586852039,-18.7208030186075,1.99999999999999));
#1718=CARTESIAN_POINT('',(-5.3584866312949,-18.5246029237812,2.99999999999999));
#1719=CARTESIAN_POINT('',(-4.49067195730886,-19.0178327445267,1.99999999999999));
#1720=CARTESIAN_POINT('',(-5.54392805595322,-18.8494560576378,2.99999999999999));
#1721=CARTESIAN_POINT('',(-4.66460893908014,-19.3299205529666,1.99999999999999));
#1722=CARTESIAN_POINT('',(-5.73175996196421,-19.2004573691596,2.99999999999999));
#1723=CARTESIAN_POINT('',(-4.8439026074556,-19.6656886569242,1.99999999999999));
#1724=CARTESIAN_POINT('',(-5.92332199505592,-19.5773320697785,2.99999999999999));
#1725=CARTESIAN_POINT('',(-5.0289419732979,-20.0266720870028,1.99999999999999));
#1726=CARTESIAN_POINT('',(-6.11278895831218,-19.965948065289,2.99999999999999));
#1727=CARTESIAN_POINT('',(-5.21340281567476,-20.400722361177,1.99999999999999));
#1728=CARTESIAN_POINT('',(-6.28608923836982,-20.3306799160083,2.99999999999999));
#1729=CARTESIAN_POINT('',(-5.38238861443928,-20.7548320383022,1.99999999999999));
#1730=CARTESIAN_POINT('',(-6.43642638850237,-20.6471370691939,2.99999999999999));
#1731=CARTESIAN_POINT('',(-5.52762794012203,-21.0670043603817,1.99999999999999));
#1732=CARTESIAN_POINT('',(-6.56530327983654,-20.9276332609369,2.99999999999999));
#1733=CARTESIAN_POINT('',(-5.6534104292675,-21.3424272016426,1.99999999999999));
#1734=CARTESIAN_POINT('',(-6.68396172788323,-21.1920347781587,2.99999999999999));
#1735=CARTESIAN_POINT('',(-5.77002636851809,-21.6016185616381,1.99999999999999));
#1736=CARTESIAN_POINT('',(-6.81243034599417,-21.4836155208612,2.99999999999999));
#1737=CARTESIAN_POINT('',(-5.89695507196904,-21.8874616580548,1.99999999999999));
#1738=CARTESIAN_POINT('',(-6.96835797765627,-21.8427261348889,2.99999999999999));
#1739=CARTESIAN_POINT('',(-6.05159938156835,-22.2402739550778,1.99999999999999));
#1740=CARTESIAN_POINT('',(-7.17470052286559,-22.3206303185075,2.99999999999999));
#1741=CARTESIAN_POINT('',(-6.25619890661908,-22.7135606923627,1.99999999999999));
#1742=CARTESIAN_POINT('',(-7.42808262167569,-22.90636797133,2.99999999999999));
#1743=CARTESIAN_POINT('',(-6.50668257257977,-23.3003221568637,1.99999999999999));
#1744=CARTESIAN_POINT('',(-7.69092684416221,-23.5338334756583,2.99999999999999));
#1745=CARTESIAN_POINT('',(-6.77098530499591,-23.9228005709398,1.99999999999999));
#1746=CARTESIAN_POINT('',(-7.93881535160533,-24.1134809772955,2.99999999999999));
#1747=CARTESIAN_POINT('',(-7.01987016193172,-24.5063647240508,1.99999999999999));
#1748=CARTESIAN_POINT('',(-8.1538376584903,-24.6070723544265,2.99999999999999));
#1749=CARTESIAN_POINT('',(-7.23592607016459,-25.0072669817956,1.99999999999999));
#1750=CARTESIAN_POINT('',(-8.34143070657404,-25.0395026704255,2.99999999999999));
#1751=CARTESIAN_POINT('',(-7.42645951161469,-25.4425303462861,1.99999999999999));
#1752=CARTESIAN_POINT('',(-8.51402488674177,-25.4297781253397,2.99999999999999));
#1753=CARTESIAN_POINT('',(-7.60234562543797,-25.8373789620151,1.99999999999999));
#1754=CARTESIAN_POINT('',(-8.67813521757791,-25.7915119067175,2.99999999999999));
#1755=CARTESIAN_POINT('',(-7.76994272142625,-26.2060547761315,1.99999999999999));
#1756=CARTESIAN_POINT('',(-8.83501786468016,-26.1225669296934,2.99999999999999));
#1757=CARTESIAN_POINT('',(-7.92974129819299,-26.5498083800787,1.99999999999999));
#1758=CARTESIAN_POINT('',(-8.98735182612112,-26.4425155217286,2.99999999999999));
#1759=CARTESIAN_POINT('',(-8.08617497194382,-26.878344445327,1.99999999999999));
#1760=CARTESIAN_POINT('',(-9.14101610829665,-26.7602786442194,2.99999999999999));
#1761=CARTESIAN_POINT('',(-8.24506173737905,-27.2032669180452,1.99999999999999));
#1762=CARTESIAN_POINT('',(-9.29607921988837,-27.0715407233292,2.99999999999999));
#1763=CARTESIAN_POINT('',(-8.4062335649266,-27.5229138370934,1.99999999999999));
#1764=CARTESIAN_POINT('',(-9.44534760075478,-27.3589601654347,2.99999999999999));
#1765=CARTESIAN_POINT('',(-8.56196831804522,-27.8216930349248,1.99999999999999));
#1766=CARTESIAN_POINT('',(-9.58501646033113,-27.6159382938061,2.99999999999999));
#1767=CARTESIAN_POINT('',(-8.708123059444,-28.0929371489038,1.99999999999999));
#1768=CARTESIAN_POINT('',(-9.72378724287662,-27.8577811922948,2.99999999999999));
#1769=CARTESIAN_POINT('',(-8.85360309577883,-28.3541178049543,1.99999999999999));
#1770=CARTESIAN_POINT('',(-9.87368196299273,-28.1164103552572,2.99999999999999));
#1771=CARTESIAN_POINT('',(-9.01196246694156,-28.6283160881724,1.99999999999999));
#1772=CARTESIAN_POINT('',(-10.0470242787807,-28.4064952574312,2.99999999999999));
#1773=CARTESIAN_POINT('',(-9.19666902197798,-28.9342075188572,1.99999999999999));
#1774=CARTESIAN_POINT('',(-10.240250978546,-28.7133425238728,2.99999999999999));
#1775=CARTESIAN_POINT('',(-9.40479991887711,-29.2598823414266,1.99999999999999));
#1776=CARTESIAN_POINT('',(-10.4344375367738,-28.9995399109059,2.99999999999999));
#1777=CARTESIAN_POINT('',(-9.61659324161572,-29.5699974643795,1.99999999999999));
#1778=CARTESIAN_POINT('',(-10.6094525453253,-29.2355859141278,2.99999999999999));
#1779=CARTESIAN_POINT('',(-9.81001989105366,-29.8346603059123,1.99999999999999));
#1780=CARTESIAN_POINT('',(-10.7587331634549,-29.4227779072743,2.99999999999999));
#1781=CARTESIAN_POINT('',(-9.97690175380992,-30.0494244916299,1.99999999999999));
#1782=CARTESIAN_POINT('',(-10.8903126694846,-29.5837752777708,2.99999999999999));
#1783=CARTESIAN_POINT('',(-10.1253669265161,-30.230358567475,1.99999999999999));
#1784=CARTESIAN_POINT('',(-11.0198369986288,-29.7349960645669,2.99999999999999));
#1785=CARTESIAN_POINT('',(-10.2731741875809,-30.401000258887,1.99999999999999));
#1786=CARTESIAN_POINT('',(-11.1525612884326,-29.8810371414617,2.99999999999999));
#1787=CARTESIAN_POINT('',(-10.4266968382505,-30.5680283470875,1.99999999999999));
#1788=CARTESIAN_POINT('',(-11.288846369078,-30.0199552361424,2.99999999999999));
#1789=CARTESIAN_POINT('',(-10.5868796849452,-30.7312735738999,1.99999999999999));
#1790=CARTESIAN_POINT('',(-11.4254300160021,-30.1469485660306,2.99999999999999));
#1791=CARTESIAN_POINT('',(-10.7503190202715,-30.8864352499721,1.99999999999999));
#1792=CARTESIAN_POINT('',(-11.5615381730794,-30.2673191042393,2.99999999999999));
#1793=CARTESIAN_POINT('',(-10.9155354745357,-31.0318476004792,1.99999999999999));
#1794=CARTESIAN_POINT('',(-11.6973924928098,-30.3786239584607,2.99999999999999));
#1795=CARTESIAN_POINT('',(-11.0833000229475,-31.1680527539044,1.99999999999999));
#1796=CARTESIAN_POINT('',(-11.8366315429358,-30.4826007535633,2.99999999999999));
#1797=CARTESIAN_POINT('',(-11.2585025558084,-31.2982859532712,1.99999999999999));
#1798=CARTESIAN_POINT('',(-11.9835887962081,-30.5798339938602,2.99999999999999));
#1799=CARTESIAN_POINT('',(-11.4474724668405,-31.4254441618883,1.99999999999999));
#1800=CARTESIAN_POINT('',(-12.1391970997914,-30.6732694519114,2.99999999999999));
#1801=CARTESIAN_POINT('',(-11.6525251991595,-31.547853435411,1.99999999999999));
#1802=CARTESIAN_POINT('',(-12.2963681819416,-30.7552128314015,2.99999999999999));
#1803=CARTESIAN_POINT('',(-11.8638162388813,-31.657109633165,1.99999999999999));
#1804=CARTESIAN_POINT('',(-12.4457212001041,-30.8203219292139,2.99999999999999));
#1805=CARTESIAN_POINT('',(-12.067677447062,-31.7471106410372,1.99999999999999));
#1806=CARTESIAN_POINT('',(-12.5876866234604,-30.8732548741345,2.99999999999999));
#1807=CARTESIAN_POINT('',(-12.2662917222527,-31.8210866574638,1.99999999999999));
#1808=CARTESIAN_POINT('',(-12.7298389012113,-30.9171850758098,2.99999999999999));
#1809=CARTESIAN_POINT('',(-12.4671873782115,-31.882655630201,1.99999999999999));
#1810=CARTESIAN_POINT('',(-12.8782675953984,-30.952658766767,2.99999999999999));
#1811=CARTESIAN_POINT('',(-12.675965833848,-31.9327997276006,1.99999999999999));
#1812=CARTESIAN_POINT('',(-13.0314561797944,-30.9788639370261,2.99999999999999));
#1813=CARTESIAN_POINT('',(-12.8949034242379,-31.9703326348432,1.99999999999999));
#1814=CARTESIAN_POINT('',(-13.195713156454,-30.9960388879968,2.99999999999999));
#1815=CARTESIAN_POINT('',(-13.1260624999036,-31.9944866745483,1.99999999999999));
#1816=CARTESIAN_POINT('',(-13.304538173826,-31.0000064373025,2.99999999999999));
#1817=CARTESIAN_POINT('',(-13.2840574884199,-32.0000187306488,1.99999999999999));
#1818=CARTESIAN_POINT('',(-13.3667498858639,-31.,2.99999999999999));
#1819=CARTESIAN_POINT('',(-13.3667525980448,-32.,1.99999999999999));
#1820=FACE_BOUND('',#1821,.T.);
#1821=EDGE_LOOP('',(#3059,#3060,#3061,#3062));
#1822=B_SPLINE_SURFACE_WITH_KNOTS('',3,1,(
(#1823,#1824),
(#1825,#1826),
(#1827,#1828),
(#1829,#1830),
(#1831,#1832),
(#1833,#1834),
(#1835,#1836),
(#1837,#1838),
(#1839,#1840),
(#1841,#1842),
(#1843,#1844),
(#1845,#1846),
(#1847,#1848),
(#1849,#1850),
(#1851,#1852),
(#1853,#1854),
(#1855,#1856),
(#1857,#1858),
(#1859,#1860),
(#1861,#1862),
(#1863,#1864),
(#1865,#1866),
(#1867,#1868),
(#1869,#1870),
(#1871,#1872),
(#1873,#1874),
(#1875,#1876),
(#1877,#1878),
(#1879,#1880),
(#1881,#1882),
(#1883,#1884),
(#1885,#1886),
(#1887,#1888),
(#1889,#1890),
(#1891,#1892),
(#1893,#1894),
(#1895,#1896),
(#1897,#1898),
(#1899,#1900),
(#1901,#1902),
(#1903,#1904),
(#1905,#1906),
(#1907,#1908),
(#1909,#1910),
(#1911,#1912),
(#1913,#1914),
(#1915,#1916),
(#1917,#1918),
(#1919,#1920),
(#1921,#1922),
(#1923,#1924),
(#1925,#1926),
(#1927,#1928),
(#1929,#1930),
(#1931,#1932),
(#1933,#1934),
(#1935,#1936),
(#1937,#1938),
(#1939,#1940),
(#1941,#1942),
(#1943,#1944),
(#1945,#1946),
(#1947,#1948),
(#1949,#1950),
(#1951,#1952),
(#1953,#1954),
(#1955,#1956),
(#1957,#1958),
(#1959,#1960),
(#1961,#1962),
(#1963,#1964),
(#1965,#1966),
(#1967,#1968),
(#1969,#1970),
(#1971,#1972),
(#1973,#1974),
(#1975,#1976),
(#1977,#1978),
(#1979,#1980),
(#1981,#1982),
(#1983,#1984),
(#1985,#1986),
(#1987,#1988),
(#1989,#1990),
(#1991,#1992),
(#1993,#1994)),
.UNSPECIFIED.,.F.,.F.,.F.,
(4,1,1,1,1,1,1,1,1,1,1,1,1,1,1,1,1,1,1,1,1,1,1,1,1,1,1,1,1,1,1,1,1,1,1,1,1,1,1,1,
1,1,1,1,1,1,1,1,1,1,1,1,1,1,1,1,1,1,1,1,1,1,1,1,1,1,1,1,1,1,1,1,1,1,1,1,1,1,1,1,
1,1,1,4),
(2,2),
(2.21952296354399,2.36562794233764,2.44129967360748,2.52574982506105,2.61880891229136,
2.7196369643846,2.82460336728424,2.93512063129795,3.06611475751766,3.21815654225868,
3.39020043222208,3.57290382867634,3.76306841561131,3.95854468993303,4.14313257374207,
4.33183176913076,4.52756418050387,4.74280449940128,4.94815977711964,5.14680035802554,
5.3394146323035,5.5400862567567,5.73721103902769,5.94489728632489,6.16481910303367,
6.41487802556747,6.66717058838239,6.93795205793143,7.20938863441917,7.49363105870471,
7.75833584509384,8.04148244994474,8.35097835782419,8.71909831932786,9.0898959841818,
9.47739086042155,9.87775597985102,10.3277816231412,10.796079184523,11.2299434134592,
11.5936652136549,11.8963788198467,12.2012954466517,12.5069837394605,12.9018752653573,
13.438476208679,14.1546473979464,14.9258959851117,15.601677049286,16.1649110187839,
16.6457987257684,17.1093997722769,17.5328356831888,17.9219669073047,18.2901905999431,
18.674373186213,19.0601160716282,19.4144251066524,19.7255928156603,20.0134582211797,
20.3280934108099,20.7021812499842,21.1184327496819,21.5195730840287,21.8486106261501,
22.1040383149271,22.3286211613948,22.5490835854598,22.7777139191879,23.0013879714158,
23.2201185815175,23.4294589946596,23.6356188916266,23.8382394379343,24.0485631861461,
24.2739107010841,24.497154560696,24.6997628837458,24.8820878952347,25.064172464844,
25.259697433906,25.4602980126148,25.6528188732357,25.8797121085211),
(0.,1.),
.UNSPECIFIED.);
#1823=CARTESIAN_POINT('',(-0.124459918078141,-14.7217088337488,2.99999999999999));
#1824=CARTESIAN_POINT('',(-9.77242837271148E-6,-15.713934695762,1.99999999999999));
#1825=CARTESIAN_POINT('',(-0.0799022398765047,-14.7136121576623,2.99999999999999));
#1826=CARTESIAN_POINT('',(0.0466309007793936,-15.7081183208732,1.99999999999999));
#1827=CARTESIAN_POINT('',(-0.00363095337480856,-14.7076494083981,2.99999999999999));
#1828=CARTESIAN_POINT('',(0.109363608767054,-15.7015766811618,1.99999999999999));
#1829=CARTESIAN_POINT('',(0.108407323587481,-14.7032693301778,2.99999999999999));
#1830=CARTESIAN_POINT('',(0.193183841096901,-15.6951157306673,1.99999999999999));
#1831=CARTESIAN_POINT('',(0.20121361731039,-14.6983300354289,2.99999999999999));
#1832=CARTESIAN_POINT('',(0.26158023449953,-15.6912281686822,1.99999999999999));
#1833=CARTESIAN_POINT('',(0.304090536916082,-14.6936133523491,2.99999999999999));
#1834=CARTESIAN_POINT('',(0.335983938962704,-15.6886578800495,1.99999999999999));
#1835=CARTESIAN_POINT('',(0.414450983194198,-14.69012873031,2.99999999999999));
#1836=CARTESIAN_POINT('',(0.415593182628198,-15.6878604232077,1.99999999999999));
#1837=CARTESIAN_POINT('',(0.53063719891242,-14.6896207085511,2.99999999999999));
#1838=CARTESIAN_POINT('',(0.500107197010811,-15.6892373454743,1.99999999999999));
#1839=CARTESIAN_POINT('',(0.655388530379956,-14.6951533280974,2.99999999999999));
#1840=CARTESIAN_POINT('',(0.594191499414529,-15.6934373808376,1.99999999999999));
#1841=CARTESIAN_POINT('',(0.797647983002726,-14.7065811988079,2.99999999999999));
#1842=CARTESIAN_POINT('',(0.701308675750695,-15.7017255353255,1.99999999999999));
#1843=CARTESIAN_POINT('',(0.962636647565389,-14.7258218828464,2.99999999999999));
#1844=CARTESIAN_POINT('',(0.824707708147468,-15.7160743085934,1.99999999999999));
#1845=CARTESIAN_POINT('',(1.14554314638123,-14.7552303784968,2.99999999999999));
#1846=CARTESIAN_POINT('',(0.961316007478701,-15.7381566881738,1.99999999999999));
#1847=CARTESIAN_POINT('',(1.33867943551391,-14.7956804985431,2.99999999999999));
#1848=CARTESIAN_POINT('',(1.10630955313911,-15.7688913972727,1.99999999999999));
#1849=CARTESIAN_POINT('',(1.53752802550242,-14.8487751738349,2.99999999999999));
#1850=CARTESIAN_POINT('',(1.25608245815312,-15.8086506063002,1.99999999999999));
#1851=CARTESIAN_POINT('',(1.73500282537569,-14.9127830778974,2.99999999999999));
#1852=CARTESIAN_POINT('',(1.40495513969711,-15.8565597073246,1.99999999999999));
#1853=CARTESIAN_POINT('',(1.9276911242934,-14.9855339422281,2.99999999999999));
#1854=CARTESIAN_POINT('',(1.551190419975,-15.9118561312513,1.99999999999999));
#1855=CARTESIAN_POINT('',(2.11446877560381,-15.0654601596067,2.99999999999999));
#1856=CARTESIAN_POINT('',(1.69460217261967,-15.9740378243046,1.99999999999999));
#1857=CARTESIAN_POINT('',(2.3070492546224,-15.160796596771,2.99999999999999));
#1858=CARTESIAN_POINT('',(1.8438816702426,-16.0473463808514,1.99999999999999));
#1859=CARTESIAN_POINT('',(2.49925041665282,-15.268068400244,2.99999999999999));
#1860=CARTESIAN_POINT('',(1.99446907564583,-16.1306702929999,1.99999999999999));
#1861=CARTESIAN_POINT('',(2.68577333460464,-15.3818156085638,2.99999999999999));
#1862=CARTESIAN_POINT('',(2.14205929948653,-16.2217130205498,1.99999999999999));
#1863=CARTESIAN_POINT('',(2.85892569085315,-15.4986727306929,2.99999999999999));
#1864=CARTESIAN_POINT('',(2.2812213251481,-16.3160238706728,1.99999999999999));
#1865=CARTESIAN_POINT('',(3.02497219365381,-15.6220785897936,2.99999999999999));
#1866=CARTESIAN_POINT('',(2.41666087028708,-16.4157971006739,1.99999999999999));
#1867=CARTESIAN_POINT('',(3.18506960346483,-15.7505272696611,2.99999999999999));
#1868=CARTESIAN_POINT('',(2.54879999901089,-16.5209635825151,1.99999999999999));
#1869=CARTESIAN_POINT('',(3.34429737107692,-15.8851351272087,2.99999999999999));
#1870=CARTESIAN_POINT('',(2.68096254253614,-16.6339979095884,1.99999999999999));
#1871=CARTESIAN_POINT('',(3.50235878510545,-16.0287497899757,2.99999999999999));
#1872=CARTESIAN_POINT('',(2.81403683096108,-16.7557819693752,1.99999999999999));
#1873=CARTESIAN_POINT('',(3.66674868103929,-16.1908632677332,2.99999999999999));
#1874=CARTESIAN_POINT('',(2.95495644462618,-16.8935819467457,1.99999999999999));
#1875=CARTESIAN_POINT('',(3.83498624552743,-16.3686466136253,2.99999999999999));
#1876=CARTESIAN_POINT('',(3.10108561651494,-17.0464464125992,1.99999999999999));
#1877=CARTESIAN_POINT('',(4.00942475879616,-16.5614278514891,2.99999999999999));
#1878=CARTESIAN_POINT('',(3.25296707216945,-17.21621194027,1.99999999999999));
#1879=CARTESIAN_POINT('',(4.18073585186723,-16.7639605906813,2.99999999999999));
#1880=CARTESIAN_POINT('',(3.40418663941708,-17.396315116384,1.99999999999999));
#1881=CARTESIAN_POINT('',(4.35014745225627,-16.9802867257754,2.99999999999999));
#1882=CARTESIAN_POINT('',(3.55665695751185,-17.5892035139549,1.99999999999999));
#1883=CARTESIAN_POINT('',(4.5115271735853,-17.1986035757308,2.99999999999999));
#1884=CARTESIAN_POINT('',(3.7034858496861,-17.7858364964442,1.99999999999999));
#1885=CARTESIAN_POINT('',(4.67074764738608,-17.4216545023186,2.99999999999999));
#1886=CARTESIAN_POINT('',(3.84840855441345,-17.9902312620657,1.99999999999999));
#1887=CARTESIAN_POINT('',(4.82974455936963,-17.6532044696315,2.99999999999999));
#1888=CARTESIAN_POINT('',(3.99356627964291,-18.205022784555,1.99999999999999));
#1889=CARTESIAN_POINT('',(4.9987395708495,-17.9173360337589,2.99999999999999));
#1890=CARTESIAN_POINT('',(4.15098655915834,-18.4493553888772,1.99999999999999));
#1891=CARTESIAN_POINT('',(5.175472523367,-18.208827937178,2.99999999999999));
#1892=CARTESIAN_POINT('',(4.31735586852039,-18.7208030186075,1.99999999999999));
#1893=CARTESIAN_POINT('',(5.3584866312949,-18.5246029237812,2.99999999999999));
#1894=CARTESIAN_POINT('',(4.49067195730886,-19.0178327445267,1.99999999999999));
#1895=CARTESIAN_POINT('',(5.54392805595322,-18.8494560576378,2.99999999999999));
#1896=CARTESIAN_POINT('',(4.66460893908014,-19.3299205529666,1.99999999999999));
#1897=CARTESIAN_POINT('',(5.73175996196421,-19.2004573691596,2.99999999999999));
#1898=CARTESIAN_POINT('',(4.8439026074556,-19.6656886569242,1.99999999999999));
#1899=CARTESIAN_POINT('',(5.92332199505592,-19.5773320697785,2.99999999999999));
#1900=CARTESIAN_POINT('',(5.0289419732979,-20.0266720870028,1.99999999999999));
#1901=CARTESIAN_POINT('',(6.11278895831218,-19.965948065289,2.99999999999999));
#1902=CARTESIAN_POINT('',(5.21340281567476,-20.400722361177,1.99999999999999));
#1903=CARTESIAN_POINT('',(6.28608923836982,-20.3306799160083,2.99999999999999));
#1904=CARTESIAN_POINT('',(5.38238861443928,-20.7548320383022,1.99999999999999));
#1905=CARTESIAN_POINT('',(6.43642638850237,-20.6471370691939,2.99999999999999));
#1906=CARTESIAN_POINT('',(5.52762794012203,-21.0670043603817,1.99999999999999));
#1907=CARTESIAN_POINT('',(6.56530327984625,-20.9276332609581,2.99999999999999));
#1908=CARTESIAN_POINT('',(5.65341042927697,-21.3424272016633,1.99999999999999));
#1909=CARTESIAN_POINT('',(6.68396172790646,-21.1920347782107,2.99999999999999));
#1910=CARTESIAN_POINT('',(5.77002636854095,-21.601618561689,1.99999999999999));
#1911=CARTESIAN_POINT('',(6.8124303460296,-21.4836155209423,2.99999999999999));
#1912=CARTESIAN_POINT('',(5.89695507200412,-21.8874616581343,1.99999999999999));
#1913=CARTESIAN_POINT('',(6.96835797767947,-21.8427261349428,2.99999999999999));
#1914=CARTESIAN_POINT('',(6.05159938159139,-22.240273955131,1.99999999999999));
#1915=CARTESIAN_POINT('',(7.17470052286876,-22.3206303185149,2.99999999999999));
#1916=CARTESIAN_POINT('',(6.25619890662221,-22.7135606923703,1.99999999999999));
#1917=CARTESIAN_POINT('',(7.42808262166096,-22.9063679712947,2.99999999999999));
#1918=CARTESIAN_POINT('',(6.50668257256499,-23.3003221568289,1.99999999999999));
#1919=CARTESIAN_POINT('',(7.69092684414986,-23.5338334756291,2.99999999999999));
#1920=CARTESIAN_POINT('',(6.77098530498349,-23.9228005709106,1.99999999999999));
#1921=CARTESIAN_POINT('',(7.93881535159842,-24.1134809772796,2.99999999999999));
#1922=CARTESIAN_POINT('',(7.01987016192478,-24.5063647240347,1.99999999999999));
#1923=CARTESIAN_POINT('',(8.15383765848747,-24.60707235442,2.99999999999999));
#1924=CARTESIAN_POINT('',(7.23592607016174,-25.007266981789,1.99999999999999));
#1925=CARTESIAN_POINT('',(8.3414307065699,-25.0395026704161,2.99999999999999));
#1926=CARTESIAN_POINT('',(7.42645951161047,-25.4425303462765,1.99999999999999));
#1927=CARTESIAN_POINT('',(8.51402488673973,-25.4297781253352,2.99999999999999));
#1928=CARTESIAN_POINT('',(7.60234562543589,-25.8373789620105,1.99999999999999));
#1929=CARTESIAN_POINT('',(8.6781352175822,-25.791511906727,2.99999999999999));
#1930=CARTESIAN_POINT('',(7.76994272143063,-26.2060547761412,1.99999999999999));
#1931=CARTESIAN_POINT('',(8.83501786469274,-26.1225669297198,2.99999999999999));
#1932=CARTESIAN_POINT('',(7.92974129820581,-26.5498083801061,1.99999999999999));
#1933=CARTESIAN_POINT('',(8.98735182614025,-26.4425155217687,2.99999999999999));
#1934=CARTESIAN_POINT('',(8.08617497196354,-26.878344445368,1.99999999999999));
#1935=CARTESIAN_POINT('',(9.14101610831667,-26.7602786442602,2.99999999999999));
#1936=CARTESIAN_POINT('',(8.24506173739981,-27.2032669180869,1.99999999999999));
#1937=CARTESIAN_POINT('',(9.29607921990463,-27.071540723361,2.99999999999999));
#1938=CARTESIAN_POINT('',(8.40623356494355,-27.5229138371263,1.99999999999999));
#1939=CARTESIAN_POINT('',(9.44534760076302,-27.35896016545,2.99999999999999));
#1940=CARTESIAN_POINT('',(8.56196831805383,-27.8216930349408,1.99999999999999));
#1941=CARTESIAN_POINT('',(9.58501646033344,-27.6159382938101,2.99999999999999));
#1942=CARTESIAN_POINT('',(8.70812305944643,-28.0929371489081,1.99999999999999));
#1943=CARTESIAN_POINT('',(9.72378724287534,-27.8577811922926,2.99999999999999));
#1944=CARTESIAN_POINT('',(8.85360309577749,-28.3541178049519,1.99999999999999));
#1945=CARTESIAN_POINT('',(9.87368196299099,-28.1164103552543,2.99999999999999));
#1946=CARTESIAN_POINT('',(9.01196246693972,-28.6283160881693,1.99999999999999));
#1947=CARTESIAN_POINT('',(10.0470242787763,-28.4064952574237,2.99999999999999));
#1948=CARTESIAN_POINT('',(9.1966690219732,-28.9342075188494,1.99999999999999));
#1949=CARTESIAN_POINT('',(10.2402509785353,-28.7133425238562,2.99999999999999));
#1950=CARTESIAN_POINT('',(9.40479991886557,-29.2598823414088,1.99999999999999));
#1951=CARTESIAN_POINT('',(10.434437536751,-28.9995399108725,2.99999999999999));
#1952=CARTESIAN_POINT('',(9.61659324159074,-29.5699974643436,1.99999999999999));
#1953=CARTESIAN_POINT('',(10.6094525452886,-29.2355859140804,2.99999999999999));
#1954=CARTESIAN_POINT('',(9.81001989101284,-29.8346603058576,1.99999999999999));
#1955=CARTESIAN_POINT('',(10.7587331634063,-29.4227779072137,2.99999999999999));
#1956=CARTESIAN_POINT('',(9.97690175375546,-30.0494244915614,1.99999999999999));
#1957=CARTESIAN_POINT('',(10.8903126694299,-29.5837752777053,2.99999999999999));
#1958=CARTESIAN_POINT('',(10.1253669264541,-30.2303585674013,1.99999999999999));
#1959=CARTESIAN_POINT('',(11.0198369985706,-29.7349960645008,2.99999999999999));
#1960=CARTESIAN_POINT('',(10.2731741875141,-30.4010002588121,1.99999999999999));
#1961=CARTESIAN_POINT('',(11.1525612883728,-29.8810371413981,2.99999999999999));
#1962=CARTESIAN_POINT('',(10.4266968381808,-30.5680283470141,1.99999999999999));
#1963=CARTESIAN_POINT('',(11.2888463690163,-30.0199552360827,2.99999999999999));
#1964=CARTESIAN_POINT('',(10.586879684872,-30.7312735738278,1.99999999999999));
#1965=CARTESIAN_POINT('',(11.4254300159387,-30.146948565973,2.99999999999999));
#1966=CARTESIAN_POINT('',(10.7503190201951,-30.8864352499022,1.99999999999999));
#1967=CARTESIAN_POINT('',(11.5615381730145,-30.2673191041839,2.99999999999999));
#1968=CARTESIAN_POINT('',(10.9155354744563,-31.0318476004119,1.99999999999999));
#1969=CARTESIAN_POINT('',(11.6973924927433,-30.3786239584085,2.99999999999999));
#1970=CARTESIAN_POINT('',(11.0833000228647,-31.1680527538399,1.99999999999999));
#1971=CARTESIAN_POINT('',(11.8366315428678,-30.4826007535156,2.99999999999999));
#1972=CARTESIAN_POINT('',(11.2585025557219,-31.29828595321,1.99999999999999));
#1973=CARTESIAN_POINT('',(11.9835887961383,-30.5798339938162,2.99999999999999));
#1974=CARTESIAN_POINT('',(11.4474724667497,-31.4254441618306,1.99999999999999));
#1975=CARTESIAN_POINT('',(12.139197099719,-30.6732694518705,2.99999999999999));
#1976=CARTESIAN_POINT('',(11.652525199063,-31.5478534353572,1.99999999999999));
#1977=CARTESIAN_POINT('',(12.2963681818664,-30.7552128313654,2.99999999999999));
#1978=CARTESIAN_POINT('',(11.8638162387797,-31.6571096331161,1.99999999999999));
#1979=CARTESIAN_POINT('',(12.4457212000228,-30.8203219291809,2.99999999999999));
#1980=CARTESIAN_POINT('',(12.0676774469495,-31.7471106409911,1.99999999999999));
#1981=CARTESIAN_POINT('',(12.5876866233688,-30.873254874103,2.99999999999999));
#1982=CARTESIAN_POINT('',(12.2662917221237,-31.8210866574196,1.99999999999999));
#1983=CARTESIAN_POINT('',(12.7298389011002,-30.9171850757788,2.99999999999999));
#1984=CARTESIAN_POINT('',(12.4671873780546,-31.8826556301575,1.99999999999999));
#1985=CARTESIAN_POINT('',(12.8782675952616,-30.9526587667385,2.99999999999999));
#1986=CARTESIAN_POINT('',(12.6759658336547,-31.9327997275599,1.99999999999999));
#1987=CARTESIAN_POINT('',(13.0314561796441,-30.9788639370052,2.99999999999999));
#1988=CARTESIAN_POINT('',(12.8949034240219,-31.9703326348134,1.99999999999999));
#1989=CARTESIAN_POINT('',(13.1957131563476,-30.9960388879914,2.99999999999999));
#1990=CARTESIAN_POINT('',(13.1260624997574,-31.9944866745411,1.99999999999999));
#1991=CARTESIAN_POINT('',(13.3045381737768,-31.0000064373025,2.99999999999999));
#1992=CARTESIAN_POINT('',(13.2840574883507,-32.0000187306488,1.99999999999999));
#1993=CARTESIAN_POINT('',(13.3667498858639,-31.,2.99999999999999));
#1994=CARTESIAN_POINT('',(13.3667525980448,-32.,1.99999999999999));
#1995=FACE_BOUND('',#1996,.T.);
#1996=EDGE_LOOP('',(#3063,#3064,#3065,#3066));
#1997=PLANE('',#1998);
#1998=AXIS2_PLACEMENT_3D('',#1999,#2000,#2001);
#1999=CARTESIAN_POINT('',(31.999999999991,-32.,1.99999999999999));
#2000=DIRECTION('',(1.10993647037352E-16,0.707106781186547,-0.707106781186548));
#2001=DIRECTION('',(-1.,0.,-1.56968720977475E-16));
#2002=FACE_BOUND('',#2003,.T.);
#2003=EDGE_LOOP('',(#3067,#3068,#3069,#3070,#3071));
#2004=PLANE('',#2005);
#2005=AXIS2_PLACEMENT_3D('',#2006,#2007,#2008);
#2006=CARTESIAN_POINT('',(18.999999999991,-2.4492935982947E-16,4.));
#2007=DIRECTION('',(-4.76481890971117E-16,-0.707106781186548,0.707106781186547));
#2008=DIRECTION('',(-1.,4.27497499264649E-32,-6.73847152436532E-16));
#2009=FACE_BOUND('',#2010,.T.);
#2010=EDGE_LOOP('',(#3072,#3073,#3074,#3075,#3076));
#2011=PLANE('',#2012);
#2012=AXIS2_PLACEMENT_3D('',#2013,#2014,#2015);
#2013=CARTESIAN_POINT('',(0.,0.,0.));
#2014=DIRECTION('',(-7.49879891330929E-33,-1.,-6.12323399573677E-17));
#2015=DIRECTION('',(1.,7.49879891330929E-33,-2.44929359829471E-16));
#2016=FACE_BOUND('',#2017,.T.);
#2017=EDGE_LOOP('',(#3077,#3078,#3079,#3080));
#2018=CONICAL_SURFACE('',#2019,16.5,0.78539816339745);
#2019=AXIS2_PLACEMENT_3D('',#2020,#2021,#2022);
#2020=CARTESIAN_POINT('',(6.12323399573677E-15,-0.500000000000001,25.));
#2021=DIRECTION('',(7.70371977754894E-33,1.,6.12323399573677E-17));
#2022=DIRECTION('',(0.992793414324011,-7.3379842079262E-18,0.11983837646961));
#2023=FACE_BOUND('',#2024,.T.);
#2024=EDGE_LOOP('',(#3081,#3082,#3083,#3084,#3085));
#2025=PLANE('',#2026);
#2026=AXIS2_PLACEMENT_3D('',#2027,#2028,#2029);
#2027=CARTESIAN_POINT('',(7.77350269207814,1.,6.46410161514101));
#2028=DIRECTION('',(-0.500000000000399,4.66172772456498E-17,-0.866025403784208));
#2029=DIRECTION('',(0.866025403784208,3.20493781063881E-17,-0.500000000000399));
#2030=FACE_BOUND('',#2031,.T.);
#2031=EDGE_LOOP('',(#3086,#3087,#3088,#3089));
#2032=PLANE('',#2033);
#2033=AXIS2_PLACEMENT_3D('',#2034,#2035,#2036);
#2034=CARTESIAN_POINT('',(6.63952809586357,-1.53080849893601E-16,2.50000000000297));
#2035=DIRECTION('',(0.612372435695883,-0.707106781186547,-0.353553390593121));
#2036=DIRECTION('',(0.499999999999784,-5.3028761936253E-17,0.866025403784563));
#2037=FACE_BOUND('',#2038,.T.);
#2038=EDGE_LOOP('',(#3090,#3091,#3092,#3093));
#2039=CONICAL_SURFACE('',#2040,16.5,0.78539816339745);
#2040=AXIS2_PLACEMENT_3D('',#2041,#2042,#2043);
#2041=CARTESIAN_POINT('',(-3.06161699786838E-15,-0.500000000000001,25.));
#2042=DIRECTION('',(0.,1.,6.12323399573677E-17));
#2043=DIRECTION('',(0.992793414324011,7.3379842079262E-18,-0.11983837646961));
#2044=FACE_BOUND('',#2045,.T.);
#2045=EDGE_LOOP('',(#3094,#3095,#3096,#3097,#3098));
#2046=PLANE('',#2047);
#2047=AXIS2_PLACEMENT_3D('',#2048,#2049,#2050);
#2048=CARTESIAN_POINT('',(0.,0.,0.));
#2049=DIRECTION('',(0.,1.,6.12323399573677E-17));
#2050=DIRECTION('',(-1.,7.49879891330929E-33,-1.22464679914735E-16));
#2051=FACE_BOUND('',#2052,.T.);
#2052=EDGE_LOOP('',(#3099,#3100,#3101,#3102));
#2053=PLANE('',#2054);
#2054=AXIS2_PLACEMENT_3D('',#2055,#2056,#2057);
#2055=CARTESIAN_POINT('',(-6.63952809586357,-1.53080849893601E-16,2.50000000000297));
#2056=DIRECTION('',(0.612372435695883,0.707106781186547,0.353553390593121));
#2057=DIRECTION('',(-0.499999999999784,-5.3028761936253E-17,0.866025403784563));
#2058=FACE_BOUND('',#2059,.T.);
#2059=EDGE_LOOP('',(#3103,#3104,#3105,#3106,#3107));
#2060=PLANE('',#2061);
#2061=AXIS2_PLACEMENT_3D('',#2062,#2063,#2064);
#2062=CARTESIAN_POINT('',(-7.77350269207814,1.,6.46410161514101));
#2063=DIRECTION('',(-0.500000000000399,-4.66172772456498E-17,0.866025403784209));
#2064=DIRECTION('',(-0.866025403784209,3.20493781063881E-17,-0.500000000000399));
#2065=FACE_BOUND('',#2066,.T.);
#2066=EDGE_LOOP('',(#3108,#3109,#3110,#3111,#3112,#3113,#3114));
#2067=CONICAL_SURFACE('',#2068,13.15,0.785398163397447);
#2068=AXIS2_PLACEMENT_3D('',#2069,#2070,#2071);
#2069=CARTESIAN_POINT('',(-3.06161699786838E-15,-31.5,25.));
#2070=DIRECTION('',(0.,-1.,-6.12323399573677E-17));
#2071=DIRECTION('',(0.780163393432097,3.83054699569613E-17,-0.62557579840377));
#2072=FACE_BOUND('',#2073,.T.);
#2073=EDGE_LOOP('',(#3115,#3116,#3117,#3118,#3119,#3120,#3121,#3122));
#2074=FACE_BOUND('',#2075,.T.);
#2075=EDGE_LOOP('',(#3123,#3124,#3125,#3126));
#2076=FACE_OUTER_BOUND('',#2077,.T.);
#2077=EDGE_LOOP('',(#3127));
#2078=FACE_BOUND('',#2079,.T.);
#2079=EDGE_LOOP('',(#3128,#3129,#3130,#3131));
#2080=FACE_BOUND('',#2081,.T.);
#2081=EDGE_LOOP('',(#3132,#3133,#3134,#3135));
#2082=CYLINDRICAL_SURFACE('',#2083,12.65);
#2083=AXIS2_PLACEMENT_3D('',#2084,#2085,#2086);
#2084=CARTESIAN_POINT('',(-3.06161699786838E-15,-32.,25.));
#2085=DIRECTION('',(0.,-1.,-6.12323399573677E-17));
#2086=DIRECTION('',(3.06161699786838E-16,6.12323399573677E-17,-1.));
#2087=FACE_OUTER_BOUND('',#2088,.T.);
#2088=EDGE_LOOP('',(#3136));
#2089=FACE_OUTER_BOUND('',#2090,.T.);
#2090=EDGE_LOOP('',(#3137));
#2091=CYLINDRICAL_SURFACE('',#2092,1.5);
#2092=AXIS2_PLACEMENT_3D('',#2093,#2094,#2095);
#2093=CARTESIAN_POINT('',(-8.49999999999999,-37.,25.));
#2094=DIRECTION('',(-7.49879891330929E-33,-1.,-6.12323399573677E-17));
#2095=DIRECTION('',(-1.,0.,1.22464679914735E-16));
#2096=FACE_OUTER_BOUND('',#2097,.T.);
#2097=EDGE_LOOP('',(#3138));
#2098=FACE_OUTER_BOUND('',#2099,.T.);
#2099=EDGE_LOOP('',(#3139));
#2100=CYLINDRICAL_SURFACE('',#2101,1.5);
#2101=AXIS2_PLACEMENT_3D('',#2102,#2103,#2104);
#2102=CARTESIAN_POINT('',(8.5,-37.,25.));
#2103=DIRECTION('',(0.,1.,6.12323399573677E-17));
#2104=DIRECTION('',(1.,0.,0.));
#2105=FACE_BOUND('',#2106,.T.);
#2106=EDGE_LOOP('',(#3140,#3141,#3142,#3143,#3144));
#2107=PLANE('',#2108);
#2108=AXIS2_PLACEMENT_3D('',#2109,#2110,#2111);
#2109=CARTESIAN_POINT('',(17.7376043072146,-1.14261101893501E-16,1.86602540378261));
#2110=DIRECTION('',(0.353553390593556,-0.707106781186548,0.612372435695631));
#2111=DIRECTION('',(-0.866025403784208,-3.06161699787082E-17,0.500000000000399));
#2112=FACE_BOUND('',#2113,.T.);
#2113=EDGE_LOOP('',(#3145,#3146,#3147,#3148));
#2114=B_SPLINE_SURFACE_WITH_KNOTS('',3,1,(
(#2115,#2116),
(#2117,#2118),
(#2119,#2120),
(#2121,#2122),
(#2123,#2124),
(#2125,#2126),
(#2127,#2128),
(#2129,#2130),
(#2131,#2132),
(#2133,#2134),
(#2135,#2136),
(#2137,#2138),
(#2139,#2140),
(#2141,#2142),
(#2143,#2144),
(#2145,#2146),
(#2147,#2148),
(#2149,#2150),
(#2151,#2152),
(#2153,#2154),
(#2155,#2156),
(#2157,#2158),
(#2159,#2160),
(#2161,#2162),
(#2163,#2164),
(#2165,#2166),
(#2167,#2168),
(#2169,#2170),
(#2171,#2172),
(#2173,#2174),
(#2175,#2176),
(#2177,#2178),
(#2179,#2180),
(#2181,#2182),
(#2183,#2184),
(#2185,#2186),
(#2187,#2188),
(#2189,#2190),
(#2191,#2192)),
.UNSPECIFIED.,.F.,.F.,.F.,
(4,1,1,1,1,1,1,1,1,1,1,1,1,1,1,1,1,1,1,1,1,1,1,1,1,1,1,1,1,1,1,1,1,1,1,1,4),
(2,2),
(1.66866384868847,2.3811158214897,2.59135054681936,2.74487606410173,2.8981315682719,
3.06405368468522,3.24220924044959,3.41530645916548,3.5772199998135,3.72838303528576,
3.88133782579151,4.06940683267637,4.28972399805158,4.51719763785414,4.71110677504924,
4.88420971581024,5.05518249037675,5.25941735929418,5.47806044361261,5.70345650831893,
5.89690762857687,6.08379959731075,6.28359235927986,6.52421437735379,6.77913096674487,
7.01921781251679,7.23164693811831,7.44658515846778,7.69659387127876,7.98618469547664,
8.28052553069248,8.55638078441693,8.83214482165696,9.13791883825498,9.46466963521377,
9.78944077203958,10.2864064619861),
(0.,1.),
.UNSPECIFIED.);
#2115=CARTESIAN_POINT('',(-1.01295798577261E-5,-25.8057166912483,12.3500000000041));
#2116=CARTESIAN_POINT('',(-9.87165856607801E-6,-26.1469856441884,12.0087310461102));
#2117=CARTESIAN_POINT('',(0.363680275346604,-25.8057680709176,12.3498497218303));
#2118=CARTESIAN_POINT('',(0.354437971651269,-26.1470367281819,12.008796574461));
#2119=CARTESIAN_POINT('',(0.838892946876868,-25.8384352883019,12.3706574520092));
#2120=CARTESIAN_POINT('',(0.818038445361442,-26.1802856719456,12.0258917606139));
#2121=CARTESIAN_POINT('',(1.38201601043906,-25.9178402532312,12.4247119680167));
#2122=CARTESIAN_POINT('',(1.34953096689232,-26.261534956267,12.0685326020556));
#2123=CARTESIAN_POINT('',(1.63939278728943,-25.9628237705188,12.455975114905));
#2124=CARTESIAN_POINT('',(1.60165715389627,-26.3076594928507,12.0929000693377));
#2125=CARTESIAN_POINT('',(1.87336925433183,-26.0113082194584,12.4887243720254));
#2126=CARTESIAN_POINT('',(1.83146055061273,-26.3573096245903,12.1192968143056));
#2127=CARTESIAN_POINT('',(2.11769930286064,-26.0693917957107,12.5276422094476));
#2128=CARTESIAN_POINT('',(2.07203057971002,-26.4167850511358,12.1511614571863));
#2129=CARTESIAN_POINT('',(2.36931332999072,-26.1367029518908,12.572961022106));
#2130=CARTESIAN_POINT('',(2.32038687535745,-26.4857606546469,12.1884633675935));
#2131=CARTESIAN_POINT('',(2.61604724608127,-26.209454332088,12.622646854599));
#2132=CARTESIAN_POINT('',(2.56449277548094,-26.5604136345621,12.2292694196484));
#2133=CARTESIAN_POINT('',(2.8467634342156,-26.282458736874,12.673782478647));
#2134=CARTESIAN_POINT('',(2.79314538441747,-26.6354872544823,12.2707601270052));
#2135=CARTESIAN_POINT('',(3.06495044038739,-26.3562850539834,12.7262665210199));
#2136=CARTESIAN_POINT('',(3.00982436817863,-26.7115197288702,12.3132372627992));
#2137=CARTESIAN_POINT('',(3.29259641524926,-26.4406734881024,12.7852079773212));
#2138=CARTESIAN_POINT('',(3.23677768974964,-26.7983629085428,12.3623059524039));
#2139=CARTESIAN_POINT('',(3.54865094275891,-26.5432051459953,12.856794017557));
#2140=CARTESIAN_POINT('',(3.49294869042555,-26.9039227529603,12.4227702712882));
#2141=CARTESIAN_POINT('',(3.833983494839,-26.6665678827655,12.9436400877317));
#2142=CARTESIAN_POINT('',(3.77951887415852,-27.0310651617006,12.4968821633916));
#2143=CARTESIAN_POINT('',(4.11676844412099,-26.7971720766894,13.0374240227006));
#2144=CARTESIAN_POINT('',(4.06459433287483,-27.1659183009785,12.5771313332022));
#2145=CARTESIAN_POINT('',(4.37458090017114,-26.9207359731335,13.1295828120343));
#2146=CARTESIAN_POINT('',(4.32507218500448,-27.293911365987,12.6548644111794));
#2147=CARTESIAN_POINT('',(4.60413263859397,-27.0356909807709,13.2168436391649));
#2148=CARTESIAN_POINT('',(4.55775737497164,-27.4131551442143,12.7286085033654));
#2149=CARTESIAN_POINT('',(4.83404140399891,-27.1581409111322,13.3091499666919));
#2150=CARTESIAN_POINT('',(4.79197474220018,-27.5400893419515,12.8085178112512));
#2151=CARTESIAN_POINT('',(5.07878551544484,-27.2951433839219,13.4131493717457));
#2152=CARTESIAN_POINT('',(5.04237886045664,-27.6821858803978,12.8998026722846));
#2153=CARTESIAN_POINT('',(5.34107518560889,-27.4490684064929,13.5315934929085));
#2154=CARTESIAN_POINT('',(5.31191436805982,-27.8420089173575,13.0049442320663));
#2155=CARTESIAN_POINT('',(5.59445929033636,-27.6033147157825,13.6531951775331));
#2156=CARTESIAN_POINT('',(5.57327784410421,-28.0024883885242,13.1132799840923));
#2157=CARTESIAN_POINT('',(5.83153379583384,-27.7511865351114,13.7733980820687));
#2158=CARTESIAN_POINT('',(5.81852716339148,-28.1567368052165,13.220053693958));
#2159=CARTESIAN_POINT('',(6.05576364189365,-27.8926526006343,13.8927241498645));
#2160=CARTESIAN_POINT('',(6.05092615341939,-28.3047934330344,13.3249088032423));
#2161=CARTESIAN_POINT('',(6.29342030328039,-28.0495086266388,14.0253649343804));
#2162=CARTESIAN_POINT('',(6.29882389306301,-28.4688069542188,13.4438439848335));
#2163=CARTESIAN_POINT('',(6.55161254861582,-28.2263745441644,14.1772076637033));
#2164=CARTESIAN_POINT('',(6.5696315185268,-28.6538390252671,13.5818056710783));
#2165=CARTESIAN_POINT('',(6.81893367095811,-28.4161133254891,14.3436322827933));
#2166=CARTESIAN_POINT('',(6.85156510191225,-28.8525639461079,13.7348086072739));
#2167=CARTESIAN_POINT('',(7.07099703494342,-28.5996336518142,14.5094618823566));
#2168=CARTESIAN_POINT('',(7.11855125837066,-29.0452017867313,13.8880697391477));
#2169=CARTESIAN_POINT('',(7.30484689310009,-28.7727224364011,14.6710790349336));
#2170=CARTESIAN_POINT('',(7.36704319611807,-29.2273948187573,14.0375000829262));
#2171=CARTESIAN_POINT('',(7.53882656932903,-28.9470929501976,14.8403730577229));
#2172=CARTESIAN_POINT('',(7.6161598308123,-29.4116499729458,14.1930329973848));
#2173=CARTESIAN_POINT('',(7.79352829379961,-29.143490821734,15.0339295359044));
#2174=CARTESIAN_POINT('',(7.88966832993608,-29.6190434025342,14.3737137333269));
#2175=CARTESIAN_POINT('',(8.06823107181483,-29.3614726662249,15.2546565531396));
#2176=CARTESIAN_POINT('',(8.18677382278058,-29.8494540330571,14.5821138567833));
#2177=CARTESIAN_POINT('',(8.34422886742979,-29.586078304965,15.4900193045506));
#2178=CARTESIAN_POINT('',(8.48716946739474,-30.087331579128,14.806303972779));
#2179=CARTESIAN_POINT('',(8.60929093193781,-29.8055629608753,15.7294308781256));
#2180=CARTESIAN_POINT('',(8.77692975157345,-30.320527303804,15.0352139770669));
#2181=CARTESIAN_POINT('',(8.87197011516828,-30.0250992477232,15.9802337502559));
#2182=CARTESIAN_POINT('',(9.06479872488049,-30.5548763347948,15.274508593277));
#2183=CARTESIAN_POINT('',(9.14201043514564,-30.2575558090943,16.2535808054635));
#2184=CARTESIAN_POINT('',(9.36401258354822,-30.8030745791597,15.5387782267375));
#2185=CARTESIAN_POINT('',(9.41756449136934,-30.5006702790198,16.5507922853088));
#2186=CARTESIAN_POINT('',(9.67202568679957,-31.0631687518579,15.8288094558695));
#2187=CARTESIAN_POINT('',(9.73685796391459,-30.7892528450076,16.9186164591589));
#2188=CARTESIAN_POINT('',(10.0317862395373,-31.3725145097302,16.190725882139));
#2189=CARTESIAN_POINT('',(9.95522540541749,-30.9909012801049,17.1922479965086));
#2190=CARTESIAN_POINT('',(10.2799170256071,-31.5901460232096,16.4612751662793));
#2191=CARTESIAN_POINT('',(10.0832341303248,-31.1119413993345,17.3612246090716));
#2192=CARTESIAN_POINT('',(10.4265344508437,-31.7206613928696,16.6297051758484));
#2193=FACE_BOUND('',#2194,.T.);
#2194=EDGE_LOOP('',(#3149,#3150,#3151,#3152));
#2195=B_SPLINE_SURFACE_WITH_KNOTS('',3,1,(
(#2196,#2197),
(#2198,#2199),
(#2200,#2201),
(#2202,#2203),
(#2204,#2205),
(#2206,#2207),
(#2208,#2209),
(#2210,#2211),
(#2212,#2213),
(#2214,#2215),
(#2216,#2217),
(#2218,#2219),
(#2220,#2221),
(#2222,#2223),
(#2224,#2225),
(#2226,#2227),
(#2228,#2229),
(#2230,#2231),
(#2232,#2233),
(#2234,#2235),
(#2236,#2237),
(#2238,#2239),
(#2240,#2241),
(#2242,#2243),
(#2244,#2245),
(#2246,#2247),
(#2248,#2249),
(#2250,#2251),
(#2252,#2253),
(#2254,#2255),
(#2256,#2257),
(#2258,#2259),
(#2260,#2261),
(#2262,#2263),
(#2264,#2265),
(#2266,#2267),
(#2268,#2269),
(#2270,#2271),
(#2272,#2273)),
.UNSPECIFIED.,.F.,.F.,.F.,
(4,1,1,1,1,1,1,1,1,1,1,1,1,1,1,1,1,1,1,1,1,1,1,1,1,1,1,1,1,1,1,1,1,1,1,1,4),
(2,2),
(1.66866384868847,2.38111582147785,2.59135054680623,2.74487606408872,2.89813156825855,
3.0640536846763,3.2422092404451,3.41530645915985,3.5772199998019,3.72838303526815,
3.88133782577326,4.06940683266171,4.28972399804239,4.51719763785066,4.71110677504723,
4.88420971580742,5.05518249037308,5.25941735928809,5.47806044360436,5.70345650830891,
5.89690762856674,6.08379959730109,6.28359235926907,6.52421437733673,6.77913096671574,
7.01921781247703,7.23164693807268,7.44658515842057,7.69659387122818,7.98618469542111,
8.2805255306318,8.55638078435229,8.83214482159151,9.13791883819206,9.46466963516225,
9.78944077200237,10.2864064619861),
(0.,1.),
.UNSPECIFIED.);
#2196=CARTESIAN_POINT('',(1.01295798592386E-5,-25.8057166912483,12.3500000000041));
#2197=CARTESIAN_POINT('',(9.87165856754866E-6,-26.1469856441884,12.0087310461102));
#2198=CARTESIAN_POINT('',(-0.363680275340582,-25.8057680709177,12.3498497218303));
#2199=CARTESIAN_POINT('',(-0.354437971645405,-26.1470367281821,12.0087965744611));
#2200=CARTESIAN_POINT('',(-0.838892946863955,-25.8384352883009,12.3706574520085));
#2201=CARTESIAN_POINT('',(-0.818038445348835,-26.1802856719445,12.0258917606133));
#2202=CARTESIAN_POINT('',(-1.38201601042001,-25.9178402532282,12.4247119680146));
#2203=CARTESIAN_POINT('',(-1.34953096687368,-26.261534956264,12.068532602054));
#2204=CARTESIAN_POINT('',(-1.63939278726984,-25.962823770515,12.4559751149024));
#2205=CARTESIAN_POINT('',(-1.60165715387706,-26.3076594928469,12.0929000693357));
#2206=CARTESIAN_POINT('',(-1.87336925431443,-26.0113082194545,12.4887243720228));
#2207=CARTESIAN_POINT('',(-1.83146055059561,-26.3573096245863,12.1192968143034));
#2208=CARTESIAN_POINT('',(-2.11769930284757,-26.0693917957074,12.5276422094453));
#2209=CARTESIAN_POINT('',(-2.07203057969714,-26.4167850511323,12.1511614571844));
#2210=CARTESIAN_POINT('',(-2.36931332998152,-26.1367029518882,12.5729610221043));
#2211=CARTESIAN_POINT('',(-2.32038687534835,-26.4857606546443,12.1884633675921));
#2212=CARTESIAN_POINT('',(-2.61604724607087,-26.2094543320848,12.6226468545968));
#2213=CARTESIAN_POINT('',(-2.56449277547063,-26.5604136345588,12.2292694196466));
#2214=CARTESIAN_POINT('',(-2.84676343419914,-26.2824587368688,12.6737824786433));
#2215=CARTESIAN_POINT('',(-2.79314538440116,-26.6354872544769,12.2707601270022));
#2216=CARTESIAN_POINT('',(-3.06495044036529,-26.3562850539756,12.7262665210144));
#2217=CARTESIAN_POINT('',(-3.00982436815664,-26.7115197288621,12.3132372627947));
#2218=CARTESIAN_POINT('',(-3.29259641522607,-26.4406734880935,12.7852079773149));
#2219=CARTESIAN_POINT('',(-3.23677768972647,-26.7983629085335,12.3623059523987));
#2220=CARTESIAN_POINT('',(-3.54865094273991,-26.5432051459873,12.8567940175514));
#2221=CARTESIAN_POINT('',(-3.49294869040648,-26.903922752952,12.4227702712834));
#2222=CARTESIAN_POINT('',(-3.83398349482689,-26.66656788276,12.9436400877278));
#2223=CARTESIAN_POINT('',(-3.77951887414633,-27.0310651616949,12.4968821633882));
#2224=CARTESIAN_POINT('',(-4.11676844411461,-26.7971720766864,13.0374240226984));
#2225=CARTESIAN_POINT('',(-4.06459433286838,-27.1659183009754,12.5771313332003));
#2226=CARTESIAN_POINT('',(-4.37458090016756,-26.9207359731318,13.1295828120329));
#2227=CARTESIAN_POINT('',(-4.32507218500087,-27.2939113659852,12.6548644111783));
#2228=CARTESIAN_POINT('',(-4.60413263859038,-27.035690980769,13.2168436391635));
#2229=CARTESIAN_POINT('',(-4.55775737496799,-27.4131551442124,12.7286085033642));
#2230=CARTESIAN_POINT('',(-4.83404140399367,-27.1581409111294,13.3091499666898));
#2231=CARTESIAN_POINT('',(-4.79197474219484,-27.5400893419486,12.8085178112494));
#2232=CARTESIAN_POINT('',(-5.07878551543748,-27.2951433839177,13.4131493717425));
#2233=CARTESIAN_POINT('',(-5.04237886044909,-27.6821858803934,12.8998026722818));
#2234=CARTESIAN_POINT('',(-5.34107518559911,-27.4490684064871,13.531593492904));
#2235=CARTESIAN_POINT('',(-5.31191436804976,-27.8420089173515,13.0049442320622));
#2236=CARTESIAN_POINT('',(-5.59445929032515,-27.6033147157756,13.6531951775276));
#2237=CARTESIAN_POINT('',(-5.57327784409263,-28.002488388517,13.1132799840874));
#2238=CARTESIAN_POINT('',(-5.83153379582224,-27.7511865351042,13.7733980820627));
#2239=CARTESIAN_POINT('',(-5.81852716337948,-28.1567368052089,13.2200536939527));
#2240=CARTESIAN_POINT('',(-6.05576364188194,-27.8926526006268,13.8927241498581));
#2241=CARTESIAN_POINT('',(-6.05092615340722,-28.3047934330266,13.3249088032367));
#2242=CARTESIAN_POINT('',(-6.29342030326631,-28.0495086266293,14.0253649343724));
#2243=CARTESIAN_POINT('',(-6.29882389304828,-28.4688069542089,13.4438439848263));
#2244=CARTESIAN_POINT('',(-6.55161254859483,-28.2263745441498,14.1772076636907));
#2245=CARTESIAN_POINT('',(-6.56963151850473,-28.6538390252519,13.5818056710668));
#2246=CARTESIAN_POINT('',(-6.8189336709271,-28.4161133254669,14.3436322827736));
#2247=CARTESIAN_POINT('',(-6.8515651018795,-28.8525639460846,13.7348086072557));
#2248=CARTESIAN_POINT('',(-7.07099703490293,-28.5996336517845,14.5094618823294));
#2249=CARTESIAN_POINT('',(-7.11855125832769,-29.0452017867,13.8880697391225));
#2250=CARTESIAN_POINT('',(-7.30484689305392,-28.7727224363669,14.671079034901));
#2251=CARTESIAN_POINT('',(-7.36704319606899,-29.2273948187212,14.0375000828962));
#2252=CARTESIAN_POINT('',(-7.53882656928002,-28.9470929501605,14.8403730576865));
#2253=CARTESIAN_POINT('',(-7.61615983075992,-29.4116499729066,14.1930329973512));
#2254=CARTESIAN_POINT('',(-7.79352829374849,-29.143490821694,15.0339295358645));
#2255=CARTESIAN_POINT('',(-7.88966832988097,-29.6190434024919,14.3737137332894));
#2256=CARTESIAN_POINT('',(-8.06823107176055,-29.3614726661813,15.2546565530947));
#2257=CARTESIAN_POINT('',(-8.1867738227217,-29.8494540330109,14.5821138567408));
#2258=CARTESIAN_POINT('',(-8.34422886737243,-29.5860783049179,15.4900193045004));
#2259=CARTESIAN_POINT('',(-8.48716946733212,-30.087331579078,14.8063039727309));
#2260=CARTESIAN_POINT('',(-8.60929093187866,-29.8055629608262,15.7294308780707));
#2261=CARTESIAN_POINT('',(-8.77692975150876,-30.3205273037516,15.0352139770146));
#2262=CARTESIAN_POINT('',(-8.87197011511003,-30.0250992476738,15.9802337501986));
#2263=CARTESIAN_POINT('',(-9.0647987248163,-30.554876334742,15.274508593222));
#2264=CARTESIAN_POINT('',(-9.14201043509309,-30.2575558090484,16.2535808054084));
#2265=CARTESIAN_POINT('',(-9.36401258348969,-30.8030745791107,15.538778226684));
#2266=CARTESIAN_POINT('',(-9.41756449132657,-30.5006702789815,16.5507922852608));
#2267=CARTESIAN_POINT('',(-9.6720256867515,-31.0631687518169,15.8288094558225));
#2268=CARTESIAN_POINT('',(-9.73685796389082,-30.7892528449856,16.9186164591295));
#2269=CARTESIAN_POINT('',(-10.0317862395104,-31.3725145097066,16.19072588211));
#2270=CARTESIAN_POINT('',(-9.95522540540791,-30.990901280096,17.1922479964959));
#2271=CARTESIAN_POINT('',(-10.279917025596,-31.5901460231999,16.4612751662667));
#2272=CARTESIAN_POINT('',(-10.0832341303248,-31.1119413993345,17.3612246090716));
#2273=CARTESIAN_POINT('',(-10.4265344508437,-31.7206613928696,16.6297051758484));
#2274=FACE_BOUND('',#2275,.T.);
#2275=EDGE_LOOP('',(#3153,#3154,#3155,#3156,#3157));
#2276=PLANE('',#2277);
#2277=AXIS2_PLACEMENT_3D('',#2278,#2279,#2280);
#2278=CARTESIAN_POINT('',(-17.7376043072146,-1.14261101893501E-16,1.86602540378261));
#2279=DIRECTION('',(0.353553390593556,0.707106781186548,-0.612372435695631));
#2280=DIRECTION('',(0.866025403784208,-3.06161699787082E-17,0.500000000000399));
#2281=ORIENTED_EDGE('',*,*,#3158,.T.);
#2282=ORIENTED_EDGE('',*,*,#3159,.T.);
#2283=ORIENTED_EDGE('',*,*,#3160,.T.);
#2284=ORIENTED_EDGE('',*,*,#3161,.T.);
#2285=ORIENTED_EDGE('',*,*,#3162,.T.);
#2286=ORIENTED_EDGE('',*,*,#3163,.T.);
#2287=ORIENTED_EDGE('',*,*,#3164,.T.);
#2288=ORIENTED_EDGE('',*,*,#3165,.T.);
#2289=ORIENTED_EDGE('',*,*,#3166,.T.);
#2290=ORIENTED_EDGE('',*,*,#3167,.T.);
#2291=ORIENTED_EDGE('',*,*,#3168,.F.);
#2292=ORIENTED_EDGE('',*,*,#3169,.F.);
#2293=ORIENTED_EDGE('',*,*,#3170,.F.);
#2294=ORIENTED_EDGE('',*,*,#3171,.F.);
#2295=ORIENTED_EDGE('',*,*,#3172,.T.);
#2296=ORIENTED_EDGE('',*,*,#3173,.T.);
#2297=ORIENTED_EDGE('',*,*,#3174,.T.);
#2298=ORIENTED_EDGE('',*,*,#3175,.T.);
#2299=ORIENTED_EDGE('',*,*,#3176,.T.);
#2300=ORIENTED_EDGE('',*,*,#3177,.T.);
#2301=ORIENTED_EDGE('',*,*,#3178,.T.);
#2302=ORIENTED_EDGE('',*,*,#3179,.T.);
#2303=ORIENTED_EDGE('',*,*,#3180,.T.);
#2304=ORIENTED_EDGE('',*,*,#3181,.T.);
#2305=ORIENTED_EDGE('',*,*,#3182,.T.);
#2306=ORIENTED_EDGE('',*,*,#3183,.T.);
#2307=ORIENTED_EDGE('',*,*,#3184,.T.);
#2308=ORIENTED_EDGE('',*,*,#3185,.T.);
#2309=ORIENTED_EDGE('',*,*,#3186,.T.);
#2310=ORIENTED_EDGE('',*,*,#3187,.T.);
#2311=ORIENTED_EDGE('',*,*,#3188,.T.);
#2312=ORIENTED_EDGE('',*,*,#3189,.T.);
#2313=ORIENTED_EDGE('',*,*,#3190,.T.);
#2314=ORIENTED_EDGE('',*,*,#3191,.T.);
#2315=ORIENTED_EDGE('',*,*,#3192,.T.);
#2316=ORIENTED_EDGE('',*,*,#3193,.T.);
#2317=ORIENTED_EDGE('',*,*,#3194,.T.);
#2318=ORIENTED_EDGE('',*,*,#3195,.T.);
#2319=ORIENTED_EDGE('',*,*,#3196,.T.);
#2320=ORIENTED_EDGE('',*,*,#3197,.T.);
#2321=ORIENTED_EDGE('',*,*,#3198,.T.);
#2322=ORIENTED_EDGE('',*,*,#3199,.T.);
#2323=ORIENTED_EDGE('',*,*,#3200,.T.);
#2324=ORIENTED_EDGE('',*,*,#3201,.T.);
#2325=ORIENTED_EDGE('',*,*,#3202,.T.);
#2326=ORIENTED_EDGE('',*,*,#3203,.T.);
#2327=ORIENTED_EDGE('',*,*,#3204,.T.);
#2328=ORIENTED_EDGE('',*,*,#3205,.T.);
#2329=ORIENTED_EDGE('',*,*,#3206,.T.);
#2330=ORIENTED_EDGE('',*,*,#3207,.T.);
#2331=ORIENTED_EDGE('',*,*,#3208,.T.);
#2332=ORIENTED_EDGE('',*,*,#3209,.T.);
#2333=ORIENTED_EDGE('',*,*,#3210,.T.);
#2334=ORIENTED_EDGE('',*,*,#3211,.T.);
#2335=ORIENTED_EDGE('',*,*,#3212,.T.);
#2336=ORIENTED_EDGE('',*,*,#3213,.T.);
#2337=ORIENTED_EDGE('',*,*,#3214,.T.);
#2338=ORIENTED_EDGE('',*,*,#3215,.T.);
#2339=ORIENTED_EDGE('',*,*,#3216,.T.);
#2340=ORIENTED_EDGE('',*,*,#3217,.T.);
#2341=ORIENTED_EDGE('',*,*,#3218,.T.);
#2342=ORIENTED_EDGE('',*,*,#3219,.T.);
#2343=ORIENTED_EDGE('',*,*,#3220,.T.);
#2344=ORIENTED_EDGE('',*,*,#3221,.T.);
#2345=ORIENTED_EDGE('',*,*,#3222,.T.);
#2346=ORIENTED_EDGE('',*,*,#3223,.T.);
#2347=ORIENTED_EDGE('',*,*,#3224,.T.);
#2348=ORIENTED_EDGE('',*,*,#3225,.T.);
#2349=ORIENTED_EDGE('',*,*,#3226,.T.);
#2350=ORIENTED_EDGE('',*,*,#3227,.T.);
#2351=ORIENTED_EDGE('',*,*,#3228,.T.);
#2352=ORIENTED_EDGE('',*,*,#3229,.T.);
#2353=ORIENTED_EDGE('',*,*,#3230,.T.);
#2354=ORIENTED_EDGE('',*,*,#3231,.T.);
#2355=ORIENTED_EDGE('',*,*,#3232,.T.);
#2356=ORIENTED_EDGE('',*,*,#3233,.T.);
#2357=ORIENTED_EDGE('',*,*,#3234,.T.);
#2358=ORIENTED_EDGE('',*,*,#3235,.T.);
#2359=ORIENTED_EDGE('',*,*,#3236,.T.);
#2360=ORIENTED_EDGE('',*,*,#3237,.T.);
#2361=ORIENTED_EDGE('',*,*,#3238,.T.);
#2362=ORIENTED_EDGE('',*,*,#3239,.T.);
#2363=ORIENTED_EDGE('',*,*,#3240,.F.);
#2364=ORIENTED_EDGE('',*,*,#3241,.T.);
#2365=ORIENTED_EDGE('',*,*,#3242,.F.);
#2366=ORIENTED_EDGE('',*,*,#3163,.F.);
#2367=ORIENTED_EDGE('',*,*,#3243,.F.);
#2368=ORIENTED_EDGE('',*,*,#3244,.F.);
#2369=ORIENTED_EDGE('',*,*,#3245,.T.);
#2370=ORIENTED_EDGE('',*,*,#3164,.F.);
#2371=ORIENTED_EDGE('',*,*,#3245,.F.);
#2372=ORIENTED_EDGE('',*,*,#3246,.F.);
#2373=ORIENTED_EDGE('',*,*,#3247,.T.);
#2374=ORIENTED_EDGE('',*,*,#3165,.F.);
#2375=ORIENTED_EDGE('',*,*,#3247,.F.);
#2376=ORIENTED_EDGE('',*,*,#3248,.F.);
#2377=ORIENTED_EDGE('',*,*,#3249,.T.);
#2378=ORIENTED_EDGE('',*,*,#3162,.F.);
#2379=ORIENTED_EDGE('',*,*,#3249,.F.);
#2380=ORIENTED_EDGE('',*,*,#3250,.F.);
#2381=ORIENTED_EDGE('',*,*,#3243,.T.);
#2382=ORIENTED_EDGE('',*,*,#3237,.F.);
#2383=ORIENTED_EDGE('',*,*,#3251,.F.);
#2384=ORIENTED_EDGE('',*,*,#3252,.F.);
#2385=ORIENTED_EDGE('',*,*,#3253,.T.);
#2386=ORIENTED_EDGE('',*,*,#3238,.F.);
#2387=ORIENTED_EDGE('',*,*,#3253,.F.);
#2388=ORIENTED_EDGE('',*,*,#3254,.F.);
#2389=ORIENTED_EDGE('',*,*,#3255,.T.);
#2390=ORIENTED_EDGE('',*,*,#3239,.F.);
#2391=ORIENTED_EDGE('',*,*,#3255,.F.);
#2392=ORIENTED_EDGE('',*,*,#3256,.F.);
#2393=ORIENTED_EDGE('',*,*,#3257,.T.);
#2394=ORIENTED_EDGE('',*,*,#3236,.F.);
#2395=ORIENTED_EDGE('',*,*,#3257,.F.);
#2396=ORIENTED_EDGE('',*,*,#3258,.F.);
#2397=ORIENTED_EDGE('',*,*,#3251,.T.);
#2398=ORIENTED_EDGE('',*,*,#3234,.F.);
#2399=ORIENTED_EDGE('',*,*,#3259,.F.);
#2400=ORIENTED_EDGE('',*,*,#3260,.F.);
#2401=ORIENTED_EDGE('',*,*,#3261,.T.);
#2402=ORIENTED_EDGE('',*,*,#3233,.F.);
#2403=ORIENTED_EDGE('',*,*,#3262,.F.);
#2404=ORIENTED_EDGE('',*,*,#3263,.F.);
#2405=ORIENTED_EDGE('',*,*,#3259,.T.);
#2406=ORIENTED_EDGE('',*,*,#3232,.F.);
#2407=ORIENTED_EDGE('',*,*,#3264,.F.);
#2408=ORIENTED_EDGE('',*,*,#3265,.F.);
#2409=ORIENTED_EDGE('',*,*,#3262,.T.);
#2410=ORIENTED_EDGE('',*,*,#3231,.F.);
#2411=ORIENTED_EDGE('',*,*,#3266,.F.);
#2412=ORIENTED_EDGE('',*,*,#3267,.F.);
#2413=ORIENTED_EDGE('',*,*,#3264,.T.);
#2414=ORIENTED_EDGE('',*,*,#3230,.F.);
#2415=ORIENTED_EDGE('',*,*,#3268,.F.);
#2416=ORIENTED_EDGE('',*,*,#3269,.F.);
#2417=ORIENTED_EDGE('',*,*,#3266,.T.);
#2418=ORIENTED_EDGE('',*,*,#3229,.F.);
#2419=ORIENTED_EDGE('',*,*,#3270,.F.);
#2420=ORIENTED_EDGE('',*,*,#3271,.F.);
#2421=ORIENTED_EDGE('',*,*,#3268,.T.);
#2422=ORIENTED_EDGE('',*,*,#3228,.F.);
#2423=ORIENTED_EDGE('',*,*,#3272,.F.);
#2424=ORIENTED_EDGE('',*,*,#3273,.F.);
#2425=ORIENTED_EDGE('',*,*,#3270,.T.);
#2426=ORIENTED_EDGE('',*,*,#3227,.F.);
#2427=ORIENTED_EDGE('',*,*,#3274,.F.);
#2428=ORIENTED_EDGE('',*,*,#3275,.F.);
#2429=ORIENTED_EDGE('',*,*,#3272,.T.);
#2430=ORIENTED_EDGE('',*,*,#3235,.F.);
#2431=ORIENTED_EDGE('',*,*,#3261,.F.);
#2432=ORIENTED_EDGE('',*,*,#3276,.F.);
#2433=ORIENTED_EDGE('',*,*,#3277,.T.);
#2434=ORIENTED_EDGE('',*,*,#3226,.F.);
#2435=ORIENTED_EDGE('',*,*,#3277,.F.);
#2436=ORIENTED_EDGE('',*,*,#3278,.F.);
#2437=ORIENTED_EDGE('',*,*,#3274,.T.);
#2438=ORIENTED_EDGE('',*,*,#3215,.F.);
#2439=ORIENTED_EDGE('',*,*,#3279,.F.);
#2440=ORIENTED_EDGE('',*,*,#3280,.F.);
#2441=ORIENTED_EDGE('',*,*,#3281,.T.);
#2442=ORIENTED_EDGE('',*,*,#3216,.F.);
#2443=ORIENTED_EDGE('',*,*,#3281,.F.);
#2444=ORIENTED_EDGE('',*,*,#3282,.F.);
#2445=ORIENTED_EDGE('',*,*,#3283,.T.);
#2446=ORIENTED_EDGE('',*,*,#3217,.F.);
#2447=ORIENTED_EDGE('',*,*,#3283,.F.);
#2448=ORIENTED_EDGE('',*,*,#3284,.F.);
#2449=ORIENTED_EDGE('',*,*,#3285,.T.);
#2450=ORIENTED_EDGE('',*,*,#3218,.F.);
#2451=ORIENTED_EDGE('',*,*,#3285,.F.);
#2452=ORIENTED_EDGE('',*,*,#3286,.F.);
#2453=ORIENTED_EDGE('',*,*,#3287,.T.);
#2454=ORIENTED_EDGE('',*,*,#3219,.F.);
#2455=ORIENTED_EDGE('',*,*,#3287,.F.);
#2456=ORIENTED_EDGE('',*,*,#3288,.F.);
#2457=ORIENTED_EDGE('',*,*,#3289,.T.);
#2458=ORIENTED_EDGE('',*,*,#3220,.F.);
#2459=ORIENTED_EDGE('',*,*,#3289,.F.);
#2460=ORIENTED_EDGE('',*,*,#3290,.F.);
#2461=ORIENTED_EDGE('',*,*,#3291,.T.);
#2462=ORIENTED_EDGE('',*,*,#3221,.F.);
#2463=ORIENTED_EDGE('',*,*,#3291,.F.);
#2464=ORIENTED_EDGE('',*,*,#3292,.F.);
#2465=ORIENTED_EDGE('',*,*,#3293,.T.);
#2466=ORIENTED_EDGE('',*,*,#3222,.F.);
#2467=ORIENTED_EDGE('',*,*,#3293,.F.);
#2468=ORIENTED_EDGE('',*,*,#3294,.F.);
#2469=ORIENTED_EDGE('',*,*,#3295,.T.);
#2470=ORIENTED_EDGE('',*,*,#3223,.F.);
#2471=ORIENTED_EDGE('',*,*,#3295,.F.);
#2472=ORIENTED_EDGE('',*,*,#3296,.F.);
#2473=ORIENTED_EDGE('',*,*,#3297,.T.);
#2474=ORIENTED_EDGE('',*,*,#3224,.F.);
#2475=ORIENTED_EDGE('',*,*,#3297,.F.);
#2476=ORIENTED_EDGE('',*,*,#3298,.F.);
#2477=ORIENTED_EDGE('',*,*,#3299,.F.);
#2478=ORIENTED_EDGE('',*,*,#3225,.F.);
#2479=ORIENTED_EDGE('',*,*,#3299,.T.);
#2480=ORIENTED_EDGE('',*,*,#3300,.F.);
#2481=ORIENTED_EDGE('',*,*,#3301,.T.);
#2482=ORIENTED_EDGE('',*,*,#3214,.F.);
#2483=ORIENTED_EDGE('',*,*,#3301,.F.);
#2484=ORIENTED_EDGE('',*,*,#3302,.F.);
#2485=ORIENTED_EDGE('',*,*,#3279,.T.);
#2486=ORIENTED_EDGE('',*,*,#3212,.F.);
#2487=ORIENTED_EDGE('',*,*,#3303,.F.);
#2488=ORIENTED_EDGE('',*,*,#3304,.F.);
#2489=ORIENTED_EDGE('',*,*,#3305,.T.);
#2490=ORIENTED_EDGE('',*,*,#3211,.F.);
#2491=ORIENTED_EDGE('',*,*,#3306,.F.);
#2492=ORIENTED_EDGE('',*,*,#3307,.F.);
#2493=ORIENTED_EDGE('',*,*,#3303,.T.);
#2494=ORIENTED_EDGE('',*,*,#3210,.F.);
#2495=ORIENTED_EDGE('',*,*,#3308,.F.);
#2496=ORIENTED_EDGE('',*,*,#3309,.F.);
#2497=ORIENTED_EDGE('',*,*,#3306,.T.);
#2498=ORIENTED_EDGE('',*,*,#3209,.F.);
#2499=ORIENTED_EDGE('',*,*,#3310,.F.);
#2500=ORIENTED_EDGE('',*,*,#3311,.F.);
#2501=ORIENTED_EDGE('',*,*,#3308,.T.);
#2502=ORIENTED_EDGE('',*,*,#3208,.F.);
#2503=ORIENTED_EDGE('',*,*,#3312,.F.);
#2504=ORIENTED_EDGE('',*,*,#3313,.F.);
#2505=ORIENTED_EDGE('',*,*,#3310,.T.);
#2506=ORIENTED_EDGE('',*,*,#3207,.F.);
#2507=ORIENTED_EDGE('',*,*,#3314,.F.);
#2508=ORIENTED_EDGE('',*,*,#3315,.F.);
#2509=ORIENTED_EDGE('',*,*,#3312,.T.);
#2510=ORIENTED_EDGE('',*,*,#3213,.F.);
#2511=ORIENTED_EDGE('',*,*,#3305,.F.);
#2512=ORIENTED_EDGE('',*,*,#3316,.F.);
#2513=ORIENTED_EDGE('',*,*,#3317,.T.);
#2514=ORIENTED_EDGE('',*,*,#3206,.F.);
#2515=ORIENTED_EDGE('',*,*,#3317,.F.);
#2516=ORIENTED_EDGE('',*,*,#3318,.F.);
#2517=ORIENTED_EDGE('',*,*,#3314,.T.);
#2518=ORIENTED_EDGE('',*,*,#3204,.F.);
#2519=ORIENTED_EDGE('',*,*,#3319,.F.);
#2520=ORIENTED_EDGE('',*,*,#3320,.F.);
#2521=ORIENTED_EDGE('',*,*,#3321,.T.);
#2522=ORIENTED_EDGE('',*,*,#3203,.F.);
#2523=ORIENTED_EDGE('',*,*,#3322,.F.);
#2524=ORIENTED_EDGE('',*,*,#3323,.F.);
#2525=ORIENTED_EDGE('',*,*,#3319,.T.);
#2526=ORIENTED_EDGE('',*,*,#3202,.F.);
#2527=ORIENTED_EDGE('',*,*,#3324,.F.);
#2528=ORIENTED_EDGE('',*,*,#3325,.F.);
#2529=ORIENTED_EDGE('',*,*,#3322,.T.);
#2530=ORIENTED_EDGE('',*,*,#3201,.F.);
#2531=ORIENTED_EDGE('',*,*,#3326,.F.);
#2532=ORIENTED_EDGE('',*,*,#3327,.F.);
#2533=ORIENTED_EDGE('',*,*,#3324,.T.);
#2534=ORIENTED_EDGE('',*,*,#3200,.F.);
#2535=ORIENTED_EDGE('',*,*,#3328,.F.);
#2536=ORIENTED_EDGE('',*,*,#3329,.F.);
#2537=ORIENTED_EDGE('',*,*,#3326,.T.);
#2538=ORIENTED_EDGE('',*,*,#3199,.F.);
#2539=ORIENTED_EDGE('',*,*,#3330,.F.);
#2540=ORIENTED_EDGE('',*,*,#3331,.F.);
#2541=ORIENTED_EDGE('',*,*,#3328,.T.);
#2542=ORIENTED_EDGE('',*,*,#3205,.F.);
#2543=ORIENTED_EDGE('',*,*,#3321,.F.);
#2544=ORIENTED_EDGE('',*,*,#3332,.F.);
#2545=ORIENTED_EDGE('',*,*,#3333,.T.);
#2546=ORIENTED_EDGE('',*,*,#3198,.F.);
#2547=ORIENTED_EDGE('',*,*,#3333,.F.);
#2548=ORIENTED_EDGE('',*,*,#3334,.F.);
#2549=ORIENTED_EDGE('',*,*,#3330,.T.);
#2550=ORIENTED_EDGE('',*,*,#3196,.F.);
#2551=ORIENTED_EDGE('',*,*,#3335,.F.);
#2552=ORIENTED_EDGE('',*,*,#3336,.F.);
#2553=ORIENTED_EDGE('',*,*,#3337,.T.);
#2554=ORIENTED_EDGE('',*,*,#3195,.F.);
#2555=ORIENTED_EDGE('',*,*,#3338,.F.);
#2556=ORIENTED_EDGE('',*,*,#3339,.F.);
#2557=ORIENTED_EDGE('',*,*,#3335,.T.);
#2558=ORIENTED_EDGE('',*,*,#3194,.F.);
#2559=ORIENTED_EDGE('',*,*,#3340,.F.);
#2560=ORIENTED_EDGE('',*,*,#3341,.F.);
#2561=ORIENTED_EDGE('',*,*,#3338,.T.);
#2562=ORIENTED_EDGE('',*,*,#3193,.F.);
#2563=ORIENTED_EDGE('',*,*,#3342,.F.);
#2564=ORIENTED_EDGE('',*,*,#3343,.F.);
#2565=ORIENTED_EDGE('',*,*,#3340,.T.);
#2566=ORIENTED_EDGE('',*,*,#3192,.F.);
#2567=ORIENTED_EDGE('',*,*,#3344,.F.);
#2568=ORIENTED_EDGE('',*,*,#3345,.F.);
#2569=ORIENTED_EDGE('',*,*,#3342,.T.);
#2570=ORIENTED_EDGE('',*,*,#3191,.F.);
#2571=ORIENTED_EDGE('',*,*,#3346,.F.);
#2572=ORIENTED_EDGE('',*,*,#3347,.F.);
#2573=ORIENTED_EDGE('',*,*,#3344,.T.);
#2574=ORIENTED_EDGE('',*,*,#3197,.F.);
#2575=ORIENTED_EDGE('',*,*,#3337,.F.);
#2576=ORIENTED_EDGE('',*,*,#3348,.F.);
#2577=ORIENTED_EDGE('',*,*,#3349,.T.);
#2578=ORIENTED_EDGE('',*,*,#3190,.F.);
#2579=ORIENTED_EDGE('',*,*,#3349,.F.);
#2580=ORIENTED_EDGE('',*,*,#3350,.F.);
#2581=ORIENTED_EDGE('',*,*,#3346,.T.);
#2582=ORIENTED_EDGE('',*,*,#3188,.F.);
#2583=ORIENTED_EDGE('',*,*,#3351,.F.);
#2584=ORIENTED_EDGE('',*,*,#3352,.F.);
#2585=ORIENTED_EDGE('',*,*,#3353,.T.);
#2586=ORIENTED_EDGE('',*,*,#3187,.F.);
#2587=ORIENTED_EDGE('',*,*,#3354,.F.);
#2588=ORIENTED_EDGE('',*,*,#3355,.F.);
#2589=ORIENTED_EDGE('',*,*,#3351,.T.);
#2590=ORIENTED_EDGE('',*,*,#3186,.F.);
#2591=ORIENTED_EDGE('',*,*,#3356,.F.);
#2592=ORIENTED_EDGE('',*,*,#3357,.F.);
#2593=ORIENTED_EDGE('',*,*,#3354,.T.);
#2594=ORIENTED_EDGE('',*,*,#3185,.F.);
#2595=ORIENTED_EDGE('',*,*,#3358,.F.);
#2596=ORIENTED_EDGE('',*,*,#3359,.F.);
#2597=ORIENTED_EDGE('',*,*,#3356,.T.);
#2598=ORIENTED_EDGE('',*,*,#3189,.F.);
#2599=ORIENTED_EDGE('',*,*,#3353,.F.);
#2600=ORIENTED_EDGE('',*,*,#3360,.F.);
#2601=ORIENTED_EDGE('',*,*,#3361,.T.);
#2602=ORIENTED_EDGE('',*,*,#3184,.F.);
#2603=ORIENTED_EDGE('',*,*,#3361,.F.);
#2604=ORIENTED_EDGE('',*,*,#3362,.F.);
#2605=ORIENTED_EDGE('',*,*,#3358,.T.);
#2606=ORIENTED_EDGE('',*,*,#3179,.F.);
#2607=ORIENTED_EDGE('',*,*,#3363,.F.);
#2608=ORIENTED_EDGE('',*,*,#3364,.F.);
#2609=ORIENTED_EDGE('',*,*,#3365,.T.);
#2610=ORIENTED_EDGE('',*,*,#3178,.F.);
#2611=ORIENTED_EDGE('',*,*,#3366,.T.);
#2612=ORIENTED_EDGE('',*,*,#3367,.F.);
#2613=ORIENTED_EDGE('',*,*,#3363,.T.);
#2614=ORIENTED_EDGE('',*,*,#3177,.F.);
#2615=ORIENTED_EDGE('',*,*,#3368,.F.);
#2616=ORIENTED_EDGE('',*,*,#3369,.F.);
#2617=ORIENTED_EDGE('',*,*,#3366,.F.);
#2618=ORIENTED_EDGE('',*,*,#3176,.F.);
#2619=ORIENTED_EDGE('',*,*,#3370,.F.);
#2620=ORIENTED_EDGE('',*,*,#3371,.F.);
#2621=ORIENTED_EDGE('',*,*,#3368,.T.);
#2622=ORIENTED_EDGE('',*,*,#3183,.F.);
#2623=ORIENTED_EDGE('',*,*,#3372,.F.);
#2624=ORIENTED_EDGE('',*,*,#3373,.F.);
#2625=ORIENTED_EDGE('',*,*,#3374,.T.);
#2626=ORIENTED_EDGE('',*,*,#3182,.F.);
#2627=ORIENTED_EDGE('',*,*,#3375,.F.);
#2628=ORIENTED_EDGE('',*,*,#3376,.F.);
#2629=ORIENTED_EDGE('',*,*,#3372,.T.);
#2630=ORIENTED_EDGE('',*,*,#3160,.F.);
#2631=ORIENTED_EDGE('',*,*,#3377,.F.);
#2632=ORIENTED_EDGE('',*,*,#3378,.F.);
#2633=ORIENTED_EDGE('',*,*,#3379,.T.);
#2634=ORIENTED_EDGE('',*,*,#3175,.F.);
#2635=ORIENTED_EDGE('',*,*,#3380,.F.);
#2636=ORIENTED_EDGE('',*,*,#3381,.F.);
#2637=ORIENTED_EDGE('',*,*,#3370,.T.);
#2638=ORIENTED_EDGE('',*,*,#3161,.F.);
#2639=ORIENTED_EDGE('',*,*,#3379,.F.);
#2640=ORIENTED_EDGE('',*,*,#3382,.F.);
#2641=ORIENTED_EDGE('',*,*,#3383,.F.);
#2642=ORIENTED_EDGE('',*,*,#3180,.F.);
#2643=ORIENTED_EDGE('',*,*,#3365,.F.);
#2644=ORIENTED_EDGE('',*,*,#3384,.F.);
#2645=ORIENTED_EDGE('',*,*,#3385,.F.);
#2646=ORIENTED_EDGE('',*,*,#3181,.F.);
#2647=ORIENTED_EDGE('',*,*,#3385,.T.);
#2648=ORIENTED_EDGE('',*,*,#3386,.F.);
#2649=ORIENTED_EDGE('',*,*,#3375,.T.);
#2650=ORIENTED_EDGE('',*,*,#3159,.F.);
#2651=ORIENTED_EDGE('',*,*,#3387,.F.);
#2652=ORIENTED_EDGE('',*,*,#3388,.F.);
#2653=ORIENTED_EDGE('',*,*,#3377,.T.);
#2654=ORIENTED_EDGE('',*,*,#3158,.F.);
#2655=ORIENTED_EDGE('',*,*,#3383,.T.);
#2656=ORIENTED_EDGE('',*,*,#3389,.F.);
#2657=ORIENTED_EDGE('',*,*,#3387,.T.);
#2658=ORIENTED_EDGE('',*,*,#3174,.F.);
#2659=ORIENTED_EDGE('',*,*,#3374,.F.);
#2660=ORIENTED_EDGE('',*,*,#3390,.F.);
#2661=ORIENTED_EDGE('',*,*,#3380,.T.);
#2662=ORIENTED_EDGE('',*,*,#3391,.F.);
#2663=ORIENTED_EDGE('',*,*,#3392,.T.);
#2664=ORIENTED_EDGE('',*,*,#3393,.F.);
#2665=ORIENTED_EDGE('',*,*,#3166,.F.);
#2666=ORIENTED_EDGE('',*,*,#3394,.T.);
#2667=ORIENTED_EDGE('',*,*,#3395,.F.);
#2668=ORIENTED_EDGE('',*,*,#3396,.T.);
#2669=ORIENTED_EDGE('',*,*,#3397,.T.);
#2670=ORIENTED_EDGE('',*,*,#3167,.F.);
#2671=ORIENTED_EDGE('',*,*,#3398,.T.);
#2672=ORIENTED_EDGE('',*,*,#3399,.F.);
#2673=ORIENTED_EDGE('',*,*,#3400,.F.);
#2674=ORIENTED_EDGE('',*,*,#3401,.T.);
#2675=ORIENTED_EDGE('',*,*,#3168,.T.);
#2676=ORIENTED_EDGE('',*,*,#3397,.F.);
#2677=ORIENTED_EDGE('',*,*,#3402,.T.);
#2678=ORIENTED_EDGE('',*,*,#3403,.T.);
#2679=ORIENTED_EDGE('',*,*,#3404,.T.);
#2680=ORIENTED_EDGE('',*,*,#3405,.F.);
#2681=ORIENTED_EDGE('',*,*,#3406,.F.);
#2682=ORIENTED_EDGE('',*,*,#3169,.T.);
#2683=ORIENTED_EDGE('',*,*,#3401,.F.);
#2684=ORIENTED_EDGE('',*,*,#3407,.F.);
#2685=ORIENTED_EDGE('',*,*,#3408,.T.);
#2686=ORIENTED_EDGE('',*,*,#3409,.F.);
#2687=ORIENTED_EDGE('',*,*,#3170,.T.);
#2688=ORIENTED_EDGE('',*,*,#3410,.T.);
#2689=ORIENTED_EDGE('',*,*,#3411,.F.);
#2690=ORIENTED_EDGE('',*,*,#3412,.T.);
#2691=ORIENTED_EDGE('',*,*,#3413,.F.);
#2692=ORIENTED_EDGE('',*,*,#3414,.T.);
#2693=ORIENTED_EDGE('',*,*,#3171,.T.);
#2694=ORIENTED_EDGE('',*,*,#3409,.T.);
#2695=ORIENTED_EDGE('',*,*,#3415,.F.);
#2696=ORIENTED_EDGE('',*,*,#3416,.F.);
#2697=ORIENTED_EDGE('',*,*,#3417,.T.);
#2698=ORIENTED_EDGE('',*,*,#3418,.F.);
#2699=ORIENTED_EDGE('',*,*,#3419,.T.);
#2700=ORIENTED_EDGE('',*,*,#3172,.F.);
#2701=ORIENTED_EDGE('',*,*,#3414,.F.);
#2702=ORIENTED_EDGE('',*,*,#3420,.T.);
#2703=ORIENTED_EDGE('',*,*,#3421,.F.);
#2704=ORIENTED_EDGE('',*,*,#3422,.T.);
#2705=ORIENTED_EDGE('',*,*,#3423,.T.);
#2706=ORIENTED_EDGE('',*,*,#3424,.T.);
#2707=ORIENTED_EDGE('',*,*,#3425,.T.);
#2708=ORIENTED_EDGE('',*,*,#3426,.T.);
#2709=ORIENTED_EDGE('',*,*,#3427,.T.);
#2710=ORIENTED_EDGE('',*,*,#3428,.T.);
#2711=ORIENTED_EDGE('',*,*,#3429,.T.);
#2712=ORIENTED_EDGE('',*,*,#3430,.T.);
#2713=ORIENTED_EDGE('',*,*,#3431,.T.);
#2714=ORIENTED_EDGE('',*,*,#3432,.T.);
#2715=ORIENTED_EDGE('',*,*,#3433,.T.);
#2716=ORIENTED_EDGE('',*,*,#3434,.T.);
#2717=ORIENTED_EDGE('',*,*,#3435,.T.);
#2718=ORIENTED_EDGE('',*,*,#3436,.T.);
#2719=ORIENTED_EDGE('',*,*,#3437,.T.);
#2720=ORIENTED_EDGE('',*,*,#3438,.T.);
#2721=ORIENTED_EDGE('',*,*,#3439,.T.);
#2722=ORIENTED_EDGE('',*,*,#3440,.T.);
#2723=ORIENTED_EDGE('',*,*,#3394,.F.);
#2724=ORIENTED_EDGE('',*,*,#3173,.F.);
#2725=ORIENTED_EDGE('',*,*,#3419,.F.);
#2726=ORIENTED_EDGE('',*,*,#3441,.T.);
#2727=ORIENTED_EDGE('',*,*,#3240,.T.);
#2728=ORIENTED_EDGE('',*,*,#3442,.T.);
#2729=ORIENTED_EDGE('',*,*,#3241,.F.);
#2730=ORIENTED_EDGE('',*,*,#3443,.F.);
#2731=ORIENTED_EDGE('',*,*,#3242,.T.);
#2732=ORIENTED_EDGE('',*,*,#3444,.F.);
#2733=ORIENTED_EDGE('',*,*,#3258,.T.);
#2734=ORIENTED_EDGE('',*,*,#3256,.T.);
#2735=ORIENTED_EDGE('',*,*,#3254,.T.);
#2736=ORIENTED_EDGE('',*,*,#3252,.T.);
#2737=ORIENTED_EDGE('',*,*,#3250,.T.);
#2738=ORIENTED_EDGE('',*,*,#3248,.T.);
#2739=ORIENTED_EDGE('',*,*,#3246,.T.);
#2740=ORIENTED_EDGE('',*,*,#3244,.T.);
#2741=ORIENTED_EDGE('',*,*,#3278,.T.);
#2742=ORIENTED_EDGE('',*,*,#3276,.T.);
#2743=ORIENTED_EDGE('',*,*,#3260,.T.);
#2744=ORIENTED_EDGE('',*,*,#3263,.T.);
#2745=ORIENTED_EDGE('',*,*,#3265,.T.);
#2746=ORIENTED_EDGE('',*,*,#3267,.T.);
#2747=ORIENTED_EDGE('',*,*,#3269,.T.);
#2748=ORIENTED_EDGE('',*,*,#3271,.T.);
#2749=ORIENTED_EDGE('',*,*,#3273,.T.);
#2750=ORIENTED_EDGE('',*,*,#3275,.T.);
#2751=ORIENTED_EDGE('',*,*,#3302,.T.);
#2752=ORIENTED_EDGE('',*,*,#3300,.T.);
#2753=ORIENTED_EDGE('',*,*,#3298,.T.);
#2754=ORIENTED_EDGE('',*,*,#3296,.T.);
#2755=ORIENTED_EDGE('',*,*,#3294,.T.);
#2756=ORIENTED_EDGE('',*,*,#3292,.T.);
#2757=ORIENTED_EDGE('',*,*,#3290,.T.);
#2758=ORIENTED_EDGE('',*,*,#3288,.T.);
#2759=ORIENTED_EDGE('',*,*,#3286,.T.);
#2760=ORIENTED_EDGE('',*,*,#3284,.T.);
#2761=ORIENTED_EDGE('',*,*,#3282,.T.);
#2762=ORIENTED_EDGE('',*,*,#3280,.T.);
#2763=ORIENTED_EDGE('',*,*,#3318,.T.);
#2764=ORIENTED_EDGE('',*,*,#3316,.T.);
#2765=ORIENTED_EDGE('',*,*,#3304,.T.);
#2766=ORIENTED_EDGE('',*,*,#3307,.T.);
#2767=ORIENTED_EDGE('',*,*,#3309,.T.);
#2768=ORIENTED_EDGE('',*,*,#3311,.T.);
#2769=ORIENTED_EDGE('',*,*,#3313,.T.);
#2770=ORIENTED_EDGE('',*,*,#3315,.T.);
#2771=ORIENTED_EDGE('',*,*,#3334,.T.);
#2772=ORIENTED_EDGE('',*,*,#3332,.T.);
#2773=ORIENTED_EDGE('',*,*,#3320,.T.);
#2774=ORIENTED_EDGE('',*,*,#3323,.T.);
#2775=ORIENTED_EDGE('',*,*,#3325,.T.);
#2776=ORIENTED_EDGE('',*,*,#3327,.T.);
#2777=ORIENTED_EDGE('',*,*,#3329,.T.);
#2778=ORIENTED_EDGE('',*,*,#3331,.T.);
#2779=ORIENTED_EDGE('',*,*,#3350,.T.);
#2780=ORIENTED_EDGE('',*,*,#3348,.T.);
#2781=ORIENTED_EDGE('',*,*,#3336,.T.);
#2782=ORIENTED_EDGE('',*,*,#3339,.T.);
#2783=ORIENTED_EDGE('',*,*,#3341,.T.);
#2784=ORIENTED_EDGE('',*,*,#3343,.T.);
#2785=ORIENTED_EDGE('',*,*,#3345,.T.);
#2786=ORIENTED_EDGE('',*,*,#3347,.T.);
#2787=ORIENTED_EDGE('',*,*,#3362,.T.);
#2788=ORIENTED_EDGE('',*,*,#3360,.T.);
#2789=ORIENTED_EDGE('',*,*,#3352,.T.);
#2790=ORIENTED_EDGE('',*,*,#3355,.T.);
#2791=ORIENTED_EDGE('',*,*,#3357,.T.);
#2792=ORIENTED_EDGE('',*,*,#3359,.T.);
#2793=ORIENTED_EDGE('',*,*,#3386,.T.);
#2794=ORIENTED_EDGE('',*,*,#3384,.T.);
#2795=ORIENTED_EDGE('',*,*,#3364,.T.);
#2796=ORIENTED_EDGE('',*,*,#3367,.T.);
#2797=ORIENTED_EDGE('',*,*,#3369,.T.);
#2798=ORIENTED_EDGE('',*,*,#3371,.T.);
#2799=ORIENTED_EDGE('',*,*,#3381,.T.);
#2800=ORIENTED_EDGE('',*,*,#3390,.T.);
#2801=ORIENTED_EDGE('',*,*,#3373,.T.);
#2802=ORIENTED_EDGE('',*,*,#3376,.T.);
#2803=ORIENTED_EDGE('',*,*,#3382,.T.);
#2804=ORIENTED_EDGE('',*,*,#3378,.T.);
#2805=ORIENTED_EDGE('',*,*,#3388,.T.);
#2806=ORIENTED_EDGE('',*,*,#3389,.T.);
#2807=ORIENTED_EDGE('',*,*,#3445,.T.);
#2808=ORIENTED_EDGE('',*,*,#3391,.T.);
#2809=ORIENTED_EDGE('',*,*,#3446,.T.);
#2810=ORIENTED_EDGE('',*,*,#3447,.T.);
#2811=ORIENTED_EDGE('',*,*,#3448,.F.);
#2812=ORIENTED_EDGE('',*,*,#3449,.T.);
#2813=ORIENTED_EDGE('',*,*,#3450,.T.);
#2814=ORIENTED_EDGE('',*,*,#3451,.F.);
#2815=ORIENTED_EDGE('',*,*,#3452,.F.);
#2816=ORIENTED_EDGE('',*,*,#3453,.T.);
#2817=ORIENTED_EDGE('',*,*,#3454,.T.);
#2818=ORIENTED_EDGE('',*,*,#3411,.T.);
#2819=ORIENTED_EDGE('',*,*,#3455,.F.);
#2820=ORIENTED_EDGE('',*,*,#3456,.T.);
#2821=ORIENTED_EDGE('',*,*,#3457,.F.);
#2822=ORIENTED_EDGE('',*,*,#3458,.T.);
#2823=ORIENTED_EDGE('',*,*,#3459,.F.);
#2824=ORIENTED_EDGE('',*,*,#3460,.T.);
#2825=ORIENTED_EDGE('',*,*,#3392,.F.);
#2826=ORIENTED_EDGE('',*,*,#3445,.F.);
#2827=ORIENTED_EDGE('',*,*,#3461,.F.);
#2828=ORIENTED_EDGE('',*,*,#3462,.T.);
#2829=ORIENTED_EDGE('',*,*,#3463,.T.);
#2830=ORIENTED_EDGE('',*,*,#3464,.T.);
#2831=ORIENTED_EDGE('',*,*,#3465,.F.);
#2832=ORIENTED_EDGE('',*,*,#3466,.F.);
#2833=ORIENTED_EDGE('',*,*,#3460,.F.);
#2834=ORIENTED_EDGE('',*,*,#3467,.F.);
#2835=ORIENTED_EDGE('',*,*,#3395,.T.);
#2836=ORIENTED_EDGE('',*,*,#3393,.T.);
#2837=ORIENTED_EDGE('',*,*,#3468,.T.);
#2838=ORIENTED_EDGE('',*,*,#3469,.T.);
#2839=ORIENTED_EDGE('',*,*,#3402,.F.);
#2840=ORIENTED_EDGE('',*,*,#3396,.F.);
#2841=ORIENTED_EDGE('',*,*,#3470,.F.);
#2842=ORIENTED_EDGE('',*,*,#3398,.F.);
#2843=ORIENTED_EDGE('',*,*,#3469,.F.);
#2844=ORIENTED_EDGE('',*,*,#3471,.F.);
#2845=CARTESIAN_POINT('',(-2.07302283413136E-16,-15.713933470056,4.));
#2846=CARTESIAN_POINT('',(6.19181642115299,-14.9373254411896,4.));
#2847=CARTESIAN_POINT('',(7.00418367723067,-32.,4.));
#2848=CARTESIAN_POINT('',(13.3667412419591,-32.,4.));
#2849=ORIENTED_EDGE('',*,*,#3470,.T.);
#2850=ORIENTED_EDGE('',*,*,#3472,.T.);
#2851=ORIENTED_EDGE('',*,*,#3473,.T.);
#2852=ORIENTED_EDGE('',*,*,#3399,.T.);
#2853=CARTESIAN_POINT('',(6.97161003072077E-16,-15.713933470056,4.));
#2854=CARTESIAN_POINT('',(-6.19181642115299,-14.9373254411896,4.));
#2855=CARTESIAN_POINT('',(-7.00418367723067,-32.,4.));
#2856=CARTESIAN_POINT('',(-13.3667412419591,-32.,4.));
#2857=ORIENTED_EDGE('',*,*,#3407,.T.);
#2858=ORIENTED_EDGE('',*,*,#3400,.T.);
#2859=ORIENTED_EDGE('',*,*,#3473,.F.);
#2860=ORIENTED_EDGE('',*,*,#3474,.F.);
#2861=ORIENTED_EDGE('',*,*,#3464,.F.);
#2862=ORIENTED_EDGE('',*,*,#3403,.F.);
#2863=ORIENTED_EDGE('',*,*,#3463,.F.);
#2864=ORIENTED_EDGE('',*,*,#3404,.F.);
#2865=ORIENTED_EDGE('',*,*,#3466,.T.);
#2866=ORIENTED_EDGE('',*,*,#3405,.T.);
#2867=ORIENTED_EDGE('',*,*,#3465,.T.);
#2868=ORIENTED_EDGE('',*,*,#3406,.T.);
#2869=ORIENTED_EDGE('',*,*,#3410,.F.);
#2870=ORIENTED_EDGE('',*,*,#3408,.F.);
#2871=ORIENTED_EDGE('',*,*,#3475,.T.);
#2872=ORIENTED_EDGE('',*,*,#3455,.T.);
#2873=ORIENTED_EDGE('',*,*,#3476,.F.);
#2874=ORIENTED_EDGE('',*,*,#3412,.F.);
#2875=ORIENTED_EDGE('',*,*,#3454,.F.);
#2876=ORIENTED_EDGE('',*,*,#3477,.F.);
#2877=ORIENTED_EDGE('',*,*,#3478,.T.);
#2878=ORIENTED_EDGE('',*,*,#3420,.F.);
#2879=ORIENTED_EDGE('',*,*,#3413,.T.);
#2880=ORIENTED_EDGE('',*,*,#3479,.F.);
#2881=ORIENTED_EDGE('',*,*,#3480,.F.);
#2882=ORIENTED_EDGE('',*,*,#3415,.T.);
#2883=ORIENTED_EDGE('',*,*,#3481,.T.);
#2884=ORIENTED_EDGE('',*,*,#3482,.T.);
#2885=ORIENTED_EDGE('',*,*,#3483,.T.);
#2886=ORIENTED_EDGE('',*,*,#3484,.T.);
#2887=ORIENTED_EDGE('',*,*,#3480,.T.);
#2888=ORIENTED_EDGE('',*,*,#3485,.F.);
#2889=ORIENTED_EDGE('',*,*,#3486,.T.);
#2890=ORIENTED_EDGE('',*,*,#3416,.T.);
#2891=ORIENTED_EDGE('',*,*,#3487,.T.);
#2892=ORIENTED_EDGE('',*,*,#3441,.F.);
#2893=ORIENTED_EDGE('',*,*,#3418,.T.);
#2894=ORIENTED_EDGE('',*,*,#3488,.F.);
#2895=ORIENTED_EDGE('',*,*,#3489,.T.);
#2896=ORIENTED_EDGE('',*,*,#3422,.F.);
#2897=ORIENTED_EDGE('',*,*,#3490,.F.);
#2898=ORIENTED_EDGE('',*,*,#3491,.T.);
#2899=ORIENTED_EDGE('',*,*,#3492,.F.);
#2900=ORIENTED_EDGE('',*,*,#3493,.F.);
#2901=ORIENTED_EDGE('',*,*,#3494,.F.);
#2902=ORIENTED_EDGE('',*,*,#3495,.F.);
#2903=ORIENTED_EDGE('',*,*,#3496,.F.);
#2904=ORIENTED_EDGE('',*,*,#3423,.F.);
#2905=ORIENTED_EDGE('',*,*,#3492,.T.);
#2906=ORIENTED_EDGE('',*,*,#3481,.F.);
#2907=ORIENTED_EDGE('',*,*,#3424,.F.);
#2908=ORIENTED_EDGE('',*,*,#3496,.T.);
#2909=ORIENTED_EDGE('',*,*,#3497,.F.);
#2910=ORIENTED_EDGE('',*,*,#3498,.T.);
#2911=ORIENTED_EDGE('',*,*,#3499,.T.);
#2912=ORIENTED_EDGE('',*,*,#3500,.F.);
#2913=ORIENTED_EDGE('',*,*,#3501,.F.);
#2914=ORIENTED_EDGE('',*,*,#3425,.F.);
#2915=ORIENTED_EDGE('',*,*,#3502,.T.);
#2916=ORIENTED_EDGE('',*,*,#3503,.F.);
#2917=ORIENTED_EDGE('',*,*,#3504,.F.);
#2918=ORIENTED_EDGE('',*,*,#3426,.F.);
#2919=ORIENTED_EDGE('',*,*,#3501,.T.);
#2920=CARTESIAN_POINT('',(-27.999999999991,-22.1720425280563,32.5186841846511));
#2921=CARTESIAN_POINT('',(-27.999999999991,-9.33499975340423,32.523091083805));
#2922=CARTESIAN_POINT('',(-27.999999999991,-4.59803776623548,22.5502367059843));
#2923=ORIENTED_EDGE('',*,*,#3505,.F.);
#2924=ORIENTED_EDGE('',*,*,#3506,.F.);
#2925=ORIENTED_EDGE('',*,*,#3427,.F.);
#2926=ORIENTED_EDGE('',*,*,#3504,.T.);
#2927=ORIENTED_EDGE('',*,*,#3507,.F.);
#2928=ORIENTED_EDGE('',*,*,#3502,.F.);
#2929=ORIENTED_EDGE('',*,*,#3428,.F.);
#2930=ORIENTED_EDGE('',*,*,#3506,.T.);
#2931=CARTESIAN_POINT('',(-27.999999999991,-3.71195349253023,24.4700858500238));
#2932=CARTESIAN_POINT('',(-27.999999999991,-8.44891547969899,34.4429402278446));
#2933=CARTESIAN_POINT('',(-27.999999999991,-21.2859582543511,34.4385333286906));
#2934=ORIENTED_EDGE('',*,*,#3508,.F.);
#2935=ORIENTED_EDGE('',*,*,#3509,.T.);
#2936=ORIENTED_EDGE('',*,*,#3429,.F.);
#2937=ORIENTED_EDGE('',*,*,#3510,.F.);
#2938=ORIENTED_EDGE('',*,*,#3511,.F.);
#2939=ORIENTED_EDGE('',*,*,#3512,.T.);
#2940=ORIENTED_EDGE('',*,*,#3430,.F.);
#2941=ORIENTED_EDGE('',*,*,#3509,.F.);
#2942=CARTESIAN_POINT('',(-27.999999999991,-3.71195349253023,24.4700858500238));
#2943=CARTESIAN_POINT('',(-27.999999999991,-8.44891547969899,34.4429402278446));
#2944=CARTESIAN_POINT('',(-27.999999999991,-21.2859582543511,34.4385333286906));
#2945=ORIENTED_EDGE('',*,*,#3513,.F.);
#2946=ORIENTED_EDGE('',*,*,#3514,.T.);
#2947=ORIENTED_EDGE('',*,*,#3431,.F.);
#2948=ORIENTED_EDGE('',*,*,#3512,.F.);
#2949=ORIENTED_EDGE('',*,*,#3515,.F.);
#2950=ORIENTED_EDGE('',*,*,#3510,.T.);
#2951=ORIENTED_EDGE('',*,*,#3432,.F.);
#2952=ORIENTED_EDGE('',*,*,#3514,.F.);
#2953=CARTESIAN_POINT('',(-27.999999999991,-22.1720425280563,32.5186841846511));
#2954=CARTESIAN_POINT('',(-27.999999999991,-9.33499975340423,32.523091083805));
#2955=CARTESIAN_POINT('',(-27.999999999991,-4.59803776623548,22.5502367059843));
#2956=ORIENTED_EDGE('',*,*,#3516,.F.);
#2957=ORIENTED_EDGE('',*,*,#3517,.F.);
#2958=ORIENTED_EDGE('',*,*,#3433,.F.);
#2959=ORIENTED_EDGE('',*,*,#3518,.T.);
#2960=ORIENTED_EDGE('',*,*,#3437,.F.);
#2961=ORIENTED_EDGE('',*,*,#3519,.F.);
#2962=ORIENTED_EDGE('',*,*,#3520,.F.);
#2963=ORIENTED_EDGE('',*,*,#3521,.F.);
#2964=ORIENTED_EDGE('',*,*,#3522,.F.);
#2965=ORIENTED_EDGE('',*,*,#3434,.F.);
#2966=ORIENTED_EDGE('',*,*,#3517,.T.);
#2967=CARTESIAN_POINT('',(-27.999999999991,-19.7722925840927,36.4434791829758));
#2968=CARTESIAN_POINT('',(-27.999999999991,-6.93524980944058,36.4478860821298));
#2969=CARTESIAN_POINT('',(-27.999999999991,-2.19828782227182,26.475031704309));
#2970=ORIENTED_EDGE('',*,*,#3523,.F.);
#2971=ORIENTED_EDGE('',*,*,#3524,.F.);
#2972=ORIENTED_EDGE('',*,*,#3435,.F.);
#2973=ORIENTED_EDGE('',*,*,#3522,.T.);
#2974=ORIENTED_EDGE('',*,*,#3525,.F.);
#2975=ORIENTED_EDGE('',*,*,#3526,.F.);
#2976=ORIENTED_EDGE('',*,*,#3527,.T.);
#2977=ORIENTED_EDGE('',*,*,#3438,.F.);
#2978=ORIENTED_EDGE('',*,*,#3518,.F.);
#2979=ORIENTED_EDGE('',*,*,#3436,.F.);
#2980=ORIENTED_EDGE('',*,*,#3524,.T.);
#2981=CARTESIAN_POINT('',(-27.999999999991,-1.31220354856658,28.3948808483485));
#2982=CARTESIAN_POINT('',(-27.999999999991,-6.04916553573533,38.3677352261693));
#2983=CARTESIAN_POINT('',(-27.999999999991,-18.8862083103874,38.3633283270153));
#2984=ORIENTED_EDGE('',*,*,#3528,.F.);
#2985=ORIENTED_EDGE('',*,*,#3529,.T.);
#2986=ORIENTED_EDGE('',*,*,#3439,.F.);
#2987=ORIENTED_EDGE('',*,*,#3527,.F.);
#2988=ORIENTED_EDGE('',*,*,#3530,.F.);
#2989=ORIENTED_EDGE('',*,*,#3519,.T.);
#2990=ORIENTED_EDGE('',*,*,#3440,.F.);
#2991=ORIENTED_EDGE('',*,*,#3529,.F.);
#2992=CARTESIAN_POINT('',(-27.999999999991,-19.7722925840927,36.4434791829758));
#2993=CARTESIAN_POINT('',(-27.999999999991,-6.93524980944058,36.4478860821298));
#2994=CARTESIAN_POINT('',(-27.999999999991,-2.19828782227182,26.475031704309));
#2995=ORIENTED_EDGE('',*,*,#3531,.T.);
#2996=ORIENTED_EDGE('',*,*,#3442,.F.);
#2997=ORIENTED_EDGE('',*,*,#3443,.T.);
#2998=ORIENTED_EDGE('',*,*,#3532,.F.);
#2999=ORIENTED_EDGE('',*,*,#3533,.T.);
#3000=ORIENTED_EDGE('',*,*,#3444,.T.);
#3001=ORIENTED_EDGE('',*,*,#3534,.T.);
#3002=ORIENTED_EDGE('',*,*,#3535,.F.);
#3003=ORIENTED_EDGE('',*,*,#3461,.T.);
#3004=ORIENTED_EDGE('',*,*,#3446,.F.);
#3005=ORIENTED_EDGE('',*,*,#3487,.F.);
#3006=ORIENTED_EDGE('',*,*,#3536,.T.);
#3007=ORIENTED_EDGE('',*,*,#3537,.T.);
#3008=ORIENTED_EDGE('',*,*,#3538,.T.);
#3009=ORIENTED_EDGE('',*,*,#3447,.F.);
#3010=ORIENTED_EDGE('',*,*,#3539,.T.);
#3011=ORIENTED_EDGE('',*,*,#3540,.T.);
#3012=ORIENTED_EDGE('',*,*,#3538,.F.);
#3013=ORIENTED_EDGE('',*,*,#3541,.F.);
#3014=ORIENTED_EDGE('',*,*,#3483,.F.);
#3015=ORIENTED_EDGE('',*,*,#3542,.T.);
#3016=ORIENTED_EDGE('',*,*,#3448,.T.);
#3017=ORIENTED_EDGE('',*,*,#3482,.F.);
#3018=ORIENTED_EDGE('',*,*,#3499,.F.);
#3019=ORIENTED_EDGE('',*,*,#3543,.F.);
#3020=ORIENTED_EDGE('',*,*,#3544,.F.);
#3021=ORIENTED_EDGE('',*,*,#3545,.T.);
#3022=ORIENTED_EDGE('',*,*,#3546,.T.);
#3023=ORIENTED_EDGE('',*,*,#3497,.T.);
#3024=ORIENTED_EDGE('',*,*,#3495,.T.);
#3025=ORIENTED_EDGE('',*,*,#3547,.T.);
#3026=ORIENTED_EDGE('',*,*,#3449,.F.);
#3027=ORIENTED_EDGE('',*,*,#3542,.F.);
#3028=CARTESIAN_POINT('',(-5.81353147440082E-15,-14.5,2.99999999999999));
#3029=CARTESIAN_POINT('',(-7.27071729375506E-15,-14.4576869512889,12.0235495804483));
#3030=CARTESIAN_POINT('',(-6.55517751560083E-15,-25.0908012123643,7.59260564783514));
#3031=CARTESIAN_POINT('',(-8.0743492699729E-15,-32.,16.9999999998251));
#3032=ORIENTED_EDGE('',*,*,#3450,.F.);
#3033=ORIENTED_EDGE('',*,*,#3547,.F.);
#3034=ORIENTED_EDGE('',*,*,#3494,.T.);
#3035=ORIENTED_EDGE('',*,*,#3548,.T.);
#3036=ORIENTED_EDGE('',*,*,#3549,.T.);
#3037=ORIENTED_EDGE('',*,*,#3550,.F.);
#3038=ORIENTED_EDGE('',*,*,#3551,.F.);
#3039=ORIENTED_EDGE('',*,*,#3451,.T.);
#3040=ORIENTED_EDGE('',*,*,#3549,.F.);
#3041=ORIENTED_EDGE('',*,*,#3552,.F.);
#3042=ORIENTED_EDGE('',*,*,#3553,.F.);
#3043=ORIENTED_EDGE('',*,*,#3554,.F.);
#3044=ORIENTED_EDGE('',*,*,#3555,.T.);
#3045=ORIENTED_EDGE('',*,*,#3452,.T.);
#3046=ORIENTED_EDGE('',*,*,#3551,.T.);
#3047=ORIENTED_EDGE('',*,*,#3555,.F.);
#3048=ORIENTED_EDGE('',*,*,#3479,.T.);
#3049=ORIENTED_EDGE('',*,*,#3476,.T.);
#3050=ORIENTED_EDGE('',*,*,#3453,.F.);
#3051=ORIENTED_EDGE('',*,*,#3556,.T.);
#3052=ORIENTED_EDGE('',*,*,#3456,.F.);
#3053=ORIENTED_EDGE('',*,*,#3475,.F.);
#3054=ORIENTED_EDGE('',*,*,#3474,.T.);
#3055=ORIENTED_EDGE('',*,*,#3557,.T.);
#3056=ORIENTED_EDGE('',*,*,#3457,.T.);
#3057=ORIENTED_EDGE('',*,*,#3556,.F.);
#3058=ORIENTED_EDGE('',*,*,#3472,.F.);
#3059=ORIENTED_EDGE('',*,*,#3557,.F.);
#3060=ORIENTED_EDGE('',*,*,#3471,.T.);
#3061=ORIENTED_EDGE('',*,*,#3558,.T.);
#3062=ORIENTED_EDGE('',*,*,#3458,.F.);
#3063=ORIENTED_EDGE('',*,*,#3468,.F.);
#3064=ORIENTED_EDGE('',*,*,#3467,.T.);
#3065=ORIENTED_EDGE('',*,*,#3459,.T.);
#3066=ORIENTED_EDGE('',*,*,#3558,.F.);
#3067=ORIENTED_EDGE('',*,*,#3539,.F.);
#3068=ORIENTED_EDGE('',*,*,#3462,.F.);
#3069=ORIENTED_EDGE('',*,*,#3536,.F.);
#3070=ORIENTED_EDGE('',*,*,#3559,.T.);
#3071=ORIENTED_EDGE('',*,*,#3560,.T.);
#3072=ORIENTED_EDGE('',*,*,#3561,.T.);
#3073=ORIENTED_EDGE('',*,*,#3562,.T.);
#3074=ORIENTED_EDGE('',*,*,#3563,.T.);
#3075=ORIENTED_EDGE('',*,*,#3477,.T.);
#3076=ORIENTED_EDGE('',*,*,#3554,.T.);
#3077=ORIENTED_EDGE('',*,*,#3564,.T.);
#3078=ORIENTED_EDGE('',*,*,#3421,.T.);
#3079=ORIENTED_EDGE('',*,*,#3478,.F.);
#3080=ORIENTED_EDGE('',*,*,#3563,.F.);
#3081=ORIENTED_EDGE('',*,*,#3537,.F.);
#3082=ORIENTED_EDGE('',*,*,#3565,.T.);
#3083=ORIENTED_EDGE('',*,*,#3485,.T.);
#3084=ORIENTED_EDGE('',*,*,#3484,.F.);
#3085=ORIENTED_EDGE('',*,*,#3541,.T.);
#3086=ORIENTED_EDGE('',*,*,#3566,.T.);
#3087=ORIENTED_EDGE('',*,*,#3567,.T.);
#3088=ORIENTED_EDGE('',*,*,#3486,.F.);
#3089=ORIENTED_EDGE('',*,*,#3568,.F.);
#3090=ORIENTED_EDGE('',*,*,#3569,.T.);
#3091=ORIENTED_EDGE('',*,*,#3488,.T.);
#3092=ORIENTED_EDGE('',*,*,#3417,.F.);
#3093=ORIENTED_EDGE('',*,*,#3567,.F.);
#3094=ORIENTED_EDGE('',*,*,#3559,.F.);
#3095=ORIENTED_EDGE('',*,*,#3489,.F.);
#3096=ORIENTED_EDGE('',*,*,#3569,.F.);
#3097=ORIENTED_EDGE('',*,*,#3566,.F.);
#3098=ORIENTED_EDGE('',*,*,#3570,.F.);
#3099=ORIENTED_EDGE('',*,*,#3571,.T.);
#3100=ORIENTED_EDGE('',*,*,#3490,.T.);
#3101=ORIENTED_EDGE('',*,*,#3564,.F.);
#3102=ORIENTED_EDGE('',*,*,#3562,.F.);
#3103=ORIENTED_EDGE('',*,*,#3548,.F.);
#3104=ORIENTED_EDGE('',*,*,#3493,.T.);
#3105=ORIENTED_EDGE('',*,*,#3491,.F.);
#3106=ORIENTED_EDGE('',*,*,#3572,.F.);
#3107=ORIENTED_EDGE('',*,*,#3552,.T.);
#3108=ORIENTED_EDGE('',*,*,#3573,.F.);
#3109=ORIENTED_EDGE('',*,*,#3574,.T.);
#3110=ORIENTED_EDGE('',*,*,#3543,.T.);
#3111=ORIENTED_EDGE('',*,*,#3498,.F.);
#3112=ORIENTED_EDGE('',*,*,#3546,.F.);
#3113=ORIENTED_EDGE('',*,*,#3575,.F.);
#3114=ORIENTED_EDGE('',*,*,#3576,.T.);
#3115=ORIENTED_EDGE('',*,*,#3528,.T.);
#3116=ORIENTED_EDGE('',*,*,#3526,.T.);
#3117=ORIENTED_EDGE('',*,*,#3525,.T.);
#3118=ORIENTED_EDGE('',*,*,#3523,.T.);
#3119=ORIENTED_EDGE('',*,*,#3521,.T.);
#3120=ORIENTED_EDGE('',*,*,#3516,.T.);
#3121=ORIENTED_EDGE('',*,*,#3520,.T.);
#3122=ORIENTED_EDGE('',*,*,#3530,.T.);
#3123=ORIENTED_EDGE('',*,*,#3573,.T.);
#3124=ORIENTED_EDGE('',*,*,#3576,.F.);
#3125=ORIENTED_EDGE('',*,*,#3577,.F.);
#3126=ORIENTED_EDGE('',*,*,#3578,.T.);
#3127=ORIENTED_EDGE('',*,*,#3533,.F.);
#3128=ORIENTED_EDGE('',*,*,#3500,.T.);
#3129=ORIENTED_EDGE('',*,*,#3507,.T.);
#3130=ORIENTED_EDGE('',*,*,#3505,.T.);
#3131=ORIENTED_EDGE('',*,*,#3503,.T.);
#3132=ORIENTED_EDGE('',*,*,#3508,.T.);
#3133=ORIENTED_EDGE('',*,*,#3515,.T.);
#3134=ORIENTED_EDGE('',*,*,#3513,.T.);
#3135=ORIENTED_EDGE('',*,*,#3511,.T.);
#3136=ORIENTED_EDGE('',*,*,#3531,.F.);
#3137=ORIENTED_EDGE('',*,*,#3535,.T.);
#3138=ORIENTED_EDGE('',*,*,#3532,.T.);
#3139=ORIENTED_EDGE('',*,*,#3534,.F.);
#3140=ORIENTED_EDGE('',*,*,#3540,.F.);
#3141=ORIENTED_EDGE('',*,*,#3560,.F.);
#3142=ORIENTED_EDGE('',*,*,#3570,.T.);
#3143=ORIENTED_EDGE('',*,*,#3568,.T.);
#3144=ORIENTED_EDGE('',*,*,#3565,.F.);
#3145=ORIENTED_EDGE('',*,*,#3579,.F.);
#3146=ORIENTED_EDGE('',*,*,#3544,.T.);
#3147=ORIENTED_EDGE('',*,*,#3574,.F.);
#3148=ORIENTED_EDGE('',*,*,#3578,.F.);
#3149=ORIENTED_EDGE('',*,*,#3579,.T.);
#3150=ORIENTED_EDGE('',*,*,#3577,.T.);
#3151=ORIENTED_EDGE('',*,*,#3575,.T.);
#3152=ORIENTED_EDGE('',*,*,#3545,.F.);
#3153=ORIENTED_EDGE('',*,*,#3572,.T.);
#3154=ORIENTED_EDGE('',*,*,#3571,.F.);
#3155=ORIENTED_EDGE('',*,*,#3561,.F.);
#3156=ORIENTED_EDGE('',*,*,#3553,.T.);
#3157=ORIENTED_EDGE('',*,*,#3550,.T.);
#3158=EDGE_CURVE('',#3580,#3581,#3582,.F.);
#3159=EDGE_CURVE('',#3581,#3583,#3584,.F.);
#3160=EDGE_CURVE('',#3583,#3585,#3586,.F.);
#3161=EDGE_CURVE('',#3585,#3580,#3587,.F.);
#3162=EDGE_CURVE('',#3588,#3589,#3590,.F.);
#3163=EDGE_CURVE('',#3589,#3591,#3592,.F.);
#3164=EDGE_CURVE('',#3591,#3593,#3594,.F.);
#3165=EDGE_CURVE('',#3593,#3588,#3595,.F.);
#3166=EDGE_CURVE('',#3596,#3597,#3598,.T.);
#3167=EDGE_CURVE('',#3597,#3599,#3600,.T.);
#3168=EDGE_CURVE('',#3601,#3599,#3602,.T.);
#3169=EDGE_CURVE('',#3603,#3601,#3604,.T.);
#3170=EDGE_CURVE('',#3605,#3603,#3606,.T.);
#3171=EDGE_CURVE('',#3607,#3605,#3608,.T.);
#3172=EDGE_CURVE('',#3607,#3609,#3610,.T.);
#3173=EDGE_CURVE('',#3609,#3596,#3611,.T.);
#3174=EDGE_CURVE('',#3612,#3613,#3614,.F.);
#3175=EDGE_CURVE('',#3613,#3615,#3616,.F.);
#3176=EDGE_CURVE('',#3615,#3617,#3618,.F.);
#3177=EDGE_CURVE('',#3617,#3619,#3620,.F.);
#3178=EDGE_CURVE('',#3619,#3621,#3622,.F.);
#3179=EDGE_CURVE('',#3621,#3623,#3624,.F.);
#3180=EDGE_CURVE('',#3623,#3625,#3626,.F.);
#3181=EDGE_CURVE('',#3625,#3627,#3628,.F.);
#3182=EDGE_CURVE('',#3627,#3629,#3630,.F.);
#3183=EDGE_CURVE('',#3629,#3612,#3631,.F.);
#3184=EDGE_CURVE('',#3632,#3633,#3634,.F.);
#3185=EDGE_CURVE('',#3633,#3635,#3636,.F.);
#3186=EDGE_CURVE('',#3635,#3637,#3638,.F.);
#3187=EDGE_CURVE('',#3637,#3639,#3640,.F.);
#3188=EDGE_CURVE('',#3639,#3641,#3642,.F.);
#3189=EDGE_CURVE('',#3641,#3632,#3643,.F.);
#3190=EDGE_CURVE('',#3644,#3645,#3646,.F.);
#3191=EDGE_CURVE('',#3645,#3647,#3648,.F.);
#3192=EDGE_CURVE('',#3647,#3649,#3650,.F.);
#3193=EDGE_CURVE('',#3649,#3651,#3652,.F.);
#3194=EDGE_CURVE('',#3651,#3653,#3654,.F.);
#3195=EDGE_CURVE('',#3653,#3655,#3656,.F.);
#3196=EDGE_CURVE('',#3655,#3657,#3658,.F.);
#3197=EDGE_CURVE('',#3657,#3644,#3659,.F.);
#3198=EDGE_CURVE('',#3660,#3661,#3662,.F.);
#3199=EDGE_CURVE('',#3661,#3663,#3664,.F.);
#3200=EDGE_CURVE('',#3663,#3665,#3666,.F.);
#3201=EDGE_CURVE('',#3665,#3667,#3668,.F.);
#3202=EDGE_CURVE('',#3667,#3669,#3670,.F.);
#3203=EDGE_CURVE('',#3669,#3671,#3672,.F.);
#3204=EDGE_CURVE('',#3671,#3673,#3674,.F.);
#3205=EDGE_CURVE('',#3673,#3660,#3675,.F.);
#3206=EDGE_CURVE('',#3676,#3677,#3678,.F.);
#3207=EDGE_CURVE('',#3677,#3679,#3680,.F.);
#3208=EDGE_CURVE('',#3679,#3681,#3682,.F.);
#3209=EDGE_CURVE('',#3681,#3683,#3684,.F.);
#3210=EDGE_CURVE('',#3683,#3685,#3686,.F.);
#3211=EDGE_CURVE('',#3685,#3687,#3688,.F.);
#3212=EDGE_CURVE('',#3687,#3689,#3690,.F.);
#3213=EDGE_CURVE('',#3689,#3676,#3691,.F.);
#3214=EDGE_CURVE('',#3692,#3693,#3694,.F.);
#3215=EDGE_CURVE('',#3693,#3695,#3696,.F.);
#3216=EDGE_CURVE('',#3695,#3697,#3698,.F.);
#3217=EDGE_CURVE('',#3697,#3699,#3700,.F.);
#3218=EDGE_CURVE('',#3699,#3701,#3702,.F.);
#3219=EDGE_CURVE('',#3701,#3703,#3704,.F.);
#3220=EDGE_CURVE('',#3703,#3705,#3706,.F.);
#3221=EDGE_CURVE('',#3705,#3707,#3708,.F.);
#3222=EDGE_CURVE('',#3707,#3709,#3710,.F.);
#3223=EDGE_CURVE('',#3709,#3711,#3712,.F.);
#3224=EDGE_CURVE('',#3711,#3713,#3714,.F.);
#3225=EDGE_CURVE('',#3713,#3692,#3715,.F.);
#3226=EDGE_CURVE('',#3716,#3717,#3718,.F.);
#3227=EDGE_CURVE('',#3717,#3719,#3720,.F.);
#3228=EDGE_CURVE('',#3719,#3721,#3722,.F.);
#3229=EDGE_CURVE('',#3721,#3723,#3724,.F.);
#3230=EDGE_CURVE('',#3723,#3725,#3726,.F.);
#3231=EDGE_CURVE('',#3725,#3727,#3728,.F.);
#3232=EDGE_CURVE('',#3727,#3729,#3730,.F.);
#3233=EDGE_CURVE('',#3729,#3731,#3732,.F.);
#3234=EDGE_CURVE('',#3731,#3733,#3734,.F.);
#3235=EDGE_CURVE('',#3733,#3716,#3735,.F.);
#3236=EDGE_CURVE('',#3736,#3737,#3738,.F.);
#3237=EDGE_CURVE('',#3737,#3739,#3740,.F.);
#3238=EDGE_CURVE('',#3739,#3741,#3742,.F.);
#3239=EDGE_CURVE('',#3741,#3736,#3743,.F.);
#3240=EDGE_CURVE('',#3744,#3744,#3745,.F.);
#3241=EDGE_CURVE('',#3746,#3746,#3747,.F.);
#3242=EDGE_CURVE('',#3748,#3748,#3749,.T.);
#3243=EDGE_CURVE('',#3750,#3589,#3751,.T.);
#3244=EDGE_CURVE('',#3752,#3750,#3753,.T.);
#3245=EDGE_CURVE('',#3752,#3591,#3754,.T.);
#3246=EDGE_CURVE('',#3755,#3752,#3756,.T.);
#3247=EDGE_CURVE('',#3755,#3593,#3757,.T.);
#3248=EDGE_CURVE('',#3758,#3755,#3759,.T.);
#3249=EDGE_CURVE('',#3758,#3588,#3760,.T.);
#3250=EDGE_CURVE('',#3750,#3758,#3761,.T.);
#3251=EDGE_CURVE('',#3762,#3737,#3763,.T.);
#3252=EDGE_CURVE('',#3764,#3762,#3765,.T.);
#3253=EDGE_CURVE('',#3764,#3739,#3766,.T.);
#3254=EDGE_CURVE('',#3767,#3764,#3768,.T.);
#3255=EDGE_CURVE('',#3767,#3741,#3769,.T.);
#3256=EDGE_CURVE('',#3770,#3767,#3771,.T.);
#3257=EDGE_CURVE('',#3770,#3736,#3772,.T.);
#3258=EDGE_CURVE('',#3762,#3770,#3773,.T.);
#3259=EDGE_CURVE('',#3774,#3731,#3775,.T.);
#3260=EDGE_CURVE('',#3776,#3774,#3777,.T.);
#3261=EDGE_CURVE('',#3776,#3733,#3778,.T.);
#3262=EDGE_CURVE('',#3779,#3729,#3780,.T.);
#3263=EDGE_CURVE('',#3774,#3779,#3781,.T.);
#3264=EDGE_CURVE('',#3782,#3727,#3783,.T.);
#3265=EDGE_CURVE('',#3779,#3782,#3784,.T.);
#3266=EDGE_CURVE('',#3785,#3725,#3786,.T.);
#3267=EDGE_CURVE('',#3782,#3785,#3787,.T.);
#3268=EDGE_CURVE('',#3788,#3723,#3789,.T.);
#3269=EDGE_CURVE('',#3785,#3788,#3790,.T.);
#3270=EDGE_CURVE('',#3791,#3721,#3792,.T.);
#3271=EDGE_CURVE('',#3788,#3791,#3793,.T.);
#3272=EDGE_CURVE('',#3794,#3719,#3795,.T.);
#3273=EDGE_CURVE('',#3791,#3794,#3796,.T.);
#3274=EDGE_CURVE('',#3797,#3717,#3798,.T.);
#3275=EDGE_CURVE('',#3794,#3797,#3799,.T.);
#3276=EDGE_CURVE('',#3800,#3776,#3801,.T.);
#3277=EDGE_CURVE('',#3800,#3716,#3802,.T.);
#3278=EDGE_CURVE('',#3797,#3800,#3803,.T.);
#3279=EDGE_CURVE('',#3804,#3693,#3805,.T.);
#3280=EDGE_CURVE('',#3806,#3804,#3807,.T.);
#3281=EDGE_CURVE('',#3806,#3695,#3808,.T.);
#3282=EDGE_CURVE('',#3809,#3806,#3810,.T.);
#3283=EDGE_CURVE('',#3809,#3697,#3811,.T.);
#3284=EDGE_CURVE('',#3812,#3809,#3813,.T.);
#3285=EDGE_CURVE('',#3812,#3699,#3814,.T.);
#3286=EDGE_CURVE('',#3815,#3812,#3816,.T.);
#3287=EDGE_CURVE('',#3815,#3701,#3817,.T.);
#3288=EDGE_CURVE('',#3818,#3815,#3819,.T.);
#3289=EDGE_CURVE('',#3818,#3703,#3820,.T.);
#3290=EDGE_CURVE('',#3821,#3818,#3822,.T.);
#3291=EDGE_CURVE('',#3821,#3705,#3823,.T.);
#3292=EDGE_CURVE('',#3824,#3821,#3825,.T.);
#3293=EDGE_CURVE('',#3824,#3707,#3826,.T.);
#3294=EDGE_CURVE('',#3827,#3824,#3828,.T.);
#3295=EDGE_CURVE('',#3827,#3709,#3829,.T.);
#3296=EDGE_CURVE('',#3830,#3827,#3831,.T.);
#3297=EDGE_CURVE('',#3830,#3711,#3832,.T.);
#3298=EDGE_CURVE('',#3833,#3830,#3834,.T.);
#3299=EDGE_CURVE('',#3713,#3833,#3835,.T.);
#3300=EDGE_CURVE('',#3836,#3833,#3837,.T.);
#3301=EDGE_CURVE('',#3836,#3692,#3838,.T.);
#3302=EDGE_CURVE('',#3804,#3836,#3839,.T.);
#3303=EDGE_CURVE('',#3840,#3687,#3841,.T.);
#3304=EDGE_CURVE('',#3842,#3840,#3843,.T.);
#3305=EDGE_CURVE('',#3842,#3689,#3844,.T.);
#3306=EDGE_CURVE('',#3845,#3685,#3846,.T.);
#3307=EDGE_CURVE('',#3840,#3845,#3847,.T.);
#3308=EDGE_CURVE('',#3848,#3683,#3849,.T.);
#3309=EDGE_CURVE('',#3845,#3848,#3850,.T.);
#3310=EDGE_CURVE('',#3851,#3681,#3852,.T.);
#3311=EDGE_CURVE('',#3848,#3851,#3853,.T.);
#3312=EDGE_CURVE('',#3854,#3679,#3855,.T.);
#3313=EDGE_CURVE('',#3851,#3854,#3856,.T.);
#3314=EDGE_CURVE('',#3857,#3677,#3858,.T.);
#3315=EDGE_CURVE('',#3854,#3857,#3859,.T.);
#3316=EDGE_CURVE('',#3860,#3842,#3861,.T.);
#3317=EDGE_CURVE('',#3860,#3676,#3862,.T.);
#3318=EDGE_CURVE('',#3857,#3860,#3863,.T.);
#3319=EDGE_CURVE('',#3864,#3671,#3865,.T.);
#3320=EDGE_CURVE('',#3866,#3864,#3867,.T.);
#3321=EDGE_CURVE('',#3866,#3673,#3868,.T.);
#3322=EDGE_CURVE('',#3869,#3669,#3870,.T.);
#3323=EDGE_CURVE('',#3864,#3869,#3871,.T.);
#3324=EDGE_CURVE('',#3872,#3667,#3873,.T.);
#3325=EDGE_CURVE('',#3869,#3872,#3874,.T.);
#3326=EDGE_CURVE('',#3875,#3665,#3876,.T.);
#3327=EDGE_CURVE('',#3872,#3875,#3877,.T.);
#3328=EDGE_CURVE('',#3878,#3663,#3879,.T.);
#3329=EDGE_CURVE('',#3875,#3878,#3880,.T.);
#3330=EDGE_CURVE('',#3881,#3661,#3882,.T.);
#3331=EDGE_CURVE('',#3878,#3881,#3883,.T.);
#3332=EDGE_CURVE('',#3884,#3866,#3885,.T.);
#3333=EDGE_CURVE('',#3884,#3660,#3886,.T.);
#3334=EDGE_CURVE('',#3881,#3884,#3887,.T.);
#3335=EDGE_CURVE('',#3888,#3655,#3889,.T.);
#3336=EDGE_CURVE('',#3890,#3888,#3891,.T.);
#3337=EDGE_CURVE('',#3890,#3657,#3892,.T.);
#3338=EDGE_CURVE('',#3893,#3653,#3894,.T.);
#3339=EDGE_CURVE('',#3888,#3893,#3895,.T.);
#3340=EDGE_CURVE('',#3896,#3651,#3897,.T.);
#3341=EDGE_CURVE('',#3893,#3896,#3898,.T.);
#3342=EDGE_CURVE('',#3899,#3649,#3900,.T.);
#3343=EDGE_CURVE('',#3896,#3899,#3901,.T.);
#3344=EDGE_CURVE('',#3902,#3647,#3903,.T.);
#3345=EDGE_CURVE('',#3899,#3902,#3904,.T.);
#3346=EDGE_CURVE('',#3905,#3645,#3906,.T.);
#3347=EDGE_CURVE('',#3902,#3905,#3907,.T.);
#3348=EDGE_CURVE('',#3908,#3890,#3909,.T.);
#3349=EDGE_CURVE('',#3908,#3644,#3910,.T.);
#3350=EDGE_CURVE('',#3905,#3908,#3911,.T.);
#3351=EDGE_CURVE('',#3912,#3639,#3913,.T.);
#3352=EDGE_CURVE('',#3914,#3912,#3915,.T.);
#3353=EDGE_CURVE('',#3914,#3641,#3916,.T.);
#3354=EDGE_CURVE('',#3917,#3637,#3918,.T.);
#3355=EDGE_CURVE('',#3912,#3917,#3919,.T.);
#3356=EDGE_CURVE('',#3920,#3635,#3921,.T.);
#3357=EDGE_CURVE('',#3917,#3920,#3922,.T.);
#3358=EDGE_CURVE('',#3923,#3633,#3924,.T.);
#3359=EDGE_CURVE('',#3920,#3923,#3925,.T.);
#3360=EDGE_CURVE('',#3926,#3914,#3927,.T.);
#3361=EDGE_CURVE('',#3926,#3632,#3928,.T.);
#3362=EDGE_CURVE('',#3923,#3926,#3929,.T.);
#3363=EDGE_CURVE('',#3930,#3621,#3931,.T.);
#3364=EDGE_CURVE('',#3932,#3930,#3933,.T.);
#3365=EDGE_CURVE('',#3932,#3623,#3934,.T.);
#3366=EDGE_CURVE('',#3619,#3935,#3936,.T.);
#3367=EDGE_CURVE('',#3930,#3935,#3937,.T.);
#3368=EDGE_CURVE('',#3938,#3617,#3939,.T.);
#3369=EDGE_CURVE('',#3935,#3938,#3940,.T.);
#3370=EDGE_CURVE('',#3941,#3615,#3942,.T.);
#3371=EDGE_CURVE('',#3938,#3941,#3943,.T.);
#3372=EDGE_CURVE('',#3944,#3629,#3945,.T.);
#3373=EDGE_CURVE('',#3946,#3944,#3947,.T.);
#3374=EDGE_CURVE('',#3946,#3612,#3948,.T.);
#3375=EDGE_CURVE('',#3949,#3627,#3950,.T.);
#3376=EDGE_CURVE('',#3944,#3949,#3951,.T.);
#3377=EDGE_CURVE('',#3952,#3583,#3953,.T.);
#3378=EDGE_CURVE('',#3954,#3952,#3955,.T.);
#3379=EDGE_CURVE('',#3954,#3585,#3956,.T.);
#3380=EDGE_CURVE('',#3957,#3613,#3958,.T.);
#3381=EDGE_CURVE('',#3941,#3957,#3959,.T.);
#3382=EDGE_CURVE('',#3960,#3954,#3961,.T.);
#3383=EDGE_CURVE('',#3580,#3960,#3962,.T.);
#3384=EDGE_CURVE('',#3963,#3932,#3964,.T.);
#3385=EDGE_CURVE('',#3625,#3963,#3965,.T.);
#3386=EDGE_CURVE('',#3949,#3963,#3966,.T.);
#3387=EDGE_CURVE('',#3967,#3581,#3968,.T.);
#3388=EDGE_CURVE('',#3952,#3967,#3969,.T.);
#3389=EDGE_CURVE('',#3967,#3960,#3970,.T.);
#3390=EDGE_CURVE('',#3957,#3946,#3971,.T.);
#3391=EDGE_CURVE('',#3972,#3973,#3974,.F.);
#3392=EDGE_CURVE('',#3972,#3975,#3976,.T.);
#3393=EDGE_CURVE('',#3597,#3975,#3977,.F.);
#3394=EDGE_CURVE('',#3596,#3973,#3978,.F.);
#3395=EDGE_CURVE('',#3979,#3597,#3980,.T.);
#3396=EDGE_CURVE('',#3979,#3981,#3982,.T.);
#3397=EDGE_CURVE('',#3981,#3599,#3983,.T.);
#3398=EDGE_CURVE('',#3984,#3985,#3986,.F.);
#3399=EDGE_CURVE('',#3987,#3985,#3988,.F.);
#3400=EDGE_CURVE('',#3989,#3987,#3990,.T.);
#3401=EDGE_CURVE('',#3989,#3601,#3991,.T.);
#3402=EDGE_CURVE('',#3981,#3984,#3992,.T.);
#3403=EDGE_CURVE('',#3993,#3993,#3994,.T.);
#3404=EDGE_CURVE('',#3995,#3995,#3996,.T.);
#3405=EDGE_CURVE('',#3997,#3997,#3998,.T.);
#3406=EDGE_CURVE('',#3999,#3999,#4000,.T.);
#3407=EDGE_CURVE('',#4001,#3989,#4002,.T.);
#3408=EDGE_CURVE('',#4001,#3603,#4003,.T.);
#3409=EDGE_CURVE('',#3605,#4004,#4005,.F.);
#3410=EDGE_CURVE('',#3603,#4006,#4007,.F.);
#3411=EDGE_CURVE('',#4008,#4006,#4009,.T.);
#3412=EDGE_CURVE('',#4008,#4004,#4010,.F.);
#3413=EDGE_CURVE('',#4011,#4004,#4012,.F.);
#3414=EDGE_CURVE('',#4011,#3607,#4013,.T.);
#3415=EDGE_CURVE('',#4014,#4015,#4016,.T.);
#3416=EDGE_CURVE('',#4017,#4014,#4018,.T.);
#3417=EDGE_CURVE('',#4017,#4019,#4020,.F.);
#3418=EDGE_CURVE('',#4021,#4019,#4022,.F.);
#3419=EDGE_CURVE('',#4021,#3609,#4023,.T.);
#3420=EDGE_CURVE('',#4011,#4024,#4025,.F.);
#3421=EDGE_CURVE('',#4026,#4024,#4027,.F.);
#3422=EDGE_CURVE('',#4026,#4028,#4029,.T.);
#3423=EDGE_CURVE('',#4028,#4030,#4031,.T.);
#3424=EDGE_CURVE('',#4030,#4015,#4032,.T.);
#3425=EDGE_CURVE('',#4033,#4034,#4035,.F.);
#3426=EDGE_CURVE('',#4034,#4036,#4037,.F.);
#3427=EDGE_CURVE('',#4036,#4038,#4039,.T.);
#3428=EDGE_CURVE('',#4038,#4033,#4040,.T.);
#3429=EDGE_CURVE('',#4041,#4042,#4043,.F.);
#3430=EDGE_CURVE('',#4042,#4044,#4045,.T.);
#3431=EDGE_CURVE('',#4044,#4046,#4047,.T.);
#3432=EDGE_CURVE('',#4046,#4041,#4048,.F.);
#3433=EDGE_CURVE('',#4049,#4050,#4051,.F.);
#3434=EDGE_CURVE('',#4050,#4052,#4053,.F.);
#3435=EDGE_CURVE('',#4052,#4054,#4055,.T.);
#3436=EDGE_CURVE('',#4054,#4049,#4056,.T.);
#3437=EDGE_CURVE('',#4057,#4058,#4059,.F.);
#3438=EDGE_CURVE('',#4058,#4060,#4061,.T.);
#3439=EDGE_CURVE('',#4060,#4062,#4063,.T.);
#3440=EDGE_CURVE('',#4062,#4057,#4064,.F.);
#3441=EDGE_CURVE('',#4021,#3973,#4065,.F.);
#3442=EDGE_CURVE('',#4066,#4066,#4067,.T.);
#3443=EDGE_CURVE('',#4068,#4068,#4069,.T.);
#3444=EDGE_CURVE('',#4070,#4070,#4071,.T.);
#3445=EDGE_CURVE('',#4072,#3972,#4073,.T.);
#3446=EDGE_CURVE('',#3973,#4072,#4074,.T.);
#3447=EDGE_CURVE('',#4075,#4076,#4077,.T.);
#3448=EDGE_CURVE('',#4078,#4076,#4079,.F.);
#3449=EDGE_CURVE('',#4078,#4080,#4081,.T.);
#3450=EDGE_CURVE('',#4080,#4082,#4083,.F.);
#3451=EDGE_CURVE('',#4084,#4082,#4085,.T.);
#3452=EDGE_CURVE('',#4086,#4084,#4087,.T.);
#3453=EDGE_CURVE('',#4086,#4088,#4089,.F.);
#3454=EDGE_CURVE('',#4088,#4008,#4090,.T.);
#3455=EDGE_CURVE('',#4091,#4006,#4092,.T.);
#3456=EDGE_CURVE('',#4091,#4093,#4094,.T.);
#3457=EDGE_CURVE('',#4095,#4093,#4096,.T.);
#3458=EDGE_CURVE('',#4095,#4097,#4098,.T.);
#3459=EDGE_CURVE('',#4099,#4097,#4100,.T.);
#3460=EDGE_CURVE('',#4099,#3975,#4101,.T.);
#3461=EDGE_CURVE('',#4102,#4072,#4103,.F.);
#3462=EDGE_CURVE('',#4102,#4075,#4104,.T.);
#3463=EDGE_CURVE('',#4105,#4105,#4106,.F.);
#3464=EDGE_CURVE('',#4107,#4107,#4108,.F.);
#3465=EDGE_CURVE('',#4109,#4109,#4110,.F.);
#3466=EDGE_CURVE('',#4111,#4111,#4112,.F.);
#3467=EDGE_CURVE('',#3979,#4099,#4113,.T.);
#3468=EDGE_CURVE('',#3979,#4114,#4115,.T.);
#3469=EDGE_CURVE('',#4114,#3984,#4116,.T.);
#3470=EDGE_CURVE('',#3985,#4117,#4118,.F.);
#3471=EDGE_CURVE('',#4117,#4114,#4119,.T.);
#3472=EDGE_CURVE('',#4117,#4120,#4121,.T.);
#3473=EDGE_CURVE('',#4120,#3987,#4122,.T.);
#3474=EDGE_CURVE('',#4001,#4120,#4123,.T.);
#3475=EDGE_CURVE('',#4001,#4091,#4124,.T.);
#3476=EDGE_CURVE('',#4004,#4088,#4125,.T.);
#3477=EDGE_CURVE('',#4126,#4127,#4128,.F.);
#3478=EDGE_CURVE('',#4126,#4024,#4129,.T.);
#3479=EDGE_CURVE('',#4127,#4004,#4130,.F.);
#3480=EDGE_CURVE('',#4014,#4131,#4132,.T.);
#3481=EDGE_CURVE('',#4015,#4133,#4134,.T.);
#3482=EDGE_CURVE('',#4133,#4135,#4136,.T.);
#3483=EDGE_CURVE('',#4135,#4137,#4138,.T.);
#3484=EDGE_CURVE('',#4137,#4131,#4139,.T.);
#3485=EDGE_CURVE('',#4140,#4131,#4141,.T.);
#3486=EDGE_CURVE('',#4140,#4017,#4142,.T.);
#3487=EDGE_CURVE('',#4143,#3973,#4144,.F.);
#3488=EDGE_CURVE('',#4145,#4019,#4146,.T.);
#3489=EDGE_CURVE('',#4145,#4143,#4147,.F.);
#3490=EDGE_CURVE('',#4148,#4026,#4149,.T.);
#3491=EDGE_CURVE('',#4148,#4150,#4151,.T.);
#3492=EDGE_CURVE('',#4028,#4150,#4152,.T.);
#3493=EDGE_CURVE('',#4153,#4150,#4154,.T.);
#3494=EDGE_CURVE('',#4155,#4153,#4156,.T.);
#3495=EDGE_CURVE('',#4157,#4155,#4158,.T.);
#3496=EDGE_CURVE('',#4030,#4157,#4159,.T.);
#3497=EDGE_CURVE('',#4160,#4157,#4161,.T.);
#3498=EDGE_CURVE('',#4160,#4162,#4163,.T.);
#3499=EDGE_CURVE('',#4162,#4133,#4164,.T.);
#3500=EDGE_CURVE('',#4165,#4166,#4167,.F.);
#3501=EDGE_CURVE('',#4034,#4165,#4168,.T.);
#3502=EDGE_CURVE('',#4033,#4166,#4169,.T.);
#3503=EDGE_CURVE('',#4170,#4165,#4171,.F.);
#3504=EDGE_CURVE('',#4036,#4170,#4172,.T.);
#3505=EDGE_CURVE('',#4173,#4170,#4174,.T.);
#3506=EDGE_CURVE('',#4038,#4173,#4175,.T.);
#3507=EDGE_CURVE('',#4166,#4173,#4176,.F.);
#3508=EDGE_CURVE('',#4177,#4178,#4179,.F.);
#3509=EDGE_CURVE('',#4177,#4042,#4180,.T.);
#3510=EDGE_CURVE('',#4178,#4041,#4181,.T.);
#3511=EDGE_CURVE('',#4182,#4177,#4183,.T.);
#3512=EDGE_CURVE('',#4182,#4044,#4184,.T.);
#3513=EDGE_CURVE('',#4185,#4182,#4186,.T.);
#3514=EDGE_CURVE('',#4185,#4046,#4187,.T.);
#3515=EDGE_CURVE('',#4178,#4185,#4188,.F.);
#3516=EDGE_CURVE('',#4189,#4190,#4191,.F.);
#3517=EDGE_CURVE('',#4050,#4189,#4192,.T.);
#3518=EDGE_CURVE('',#4049,#4058,#4193,.T.);
#3519=EDGE_CURVE('',#4194,#4057,#4195,.T.);
#3520=EDGE_CURVE('',#4190,#4194,#4196,.F.);
#3521=EDGE_CURVE('',#4197,#4189,#4198,.F.);
#3522=EDGE_CURVE('',#4052,#4197,#4199,.T.);
#3523=EDGE_CURVE('',#4200,#4197,#4201,.T.);
#3524=EDGE_CURVE('',#4054,#4200,#4202,.T.);
#3525=EDGE_CURVE('',#4203,#4200,#4204,.F.);
#3526=EDGE_CURVE('',#4205,#4203,#4206,.T.);
#3527=EDGE_CURVE('',#4205,#4060,#4207,.T.);
#3528=EDGE_CURVE('',#4208,#4205,#4209,.T.);
#3529=EDGE_CURVE('',#4208,#4062,#4210,.T.);
#3530=EDGE_CURVE('',#4194,#4208,#4211,.F.);
#3531=EDGE_CURVE('',#4212,#4212,#4213,.T.);
#3532=EDGE_CURVE('',#4214,#4214,#4215,.T.);
#3533=EDGE_CURVE('',#4216,#4216,#4217,.F.);
#3534=EDGE_CURVE('',#4218,#4218,#4219,.T.);
#3535=EDGE_CURVE('',#4220,#4220,#4221,.T.);
#3536=EDGE_CURVE('',#4143,#4102,#4222,.F.);
#3537=EDGE_CURVE('',#4223,#4224,#4225,.T.);
#3538=EDGE_CURVE('',#4224,#4076,#4226,.F.);
#3539=EDGE_CURVE('',#4075,#4227,#4228,.F.);
#3540=EDGE_CURVE('',#4227,#4223,#4229,.F.);
#3541=EDGE_CURVE('',#4137,#4224,#4230,.T.);
#3542=EDGE_CURVE('',#4135,#4078,#4231,.T.);
#3543=EDGE_CURVE('',#4232,#4162,#4233,.T.);
#3544=EDGE_CURVE('',#4234,#4232,#4235,.T.);
#3545=EDGE_CURVE('',#4234,#4236,#4237,.T.);
#3546=EDGE_CURVE('',#4236,#4160,#4238,.T.);
#3547=EDGE_CURVE('',#4155,#4080,#4239,.T.);
#3548=EDGE_CURVE('',#4153,#4240,#4241,.T.);
#3549=EDGE_CURVE('',#4240,#4082,#4242,.F.);
#3550=EDGE_CURVE('',#4243,#4244,#4245,.F.);
#3551=EDGE_CURVE('',#4084,#4243,#4246,.F.);
#3552=EDGE_CURVE('',#4244,#4240,#4247,.T.);
#3553=EDGE_CURVE('',#4248,#4243,#4249,.T.);
#3554=EDGE_CURVE('',#4127,#4248,#4250,.T.);
#3555=EDGE_CURVE('',#4127,#4086,#4251,.F.);
#3556=EDGE_CURVE('',#4120,#4093,#4252,.F.);
#3557=EDGE_CURVE('',#4117,#4095,#4253,.T.);
#3558=EDGE_CURVE('',#4114,#4097,#4254,.F.);
#3559=EDGE_CURVE('',#4143,#4255,#4256,.T.);
#3560=EDGE_CURVE('',#4255,#4227,#4257,.T.);
#3561=EDGE_CURVE('',#4248,#4258,#4259,.T.);
#3562=EDGE_CURVE('',#4258,#4260,#4261,.T.);
#3563=EDGE_CURVE('',#4260,#4126,#4262,.F.);
#3564=EDGE_CURVE('',#4260,#4026,#4263,.T.);
#3565=EDGE_CURVE('',#4223,#4140,#4264,.T.);
#3566=EDGE_CURVE('',#4265,#4266,#4267,.T.);
#3567=EDGE_CURVE('',#4266,#4017,#4268,.T.);
#3568=EDGE_CURVE('',#4265,#4140,#4269,.T.);
#3569=EDGE_CURVE('',#4266,#4145,#4270,.F.);
#3570=EDGE_CURVE('',#4255,#4265,#4271,.T.);
#3571=EDGE_CURVE('',#4258,#4148,#4272,.T.);
#3572=EDGE_CURVE('',#4244,#4148,#4273,.T.);
#3573=EDGE_CURVE('',#4274,#4275,#4276,.T.);
#3574=EDGE_CURVE('',#4274,#4232,#4277,.F.);
#3575=EDGE_CURVE('',#4278,#4236,#4279,.F.);
#3576=EDGE_CURVE('',#4278,#4275,#4280,.T.);
#3577=EDGE_CURVE('',#4281,#4278,#4282,.T.);
#3578=EDGE_CURVE('',#4281,#4274,#4283,.T.);
#3579=EDGE_CURVE('',#4234,#4281,#4284,.T.);
#3580=VERTEX_POINT('',#4285);
#3581=VERTEX_POINT('',#4286);
#3582=LINE('',#4287,#4288);
#3583=VERTEX_POINT('',#4290);
#3584=LINE('',#4291,#4292);
#3585=VERTEX_POINT('',#4294);
#3586=LINE('',#4295,#4296);
#3587=LINE('',#4298,#4299);
#3588=VERTEX_POINT('',#4301);
#3589=VERTEX_POINT('',#4302);
#3590=LINE('',#4303,#4304);
#3591=VERTEX_POINT('',#4306);
#3592=LINE('',#4307,#4308);
#3593=VERTEX_POINT('',#4310);
#3594=LINE('',#4311,#4312);
#3595=LINE('',#4314,#4315);
#3596=VERTEX_POINT('',#4317);
#3597=VERTEX_POINT('',#4318);
#3598=LINE('',#4319,#4320);
#3599=VERTEX_POINT('',#4322);
#3600=LINE('',#4323,#4324);
#3601=VERTEX_POINT('',#4326);
#3602=LINE('',#4327,#4328);
#3603=VERTEX_POINT('',#4330);
#3604=LINE('',#4331,#4332);
#3605=VERTEX_POINT('',#4334);
#3606=LINE('',#4335,#4336);
#3607=VERTEX_POINT('',#4338);
#3608=LINE('',#4339,#4340);
#3609=VERTEX_POINT('',#4342);
#3610=CIRCLE('',#4343,16.);
#3611=LINE('',#4347,#4348);
#3612=VERTEX_POINT('',#4350);
#3613=VERTEX_POINT('',#4351);
#3614=LINE('',#4352,#4353);
#3615=VERTEX_POINT('',#4355);
#3616=LINE('',#4356,#4357);
#3617=VERTEX_POINT('',#4359);
#3618=LINE('',#4360,#4361);
#3619=VERTEX_POINT('',#4363);
#3620=LINE('',#4364,#4365);
#3621=VERTEX_POINT('',#4367);
#3622=LINE('',#4368,#4369);
#3623=VERTEX_POINT('',#4371);
#3624=LINE('',#4372,#4373);
#3625=VERTEX_POINT('',#4375);
#3626=LINE('',#4376,#4377);
#3627=VERTEX_POINT('',#4379);
#3628=LINE('',#4380,#4381);
#3629=VERTEX_POINT('',#4383);
#3630=LINE('',#4384,#4385);
#3631=LINE('',#4387,#4388);
#3632=VERTEX_POINT('',#4390);
#3633=VERTEX_POINT('',#4391);
#3634=LINE('',#4392,#4393);
#3635=VERTEX_POINT('',#4395);
#3636=LINE('',#4396,#4397);
#3637=VERTEX_POINT('',#4399);
#3638=LINE('',#4400,#4401);
#3639=VERTEX_POINT('',#4403);
#3640=LINE('',#4404,#4405);
#3641=VERTEX_POINT('',#4407);
#3642=LINE('',#4408,#4409);
#3643=LINE('',#4411,#4412);
#3644=VERTEX_POINT('',#4414);
#3645=VERTEX_POINT('',#4415);
#3646=LINE('',#4416,#4417);
#3647=VERTEX_POINT('',#4419);
#3648=LINE('',#4420,#4421);
#3649=VERTEX_POINT('',#4423);
#3650=LINE('',#4424,#4425);
#3651=VERTEX_POINT('',#4427);
#3652=LINE('',#4428,#4429);
#3653=VERTEX_POINT('',#4431);
#3654=LINE('',#4432,#4433);
#3655=VERTEX_POINT('',#4435);
#3656=LINE('',#4436,#4437);
#3657=VERTEX_POINT('',#4439);
#3658=LINE('',#4440,#4441);
#3659=LINE('',#4443,#4444);
#3660=VERTEX_POINT('',#4446);
#3661=VERTEX_POINT('',#4447);
#3662=LINE('',#4448,#4449);
#3663=VERTEX_POINT('',#4451);
#3664=LINE('',#4452,#4453);
#3665=VERTEX_POINT('',#4455);
#3666=LINE('',#4456,#4457);
#3667=VERTEX_POINT('',#4459);
#3668=LINE('',#4460,#4461);
#3669=VERTEX_POINT('',#4463);
#3670=LINE('',#4464,#4465);
#3671=VERTEX_POINT('',#4467);
#3672=LINE('',#4468,#4469);
#3673=VERTEX_POINT('',#4471);
#3674=LINE('',#4472,#4473);
#3675=LINE('',#4475,#4476);
#3676=VERTEX_POINT('',#4478);
#3677=VERTEX_POINT('',#4479);
#3678=LINE('',#4480,#4481);
#3679=VERTEX_POINT('',#4483);
#3680=LINE('',#4484,#4485);
#3681=VERTEX_POINT('',#4487);
#3682=LINE('',#4488,#4489);
#3683=VERTEX_POINT('',#4491);
#3684=LINE('',#4492,#4493);
#3685=VERTEX_POINT('',#4495);
#3686=LINE('',#4496,#4497);
#3687=VERTEX_POINT('',#4499);
#3688=LINE('',#4500,#4501);
#3689=VERTEX_POINT('',#4503);
#3690=LINE('',#4504,#4505);
#3691=LINE('',#4507,#4508);
#3692=VERTEX_POINT('',#4510);
#3693=VERTEX_POINT('',#4511);
#3694=LINE('',#4512,#4513);
#3695=VERTEX_POINT('',#4515);
#3696=LINE('',#4516,#4517);
#3697=VERTEX_POINT('',#4519);
#3698=LINE('',#4520,#4521);
#3699=VERTEX_POINT('',#4523);
#3700=LINE('',#4524,#4525);
#3701=VERTEX_POINT('',#4527);
#3702=LINE('',#4528,#4529);
#3703=VERTEX_POINT('',#4531);
#3704=LINE('',#4532,#4533);
#3705=VERTEX_POINT('',#4535);
#3706=LINE('',#4536,#4537);
#3707=VERTEX_POINT('',#4539);
#3708=LINE('',#4540,#4541);
#3709=VERTEX_POINT('',#4543);
#3710=LINE('',#4544,#4545);
#3711=VERTEX_POINT('',#4547);
#3712=LINE('',#4548,#4549);
#3713=VERTEX_POINT('',#4551);
#3714=LINE('',#4552,#4553);
#3715=LINE('',#4555,#4556);
#3716=VERTEX_POINT('',#4558);
#3717=VERTEX_POINT('',#4559);
#3718=LINE('',#4560,#4561);
#3719=VERTEX_POINT('',#4563);
#3720=LINE('',#4564,#4565);
#3721=VERTEX_POINT('',#4567);
#3722=LINE('',#4568,#4569);
#3723=VERTEX_POINT('',#4571);
#3724=LINE('',#4572,#4573);
#3725=VERTEX_POINT('',#4575);
#3726=LINE('',#4576,#4577);
#3727=VERTEX_POINT('',#4579);
#3728=LINE('',#4580,#4581);
#3729=VERTEX_POINT('',#4583);
#3730=LINE('',#4584,#4585);
#3731=VERTEX_POINT('',#4587);
#3732=LINE('',#4588,#4589);
#3733=VERTEX_POINT('',#4591);
#3734=LINE('',#4592,#4593);
#3735=LINE('',#4595,#4596);
#3736=VERTEX_POINT('',#4598);
#3737=VERTEX_POINT('',#4599);
#3738=LINE('',#4600,#4601);
#3739=VERTEX_POINT('',#4603);
#3740=LINE('',#4604,#4605);
#3741=VERTEX_POINT('',#4607);
#3742=LINE('',#4608,#4609);
#3743=LINE('',#4611,#4612);
#3744=VERTEX_POINT('',#4614);
#3745=CIRCLE('',#4615,2.8);
#3746=VERTEX_POINT('',#4619);
#3747=CIRCLE('',#4620,2.8);
#3748=VERTEX_POINT('',#4624);
#3749=CIRCLE('',#4625,3.55);
#3750=VERTEX_POINT('',#4629);
#3751=LINE('',#4630,#4631);
#3752=VERTEX_POINT('',#4633);
#3753=LINE('',#4634,#4635);
#3754=LINE('',#4637,#4638);
#3755=VERTEX_POINT('',#4640);
#3756=LINE('',#4641,#4642);
#3757=LINE('',#4644,#4645);
#3758=VERTEX_POINT('',#4647);
#3759=LINE('',#4648,#4649);
#3760=LINE('',#4651,#4652);
#3761=LINE('',#4654,#4655);
#3762=VERTEX_POINT('',#4657);
#3763=LINE('',#4658,#4659);
#3764=VERTEX_POINT('',#4661);
#3765=LINE('',#4662,#4663);
#3766=LINE('',#4665,#4666);
#3767=VERTEX_POINT('',#4668);
#3768=LINE('',#4669,#4670);
#3769=LINE('',#4672,#4673);
#3770=VERTEX_POINT('',#4675);
#3771=LINE('',#4676,#4677);
#3772=LINE('',#4679,#4680);
#3773=LINE('',#4682,#4683);
#3774=VERTEX_POINT('',#4685);
#3775=LINE('',#4686,#4687);
#3776=VERTEX_POINT('',#4689);
#3777=LINE('',#4690,#4691);
#3778=LINE('',#4693,#4694);
#3779=VERTEX_POINT('',#4696);
#3780=LINE('',#4697,#4698);
#3781=LINE('',#4700,#4701);
#3782=VERTEX_POINT('',#4703);
#3783=LINE('',#4704,#4705);
#3784=LINE('',#4707,#4708);
#3785=VERTEX_POINT('',#4710);
#3786=LINE('',#4711,#4712);
#3787=LINE('',#4714,#4715);
#3788=VERTEX_POINT('',#4717);
#3789=LINE('',#4718,#4719);
#3790=LINE('',#4721,#4722);
#3791=VERTEX_POINT('',#4724);
#3792=LINE('',#4725,#4726);
#3793=LINE('',#4728,#4729);
#3794=VERTEX_POINT('',#4731);
#3795=LINE('',#4732,#4733);
#3796=LINE('',#4735,#4736);
#3797=VERTEX_POINT('',#4738);
#3798=LINE('',#4739,#4740);
#3799=LINE('',#4742,#4743);
#3800=VERTEX_POINT('',#4745);
#3801=LINE('',#4746,#4747);
#3802=LINE('',#4749,#4750);
#3803=LINE('',#4752,#4753);
#3804=VERTEX_POINT('',#4755);
#3805=LINE('',#4756,#4757);
#3806=VERTEX_POINT('',#4759);
#3807=LINE('',#4760,#4761);
#3808=LINE('',#4763,#4764);
#3809=VERTEX_POINT('',#4766);
#3810=LINE('',#4767,#4768);
#3811=LINE('',#4770,#4771);
#3812=VERTEX_POINT('',#4773);
#3813=LINE('',#4774,#4775);
#3814=LINE('',#4777,#4778);
#3815=VERTEX_POINT('',#4780);
#3816=LINE('',#4781,#4782);
#3817=LINE('',#4784,#4785);
#3818=VERTEX_POINT('',#4787);
#3819=LINE('',#4788,#4789);
#3820=LINE('',#4791,#4792);
#3821=VERTEX_POINT('',#4794);
#3822=LINE('',#4795,#4796);
#3823=LINE('',#4798,#4799);
#3824=VERTEX_POINT('',#4801);
#3825=LINE('',#4802,#4803);
#3826=LINE('',#4805,#4806);
#3827=VERTEX_POINT('',#4808);
#3828=LINE('',#4809,#4810);
#3829=LINE('',#4812,#4813);
#3830=VERTEX_POINT('',#4815);
#3831=LINE('',#4816,#4817);
#3832=LINE('',#4819,#4820);
#3833=VERTEX_POINT('',#4822);
#3834=LINE('',#4823,#4824);
#3835=LINE('',#4826,#4827);
#3836=VERTEX_POINT('',#4829);
#3837=LINE('',#4830,#4831);
#3838=LINE('',#4833,#4834);
#3839=LINE('',#4836,#4837);
#3840=VERTEX_POINT('',#4839);
#3841=LINE('',#4840,#4841);
#3842=VERTEX_POINT('',#4843);
#3843=LINE('',#4844,#4845);
#3844=LINE('',#4847,#4848);
#3845=VERTEX_POINT('',#4850);
#3846=LINE('',#4851,#4852);
#3847=LINE('',#4854,#4855);
#3848=VERTEX_POINT('',#4857);
#3849=LINE('',#4858,#4859);
#3850=LINE('',#4861,#4862);
#3851=VERTEX_POINT('',#4864);
#3852=LINE('',#4865,#4866);
#3853=LINE('',#4868,#4869);
#3854=VERTEX_POINT('',#4871);
#3855=LINE('',#4872,#4873);
#3856=LINE('',#4875,#4876);
#3857=VERTEX_POINT('',#4878);
#3858=LINE('',#4879,#4880);
#3859=LINE('',#4882,#4883);
#3860=VERTEX_POINT('',#4885);
#3861=LINE('',#4886,#4887);
#3862=LINE('',#4889,#4890);
#3863=LINE('',#4892,#4893);
#3864=VERTEX_POINT('',#4895);
#3865=LINE('',#4896,#4897);
#3866=VERTEX_POINT('',#4899);
#3867=LINE('',#4900,#4901);
#3868=LINE('',#4903,#4904);
#3869=VERTEX_POINT('',#4906);
#3870=LINE('',#4907,#4908);
#3871=LINE('',#4910,#4911);
#3872=VERTEX_POINT('',#4913);
#3873=LINE('',#4914,#4915);
#3874=LINE('',#4917,#4918);
#3875=VERTEX_POINT('',#4920);
#3876=LINE('',#4921,#4922);
#3877=LINE('',#4924,#4925);
#3878=VERTEX_POINT('',#4927);
#3879=LINE('',#4928,#4929);
#3880=LINE('',#4931,#4932);
#3881=VERTEX_POINT('',#4934);
#3882=LINE('',#4935,#4936);
#3883=LINE('',#4938,#4939);
#3884=VERTEX_POINT('',#4941);
#3885=LINE('',#4942,#4943);
#3886=LINE('',#4945,#4946);
#3887=LINE('',#4948,#4949);
#3888=VERTEX_POINT('',#4951);
#3889=LINE('',#4952,#4953);
#3890=VERTEX_POINT('',#4955);
#3891=LINE('',#4956,#4957);
#3892=LINE('',#4959,#4960);
#3893=VERTEX_POINT('',#4962);
#3894=LINE('',#4963,#4964);
#3895=LINE('',#4966,#4967);
#3896=VERTEX_POINT('',#4969);
#3897=LINE('',#4970,#4971);
#3898=LINE('',#4973,#4974);
#3899=VERTEX_POINT('',#4976);
#3900=LINE('',#4977,#4978);
#3901=LINE('',#4980,#4981);
#3902=VERTEX_POINT('',#4983);
#3903=LINE('',#4984,#4985);
#3904=LINE('',#4987,#4988);
#3905=VERTEX_POINT('',#4990);
#3906=LINE('',#4991,#4992);
#3907=LINE('',#4994,#4995);
#3908=VERTEX_POINT('',#4997);
#3909=LINE('',#4998,#4999);
#3910=LINE('',#5001,#5002);
#3911=LINE('',#5004,#5005);
#3912=VERTEX_POINT('',#5007);
#3913=LINE('',#5008,#5009);
#3914=VERTEX_POINT('',#5011);
#3915=LINE('',#5012,#5013);
#3916=LINE('',#5015,#5016);
#3917=VERTEX_POINT('',#5018);
#3918=LINE('',#5019,#5020);
#3919=LINE('',#5022,#5023);
#3920=VERTEX_POINT('',#5025);
#3921=LINE('',#5026,#5027);
#3922=LINE('',#5029,#5030);
#3923=VERTEX_POINT('',#5032);
#3924=LINE('',#5033,#5034);
#3925=LINE('',#5036,#5037);
#3926=VERTEX_POINT('',#5039);
#3927=LINE('',#5040,#5041);
#3928=LINE('',#5043,#5044);
#3929=LINE('',#5046,#5047);
#3930=VERTEX_POINT('',#5049);
#3931=LINE('',#5050,#5051);
#3932=VERTEX_POINT('',#5053);
#3933=LINE('',#5054,#5055);
#3934=LINE('',#5057,#5058);
#3935=VERTEX_POINT('',#5060);
#3936=LINE('',#5061,#5062);
#3937=LINE('',#5064,#5065);
#3938=VERTEX_POINT('',#5067);
#3939=LINE('',#5068,#5069);
#3940=LINE('',#5071,#5072);
#3941=VERTEX_POINT('',#5074);
#3942=LINE('',#5075,#5076);
#3943=LINE('',#5078,#5079);
#3944=VERTEX_POINT('',#5081);
#3945=LINE('',#5082,#5083);
#3946=VERTEX_POINT('',#5085);
#3947=LINE('',#5086,#5087);
#3948=LINE('',#5089,#5090);
#3949=VERTEX_POINT('',#5092);
#3950=LINE('',#5093,#5094);
#3951=LINE('',#5096,#5097);
#3952=VERTEX_POINT('',#5099);
#3953=LINE('',#5100,#5101);
#3954=VERTEX_POINT('',#5103);
#3955=LINE('',#5104,#5105);
#3956=LINE('',#5107,#5108);
#3957=VERTEX_POINT('',#5110);
#3958=LINE('',#5111,#5112);
#3959=LINE('',#5114,#5115);
#3960=VERTEX_POINT('',#5117);
#3961=LINE('',#5118,#5119);
#3962=LINE('',#5121,#5122);
#3963=VERTEX_POINT('',#5124);
#3964=LINE('',#5125,#5126);
#3965=LINE('',#5128,#5129);
#3966=LINE('',#5131,#5132);
#3967=VERTEX_POINT('',#5134);
#3968=LINE('',#5135,#5136);
#3969=LINE('',#5138,#5139);
#3970=LINE('',#5141,#5142);
#3971=LINE('',#5144,#5145);
#3972=VERTEX_POINT('',#5147);
#3973=VERTEX_POINT('',#5148);
#3974=LINE('',#5149,#5150);
#3975=VERTEX_POINT('',#5152);
#3976=LINE('',#5153,#5154);
#3977=LINE('',#5156,#5157);
#3978=LINE('',#5159,#5160);
#3979=VERTEX_POINT('',#5162);
#3980=LINE('',#5163,#5164);
#3981=VERTEX_POINT('',#5166);
#3982=LINE('',#5167,#5168);
#3983=LINE('',#5170,#5171);
#3984=VERTEX_POINT('',#5173);
#3985=VERTEX_POINT('',#5174);
#3986=B_SPLINE_CURVE_WITH_KNOTS('',3,
(#5175,#5176,#5177,#5178),
.UNSPECIFIED.,.F.,.F.,
(4,4),
(0.,1.),
.UNSPECIFIED.);
#3987=VERTEX_POINT('',#5179);
#3988=B_SPLINE_CURVE_WITH_KNOTS('',3,
(#5180,#5181,#5182,#5183),
.UNSPECIFIED.,.F.,.F.,
(4,4),
(0.,1.),
.UNSPECIFIED.);
#3989=VERTEX_POINT('',#5184);
#3990=LINE('',#5185,#5186);
#3991=LINE('',#5188,#5189);
#3992=LINE('',#5191,#5192);
#3993=VERTEX_POINT('',#5194);
#3994=CIRCLE('',#5195,2.55);
#3995=VERTEX_POINT('',#5199);
#3996=CIRCLE('',#5200,2.55);
#3997=VERTEX_POINT('',#5204);
#3998=CIRCLE('',#5205,2.55);
#3999=VERTEX_POINT('',#5209);
#4000=CIRCLE('',#5210,2.55);
#4001=VERTEX_POINT('',#5214);
#4002=LINE('',#5215,#5216);
#4003=LINE('',#5218,#5219);
#4004=VERTEX_POINT('',#5221);
#4005=LINE('',#5222,#5223);
#4006=VERTEX_POINT('',#5225);
#4007=LINE('',#5226,#5227);
#4008=VERTEX_POINT('',#5229);
#4009=LINE('',#5230,#5231);
#4010=LINE('',#5233,#5234);
#4011=VERTEX_POINT('',#5236);
#4012=LINE('',#5237,#5238);
#4013=LINE('',#5240,#5241);
#4014=VERTEX_POINT('',#5243);
#4015=VERTEX_POINT('',#5244);
#4016=B_SPLINE_CURVE_WITH_KNOTS('',3,
(#5245,#5246,#5247,#5248,#5249,#5250,#5251,#5252,#5253,#5254,#5255,#5256,#5257,#5258,
#5259,#5260,#5261,#5262,#5263,#5264,#5265,#5266,#5267,#5268,#5269,#5270,#5271),
.UNSPECIFIED.,.F.,.F.,
(4,1,1,1,1,1,1,1,1,1,1,1,1,1,1,1,1,1,1,1,1,1,1,1,4),
(0.,0.0265500748413481,0.0541108061181427,0.0826573110004266,0.112840139458788,0.143867015015502,
0.176717676674733,0.210629032529153,0.245827681103334,0.281151067740312,0.318088650214929,
0.356389524847293,0.397264607934438,0.439391593307176,0.484484512224201,0.531334392067799,
0.580404609263549,0.629987209599792,0.680905116667552,0.732573009208756,0.7853477103889,
0.838366689365481,0.892004010399872,0.945884882225728,1.),
.UNSPECIFIED.);
#4017=VERTEX_POINT('',#5272);
#4018=LINE('',#5273,#5274);
#4019=VERTEX_POINT('',#5276);
#4020=CIRCLE('',#5277,16.);
#4021=VERTEX_POINT('',#5281);
#4022=(BOUNDED_CURVE()B_SPLINE_CURVE(3,
(#5282,#5283,#5284,#5285),
.UNSPECIFIED.,.F.,.F.)B_SPLINE_CURVE_WITH_KNOTS((4,4),
(0.,1.),
.UNSPECIFIED.)CURVE()GEOMETRIC_REPRESENTATION_ITEM()RATIONAL_B_SPLINE_CURVE((1.,
0.978830557701139,0.978830557701139,1.))REPRESENTATION_ITEM(''));
#4023=LINE('',#5286,#5287);
#4024=VERTEX_POINT('',#5289);
#4025=(BOUNDED_CURVE()B_SPLINE_CURVE(3,
(#5290,#5291,#5292,#5293),
.UNSPECIFIED.,.F.,.F.)B_SPLINE_CURVE_WITH_KNOTS((4,4),
(0.,1.),
.UNSPECIFIED.)CURVE()GEOMETRIC_REPRESENTATION_ITEM()RATIONAL_B_SPLINE_CURVE((1.,
0.978830557701139,0.978830557701139,1.))REPRESENTATION_ITEM(''));
#4026=VERTEX_POINT('',#5294);
#4027=CIRCLE('',#5295,16.);
#4028=VERTEX_POINT('',#5299);
#4029=LINE('',#5300,#5301);
#4030=VERTEX_POINT('',#5303);
#4031=B_SPLINE_CURVE_WITH_KNOTS('',3,
(#5304,#5305,#5306,#5307,#5308,#5309,#5310,#5311,#5312,#5313,#5314,#5315,#5316,#5317,
#5318,#5319,#5320,#5321,#5322,#5323,#5324,#5325,#5326,#5327,#5328,#5329,#5330),
.UNSPECIFIED.,.F.,.F.,
(4,1,1,1,1,1,1,1,1,1,1,1,1,1,1,1,1,1,1,1,1,1,1,1,4),
(0.,0.026550074841347,0.054110806118138,0.0826573110004172,0.112840139458776,0.143867015015486,
0.176717676674716,0.210629032529142,0.245827681103324,0.281151067740309,0.31808865021493,
0.356389524847293,0.397264607934432,0.43939159330717,0.484484512224195,0.531334392067792,
0.580404609263543,0.629987209599788,0.680905116667554,0.73257300920875,0.785347710388894,
0.838366689365481,0.892004010399866,0.94588488222572,1.),
.UNSPECIFIED.);
#4032=CIRCLE('',#5331,16.);
#4033=VERTEX_POINT('',#5335);
#4034=VERTEX_POINT('',#5336);
#4035=(BOUNDED_CURVE()B_SPLINE_CURVE(3,
(#5337,#5338,#5339,#5340),
.UNSPECIFIED.,.F.,.F.)B_SPLINE_CURVE_WITH_KNOTS((4,4),
(0.,1.),
.UNSPECIFIED.)CURVE()GEOMETRIC_REPRESENTATION_ITEM()RATIONAL_B_SPLINE_CURVE((1.,
0.998326333160158,0.998326333160158,1.))REPRESENTATION_ITEM(''));
#4036=VERTEX_POINT('',#5341);
#4037=B_SPLINE_CURVE_WITH_KNOTS('',3,
(#5342,#5343,#5344,#5345,#5346,#5347,#5348,#5349,#5350,#5351,#5352,#5353,#5354,#5355,
#5356,#5357,#5358,#5359,#5360,#5361,#5362,#5363,#5364,#5365,#5366,#5367,#5368,#5369,
#5370,#5371,#5372,#5373,#5374,#5375,#5376,#5377,#5378,#5379,#5380,#5381,#5382,#5383,
#5384,#5385,#5386,#5387,#5388,#5389,#5390,#5391,#5392,#5393,#5394),
.UNSPECIFIED.,.F.,.F.,
(4,1,1,1,1,1,1,1,1,1,1,1,1,1,1,1,1,1,1,1,1,1,1,1,1,1,1,1,1,1,1,1,1,1,1,1,1,1,1,1,
1,1,1,1,1,1,1,1,1,1,4),
(0.,0.0192728293806887,0.0385602627584408,0.0579484131476302,0.0774120445505026,
0.096898322297196,0.116444783041868,0.130793969736823,0.136038990376799,0.155670823285172,
0.17530578798965,0.194973118167209,0.214671886827458,0.234442638838752,0.254245856997586,
0.274122891492898,0.294042384936338,0.314027830002407,0.334039261050581,0.354136165613469,
0.374294898859992,0.394567120085597,0.414874871025261,0.435321378652668,0.455843955157184,
0.476492495034165,0.49717648243819,0.517992059628349,0.538908186510528,0.559981797812137,
0.581125736065415,0.602419746426305,0.623814326563818,0.645324043553318,0.666872390246368,
0.688528259560501,0.710268923568948,0.732131519719899,0.754042366702527,0.776056615415488,
0.798142767405904,0.820315819429518,0.842495507356511,0.864746142044424,0.887070848200732,
0.909503739226606,0.931979621201966,0.954543416490159,0.977191304443487,0.999472623215174,
1.),
.UNSPECIFIED.);
#4038=VERTEX_POINT('',#5395);
#4039=(BOUNDED_CURVE()B_SPLINE_CURVE(3,
(#5396,#5397,#5398,#5399),
.UNSPECIFIED.,.F.,.F.)B_SPLINE_CURVE_WITH_KNOTS((4,4),
(0.,1.),
.UNSPECIFIED.)CURVE()GEOMETRIC_REPRESENTATION_ITEM()RATIONAL_B_SPLINE_CURVE((1.,
0.998788555469639,0.998788555469639,1.))REPRESENTATION_ITEM(''));
#4040=B_SPLINE_CURVE_WITH_KNOTS('',3,
(#5400,#5401,#5402,#5403,#5404,#5405,#5406,#5407,#5408,#5409,#5410,#5411,#5412,#5413,
#5414,#5415,#5416,#5417,#5418,#5419,#5420,#5421,#5422,#5423,#5424,#5425,#5426,#5427,
#5428,#5429,#5430,#5431,#5432,#5433,#5434,#5435,#5436,#5437,#5438,#5439,#5440,#5441,
#5442,#5443,#5444,#5445,#5446,#5447,#5448,#5449,#5450),
.UNSPECIFIED.,.F.,.F.,
(4,1,1,1,1,1,1,1,1,1,1,1,1,1,1,1,1,1,1,1,1,1,1,1,1,1,1,1,1,1,1,1,1,1,1,1,1,1,1,1,
1,1,1,1,1,1,1,1,4),
(0.,0.0203043810906659,0.0270900245365634,0.0402902044287029,0.0600509537152725,
0.0796506181563888,0.0993190324626984,0.11904153671687,0.138726301523131,0.158292431110723,
0.177809454190649,0.197213536494706,0.216543292756144,0.2357614069095,0.254939689516367,
0.280401377691385,0.312195633827643,0.343977040036915,0.369416279154432,0.388525346421879,
0.407639565087789,0.42677683493763,0.44593494307448,0.465113080220065,0.484307222041883,
0.503646058231469,0.523132336679866,0.542891233615444,0.562790288783766,0.583076311735458,
0.603614045933389,0.624535579309488,0.645590141088825,0.667103651169602,0.688947652538781,
0.711315617846695,0.733877853854399,0.756920335295173,0.780249288313045,0.803937116756181,
0.827714799445808,0.851749229422831,0.875949436987283,0.900444646032841,0.92505694072551,
0.949887991512138,0.974836759463776,0.99947651256848,1.),
.UNSPECIFIED.);
#4041=VERTEX_POINT('',#5451);
#4042=VERTEX_POINT('',#5452);
#4043=(BOUNDED_CURVE()B_SPLINE_CURVE(3,
(#5453,#5454,#5455,#5456),
.UNSPECIFIED.,.F.,.F.)B_SPLINE_CURVE_WITH_KNOTS((4,4),
(0.,1.),
.UNSPECIFIED.)CURVE()GEOMETRIC_REPRESENTATION_ITEM()RATIONAL_B_SPLINE_CURVE((1.,
0.998326333160158,0.998326333160158,1.))REPRESENTATION_ITEM(''));
#4044=VERTEX_POINT('',#5457);
#4045=B_SPLINE_CURVE_WITH_KNOTS('',3,
(#5458,#5459,#5460,#5461,#5462,#5463,#5464,#5465,#5466,#5467,#5468,#5469,#5470,#5471,
#5472,#5473,#5474,#5475,#5476,#5477,#5478,#5479,#5480,#5481,#5482,#5483,#5484,#5485,
#5486,#5487,#5488,#5489,#5490,#5491,#5492,#5493,#5494,#5495,#5496,#5497,#5498,#5499,
#5500,#5501,#5502,#5503,#5504,#5505,#5506,#5507,#5508,#5509,#5510),
.UNSPECIFIED.,.F.,.F.,
(4,1,1,1,1,1,1,1,1,1,1,1,1,1,1,1,1,1,1,1,1,1,1,1,1,1,1,1,1,1,1,1,1,1,1,1,1,1,1,1,
1,1,1,1,1,1,1,1,1,1,4),
(0.,0.000523677388449261,0.0266239227581315,0.0529919965167709,0.0792128074546117,
0.105223179324318,0.131124900073134,0.156736818194549,0.182185029583125,0.207383002269543,
0.232495295710112,0.257244450335937,0.281703598428665,0.305666517297807,0.329433837792365,
0.352639256297702,0.375492868009382,0.39785134579966,0.420065106124334,0.441745128705755,
0.463015647874277,0.483625023933344,0.503964349915175,0.523659853689288,0.542963921325027,
0.561763350727879,0.580433661551952,0.598752631272721,0.616844045057114,0.634598439458518,
0.65225630379781,0.6697219428194,0.687103084154569,0.704413844179137,0.721738141166757,
0.739187190709611,0.756746212713976,0.774508078412747,0.792361675536693,0.810468334706067,
0.828739807483809,0.847258035863445,0.865863324435282,0.884684685958249,0.903635504513472,
0.922776269938033,0.941975036983687,0.961287161345102,0.972900853884689,0.98063459501989,
1.),
.UNSPECIFIED.);
#4046=VERTEX_POINT('',#5511);
#4047=(BOUNDED_CURVE()B_SPLINE_CURVE(3,
(#5512,#5513,#5514,#5515),
.UNSPECIFIED.,.F.,.F.)B_SPLINE_CURVE_WITH_KNOTS((4,4),
(0.,1.),
.UNSPECIFIED.)CURVE()GEOMETRIC_REPRESENTATION_ITEM()RATIONAL_B_SPLINE_CURVE((1.,
0.998788555469639,0.998788555469639,1.))REPRESENTATION_ITEM(''));
#4048=B_SPLINE_CURVE_WITH_KNOTS('',3,
(#5516,#5517,#5518,#5519,#5520,#5521,#5522,#5523,#5524,#5525,#5526,#5527,#5528,#5529,
#5530,#5531,#5532,#5533,#5534,#5535,#5536,#5537,#5538,#5539,#5540,#5541,#5542,#5543,
#5544,#5545,#5546,#5547,#5548,#5549,#5550,#5551,#5552,#5553,#5554,#5555,#5556,#5557,
#5558,#5559,#5560,#5561,#5562,#5563,#5564,#5565,#5566,#5567,#5568,#5569,#5570),
.UNSPECIFIED.,.F.,.F.,
(4,1,1,1,1,1,1,1,1,1,1,1,1,1,1,1,1,1,1,1,1,1,1,1,1,1,1,1,1,1,1,1,1,1,1,1,1,1,1,1,
1,1,1,1,1,1,1,1,1,1,1,1,4),
(0.,0.000528909011541913,0.0292730215502241,0.0581984708684547,0.0869126291366798,
0.115330571040851,0.143597125800307,0.171498332435572,0.199196408341154,0.226597422299395,
0.253905991069178,0.28080006289948,0.307359932240305,0.333348161915517,0.359115735028444,
0.384225421995076,0.408921942107371,0.43303103005352,0.456964226012619,0.48023414651654,
0.50298915089976,0.524904310565673,0.546469434932296,0.567183874583158,0.58737394483578,
0.606874412712378,0.626193148957908,0.644885399306698,0.663137417528537,0.680665551819887,
0.697932658864781,0.716284635434256,0.73598943795228,0.766226758304215,0.796999492559098,
0.828326425327025,0.854270902731859,0.86916994228909,0.876137298270019,0.893939831206604,
0.904155230076599,0.914091417402235,0.923352913966016,0.932220517483829,0.94058567948676,
0.948833508469755,0.956726391279794,0.964371602701324,0.971697322924227,0.978949824598229,
0.986027806058924,0.993037718350924,1.),
.UNSPECIFIED.);
#4049=VERTEX_POINT('',#5571);
#4050=VERTEX_POINT('',#5572);
#4051=(BOUNDED_CURVE()B_SPLINE_CURVE(3,
(#5573,#5574,#5575,#5576),
.UNSPECIFIED.,.F.,.F.)B_SPLINE_CURVE_WITH_KNOTS((4,4),
(0.,1.),
.UNSPECIFIED.)CURVE()GEOMETRIC_REPRESENTATION_ITEM()RATIONAL_B_SPLINE_CURVE((1.,
0.996943898652428,0.996943898652428,1.))REPRESENTATION_ITEM(''));
#4052=VERTEX_POINT('',#5577);
#4053=B_SPLINE_CURVE_WITH_KNOTS('',3,
(#5578,#5579,#5580,#5581,#5582,#5583,#5584,#5585,#5586,#5587,#5588,#5589,#5590,#5591,
#5592,#5593,#5594,#5595,#5596,#5597,#5598,#5599,#5600,#5601,#5602,#5603,#5604,#5605,
#5606,#5607,#5608,#5609,#5610,#5611,#5612,#5613,#5614,#5615,#5616,#5617,#5618,#5619,
#5620,#5621,#5622,#5623,#5624,#5625,#5626,#5627,#5628),
.UNSPECIFIED.,.F.,.F.,
(4,1,1,1,1,1,1,1,1,1,1,1,1,1,1,1,1,1,1,1,1,1,1,1,1,1,1,1,1,1,1,1,1,1,1,1,1,1,1,1,
1,1,1,1,1,1,1,1,4),
(0.,0.0199502065986223,0.0397301339812202,0.0594263481655888,0.0792159898574546,
0.0992019759560817,0.119362615571431,0.139573364075044,0.159873936618733,0.180197987215183,
0.200635774308477,0.22115884858093,0.241833601381532,0.262570682917,0.283472641525387,
0.304475823118437,0.33269195821097,0.361020541050521,0.389457585335367,0.410925491103389,
0.432421097685144,0.453986774944006,0.475582172509486,0.497216159258835,0.518846873235882,
0.540459499358304,0.562045538718241,0.583590552211051,0.605115076142321,0.626569367716279,
0.64797030149629,0.669297691115492,0.690608736382113,0.711812878350164,0.732937388206319,
0.753920218309327,0.774842384393477,0.795626953493209,0.816321119755339,0.836913588010846,
0.857478486203969,0.877956365009633,0.898394763995211,0.918762224319978,0.939094293196011,
0.959369525683436,0.979653052180801,0.999485761192597,1.),
.UNSPECIFIED.);
#4054=VERTEX_POINT('',#5629);
#4055=(BOUNDED_CURVE()B_SPLINE_CURVE(3,
(#5630,#5631,#5632,#5633),
.UNSPECIFIED.,.F.,.F.)B_SPLINE_CURVE_WITH_KNOTS((4,4),
(0.,1.),
.UNSPECIFIED.)CURVE()GEOMETRIC_REPRESENTATION_ITEM()RATIONAL_B_SPLINE_CURVE((1.,
0.998770500381393,0.998770500381393,1.))REPRESENTATION_ITEM(''));
#4056=B_SPLINE_CURVE_WITH_KNOTS('',3,
(#5634,#5635,#5636,#5637,#5638,#5639,#5640,#5641,#5642,#5643,#5644,#5645,#5646,#5647,
#5648,#5649,#5650,#5651,#5652,#5653,#5654,#5655,#5656,#5657,#5658,#5659,#5660,#5661,
#5662,#5663,#5664,#5665,#5666,#5667,#5668,#5669,#5670,#5671,#5672,#5673,#5674,#5675,
#5676,#5677,#5678,#5679,#5680,#5681,#5682,#5683,#5684,#5685,#5686,#5687),
.UNSPECIFIED.,.F.,.F.,
(4,1,1,1,1,1,1,1,1,1,1,1,1,1,1,1,1,1,1,1,1,1,1,1,1,1,1,1,1,1,1,1,1,1,1,1,1,1,1,1,
1,1,1,1,1,1,1,1,1,1,1,4),
(0.,0.0217396202295233,0.0432049262562863,0.0644824336149636,0.0856648752678486,
0.106986526625088,0.128282867939393,0.1494885948695,0.170558090538032,0.191570023040761,
0.212435119864228,0.233204728024369,0.253837717304868,0.274423052657972,0.294929956608398,
0.315404493715847,0.335855889331843,0.356316778438189,0.376760834803873,0.39717908088225,
0.42430221697008,0.458005615125522,0.491563051018219,0.518245040439511,0.540280698233002,
0.564400953154536,0.599248876284222,0.633998124733824,0.66864995554412,0.69219029586744,
0.713358289883097,0.731948312100206,0.750334947792439,0.76810646783841,0.785469271510447,
0.807662920758257,0.829085970086123,0.84974498718181,0.864027326564607,0.877951778378588,
0.891014386953586,0.903565709743264,0.915447896744731,0.927178431897481,0.938457285856016,
0.949432496703061,0.959944220828252,0.97029409847501,0.980334906725035,0.990233343578656,
0.999500157741849,1.),
.UNSPECIFIED.);
#4057=VERTEX_POINT('',#5688);
#4058=VERTEX_POINT('',#5689);
#4059=(BOUNDED_CURVE()B_SPLINE_CURVE(3,
(#5690,#5691,#5692,#5693),
.UNSPECIFIED.,.F.,.F.)B_SPLINE_CURVE_WITH_KNOTS((4,4),
(0.,1.),
.UNSPECIFIED.)CURVE()GEOMETRIC_REPRESENTATION_ITEM()RATIONAL_B_SPLINE_CURVE((1.,
0.996943898652428,0.996943898652428,1.))REPRESENTATION_ITEM(''));
#4060=VERTEX_POINT('',#5694);
#4061=B_SPLINE_CURVE_WITH_KNOTS('',3,
(#5695,#5696,#5697,#5698,#5699,#5700,#5701,#5702,#5703,#5704,#5705,#5706,#5707,#5708,
#5709,#5710,#5711,#5712,#5713,#5714,#5715,#5716,#5717,#5718,#5719,#5720,#5721,#5722,
#5723,#5724,#5725,#5726,#5727,#5728,#5729,#5730,#5731,#5732,#5733,#5734,#5735,#5736,
#5737,#5738,#5739,#5740,#5741,#5742,#5743,#5744,#5745,#5746,#5747,#5748,#5749),
.UNSPECIFIED.,.F.,.F.,
(4,1,1,1,1,1,1,1,1,1,1,1,1,1,1,1,1,1,1,1,1,1,1,1,1,1,1,1,1,1,1,1,1,1,1,1,1,1,1,1,
1,1,1,1,1,1,1,1,1,1,1,1,4),
(0.,0.000498726112502959,0.0185935288371414,0.0371715135018554,0.055783099805122,
0.0744578293167384,0.0931564932892671,0.111898443821104,0.130674915223038,0.149467849115045,
0.168265125786997,0.187130592245854,0.206049247968859,0.225090292682502,0.244190608867467,
0.269949784342453,0.295870863161159,0.321953991112437,0.341659925755728,0.361432471710545,
0.381283222462877,0.401148068375582,0.421014172466769,0.440862861892347,0.460666338159356,
0.48044222412412,0.502273884105798,0.526191902190332,0.560788282001378,0.595309598957569,
0.629747718268491,0.653218192846098,0.674388122368601,0.693113405632355,0.711695112236628,
0.735704067675061,0.759279121957748,0.78241785680053,0.799186862150317,0.815587843653031,
0.831395710008864,0.846979521542861,0.862029790881637,0.876772409633387,0.891124525613378,
0.905396131109516,0.919419128057689,0.933276849020508,0.946869468384318,0.960358295438586,
0.97362565649466,0.986827124236679,1.),
.UNSPECIFIED.);
#4062=VERTEX_POINT('',#5750);
#4063=(BOUNDED_CURVE()B_SPLINE_CURVE(3,
(#5751,#5752,#5753,#5754),
.UNSPECIFIED.,.F.,.F.)B_SPLINE_CURVE_WITH_KNOTS((4,4),
(0.,1.),
.UNSPECIFIED.)CURVE()GEOMETRIC_REPRESENTATION_ITEM()RATIONAL_B_SPLINE_CURVE((1.,
0.998770500381393,0.998770500381393,1.))REPRESENTATION_ITEM(''));
#4064=B_SPLINE_CURVE_WITH_KNOTS('',3,
(#5755,#5756,#5757,#5758,#5759,#5760,#5761,#5762,#5763,#5764,#5765,#5766,#5767,#5768,
#5769,#5770,#5771,#5772,#5773,#5774,#5775,#5776,#5777,#5778,#5779,#5780,#5781,#5782,
#5783,#5784,#5785,#5786,#5787,#5788,#5789,#5790,#5791,#5792,#5793,#5794,#5795,#5796,
#5797,#5798,#5799,#5800,#5801,#5802,#5803,#5804,#5805),
.UNSPECIFIED.,.F.,.F.,
(4,1,1,1,1,1,1,1,1,1,1,1,1,1,1,1,1,1,1,1,1,1,1,1,1,1,1,1,1,1,1,1,1,1,1,1,1,1,1,1,
1,1,1,1,1,1,1,1,4),
(0.,0.000514177340055024,0.0242071698171479,0.048317398068887,0.0724189535322952,
0.0965278499246485,0.120631241101718,0.144730942938708,0.168845008961718,0.19294574205182,
0.217049614842896,0.241099772202036,0.265081991622458,0.288954289476741,0.312773836877988,
0.336410636420812,0.359923317773706,0.383242577991627,0.406486050775605,0.429417497133953,
0.452111414040694,0.474379663216313,0.496469087851874,0.518090898627386,0.539427619208269,
0.560368404051641,0.581199103298404,0.601633210980994,0.621778765760494,0.64146006554288,
0.660965090448447,0.686232083761511,0.71117567150968,0.735793411297207,0.754003789858927,
0.77207089593953,0.789923385523514,0.807703592878633,0.825342011305694,0.842913198822153,
0.860418138632086,0.877927987888092,0.895426421834527,0.912914607619987,0.930385676515649,
0.947847932530094,0.965273733436058,0.982638359757933,1.),
.UNSPECIFIED.);
#4065=LINE('',#5806,#5807);
#4066=VERTEX_POINT('',#5809);
#4067=CIRCLE('',#5810,2.8);
#4068=VERTEX_POINT('',#5814);
#4069=CIRCLE('',#5815,2.8);
#4070=VERTEX_POINT('',#5819);
#4071=CIRCLE('',#5820,3.55);
#4072=VERTEX_POINT('',#5824);
#4073=LINE('',#5825,#5826);
#4074=LINE('',#5828,#5829);
#4075=VERTEX_POINT('',#5831);
#4076=VERTEX_POINT('',#5832);
#4077=LINE('',#5833,#5834);
#4078=VERTEX_POINT('',#5836);
#4079=B_SPLINE_CURVE_WITH_KNOTS('',3,
(#5837,#5838,#5839,#5840,#5841,#5842,#5843,#5844,#5845,#5846,#5847,#5848,#5849,#5850,
#5851,#5852,#5853,#5854,#5855,#5856,#5857,#5858,#5859,#5860,#5861,#5862,#5863,#5864,
#5865,#5866,#5867,#5868,#5869,#5870,#5871,#5872,#5873,#5874,#5875,#5876,#5877),
.UNSPECIFIED.,.F.,.F.,
(4,1,1,1,1,1,1,1,1,1,1,1,1,1,1,1,1,1,1,1,1,1,1,1,1,1,1,1,1,1,1,1,1,1,1,1,1,1,4),
(0.,0.0409890562320068,0.112033899750812,0.162878088497481,0.172145474324408,0.22691029452381,
0.266951853619683,0.279231448367072,0.291798566780325,0.307216526740602,0.316783727351798,
0.322720396520137,0.326404236992038,0.328690145173478,0.330108604049163,0.335134119007334,
0.336840964371325,0.339098932794589,0.339472099201411,0.342224234117878,0.347077740148348,
0.354447946080748,0.364578630016288,0.369182608705957,0.378111649337687,0.392624770474552,
0.398423053200322,0.4275821804517,0.430175218619685,0.467451811413345,0.507157642329624,
0.510910486928415,0.557869754820281,0.612946727716454,0.678577773991767,0.705103666797501,
0.834120423537196,0.896121919041826,1.),
.UNSPECIFIED.);
#4080=VERTEX_POINT('',#5878);
#4081=LINE('',#5879,#5880);
#4082=VERTEX_POINT('',#5882);
#4083=B_SPLINE_CURVE_WITH_KNOTS('',3,
(#5883,#5884,#5885,#5886,#5887,#5888,#5889,#5890,#5891,#5892,#5893,#5894,#5895,#5896,
#5897,#5898,#5899,#5900,#5901,#5902,#5903,#5904,#5905,#5906,#5907,#5908,#5909,#5910,
#5911,#5912,#5913,#5914,#5915,#5916,#5917,#5918,#5919,#5920,#5921,#5922,#5923),
.UNSPECIFIED.,.F.,.F.,
(4,1,1,1,1,1,1,1,1,1,1,1,1,1,1,1,1,1,1,1,1,1,1,1,1,1,1,1,1,1,1,1,1,1,1,1,1,1,4),
(0.,0.0409890562320068,0.112033899750812,0.162878088497481,0.172145474324408,0.22691029452381,
0.266951853619683,0.279231448367072,0.291798566780325,0.307216526740602,0.316783727351798,
0.322720396520137,0.326404236992038,0.328690145173478,0.330108604049163,0.335134119007334,
0.336840964371325,0.339098932794589,0.339472099201411,0.342224234117875,0.347077740148337,
0.354447946080739,0.364578630016284,0.369182608705958,0.378111649337689,0.392624770474554,
0.398423053200321,0.427582180451698,0.430175218619684,0.467451811413341,0.507157642329623,
0.510910486928413,0.557869754820277,0.612946727716453,0.678577773991767,0.705103666797502,
0.834120423537201,0.896121919041829,1.),
.UNSPECIFIED.);
#4084=VERTEX_POINT('',#5924);
#4085=LINE('',#5925,#5926);
#4086=VERTEX_POINT('',#5928);
#4087=LINE('',#5929,#5930);
#4088=VERTEX_POINT('',#5932);
#4089=LINE('',#5933,#5934);
#4090=LINE('',#5936,#5937);
#4091=VERTEX_POINT('',#5939);
#4092=LINE('',#5940,#5941);
#4093=VERTEX_POINT('',#5943);
#4094=LINE('',#5944,#5945);
#4095=VERTEX_POINT('',#5947);
#4096=B_SPLINE_CURVE_WITH_KNOTS('',3,
(#5948,#5949,#5950,#5951,#5952,#5953,#5954,#5955,#5956,#5957,#5958,#5959,#5960,#5961,
#5962,#5963,#5964,#5965,#5966,#5967,#5968,#5969,#5970,#5971,#5972,#5973,#5974,#5975,
#5976,#5977,#5978,#5979,#5980,#5981,#5982,#5983,#5984,#5985,#5986,#5987,#5988,#5989),
.UNSPECIFIED.,.F.,.F.,
(4,2,2,2,2,2,2,2,2,2,2,2,2,2,2,2,2,2,2,2,4),
(0.,0.0236713059710513,0.0516831051500544,0.0800190689403783,0.110075777995503,0.143548217503052,
0.182732408880852,0.231097597259018,0.294669228308441,0.386378230362731,0.47713599587175,
0.567183363529311,0.6565740208777,0.744970226747646,0.831652943743683,0.88132622179828,
0.916898450940996,0.945097646602195,0.969543648676897,0.992754872204702,1.),
.UNSPECIFIED.);
#4097=VERTEX_POINT('',#5990);
#4098=B_SPLINE_CURVE_WITH_KNOTS('',3,
(#5991,#5992,#5993,#5994,#5995,#5996,#5997,#5998,#5999,#6000,#6001,#6002,#6003,#6004,
#6005,#6006,#6007,#6008,#6009,#6010,#6011,#6012,#6013,#6014,#6015,#6016,#6017,#6018,
#6019,#6020,#6021,#6022,#6023,#6024,#6025,#6026,#6027,#6028,#6029,#6030,#6031,#6032),
.UNSPECIFIED.,.F.,.F.,
(4,2,2,2,2,2,2,2,2,2,2,2,2,2,2,2,2,2,2,2,4),
(0.,0.0236713059710513,0.0516831051500544,0.0800190689403783,0.110075777995503,0.143548217503052,
0.182732408880852,0.231097597259018,0.294669228308441,0.386378230362731,0.47713599587175,
0.567183363529311,0.6565740208777,0.744970226747646,0.831652943743683,0.88132622179828,
0.916898450940996,0.945097646602195,0.969543648676897,0.992754872204702,1.),
.UNSPECIFIED.);
#4099=VERTEX_POINT('',#6033);
#4100=LINE('',#6034,#6035);
#4101=LINE('',#6037,#6038);
#4102=VERTEX_POINT('',#6040);
#4103=LINE('',#6041,#6042);
#4104=LINE('',#6044,#6045);
#4105=VERTEX_POINT('',#6047);
#4106=CIRCLE('',#6048,2.55);
#4107=VERTEX_POINT('',#6052);
#4108=CIRCLE('',#6053,2.55);
#4109=VERTEX_POINT('',#6057);
#4110=CIRCLE('',#6058,2.55);
#4111=VERTEX_POINT('',#6062);
#4112=CIRCLE('',#6063,2.55);
#4113=LINE('',#6067,#6068);
#4114=VERTEX_POINT('',#6070);
#4115=LINE('',#6071,#6072);
#4116=LINE('',#6074,#6075);
#4117=VERTEX_POINT('',#6077);
#4118=LINE('',#6078,#6079);
#4119=B_SPLINE_CURVE_WITH_KNOTS('',3,
(#6081,#6082,#6083,#6084,#6085,#6086,#6087,#6088,#6089,#6090,#6091,#6092,#6093,#6094,
#6095,#6096,#6097,#6098,#6099,#6100,#6101,#6102,#6103,#6104,#6105,#6106,#6107,#6108,
#6109,#6110,#6111,#6112,#6113,#6114,#6115,#6116,#6117,#6118,#6119,#6120,#6121,#6122,
#6123,#6124,#6125,#6126,#6127,#6128,#6129,#6130,#6131,#6132,#6133,#6134,#6135,#6136,
#6137,#6138,#6139,#6140,#6141,#6142,#6143,#6144,#6145),
.UNSPECIFIED.,.F.,.F.,
(4,1,1,1,1,1,1,1,1,1,1,1,1,1,1,1,1,1,1,1,1,1,1,1,1,1,1,1,1,1,1,1,1,1,1,1,1,1,1,1,
1,1,1,1,1,1,1,1,1,1,1,1,1,1,1,1,1,1,1,1,1,1,4),
(0.,0.00431479131850198,0.00874560166021128,0.0145451510781955,0.0207728188465242,
0.028082047660325,0.0361190526817873,0.0470021193460735,0.0607227450415451,0.0772584427130126,
0.0959998533816105,0.11650148692125,0.137886895171865,0.160186219835903,0.18162452936167,
0.202971330104834,0.221762237670252,0.239211412813101,0.256548391509986,0.273726415069394,
0.295139317157644,0.319563737788248,0.346704213124266,0.370653576262171,0.389937747897896,
0.406764887522223,0.423880561350985,0.43581609216746,0.458967164177589,0.491937800090615,
0.540486027953501,0.57933031530178,0.610002806058401,0.629684943362808,0.648316496975877,
0.663628657938516,0.68024448636235,0.69856297590577,0.717281892207221,0.733246922528182,
0.74514169164703,0.760147569461763,0.778647274570022,0.799881563853988,0.817230054184055,
0.830756118662895,0.841082460469203,0.850960910638406,0.863390107840714,0.876126029257544,
0.88830380261082,0.899566623262148,0.912714959884106,0.926625193187772,0.938216341412272,
0.946657623328184,0.953446402392404,0.961402780033083,0.969863790215502,0.978455688771688,
0.987020336993071,0.994201774069175,1.),
.UNSPECIFIED.);
#4120=VERTEX_POINT('',#6146);
#4121=B_SPLINE_CURVE_WITH_KNOTS('',3,
(#6147,#6148,#6149,#6150,#6151,#6152,#6153,#6154,#6155,#6156,#6157,#6158,#6159,#6160,
#6161,#6162,#6163,#6164,#6165,#6166,#6167,#6168,#6169,#6170,#6171,#6172,#6173,#6174,
#6175,#6176,#6177,#6178,#6179,#6180,#6181,#6182,#6183,#6184,#6185,#6186,#6187,#6188,
#6189,#6190,#6191,#6192,#6193,#6194,#6195,#6196,#6197,#6198,#6199,#6200,#6201,#6202,
#6203,#6204,#6205,#6206,#6207,#6208,#6209,#6210,#6211),
.UNSPECIFIED.,.F.,.F.,
(4,1,1,1,1,1,1,1,1,1,1,1,1,1,1,1,1,1,1,1,1,1,1,1,1,1,1,1,1,1,1,1,1,1,1,1,1,1,1,1,
1,1,1,1,1,1,1,1,1,1,1,1,1,1,1,1,1,1,1,1,1,1,4),
(0.,0.00431479131849992,0.00874560166020679,0.0145451510780675,0.0207728188462731,
0.0280820476599503,0.0361190526814073,0.0470021193456729,0.0607227450411144,0.0772584427125066,
0.0959998533810258,0.116501486920668,0.137886895171402,0.160186219835641,0.181624529361509,
0.202971330104884,0.221762237670484,0.239211412813544,0.256548391510405,0.273726415069656,
0.29513931715475,0.31956373778303,0.346704213116537,0.370653576255012,0.389937747890549,
0.406764887514993,0.423880561343788,0.435816092162797,0.458967164175407,0.491937800090884,
0.540486027953667,0.579330315301874,0.61000280605842,0.629684943362771,0.648316496975707,
0.663628657938274,0.680244486362092,0.698562975905521,0.717281892206954,0.733246922527853,
0.745141691646689,0.760147569461401,0.778647274569696,0.799881563853639,0.81723005418379,
0.830756118662669,0.841082460469098,0.850960910638324,0.863390107840622,0.876126029257443,
0.888303802610721,0.89956662326227,0.912714959884789,0.926625193188983,0.938216341413811,
0.946657623329688,0.953446402393851,0.961402780034762,0.969863790217455,0.978455688773992,
0.987020336995472,0.994201774070808,1.),
.UNSPECIFIED.);
#4122=LINE('',#6212,#6213);
#4123=LINE('',#6215,#6216);
#4124=LINE('',#6218,#6219);
#4125=LINE('',#6221,#6222);
#4126=VERTEX_POINT('',#6224);
#4127=VERTEX_POINT('',#6225);
#4128=LINE('',#6226,#6227);
#4129=B_SPLINE_CURVE_WITH_KNOTS('',3,
(#6229,#6230,#6231,#6232,#6233,#6234),
.UNSPECIFIED.,.F.,.F.,
(4,1,1,4),
(0.,0.287088510286841,0.620421822960004,1.),
.UNSPECIFIED.);
#4130=LINE('',#6235,#6236);
#4131=VERTEX_POINT('',#6238);
#4132=B_SPLINE_CURVE_WITH_KNOTS('',3,
(#6239,#6240,#6241,#6242,#6243,#6244,#6245,#6246,#6247,#6248,#6249,#6250,#6251,#6252,
#6253,#6254,#6255,#6256,#6257,#6258,#6259,#6260,#6261,#6262,#6263,#6264,#6265,#6266,
#6267,#6268,#6269,#6270,#6271,#6272,#6273,#6274,#6275,#6276),
.UNSPECIFIED.,.F.,.F.,
(4,2,2,2,2,2,2,2,2,2,2,2,2,2,2,2,2,2,4),
(0.,0.00339055429873196,0.0630781066262961,0.156925610454711,0.251094526155591,0.345653714047906,
0.439053856282379,0.534064496096598,0.629010365328399,0.723698070818986,0.796400904050939,
0.840172862734302,0.876996112284457,0.907904255812596,0.938218741783724,0.967140177083929,
0.996158446818806,0.998362714545426,1.),
.UNSPECIFIED.);
#4133=VERTEX_POINT('',#6277);
#4134=B_SPLINE_CURVE_WITH_KNOTS('',3,
(#6278,#6279,#6280,#6281,#6282,#6283,#6284,#6285,#6286,#6287,#6288,#6289,#6290),
.UNSPECIFIED.,.F.,.F.,
(4,1,1,1,1,1,1,1,1,1,4),
(0.,0.125207628439013,0.250140442599089,0.374671848624117,0.399300150664111,0.49861009846397,
0.622352881048533,0.74689808541094,0.872693916967821,0.898144563148121,1.),
.UNSPECIFIED.);
#4135=VERTEX_POINT('',#6291);
#4136=B_SPLINE_CURVE_WITH_KNOTS('',3,
(#6292,#6293,#6294,#6295,#6296,#6297,#6298,#6299,#6300,#6301,#6302,#6303,#6304,#6305,
#6306,#6307,#6308,#6309,#6310,#6311,#6312,#6313,#6314,#6315,#6316,#6317,#6318,#6319,
#6320,#6321,#6322,#6323,#6324,#6325,#6326,#6327,#6328,#6329,#6330,#6331,#6332,#6333,
#6334),
.UNSPECIFIED.,.F.,.F.,
(4,1,1,1,1,1,1,1,1,1,1,1,1,1,1,1,1,1,1,1,1,1,1,1,1,1,1,1,1,1,1,1,1,1,1,1,1,1,1,1,
4),
(0.,0.0135550064255423,0.0286634531444556,0.0418677115856005,0.0584734796935253,
0.0722818321630885,0.0884427921130522,0.105892589304094,0.124562042399384,0.144357142681753,
0.16564887326188,0.194828437971686,0.22373160218651,0.251148796168279,0.276800068893731,
0.303570090001543,0.33414361887777,0.361613722851378,0.390211910166371,0.417591624267847,
0.445253256940746,0.474337953926723,0.502949837300504,0.530531710165585,0.555392097691842,
0.580404063216232,0.608146714308374,0.637045902383592,0.665690594539286,0.692800123421281,
0.721571126542276,0.752875601840158,0.787368971746826,0.819930906677034,0.850246870941419,
0.877567544032598,0.905436646745261,0.931444030016326,0.958466669837215,0.980714092663913,
1.),
.UNSPECIFIED.);
#4137=VERTEX_POINT('',#6335);
#4138=B_SPLINE_CURVE_WITH_KNOTS('',3,
(#6336,#6337,#6338,#6339,#6340,#6341,#6342,#6343,#6344,#6345,#6346,#6347,#6348,#6349,
#6350),
.UNSPECIFIED.,.F.,.F.,
(4,1,1,1,1,1,1,1,1,1,1,1,4),
(0.,0.0629405377900421,0.131930487579557,0.21701946758199,0.300654231722448,0.37981287539477,
0.450866584793042,0.528327831128404,0.615112091363786,0.704827894247211,0.80034385171394,
0.898696834263739,1.),
.UNSPECIFIED.);
#4139=B_SPLINE_CURVE_WITH_KNOTS('',3,
(#6351,#6352,#6353,#6354,#6355,#6356,#6357),
.UNSPECIFIED.,.F.,.F.,
(4,1,1,1,4),
(0.,0.249733853054014,0.499726595357218,0.749855321884216,1.),
.UNSPECIFIED.);
#4140=VERTEX_POINT('',#6358);
#4141=LINE('',#6359,#6360);
#4142=LINE('',#6362,#6363);
#4143=VERTEX_POINT('',#6365);
#4144=LINE('',#6366,#6367);
#4145=VERTEX_POINT('',#6369);
#4146=B_SPLINE_CURVE_WITH_KNOTS('',3,
(#6370,#6371,#6372,#6373,#6374,#6375),
.UNSPECIFIED.,.F.,.F.,
(4,1,1,4),
(0.,0.28708851028684,0.620421822960004,1.),
.UNSPECIFIED.);
#4147=LINE('',#6376,#6377);
#4148=VERTEX_POINT('',#6379);
#4149=LINE('',#6380,#6381);
#4150=VERTEX_POINT('',#6383);
#4151=LINE('',#6384,#6385);
#4152=B_SPLINE_CURVE_WITH_KNOTS('',3,
(#6387,#6388,#6389,#6390,#6391,#6392,#6393,#6394,#6395,#6396,#6397,#6398,#6399,#6400,
#6401,#6402,#6403,#6404,#6405,#6406,#6407,#6408,#6409,#6410,#6411,#6412,#6413,#6414,
#6415,#6416,#6417,#6418,#6419,#6420,#6421,#6422,#6423,#6424),
.UNSPECIFIED.,.F.,.F.,
(4,2,2,2,2,2,2,2,2,2,2,2,2,2,2,2,2,2,4),
(0.,0.00339055429873196,0.0630781066262961,0.156925610454711,0.251094526155591,0.345653714047906,
0.439053856282379,0.534064496096598,0.629010365328399,0.723698070818986,0.796400904050939,
0.840172862734302,0.876996112284457,0.907904255812596,0.938218741783724,0.967140177083929,
0.996158446818806,0.998362714545426,1.),
.UNSPECIFIED.);
#4153=VERTEX_POINT('',#6425);
#4154=B_SPLINE_CURVE_WITH_KNOTS('',3,
(#6426,#6427,#6428,#6429,#6430,#6431,#6432),
.UNSPECIFIED.,.F.,.F.,
(4,1,1,1,4),
(0.,0.249733853054009,0.499726595357203,0.74985532188424,1.),
.UNSPECIFIED.);
#4155=VERTEX_POINT('',#6433);
#4156=B_SPLINE_CURVE_WITH_KNOTS('',3,
(#6434,#6435,#6436,#6437,#6438,#6439,#6440,#6441,#6442,#6443,#6444,#6445,#6446,#6447,
#6448),
.UNSPECIFIED.,.F.,.F.,
(4,1,1,1,1,1,1,1,1,1,1,1,4),
(0.,0.0629405377900422,0.131930487579556,0.217019467581991,0.300654231722449,0.379812875394771,
0.450866584793039,0.528327831128402,0.615112091363786,0.704827894247213,0.800343851713942,
0.89869683426374,1.),
.UNSPECIFIED.);
#4157=VERTEX_POINT('',#6449);
#4158=B_SPLINE_CURVE_WITH_KNOTS('',3,
(#6450,#6451,#6452,#6453,#6454,#6455,#6456,#6457,#6458,#6459,#6460,#6461,#6462,#6463,
#6464,#6465,#6466,#6467,#6468,#6469,#6470,#6471,#6472,#6473,#6474,#6475,#6476,#6477,
#6478,#6479,#6480,#6481,#6482,#6483,#6484,#6485,#6486,#6487,#6488,#6489,#6490,#6491,
#6492),
.UNSPECIFIED.,.F.,.F.,
(4,1,1,1,1,1,1,1,1,1,1,1,1,1,1,1,1,1,1,1,1,1,1,1,1,1,1,1,1,1,1,1,1,1,1,1,1,1,1,1,
4),
(0.,0.013555006425551,0.0286634531444798,0.0418677115856342,0.0584734796935756,0.0722818321631897,
0.0884427921133599,0.105892589304647,0.124562042400126,0.144357142682468,0.165648873262614,
0.194828437972113,0.223731602186687,0.251148796168097,0.276800068893451,0.303570090001152,
0.334143618877254,0.361613722850811,0.390211910165639,0.417591624267104,0.445253256940056,
0.474337953926117,0.502949837299929,0.530531710164997,0.555392097691355,0.580404063215659,
0.608146714307984,0.637045902383483,0.665690594539575,0.692800123421701,0.721571126542686,
0.75287560184058,0.787368971747305,0.819930906677611,0.850246870942062,0.877567544033259,
0.905436646745953,0.931444030017074,0.958466669838034,0.980714092664483,1.),
.UNSPECIFIED.);
#4159=B_SPLINE_CURVE_WITH_KNOTS('',3,
(#6493,#6494,#6495,#6496,#6497,#6498,#6499,#6500,#6501,#6502,#6503,#6504,#6505),
.UNSPECIFIED.,.F.,.F.,
(4,1,1,1,1,1,1,1,1,1,4),
(0.,0.125207628439011,0.250140442599089,0.374671848624117,0.399300150664112,0.498610098463972,
0.622352881048533,0.746898085410941,0.872693916967823,0.898144563148124,1.),
.UNSPECIFIED.);
#4160=VERTEX_POINT('',#6506);
#4161=LINE('',#6507,#6508);
#4162=VERTEX_POINT('',#6510);
#4163=CIRCLE('',#6511,13.65);
#4164=LINE('',#6515,#6516);
#4165=VERTEX_POINT('',#6518);
#4166=VERTEX_POINT('',#6519);
#4167=(BOUNDED_CURVE()B_SPLINE_CURVE(3,
(#6520,#6521,#6522,#6523),
.UNSPECIFIED.,.F.,.F.)B_SPLINE_CURVE_WITH_KNOTS((4,4),
(0.,1.),
.UNSPECIFIED.)CURVE()GEOMETRIC_REPRESENTATION_ITEM()RATIONAL_B_SPLINE_CURVE((1.,
0.996475130689633,0.996475130689633,1.))REPRESENTATION_ITEM(''));
#4168=LINE('',#6524,#6525);
#4169=LINE('',#6527,#6528);
#4170=VERTEX_POINT('',#6530);
#4171=B_SPLINE_CURVE_WITH_KNOTS('',3,
(#6531,#6532,#6533,#6534,#6535,#6536,#6537,#6538,#6539,#6540,#6541,#6542,#6543,#6544,
#6545,#6546,#6547,#6548,#6549,#6550,#6551,#6552,#6553,#6554,#6555,#6556,#6557,#6558,
#6559,#6560,#6561,#6562,#6563,#6564,#6565,#6566,#6567,#6568,#6569,#6570,#6571,#6572,
#6573,#6574,#6575,#6576,#6577,#6578,#6579,#6580,#6581,#6582,#6583,#6584,#6585,#6586),
.UNSPECIFIED.,.F.,.F.,
(4,1,1,1,1,1,1,1,1,1,1,1,1,1,1,1,1,1,1,1,1,1,1,1,1,1,1,1,1,1,1,1,1,1,1,1,1,1,1,1,
1,1,1,1,1,1,1,1,1,1,1,1,1,4),
(0.,0.000525004714896784,0.0274570141785638,0.0546144225201136,0.0815774109624762,
0.108144916613237,0.134519556668399,0.160365653582094,0.185870160104452,0.210871403486151,
0.235710395912341,0.259904150780438,0.283614461477996,0.306523088861919,0.329118600721584,
0.350909261107128,0.372215454669808,0.392868718623519,0.413353567741833,0.43503593635325,
0.458091856652373,0.489614425337297,0.520120160816715,0.549592227417743,0.568695086359465,
0.585592193220008,0.600094207622646,0.61441472796148,0.6283682156609,0.642140581406581,
0.660246095346373,0.67833280933785,0.696406247975391,0.70994910673648,0.723488075616276,
0.7370167418997,0.750538968825677,0.768561257451512,0.786675534610508,0.804879253114866,
0.818759455304039,0.832732183427287,0.846985974807464,0.861429183537114,0.869493370658034,
0.876156531319469,0.890980386664345,0.906077247415601,0.921349759811459,0.936882392490188,
0.952496465476455,0.968273803189755,0.984114462607945,1.),
.UNSPECIFIED.);
#4172=LINE('',#6587,#6588);
#4173=VERTEX_POINT('',#6590);
#4174=(BOUNDED_CURVE()B_SPLINE_CURVE(3,
(#6591,#6592,#6593,#6594),
.UNSPECIFIED.,.F.,.F.)B_SPLINE_CURVE_WITH_KNOTS((4,4),
(0.,1.),
.UNSPECIFIED.)CURVE()GEOMETRIC_REPRESENTATION_ITEM()RATIONAL_B_SPLINE_CURVE((1.,
0.998050562312872,0.998050562312872,1.))REPRESENTATION_ITEM(''));
#4175=LINE('',#6595,#6596);
#4176=B_SPLINE_CURVE_WITH_KNOTS('',3,
(#6598,#6599,#6600,#6601,#6602,#6603,#6604,#6605,#6606,#6607,#6608,#6609,#6610,#6611,
#6612,#6613,#6614,#6615,#6616,#6617,#6618,#6619,#6620,#6621,#6622,#6623,#6624,#6625,
#6626,#6627,#6628,#6629,#6630,#6631,#6632,#6633,#6634,#6635,#6636,#6637,#6638,#6639),
.UNSPECIFIED.,.F.,.F.,
(4,1,1,1,1,1,1,1,1,1,1,1,1,1,1,1,1,1,1,1,1,1,1,1,1,1,1,1,1,1,1,1,1,1,1,1,1,1,1,4),
(0.,0.0097365261683949,0.020135019229175,0.0268516350948677,0.031176236628645,0.048071463556594,
0.067332076756996,0.0889651275416928,0.108847008154596,0.129801723602996,0.162727511180941,
0.198141530299474,0.236054020787848,0.266313293448803,0.297330269749136,0.329153210979209,
0.361035367138385,0.393119107211121,0.425355305030777,0.457846138000223,0.490435076303634,
0.52322078521286,0.556102550048783,0.589069813680536,0.622024446577153,0.65490225009044,
0.687691865057705,0.72034616074892,0.752918992941054,0.793942986439005,0.832724015645927,
0.869255841033206,0.893099165338763,0.915016926816824,0.934178105975444,0.952504757160601,
0.969167119279423,0.984999280525458,0.999484151978126,1.),
.UNSPECIFIED.);
#4177=VERTEX_POINT('',#6640);
#4178=VERTEX_POINT('',#6641);
#4179=(BOUNDED_CURVE()B_SPLINE_CURVE(3,
(#6642,#6643,#6644,#6645),
.UNSPECIFIED.,.F.,.F.)B_SPLINE_CURVE_WITH_KNOTS((4,4),
(0.,1.),
.UNSPECIFIED.)CURVE()GEOMETRIC_REPRESENTATION_ITEM()RATIONAL_B_SPLINE_CURVE((1.,
0.996475130689633,0.996475130689633,1.))REPRESENTATION_ITEM(''));
#4180=LINE('',#6646,#6647);
#4181=LINE('',#6649,#6650);
#4182=VERTEX_POINT('',#6652);
#4183=B_SPLINE_CURVE_WITH_KNOTS('',3,
(#6653,#6654,#6655,#6656,#6657,#6658,#6659,#6660,#6661,#6662,#6663,#6664,#6665,#6666,
#6667,#6668,#6669,#6670,#6671,#6672,#6673,#6674,#6675,#6676,#6677,#6678,#6679,#6680,
#6681,#6682,#6683,#6684,#6685,#6686,#6687,#6688,#6689,#6690,#6691,#6692,#6693,#6694,
#6695,#6696,#6697,#6698,#6699,#6700,#6701,#6702,#6703,#6704,#6705,#6706,#6707,#6708),
.UNSPECIFIED.,.F.,.F.,
(4,1,1,1,1,1,1,1,1,1,1,1,1,1,1,1,1,1,1,1,1,1,1,1,1,1,1,1,1,1,1,1,1,1,1,1,1,1,1,1,
1,1,1,1,1,1,1,1,1,1,1,1,1,4),
(0.,0.0183840685956063,0.0267501124644703,0.036815857215805,0.0553123577182801,0.0739253035771983,
0.0926193994084436,0.111434911856031,0.130311430349649,0.149260162401774,0.168215477921839,
0.187141940319068,0.206022777509715,0.224795961191883,0.243502702005099,0.262012233016105,
0.280386197556123,0.298546622246067,0.31663406788312,0.344225779917677,0.381329760576055,
0.420157069260094,0.451135004377213,0.472447548319057,0.491871248659442,0.509443278452634,
0.527044000449575,0.544672988550592,0.562303040487694,0.579948857618125,0.597592025233046,
0.615251539945893,0.632944902119659,0.650712047174568,0.66850929521036,0.686417075057363,
0.704414700751631,0.728591676734932,0.752800970865072,0.77704258678077,0.795151416663116,
0.813215065569977,0.8310816218671,0.848802892011246,0.86629576641552,0.883694993738877,
0.900821950700562,0.917771175243347,0.934447437656727,0.951033911973835,0.967442663695012,
0.983764632536467,0.999484027732392,1.),
.UNSPECIFIED.);
#4184=LINE('',#6709,#6710);
#4185=VERTEX_POINT('',#6712);
#4186=(BOUNDED_CURVE()B_SPLINE_CURVE(3,
(#6713,#6714,#6715,#6716),
.UNSPECIFIED.,.F.,.F.)B_SPLINE_CURVE_WITH_KNOTS((4,4),
(0.,1.),
.UNSPECIFIED.)CURVE()GEOMETRIC_REPRESENTATION_ITEM()RATIONAL_B_SPLINE_CURVE((1.,
0.998050562312872,0.998050562312872,1.))REPRESENTATION_ITEM(''));
#4187=LINE('',#6717,#6718);
#4188=B_SPLINE_CURVE_WITH_KNOTS('',3,
(#6720,#6721,#6722,#6723,#6724,#6725,#6726,#6727,#6728,#6729,#6730,#6731,#6732,#6733,
#6734,#6735,#6736,#6737,#6738,#6739,#6740,#6741,#6742,#6743,#6744,#6745,#6746,#6747,
#6748,#6749,#6750,#6751,#6752,#6753,#6754,#6755,#6756,#6757,#6758,#6759,#6760,#6761,
#6762,#6763,#6764,#6765,#6766,#6767,#6768,#6769,#6770,#6771,#6772,#6773,#6774,#6775,
#6776,#6777,#6778),
.UNSPECIFIED.,.F.,.F.,
(4,1,1,1,1,1,1,1,1,1,1,1,1,1,1,1,1,1,1,1,1,1,1,1,1,1,1,1,1,1,1,1,1,1,1,1,1,1,1,1,
1,1,1,1,1,1,1,1,1,1,1,1,1,1,1,1,4),
(0.,0.0179054441173022,0.0357930929375384,0.0536645008649406,0.0715320582482813,
0.0894329814506789,0.107302658147919,0.125127415742319,0.130484220876128,0.142872724478193,
0.160576231398094,0.178160203480877,0.195659311561322,0.213021422375379,0.230325150915775,
0.247502658737336,0.264610565401232,0.281627655747131,0.298623995836553,0.321110688221187,
0.343476170613649,0.365711112554638,0.382230171974286,0.398672846948421,0.415002206606399,
0.431291635431885,0.447496921935841,0.463662287354609,0.479745648450736,0.49578983200752,
0.511762597062619,0.527715039003199,0.548953680987647,0.570300158307471,0.591755814317654,
0.608133098502049,0.624627263793959,0.641464607769733,0.658531266025887,0.675944976286807,
0.693479954747372,0.711472942721872,0.729807450288695,0.748708752851739,0.767833552373286,
0.787518786522865,0.807540270032421,0.828012105483303,0.848592887939528,0.869517902116052,
0.890676978938098,0.912193520728797,0.933838848606103,0.955744437001363,0.977774404318373,
0.999475692293516,1.),
.UNSPECIFIED.);
#4189=VERTEX_POINT('',#6779);
#4190=VERTEX_POINT('',#6780);
#4191=(BOUNDED_CURVE()B_SPLINE_CURVE(3,
(#6781,#6782,#6783,#6784),
.UNSPECIFIED.,.F.,.F.)B_SPLINE_CURVE_WITH_KNOTS((4,4),
(0.,1.),
.UNSPECIFIED.)CURVE()GEOMETRIC_REPRESENTATION_ITEM()RATIONAL_B_SPLINE_CURVE((1.,
0.983909635172162,0.983909635172162,1.))REPRESENTATION_ITEM(''));
#4192=LINE('',#6785,#6786);
#4193=LINE('',#6788,#6789);
#4194=VERTEX_POINT('',#6791);
#4195=LINE('',#6792,#6793);
#4196=(BOUNDED_CURVE()B_SPLINE_CURVE(3,
(#6795,#6796,#6797,#6798),
.UNSPECIFIED.,.F.,.F.)B_SPLINE_CURVE_WITH_KNOTS((4,4),
(0.,1.),
.UNSPECIFIED.)CURVE()GEOMETRIC_REPRESENTATION_ITEM()RATIONAL_B_SPLINE_CURVE((1.,
0.983909635172162,0.983909635172162,1.))REPRESENTATION_ITEM(''));
#4197=VERTEX_POINT('',#6799);
#4198=B_SPLINE_CURVE_WITH_KNOTS('',3,
(#6800,#6801,#6802,#6803,#6804,#6805,#6806,#6807,#6808,#6809,#6810,#6811,#6812,#6813,
#6814,#6815,#6816,#6817,#6818,#6819,#6820,#6821,#6822,#6823,#6824,#6825,#6826,#6827,
#6828,#6829,#6830,#6831,#6832,#6833,#6834,#6835,#6836,#6837,#6838,#6839,#6840,#6841,
#6842,#6843,#6844,#6845,#6846,#6847,#6848,#6849,#6850,#6851,#6852,#6853,#6854,#6855,
#6856,#6857,#6858),
.UNSPECIFIED.,.F.,.F.,
(4,1,1,1,1,1,1,1,1,1,1,1,1,1,1,1,1,1,1,1,1,1,1,1,1,1,1,1,1,1,1,1,1,1,1,1,1,1,1,1,
1,1,1,1,1,1,1,1,1,1,1,1,1,1,1,1,4),
(0.,0.00049678063736118,0.00725382076369336,0.0146418672230215,0.0221697888875906,
0.0299712371964945,0.0379082592032461,0.0462478590759559,0.0548561361855633,0.0638708649884418,
0.0730189082839888,0.0862159944418567,0.103898167597714,0.122695522669076,0.138700087892993,
0.15148836890874,0.164423681687183,0.17780718422691,0.191478132813661,0.205599076375914,
0.219865824843365,0.236095037176115,0.254144932845994,0.275599292779927,0.298648857336019,
0.334501383561921,0.381196202110534,0.435477762748405,0.483047987707487,0.518253181478007,
0.54436180031048,0.571618764025852,0.599333722236475,0.627502138074887,0.647404429962441,
0.665741712015432,0.682594840969245,0.699531179741857,0.716616291886482,0.733764508505487,
0.750956233060754,0.768127935539732,0.7851443915676,0.802022127419126,0.818643992034209,
0.835151819220641,0.851319309910361,0.867263778848127,0.882880118516964,0.898396279310698,
0.913589258958037,0.928560130451287,0.943188145600166,0.957688601284752,0.971931270124605,
0.986034555398637,1.),
.UNSPECIFIED.);
#4199=LINE('',#6859,#6860);
#4200=VERTEX_POINT('',#6862);
#4201=(BOUNDED_CURVE()B_SPLINE_CURVE(3,
(#6863,#6864,#6865,#6866),
.UNSPECIFIED.,.F.,.F.)B_SPLINE_CURVE_WITH_KNOTS((4,4),
(0.,1.),
.UNSPECIFIED.)CURVE()GEOMETRIC_REPRESENTATION_ITEM()RATIONAL_B_SPLINE_CURVE((1.,
0.998003266504636,0.998003266504636,1.))REPRESENTATION_ITEM(''));
#4202=LINE('',#6867,#6868);
#4203=VERTEX_POINT('',#6870);
#4204=B_SPLINE_CURVE_WITH_KNOTS('',3,
(#6871,#6872,#6873,#6874,#6875,#6876,#6877,#6878,#6879,#6880,#6881,#6882,#6883,#6884,
#6885,#6886,#6887,#6888,#6889,#6890,#6891,#6892,#6893,#6894,#6895,#6896,#6897,#6898,
#6899,#6900,#6901,#6902,#6903,#6904,#6905,#6906,#6907,#6908,#6909,#6910,#6911,#6912,
#6913,#6914,#6915,#6916,#6917,#6918,#6919,#6920,#6921,#6922,#6923,#6924,#6925,#6926,
#6927,#6928,#6929,#6930,#6931,#6932,#6933,#6934,#6935,#6936,#6937),
.UNSPECIFIED.,.F.,.F.,
(4,1,1,1,1,1,1,1,1,1,1,1,1,1,1,1,1,1,1,1,1,1,1,1,1,1,1,1,1,1,1,1,1,1,1,1,1,1,1,1,
1,1,1,1,1,1,1,1,1,1,1,1,1,1,1,1,1,1,1,1,1,1,1,1,4),
(0.,0.0222988154742704,0.0447337858661446,0.0672922289101889,0.0900122615430566,
0.112808486151526,0.135732733278405,0.158723898052748,0.181791395211001,0.204860213784655,
0.228070006824981,0.251409928279594,0.274998202252264,0.298694361922396,0.322737133619591,
0.347008643741393,0.371625855103391,0.396366524910477,0.421308620791851,0.446338902583251,
0.471430058559105,0.496495250419798,0.521387419649238,0.546131618876101,0.570608403391212,
0.594967713336327,0.618729596534267,0.642014117770734,0.66446204455528,0.686550940738097,
0.707692207783243,0.728240146978778,0.747958100543991,0.767429085607304,0.785905444778624,
0.803632664414043,0.82008131375287,0.836012698963424,0.850548147657162,0.86419105366746,
0.876601416161888,0.888664240213503,0.899556545864193,0.909636215448826,0.918460123524194,
0.92682063527036,0.934070390367051,0.940680895145174,0.946496214327312,0.952147383496021,
0.957280780686056,0.962053886402396,0.966267455349212,0.970275759076193,0.97382964896345,
0.977131411047959,0.98011992509493,0.983051338655994,0.985807324527618,0.988442552178736,
0.990902991794776,0.993306153457725,0.995595002836459,0.997826337842279,1.),
.UNSPECIFIED.);
#4205=VERTEX_POINT('',#6938);
#4206=B_SPLINE_CURVE_WITH_KNOTS('',3,
(#6939,#6940,#6941,#6942,#6943,#6944,#6945,#6946,#6947,#6948,#6949,#6950,#6951,#6952,
#6953,#6954,#6955,#6956,#6957,#6958,#6959,#6960,#6961,#6962,#6963,#6964,#6965,#6966,
#6967,#6968,#6969,#6970,#6971,#6972,#6973,#6974,#6975,#6976,#6977,#6978,#6979,#6980,
#6981,#6982,#6983,#6984,#6985,#6986,#6987,#6988,#6989,#6990,#6991,#6992,#6993,#6994,
#6995,#6996,#6997,#6998,#6999,#7000),
.UNSPECIFIED.,.F.,.F.,
(4,1,1,1,1,1,1,1,1,1,1,1,1,1,1,1,1,1,1,1,1,1,1,1,1,1,1,1,1,1,1,1,1,1,1,1,1,1,1,1,
1,1,1,1,1,1,1,1,1,1,1,1,1,1,1,1,1,1,1,4),
(0.,0.0227447648849091,0.0455770646508028,0.0684810724949729,0.0914620033077664,
0.114481497738258,0.137512892339325,0.160529826537937,0.183497148407576,0.206430905592581,
0.229357224025612,0.252294938114248,0.275298065670941,0.298343067180043,0.321553806497575,
0.344887486359428,0.368429681926851,0.392057261094997,0.415800510669328,0.439581310065621,
0.463351775378653,0.487078120712327,0.518348878904104,0.549356140618353,0.580105205592416,
0.602612654667753,0.624730768597933,0.646176462205093,0.667339048120568,0.687770124476916,
0.707747847834336,0.727102917449776,0.746283864428303,0.764688764458935,0.78249383207759,
0.804556012888086,0.825458775435522,0.845185500236551,0.858565098154376,0.871613980566433,
0.883631605437271,0.894916721288284,0.905005516030849,0.914654014813334,0.923905656005033,
0.933186712936157,0.944641867084288,0.95514714335539,0.964708814702935,0.970185353960252,
0.974655586564501,0.978057061317081,0.981393598901933,0.984507403286383,0.987465092298297,
0.990184180641176,0.992816824823613,0.9952903468671,0.997684789751658,1.),
.UNSPECIFIED.);
#4207=LINE('',#7001,#7002);
#4208=VERTEX_POINT('',#7004);
#4209=(BOUNDED_CURVE()B_SPLINE_CURVE(3,
(#7005,#7006,#7007,#7008),
.UNSPECIFIED.,.F.,.F.)B_SPLINE_CURVE_WITH_KNOTS((4,4),
(0.,1.),
.UNSPECIFIED.)CURVE()GEOMETRIC_REPRESENTATION_ITEM()RATIONAL_B_SPLINE_CURVE((1.,
0.998003266504636,0.998003266504636,1.))REPRESENTATION_ITEM(''));
#4210=LINE('',#7009,#7010);
#4211=B_SPLINE_CURVE_WITH_KNOTS('',3,
(#7012,#7013,#7014,#7015,#7016,#7017,#7018,#7019,#7020,#7021,#7022,#7023,#7024,#7025,
#7026,#7027,#7028,#7029,#7030,#7031,#7032,#7033,#7034,#7035,#7036,#7037,#7038,#7039,
#7040,#7041,#7042,#7043,#7044,#7045,#7046,#7047,#7048,#7049,#7050,#7051,#7052,#7053,
#7054,#7055,#7056,#7057,#7058,#7059,#7060,#7061,#7062,#7063,#7064,#7065,#7066,#7067,
#7068),
.UNSPECIFIED.,.F.,.F.,
(4,1,1,1,1,1,1,1,1,1,1,1,1,1,1,1,1,1,1,1,1,1,1,1,1,1,1,1,1,1,1,1,1,1,1,1,1,1,1,1,
1,1,1,1,1,1,1,1,1,1,1,1,1,1,4),
(0.,0.0182104780145792,0.0365099339502237,0.0548905547058931,0.0734073847714576,
0.0920026792283953,0.110732646623877,0.129534806788974,0.148421411055231,0.167318450125747,
0.18635934485677,0.205521568305748,0.224907762181713,0.244393318635029,0.26646934517297,
0.291030059609084,0.318193997344983,0.345480372415268,0.372981662521428,0.400584455430522,
0.425949106681239,0.448977169984303,0.476454164510612,0.503744233832772,0.530845491333523,
0.550896631166746,0.570870962223585,0.59067803522825,0.610390834884649,0.629986741739765,
0.649571912971369,0.668927160719233,0.688083664448969,0.706845827780854,0.72542077801929,
0.743442177840391,0.761086670979298,0.778184341693472,0.795086622137879,0.811368152122722,
0.827195313397466,0.842319948938592,0.857176555193029,0.871418622405778,0.885315994630256,
0.898772310596901,0.912154514454133,0.925266260202717,0.938189593507109,0.950830636903886,
0.963361316062028,0.975684406037053,0.987899644150134,0.999504471604802,1.),
.UNSPECIFIED.);
#4212=VERTEX_POINT('',#7069);
#4213=CIRCLE('',#7070,1.5);
#4214=VERTEX_POINT('',#7074);
#4215=CIRCLE('',#7075,1.5);
#4216=VERTEX_POINT('',#7079);
#4217=CIRCLE('',#7080,12.65);
#4218=VERTEX_POINT('',#7084);
#4219=CIRCLE('',#7085,1.5);
#4220=VERTEX_POINT('',#7089);
#4221=CIRCLE('',#7090,1.5);
#4222=LINE('',#7094,#7095);
#4223=VERTEX_POINT('',#7097);
#4224=VERTEX_POINT('',#7098);
#4225=LINE('',#7099,#7100);
#4226=B_SPLINE_CURVE_WITH_KNOTS('',3,
(#7102,#7103,#7104,#7105,#7106,#7107,#7108,#7109,#7110,#7111,#7112,#7113,#7114),
.UNSPECIFIED.,.F.,.F.,
(4,1,1,1,1,1,1,1,1,1,4),
(0.,0.22742012667471,0.396692245176389,0.499832633934315,0.568712668691366,0.628097616069772,
0.69056263168353,0.757609378449858,0.833822356388772,0.914622712215275,1.),
.UNSPECIFIED.);
#4227=VERTEX_POINT('',#7115);
#4228=LINE('',#7116,#7117);
#4229=LINE('',#7119,#7120);
#4230=B_SPLINE_CURVE_WITH_KNOTS('',3,
(#7122,#7123,#7124,#7125,#7126,#7127,#7128,#7129,#7130,#7131,#7132,#7133,#7134,#7135,
#7136,#7137,#7138,#7139),
.UNSPECIFIED.,.F.,.F.,
(4,2,2,2,2,2,2,2,4),
(0.,0.0107924664235091,0.032571065846905,0.101207136217073,0.232113133256414,0.4288016705598,
0.75649448179476,0.876971244604225,1.),
.UNSPECIFIED.);
#4231=B_SPLINE_CURVE_WITH_KNOTS('',3,
(#7140,#7141,#7142,#7143,#7144,#7145,#7146,#7147,#7148,#7149,#7150,#7151,#7152,#7153,
#7154,#7155,#7156,#7157,#7158,#7159,#7160,#7161,#7162,#7163,#7164),
.UNSPECIFIED.,.F.,.F.,
(4,1,1,1,1,1,1,1,1,1,1,1,1,1,1,1,1,1,1,1,1,1,4),
(0.,0.047201378837432,0.0887961123230178,0.134680270243848,0.199067923276103,0.270528163700796,
0.339164921730836,0.387759201880518,0.433410380093093,0.481864080755683,0.530852005615187,
0.582137764901494,0.628780657407066,0.68204715647312,0.746260381466588,0.810019990488588,
0.860581916753961,0.890290317619852,0.905932233408949,0.927287128492833,0.952982768143917,
0.98156327460131,1.),
.UNSPECIFIED.);
#4232=VERTEX_POINT('',#7165);
#4233=B_SPLINE_CURVE_WITH_KNOTS('',3,
(#7166,#7167,#7168,#7169,#7170,#7171,#7172),
.UNSPECIFIED.,.F.,.F.,
(4,1,1,1,4),
(0.,0.250425992447714,0.500544612566872,0.750391179885629,1.),
.UNSPECIFIED.);
#4234=VERTEX_POINT('',#7173);
#4235=B_SPLINE_CURVE_WITH_KNOTS('',3,
(#7174,#7175,#7176,#7177,#7178,#7179,#7180,#7181,#7182,#7183,#7184,#7185,#7186,#7187,
#7188,#7189,#7190,#7191,#7192,#7193,#7194,#7195,#7196,#7197,#7198,#7199,#7200,#7201,
#7202,#7203,#7204,#7205,#7206,#7207,#7208,#7209,#7210,#7211),
.UNSPECIFIED.,.F.,.F.,
(4,1,1,1,1,1,1,1,1,1,1,1,1,1,1,1,1,1,1,1,1,1,1,1,1,1,1,1,1,1,1,1,1,1,1,4),
(0.,0.0516914512928828,0.0878587651935639,0.108444405031528,0.124873017183831,0.145367170050123,
0.172043451481465,0.199067258529501,0.222082261664981,0.239029409707361,0.258385656965118,
0.287555039210032,0.316598340443121,0.343447082177708,0.360930480786758,0.383125979158567,
0.409829928374731,0.439234536670994,0.465166567842752,0.48864937334232,0.513262012314796,
0.541039494075471,0.572870790498343,0.602183638717989,0.628978038734408,0.651514787252388,
0.681281819774647,0.716542122099472,0.75310722149159,0.784290177932864,0.812893504450465,
0.848969273139029,0.890383529140527,0.941760409734936,0.97758791506875,1.),
.UNSPECIFIED.);
#4236=VERTEX_POINT('',#7212);
#4237=B_SPLINE_CURVE_WITH_KNOTS('',3,
(#7213,#7214,#7215,#7216,#7217,#7218,#7219,#7220,#7221,#7222,#7223,#7224,#7225,#7226,
#7227,#7228,#7229,#7230,#7231,#7232,#7233,#7234,#7235,#7236,#7237,#7238,#7239,#7240,
#7241,#7242,#7243,#7244,#7245,#7246,#7247,#7248,#7249,#7250),
.UNSPECIFIED.,.F.,.F.,
(4,1,1,1,1,1,1,1,1,1,1,1,1,1,1,1,1,1,1,1,1,1,1,1,1,1,1,1,1,1,1,1,1,1,1,4),
(0.,0.0516916978421223,0.0878591664739148,0.108444865943776,0.124873491707313,0.145367574518107,
0.172043362922235,0.199066635449523,0.222081159975954,0.239028227907053,0.258384473161557,
0.287554073254271,0.316597672810838,0.343446656615833,0.360930082279609,0.383126486546654,
0.409831542159771,0.439238500895993,0.465171983807163,0.488651402039366,0.513271925042301,
0.541069750393996,0.572937514787723,0.602273069282294,0.629076413877709,0.651607751251988,
0.681346388575439,0.716561682596021,0.753083114941174,0.784245106155049,0.812855174959992,
0.848842866646815,0.890179899973434,0.941497203601817,0.977427809863311,1.),
.UNSPECIFIED.);
#4238=B_SPLINE_CURVE_WITH_KNOTS('',3,
(#7251,#7252,#7253,#7254,#7255,#7256,#7257),
.UNSPECIFIED.,.F.,.F.,
(4,1,1,1,4),
(0.,0.250425992447706,0.500544612566874,0.750391179885625,1.),
.UNSPECIFIED.);
#4239=B_SPLINE_CURVE_WITH_KNOTS('',3,
(#7258,#7259,#7260,#7261,#7262,#7263,#7264,#7265,#7266,#7267,#7268,#7269,#7270,#7271,
#7272,#7273,#7274,#7275,#7276,#7277,#7278,#7279,#7280,#7281),
.UNSPECIFIED.,.F.,.F.,
(4,1,1,1,1,1,1,1,1,1,1,1,1,1,1,1,1,1,1,1,1,4),
(0.,0.0472013504637731,0.0887960723557681,0.134683350979282,0.199169538053356,0.270762747365015,
0.339563793610964,0.388234373979558,0.433895817861786,0.482341170265495,0.531212488216936,
0.58239825768982,0.629049501708441,0.682506919347528,0.745403222247934,0.813072224608579,
0.865943529704545,0.898502833513552,0.924771985082905,0.953873516042767,0.981716098107922,
1.),
.UNSPECIFIED.);
#4240=VERTEX_POINT('',#7282);
#4241=B_SPLINE_CURVE_WITH_KNOTS('',3,
(#7283,#7284,#7285,#7286,#7287,#7288,#7289,#7290,#7291,#7292,#7293,#7294,#7295,#7296,
#7297,#7298,#7299,#7300),
.UNSPECIFIED.,.F.,.F.,
(4,2,2,2,2,2,2,2,4),
(0.,0.0107924664235091,0.032571065846905,0.101207136217073,0.232113133256414,0.4288016705598,
0.75649448179476,0.876971244604225,1.),
.UNSPECIFIED.);
#4242=B_SPLINE_CURVE_WITH_KNOTS('',3,
(#7301,#7302,#7303,#7304,#7305,#7306,#7307,#7308,#7309,#7310,#7311,#7312,#7313),
.UNSPECIFIED.,.F.,.F.,
(4,1,1,1,1,1,1,1,1,1,4),
(0.,0.22742012667471,0.396692245176389,0.499832633934312,0.568712668691365,0.628097616069769,
0.690562631683528,0.757609378449851,0.833822356388758,0.914622712215263,1.),
.UNSPECIFIED.);
#4243=VERTEX_POINT('',#7314);
#4244=VERTEX_POINT('',#7315);
#4245=LINE('',#7316,#7317);
#4246=LINE('',#7319,#7320);
#4247=LINE('',#7322,#7323);
#4248=VERTEX_POINT('',#7325);
#4249=LINE('',#7326,#7327);
#4250=LINE('',#7329,#7330);
#4251=LINE('',#7332,#7333);
#4252=LINE('',#7335,#7336);
#4253=B_SPLINE_CURVE_WITH_KNOTS('',3,
(#7338,#7339,#7340,#7341,#7342,#7343,#7344,#7345,#7346,#7347,#7348,#7349,#7350,#7351),
.UNSPECIFIED.,.F.,.F.,
(4,1,1,1,1,1,1,1,1,1,1,4),
(0.,0.129841742288845,0.130689115236386,0.297107457482417,0.39206723643036,0.484355777663463,
0.637552619708399,0.680879789164834,0.837009036884124,0.847794543790618,0.961686381704087,
1.),
.UNSPECIFIED.);
#4254=LINE('',#7352,#7353);
#4255=VERTEX_POINT('',#7355);
#4256=LINE('',#7356,#7357);
#4257=LINE('',#7359,#7360);
#4258=VERTEX_POINT('',#7362);
#4259=LINE('',#7363,#7364);
#4260=VERTEX_POINT('',#7366);
#4261=LINE('',#7367,#7368);
#4262=CIRCLE('',#7370,17.);
#4263=LINE('',#7374,#7375);
#4264=LINE('',#7377,#7378);
#4265=VERTEX_POINT('',#7380);
#4266=VERTEX_POINT('',#7381);
#4267=LINE('',#7382,#7383);
#4268=LINE('',#7385,#7386);
#4269=LINE('',#7388,#7389);
#4270=CIRCLE('',#7391,17.);
#4271=LINE('',#7395,#7396);
#4272=LINE('',#7398,#7399);
#4273=LINE('',#7401,#7402);
#4274=VERTEX_POINT('',#7404);
#4275=VERTEX_POINT('',#7405);
#4276=CIRCLE('',#7406,12.65);
#4277=B_SPLINE_CURVE_WITH_KNOTS('',3,
(#7410,#7411,#7412,#7413,#7414,#7415,#7416),
.UNSPECIFIED.,.F.,.F.,
(4,1,1,1,4),
(0.,0.252064066850291,0.502768946559893,0.752089846437637,1.),
.UNSPECIFIED.);
#4278=VERTEX_POINT('',#7417);
#4279=B_SPLINE_CURVE_WITH_KNOTS('',3,
(#7418,#7419,#7420,#7421,#7422,#7423,#7424),
.UNSPECIFIED.,.F.,.F.,
(4,1,1,1,4),
(0.,0.252064066850295,0.502768946559899,0.752089846437633,1.),
.UNSPECIFIED.);
#4280=CIRCLE('',#7425,12.65);
#4281=VERTEX_POINT('',#7429);
#4282=B_SPLINE_CURVE_WITH_KNOTS('',3,
(#7430,#7431,#7432,#7433,#7434,#7435,#7436,#7437,#7438,#7439,#7440,#7441,#7442,#7443,
#7444,#7445,#7446,#7447,#7448,#7449,#7450,#7451,#7452,#7453,#7454,#7455,#7456,#7457,
#7458,#7459,#7460,#7461,#7462,#7463,#7464,#7465),
.UNSPECIFIED.,.F.,.F.,
(4,1,1,1,1,1,1,1,1,1,1,1,1,1,1,1,1,1,1,1,1,1,1,1,1,1,1,1,1,1,1,1,1,4),
(0.,0.0531701395146329,0.092621490124118,0.117822075149613,0.138153385350175,0.160392751496549,
0.184592642267544,0.20604797461433,0.225275387962163,0.248618251322068,0.279191109134321,
0.312031910194596,0.339679271580698,0.360494615731019,0.37892335442463,0.39900517361004,
0.429535616507335,0.460189465932874,0.488524557849351,0.507334811466674,0.529762268210191,
0.557977669521478,0.589830085171384,0.620098209294283,0.65118938061088,0.681587018278413,
0.723800455933469,0.763067554705481,0.804436647492598,0.840609535286759,0.881770276796251,
0.929320013921835,0.968729921656418,1.),
.UNSPECIFIED.);
#4283=B_SPLINE_CURVE_WITH_KNOTS('',3,
(#7466,#7467,#7468,#7469,#7470,#7471,#7472,#7473,#7474,#7475,#7476,#7477,#7478,#7479,
#7480,#7481,#7482,#7483,#7484,#7485,#7486,#7487,#7488,#7489,#7490,#7491,#7492,#7493,
#7494,#7495,#7496,#7497,#7498,#7499,#7500,#7501),
.UNSPECIFIED.,.F.,.F.,
(4,1,1,1,1,1,1,1,1,1,1,1,1,1,1,1,1,1,1,1,1,1,1,1,1,1,1,1,1,1,1,1,1,4),
(0.,0.053170139515762,0.0926214901259406,0.117822075151684,0.138153385352313,0.160392751498783,
0.184592642269934,0.206047974616832,0.225275387964715,0.248618251325019,0.279191109137284,
0.31203191019746,0.339679271583107,0.360494615733375,0.378923354427075,0.39900517361248,
0.429535616508273,0.460189465932289,0.488524557847267,0.507334811464532,0.529762268208144,
0.557977669519591,0.589830085169677,0.620098209292591,0.651189380608872,0.681587018276172,
0.723800455930591,0.763067554702231,0.804436647488934,0.840609535282953,0.88177027679216,
0.929320013916343,0.968729921652289,1.),
.UNSPECIFIED.);
#4284=LINE('',#7502,#7503);
#4285=CARTESIAN_POINT('',(10.4435657442704,3.,9.4529082123037));
#4286=CARTESIAN_POINT('',(9.24320503345839,3.,11.5319933674217));
#4287=CARTESIAN_POINT('',(9.24320503345839,3.,11.5319933674217));
#4288=VECTOR('',#4289,1.);
#4289=DIRECTION('',(0.500000105229793,0.,-0.866025343029981));
#4290=CARTESIAN_POINT('',(11.0894749677588,3.,12.5979394934182));
#4291=CARTESIAN_POINT('',(11.0894749677588,3.,12.5979394934182));
#4292=VECTOR('',#4293,1.);
#4293=DIRECTION('',(-0.866025062061966,0.,-0.500000591880218));
#4294=CARTESIAN_POINT('',(11.674412188833,3.,11.5847977845953));
#4295=CARTESIAN_POINT('',(11.674412188833,3.,11.5847977845953));
#4296=VECTOR('',#4297,1.);
#4297=DIRECTION('',(-0.499999732508651,0.,0.866025558220586));
#4298=CARTESIAN_POINT('',(10.4435657442704,3.,9.4529082123037));
#4299=VECTOR('',#4300,1.);
#4300=DIRECTION('',(0.499999825156179,-3.60799721621963E-16,0.866025504730542));
#4301=CARTESIAN_POINT('',(6.91672410721433,3.,13.381591968944));
#4302=CARTESIAN_POINT('',(9.06194389796056,3.,9.66592637763638));
#4303=CARTESIAN_POINT('',(9.06194389796056,3.,9.66592637763638));
#4304=VECTOR('',#4305,1.);
#4305=DIRECTION('',(-0.499996374761579,0.,0.8660274968067));
#4306=CARTESIAN_POINT('',(6.48479981659405,3.,8.17800283173299));
#4307=CARTESIAN_POINT('',(6.48479981659405,3.,8.178002831733));
#4308=VECTOR('',#4309,1.);
#4309=DIRECTION('',(0.866024135404778,0.,0.500002196891581));
#4310=CARTESIAN_POINT('',(4.33955917822483,3.,11.8936680922944));
#4311=CARTESIAN_POINT('',(4.33955917822483,3.,11.8936680922944));
#4312=VECTOR('',#4313,1.);
#4313=DIRECTION('',(0.500000052435653,1.03505697328172E-16,-0.866025373510698));
#4314=CARTESIAN_POINT('',(6.91672410721433,3.,13.381591968944));
#4315=VECTOR('',#4316,1.);
#4316=DIRECTION('',(-0.866025838687893,0.,-0.499999246724364));
#4317=CARTESIAN_POINT('',(15.999999999991,3.,2.));
#4318=CARTESIAN_POINT('',(27.999999999991,3.,2.));
#4319=CARTESIAN_POINT('',(15.999999999991,3.,2.));
#4320=VECTOR('',#4321,1.);
#4321=DIRECTION('',(1.,0.,1.48029736616688E-16));
#4322=CARTESIAN_POINT('',(27.999999999991,3.,-4.07598566706553E-16));
#4323=CARTESIAN_POINT('',(27.999999999991,3.,2.));
#4324=VECTOR('',#4325,1.);
#4325=DIRECTION('',(0.,0.,-1.));
#4326=CARTESIAN_POINT('',(-27.999999999991,3.,3.02141247090493E-15));
#4327=CARTESIAN_POINT('',(-27.999999999991,3.,1.89820253867784E-15));
#4328=VECTOR('',#4329,1.);
#4329=DIRECTION('',(1.,0.,-4.11750197390204E-17));
#4330=CARTESIAN_POINT('',(-27.999999999991,3.,2.));
#4331=CARTESIAN_POINT('',(-27.999999999991,3.,2.));
#4332=VECTOR('',#4333,1.);
#4333=DIRECTION('',(0.,0.,-1.));
#4334=CARTESIAN_POINT('',(-15.999999999991,3.,2.));
#4335=CARTESIAN_POINT('',(-15.999999999991,3.,2.));
#4336=VECTOR('',#4337,1.);
#4337=DIRECTION('',(-1.,0.,2.96059473233375E-16));
#4338=CARTESIAN_POINT('',(-15.9999999999955,3.,25.));
#4339=CARTESIAN_POINT('',(-15.999999999991,3.,25.));
#4340=VECTOR('',#4341,1.);
#4341=DIRECTION('',(-3.08931624243522E-16,5.79246795456603E-17,-1.));
#4342=CARTESIAN_POINT('',(15.9999999999955,3.,25.));
#4343=AXIS2_PLACEMENT_3D('',#4344,#4345,#4346);
#4344=CARTESIAN_POINT('',(-3.06161699786838E-15,3.,25.));
#4345=DIRECTION('',(0.,1.,6.12323399573677E-17));
#4346=DIRECTION('',(-1.,1.35963107344689E-32,-2.22044604925031E-16));
#4347=CARTESIAN_POINT('',(15.999999999991,3.,25.));
#4348=VECTOR('',#4349,1.);
#4349=DIRECTION('',(1.54465812121761E-16,5.79246795456603E-17,-1.));
#4350=CARTESIAN_POINT('',(8.69679496654161,3.,11.6784032678817));
#4351=CARTESIAN_POINT('',(10.2126257066337,3.,9.05290814711495));
#4352=CARTESIAN_POINT('',(10.2126257066337,3.,9.05290814711495));
#4353=VECTOR('',#4354,1.);
#4354=DIRECTION('',(-0.500000105229793,-1.46483803094634E-16,0.866025343029981));
#4355=CARTESIAN_POINT('',(9.60749889905389,3.,8.00479728268294));
#4356=CARTESIAN_POINT('',(9.60749889905389,3.,8.00479728268294));
#4357=VECTOR('',#4358,1.);
#4358=DIRECTION('',(0.499999825156179,0.,0.866025504730542));
#4359=CARTESIAN_POINT('',(9.95390910094611,3.,7.80479735262047));
#4360=CARTESIAN_POINT('',(9.95390910094611,3.,7.80479735262047));
#4361=VECTOR('',#4362,1.);
#4362=DIRECTION('',(-0.866025504730542,0.,0.49999982515618));
#4363=CARTESIAN_POINT('',(11.9053522410619,3.,11.1847975953082));
#4364=CARTESIAN_POINT('',(11.9053522410619,3.,11.1847975953082));
#4365=VECTOR('',#4366,1.);
#4366=DIRECTION('',(-0.499999825156179,1.13784779435391E-16,-0.866025504730542));
#4367=CARTESIAN_POINT('',(13.8567948883559,3.,7.80479737114997));
#4368=CARTESIAN_POINT('',(13.8567948883559,3.,7.80479737114997));
#4369=VECTOR('',#4370,1.);
#4370=DIRECTION('',(-0.49999973250865,-1.13784787087085E-16,0.866025558220587));
#4371=CARTESIAN_POINT('',(14.2032051116441,3.,8.00479726415343));
#4372=CARTESIAN_POINT('',(14.2032051116441,3.,8.00479726415343));
#4373=VECTOR('',#4374,1.);
#4374=DIRECTION('',(-0.866025558220586,0.,-0.499999732508651));
#4375=CARTESIAN_POINT('',(11.4358849925837,3.,12.7979397301704));
#4376=CARTESIAN_POINT('',(11.4358849925837,3.,12.7979397301704));
#4377=VECTOR('',#4378,1.);
#4378=DIRECTION('',(0.49999973250865,0.,-0.866025558220587));
#4379=CARTESIAN_POINT('',(12.620004118376,3.,13.4815923052393));
#4380=CARTESIAN_POINT('',(12.620004118376,3.,13.4815923052393));
#4381=VECTOR('',#4382,1.);
#4382=DIRECTION('',(-0.866025062061965,0.,-0.500000591880219));
#4383=CARTESIAN_POINT('',(12.420003881624,3.,13.8280023300641));
#4384=CARTESIAN_POINT('',(12.420003881624,3.,13.8280023300641));
#4385=VECTOR('',#4386,1.);
#4386=DIRECTION('',(0.500000591880217,0.,-0.866025062061967));
#4387=CARTESIAN_POINT('',(8.69679496654161,3.,11.6784032678817));
#4388=VECTOR('',#4389,1.);
#4389=DIRECTION('',(0.866025062061966,0.,0.500000591880218));
#4390=CARTESIAN_POINT('',(-11.0332185374856,3.,7.6315922173607));
#4391=CARTESIAN_POINT('',(-7.61346774905397,3.,13.5547976124285));
#4392=CARTESIAN_POINT('',(-7.61346774905397,3.,13.5547976124285));
#4393=VECTOR('',#4394,1.);
#4394=DIRECTION('',(-0.499998526115931,0.,-0.86602625473013));
#4395=CARTESIAN_POINT('',(-7.95987825094603,3.,13.7547970228749));
#4396=CARTESIAN_POINT('',(-7.95987825094603,3.,13.7547970228749));
#4397=VECTOR('',#4398,1.);
#4398=DIRECTION('',(0.866026254730129,0.,-0.499998526115934));
#4399=CARTESIAN_POINT('',(-11.1796294625144,3.,8.17800241794269));
#4400=CARTESIAN_POINT('',(-11.1796294625144,3.,8.17800241794269));
#4401=VECTOR('',#4402,1.);
#4402=DIRECTION('',(0.499998526115931,-6.8963076895888E-17,0.86602625473013));
#4403=CARTESIAN_POINT('',(-13.9300001506551,3.,9.76592648538928));
#4404=CARTESIAN_POINT('',(-13.9300001506551,3.,9.76592648538928));
#4405=VECTOR('',#4406,1.);
#4406=DIRECTION('',(0.866025838687894,1.39833053075705E-16,-0.499999246724363));
#4407=CARTESIAN_POINT('',(-14.1299998493449,3.,9.41951614991412));
#4408=CARTESIAN_POINT('',(-14.1299998493449,3.,9.41951614991412));
#4409=VECTOR('',#4410,1.);
#4410=DIRECTION('',(0.499999246724359,0.,0.866025838687896));
#4411=CARTESIAN_POINT('',(-11.0332185374856,3.,7.6315922173607));
#4412=VECTOR('',#4413,1.);
#4413=DIRECTION('',(-0.866025838687894,0.,0.499999246724362));
#4414=CARTESIAN_POINT('',(1.799397,3.,7.7047973176517));
#4415=CARTESIAN_POINT('',(1.799397,3.,12.0997443176517));
#4416=CARTESIAN_POINT('',(1.799397,3.,12.0997443176517));
#4417=VECTOR('',#4418,1.);
#4418=DIRECTION('',(1.51568111009096E-16,1.01045407339397E-16,-1.));
#4419=CARTESIAN_POINT('',(1.399397,3.,12.0997443176517));
#4420=CARTESIAN_POINT('',(1.399397,3.,12.0997443176517));
#4421=VECTOR('',#4422,1.);
#4422=DIRECTION('',(1.,0.,0.));
#4423=CARTESIAN_POINT('',(1.399397,3.,8.1047973176517));
#4424=CARTESIAN_POINT('',(1.399397,3.,8.1047973176517));
#4425=VECTOR('',#4426,1.);
#4426=DIRECTION('',(-1.6674409316947E-16,-1.11162728779647E-16,1.));
#4427=CARTESIAN_POINT('',(-1.399397,3.,8.1047973176517));
#4428=CARTESIAN_POINT('',(-1.399397,3.,8.1047973176517));
#4429=VECTOR('',#4430,1.);
#4430=DIRECTION('',(1.,0.,0.));
#4431=CARTESIAN_POINT('',(-1.399397,3.,12.0997443176517));
#4432=CARTESIAN_POINT('',(-1.399397,3.,12.0997443176517));
#4433=VECTOR('',#4434,1.);
#4434=DIRECTION('',(1.6674409316947E-16,1.11162728779647E-16,-1.));
#4435=CARTESIAN_POINT('',(-1.799397,3.,12.0997443176517));
#4436=CARTESIAN_POINT('',(-1.799397,3.,12.0997443176517));
#4437=VECTOR('',#4438,1.);
#4438=DIRECTION('',(1.,0.,0.));
#4439=CARTESIAN_POINT('',(-1.799397,3.,7.7047973176517));
#4440=CARTESIAN_POINT('',(-1.799397,3.,7.7047973176517));
#4441=VECTOR('',#4442,1.);
#4442=DIRECTION('',(-1.01045407339397E-16,-1.01045407339397E-16,1.));
#4443=CARTESIAN_POINT('',(1.799397,3.,7.7047973176517));
#4444=VECTOR('',#4445,1.);
#4445=DIRECTION('',(-1.,0.,0.));
#4446=CARTESIAN_POINT('',(3.3969962661591,3.,12.1462305064592));
#4447=CARTESIAN_POINT('',(5.70992937189164,3.,13.4815918742578));
#4448=CARTESIAN_POINT('',(5.70992937189164,3.,13.4815918742578));
#4449=VECTOR('',#4450,1.);
#4450=DIRECTION('',(-0.866027216969498,0.,-0.499996859458203));
#4451=CARTESIAN_POINT('',(5.50993062810836,3.,13.8280027610456));
#4452=CARTESIAN_POINT('',(5.50993062810836,3.,13.8280027610456));
#4453=VECTOR('',#4454,1.);
#4454=DIRECTION('',(0.499996859458201,0.,-0.866027216969499));
#4455=CARTESIAN_POINT('',(2.8505857338409,3.,12.2926421288442));
#4456=CARTESIAN_POINT('',(2.8505857338409,3.,12.2926421288442));
#4457=VECTOR('',#4458,1.);
#4458=DIRECTION('',(0.866027216969498,0.,0.499996859458202));
#4459=CARTESIAN_POINT('',(4.5129337338409,3.,9.41336412884417));
#4460=CARTESIAN_POINT('',(4.5129337338409,3.,9.41336412884417));
#4461=VECTOR('',#4462,1.);
#4462=DIRECTION('',(-0.499999113821392,0.,0.866025915419292));
#4463=CARTESIAN_POINT('',(2.20000062810836,3.,8.0780027610456));
#4464=CARTESIAN_POINT('',(2.20000062810836,3.,8.0780027610456));
#4465=VECTOR('',#4466,1.);
#4466=DIRECTION('',(0.866027216969499,0.,0.499996859458202));
#4467=CARTESIAN_POINT('',(2.39999937189164,3.,7.7315918742578));
#4468=CARTESIAN_POINT('',(2.39999937189164,3.,7.7315918742578));
#4469=VECTOR('',#4470,1.);
#4470=DIRECTION('',(-0.499996859458203,0.,0.866027216969498));
#4471=CARTESIAN_POINT('',(5.0593442661591,3.,9.26695250645923));
#4472=CARTESIAN_POINT('',(5.0593442661591,3.,9.26695250645923));
#4473=VECTOR('',#4474,1.);
#4474=DIRECTION('',(-0.866027216969498,1.44619580304033E-16,-0.499996859458202));
#4475=CARTESIAN_POINT('',(3.3969962661591,3.,12.1462305064592));
#4476=VECTOR('',#4477,1.);
#4477=DIRECTION('',(0.499999113821392,1.33572640255033E-16,-0.866025915419292));
#4478=CARTESIAN_POINT('',(-2.8505857338409,3.,12.2926421288442));
#4479=CARTESIAN_POINT('',(-5.50993062810836,3.,13.8280027610456));
#4480=CARTESIAN_POINT('',(-5.50993062810836,3.,13.8280027610456));
#4481=VECTOR('',#4482,1.);
#4482=DIRECTION('',(0.866027216969498,0.,-0.499996859458202));
#4483=CARTESIAN_POINT('',(-5.70992937189164,3.,13.4815918742578));
#4484=CARTESIAN_POINT('',(-5.70992937189164,3.,13.4815918742578));
#4485=VECTOR('',#4486,1.);
#4486=DIRECTION('',(0.499996859458201,0.,0.866027216969499));
#4487=CARTESIAN_POINT('',(-3.3969962661591,3.,12.1462305064592));
#4488=CARTESIAN_POINT('',(-3.3969962661591,3.,12.1462305064592));
#4489=VECTOR('',#4490,1.);
#4490=DIRECTION('',(-0.866027216969498,0.,0.499996859458203));
#4491=CARTESIAN_POINT('',(-5.0593442661591,3.,9.26695250645923));
#4492=CARTESIAN_POINT('',(-5.0593442661591,3.,9.26695250645923));
#4493=VECTOR('',#4494,1.);
#4494=DIRECTION('',(0.499999113821392,0.,0.866025915419292));
#4495=CARTESIAN_POINT('',(-2.39999937189164,3.,7.7315918742578));
#4496=CARTESIAN_POINT('',(-2.39999937189164,3.,7.7315918742578));
#4497=VECTOR('',#4498,1.);
#4498=DIRECTION('',(-0.866027216969498,0.,0.499996859458202));
#4499=CARTESIAN_POINT('',(-2.20000062810836,3.,8.0780027610456));
#4500=CARTESIAN_POINT('',(-2.20000062810836,3.,8.0780027610456));
#4501=VECTOR('',#4502,1.);
#4502=DIRECTION('',(-0.499996859458202,0.,-0.866027216969499));
#4503=CARTESIAN_POINT('',(-4.5129337338409,3.,9.41336412884417));
#4504=CARTESIAN_POINT('',(-4.5129337338409,3.,9.41336412884417));
#4505=VECTOR('',#4506,1.);
#4506=DIRECTION('',(0.866027216969499,0.,-0.499996859458202));
#4507=CARTESIAN_POINT('',(-2.8505857338409,3.,12.2926421288442));
#4508=VECTOR('',#4509,1.);
#4509=DIRECTION('',(-0.499999113821392,1.33572640255033E-16,-0.866025915419292));
#4510=CARTESIAN_POINT('',(-6.48479981659405,3.,8.17800283173299));
#4511=CARTESIAN_POINT('',(-9.23514756062168,3.,9.76592614473265));
#4512=CARTESIAN_POINT('',(-9.23514756062168,3.,9.76592614473265));
#4513=VECTOR('',#4514,1.);
#4514=DIRECTION('',(0.866024135404778,1.39833944575965E-16,-0.500002196891581));
#4515=CARTESIAN_POINT('',(-9.43514843937832,3.,9.41951649057074));
#4516=CARTESIAN_POINT('',(-9.43514843937832,3.,9.41951649057074));
#4517=VECTOR('',#4518,1.);
#4518=DIRECTION('',(0.500002196891583,0.,0.866024135404776));
#4519=CARTESIAN_POINT('',(-6.33839018340595,3.,7.6315918035704));
#4520=CARTESIAN_POINT('',(-6.33839018340595,3.,7.6315918035704));
#4521=VECTOR('',#4522,1.);
#4522=DIRECTION('',(-0.866024135404778,0.,0.500002196891581));
#4523=CARTESIAN_POINT('',(-3.79314882177517,3.,12.040078543009));
#4524=CARTESIAN_POINT('',(-3.79314882177517,3.,12.040078543009));
#4525=VECTOR('',#4526,1.);
#4526=DIRECTION('',(-0.500000052435652,8.72391245712237E-17,-0.866025373510699));
#4527=CARTESIAN_POINT('',(-6.88993015065513,3.,13.8280024853893));
#4528=CARTESIAN_POINT('',(-6.88993015065513,3.,13.8280024853893));
#4529=VECTOR('',#4530,1.);
#4530=DIRECTION('',(0.866025838687894,0.,-0.499999246724362));
#4531=CARTESIAN_POINT('',(-7.08992984934487,3.,13.4815921499141));
#4532=CARTESIAN_POINT('',(-7.08992984934487,3.,13.4815921499141));
#4533=VECTOR('',#4534,1.);
#4534=DIRECTION('',(0.499999246724363,0.,0.866025838687893));
#4535=CARTESIAN_POINT('',(-4.33955917822483,3.,11.8936680922944));
#4536=CARTESIAN_POINT('',(-4.33955917822483,3.,11.8936680922944));
#4537=VECTOR('',#4538,1.);
#4538=DIRECTION('',(-0.866025838687894,0.,0.499999246724363));
#4539=CARTESIAN_POINT('',(-5.31217678225451,3.,10.2090452213372));
#4540=CARTESIAN_POINT('',(-5.31217678225451,3.,10.2090452213372));
#4541=VECTOR('',#4542,1.);
#4542=DIRECTION('',(0.500000052435652,-2.2829591742035E-16,0.866025373510699));
#4543=CARTESIAN_POINT('',(-8.06253915065513,3.,11.7969644853893));
#4544=CARTESIAN_POINT('',(-8.06253915065513,3.,11.7969644853893));
#4545=VECTOR('',#4546,1.);
#4546=DIRECTION('',(0.866025838687894,1.39833476065298E-16,-0.499999246724362));
#4547=CARTESIAN_POINT('',(-8.26253884934487,3.,11.4505541499141));
#4548=CARTESIAN_POINT('',(-8.26253884934487,3.,11.4505541499141));
#4549=VECTOR('',#4550,1.);
#4550=DIRECTION('',(0.499999246724359,0.,0.866025838687896));
#4551=CARTESIAN_POINT('',(-5.51217680322886,3.,9.8626350719328));
#4552=CARTESIAN_POINT('',(-5.51217680322886,3.,9.8626350719328));
#4553=VECTOR('',#4554,1.);
#4554=DIRECTION('',(-0.866025838687894,0.,0.499999246724362));
#4555=CARTESIAN_POINT('',(-6.48479981659405,3.,8.17800283173299));
#4556=VECTOR('',#4557,1.);
#4557=DIRECTION('',(0.500000052435652,0.,0.866025373510699));
#4558=CARTESIAN_POINT('',(1.42512937333307,3.,13.3815932066576));
#4559=CARTESIAN_POINT('',(3.67037092529786,3.,9.49272130716457));
#4560=CARTESIAN_POINT('',(3.67037092529786,3.,9.49272130716457));
#4561=VECTOR('',#4562,1.);
#4562=DIRECTION('',(-0.500000052435652,0.,0.866025373510699));
#4563=CARTESIAN_POINT('',(4.01678107470214,3.,9.69272132813883));
#4564=CARTESIAN_POINT('',(4.01678107470214,3.,9.69272132813883));
#4565=VECTOR('',#4566,1.);
#4566=DIRECTION('',(-0.866025373510699,0.,-0.500000052435652));
#4567=CARTESIAN_POINT('',(1.57154062666693,3.,13.9280014286458));
#4568=CARTESIAN_POINT('',(1.57154062666693,3.,13.9280014286458));
#4569=VECTOR('',#4570,1.);
#4570=DIRECTION('',(0.500000052435652,9.08068686617529E-17,-0.866025373510699));
#4571=CARTESIAN_POINT('',(4.10766478662193E-16,3.,13.0206836834686));
#4572=CARTESIAN_POINT('',(4.31583160373915E-16,3.,13.0206836834686));
#4573=VECTOR('',#4574,1.);
#4574=DIRECTION('',(0.866028185764533,0.,0.499995181438173));
#4575=CARTESIAN_POINT('',(-1.57154062666693,3.,13.9280014286458));
#4576=CARTESIAN_POINT('',(-1.57154062666693,3.,13.9280014286458));
#4577=VECTOR('',#4578,1.);
#4578=DIRECTION('',(0.866028185764532,0.,-0.499995181438174));
#4579=CARTESIAN_POINT('',(-4.01678107470214,3.,9.69272132813883));
#4580=CARTESIAN_POINT('',(-4.01678107470214,3.,9.69272132813883));
#4581=VECTOR('',#4582,1.);
#4582=DIRECTION('',(0.500000052435652,-9.08068686617529E-17,0.866025373510699));
#4583=CARTESIAN_POINT('',(-3.67037092529786,3.,9.49272130716457));
#4584=CARTESIAN_POINT('',(-3.67037092529786,3.,9.49272130716457));
#4585=VECTOR('',#4586,1.);
#4586=DIRECTION('',(-0.866025373510698,0.,0.500000052435654));
#4587=CARTESIAN_POINT('',(-1.42512937333307,3.,13.3815932066576));
#4588=CARTESIAN_POINT('',(-1.42512937333307,3.,13.3815932066576));
#4589=VECTOR('',#4590,1.);
#4590=DIRECTION('',(-0.500000052435652,9.88956524596781E-17,-0.866025373510698));
#4591=CARTESIAN_POINT('',(4.95085885306773E-16,3.,12.5588049518348));
#4592=CARTESIAN_POINT('',(3.1578011693661E-16,3.,12.5588049518348));
#4593=VECTOR('',#4594,1.);
#4594=DIRECTION('',(-0.866028185764532,0.,0.499995181438174));
#4595=CARTESIAN_POINT('',(1.42512937333307,3.,13.3815932066576));
#4596=VECTOR('',#4597,1.);
#4597=DIRECTION('',(-0.866028185764533,0.,-0.499995181438173));
#4598=CARTESIAN_POINT('',(6.33839018340595,3.,7.63159180357041));
#4599=CARTESIAN_POINT('',(9.60835210203945,3.,9.51951625766702));
#4600=CARTESIAN_POINT('',(9.60835210203945,3.,9.51951625766702));
#4601=VECTOR('',#4602,1.);
#4602=DIRECTION('',(-0.866024135404777,1.17613594155773E-16,-0.500002196891582));
#4603=CARTESIAN_POINT('',(7.06313589278567,3.,13.9280026663594));
#4604=CARTESIAN_POINT('',(7.06313589278567,3.,13.9280026663594));
#4605=VECTOR('',#4606,1.);
#4606=DIRECTION('',(0.499996374761579,0.,-0.8660274968067));
#4607=CARTESIAN_POINT('',(3.79314882177517,3.,12.040078543009));
#4608=CARTESIAN_POINT('',(3.79314882177517,3.,12.040078543009));
#4609=VECTOR('',#4610,1.);
#4610=DIRECTION('',(0.866025838687894,0.,0.499999246724363));
#4611=CARTESIAN_POINT('',(6.33839018340595,3.,7.63159180357041));
#4612=VECTOR('',#4613,1.);
#4613=DIRECTION('',(-0.500000052435652,-8.72391245712238E-17,0.866025373510699));
#4614=CARTESIAN_POINT('',(-11.3,3.,25.));
#4615=AXIS2_PLACEMENT_3D('',#4616,#4617,#4618);
#4616=CARTESIAN_POINT('',(-8.49999999999999,3.,25.));
#4617=DIRECTION('',(0.,-1.,-6.12323399573677E-17));
#4618=DIRECTION('',(-1.,-7.49879891330928E-33,1.22464679914735E-16));
#4619=CARTESIAN_POINT('',(11.3,3.,25.));
#4620=AXIS2_PLACEMENT_3D('',#4621,#4622,#4623);
#4621=CARTESIAN_POINT('',(8.5,3.,25.));
#4622=DIRECTION('',(0.,1.,6.12323399573677E-17));
#4623=DIRECTION('',(1.,0.,0.));
#4624=CARTESIAN_POINT('',(-3.62291344747759E-16,3.,28.55));
#4625=AXIS2_PLACEMENT_3D('',#4626,#4627,#4628);
#4626=CARTESIAN_POINT('',(6.12323399573676E-15,3.,25.));
#4627=DIRECTION('',(0.,1.,6.12323399573677E-17));
#4628=DIRECTION('',(-1.,-7.49879891330929E-33,1.22464679914735E-16));
#4629=CARTESIAN_POINT('',(9.06194389796056,2.,9.66592637763638));
#4630=CARTESIAN_POINT('',(9.06194389796056,2.,9.66592637763638));
#4631=VECTOR('',#4632,1.);
#4632=DIRECTION('',(0.,1.,0.));
#4633=CARTESIAN_POINT('',(6.48479981659405,2.,8.17800283173299));
#4634=CARTESIAN_POINT('',(6.48479981659405,2.,8.17800283173299));
#4635=VECTOR('',#4636,1.);
#4636=DIRECTION('',(0.866024135404777,-7.4615924034613E-17,0.500002196891582));
#4637=CARTESIAN_POINT('',(6.48479981659405,2.,8.178002831733));
#4638=VECTOR('',#4639,1.);
#4639=DIRECTION('',(0.,1.,0.));
#4640=CARTESIAN_POINT('',(4.33955917822483,2.,11.8936680922944));
#4641=CARTESIAN_POINT('',(4.33955917822483,2.,11.8936680922944));
#4642=VECTOR('',#4643,1.);
#4643=DIRECTION('',(0.500000052435653,5.17528486640859E-17,-0.866025373510698));
#4644=CARTESIAN_POINT('',(4.33955917822483,2.,11.8936680922944));
#4645=VECTOR('',#4646,1.);
#4646=DIRECTION('',(0.,1.,0.));
#4647=CARTESIAN_POINT('',(6.91672410721433,2.,13.381591968944));
#4648=CARTESIAN_POINT('',(6.91672410721433,2.,13.381591968944));
#4649=VECTOR('',#4650,1.);
#4650=DIRECTION('',(-0.866025838687893,7.46154671915858E-17,-0.499999246724364));
#4651=CARTESIAN_POINT('',(6.91672410721433,2.,13.381591968944));
#4652=VECTOR('',#4653,1.);
#4653=DIRECTION('',(0.,1.,0.));
#4654=CARTESIAN_POINT('',(9.06194389796056,2.,9.66592637763638));
#4655=VECTOR('',#4656,1.);
#4656=DIRECTION('',(-0.499996374761579,-5.17529709434871E-17,0.8660274968067));
#4657=CARTESIAN_POINT('',(9.60835210203945,2.,9.51951625766702));
#4658=CARTESIAN_POINT('',(9.60835210203945,2.,9.51951625766702));
#4659=VECTOR('',#4660,1.);
#4660=DIRECTION('',(0.,1.,0.));
#4661=CARTESIAN_POINT('',(7.06313589278567,2.,13.9280026663594));
#4662=CARTESIAN_POINT('',(7.06313589278567,2.,13.9280026663594));
#4663=VECTOR('',#4664,1.);
#4664=DIRECTION('',(0.499996374761579,4.36196725033558E-17,-0.8660274968067));
#4665=CARTESIAN_POINT('',(7.06313589278567,2.,13.9280026663594));
#4666=VECTOR('',#4667,1.);
#4667=DIRECTION('',(0.,1.,0.));
#4668=CARTESIAN_POINT('',(3.79314882177517,2.,12.040078543009));
#4669=CARTESIAN_POINT('',(3.79314882177517,2.,12.040078543009));
#4670=VECTOR('',#4671,1.);
#4671=DIRECTION('',(0.866025838687894,-5.88064604019669E-17,0.499999246724363));
#4672=CARTESIAN_POINT('',(3.79314882177517,2.,12.040078543009));
#4673=VECTOR('',#4674,1.);
#4674=DIRECTION('',(0.,1.,0.));
#4675=CARTESIAN_POINT('',(6.33839018340595,2.,7.63159180357041));
#4676=CARTESIAN_POINT('',(6.33839018340595,2.,7.63159180357041));
#4677=VECTOR('',#4678,1.);
#4678=DIRECTION('',(-0.500000052435652,-4.36195622856119E-17,0.866025373510699));
#4679=CARTESIAN_POINT('',(6.33839018340595,2.,7.63159180357041));
#4680=VECTOR('',#4681,1.);
#4681=DIRECTION('',(0.,1.,0.));
#4682=CARTESIAN_POINT('',(9.60835210203945,2.,9.51951625766702));
#4683=VECTOR('',#4684,1.);
#4684=DIRECTION('',(-0.866024135404777,5.88067970778863E-17,-0.500002196891582));
#4685=CARTESIAN_POINT('',(-1.42512937333307,2.,13.3815932066576));
#4686=CARTESIAN_POINT('',(-1.42512937333307,2.,13.3815932066576));
#4687=VECTOR('',#4688,1.);
#4688=DIRECTION('',(2.22044604925031E-16,1.,0.));
#4689=CARTESIAN_POINT('',(4.95085885306773E-16,2.,12.5588049518348));
#4690=CARTESIAN_POINT('',(4.32635840171608E-16,2.,12.5588049518348));
#4691=VECTOR('',#4692,1.);
#4692=DIRECTION('',(-0.866028185764532,-1.34932933079814E-16,0.499995181438174));
#4693=CARTESIAN_POINT('',(4.38362525010835E-16,2.,12.5588049518348));
#4694=VECTOR('',#4695,1.);
#4695=DIRECTION('',(5.84278616174991E-17,1.,0.));
#4696=CARTESIAN_POINT('',(-3.67037092529786,2.,9.49272130716457));
#4697=CARTESIAN_POINT('',(-3.67037092529786,2.,9.49272130716457));
#4698=VECTOR('',#4699,1.);
#4699=DIRECTION('',(0.,1.,0.));
#4700=CARTESIAN_POINT('',(-1.42512937333307,2.,13.3815932066576));
#4701=VECTOR('',#4702,1.);
#4702=DIRECTION('',(-0.500000052435652,4.94478262298391E-17,-0.866025373510698));
#4703=CARTESIAN_POINT('',(-4.01678107470214,2.,9.69272132813883));
#4704=CARTESIAN_POINT('',(-4.01678107470214,2.,9.69272132813883));
#4705=VECTOR('',#4706,1.);
#4706=DIRECTION('',(0.,1.,0.));
#4707=CARTESIAN_POINT('',(-3.67037092529786,2.,9.49272130716457));
#4708=VECTOR('',#4709,1.);
#4709=DIRECTION('',(-0.866025373510698,0.,0.500000052435654));
#4710=CARTESIAN_POINT('',(-1.57154062666693,2.,13.9280014286458));
#4711=CARTESIAN_POINT('',(-1.57154062666693,2.,13.9280014286458));
#4712=VECTOR('',#4713,1.);
#4713=DIRECTION('',(0.,1.,0.));
#4714=CARTESIAN_POINT('',(-4.01678107470214,2.,9.69272132813883));
#4715=VECTOR('',#4716,1.);
#4716=DIRECTION('',(0.500000052435652,-4.54034343308765E-17,0.866025373510699));
#4717=CARTESIAN_POINT('',(4.10766478662193E-16,2.,13.0206836834686));
#4718=CARTESIAN_POINT('',(3.26813882649473E-16,2.,13.0206836834686));
#4719=VECTOR('',#4720,1.);
#4720=DIRECTION('',(0.,1.,0.));
#4721=CARTESIAN_POINT('',(-1.57154062666693,2.,13.9280014286458));
#4722=VECTOR('',#4723,1.);
#4723=DIRECTION('',(0.866028185764532,0.,-0.499995181438174));
#4724=CARTESIAN_POINT('',(1.57154062666693,2.,13.9280014286458));
#4725=CARTESIAN_POINT('',(1.57154062666693,2.,13.9280014286458));
#4726=VECTOR('',#4727,1.);
#4727=DIRECTION('',(0.,1.,0.));
#4728=CARTESIAN_POINT('',(4.31583160373915E-16,2.,13.0206836834686));
#4729=VECTOR('',#4730,1.);
#4730=DIRECTION('',(0.866028185764533,0.,0.499995181438173));
#4731=CARTESIAN_POINT('',(4.01678107470214,2.,9.69272132813883));
#4732=CARTESIAN_POINT('',(4.01678107470214,2.,9.69272132813883));
#4733=VECTOR('',#4734,1.);
#4734=DIRECTION('',(0.,1.,0.));
#4735=CARTESIAN_POINT('',(1.57154062666693,2.,13.9280014286458));
#4736=VECTOR('',#4737,1.);
#4737=DIRECTION('',(0.500000052435652,4.54034343308764E-17,-0.866025373510699));
#4738=CARTESIAN_POINT('',(3.67037092529786,2.,9.49272130716457));
#4739=CARTESIAN_POINT('',(3.67037092529786,2.,9.49272130716457));
#4740=VECTOR('',#4741,1.);
#4741=DIRECTION('',(0.,1.,0.));
#4742=CARTESIAN_POINT('',(4.01678107470214,2.,9.69272132813883));
#4743=VECTOR('',#4744,1.);
#4744=DIRECTION('',(-0.866025373510698,0.,-0.500000052435653));
#4745=CARTESIAN_POINT('',(1.42512937333307,2.,13.3815932066576));
#4746=CARTESIAN_POINT('',(1.42512937333307,2.,13.3815932066576));
#4747=VECTOR('',#4748,1.);
#4748=DIRECTION('',(-0.866028185764533,1.34932933079814E-16,-0.499995181438173));
#4749=CARTESIAN_POINT('',(1.42512937333307,2.,13.3815932066576));
#4750=VECTOR('',#4751,1.);
#4751=DIRECTION('',(0.,1.,0.));
#4752=CARTESIAN_POINT('',(3.67037092529786,2.,9.49272130716457));
#4753=VECTOR('',#4754,1.);
#4754=DIRECTION('',(-0.500000052435652,-4.9447826229839E-17,0.866025373510699));
#4755=CARTESIAN_POINT('',(-9.23514756062168,2.,9.76592614473265));
#4756=CARTESIAN_POINT('',(-9.23514756062168,2.,9.76592614473265));
#4757=VECTOR('',#4758,1.);
#4758=DIRECTION('',(0.,1.,0.));
#4759=CARTESIAN_POINT('',(-9.43514843937832,2.,9.41951649057074));
#4760=CARTESIAN_POINT('',(-9.43514843937832,2.,9.41951649057074));
#4761=VECTOR('',#4762,1.);
#4762=DIRECTION('',(0.500002196891583,0.,0.866024135404776));
#4763=CARTESIAN_POINT('',(-9.43514843937832,2.,9.41951649057074));
#4764=VECTOR('',#4765,1.);
#4765=DIRECTION('',(0.,1.,0.));
#4766=CARTESIAN_POINT('',(-6.33839018340595,2.,7.6315918035704));
#4767=CARTESIAN_POINT('',(-6.33839018340595,2.,7.6315918035704));
#4768=VECTOR('',#4769,1.);
#4769=DIRECTION('',(-0.866024135404778,-6.20958987129964E-17,0.500002196891581));
#4770=CARTESIAN_POINT('',(-6.33839018340595,2.,7.6315918035704));
#4771=VECTOR('',#4772,1.);
#4772=DIRECTION('',(0.,1.,0.));
#4773=CARTESIAN_POINT('',(-3.79314882177517,2.,12.040078543009));
#4774=CARTESIAN_POINT('',(-3.79314882177517,2.,12.040078543009));
#4775=VECTOR('',#4776,1.);
#4776=DIRECTION('',(-0.500000052435652,4.36195622856119E-17,-0.866025373510699));
#4777=CARTESIAN_POINT('',(-3.79314882177517,2.,12.040078543009));
#4778=VECTOR('',#4779,1.);
#4779=DIRECTION('',(0.,1.,0.));
#4780=CARTESIAN_POINT('',(-6.88993015065513,2.,13.8280024853893));
#4781=CARTESIAN_POINT('',(-6.88993015065513,2.,13.8280024853893));
#4782=VECTOR('',#4783,1.);
#4783=DIRECTION('',(0.866025838687894,6.20955581890802E-17,-0.499999246724362));
#4784=CARTESIAN_POINT('',(-6.88993015065513,2.,13.8280024853893));
#4785=VECTOR('',#4786,1.);
#4786=DIRECTION('',(0.,1.,0.));
#4787=CARTESIAN_POINT('',(-7.08992984934487,2.,13.4815921499141));
#4788=CARTESIAN_POINT('',(-7.08992984934487,2.,13.4815921499141));
#4789=VECTOR('',#4790,1.);
#4790=DIRECTION('',(0.499999246724363,0.,0.866025838687893));
#4791=CARTESIAN_POINT('',(-7.08992984934487,2.,13.4815921499141));
#4792=VECTOR('',#4793,1.);
#4793=DIRECTION('',(0.,1.,0.));
#4794=CARTESIAN_POINT('',(-4.33955917822483,2.,11.8936680922944));
#4795=CARTESIAN_POINT('',(-4.33955917822483,2.,11.8936680922944));
#4796=VECTOR('',#4797,1.);
#4797=DIRECTION('',(-0.866025838687894,-6.99165269705311E-17,0.499999246724363));
#4798=CARTESIAN_POINT('',(-4.33955917822483,2.,11.8936680922944));
#4799=VECTOR('',#4800,1.);
#4800=DIRECTION('',(0.,1.,0.));
#4801=CARTESIAN_POINT('',(-5.31217678225451,2.,10.2090452213372));
#4802=CARTESIAN_POINT('',(-5.31217678225451,2.,10.2090452213372));
#4803=VECTOR('',#4804,1.);
#4804=DIRECTION('',(0.500000052435653,0.,0.866025373510698));
#4805=CARTESIAN_POINT('',(-5.31217678225451,2.,10.2090452213372));
#4806=VECTOR('',#4807,1.);
#4807=DIRECTION('',(0.,1.,0.));
#4808=CARTESIAN_POINT('',(-8.06253915065513,2.,11.7969644853893));
#4809=CARTESIAN_POINT('',(-8.06253915065513,2.,11.7969644853893));
#4810=VECTOR('',#4811,1.);
#4811=DIRECTION('',(0.866025838687894,0.,-0.499999246724362));
#4812=CARTESIAN_POINT('',(-8.06253915065513,2.,11.7969644853893));
#4813=VECTOR('',#4814,1.);
#4814=DIRECTION('',(0.,1.,0.));
#4815=CARTESIAN_POINT('',(-8.26253884934487,2.,11.4505541499141));
#4816=CARTESIAN_POINT('',(-8.26253884934487,2.,11.4505541499141));
#4817=VECTOR('',#4818,1.);
#4818=DIRECTION('',(0.499999246724357,0.,0.866025838687897));
#4819=CARTESIAN_POINT('',(-8.26253884934487,2.,11.4505541499141));
#4820=VECTOR('',#4821,1.);
#4821=DIRECTION('',(0.,1.,1.77635683940025E-15));
#4822=CARTESIAN_POINT('',(-5.51217680322886,2.,9.8626350719328));
#4823=CARTESIAN_POINT('',(-5.51217680322886,2.,9.8626350719328));
#4824=VECTOR('',#4825,1.);
#4825=DIRECTION('',(-0.866025838687895,0.,0.499999246724362));
#4826=CARTESIAN_POINT('',(-5.51217680322886,3.,9.8626350719328));
#4827=VECTOR('',#4828,1.);
#4828=DIRECTION('',(0.,-1.,0.));
#4829=CARTESIAN_POINT('',(-6.48479981659405,2.,8.17800283173299));
#4830=CARTESIAN_POINT('',(-6.48479981659405,2.,8.17800283173299));
#4831=VECTOR('',#4832,1.);
#4832=DIRECTION('',(0.500000052435652,0.,0.866025373510699));
#4833=CARTESIAN_POINT('',(-6.48479981659405,2.,8.17800283173299));
#4834=VECTOR('',#4835,1.);
#4835=DIRECTION('',(0.,1.,0.));
#4836=CARTESIAN_POINT('',(-9.23514756062168,2.,9.76592614473265));
#4837=VECTOR('',#4838,1.);
#4838=DIRECTION('',(0.866024135404778,6.99169722879826E-17,-0.500002196891581));
#4839=CARTESIAN_POINT('',(-2.20000062810836,2.,8.0780027610456));
#4840=CARTESIAN_POINT('',(-2.20000062810836,2.,8.0780027610456));
#4841=VECTOR('',#4842,1.);
#4842=DIRECTION('',(0.,1.,0.));
#4843=CARTESIAN_POINT('',(-4.5129337338409,2.,9.41336412884417));
#4844=CARTESIAN_POINT('',(-4.5129337338409,2.,9.41336412884417));
#4845=VECTOR('',#4846,1.);
#4846=DIRECTION('',(0.866027216969498,8.31397461386648E-17,-0.499996859458202));
#4847=CARTESIAN_POINT('',(-4.5129337338409,2.,9.41336412884417));
#4848=VECTOR('',#4849,1.);
#4849=DIRECTION('',(0.,1.,0.));
#4850=CARTESIAN_POINT('',(-2.39999937189164,2.,7.7315918742578));
#4851=CARTESIAN_POINT('',(-2.39999937189164,2.,7.7315918742578));
#4852=VECTOR('',#4853,1.);
#4853=DIRECTION('',(0.,1.,0.));
#4854=CARTESIAN_POINT('',(-2.20000062810836,2.,8.0780027610456));
#4855=VECTOR('',#4856,1.);
#4856=DIRECTION('',(-0.499996859458202,0.,-0.866027216969499));
#4857=CARTESIAN_POINT('',(-5.0593442661591,2.,9.26695250645923));
#4858=CARTESIAN_POINT('',(-5.0593442661591,2.,9.26695250645923));
#4859=VECTOR('',#4860,1.);
#4860=DIRECTION('',(0.,1.,0.));
#4861=CARTESIAN_POINT('',(-2.39999937189164,2.,7.7315918742578));
#4862=VECTOR('',#4863,1.);
#4863=DIRECTION('',(-0.866027216969498,-7.23097901520164E-17,0.499996859458203));
#4864=CARTESIAN_POINT('',(-3.3969962661591,2.,12.1462305064592));
#4865=CARTESIAN_POINT('',(-3.3969962661591,2.,12.1462305064592));
#4866=VECTOR('',#4867,1.);
#4867=DIRECTION('',(0.,1.,0.));
#4868=CARTESIAN_POINT('',(-5.0593442661591,2.,9.26695250645923));
#4869=VECTOR('',#4870,1.);
#4870=DIRECTION('',(0.499999113821392,0.,0.866025915419292));
#4871=CARTESIAN_POINT('',(-5.70992937189164,2.,13.4815918742578));
#4872=CARTESIAN_POINT('',(-5.70992937189164,2.,13.4815918742578));
#4873=VECTOR('',#4874,1.);
#4874=DIRECTION('',(0.,1.,0.));
#4875=CARTESIAN_POINT('',(-3.3969962661591,2.,12.1462305064592));
#4876=VECTOR('',#4877,1.);
#4877=DIRECTION('',(-0.866027216969498,-8.31397461386648E-17,0.499996859458203));
#4878=CARTESIAN_POINT('',(-5.50993062810836,2.,13.8280027610456));
#4879=CARTESIAN_POINT('',(-5.50993062810836,2.,13.8280027610456));
#4880=VECTOR('',#4881,1.);
#4881=DIRECTION('',(0.,1.,0.));
#4882=CARTESIAN_POINT('',(-5.70992937189164,2.,13.4815918742578));
#4883=VECTOR('',#4884,1.);
#4884=DIRECTION('',(0.499996859458201,0.,0.866027216969499));
#4885=CARTESIAN_POINT('',(-2.8505857338409,2.,12.2926421288442));
#4886=CARTESIAN_POINT('',(-2.8505857338409,2.,12.2926421288442));
#4887=VECTOR('',#4888,1.);
#4888=DIRECTION('',(-0.499999113821392,0.,-0.866025915419292));
#4889=CARTESIAN_POINT('',(-2.8505857338409,2.,12.2926421288442));
#4890=VECTOR('',#4891,1.);
#4891=DIRECTION('',(0.,1.,0.));
#4892=CARTESIAN_POINT('',(-5.50993062810836,2.,13.8280027610456));
#4893=VECTOR('',#4894,1.);
#4894=DIRECTION('',(0.866027216969498,7.23097901520164E-17,-0.499996859458202));
#4895=CARTESIAN_POINT('',(2.39999937189164,2.,7.7315918742578));
#4896=CARTESIAN_POINT('',(2.39999937189164,2.,7.7315918742578));
#4897=VECTOR('',#4898,1.);
#4898=DIRECTION('',(4.44089209850063E-16,1.,8.88178419700125E-16));
#4899=CARTESIAN_POINT('',(5.0593442661591,2.,9.26695250645923));
#4900=CARTESIAN_POINT('',(5.0593442661591,2.,9.26695250645923));
#4901=VECTOR('',#4902,1.);
#4902=DIRECTION('',(-0.866027216969498,7.23097901520164E-17,-0.499996859458203));
#4903=CARTESIAN_POINT('',(5.0593442661591,2.,9.26695250645923));
#4904=VECTOR('',#4905,1.);
#4905=DIRECTION('',(0.,1.,0.));
#4906=CARTESIAN_POINT('',(2.20000062810836,2.,8.0780027610456));
#4907=CARTESIAN_POINT('',(2.20000062810836,2.,8.0780027610456));
#4908=VECTOR('',#4909,1.);
#4909=DIRECTION('',(4.44089209850063E-16,1.,0.));
#4910=CARTESIAN_POINT('',(2.39999937189164,2.,7.7315918742578));
#4911=VECTOR('',#4912,1.);
#4912=DIRECTION('',(-0.499996859458202,0.,0.866027216969499));
#4913=CARTESIAN_POINT('',(4.5129337338409,2.,9.41336412884417));
#4914=CARTESIAN_POINT('',(4.5129337338409,2.,9.41336412884417));
#4915=VECTOR('',#4916,1.);
#4916=DIRECTION('',(0.,1.,0.));
#4917=CARTESIAN_POINT('',(2.20000062810836,2.,8.0780027610456));
#4918=VECTOR('',#4919,1.);
#4919=DIRECTION('',(0.866027216969499,-8.31397461386648E-17,0.499996859458202));
#4920=CARTESIAN_POINT('',(2.8505857338409,2.,12.2926421288442));
#4921=CARTESIAN_POINT('',(2.8505857338409,2.,12.2926421288442));
#4922=VECTOR('',#4923,1.);
#4923=DIRECTION('',(0.,1.,0.));
#4924=CARTESIAN_POINT('',(4.5129337338409,2.,9.41336412884417));
#4925=VECTOR('',#4926,1.);
#4926=DIRECTION('',(-0.499999113821392,0.,0.866025915419292));
#4927=CARTESIAN_POINT('',(5.50993062810836,2.,13.8280027610456));
#4928=CARTESIAN_POINT('',(5.50993062810836,2.,13.8280027610456));
#4929=VECTOR('',#4930,1.);
#4930=DIRECTION('',(0.,1.,0.));
#4931=CARTESIAN_POINT('',(2.8505857338409,2.,12.2926421288442));
#4932=VECTOR('',#4933,1.);
#4933=DIRECTION('',(0.866027216969498,-7.23097901520165E-17,0.499996859458203));
#4934=CARTESIAN_POINT('',(5.70992937189164,2.,13.4815918742578));
#4935=CARTESIAN_POINT('',(5.70992937189164,2.,13.4815918742578));
#4936=VECTOR('',#4937,1.);
#4937=DIRECTION('',(0.,1.,0.));
#4938=CARTESIAN_POINT('',(5.50993062810836,2.,13.8280027610456));
#4939=VECTOR('',#4940,1.);
#4940=DIRECTION('',(0.499996859458201,0.,-0.866027216969499));
#4941=CARTESIAN_POINT('',(3.3969962661591,2.,12.1462305064592));
#4942=CARTESIAN_POINT('',(3.3969962661591,2.,12.1462305064592));
#4943=VECTOR('',#4944,1.);
#4944=DIRECTION('',(0.499999113821392,0.,-0.866025915419292));
#4945=CARTESIAN_POINT('',(3.3969962661591,2.,12.1462305064592));
#4946=VECTOR('',#4947,1.);
#4947=DIRECTION('',(0.,1.,0.));
#4948=CARTESIAN_POINT('',(5.70992937189164,2.,13.4815918742578));
#4949=VECTOR('',#4950,1.);
#4950=DIRECTION('',(-0.866027216969498,8.31397461386648E-17,-0.499996859458203));
#4951=CARTESIAN_POINT('',(-1.799397,2.,12.0997443176517));
#4952=CARTESIAN_POINT('',(-1.799397,2.,12.0997443176517));
#4953=VECTOR('',#4954,1.);
#4954=DIRECTION('',(0.,1.,0.));
#4955=CARTESIAN_POINT('',(-1.799397,2.,7.7047973176517));
#4956=CARTESIAN_POINT('',(-1.799397,2.,7.7047973176517));
#4957=VECTOR('',#4958,1.);
#4958=DIRECTION('',(-1.01045407339397E-16,-5.05227036696987E-17,1.));
#4959=CARTESIAN_POINT('',(-1.799397,2.,7.7047973176517));
#4960=VECTOR('',#4961,1.);
#4961=DIRECTION('',(0.,1.,0.));
#4962=CARTESIAN_POINT('',(-1.399397,2.,12.0997443176517));
#4963=CARTESIAN_POINT('',(-1.399397,2.,12.0997443176517));
#4964=VECTOR('',#4965,1.);
#4965=DIRECTION('',(0.,1.,0.));
#4966=CARTESIAN_POINT('',(-1.799397,2.,12.0997443176517));
#4967=VECTOR('',#4968,1.);
#4968=DIRECTION('',(1.,0.,0.));
#4969=CARTESIAN_POINT('',(-1.399397,2.,8.1047973176517));
#4970=CARTESIAN_POINT('',(-1.399397,2.,8.1047973176517));
#4971=VECTOR('',#4972,1.);
#4972=DIRECTION('',(0.,1.,0.));
#4973=CARTESIAN_POINT('',(-1.399397,2.,12.0997443176517));
#4974=VECTOR('',#4975,1.);
#4975=DIRECTION('',(1.6674409316947E-16,5.55813643898233E-17,-1.));
#4976=CARTESIAN_POINT('',(1.399397,2.,8.1047973176517));
#4977=CARTESIAN_POINT('',(1.399397,2.,8.1047973176517));
#4978=VECTOR('',#4979,1.);
#4979=DIRECTION('',(0.,1.,0.));
#4980=CARTESIAN_POINT('',(-1.399397,2.,8.1047973176517));
#4981=VECTOR('',#4982,1.);
#4982=DIRECTION('',(1.,0.,0.));
#4983=CARTESIAN_POINT('',(1.399397,2.,12.0997443176517));
#4984=CARTESIAN_POINT('',(1.399397,2.,12.0997443176517));
#4985=VECTOR('',#4986,1.);
#4986=DIRECTION('',(0.,1.,0.));
#4987=CARTESIAN_POINT('',(1.399397,2.,8.1047973176517));
#4988=VECTOR('',#4989,1.);
#4989=DIRECTION('',(-1.6674409316947E-16,-5.55813643898233E-17,1.));
#4990=CARTESIAN_POINT('',(1.799397,2.,12.0997443176517));
#4991=CARTESIAN_POINT('',(1.799397,2.,12.0997443176517));
#4992=VECTOR('',#4993,1.);
#4993=DIRECTION('',(0.,1.,0.));
#4994=CARTESIAN_POINT('',(1.399397,2.,12.0997443176517));
#4995=VECTOR('',#4996,1.);
#4996=DIRECTION('',(1.,0.,0.));
#4997=CARTESIAN_POINT('',(1.799397,2.,7.7047973176517));
#4998=CARTESIAN_POINT('',(1.799397,2.,7.7047973176517));
#4999=VECTOR('',#5000,1.);
#5000=DIRECTION('',(-1.,0.,0.));
#5001=CARTESIAN_POINT('',(1.799397,2.,7.7047973176517));
#5002=VECTOR('',#5003,1.);
#5003=DIRECTION('',(0.,1.,0.));
#5004=CARTESIAN_POINT('',(1.799397,2.,12.0997443176517));
#5005=VECTOR('',#5006,1.);
#5006=DIRECTION('',(1.51568111009096E-16,5.05227036696987E-17,-1.));
#5007=CARTESIAN_POINT('',(-13.9300001506551,2.,9.76592648538928));
#5008=CARTESIAN_POINT('',(-13.9300001506551,2.,9.76592648538928));
#5009=VECTOR('',#5010,1.);
#5010=DIRECTION('',(0.,1.,0.));
#5011=CARTESIAN_POINT('',(-14.1299998493449,2.,9.41951614991412));
#5012=CARTESIAN_POINT('',(-14.1299998493449,2.,9.41951614991412));
#5013=VECTOR('',#5014,1.);
#5014=DIRECTION('',(0.499999246724359,0.,0.866025838687896));
#5015=CARTESIAN_POINT('',(-14.1299998493449,2.,9.41951614991412));
#5016=VECTOR('',#5017,1.);
#5017=DIRECTION('',(0.,1.,0.));
#5018=CARTESIAN_POINT('',(-11.1796294625144,2.,8.17800241794269));
#5019=CARTESIAN_POINT('',(-11.1796294625144,2.,8.17800241794269));
#5020=VECTOR('',#5021,1.);
#5021=DIRECTION('',(0.,1.,0.));
#5022=CARTESIAN_POINT('',(-13.9300001506551,2.,9.76592648538928));
#5023=VECTOR('',#5024,1.);
#5024=DIRECTION('',(0.866025838687894,6.99165265378527E-17,-0.499999246724363));
#5025=CARTESIAN_POINT('',(-7.95987825094603,2.,13.7547970228749));
#5026=CARTESIAN_POINT('',(-7.95987825094603,2.,13.7547970228749));
#5027=VECTOR('',#5028,1.);
#5028=DIRECTION('',(0.,1.,0.));
#5029=CARTESIAN_POINT('',(-11.1796294625144,2.,8.17800241794269));
#5030=VECTOR('',#5031,1.);
#5031=DIRECTION('',(0.499998526115931,-6.8963076895888E-17,0.86602625473013));
#5032=CARTESIAN_POINT('',(-7.61346774905397,2.,13.5547976124285));
#5033=CARTESIAN_POINT('',(-7.61346774905397,2.,13.5547976124285));
#5034=VECTOR('',#5035,1.);
#5035=DIRECTION('',(0.,1.,0.));
#5036=CARTESIAN_POINT('',(-7.95987825094603,2.,13.7547970228749));
#5037=VECTOR('',#5038,1.);
#5038=DIRECTION('',(0.866026254730129,0.,-0.499998526115934));
#5039=CARTESIAN_POINT('',(-11.0332185374856,2.,7.6315922173607));
#5040=CARTESIAN_POINT('',(-11.0332185374856,2.,7.6315922173607));
#5041=VECTOR('',#5042,1.);
#5042=DIRECTION('',(-0.866025838687894,-6.20955585303725E-17,0.499999246724362));
#5043=CARTESIAN_POINT('',(-11.0332185374856,2.,7.6315922173607));
#5044=VECTOR('',#5045,1.);
#5045=DIRECTION('',(0.,1.,0.));
#5046=CARTESIAN_POINT('',(-7.61346774905397,2.,13.5547976124285));
#5047=VECTOR('',#5048,1.);
#5048=DIRECTION('',(-0.499998526115931,6.49298630590726E-17,-0.86602625473013));
#5049=CARTESIAN_POINT('',(13.8567948883559,2.,7.80479737114997));
#5050=CARTESIAN_POINT('',(13.8567948883559,2.,7.80479737114997));
#5051=VECTOR('',#5052,1.);
#5052=DIRECTION('',(0.,1.,0.));
#5053=CARTESIAN_POINT('',(14.2032051116441,2.,8.00479726415343));
#5054=CARTESIAN_POINT('',(14.2032051116441,2.,8.00479726415343));
#5055=VECTOR('',#5056,1.);
#5056=DIRECTION('',(-0.866025558220586,0.,-0.499999732508651));
#5057=CARTESIAN_POINT('',(14.2032051116441,2.,8.00479726415343));
#5058=VECTOR('',#5059,1.);
#5059=DIRECTION('',(0.,1.,0.));
#5060=CARTESIAN_POINT('',(11.9053522410619,2.,11.1847975953082));
#5061=CARTESIAN_POINT('',(11.9053522410619,3.,11.1847975953082));
#5062=VECTOR('',#5063,1.);
#5063=DIRECTION('',(0.,-1.,0.));
#5064=CARTESIAN_POINT('',(13.8567948883559,2.,7.80479737114997));
#5065=VECTOR('',#5066,1.);
#5066=DIRECTION('',(-0.49999973250865,-5.68923935435425E-17,0.866025558220587));
#5067=CARTESIAN_POINT('',(9.95390910094611,2.,7.80479735262047));
#5068=CARTESIAN_POINT('',(9.95390910094611,2.,7.80479735262047));
#5069=VECTOR('',#5070,1.);
#5070=DIRECTION('',(0.,1.,0.));
#5071=CARTESIAN_POINT('',(11.9053522410619,2.,11.1847975953082));
#5072=VECTOR('',#5073,1.);
#5073=DIRECTION('',(-0.499999825156179,5.68923897176955E-17,-0.866025504730542));
#5074=CARTESIAN_POINT('',(9.60749889905389,2.,8.00479728268294));
#5075=CARTESIAN_POINT('',(9.60749889905389,2.,8.00479728268294));
#5076=VECTOR('',#5077,1.);
#5077=DIRECTION('',(0.,1.,0.));
#5078=CARTESIAN_POINT('',(9.95390910094611,2.,7.80479735262047));
#5079=VECTOR('',#5080,1.);
#5080=DIRECTION('',(-0.866025504730542,0.,0.49999982515618));
#5081=CARTESIAN_POINT('',(12.420003881624,2.,13.8280023300641));
#5082=CARTESIAN_POINT('',(12.420003881624,2.,13.8280023300641));
#5083=VECTOR('',#5084,1.);
#5084=DIRECTION('',(0.,1.,0.));
#5085=CARTESIAN_POINT('',(8.69679496654161,2.,11.6784032678817));
#5086=CARTESIAN_POINT('',(8.69679496654161,2.,11.6784032678817));
#5087=VECTOR('',#5088,1.);
#5088=DIRECTION('',(0.866025062061966,-5.16479727961952E-17,0.500000591880218));
#5089=CARTESIAN_POINT('',(8.69679496654161,2.,11.6784032678817));
#5090=VECTOR('',#5091,1.);
#5091=DIRECTION('',(0.,1.,0.));
#5092=CARTESIAN_POINT('',(12.620004118376,2.,13.4815923052393));
#5093=CARTESIAN_POINT('',(12.620004118376,2.,13.4815923052393));
#5094=VECTOR('',#5095,1.);
#5095=DIRECTION('',(0.,1.,0.));
#5096=CARTESIAN_POINT('',(12.420003881624,2.,13.8280023300641));
#5097=VECTOR('',#5098,1.);
#5098=DIRECTION('',(0.500000591880217,0.,-0.866025062061967));
#5099=CARTESIAN_POINT('',(11.0894749677588,2.,12.5979394934182));
#5100=CARTESIAN_POINT('',(11.0894749677588,2.,12.5979394934182));
#5101=VECTOR('',#5102,1.);
#5102=DIRECTION('',(0.,1.,0.));
#5103=CARTESIAN_POINT('',(11.674412188833,2.,11.5847977845953));
#5104=CARTESIAN_POINT('',(11.674412188833,2.,11.5847977845953));
#5105=VECTOR('',#5106,1.);
#5106=DIRECTION('',(-0.499999732508651,0.,0.866025558220586));
#5107=CARTESIAN_POINT('',(11.674412188833,2.,11.5847977845953));
#5108=VECTOR('',#5109,1.);
#5109=DIRECTION('',(0.,1.,0.));
#5110=CARTESIAN_POINT('',(10.2126257066337,2.,9.05290814711495));
#5111=CARTESIAN_POINT('',(10.2126257066337,2.,9.05290814711495));
#5112=VECTOR('',#5113,1.);
#5113=DIRECTION('',(0.,1.,0.));
#5114=CARTESIAN_POINT('',(9.60749889905389,2.,8.00479728268294));
#5115=VECTOR('',#5116,1.);
#5116=DIRECTION('',(0.499999825156179,0.,0.866025504730543));
#5117=CARTESIAN_POINT('',(10.4435657442704,2.,9.4529082123037));
#5118=CARTESIAN_POINT('',(10.4435657442704,2.,9.4529082123037));
#5119=VECTOR('',#5120,1.);
#5120=DIRECTION('',(0.499999825156179,-9.01999304054906E-17,0.866025504730542));
#5121=CARTESIAN_POINT('',(10.4435657442704,3.,9.4529082123037));
#5122=VECTOR('',#5123,1.);
#5123=DIRECTION('',(0.,-1.,0.));
#5124=CARTESIAN_POINT('',(11.4358849925837,2.,12.7979397301704));
#5125=CARTESIAN_POINT('',(11.4358849925837,2.,12.7979397301704));
#5126=VECTOR('',#5127,1.);
#5127=DIRECTION('',(0.49999973250865,8.02380919379867E-17,-0.866025558220587));
#5128=CARTESIAN_POINT('',(11.4358849925837,3.,12.7979397301704));
#5129=VECTOR('',#5130,1.);
#5130=DIRECTION('',(0.,-1.,0.));
#5131=CARTESIAN_POINT('',(12.620004118376,2.,13.4815923052393));
#5132=VECTOR('',#5133,1.);
#5133=DIRECTION('',(-0.866025062061966,0.,-0.500000591880218));
#5134=CARTESIAN_POINT('',(9.24320503345839,2.,11.5319933674217));
#5135=CARTESIAN_POINT('',(9.24320503345839,2.,11.5319933674217));
#5136=VECTOR('',#5137,1.);
#5137=DIRECTION('',(0.,1.,0.));
#5138=CARTESIAN_POINT('',(11.0894749677588,2.,12.5979394934182));
#5139=VECTOR('',#5140,1.);
#5140=DIRECTION('',(-0.866025062061966,1.04153888436468E-16,-0.500000591880218));
#5141=CARTESIAN_POINT('',(9.24320503345839,2.,11.5319933674217));
#5142=VECTOR('',#5143,1.);
#5143=DIRECTION('',(0.500000105229793,0.,-0.866025343029981));
#5144=CARTESIAN_POINT('',(10.2126257066337,2.,9.05290814711495));
#5145=VECTOR('',#5146,1.);
#5146=DIRECTION('',(-0.500000105229793,-7.32419015473171E-17,0.866025343029981));
#5147=CARTESIAN_POINT('',(16.999999999991,2.,3.));
#5148=CARTESIAN_POINT('',(15.9999999999677,0.999999999976708,4.));
#5149=CARTESIAN_POINT('',(15.999999999991,0.999999999999993,4.));
#5150=VECTOR('',#5151,1.);
#5151=DIRECTION('',(0.577350269189623,0.577350269189627,-0.577350269189628));
#5152=CARTESIAN_POINT('',(26.999999999991,2.,3.));
#5153=CARTESIAN_POINT('',(16.999999999991,2.,3.));
#5154=VECTOR('',#5155,1.);
#5155=DIRECTION('',(1.,2.22044604925031E-17,1.77635683940025E-16));
#5156=CARTESIAN_POINT('',(26.999999999991,2.,3.));
#5157=VECTOR('',#5158,1.);
#5158=DIRECTION('',(0.577350269189627,0.577350269189624,-0.577350269189626));
#5159=CARTESIAN_POINT('',(15.999999999991,0.999999999999992,4.));
#5160=VECTOR('',#5161,1.);
#5161=DIRECTION('',(0.,0.707106781186548,-0.707106781186547));
#5162=CARTESIAN_POINT('',(27.999999999991,-32.,1.99999999999999));
#5163=CARTESIAN_POINT('',(27.999999999991,-32.,1.99999999999999));
#5164=VECTOR('',#5165,1.);
#5165=DIRECTION('',(0.,1.,1.45915026093592E-16));
#5166=CARTESIAN_POINT('',(27.999999999991,-32.,-2.55073046521442E-15));
#5167=CARTESIAN_POINT('',(27.999999999991,-32.,1.99999999999999));
#5168=VECTOR('',#5169,1.);
#5169=DIRECTION('',(-1.77635683940025E-15,0.,-1.));
#5170=CARTESIAN_POINT('',(27.999999999991,-32.,-2.69917188177516E-15));
#5171=VECTOR('',#5172,1.);
#5172=DIRECTION('',(0.,1.,6.75764715266543E-17));
#5173=CARTESIAN_POINT('',(13.3667412419591,-32.,-2.24170970375405E-15));
#5174=CARTESIAN_POINT('',(0.,-15.713933470056,-9.12852585235393E-16));
#5175=CARTESIAN_POINT('',(0.,-15.713933470056,-9.62200916305927E-16));
#5176=CARTESIAN_POINT('',(6.19181642115299,-14.9373254411896,-1.04540430813784E-15));
#5177=CARTESIAN_POINT('',(7.00418367723067,-32.,-2.10734712491913E-15));
#5178=CARTESIAN_POINT('',(13.3667412419591,-32.,-2.24170970375405E-15));
#5179=CARTESIAN_POINT('',(-13.3667412419591,-32.,-6.04756016054435E-16));
#5180=CARTESIAN_POINT('',(0.,-15.713933470056,-9.62200916305927E-16));
#5181=CARTESIAN_POINT('',(-6.19181642115299,-14.9373254411896,-7.83890470799681E-16));
#5182=CARTESIAN_POINT('',(-7.00418367723067,-32.,-1.81152263235241E-15));
#5183=CARTESIAN_POINT('',(-13.3667412419591,-32.,-1.67716005351749E-15));
#5184=CARTESIAN_POINT('',(-27.999999999991,-32.,8.78280572397061E-16));
#5185=CARTESIAN_POINT('',(-27.999999999991,-32.,-2.44929359830024E-16));
#5186=VECTOR('',#5187,1.);
#5187=DIRECTION('',(1.,0.,-6.12323399573677E-17));
#5188=CARTESIAN_POINT('',(-27.999999999991,-32.,-3.3151945579625E-16));
#5189=VECTOR('',#5190,1.);
#5190=DIRECTION('',(0.,1.,6.75764715266543E-17));
#5191=CARTESIAN_POINT('',(27.999999999991,-32.,-2.55073046521442E-15));
#5192=VECTOR('',#5193,1.);
#5193=DIRECTION('',(-1.,0.,2.11176995206731E-17));
#5194=CARTESIAN_POINT('',(21.999999999991,-1.95,-2.80516350888757E-15));
#5195=AXIS2_PLACEMENT_3D('',#5196,#5197,#5198);
#5196=CARTESIAN_POINT('',(21.999999999991,-4.5,-7.40134919262772E-16));
#5197=DIRECTION('',(2.11176995206731E-17,-6.12323399573677E-17,1.));
#5198=DIRECTION('',(6.12323399573677E-17,1.,6.12323399573677E-17));
#5199=CARTESIAN_POINT('',(21.999999999991,-21.95,-5.76575824122132E-15));
#5200=AXIS2_PLACEMENT_3D('',#5201,#5202,#5203);
#5201=CARTESIAN_POINT('',(21.999999999991,-24.5,-1.96478171841013E-15));
#5202=DIRECTION('',(2.11176995206731E-17,-6.12323399573677E-17,1.));
#5203=DIRECTION('',(6.12323399573677E-17,1.,6.12323399573677E-17));
#5204=CARTESIAN_POINT('',(-21.999999999991,-1.95,-1.10940550764495E-16));
#5205=AXIS2_PLACEMENT_3D('',#5206,#5207,#5208);
#5206=CARTESIAN_POINT('',(-21.999999999991,-4.5,1.89043859646463E-16));
#5207=DIRECTION('',(-2.11176995206731E-17,6.12323399573677E-17,-1.));
#5208=DIRECTION('',(-6.12323399573676E-17,1.,6.12323399573677E-17));
#5209=CARTESIAN_POINT('',(-21.999999999991,-21.95,-3.07153528309825E-15));
#5210=AXIS2_PLACEMENT_3D('',#5211,#5212,#5213);
#5211=CARTESIAN_POINT('',(-21.999999999991,-24.5,-1.03560293950089E-15));
#5212=DIRECTION('',(-2.11176995206731E-17,6.12323399573677E-17,-1.));
#5213=DIRECTION('',(-6.12323399573676E-17,1.,6.12323399573677E-17));
#5214=CARTESIAN_POINT('',(-27.999999999991,-32.,2.));
#5215=CARTESIAN_POINT('',(-27.999999999991,-32.,2.));
#5216=VECTOR('',#5217,1.);
#5217=DIRECTION('',(1.77635683940025E-15,0.,-1.));
#5218=CARTESIAN_POINT('',(-27.999999999991,-32.,2.));
#5219=VECTOR('',#5220,1.);
#5220=DIRECTION('',(0.,1.,1.52259157662879E-16));
#5221=CARTESIAN_POINT('',(-15.9999999999677,0.999999999976708,4.));
#5222=CARTESIAN_POINT('',(-15.999999999991,0.999999999999992,4.00000000000001));
#5223=VECTOR('',#5224,1.);
#5224=DIRECTION('',(0.,0.707106781186548,-0.707106781186547));
#5225=CARTESIAN_POINT('',(-26.999999999991,2.,3.));
#5226=CARTESIAN_POINT('',(-26.999999999991,2.,3.));
#5227=VECTOR('',#5228,1.);
#5228=DIRECTION('',(-0.577350269189627,0.577350269189625,-0.577350269189626));
#5229=CARTESIAN_POINT('',(-16.999999999991,2.,3.));
#5230=CARTESIAN_POINT('',(-16.999999999991,2.,2.99999999999999));
#5231=VECTOR('',#5232,1.);
#5232=DIRECTION('',(-1.,2.22044604925031E-17,8.88178419700125E-17));
#5233=CARTESIAN_POINT('',(-15.999999999991,0.999999999999993,4.00000000000001));
#5234=VECTOR('',#5235,1.);
#5235=DIRECTION('',(-0.577350269189623,0.577350269189627,-0.577350269189628));
#5236=CARTESIAN_POINT('',(-15.9999999999955,1.00000000000301,25.));
#5237=CARTESIAN_POINT('',(-15.999999999991,1.,4.00000000000001));
#5238=VECTOR('',#5239,1.);
#5239=DIRECTION('',(2.53765262771464E-16,-6.34413156928661E-17,1.));
#5240=CARTESIAN_POINT('',(-15.9999999999955,0.999999999999999,25.));
#5241=VECTOR('',#5242,1.);
#5242=DIRECTION('',(0.,1.,1.77635683940025E-15));
#5243=CARTESIAN_POINT('',(13.8564064605824,-30.8148606234146,16.9999999998506));
#5244=CARTESIAN_POINT('',(14.6261131874732,-32.,18.5133357550107));
#5245=CARTESIAN_POINT('',(13.8564064605604,-30.8148606234146,16.9999999998633));
#5246=CARTESIAN_POINT('',(13.8639596732534,-30.825407274306,17.0130823901392));
#5247=CARTESIAN_POINT('',(13.8793902646195,-30.846654558953,17.0398964467134));
#5248=CARTESIAN_POINT('',(13.9030291871625,-30.8784771336707,17.0812520423489));
#5249=CARTESIAN_POINT('',(13.9277275948682,-30.9111671368273,17.1247680535876));
#5250=CARTESIAN_POINT('',(13.9533846126059,-30.9447605664155,17.1703120168019));
#5251=CARTESIAN_POINT('',(13.980173556705,-30.9797068060886,17.2182398402121));
#5252=CARTESIAN_POINT('',(14.0078518173735,-31.015966022651,17.2681680455558));
#5253=CARTESIAN_POINT('',(14.0364525898698,-31.0539205940157,17.3202078212081));
#5254=CARTESIAN_POINT('',(14.0653898104144,-31.0932191212478,17.373332651446));
#5255=CARTESIAN_POINT('',(14.0947420103718,-31.1342945871929,17.427713421892));
#5256=CARTESIAN_POINT('',(14.1243143425802,-31.1778023789648,17.4830122640005));
#5257=CARTESIAN_POINT('',(14.1551173983447,-31.2235214869146,17.5411687165786));
#5258=CARTESIAN_POINT('',(14.1870555251911,-31.2712010696014,17.6020870267916));
#5259=CARTESIAN_POINT('',(14.2204825701614,-31.3215464077628,17.6665350660868));
#5260=CARTESIAN_POINT('',(14.2551311110816,-31.3742791909186,17.734102328885));
#5261=CARTESIAN_POINT('',(14.2911840714742,-31.4298541813729,17.8052614152624));
#5262=CARTESIAN_POINT('',(14.3279508497114,-31.4873877778797,17.8787537451035));
#5263=CARTESIAN_POINT('',(14.3652715599566,-31.5468053267795,17.9543365674746));
#5264=CARTESIAN_POINT('',(14.4027305449542,-31.6076138151588,18.0312240048372));
#5265=CARTESIAN_POINT('',(14.440428487765,-31.6701407840906,18.1096746721978));
#5266=CARTESIAN_POINT('',(14.4780451501827,-31.7340723906102,18.1890668728746));
#5267=CARTESIAN_POINT('',(14.5155392276024,-31.7993521858671,18.2693425641161));
#5268=CARTESIAN_POINT('',(14.5527650882015,-31.865435539751,18.3502114107976));
#5269=CARTESIAN_POINT('',(14.5896991162821,-31.9323833017163,18.4316401952235));
#5270=CARTESIAN_POINT('',(14.6140171762926,-31.9773831461144,18.4860617505727));
#5271=CARTESIAN_POINT('',(14.6261131874732,-32.,18.5133357550107));
#5272=CARTESIAN_POINT('',(13.8564064605604,-1.,16.9999999998633));
#5273=CARTESIAN_POINT('',(13.8564064605604,-1.,16.9999999998633));
#5274=VECTOR('',#5275,1.);
#5275=DIRECTION('',(0.,-1.,0.));
#5276=CARTESIAN_POINT('',(13.9999999999909,-1.00000000000001,17.2540333075688));
#5277=AXIS2_PLACEMENT_3D('',#5278,#5279,#5280);
#5278=CARTESIAN_POINT('',(-3.06161699786838E-15,-1.,25.));
#5279=DIRECTION('',(0.,1.,6.12323399573676E-17));
#5280=DIRECTION('',(0.874999999999435,2.9643979113087E-17,-0.484122918276949));
#5281=CARTESIAN_POINT('',(15.9999999999955,1.00000000000301,25.));
#5282=CARTESIAN_POINT('',(13.9999999999909,-1.00000000000002,17.2540333075688));
#5283=CARTESIAN_POINT('',(15.3189151468305,0.318915146839549,19.6378302936551));
#5284=CARTESIAN_POINT('',(16.,1.00000000000903,22.2756605873282));
#5285=CARTESIAN_POINT('',(16.,1.00000000000903,25.));
#5286=CARTESIAN_POINT('',(15.9999999999955,0.999999999999999,25.));
#5287=VECTOR('',#5288,1.);
#5288=DIRECTION('',(0.,1.,0.));
#5289=CARTESIAN_POINT('',(-13.9999999999909,-1.00000000000001,17.2540333075688));
#5290=CARTESIAN_POINT('',(-13.9999999999909,-1.00000000000002,17.2540333075688));
#5291=CARTESIAN_POINT('',(-15.3189151468305,0.318915146839549,19.6378302936551));
#5292=CARTESIAN_POINT('',(-16.,1.00000000000903,22.2756605873282));
#5293=CARTESIAN_POINT('',(-16.,1.00000000000903,25.));
#5294=CARTESIAN_POINT('',(-13.8564064605604,-1.,16.9999999998633));
#5295=AXIS2_PLACEMENT_3D('',#5296,#5297,#5298);
#5296=CARTESIAN_POINT('',(-3.06161699786838E-15,-1.,25.));
#5297=DIRECTION('',(0.,-1.,-6.12323399573676E-17));
#5298=DIRECTION('',(-0.874999999999435,2.96439791130871E-17,-0.484122918276949));
#5299=CARTESIAN_POINT('',(-13.8564064605824,-30.8148606234146,16.9999999998506));
#5300=CARTESIAN_POINT('',(-13.8564064605604,-1.,16.9999999998633));
#5301=VECTOR('',#5302,1.);
#5302=DIRECTION('',(0.,-1.,0.));
#5303=CARTESIAN_POINT('',(-14.6261131874732,-32.,18.5133357550107));
#5304=CARTESIAN_POINT('',(-13.8564064605604,-30.8148606234146,16.9999999998633));
#5305=CARTESIAN_POINT('',(-13.8639596732534,-30.825407274306,17.0130823901391));
#5306=CARTESIAN_POINT('',(-13.8793902646195,-30.846654558953,17.0398964467134));
#5307=CARTESIAN_POINT('',(-13.9030291871625,-30.8784771336706,17.0812520423489));
#5308=CARTESIAN_POINT('',(-13.9277275948682,-30.9111671368273,17.1247680535876));
#5309=CARTESIAN_POINT('',(-13.9533846126059,-30.9447605664154,17.1703120168019));
#5310=CARTESIAN_POINT('',(-13.980173556705,-30.9797068060886,17.2182398402121));
#5311=CARTESIAN_POINT('',(-14.0078518173735,-31.015966022651,17.2681680455558));
#5312=CARTESIAN_POINT('',(-14.0364525898698,-31.0539205940157,17.3202078212081));
#5313=CARTESIAN_POINT('',(-14.0653898104144,-31.0932191212478,17.373332651446));
#5314=CARTESIAN_POINT('',(-14.0947420103718,-31.1342945871929,17.427713421892));
#5315=CARTESIAN_POINT('',(-14.1243143425802,-31.1778023789648,17.4830122640005));
#5316=CARTESIAN_POINT('',(-14.1551173983447,-31.2235214869146,17.5411687165786));
#5317=CARTESIAN_POINT('',(-14.1870555251911,-31.2712010696014,17.6020870267916));
#5318=CARTESIAN_POINT('',(-14.2204825701614,-31.3215464077628,17.6665350660867));
#5319=CARTESIAN_POINT('',(-14.2551311110816,-31.3742791909186,17.734102328885));
#5320=CARTESIAN_POINT('',(-14.2911840714742,-31.4298541813729,17.8052614152624));
#5321=CARTESIAN_POINT('',(-14.3279508497114,-31.4873877778796,17.8787537451035));
#5322=CARTESIAN_POINT('',(-14.3652715599566,-31.5468053267795,17.9543365674746));
#5323=CARTESIAN_POINT('',(-14.4027305449542,-31.6076138151588,18.0312240048371));
#5324=CARTESIAN_POINT('',(-14.440428487765,-31.6701407840906,18.1096746721978));
#5325=CARTESIAN_POINT('',(-14.4780451501827,-31.7340723906102,18.1890668728746));
#5326=CARTESIAN_POINT('',(-14.5155392276025,-31.7993521858671,18.2693425641161));
#5327=CARTESIAN_POINT('',(-14.5527650882015,-31.865435539751,18.3502114107976));
#5328=CARTESIAN_POINT('',(-14.5896991162821,-31.9323833017163,18.4316401952235));
#5329=CARTESIAN_POINT('',(-14.6140171762927,-31.9773831461144,18.4860617505727));
#5330=CARTESIAN_POINT('',(-14.6261131874732,-32.,18.5133357550107));
#5331=AXIS2_PLACEMENT_3D('',#5332,#5333,#5334);
#5332=CARTESIAN_POINT('',(-3.06161699786838E-15,-32.,25.));
#5333=DIRECTION('',(0.,1.,6.12323399573677E-17));
#5334=DIRECTION('',(-0.914132074217075,2.48246018899054E-17,-0.405416515311831));
#5335=CARTESIAN_POINT('',(-12.9195235439701,-21.2859582543511,34.4385333286906));
#5336=CARTESIAN_POINT('',(-14.1233632018538,-22.1720425280563,32.5186841846511));
#5337=CARTESIAN_POINT('',(-14.1233632018538,-22.1720425280563,32.518684184651));
#5338=CARTESIAN_POINT('',(-13.7678133966247,-21.8637914146281,33.1865615568447));
#5339=CARTESIAN_POINT('',(-13.365860775891,-21.5679348246957,33.8275841297484));
#5340=CARTESIAN_POINT('',(-12.9195235439701,-21.2859582543511,34.4385333286906));
#5341=CARTESIAN_POINT('',(-15.811345920044,-4.59803776623548,22.5502367059843));
#5342=CARTESIAN_POINT('',(-15.811345920044,-4.59803776623548,22.5502367059843));
#5343=CARTESIAN_POINT('',(-15.8306422919014,-4.65718913394585,22.6747720218034));
#5344=CARTESIAN_POINT('',(-15.8660837160114,-4.77809505794136,22.9229894457056));
#5345=CARTESIAN_POINT('',(-15.9100953503357,-4.96757946813695,23.2927693020239));
#5346=CARTESIAN_POINT('',(-15.9452097786055,-5.16562406236403,23.6601096456696));
#5347=CARTESIAN_POINT('',(-15.9716211166541,-5.37242612905684,24.0246188747577));
#5348=CARTESIAN_POINT('',(-15.9895444299544,-5.58798112180296,24.38561192527));
#5349=CARTESIAN_POINT('',(-15.9983722379707,-5.79223729036374,24.7105768469592));
#5350=CARTESIAN_POINT('',(-16.000251868331,-5.94683464087919,24.9457878433985));
#5351=CARTESIAN_POINT('',(-15.9995633520388,-6.10457874821524,25.1796521251654));
#5352=CARTESIAN_POINT('',(-15.9951234977814,-6.28763142553832,25.4423051646126));
#5353=CARTESIAN_POINT('',(-15.9819783949944,-6.53848963127919,25.7840172181595));
#5354=CARTESIAN_POINT('',(-15.9619386636057,-6.79806751132065,26.1196145370584));
#5355=CARTESIAN_POINT('',(-15.9353716003313,-7.06660556247576,26.4490286098582));
#5356=CARTESIAN_POINT('',(-15.9026771831897,-7.34403076997218,26.7718025858022));
#5357=CARTESIAN_POINT('',(-15.8642514467324,-7.63044299217639,27.0877232229465));
#5358=CARTESIAN_POINT('',(-15.8205452528944,-7.92561498916707,27.3962524980709));
#5359=CARTESIAN_POINT('',(-15.7719806822524,-8.22960290663489,27.6971980288789));
#5360=CARTESIAN_POINT('',(-15.7190588234488,-8.54202185519986,27.9899769525544));
#5361=CARTESIAN_POINT('',(-15.6622177298066,-8.8629214730262,28.2744843585478));
#5362=CARTESIAN_POINT('',(-15.6019261099361,-9.19216425260315,28.5504638897829));
#5363=CARTESIAN_POINT('',(-15.5385589282904,-9.53010816944106,28.8180737532512));
#5364=CARTESIAN_POINT('',(-15.4726313368496,-9.87634090912635,29.0768551078374));
#5365=CARTESIAN_POINT('',(-15.4045270787971,-10.2311424992627,29.3269174115553));
#5366=CARTESIAN_POINT('',(-15.3347551423716,-10.5941085926421,29.5678866820989));
#5367=CARTESIAN_POINT('',(-15.2636788282833,-10.9655733617806,29.7998999748543));
#5368=CARTESIAN_POINT('',(-15.1918812972984,-11.3446825988717,30.0223769047893));
#5369=CARTESIAN_POINT('',(-15.1197580539923,-11.7315061762389,30.2353677021694));
#5370=CARTESIAN_POINT('',(-15.0477714243316,-12.1256838093029,30.4386984129675));
#5371=CARTESIAN_POINT('',(-14.9762054646933,-12.5277809504989,30.6326625171759));
#5372=CARTESIAN_POINT('',(-14.9055450110811,-12.9371864120552,30.8169668684994));
#5373=CARTESIAN_POINT('',(-14.8361364180153,-13.3539744527453,30.9916799738588));
#5374=CARTESIAN_POINT('',(-14.7684261361282,-13.7775024993262,31.1565910805495));
#5375=CARTESIAN_POINT('',(-14.7027342638141,-14.2077779378884,31.3117758044832));
#5376=CARTESIAN_POINT('',(-14.6395165400464,-14.643733803953,31.4569635798069));
#5377=CARTESIAN_POINT('',(-14.5790744847049,-15.0850634598891,31.5922223144483));
#5378=CARTESIAN_POINT('',(-14.5216917072374,-15.5313700602445,31.7176147052495));
#5379=CARTESIAN_POINT('',(-14.467532822266,-15.9830331934764,31.8334115944789));
#5380=CARTESIAN_POINT('',(-14.4168636018868,-16.4394406041964,31.9396157382264));
#5381=CARTESIAN_POINT('',(-14.3698563533144,-16.9005057638757,32.0363857872148));
#5382=CARTESIAN_POINT('',(-14.3267064647499,-17.3656247112707,32.1237859992954));
#5383=CARTESIAN_POINT('',(-14.2875230166748,-17.8348073663331,32.2020101162513));
#5384=CARTESIAN_POINT('',(-14.2524651822243,-18.3070958043731,32.271106113583));
#5385=CARTESIAN_POINT('',(-14.2215958924789,-18.7821965894033,32.3312697389259));
#5386=CARTESIAN_POINT('',(-14.1949546167822,-19.2597176065152,32.3826959867661));
#5387=CARTESIAN_POINT('',(-14.1725202933702,-19.7400812764557,32.4256516786086));
#5388=CARTESIAN_POINT('',(-14.1543046637976,-20.2227730161528,32.4602984339217));
#5389=CARTESIAN_POINT('',(-14.1402774179291,-20.7075687238542,32.486839597351));
#5390=CARTESIAN_POINT('',(-14.1303905661815,-21.1939747219979,32.505474756301));
#5391=CARTESIAN_POINT('',(-14.1246062262898,-21.6787210124968,32.5163499457914));
#5392=CARTESIAN_POINT('',(-14.1233475693571,-22.0048019983504,32.5187135526664));
#5393=CARTESIAN_POINT('',(-14.1233625109422,-22.1682631065944,32.5186854821254));
#5394=CARTESIAN_POINT('',(-14.1233632018565,-22.1720425280563,32.5186841846502));
#5395=CARTESIAN_POINT('',(-15.9912223108071,-3.71195349253023,24.4700858500238));
#5396=CARTESIAN_POINT('',(-15.811345920044,-4.59803776623548,22.5502367059843));
#5397=CARTESIAN_POINT('',(-15.9098772431587,-4.30452502663267,23.1861809368133));
#5398=CARTESIAN_POINT('',(-15.9699087649385,-4.00880535408443,23.8269068554026));
#5399=CARTESIAN_POINT('',(-15.9912223108071,-3.71195349253023,24.4700858500238));
#5400=CARTESIAN_POINT('',(-15.9912223108071,-3.71195349253023,24.4700858500238));
#5401=CARTESIAN_POINT('',(-15.995643411052,-3.77531549687822,24.6034847970999));
#5402=CARTESIAN_POINT('',(-15.9992787535808,-3.86169341894745,24.7804970241931));
#5403=CARTESIAN_POINT('',(-16.0003514349904,-3.9938511218014,25.0416717817146));
#5404=CARTESIAN_POINT('',(-15.9982929783784,-4.12692112345958,25.2977597129697));
#5405=CARTESIAN_POINT('',(-15.9889394271208,-4.30880689759605,25.632827416477));
#5406=CARTESIAN_POINT('',(-15.9698861422708,-4.52106758220135,26.0039792262888));
#5407=CARTESIAN_POINT('',(-15.9426776446915,-4.74120481849554,26.3694225076894));
#5408=CARTESIAN_POINT('',(-15.9075963041598,-4.96974874184178,26.7295797031497));
#5409=CARTESIAN_POINT('',(-15.8651374444269,-5.20600047595435,27.0829958126484));
#5410=CARTESIAN_POINT('',(-15.8158363638033,-5.44949018701387,27.4288188839739));
#5411=CARTESIAN_POINT('',(-15.7602412416373,-5.69981141891695,27.7664108066239));
#5412=CARTESIAN_POINT('',(-15.6988150166904,-5.95697686633271,28.0957676292581));
#5413=CARTESIAN_POINT('',(-15.6321377512169,-6.22050755723292,28.4163108850193));
#5414=CARTESIAN_POINT('',(-15.5606399040378,-6.49051639580987,28.7282439934545));
#5415=CARTESIAN_POINT('',(-15.4764415308507,-6.79732915296286,29.0648947517885));
#5416=CARTESIAN_POINT('',(-15.3692407423264,-7.175679827995,29.4557844314688));
#5417=CARTESIAN_POINT('',(-15.2361486187708,-7.632590542257,29.8924770918073));
#5418=CARTESIAN_POINT('',(-15.0959061843043,-8.10662461346497,30.3076038576405));
#5419=CARTESIAN_POINT('',(-14.9715386188976,-8.52597621003356,30.6467039802062));
#5420=CARTESIAN_POINT('',(-14.8658775736618,-8.8838368453914,30.9184462232753));
#5421=CARTESIAN_POINT('',(-14.7696042199379,-9.21237488133763,31.154659790874));
#5422=CARTESIAN_POINT('',(-14.672595094282,-9.54712413666084,31.3823780917194));
#5423=CARTESIAN_POINT('',(-14.5752370582734,-9.88799564782651,31.6015923907314));
#5424=CARTESIAN_POINT('',(-14.4779477736815,-10.2347593616683,31.8122211775935));
#5425=CARTESIAN_POINT('',(-14.3809167629919,-10.587970530408,32.0146605011886));
#5426=CARTESIAN_POINT('',(-14.2843186962995,-10.9482752574031,32.2092629833603));
#5427=CARTESIAN_POINT('',(-14.1881256652775,-11.3171687315697,32.3967164130794));
#5428=CARTESIAN_POINT('',(-14.0927585392832,-11.6945427946876,32.5767761198394));
#5429=CARTESIAN_POINT('',(-13.9982593253868,-12.0818402747925,32.749918417952));
#5430=CARTESIAN_POINT('',(-13.9051060031324,-12.4788582756381,32.9157863421662));
#5431=CARTESIAN_POINT('',(-13.8133982426418,-12.8871205179061,33.074700914658));
#5432=CARTESIAN_POINT('',(-13.7239924183368,-13.3048463440951,33.225681064323));
#5433=CARTESIAN_POINT('',(-13.6370631115241,-13.7332667997358,33.3689535998472));
#5434=CARTESIAN_POINT('',(-13.5531420258574,-14.1719786101983,33.5041376135952));
#5435=CARTESIAN_POINT('',(-13.4722244138125,-14.6236129340968,33.6317055499512));
#5436=CARTESIAN_POINT('',(-13.3951567773999,-15.0863006236383,33.750774027504));
#5437=CARTESIAN_POINT('',(-13.32225955638,-15.5609756076195,33.8613086945886));
#5438=CARTESIAN_POINT('',(-13.2542600727434,-16.045784203478,33.9626526220346));
#5439=CARTESIAN_POINT('',(-13.1914540874514,-16.5416490973389,34.0547929159654));
#5440=CARTESIAN_POINT('',(-13.1345828626048,-17.0455186242123,34.137050025615));
#5441=CARTESIAN_POINT('',(-13.0839574216439,-17.5568265760655,34.2093595867338));
#5442=CARTESIAN_POINT('',(-13.0399163924332,-18.0738522137606,34.2715812472209));
#5443=CARTESIAN_POINT('',(-13.002503695021,-18.5977055046619,34.3239490446818));
#5444=CARTESIAN_POINT('',(-12.9719260865739,-19.1269826229744,34.3664209823986));
#5445=CARTESIAN_POINT('',(-12.9482310546255,-19.6616373833254,34.3991329179206));
#5446=CARTESIAN_POINT('',(-12.9314722469968,-20.1999427603872,34.422164726261));
#5447=CARTESIAN_POINT('',(-12.9216371015839,-20.738345675546,34.4356413123259));
#5448=CARTESIAN_POINT('',(-12.9194998072171,-21.1005037676891,34.4385658241572));
#5449=CARTESIAN_POINT('',(-12.9195225957518,-21.2821788268863,34.4385346261928));
#5450=CARTESIAN_POINT('',(-12.9195235439734,-21.2859582543511,34.4385333286894));
#5451=CARTESIAN_POINT('',(14.1233632018538,-22.1720425280563,32.5186841846511));
#5452=CARTESIAN_POINT('',(12.9195235439701,-21.2859582543511,34.4385333286906));
#5453=CARTESIAN_POINT('',(12.9195235439701,-21.2859582543511,34.4385333286906));
#5454=CARTESIAN_POINT('',(13.3658607758909,-21.5679348246957,33.8275841297484));
#5455=CARTESIAN_POINT('',(13.7678133966247,-21.8637914146281,33.1865615568447));
#5456=CARTESIAN_POINT('',(14.1233632018538,-22.1720425280563,32.518684184651));
#5457=CARTESIAN_POINT('',(15.9912223108071,-3.71195349253023,24.4700858500238));
#5458=CARTESIAN_POINT('',(12.9195235439721,-21.2859582543511,34.4385333286898));
#5459=CARTESIAN_POINT('',(12.9195225957078,-21.2821788304517,34.4385346261994));
#5460=CARTESIAN_POINT('',(12.9194984935643,-21.0900275305678,34.4385676231588));
#5461=CARTESIAN_POINT('',(12.9218909786831,-20.707149999717,34.4352940732641));
#5462=CARTESIAN_POINT('',(12.9329102511625,-20.1379344625818,34.4201930098537));
#5463=CARTESIAN_POINT('',(12.9516768795473,-19.5692651891891,34.3943893717451));
#5464=CARTESIAN_POINT('',(12.9782239481924,-19.0044269575464,34.3577024307985));
#5465=CARTESIAN_POINT('',(13.0125193060315,-18.4449827696716,34.3099820441323));
#5466=CARTESIAN_POINT('',(13.054515496652,-17.8911103073221,34.2510377776758));
#5467=CARTESIAN_POINT('',(13.103986126165,-17.3443081131294,34.180871387856));
#5468=CARTESIAN_POINT('',(13.1608684114677,-16.8035488879465,34.0991921911804));
#5469=CARTESIAN_POINT('',(13.224773216592,-16.2706656406426,34.0061167651905));
#5470=CARTESIAN_POINT('',(13.2953212622656,-15.7463818812827,33.9016993655283));
#5471=CARTESIAN_POINT('',(13.3716550465511,-15.2339547769501,33.7866799412882));
#5472=CARTESIAN_POINT('',(13.4534011374604,-14.7325067474464,33.6610644304114));
#5473=CARTESIAN_POINT('',(13.5396813070562,-14.2441713852514,33.525621704388));
#5474=CARTESIAN_POINT('',(13.6300738170148,-13.7680754823048,33.3804152550405));
#5475=CARTESIAN_POINT('',(13.7235616088267,-13.3063140377638,33.226495064809));
#5476=CARTESIAN_POINT('',(13.8201033822311,-12.8560991551568,33.0633289680485));
#5477=CARTESIAN_POINT('',(13.918871327527,-12.4186781448653,32.8916856497947));
#5478=CARTESIAN_POINT('',(14.0193855627019,-11.9936211733964,32.71177163241));
#5479=CARTESIAN_POINT('',(14.1202211374718,-11.5843133850275,32.5256023171491));
#5480=CARTESIAN_POINT('',(14.221180076835,-11.1889886396242,32.3330821731775));
#5481=CARTESIAN_POINT('',(14.3213195808267,-10.8090394432925,32.1355816295955));
#5482=CARTESIAN_POINT('',(14.4205570741262,-10.4426604502374,31.9328700718236));
#5483=CARTESIAN_POINT('',(14.5180187363471,-10.0911306061503,31.726421463795));
#5484=CARTESIAN_POINT('',(14.6141395372716,-9.75116381139702,31.5149937697694));
#5485=CARTESIAN_POINT('',(14.7085999521366,-9.42242469166377,31.2988900922639));
#5486=CARTESIAN_POINT('',(14.8014985858309,-9.10323726514725,31.0774261331583));
#5487=CARTESIAN_POINT('',(14.8921425036313,-8.79473148330668,30.8518420843931));
#5488=CARTESIAN_POINT('',(14.9806397361669,-8.49536821718855,30.6214740324198));
#5489=CARTESIAN_POINT('',(15.0667467845339,-8.20489174905226,30.3865004025269));
#5490=CARTESIAN_POINT('',(15.1505769866395,-7.92189005746152,30.1460612603425));
#5491=CARTESIAN_POINT('',(15.2318798504043,-7.64621442692283,29.9002632648843));
#5492=CARTESIAN_POINT('',(15.3106777574667,-7.37680142288171,29.6483137480264));
#5493=CARTESIAN_POINT('',(15.3869697779025,-7.11264128452239,29.3893093114094));
#5494=CARTESIAN_POINT('',(15.4606548844496,-6.85299800125046,29.1224250306624));
#5495=CARTESIAN_POINT('',(15.5315968538665,-6.59715984307952,28.8467190851428));
#5496=CARTESIAN_POINT('',(15.5993199137073,-6.345538426335,28.5623715734917));
#5497=CARTESIAN_POINT('',(15.6635542038172,-6.09771200170643,28.2686356956363));
#5498=CARTESIAN_POINT('',(15.7237709348603,-5.85414552682593,27.9657622326463));
#5499=CARTESIAN_POINT('',(15.7796234777734,-5.61445252719549,27.6529304538237));
#5500=CARTESIAN_POINT('',(15.830413043685,-5.37965512484426,27.3311606779511));
#5501=CARTESIAN_POINT('',(15.8756680141439,-5.14979340016238,27.0002861085653));
#5502=CARTESIAN_POINT('',(15.9147902263859,-4.92553353518559,26.6610998043908));
#5503=CARTESIAN_POINT('',(15.9473311199435,-4.7066479010652,26.3130989888826));
#5504=CARTESIAN_POINT('',(15.9726843700344,-4.49390811758312,25.9574051368921));
#5505=CARTESIAN_POINT('',(15.9903583739062,-4.28748803212659,25.594320613378));
#5506=CARTESIAN_POINT('',(15.998591545003,-4.11467147170479,25.2744251931365));
#5507=CARTESIAN_POINT('',(16.0003522326171,-3.9854742204727,25.0252680578679));
#5508=CARTESIAN_POINT('',(15.9991780816836,-3.85864799072687,24.7743118145555));
#5509=CARTESIAN_POINT('',(15.9954370706955,-3.77235838025471,24.5972589930863));
#5510=CARTESIAN_POINT('',(15.9912223108071,-3.71195349253023,24.4700858500238));
#5511=CARTESIAN_POINT('',(15.8113459200441,-4.59803776623548,22.5502367059843));
#5512=CARTESIAN_POINT('',(15.9912223108071,-3.71195349253023,24.4700858500238));
#5513=CARTESIAN_POINT('',(15.9699087649385,-4.00880535408443,23.8269068554026));
#5514=CARTESIAN_POINT('',(15.9098772431587,-4.30452502663267,23.1861809368133));
#5515=CARTESIAN_POINT('',(15.811345920044,-4.59803776623548,22.5502367059843));
#5516=CARTESIAN_POINT('',(14.1233632044241,-22.1720425280563,32.5186841837777));
#5517=CARTESIAN_POINT('',(14.1233625124899,-22.1682631402257,32.5186854815715));
#5518=CARTESIAN_POINT('',(14.1233433458813,-21.9590823956196,32.5187214197253));
#5519=CARTESIAN_POINT('',(14.1254107832206,-21.5424854694389,32.5148399159574));
#5520=CARTESIAN_POINT('',(14.1349581431378,-20.9227815491837,32.4968793051854));
#5521=CARTESIAN_POINT('',(14.1511967406211,-20.3048256624358,32.4662042454901));
#5522=CARTESIAN_POINT('',(14.1741447923256,-19.6917541985671,32.4225788056159));
#5523=CARTESIAN_POINT('',(14.2037436134176,-19.085379108254,32.365823716254));
#5524=CARTESIAN_POINT('',(14.2399262629681,-18.4857163615088,32.2956815540536));
#5525=CARTESIAN_POINT('',(14.2824508664063,-17.894441794708,32.2121426880068));
#5526=CARTESIAN_POINT('',(14.3312311211065,-17.3101937374706,32.1147956497777));
#5527=CARTESIAN_POINT('',(14.3858697822156,-16.7350194111314,32.0037483412264));
#5528=CARTESIAN_POINT('',(14.4459684528194,-16.1697265044904,31.8790284404102));
#5529=CARTESIAN_POINT('',(14.5106778436863,-15.6181151897771,31.741558146526));
#5530=CARTESIAN_POINT('',(14.5795829037572,-15.0792028730513,31.5913243035237));
#5531=CARTESIAN_POINT('',(14.651800317536,-14.5555164030179,31.4293069931336));
#5532=CARTESIAN_POINT('',(14.7268507157685,-14.0461193265287,31.2555937425913));
#5533=CARTESIAN_POINT('',(14.8037137871095,-13.5535370727727,31.0715739514439));
#5534=CARTESIAN_POINT('',(14.8822480758954,-13.07457409005,30.876573406207));
#5535=CARTESIAN_POINT('',(14.961574931219,-12.610896403639,30.6716954966826));
#5536=CARTESIAN_POINT('',(15.0411130265901,-12.1622566615701,30.457366720414));
#5537=CARTESIAN_POINT('',(15.119452452703,-11.7329506924591,30.2364973656375));
#5538=CARTESIAN_POINT('',(15.1963370942211,-11.3209000468878,30.0090769495461));
#5539=CARTESIAN_POINT('',(15.2708291348788,-10.9280357449884,29.7772307949536));
#5540=CARTESIAN_POINT('',(15.3428001690319,-10.552214958814,29.5408059399837));
#5541=CARTESIAN_POINT('',(15.4114421942663,-10.195174708016,29.302113032334));
#5542=CARTESIAN_POINT('',(15.4771534877884,-9.85266678242387,29.059426275138));
#5543=CARTESIAN_POINT('',(15.5394949826403,-9.52506139776255,28.8138964405349));
#5544=CARTESIAN_POINT('',(15.5984383576783,-9.21074699692605,28.5651762128101));
#5545=CARTESIAN_POINT('',(15.6531984280247,-8.91244682333132,28.3164672076492));
#5546=CARTESIAN_POINT('',(15.7039928138493,-8.62778847602859,28.066931218908));
#5547=CARTESIAN_POINT('',(15.7520791156607,-8.34842612688241,27.809907622112));
#5548=CARTESIAN_POINT('',(15.7987931665971,-8.06397986106127,27.535031401544));
#5549=CARTESIAN_POINT('',(15.8515561885497,-7.7214142862926,27.1862858062054));
#5550=CARTESIAN_POINT('',(15.9054889322862,-7.33011197305284,26.7599254551752));
#5551=CARTESIAN_POINT('',(15.9536710074203,-6.90195356324461,26.2534188952964));
#5552=CARTESIAN_POINT('',(15.9848231574368,-6.51308041720761,25.7535404398825));
#5553=CARTESIAN_POINT('',(15.9979572438779,-6.20919452297351,25.332045375248));
#5554=CARTESIAN_POINT('',(16.0003484384827,-6.01496083111061,25.0477157814365));
#5555=CARTESIAN_POINT('',(15.9994207340462,-5.85696456759415,24.8096711937982));
#5556=CARTESIAN_POINT('',(15.9956437860467,-5.72078571916499,24.5976612935515));
#5557=CARTESIAN_POINT('',(15.9877671362177,-5.57694451883762,24.3653228907032));
#5558=CARTESIAN_POINT('',(15.979511990495,-5.46764553897491,24.1840351604861));
#5559=CARTESIAN_POINT('',(15.9696419670052,-5.36533193104998,24.0099964977704));
#5560=CARTESIAN_POINT('',(15.9585177306709,-5.27050829741443,23.8448105587962));
#5561=CARTESIAN_POINT('',(15.9461425849634,-5.18092362866763,23.6851796139655));
#5562=CARTESIAN_POINT('',(15.932665834408,-5.09625832634326,23.530988531818));
#5563=CARTESIAN_POINT('',(15.9180810865169,-5.01548319261227,23.3807338085225));
#5564=CARTESIAN_POINT('',(15.9026542556972,-4.9391329596306,23.2357859166475));
#5565=CARTESIAN_POINT('',(15.8863276259869,-4.86612794504302,23.0944410161136));
#5566=CARTESIAN_POINT('',(15.8691419077145,-4.79612686317832,22.9562962994834));
#5567=CARTESIAN_POINT('',(15.8509601354147,-4.72824715046606,22.8197972855548));
#5568=CARTESIAN_POINT('',(15.8318069536938,-4.66235347151729,22.6848215958119));
#5569=CARTESIAN_POINT('',(15.8182856833349,-4.61931263561512,22.5950273197886));
#5570=CARTESIAN_POINT('',(15.811345920044,-4.59803776623548,22.5502367059843));
#5571=CARTESIAN_POINT('',(-8.7989463019381,-18.8862083103874,38.3633283270153));
#5572=CARTESIAN_POINT('',(-11.1824319442955,-19.7722925840927,36.4434791829758));
#5573=CARTESIAN_POINT('',(-11.1824319442955,-19.7722925840927,36.4434791829758));
#5574=CARTESIAN_POINT('',(-10.4505478324518,-19.4422055819477,37.158667644539));
#5575=CARTESIAN_POINT('',(-9.6536171173002,-19.1459387358717,37.8005791057003));
#5576=CARTESIAN_POINT('',(-8.79894630193812,-18.8862083103874,38.3633283270153));
#5577=CARTESIAN_POINT('',(-15.9318637165503,-2.19828782227182,26.475031704309));
#5578=CARTESIAN_POINT('',(-15.9318637163722,-2.19828782227182,26.4750317042925));
#5579=CARTESIAN_POINT('',(-15.9195772597789,-2.26132440849973,26.6077464492929));
#5580=CARTESIAN_POINT('',(-15.8919405278397,-2.3894129958,26.8702613663333));
#5581=CARTESIAN_POINT('',(-15.8415360246192,-2.58865704868272,27.2573395538081));
#5582=CARTESIAN_POINT('',(-15.7826451359626,-2.79500150439493,27.6375771732684));
#5583=CARTESIAN_POINT('',(-15.7152699285242,-3.00976695465768,28.01305657088));
#5584=CARTESIAN_POINT('',(-15.6393546212044,-3.23405864546212,28.3850347979215));
#5585=CARTESIAN_POINT('',(-15.5551702801709,-3.46792896561818,28.7528391045916));
#5586=CARTESIAN_POINT('',(-15.4631553835468,-3.71112238209067,29.1154543951124));
#5587=CARTESIAN_POINT('',(-15.3638948607723,-3.96313363866977,29.4716658603551));
#5588=CARTESIAN_POINT('',(-15.2576737757131,-4.22430068427067,29.8215541982526));
#5589=CARTESIAN_POINT('',(-15.1449250974348,-4.49461170899859,30.1647104276793));
#5590=CARTESIAN_POINT('',(-15.0258448416867,-4.77464739651336,30.5014530243345));
#5591=CARTESIAN_POINT('',(-14.9009801630766,-5.06418540970346,30.8310952579358));
#5592=CARTESIAN_POINT('',(-14.7706500245503,-5.36358435499534,31.1536678956329));
#5593=CARTESIAN_POINT('',(-14.6354492892336,-5.67260176004571,31.4685552025736));
#5594=CARTESIAN_POINT('',(-14.4800465147802,-6.02739943498379,31.8102608543357));
#5595=CARTESIAN_POINT('',(-14.3037782509921,-6.43105366000235,32.1739078075216));
#5596=CARTESIAN_POINT('',(-14.1065166719895,-6.88716916386163,32.554169991662));
#5597=CARTESIAN_POINT('',(-13.922411366786,-7.31951183194404,32.8872796906748));
#5598=CARTESIAN_POINT('',(-13.7534075049731,-7.72381384140181,33.1776233035989));
#5599=CARTESIAN_POINT('',(-13.6005093278432,-8.09660419470983,33.4293661421263));
#5600=CARTESIAN_POINT('',(-13.447756486404,-8.47736996666035,33.6708841163417));
#5601=CARTESIAN_POINT('',(-13.295731354361,-8.86601907457598,33.9021455594222));
#5602=CARTESIAN_POINT('',(-13.145210436151,-9.26192992628765,34.122848461904));
#5603=CARTESIAN_POINT('',(-12.9968989925796,-9.66459735626737,34.3328323026127));
#5604=CARTESIAN_POINT('',(-12.8515175255223,-10.0733815968535,34.5319398724706));
#5605=CARTESIAN_POINT('',(-12.7096990483025,-10.4877851212212,34.7201439111772));
#5606=CARTESIAN_POINT('',(-12.57197190435,-10.907516038697,34.8975501835927));
#5607=CARTESIAN_POINT('',(-12.4389247194721,-11.3320015670536,35.064169081642));
#5608=CARTESIAN_POINT('',(-12.3110403167918,-11.7608647324634,35.2201301164662));
#5609=CARTESIAN_POINT('',(-12.1888402201832,-12.1934393261028,35.3654933849047));
#5610=CARTESIAN_POINT('',(-12.0726026230107,-12.6297680848501,35.5005788507884));
#5611=CARTESIAN_POINT('',(-11.9627726060764,-13.069162679595,35.6254714148097));
#5612=CARTESIAN_POINT('',(-11.8596483844493,-13.5112908699294,35.7403942840546));
#5613=CARTESIAN_POINT('',(-11.7636576198019,-13.9549734247933,35.8453925500285));
#5614=CARTESIAN_POINT('',(-11.6748985627854,-14.4002156624695,35.9408359368767));
#5615=CARTESIAN_POINT('',(-11.5935790142657,-14.846290211341,36.0269281016941));
#5616=CARTESIAN_POINT('',(-11.5197230035259,-15.2931945697167,36.1040249638869));
#5617=CARTESIAN_POINT('',(-11.4534184716534,-15.7402672737298,36.1723709110894));
#5618=CARTESIAN_POINT('',(-11.3945558494659,-16.1879406735302,36.2323704537264));
#5619=CARTESIAN_POINT('',(-11.3431196155931,-16.635887233634,36.2842881578046));
#5620=CARTESIAN_POINT('',(-11.299006489654,-17.0842838062225,36.3284391818139));
#5621=CARTESIAN_POINT('',(-11.2621604657614,-17.532539483917,36.3650546194308));
#5622=CARTESIAN_POINT('',(-11.2324330227798,-17.9807487539409,36.3944238232287));
#5623=CARTESIAN_POINT('',(-11.2096866316441,-18.4285040358537,36.416793101618));
#5624=CARTESIAN_POINT('',(-11.1937240774588,-18.8761082328522,36.4324380874814));
#5625=CARTESIAN_POINT('',(-11.1844288369574,-19.3202282470051,36.4415283516581));
#5626=CARTESIAN_POINT('',(-11.1824043396868,-19.6189689682081,36.4435061603477));
#5627=CARTESIAN_POINT('',(-11.1824306161842,-19.7685131170769,36.4434804804895));
#5628=CARTESIAN_POINT('',(-11.1824319443263,-19.7722925840927,36.4434791829656));
#5629=CARTESIAN_POINT('',(-15.6356894323697,-1.31220354856658,28.3948808483485));
#5630=CARTESIAN_POINT('',(-15.931863716191,-2.19828782227183,26.475031704309));
#5631=CARTESIAN_POINT('',(-15.8720956937006,-1.9003387492031,27.1205879904018));
#5632=CARTESIAN_POINT('',(-15.7732494009476,-1.60461373083739,27.761325491595));
#5633=CARTESIAN_POINT('',(-15.6356894323697,-1.31220354856658,28.3948808483485));
#5634=CARTESIAN_POINT('',(-15.6356894323697,-1.31220354856658,28.3948808483485));
#5635=CARTESIAN_POINT('',(-15.6038859481406,-1.38177754952925,28.5413592297734));
#5636=CARTESIAN_POINT('',(-15.5369583196127,-1.522947946793,28.8298732019996));
#5637=CARTESIAN_POINT('',(-15.4265353904488,-1.74226839800476,29.252546514685));
#5638=CARTESIAN_POINT('',(-15.3072214187979,-1.96818187231023,29.6635668024038));
#5639=CARTESIAN_POINT('',(-15.178903997293,-2.20201074477089,30.0655156879714));
#5640=CARTESIAN_POINT('',(-15.0417550248574,-2.44434407683081,30.4592163309714));
#5641=CARTESIAN_POINT('',(-14.8962339128916,-2.69522298721352,30.8444758537109));
#5642=CARTESIAN_POINT('',(-14.7435221614473,-2.95349748569038,31.219503158898));
#5643=CARTESIAN_POINT('',(-14.584302337829,-3.21890221370642,31.5840638238336));
#5644=CARTESIAN_POINT('',(-14.4193160622491,-3.4910550635935,31.93780860539));
#5645=CARTESIAN_POINT('',(-14.2490894246911,-3.7699155813664,32.2808879562717));
#5646=CARTESIAN_POINT('',(-14.0744726127557,-4.0548918652256,32.6128281060878));
#5647=CARTESIAN_POINT('',(-13.8958135279067,-4.34619153632367,32.9341331521986));
#5648=CARTESIAN_POINT('',(-13.7136670100981,-4.64366192690784,33.2448612460102));
#5649=CARTESIAN_POINT('',(-13.5282992247158,-4.94760904493693,33.5455165370203));
#5650=CARTESIAN_POINT('',(-13.3401981513614,-5.25796721444766,33.8361916915163));
#5651=CARTESIAN_POINT('',(-13.149647273809,-5.5750072108233,34.1172610866667));
#5652=CARTESIAN_POINT('',(-12.9571468401997,-5.89864496164505,34.388744571195));
#5653=CARTESIAN_POINT('',(-12.7632066939676,-6.22878180045636,34.6506571715491));
#5654=CARTESIAN_POINT('',(-12.5470432389032,-6.60208982201356,34.9306088069352));
#5655=CARTESIAN_POINT('',(-12.2878957752383,-7.05823810835634,35.2507166030926));
#5656=CARTESIAN_POINT('',(-11.9871674532993,-7.60281577190243,35.6012125263151));
#5657=CARTESIAN_POINT('',(-11.6903808895924,-8.16060117411091,35.9266739277116));
#5658=CARTESIAN_POINT('',(-11.4341671152298,-8.66116829625902,36.1934994781957));
#5659=CARTESIAN_POINT('',(-11.2109987447634,-9.11277153447698,36.4167654593788));
#5660=CARTESIAN_POINT('',(-10.9675426741785,-9.62374842338892,36.6514961387298));
#5661=CARTESIAN_POINT('',(-10.6943049110626,-10.2275785312233,36.9031590639547));
#5662=CARTESIAN_POINT('',(-10.4041578604014,-10.915370517075,37.1572739492918));
#5663=CARTESIAN_POINT('',(-10.160123679551,-11.5425439474326,37.36119743397));
#5664=CARTESIAN_POINT('',(-9.96400963464808,-12.0875651445903,37.5192900489941));
#5665=CARTESIAN_POINT('',(-9.81582816997839,-12.5278296057114,37.6356374687005));
#5666=CARTESIAN_POINT('',(-9.68696348348226,-12.9365568234383,37.7346083842201));
#5667=CARTESIAN_POINT('',(-9.57235891169672,-13.3249934158816,37.8209292029009));
#5668=CARTESIAN_POINT('',(-9.46709447497715,-13.7079819269627,37.8988088906494));
#5669=CARTESIAN_POINT('',(-9.36170342960556,-14.1214270475729,37.9755225495377));
#5670=CARTESIAN_POINT('',(-9.25875253533822,-14.5648398801572,38.0491755234349));
#5671=CARTESIAN_POINT('',(-9.16131952930853,-15.0360935847161,38.1177071834198));
#5672=CARTESIAN_POINT('',(-9.08556286823774,-15.4522838767215,38.1702191597182));
#5673=CARTESIAN_POINT('',(-9.02701962595798,-15.8149810565107,38.2103764929662));
#5674=CARTESIAN_POINT('',(-8.98249853681431,-16.1224564903829,38.2406776723808));
#5675=CARTESIAN_POINT('',(-8.94439480299674,-16.417975722331,38.2664384448741));
#5676=CARTESIAN_POINT('',(-8.91237379021947,-16.6989702670468,38.2879647363448));
#5677=CARTESIAN_POINT('',(-8.88528168174537,-16.9705648629255,38.3060911958013));
#5678=CARTESIAN_POINT('',(-8.86267320078392,-17.2330582339029,38.3211571224708));
#5679=CARTESIAN_POINT('',(-8.84398839182412,-17.4890998769813,38.3335667773032));
#5680=CARTESIAN_POINT('',(-8.82906466223538,-17.736250885682,38.3434515628239));
#5681=CARTESIAN_POINT('',(-8.81744005766932,-17.9766179134625,38.3511347284717));
#5682=CARTESIAN_POINT('',(-8.80884060083669,-18.2100946828058,38.3568091799712));
#5683=CARTESIAN_POINT('',(-8.80295393563572,-18.4390487401921,38.3606890380605));
#5684=CARTESIAN_POINT('',(-8.79964409520093,-18.6598774057196,38.3628689088564));
#5685=CARTESIAN_POINT('',(-8.79892507237192,-18.8085792476933,38.3633423058589));
#5686=CARTESIAN_POINT('',(-8.79894433119934,-18.8824288137073,38.3633296245249));
#5687=CARTESIAN_POINT('',(-8.79894630194078,-18.8862083103874,38.3633283270146));
#5688=CARTESIAN_POINT('',(11.1824319442955,-19.7722925840927,36.4434791829758));
#5689=CARTESIAN_POINT('',(8.79894630193811,-18.8862083103874,38.3633283270153));
#5690=CARTESIAN_POINT('',(8.7989463019381,-18.8862083103874,38.3633283270153));
#5691=CARTESIAN_POINT('',(9.65361711730018,-19.1459387358717,37.8005791057003));
#5692=CARTESIAN_POINT('',(10.4505478324518,-19.4422055819477,37.158667644539));
#5693=CARTESIAN_POINT('',(11.1824319442955,-19.7722925840927,36.4434791829758));
#5694=CARTESIAN_POINT('',(15.6356894323697,-1.31220354856658,28.3948808483485));
#5695=CARTESIAN_POINT('',(8.79894630193811,-18.8862083103874,38.3633283270153));
#5696=CARTESIAN_POINT('',(8.79894433068774,-18.8824287712717,38.3633296245836));
#5697=CARTESIAN_POINT('',(8.7989075892051,-18.7415210737677,38.3633538201246));
#5698=CARTESIAN_POINT('',(8.80157402108683,-18.4599183975396,38.3615986805254));
#5699=CARTESIAN_POINT('',(8.81378694136792,-18.0415995905358,38.3535495511784));
#5700=CARTESIAN_POINT('',(8.8347579623927,-17.6196421455088,38.33969092252));
#5701=CARTESIAN_POINT('',(8.86457927368556,-17.1977681854145,38.3199021686696));
#5702=CARTESIAN_POINT('',(8.90340279690949,-16.7761482558625,38.2939955888299));
#5703=CARTESIAN_POINT('',(8.95129944983376,-16.3552357413117,38.2618085521476));
#5704=CARTESIAN_POINT('',(9.0083005862327,-15.9353225535236,38.2231751758477));
#5705=CARTESIAN_POINT('',(9.07434358941495,-15.5169099453716,38.1779636257275));
#5706=CARTESIAN_POINT('',(9.14939033790847,-15.0999511621472,38.1259962758013));
#5707=CARTESIAN_POINT('',(9.23336110785975,-14.6845124114459,38.0670938798425));
#5708=CARTESIAN_POINT('',(9.32628068443748,-14.2700675950165,38.000971548583));
#5709=CARTESIAN_POINT('',(9.42795781041794,-13.8570292596215,37.9274647846304));
#5710=CARTESIAN_POINT('',(9.55086655296952,-13.3983218010213,37.8370641934778));
#5711=CARTESIAN_POINT('',(9.69826090621835,-12.8955724063261,37.7262959087212));
#5712=CARTESIAN_POINT('',(9.87344872145099,-12.3505238299577,37.5909815014584));
#5713=CARTESIAN_POINT('',(10.0462803126773,-11.8551706808198,37.4534522911016));
#5714=CARTESIAN_POINT('',(10.2125574535749,-11.4083693284273,37.3173401367076));
#5715=CARTESIAN_POINT('',(10.3689933471866,-11.0088847366558,37.1859998692915));
#5716=CARTESIAN_POINT('',(10.5313532112715,-10.6133138127944,37.0460215900967));
#5717=CARTESIAN_POINT('',(10.6989889840816,-10.2222288820133,36.8974388355053));
#5718=CARTESIAN_POINT('',(10.8711240497041,-9.83638904647616,36.740418964946));
#5719=CARTESIAN_POINT('',(11.0470625519357,-9.45628931343729,36.5750808774265));
#5720=CARTESIAN_POINT('',(11.2261871390755,-9.08220826652697,36.4014954852377));
#5721=CARTESIAN_POINT('',(11.4143209214018,-8.70137659323735,36.2133134928643));
#5722=CARTESIAN_POINT('',(11.6178922426481,-8.30154680724766,36.0025885723655));
#5723=CARTESIAN_POINT('',(11.8704875471362,-7.82020419188149,35.730725554724));
#5724=CARTESIAN_POINT('',(12.1660412706038,-7.27627102551584,35.3958456060747));
#5725=CARTESIAN_POINT('',(12.4965154888982,-6.68890358557561,34.9965005519685));
#5726=CARTESIAN_POINT('',(12.7906412240484,-6.18104536763761,34.6161903017673));
#5727=CARTESIAN_POINT('',(13.0400689698067,-5.75866411709273,34.273649897435));
#5728=CARTESIAN_POINT('',(13.2378921200449,-5.42784241291624,33.9885922970262));
#5729=CARTESIAN_POINT('',(13.4182633391511,-5.12895201082287,33.7168361878962));
#5730=CARTESIAN_POINT('',(13.6048098586792,-4.82192879307369,33.4234065169323));
#5731=CARTESIAN_POINT('',(13.8024119784188,-4.49857609398178,33.0963690074145));
#5732=CARTESIAN_POINT('',(14.0084111689187,-4.16259485553706,32.7344829841019));
#5733=CARTESIAN_POINT('',(14.1880553343015,-3.8696063395365,32.3988663254793));
#5734=CARTESIAN_POINT('',(14.3428773435906,-3.61636657114569,32.093151995858));
#5735=CARTESIAN_POINT('',(14.4739948760224,-3.40096415973347,31.8215336288051));
#5736=CARTESIAN_POINT('',(14.5983243397746,-3.19544127026926,31.5511742528263));
#5737=CARTESIAN_POINT('',(14.7154882051768,-3.00019241896809,31.2835141534932));
#5738=CARTESIAN_POINT('',(14.8262680131484,-2.81372480870151,31.0173828155438));
#5739=CARTESIAN_POINT('',(14.930351042608,-2.63642587765438,30.7542109072979));
#5740=CARTESIAN_POINT('',(15.0288812438991,-2.46622455465825,30.4916874434079));
#5741=CARTESIAN_POINT('',(15.1220172230529,-2.30271283148562,30.2297528028903));
#5742=CARTESIAN_POINT('',(15.2102538496682,-2.14487799411767,29.9672463318233));
#5743=CARTESIAN_POINT('',(15.293228306123,-1.99325371774861,29.7055412076193));
#5744=CARTESIAN_POINT('',(15.371270758466,-1.84714751141578,29.4439472399636));
#5745=CARTESIAN_POINT('',(15.4443088443651,-1.70661272170594,29.1830257836257));
#5746=CARTESIAN_POINT('',(15.5127253948209,-1.57082815939301,28.9216745324521));
#5747=CARTESIAN_POINT('',(15.5766476648439,-1.43943857148902,28.6595584173935));
#5748=CARTESIAN_POINT('',(15.6164831943046,-1.35421974378543,28.4833391319362));
#5749=CARTESIAN_POINT('',(15.6356894323697,-1.31220354856658,28.3948808483485));
#5750=CARTESIAN_POINT('',(15.931863716191,-2.19828782227182,26.475031704309));
#5751=CARTESIAN_POINT('',(15.6356894323697,-1.31220354856657,28.3948808483485));
#5752=CARTESIAN_POINT('',(15.7732494009476,-1.60461373083738,27.761325491595));
#5753=CARTESIAN_POINT('',(15.8720956937006,-1.90033874920309,27.1205879904018));
#5754=CARTESIAN_POINT('',(15.931863716191,-2.19828782227183,26.475031704309));
#5755=CARTESIAN_POINT('',(11.1824319508404,-19.7722925840927,36.4434791808114));
#5756=CARTESIAN_POINT('',(11.1824306202978,-19.7685131141154,36.4434804790958));
#5757=CARTESIAN_POINT('',(11.182399254245,-19.5905761753338,36.4435110682132));
#5758=CARTESIAN_POINT('',(11.1852765701653,-19.2352590320154,36.4407005208581));
#5759=CARTESIAN_POINT('',(11.1985299274435,-18.706467748444,36.4277350679376));
#5760=CARTESIAN_POINT('',(11.2212526631725,-18.1750545175095,36.405436170213));
#5761=CARTESIAN_POINT('',(11.2535983927938,-17.6445874010335,36.373540606671));
#5762=CARTESIAN_POINT('',(11.2957398504628,-17.1154808021162,36.331713100351));
#5763=CARTESIAN_POINT('',(11.3477843560881,-16.5881312903114,36.2796257621159));
#5764=CARTESIAN_POINT('',(11.4097640410329,-16.0630385254003,36.2169653108225));
#5765=CARTESIAN_POINT('',(11.481652766201,-15.540562998398,36.1434145751692));
#5766=CARTESIAN_POINT('',(11.5632717979871,-15.0215930558335,36.0587495873355));
#5767=CARTESIAN_POINT('',(11.6543267686374,-14.5070502240419,35.9628073757435));
#5768=CARTESIAN_POINT('',(11.7543302815554,-13.9982336329355,35.8555785600127));
#5769=CARTESIAN_POINT('',(11.862844790896,-13.4955970259605,35.7369584553258));
#5770=CARTESIAN_POINT('',(11.9791860134465,-13.0003709052868,35.6070745841923));
#5771=CARTESIAN_POINT('',(12.1027637003832,-12.5129443805174,35.4659273387277));
#5772=CARTESIAN_POINT('',(12.2327039027938,-12.0345271236393,35.3138315245827));
#5773=CARTESIAN_POINT('',(12.3685435433796,-11.5646059370845,35.1506157062999));
#5774=CARTESIAN_POINT('',(12.5092412695872,-11.1046265405194,34.9767932658281));
#5775=CARTESIAN_POINT('',(12.6539675918612,-10.6550582256136,34.7926564024902));
#5776=CARTESIAN_POINT('',(12.8012073027031,-10.2182697790997,34.5994507165316));
#5777=CARTESIAN_POINT('',(12.95046346608,-9.79341992019139,34.3971892677858));
#5778=CARTESIAN_POINT('',(13.1004732074894,-9.38194750707665,34.1869731102634));
#5779=CARTESIAN_POINT('',(13.2508238901145,-8.982930635637,33.9688076296253));
#5780=CARTESIAN_POINT('',(13.4003208530457,-8.5976000004691,33.7439234243993));
#5781=CARTESIAN_POINT('',(13.5491580126259,-8.22369821598068,33.5115313022582));
#5782=CARTESIAN_POINT('',(13.6964836267701,-7.86181358299974,33.27243471956));
#5783=CARTESIAN_POINT('',(13.8419890725051,-7.51124412106065,33.0266324223989));
#5784=CARTESIAN_POINT('',(13.9843180736303,-7.17385543343143,32.7760396350903));
#5785=CARTESIAN_POINT('',(14.1235224113613,-6.84821257057432,32.5202757472237));
#5786=CARTESIAN_POINT('',(14.273232571931,-6.50159984678175,32.2328326298108));
#5787=CARTESIAN_POINT('',(14.4326711600971,-6.1356678879421,31.9101277931835));
#5788=CARTESIAN_POINT('',(14.5998190948201,-5.75393713849541,31.5497040015499));
#5789=CARTESIAN_POINT('',(14.7467870494265,-5.41823867037485,31.2108415139935));
#5790=CARTESIAN_POINT('',(14.8747286857031,-5.12457716837436,30.8969120863983));
#5791=CARTESIAN_POINT('',(14.9849761436778,-4.86965028348777,30.6108857047373));
#5792=CARTESIAN_POINT('',(15.0905631927646,-4.6228381496518,30.3204264117362));
#5793=CARTESIAN_POINT('',(15.1912327715012,-4.38406436234673,30.025838759879));
#5794=CARTESIAN_POINT('',(15.2869970567031,-4.15263100583157,29.7266120868276));
#5795=CARTESIAN_POINT('',(15.3776080562456,-3.92847929491981,29.4230020132324));
#5796=CARTESIAN_POINT('',(15.4630524544954,-3.71097140451314,29.1144286721111));
#5797=CARTESIAN_POINT('',(15.5431412555749,-3.49988666262592,28.8008028200093));
#5798=CARTESIAN_POINT('',(15.6176842187727,-3.29498836455762,28.4819632587565));
#5799=CARTESIAN_POINT('',(15.6863803902384,-3.09634601268157,28.1582209796759));
#5800=CARTESIAN_POINT('',(15.748973319821,-2.90392591824189,27.8297490756175));
#5801=CARTESIAN_POINT('',(15.8051823816875,-2.71779130817005,27.496907121322));
#5802=CARTESIAN_POINT('',(15.8547304939228,-2.53805133460866,27.1601901146507));
#5803=CARTESIAN_POINT('',(15.897417272626,-2.3646195931735,26.8197888298308));
#5804=CARTESIAN_POINT('',(15.9211849063464,-2.25307594802779,26.5903799979814));
#5805=CARTESIAN_POINT('',(15.931863716191,-2.19828782227182,26.475031704309));
#5806=CARTESIAN_POINT('',(15.999999999991,1.,4.));
#5807=VECTOR('',#5808,1.);
#5808=DIRECTION('',(-1.69176841847643E-16,-6.34413156928661E-17,1.));
#5809=CARTESIAN_POINT('',(-11.3,2.5,25.));
#5810=AXIS2_PLACEMENT_3D('',#5811,#5812,#5813);
#5811=CARTESIAN_POINT('',(-8.49999999999999,2.5,25.));
#5812=DIRECTION('',(-7.49879891330929E-33,-1.,-6.12323399573677E-17));
#5813=DIRECTION('',(-1.,7.49879891330929E-33,4.59169004331694E-49));
#5814=CARTESIAN_POINT('',(11.3,2.5,25.));
#5815=AXIS2_PLACEMENT_3D('',#5816,#5817,#5818);
#5816=CARTESIAN_POINT('',(8.5,2.5,25.));
#5817=DIRECTION('',(0.,1.,6.12323399573677E-17));
#5818=DIRECTION('',(1.,0.,0.));
#5819=CARTESIAN_POINT('',(-3.62291344747759E-16,-1.74818330578285E-15,28.55));
#5820=AXIS2_PLACEMENT_3D('',#5821,#5822,#5823);
#5821=CARTESIAN_POINT('',(6.12323399573676E-15,-1.53080849893419E-15,25.));
#5822=DIRECTION('',(0.,1.,6.12323399573677E-17));
#5823=DIRECTION('',(-1.,-7.49879891330929E-33,1.22464679914735E-16));
#5824=CARTESIAN_POINT('',(16.9999999999589,0.58578643759481,3.));
#5825=CARTESIAN_POINT('',(16.999999999991,0.585786437626907,3.));
#5826=VECTOR('',#5827,1.);
#5827=DIRECTION('',(0.,1.,0.));
#5828=CARTESIAN_POINT('',(15.9999999999327,0.999999999941778,4.));
#5829=VECTOR('',#5830,1.);
#5830=DIRECTION('',(0.67859834455084,-0.281084637707216,-0.678598344544004));
#5831=CARTESIAN_POINT('',(14.7735026920774,-0.999999999999999,3.));
#5832=CARTESIAN_POINT('',(14.7735026910174,-13.0020263518091,3.00000000056804));
#5833=CARTESIAN_POINT('',(14.7735026920774,-0.999999999999999,3.));
#5834=VECTOR('',#5835,1.);
#5835=DIRECTION('',(0.,-1.,-1.1100355810745E-16));
#5836=CARTESIAN_POINT('',(11.7653476993838,-14.5,2.99999999999999));
#5837=CARTESIAN_POINT('',(14.7735026904874,-13.0020263518091,3.00000000085207));
#5838=CARTESIAN_POINT('',(14.7324020138734,-13.0224932927546,3.00000000074863));
#5839=CARTESIAN_POINT('',(14.6200630262002,-13.0784348396007,3.00000000049571));
#5840=CARTESIAN_POINT('',(14.4567413922995,-13.159764260658,3.00000000025014));
#5841=CARTESIAN_POINT('',(14.3252278130034,-13.2252541960543,3.00000000029902));
#5842=CARTESIAN_POINT('',(14.2100385902129,-13.2826150769695,3.0000000002965));
#5843=CARTESIAN_POINT('',(14.1056814144827,-13.3345819136628,3.00000000029784));
#5844=CARTESIAN_POINT('',(13.9983038270712,-13.3880528274789,3.00000000029759));
#5845=CARTESIAN_POINT('',(13.9332388529832,-13.4204532911679,3.00000000029749));
#5846=CARTESIAN_POINT('',(13.8928645322929,-13.4405585279682,3.0000000002978));
#5847=CARTESIAN_POINT('',(13.8552099920408,-13.4593093932594,3.00000000029656));
#5848=CARTESIAN_POINT('',(13.8242039569034,-13.4747494964695,3.00000000029937));
#5849=CARTESIAN_POINT('',(13.8049639952113,-13.4843304375136,3.00000000029411));
#5850=CARTESIAN_POINT('',(13.7930251542467,-13.4902756328735,3.00000000030402));
#5851=CARTESIAN_POINT('',(13.7856168272495,-13.4939647641664,3.00000000028535));
#5852=CARTESIAN_POINT('',(13.7768631727044,-13.49832382928,3.00000000035237));
#5853=CARTESIAN_POINT('',(13.7686901533164,-13.5023937562179,2.99999999970683));
#5854=CARTESIAN_POINT('',(13.7596753518758,-13.5068828643871,3.00000000006157));
#5855=CARTESIAN_POINT('',(13.7553255319684,-13.5090489482316,2.99999999999693));
#5856=CARTESIAN_POINT('',(13.7499276599024,-13.511736931434,3.00000000000085));
#5857=CARTESIAN_POINT('',(13.7419271936103,-13.5157209308388,2.99999999999614));
#5858=CARTESIAN_POINT('',(13.7269106291864,-13.5231987429299,3.00000000000172));
#5859=CARTESIAN_POINT('',(13.7044953370021,-13.5343609061466,2.99999999999921));
#5860=CARTESIAN_POINT('',(13.6823301673258,-13.5453985156479,3.00000000000009));
#5861=CARTESIAN_POINT('',(13.6586019352913,-13.5572144846648,2.99999999999996));
#5862=CARTESIAN_POINT('',(13.6304793926558,-13.5712186928249,3.00000000000001));
#5863=CARTESIAN_POINT('',(13.6011593607231,-13.5858192139776,2.99999999999999));
#5864=CARTESIAN_POINT('',(13.5515541167611,-13.6105211875207,2.99999999999999));
#5865=CARTESIAN_POINT('',(13.5139013231661,-13.629271121382,3.));
#5866=CARTESIAN_POINT('',(13.4446845874967,-13.663739188395,2.99999999999999));
#5867=CARTESIAN_POINT('',(13.3648895366537,-13.7034675376449,3.));
#5868=CARTESIAN_POINT('',(13.2839437060175,-13.7437999341717,2.99999999999999));
#5869=CARTESIAN_POINT('',(13.1932496776648,-13.7888882747909,3.));
#5870=CARTESIAN_POINT('',(13.0870783762557,-13.8415223243501,2.99999999999999));
#5871=CARTESIAN_POINT('',(12.918675359197,-13.9246789431047,2.99999999999999));
#5872=CARTESIAN_POINT('',(12.7707293495313,-13.9975683920826,2.99999999999999));
#5873=CARTESIAN_POINT('',(12.5485074861605,-14.1071060293187,2.99999999999999));
#5874=CARTESIAN_POINT('',(12.3300337942732,-14.2150509573587,2.99999999999999));
#5875=CARTESIAN_POINT('',(12.0345856874755,-14.3627971660387,2.99999999999999));
#5876=CARTESIAN_POINT('',(11.8688630450963,-14.4468405114095,2.99999999999999));
#5877=CARTESIAN_POINT('',(11.7653476993838,-14.5,2.99999999999999));
#5878=CARTESIAN_POINT('',(-11.7653476993838,-14.5,2.99999999999999));
#5879=CARTESIAN_POINT('',(11.7653476993838,-14.5,2.99999999999999));
#5880=VECTOR('',#5881,1.);
#5881=DIRECTION('',(-1.,0.,-1.50982094604249E-16));
#5882=CARTESIAN_POINT('',(-14.7735026910174,-13.0020263518091,3.00000000056805));
#5883=CARTESIAN_POINT('',(-14.7735026904874,-13.0020263518091,3.00000000085207));
#5884=CARTESIAN_POINT('',(-14.7324020138734,-13.0224932927546,3.00000000074863));
#5885=CARTESIAN_POINT('',(-14.6200630262002,-13.0784348396007,3.00000000049571));
#5886=CARTESIAN_POINT('',(-14.4567413922995,-13.159764260658,3.00000000025013));
#5887=CARTESIAN_POINT('',(-14.3252278130034,-13.2252541960543,3.00000000029902));
#5888=CARTESIAN_POINT('',(-14.2100385902129,-13.2826150769695,3.0000000002965));
#5889=CARTESIAN_POINT('',(-14.1056814144827,-13.3345819136628,3.00000000029784));
#5890=CARTESIAN_POINT('',(-13.9983038270712,-13.3880528274789,3.00000000029758));
#5891=CARTESIAN_POINT('',(-13.9332388529832,-13.4204532911679,3.00000000029749));
#5892=CARTESIAN_POINT('',(-13.8928645322929,-13.4405585279682,3.0000000002978));
#5893=CARTESIAN_POINT('',(-13.8552099920408,-13.4593093932594,3.00000000029656));
#5894=CARTESIAN_POINT('',(-13.8242039569034,-13.4747494964695,3.00000000029937));
#5895=CARTESIAN_POINT('',(-13.8049639952113,-13.4843304375136,3.00000000029411));
#5896=CARTESIAN_POINT('',(-13.7930251542467,-13.4902756328735,3.00000000030402));
#5897=CARTESIAN_POINT('',(-13.7856168272495,-13.4939647641664,3.00000000028535));
#5898=CARTESIAN_POINT('',(-13.7768631727044,-13.49832382928,3.00000000035236));
#5899=CARTESIAN_POINT('',(-13.7686901533164,-13.5023937562179,2.99999999970683));
#5900=CARTESIAN_POINT('',(-13.7596753518758,-13.5068828643871,3.00000000006157));
#5901=CARTESIAN_POINT('',(-13.7553255319684,-13.5090489482316,2.99999999999693));
#5902=CARTESIAN_POINT('',(-13.7499276599024,-13.511736931434,3.00000000000085));
#5903=CARTESIAN_POINT('',(-13.7419271936103,-13.5157209308388,2.99999999999614));
#5904=CARTESIAN_POINT('',(-13.7269106291864,-13.5231987429299,3.00000000000172));
#5905=CARTESIAN_POINT('',(-13.7044953370021,-13.5343609061466,2.99999999999921));
#5906=CARTESIAN_POINT('',(-13.6823301673258,-13.5453985156479,3.00000000000008));
#5907=CARTESIAN_POINT('',(-13.6586019352913,-13.5572144846648,2.99999999999995));
#5908=CARTESIAN_POINT('',(-13.6304793926558,-13.5712186928249,3.00000000000001));
#5909=CARTESIAN_POINT('',(-13.6011593607231,-13.5858192139776,2.99999999999999));
#5910=CARTESIAN_POINT('',(-13.5515541167611,-13.6105211875207,2.99999999999999));
#5911=CARTESIAN_POINT('',(-13.5139013231661,-13.629271121382,2.99999999999999));
#5912=CARTESIAN_POINT('',(-13.4446845874967,-13.663739188395,2.99999999999998));
#5913=CARTESIAN_POINT('',(-13.3648895366537,-13.7034675376449,2.99999999999999));
#5914=CARTESIAN_POINT('',(-13.2839437060175,-13.7437999341717,2.99999999999998));
#5915=CARTESIAN_POINT('',(-13.1932496776648,-13.7888882747909,2.99999999999999));
#5916=CARTESIAN_POINT('',(-13.0870783762557,-13.8415223243501,2.99999999999999));
#5917=CARTESIAN_POINT('',(-12.918675359197,-13.9246789431047,2.99999999999999));
#5918=CARTESIAN_POINT('',(-12.7707293495313,-13.9975683920826,2.99999999999999));
#5919=CARTESIAN_POINT('',(-12.5485074861605,-14.1071060293187,2.99999999999999));
#5920=CARTESIAN_POINT('',(-12.3300337942732,-14.2150509573587,2.99999999999999));
#5921=CARTESIAN_POINT('',(-12.0345856874756,-14.3627971660387,2.99999999999999));
#5922=CARTESIAN_POINT('',(-11.8688630450963,-14.4468405114095,2.99999999999999));
#5923=CARTESIAN_POINT('',(-11.7653476993838,-14.5,2.99999999999999));
#5924=CARTESIAN_POINT('',(-14.7735026920774,-0.999999999999999,3.));
#5925=CARTESIAN_POINT('',(-14.7735026920774,-0.999999999999999,2.99999999999999));
#5926=VECTOR('',#5927,1.);
#5927=DIRECTION('',(0.,-1.,-7.40023720716332E-17));
#5928=CARTESIAN_POINT('',(-15.4142135623119,-1.00000000005217,3.));
#5929=CARTESIAN_POINT('',(-15.4142135623641,-0.999999999999999,2.99999999999999));
#5930=VECTOR('',#5931,1.);
#5931=DIRECTION('',(1.,0.,0.));
#5932=CARTESIAN_POINT('',(-16.9999999999589,0.58578643759481,3.));
#5933=CARTESIAN_POINT('',(-16.9999999999428,0.585786437578761,2.99999999999999));
#5934=VECTOR('',#5935,1.);
#5935=DIRECTION('',(0.707106781186548,-0.707106781186547,0.));
#5936=CARTESIAN_POINT('',(-16.999999999991,0.585786437626907,2.99999999999999));
#5937=VECTOR('',#5938,1.);
#5938=DIRECTION('',(0.,1.,0.));
#5939=CARTESIAN_POINT('',(-26.999999999991,-31.,3.));
#5940=CARTESIAN_POINT('',(-26.999999999991,-31.,2.99999999999999));
#5941=VECTOR('',#5942,1.);
#5942=DIRECTION('',(0.,1.,1.34572487833352E-16));
#5943=CARTESIAN_POINT('',(-13.3667412419591,-31.,2.99999999999999));
#5944=CARTESIAN_POINT('',(-26.999999999991,-31.,2.99999999999999));
#5945=VECTOR('',#5946,1.);
#5946=DIRECTION('',(1.,0.,-9.77218765664004E-17));
#5947=CARTESIAN_POINT('',(-2.17329363339266E-32,-14.7078944620675,2.99999999999999));
#5948=CARTESIAN_POINT('',(0.,-14.7078944620675,3.));
#5949=CARTESIAN_POINT('',(-0.200475206162471,-14.7001940683196,3.));
#5950=CARTESIAN_POINT('',(-0.41163834205424,-14.6828119800904,3.));
#5951=CARTESIAN_POINT('',(-0.849139728204948,-14.7059717038494,3.));
#5952=CARTESIAN_POINT('',(-1.09140796209932,-14.7398403006791,3.));
#5953=CARTESIAN_POINT('',(-1.55738276370298,-14.8485560603664,3.));
#5954=CARTESIAN_POINT('',(-1.79027071041739,-14.927735349313,3.));
#5955=CARTESIAN_POINT('',(-2.24218130282117,-15.1199328227249,3.));
#5956=CARTESIAN_POINT('',(-2.46563627022032,-15.2441680888025,3.));
#5957=CARTESIAN_POINT('',(-2.90858965482171,-15.525076911162,3.));
#5958=CARTESIAN_POINT('',(-3.12536332625877,-15.6971416113486,3.));
#5959=CARTESIAN_POINT('',(-3.56859360830483,-16.0809739606337,3.));
#5960=CARTESIAN_POINT('',(-3.78435760213079,-16.3098449663353,3.));
#5961=CARTESIAN_POINT('',(-4.24253732656727,-16.8263345700114,3.));
#5962=CARTESIAN_POINT('',(-4.46591405127337,-17.1314855941363,3.));
#5963=CARTESIAN_POINT('',(-4.96304292103122,-17.8392367384951,3.));
#5964=CARTESIAN_POINT('',(-5.20752558973392,-18.2599745708011,3.));
#5965=CARTESIAN_POINT('',(-5.79169987108015,-19.2850423787617,3.));
#5966=CARTESIAN_POINT('',(-6.08667544435766,-19.909465444404,3.));
#5967=CARTESIAN_POINT('',(-6.67188595357284,-21.1450449067591,3.));
#5968=CARTESIAN_POINT('',(-6.9345840426073,-21.7680417813646,3.));
#5969=CARTESIAN_POINT('',(-7.47008117833602,-22.9993650812484,3.));
#5970=CARTESIAN_POINT('',(-7.72244555891911,-23.6160580278505,3.));
#5971=CARTESIAN_POINT('',(-8.25072059229246,-24.8284401619475,3.));
#5972=CARTESIAN_POINT('',(-8.50795114834764,-25.4339175850751,3.));
#5973=CARTESIAN_POINT('',(-9.06502826511183,-26.6064427589474,3.));
#5974=CARTESIAN_POINT('',(-9.34208624327874,-27.1916931588117,3.));
#5975=CARTESIAN_POINT('',(-9.96759334216818,-28.2830558127144,3.));
#5976=CARTESIAN_POINT('',(-10.2874725303471,-28.8261290045288,3.));
#5977=CARTESIAN_POINT('',(-10.8759770989453,-29.5716897671853,3.));
#5978=CARTESIAN_POINT('',(-11.0995337787006,-29.8412727313244,3.));
#5979=CARTESIAN_POINT('',(-11.5185843473469,-30.2344799859566,3.));
#5980=CARTESIAN_POINT('',(-11.7018684389744,-30.3914589074544,3.));
#5981=CARTESIAN_POINT('',(-12.0466249487433,-30.6221008508797,3.));
#5982=CARTESIAN_POINT('',(-12.205332308369,-30.7143503380251,3.));
#5983=CARTESIAN_POINT('',(-12.5093039424988,-30.8481376267895,3.));
#5984=CARTESIAN_POINT('',(-12.654848297544,-30.8988765019238,3.));
#5985=CARTESIAN_POINT('',(-12.9426777371629,-30.9675935959082,3.));
#5986=CARTESIAN_POINT('',(-13.0861924524365,-30.988421037516,3.));
#5987=CARTESIAN_POINT('',(-13.2759321166565,-30.9988065999036,3.));
#5988=CARTESIAN_POINT('',(-13.3196983632183,-31.,3.));
#5989=CARTESIAN_POINT('',(-13.3667412419591,-31.,3.));
#5990=CARTESIAN_POINT('',(13.3667412419591,-31.,2.99999999999999));
#5991=CARTESIAN_POINT('',(0.,-14.7078944620675,3.));
#5992=CARTESIAN_POINT('',(0.200475206162471,-14.7001940683196,3.));
#5993=CARTESIAN_POINT('',(0.411638342054242,-14.6828119800904,3.));
#5994=CARTESIAN_POINT('',(0.84913972820495,-14.7059717038494,3.));
#5995=CARTESIAN_POINT('',(1.09140796209932,-14.7398403006791,3.));
#5996=CARTESIAN_POINT('',(1.55738276370298,-14.8485560603664,3.));
#5997=CARTESIAN_POINT('',(1.79027071041739,-14.927735349313,3.));
#5998=CARTESIAN_POINT('',(2.24218130282117,-15.1199328227249,3.));
#5999=CARTESIAN_POINT('',(2.46563627022032,-15.2441680888025,3.));
#6000=CARTESIAN_POINT('',(2.90858965482171,-15.525076911162,3.));
#6001=CARTESIAN_POINT('',(3.12536332625877,-15.6971416113486,3.));
#6002=CARTESIAN_POINT('',(3.56859360830483,-16.0809739606337,3.));
#6003=CARTESIAN_POINT('',(3.78435760213079,-16.3098449663353,3.));
#6004=CARTESIAN_POINT('',(4.24253732656727,-16.8263345700114,3.));
#6005=CARTESIAN_POINT('',(4.46591405127337,-17.1314855941363,3.));
#6006=CARTESIAN_POINT('',(4.96304292103122,-17.8392367384951,3.));
#6007=CARTESIAN_POINT('',(5.20752558973392,-18.2599745708011,3.));
#6008=CARTESIAN_POINT('',(5.79169987108015,-19.2850423787617,3.));
#6009=CARTESIAN_POINT('',(6.08667544435766,-19.909465444404,3.));
#6010=CARTESIAN_POINT('',(6.67188595357284,-21.1450449067591,3.));
#6011=CARTESIAN_POINT('',(6.9345840426073,-21.7680417813646,3.));
#6012=CARTESIAN_POINT('',(7.47008117833602,-22.9993650812484,3.));
#6013=CARTESIAN_POINT('',(7.72244555891911,-23.6160580278505,3.));
#6014=CARTESIAN_POINT('',(8.25072059229246,-24.8284401619475,3.));
#6015=CARTESIAN_POINT('',(8.50795114834764,-25.4339175850751,3.));
#6016=CARTESIAN_POINT('',(9.06502826511183,-26.6064427589474,3.));
#6017=CARTESIAN_POINT('',(9.34208624327874,-27.1916931588117,3.));
#6018=CARTESIAN_POINT('',(9.96759334216818,-28.2830558127144,3.));
#6019=CARTESIAN_POINT('',(10.2874725303471,-28.8261290045288,3.));
#6020=CARTESIAN_POINT('',(10.8759770989453,-29.5716897671853,3.));
#6021=CARTESIAN_POINT('',(11.0995337787006,-29.8412727313244,3.));
#6022=CARTESIAN_POINT('',(11.5185843473469,-30.2344799859566,3.));
#6023=CARTESIAN_POINT('',(11.7018684389744,-30.3914589074544,3.));
#6024=CARTESIAN_POINT('',(12.0466249487433,-30.6221008508797,3.));
#6025=CARTESIAN_POINT('',(12.205332308369,-30.7143503380251,3.));
#6026=CARTESIAN_POINT('',(12.5093039424988,-30.8481376267895,3.));
#6027=CARTESIAN_POINT('',(12.654848297544,-30.8988765019238,3.));
#6028=CARTESIAN_POINT('',(12.9426777371629,-30.9675935959082,3.));
#6029=CARTESIAN_POINT('',(13.0861924524365,-30.988421037516,3.));
#6030=CARTESIAN_POINT('',(13.2759321166565,-30.9988065999036,3.));
#6031=CARTESIAN_POINT('',(13.3196983632183,-31.,3.));
#6032=CARTESIAN_POINT('',(13.3667412419591,-31.,3.));
#6033=CARTESIAN_POINT('',(26.999999999991,-31.,2.99999999999999));
#6034=CARTESIAN_POINT('',(26.999999999991,-31.,2.99999999999999));
#6035=VECTOR('',#6036,1.);
#6036=DIRECTION('',(-1.,0.,-1.30295835421867E-16));
#6037=CARTESIAN_POINT('',(26.999999999991,-31.,2.99999999999999));
#6038=VECTOR('',#6039,1.);
#6039=DIRECTION('',(0.,1.,1.48029736616687E-16));
#6040=CARTESIAN_POINT('',(15.4142135623119,-1.00000000005217,3.));
#6041=CARTESIAN_POINT('',(16.9999999999428,0.585786437578761,3.));
#6042=VECTOR('',#6043,1.);
#6043=DIRECTION('',(-0.707106781186548,-0.707106781186547,-1.98020669290572E-16));
#6044=CARTESIAN_POINT('',(15.4142135623641,-0.999999999999999,3.));
#6045=VECTOR('',#6046,1.);
#6046=DIRECTION('',(-1.,0.,-6.93119518405201E-16));
#6047=CARTESIAN_POINT('',(21.999999999991,-21.95,2.99999999999999));
#6048=AXIS2_PLACEMENT_3D('',#6049,#6050,#6051);
#6049=CARTESIAN_POINT('',(21.999999999991,-24.5,2.99999999999999));
#6050=DIRECTION('',(-1.48029736616688E-16,-1.48029736616688E-16,1.));
#6051=DIRECTION('',(6.12323399573677E-17,1.,1.48029736616688E-16));
#6052=CARTESIAN_POINT('',(21.999999999991,-1.95,3.));
#6053=AXIS2_PLACEMENT_3D('',#6054,#6055,#6056);
#6054=CARTESIAN_POINT('',(21.999999999991,-4.5,3.));
#6055=DIRECTION('',(-1.48029736616688E-16,-1.48029736616688E-16,1.));
#6056=DIRECTION('',(6.12323399573677E-17,1.,1.48029736616688E-16));
#6057=CARTESIAN_POINT('',(-21.999999999991,-21.95,3.));
#6058=AXIS2_PLACEMENT_3D('',#6059,#6060,#6061);
#6059=CARTESIAN_POINT('',(-21.999999999991,-24.5,2.99999999999999));
#6060=DIRECTION('',(1.48029736616688E-16,1.48029736616688E-16,-1.));
#6061=DIRECTION('',(-6.12323399573676E-17,1.,1.48029736616688E-16));
#6062=CARTESIAN_POINT('',(-21.999999999991,-1.95,3.));
#6063=AXIS2_PLACEMENT_3D('',#6064,#6065,#6066);
#6064=CARTESIAN_POINT('',(-21.999999999991,-4.5,2.99999999999999));
#6065=DIRECTION('',(1.48029736616688E-16,1.48029736616688E-16,-1.));
#6066=DIRECTION('',(-6.12323399573676E-17,1.,1.48029736616688E-16));
#6067=CARTESIAN_POINT('',(27.999999999991,-32.,1.99999999999999));
#6068=VECTOR('',#6069,1.);
#6069=DIRECTION('',(-0.577350269189624,0.577350269189627,0.577350269189626));
#6070=CARTESIAN_POINT('',(13.3667412419591,-32.,1.99999999999999));
#6071=CARTESIAN_POINT('',(27.999999999991,-32.,1.99999999999999));
#6072=VECTOR('',#6073,1.);
#6073=DIRECTION('',(-1.,0.,-1.51739683276738E-16));
#6074=CARTESIAN_POINT('',(13.3667412419591,-32.,1.99999999999999));
#6075=VECTOR('',#6076,1.);
#6076=DIRECTION('',(0.,0.,-1.));
#6077=CARTESIAN_POINT('',(1.22464679914735E-16,-15.713933470056,1.99999999999999));
#6078=CARTESIAN_POINT('',(-2.49537682454482E-16,-15.713933470056,1.99999999999999));
#6079=VECTOR('',#6080,1.);
#6080=DIRECTION('',(-2.11176995206731E-17,0.,-1.));
#6081=CARTESIAN_POINT('',(-2.49537682454482E-16,-15.713933470056,1.99999999999999));
#6082=CARTESIAN_POINT('',(0.0322950214807378,-15.7098828698333,1.99999999999999));
#6083=CARTESIAN_POINT('',(0.093748902243528,-15.7031099164141,1.99999999999999));
#6084=CARTESIAN_POINT('',(0.187411746904137,-15.6952314627367,1.99999999999999));
#6085=CARTESIAN_POINT('',(0.292710867953942,-15.6895417666082,1.99999999999999));
#6086=CARTESIAN_POINT('',(0.414266515104681,-15.6873470810334,1.99999999999999));
#6087=CARTESIAN_POINT('',(0.551148652314838,-15.6904408284846,1.99999999999999));
#6088=CARTESIAN_POINT('',(0.720611699454516,-15.7025092751724,2.));
#6089=CARTESIAN_POINT('',(0.929698728229918,-15.7303960211949,2.00000000000001));
#6090=CARTESIAN_POINT('',(1.18847685244412,-15.7861365227174,2.00000000000002));
#6091=CARTESIAN_POINT('',(1.49166873855237,-15.8830199324953,2.00000000000004));
#6092=CARTESIAN_POINT('',(1.82405062886271,-16.0306122332215,2.00000000000008));
#6093=CARTESIAN_POINT('',(2.17084176365527,-16.2331817578786,2.00000000000012));
#6094=CARTESIAN_POINT('',(2.51867619320615,-16.4887254077335,2.00000000000017));
#6095=CARTESIAN_POINT('',(2.85059215361001,-16.7839395470502,2.00000000000023));
#6096=CARTESIAN_POINT('',(3.1630940560665,-17.1090971250888,2.00000000000029));
#6097=CARTESIAN_POINT('',(3.44139852131788,-17.4385670932081,2.00000000000035));
#6098=CARTESIAN_POINT('',(3.68785296454879,-17.7619075852035,2.00000000000041));
#6099=CARTESIAN_POINT('',(3.90768434390669,-18.0748147440074,2.00000000000047));
#6100=CARTESIAN_POINT('',(4.11151717410827,-18.3858544171834,2.00000000000053));
#6101=CARTESIAN_POINT('',(4.32216710452904,-18.7275599952084,2.0000000000006));
#6102=CARTESIAN_POINT('',(4.55097963754574,-19.1221501079552,2.00000000000067));
#6103=CARTESIAN_POINT('',(4.80551978452938,-19.5899437022173,2.00000000000076));
#6104=CARTESIAN_POINT('',(5.0558394729844,-20.0786758284215,2.00000000000085));
#6105=CARTESIAN_POINT('',(5.28110941011516,-20.5406567276351,2.00000000000093));
#6106=CARTESIAN_POINT('',(5.46975952129579,-20.9413763815028,2.00000000000101));
#6107=CARTESIAN_POINT('',(5.63392236420418,-21.2989804885902,2.00000000000108));
#6108=CARTESIAN_POINT('',(5.77242860909824,-21.606850915441,2.00000000000113));
#6109=CARTESIAN_POINT('',(5.92820548492573,-21.9581452515516,2.0000000000012));
#6110=CARTESIAN_POINT('',(6.12880215631071,-22.4174321537445,2.00000000000128));
#6111=CARTESIAN_POINT('',(6.43668792828831,-23.1349138134539,2.00000000000142));
#6112=CARTESIAN_POINT('',(6.78374204368533,-23.9535033176439,2.00000000000157));
#6113=CARTESIAN_POINT('',(7.13179358482592,-24.7679504865824,2.00000000000172));
#6114=CARTESIAN_POINT('',(7.39777829778004,-25.3782283995906,2.00000000000183));
#6115=CARTESIAN_POINT('',(7.60763160203477,-25.8491862669468,2.00000000000192));
#6116=CARTESIAN_POINT('',(7.77446271308995,-26.2158724041621,2.00000000000199));
#6117=CARTESIAN_POINT('',(7.93644247297209,-26.5640391719091,2.00000000000205));
#6118=CARTESIAN_POINT('',(8.09941246280556,-26.9060532101606,2.00000000000212));
#6119=CARTESIAN_POINT('',(8.27709494706102,-27.2681291011926,2.00000000000218));
#6120=CARTESIAN_POINT('',(8.45835012826853,-27.6245450292332,2.00000000000225));
#6121=CARTESIAN_POINT('',(8.62380924624405,-27.9376964395121,2.00000000000231));
#6122=CARTESIAN_POINT('',(8.78217797371023,-28.2272142059501,2.00000000000236));
#6123=CARTESIAN_POINT('',(8.95509910287041,-28.5319900298947,2.00000000000242));
#6124=CARTESIAN_POINT('',(9.16938182068288,-28.8913217444477,2.00000000000249));
#6125=CARTESIAN_POINT('',(9.40470095503584,-29.2607090922191,2.00000000000256));
#6126=CARTESIAN_POINT('',(9.63350681667391,-29.5939593433756,2.00000000000262));
#6127=CARTESIAN_POINT('',(9.82590344586774,-29.8555657228272,2.00000000000267));
#6128=CARTESIAN_POINT('',(9.99096769894058,-30.0669977156598,2.00000000000271));
#6129=CARTESIAN_POINT('',(10.1550497236752,-30.266023178917,2.00000000000275));
#6130=CARTESIAN_POINT('',(10.3387619243095,-30.4749043852545,2.00000000000279));
#6131=CARTESIAN_POINT('',(10.54552083768,-30.6916041377822,2.00000000000283));
#6132=CARTESIAN_POINT('',(10.7593463888389,-30.8959806460228,2.00000000000287));
#6133=CARTESIAN_POINT('',(10.9868017595115,-31.0929130533653,2.00000000000291));
#6134=CARTESIAN_POINT('',(11.2390404929464,-31.2873488004475,2.00000000000295));
#6135=CARTESIAN_POINT('',(11.511956184054,-31.4680460265112,2.00000000000298));
#6136=CARTESIAN_POINT('',(11.7681769413847,-31.6102254346166,2.00000000000301));
#6137=CARTESIAN_POINT('',(11.9778289758135,-31.7087693274042,2.00000000000303));
#6138=CARTESIAN_POINT('',(12.1661984768053,-31.7852080591095,2.00000000000305));
#6139=CARTESIAN_POINT('',(12.3611281223589,-31.8520406247828,2.00000000000307));
#6140=CARTESIAN_POINT('',(12.5740017604478,-31.9102500696899,2.00000000000308));
#6141=CARTESIAN_POINT('',(12.7961573558262,-31.9554052504269,2.00000000000309));
#6142=CARTESIAN_POINT('',(13.0117221619919,-31.9841141439403,2.0000000000031));
#6143=CARTESIAN_POINT('',(13.2017955071244,-31.9975577005796,2.0000000000031));
#6144=CARTESIAN_POINT('',(13.31592847374,-31.9999999999997,2.00000000000311));
#6145=CARTESIAN_POINT('',(13.3667412419586,-31.9999999999997,2.00000000000311));
#6146=CARTESIAN_POINT('',(-13.3667412419591,-32.,1.99999999999999));
#6147=CARTESIAN_POINT('',(4.94467042283952E-16,-15.713933470056,1.99999999999999));
#6148=CARTESIAN_POINT('',(-0.0322950214807268,-15.7098828698333,1.99999999999999));
#6149=CARTESIAN_POINT('',(-0.0937489022434824,-15.7031099164141,1.99999999999999));
#6150=CARTESIAN_POINT('',(-0.187411746903269,-15.6952314627368,1.99999999999999));
#6151=CARTESIAN_POINT('',(-0.292710867951504,-15.6895417666084,1.99999999999999));
#6152=CARTESIAN_POINT('',(-0.414266515099959,-15.6873470810335,1.99999999999999));
#6153=CARTESIAN_POINT('',(-0.55114865230835,-15.6904408284843,1.99999999999999));
#6154=CARTESIAN_POINT('',(-0.720611699447094,-15.7025092751716,1.99999999999999));
#6155=CARTESIAN_POINT('',(-0.929698728222213,-15.7303960211936,1.99999999999999));
#6156=CARTESIAN_POINT('',(-1.18847685243579,-15.7861365227153,1.99999999999999));
#6157=CARTESIAN_POINT('',(-1.49166873854312,-15.8830199324919,1.99999999999999));
#6158=CARTESIAN_POINT('',(-1.82405062885291,-16.0306122332165,1.99999999999999));
#6159=CARTESIAN_POINT('',(-2.17084176364627,-16.2331817578726,1.99999999999999));
#6160=CARTESIAN_POINT('',(-2.51867619319934,-16.4887254077278,1.99999999999999));
#6161=CARTESIAN_POINT('',(-2.85059215360572,-16.7839395470459,1.99999999999999));
#6162=CARTESIAN_POINT('',(-3.16309405606486,-17.1090971250869,1.99999999999999));
#6163=CARTESIAN_POINT('',(-3.44139852131852,-17.4385670932088,1.99999999999999));
#6164=CARTESIAN_POINT('',(-3.68785296455193,-17.7619075852077,1.99999999999999));
#6165=CARTESIAN_POINT('',(-3.90768434391118,-18.0748147440139,1.99999999999999));
#6166=CARTESIAN_POINT('',(-4.11151717411264,-18.3858544171903,1.99999999999999));
#6167=CARTESIAN_POINT('',(-4.32216710452075,-18.7275599951951,1.99999999999999));
#6168=CARTESIAN_POINT('',(-4.5509796375174,-19.1221501079057,1.99999999999999));
#6169=CARTESIAN_POINT('',(-4.80551978447543,-19.5899437021156,1.99999999999999));
#6170=CARTESIAN_POINT('',(-5.05583947291898,-20.0786758282905,1.99999999999999));
#6171=CARTESIAN_POINT('',(-5.28110941004503,-20.5406567274884,1.99999999999999));
#6172=CARTESIAN_POINT('',(-5.46975952122793,-20.9413763813565,1.99999999999999));
#6173=CARTESIAN_POINT('',(-5.63392236413808,-21.2989804884444,1.99999999999999));
#6174=CARTESIAN_POINT('',(-5.77242860904116,-21.6068509153128,1.99999999999999));
#6175=CARTESIAN_POINT('',(-5.92820548488442,-21.9581452514571,1.99999999999999));
#6176=CARTESIAN_POINT('',(-6.12880215629164,-22.4174321536997,1.99999999999999));
#6177=CARTESIAN_POINT('',(-6.43668792828347,-23.1349138134421,1.99999999999999));
#6178=CARTESIAN_POINT('',(-6.78374204368713,-23.9535033176476,1.99999999999999));
#6179=CARTESIAN_POINT('',(-7.13179358482702,-24.7679504865844,1.99999999999999));
#6180=CARTESIAN_POINT('',(-7.39777829778056,-25.3782283995912,1.99999999999999));
#6181=CARTESIAN_POINT('',(-7.6076316020345,-25.8491862669456,1.99999999999999));
#6182=CARTESIAN_POINT('',(-7.77446271308885,-26.2158724041591,1.99999999999999));
#6183=CARTESIAN_POINT('',(-7.93644247297026,-26.5640391719047,1.99999999999999));
#6184=CARTESIAN_POINT('',(-8.09941246280344,-26.9060532101557,1.99999999999999));
#6185=CARTESIAN_POINT('',(-8.27709494705876,-27.2681291011875,1.99999999999999));
#6186=CARTESIAN_POINT('',(-8.45835012826594,-27.6245450292276,1.99999999999999));
#6187=CARTESIAN_POINT('',(-8.62380924624103,-27.937696439506,1.99999999999999));
#6188=CARTESIAN_POINT('',(-8.7821779737067,-28.2272142059433,1.99999999999999));
#6189=CARTESIAN_POINT('',(-8.95509910286683,-28.5319900298881,1.99999999999999));
#6190=CARTESIAN_POINT('',(-9.1693818206791,-28.8913217444411,1.99999999999999));
#6191=CARTESIAN_POINT('',(-9.40470095503224,-29.2607090922132,1.99999999999999));
#6192=CARTESIAN_POINT('',(-9.63350681667052,-29.5939593433704,1.99999999999999));
#6193=CARTESIAN_POINT('',(-9.82590344586528,-29.8555657228236,1.99999999999999));
#6194=CARTESIAN_POINT('',(-9.99096769893895,-30.0669977156574,1.99999999999999));
#6195=CARTESIAN_POINT('',(-10.1550497236741,-30.2660231789155,1.99999999999999));
#6196=CARTESIAN_POINT('',(-10.3387619243085,-30.474904385253,1.99999999999999));
#6197=CARTESIAN_POINT('',(-10.5455208376787,-30.6916041377807,1.99999999999999));
#6198=CARTESIAN_POINT('',(-10.7593463888388,-30.8959806460226,1.99999999999999));
#6199=CARTESIAN_POINT('',(-10.9868017595163,-31.0929130533694,1.99999999999999));
#6200=CARTESIAN_POINT('',(-11.2390404929603,-31.2873488004578,1.99999999999999));
#6201=CARTESIAN_POINT('',(-11.5119561840794,-31.468046026527,1.99999999999999));
#6202=CARTESIAN_POINT('',(-11.7681769414178,-31.6102254346338,1.99999999999999));
#6203=CARTESIAN_POINT('',(-11.9778289758496,-31.70876932742,1.99999999999999));
#6204=CARTESIAN_POINT('',(-12.1661984768441,-31.7852080591241,1.99999999999999));
#6205=CARTESIAN_POINT('',(-12.3611281224025,-31.8520406247964,1.99999999999999));
#6206=CARTESIAN_POINT('',(-12.5740017604987,-31.9102500697023,1.99999999999999));
#6207=CARTESIAN_POINT('',(-12.7961573558855,-31.9554052504372,1.99999999999999));
#6208=CARTESIAN_POINT('',(-13.0117221620484,-31.9841141439461,1.99999999999999));
#6209=CARTESIAN_POINT('',(-13.2017955071607,-31.997557700581,1.99999999999999));
#6210=CARTESIAN_POINT('',(-13.3159284737549,-32.,1.99999999999999));
#6211=CARTESIAN_POINT('',(-13.3667412419591,-32.,1.99999999999999));
#6212=CARTESIAN_POINT('',(-13.3667412419591,-32.,1.99999999999999));
#6213=VECTOR('',#6214,1.);
#6214=DIRECTION('',(0.,0.,-1.));
#6215=CARTESIAN_POINT('',(-27.999999999991,-32.,2.));
#6216=VECTOR('',#6217,1.);
#6217=DIRECTION('',(1.,0.,-2.73131429898129E-16));
#6218=CARTESIAN_POINT('',(-27.999999999991,-32.,2.));
#6219=VECTOR('',#6220,1.);
#6220=DIRECTION('',(0.577350269189624,0.577350269189627,0.577350269189626));
#6221=CARTESIAN_POINT('',(-15.9999999999327,0.999999999941778,4.));
#6222=VECTOR('',#6223,1.);
#6223=DIRECTION('',(-0.678598344550841,-0.281084637707216,-0.678598344544003));
#6224=CARTESIAN_POINT('',(-14.999999999991,-9.16011124441172E-16,16.999999999983));
#6225=CARTESIAN_POINT('',(-14.9999999999695,-2.1506960441872E-11,4.));
#6226=CARTESIAN_POINT('',(-14.999999999991,-1.22464679914735E-16,4.));
#6227=VECTOR('',#6228,1.);
#6228=DIRECTION('',(0.,-5.62367013162209E-17,1.));
#6229=CARTESIAN_POINT('',(-14.999999999991,-8.53541797024653E-16,16.999999999983));
#6230=CARTESIAN_POINT('',(-14.9042565728631,-0.0957434271262832,17.0239359391378));
#6231=CARTESIAN_POINT('',(-14.6973752476305,-0.302624752358849,17.0758882901478));
#6232=CARTESIAN_POINT('',(-14.3640240837716,-0.635975916229839,17.1604303318524));
#6233=CARTESIAN_POINT('',(-14.126460926651,-0.873539073369422,17.2213814097838));
#6234=CARTESIAN_POINT('',(-14.0000000000122,-1.00000000002127,17.2540333075689));
#6235=CARTESIAN_POINT('',(-15.9999999999327,0.999999999941778,4.));
#6236=VECTOR('',#6237,1.);
#6237=DIRECTION('',(0.707106781186547,-0.707106781186548,3.14018491741531E-16));
#6238=CARTESIAN_POINT('',(7.77350269208814,-14.1362299398713,6.46410161515834));
#6239=CARTESIAN_POINT('',(13.8564064606266,-30.8148606234146,16.9999999998251));
#6240=CARTESIAN_POINT('',(13.8468723333817,-30.8015473128031,16.9834864070313));
#6241=CARTESIAN_POINT('',(13.8362943827056,-30.7910358047817,16.9651648590203));
#6242=CARTESIAN_POINT('',(13.6623602223678,-30.5370392143161,16.6639020561431));
#6243=CARTESIAN_POINT('',(13.4936301193162,-30.3030029837301,16.3716529448912));
#6244=CARTESIAN_POINT('',(13.0845651411512,-29.6595848941738,15.6631316191121));
#6245=CARTESIAN_POINT('',(12.8482925683388,-29.2411099435974,15.2538955185658));
#6246=CARTESIAN_POINT('',(12.403227462487,-28.3543970110082,14.4830201425539));
#6247=CARTESIAN_POINT('',(12.1933653393838,-27.8829727387733,14.1195282827547));
#6248=CARTESIAN_POINT('',(11.8052258031239,-26.8994497864829,13.4472508855259));
#6249=CARTESIAN_POINT('',(11.62709002411,-26.3809231071221,13.1387106656278));
#6250=CARTESIAN_POINT('',(11.2991307879504,-25.3204060444015,12.5706686057875));
#6251=CARTESIAN_POINT('',(11.1533366144444,-24.7720890951586,12.3181456898275));
#6252=CARTESIAN_POINT('',(10.8738355439091,-23.6423246057865,11.8340356348902));
#6253=CARTESIAN_POINT('',(10.7496381967112,-23.0543744811962,11.618919519378));
#6254=CARTESIAN_POINT('',(10.4998408450412,-21.8591189293069,11.1862578146892));
#6255=CARTESIAN_POINT('',(10.3893608100401,-21.2456005771929,10.9949007808453));
#6256=CARTESIAN_POINT('',(10.1417119044326,-20.0087242659867,10.565960293894));
#6257=CARTESIAN_POINT('',(10.0272690416845,-19.3740280975164,10.3677394410504));
#6258=CARTESIAN_POINT('',(9.77013983002434,-18.2639024334592,9.92237858234474));
#6259=CARTESIAN_POINT('',(9.6567021044998,-17.770611487927,9.72589867824107));
#6260=CARTESIAN_POINT('',(9.43073186264911,-17.0125525392053,9.33450673835682));
#6261=CARTESIAN_POINT('',(9.34116039720907,-16.7256463437397,9.17936440930618));
#6262=CARTESIAN_POINT('',(9.155331026713,-16.224251876091,8.85749849806825));
#6263=CARTESIAN_POINT('',(9.06454466199018,-15.9975393783357,8.70025190173375));
#6264=CARTESIAN_POINT('',(8.88358225127415,-15.6071756607093,8.38681581211326));
#6265=CARTESIAN_POINT('',(8.79584134236107,-15.4338291878494,8.23484409997345));
#6266=CARTESIAN_POINT('',(8.61308057523157,-15.1152271236855,7.91829316567471));
#6267=CARTESIAN_POINT('',(8.51730266975092,-14.9653000760391,7.75240096713961));
#6268=CARTESIAN_POINT('',(8.32408130580521,-14.6977368422681,7.41773174767768));
#6269=CARTESIAN_POINT('',(8.22529194128602,-14.5767397814455,7.2466235490829));
#6270=CARTESIAN_POINT('',(8.02425768025601,-14.3574060267549,6.89842199491667));
#6271=CARTESIAN_POINT('',(7.92010442655917,-14.2587546889079,6.71802326774003));
#6272=CARTESIAN_POINT('',(7.80730279590009,-14.1638930606137,6.52264511226176));
#6273=CARTESIAN_POINT('',(7.79929800011814,-14.1573009289393,6.50878039926321));
#6274=CARTESIAN_POINT('',(7.78537675276337,-14.1458475223472,6.48466809154));
#6275=CARTESIAN_POINT('',(7.7794797403886,-14.1407932832319,6.47445416649403));
#6276=CARTESIAN_POINT('',(7.77350269209815,-14.136229939879,6.46410161517566));
#6277=CARTESIAN_POINT('',(12.1832783160872,-32.,16.9999999998251));
#6278=CARTESIAN_POINT('',(14.6261131874732,-32.,18.5133357550107));
#6279=CARTESIAN_POINT('',(14.5241828817414,-32.,18.4501369557387));
#6280=CARTESIAN_POINT('',(14.3204751360251,-32.,18.3239926069247));
#6281=CARTESIAN_POINT('',(14.0153515504558,-32.,18.1350495645628));
#6282=CARTESIAN_POINT('',(13.7925198667745,-32.,17.9962107735903));
#6283=CARTESIAN_POINT('',(13.5904357242327,-32.,17.8704854597344));
#6284=CARTESIAN_POINT('',(13.3889239650276,-32.,17.745270924581));
#6285=CARTESIAN_POINT('',(13.1055169489544,-32.,17.5705190922119));
#6286=CARTESIAN_POINT('',(12.8001962973913,-32.,17.3829634476572));
#6287=CARTESIAN_POINT('',(12.5767010279024,-32.,17.2421044870846));
#6288=CARTESIAN_POINT('',(12.3704649423325,-32.,17.1146542388144));
#6289=CARTESIAN_POINT('',(12.2665451697999,-32.,17.0508501621327));
#6290=CARTESIAN_POINT('',(12.1832783160872,-32.,16.9999999998251));
#6291=CARTESIAN_POINT('',(6.25459011783626,-15.329334638621,6.56314038996946));
#6292=CARTESIAN_POINT('',(12.1832783160872,-32.,16.9999999998251));
#6293=CARTESIAN_POINT('',(12.1386597581508,-31.9476244940316,16.9286868050288));
#6294=CARTESIAN_POINT('',(12.0438290410075,-31.8377995304777,16.7814380659803));
#6295=CARTESIAN_POINT('',(11.9047798144978,-31.6776473937801,16.5733407133677));
#6296=CARTESIAN_POINT('',(11.7559028750426,-31.502868513303,16.3531291667851));
#6297=CARTESIAN_POINT('',(11.6128044315158,-31.3267343032626,16.1383541062645));
#6298=CARTESIAN_POINT('',(11.4617149573766,-31.1287755499171,15.9053138375114));
#6299=CARTESIAN_POINT('',(11.3055793899329,-30.9240035430057,15.6726027744106));
#6300=CARTESIAN_POINT('',(11.1329816518677,-30.6922383136107,15.4194260153619));
#6301=CARTESIAN_POINT('',(10.9489125613046,-30.437752074959,15.1531864647987));
#6302=CARTESIAN_POINT('',(10.7544316211208,-30.1578324903616,14.8736604961436));
#6303=CARTESIAN_POINT('',(10.5315432576774,-29.8182279696274,14.5512569655735));
#6304=CARTESIAN_POINT('',(10.2818135619424,-29.4209864484921,14.1971964931188));
#6305=CARTESIAN_POINT('',(10.018412206573,-28.9762035567407,13.8290669214176));
#6306=CARTESIAN_POINT('',(9.77452749898177,-28.5344074217904,13.4891806606751));
#6307=CARTESIAN_POINT('',(9.54326936117475,-28.0896978013253,13.1701554938316));
#6308=CARTESIAN_POINT('',(9.30884725244158,-27.6133362113586,12.8515128561069));
#6309=CARTESIAN_POINT('',(9.07938230116665,-27.112363266818,12.541305543978));
#6310=CARTESIAN_POINT('',(8.85829812845171,-26.5875248206542,12.2407121505402));
#6311=CARTESIAN_POINT('',(8.65455633543409,-26.0689054004604,11.9651722168293));
#6312=CARTESIAN_POINT('',(8.46155520144275,-25.5389541690644,11.7036976864943));
#6313=CARTESIAN_POINT('',(8.27971632524273,-24.9990220460421,11.4554243591771));
#6314=CARTESIAN_POINT('',(8.1086309357852,-24.4430353048851,11.2168969714319));
#6315=CARTESIAN_POINT('',(7.9499264660461,-23.8815934806285,10.9913359470099));
#6316=CARTESIAN_POINT('',(7.80879970370686,-23.3453386145891,10.7878873536155));
#6317=CARTESIAN_POINT('',(7.68330041914198,-22.8322184919604,10.6018938096857));
#6318=CARTESIAN_POINT('',(7.56735577724249,-22.3175762599467,10.421813877811));
#6319=CARTESIAN_POINT('',(7.45371661309978,-21.7773860560791,10.2378447975784));
#6320=CARTESIAN_POINT('',(7.34099285101873,-21.2162575317329,10.0495399779762));
#6321=CARTESIAN_POINT('',(7.23797112751995,-20.6650249883721,9.86411758999628));
#6322=CARTESIAN_POINT('',(7.14260931370397,-20.1213598176128,9.67742442074728));
#6323=CARTESIAN_POINT('',(7.05004775490781,-19.5686657213583,9.48003001317196));
#6324=CARTESIAN_POINT('',(6.9562875215557,-18.9817194197134,9.25652066340005));
#6325=CARTESIAN_POINT('',(6.86700941265583,-18.3892473621159,9.00814904712424));
#6326=CARTESIAN_POINT('',(6.78707192218199,-17.8239786634827,8.7391887974342));
#6327=CARTESIAN_POINT('',(6.71863441741976,-17.3234557362225,8.46442104657684));
#6328=CARTESIAN_POINT('',(6.65668093215645,-16.8726422858421,8.17666061716976));
#6329=CARTESIAN_POINT('',(6.59597766063706,-16.4700033886232,7.87480038769682));
#6330=CARTESIAN_POINT('',(6.52629100816281,-16.0982128826458,7.54330355657119));
#6331=CARTESIAN_POINT('',(6.44629594078969,-15.7837496286781,7.2056303766721));
#6332=CARTESIAN_POINT('',(6.35304259374252,-15.5281928003273,6.87502619139945));
#6333=CARTESIAN_POINT('',(6.28941430494177,-15.3895742239849,6.66298707120032));
#6334=CARTESIAN_POINT('',(6.25459011783626,-15.329334638621,6.56314038996946));
#6335=CARTESIAN_POINT('',(7.71843527962979,-14.2044618809404,6.49589480054149));
#6336=CARTESIAN_POINT('',(6.25459011783626,-15.329334638621,6.56314038996946));
#6337=CARTESIAN_POINT('',(6.28499650785386,-15.3053835303239,6.56110157370245));
#6338=CARTESIAN_POINT('',(6.34875638496264,-15.2552027524165,6.55688062736609));
#6339=CARTESIAN_POINT('',(6.45371597267268,-15.1727346886328,6.55009850582015));
#6340=CARTESIAN_POINT('',(6.56876654099674,-15.0824885529184,6.542832629296));
#6341=CARTESIAN_POINT('',(6.68883750540134,-14.9884936806011,6.53544546053322));
#6342=CARTESIAN_POINT('',(6.80211795885524,-14.8998328404192,6.52846691249202));
#6343=CARTESIAN_POINT('',(6.91265510834407,-14.8137970980902,6.52217913098474));
#6344=CARTESIAN_POINT('',(7.02724896380363,-14.7252910080573,6.51641776236803));
#6345=CARTESIAN_POINT('',(7.15130162313498,-14.6302060962755,6.51097017087156));
#6346=CARTESIAN_POINT('',(7.28456857568397,-14.5288434917309,6.50605873090775));
#6347=CARTESIAN_POINT('',(7.42392888228271,-14.4236814742353,6.50187608818148));
#6348=CARTESIAN_POINT('',(7.56947381482635,-14.3148079121608,6.49839206884268));
#6349=CARTESIAN_POINT('',(7.66824193851044,-14.2415430641594,6.49663761552925));
#6350=CARTESIAN_POINT('',(7.71843527962956,-14.2044618809404,6.49589480054152));
#6351=CARTESIAN_POINT('',(7.71843527962956,-14.2044618809404,6.49589480054152));
#6352=CARTESIAN_POINT('',(7.7230194031518,-14.1987627034101,6.49324815559201));
#6353=CARTESIAN_POINT('',(7.73218419014146,-14.1873592945389,6.48795686335674));
#6354=CARTESIAN_POINT('',(7.74592997839939,-14.1702703729612,6.48002072880594));
#6355=CARTESIAN_POINT('',(7.75969529683229,-14.1532137948187,6.47207331850223));
#6356=CARTESIAN_POINT('',(7.76889459564496,-14.1418821510702,6.46676210085439));
#6357=CARTESIAN_POINT('',(7.77350269207634,-14.1362299398714,6.46410161513781));
#6358=CARTESIAN_POINT('',(7.77350269207814,-1.,6.46410161514101));
#6359=CARTESIAN_POINT('',(7.77350269207814,-1.,6.46410161514101));
#6360=VECTOR('',#6361,1.);
#6361=DIRECTION('',(0.,-1.,-6.76128861755705E-17));
#6362=CARTESIAN_POINT('',(7.77350269207814,-1.,6.46410161514101));
#6363=VECTOR('',#6364,1.);
#6364=DIRECTION('',(0.499999999999784,-3.65030606061885E-17,0.866025403784563));
#6365=CARTESIAN_POINT('',(14.9999999999695,-2.1506960441872E-11,4.));
#6366=CARTESIAN_POINT('',(15.9999999999327,0.999999999941778,4.));
#6367=VECTOR('',#6368,1.);
#6368=DIRECTION('',(-0.707106781186548,-0.707106781186547,3.14018491741531E-16));
#6369=CARTESIAN_POINT('',(14.999999999991,-9.16011124441172E-16,16.999999999983));
#6370=CARTESIAN_POINT('',(14.999999999991,-8.53541797024653E-16,16.999999999983));
#6371=CARTESIAN_POINT('',(14.9042565728631,-0.0957434271262861,17.0239359391378));
#6372=CARTESIAN_POINT('',(14.6973752476305,-0.302624752358857,17.0758882901477));
#6373=CARTESIAN_POINT('',(14.3640240837716,-0.635975916229863,17.1604303318522));
#6374=CARTESIAN_POINT('',(14.126460926651,-0.873539073369452,17.2213814097836));
#6375=CARTESIAN_POINT('',(14.0000000000122,-1.00000000002131,17.2540333075686));
#6376=CARTESIAN_POINT('',(14.999999999991,-1.22464679914735E-16,3.99999999999999));
#6377=VECTOR('',#6378,1.);
#6378=DIRECTION('',(-1.36642833800198E-16,-5.62367013162209E-17,1.));
#6379=CARTESIAN_POINT('',(-7.77350269207814,-1.,6.46410161514101));
#6380=CARTESIAN_POINT('',(-7.77350269207814,-1.,6.46410161514101));
#6381=VECTOR('',#6382,1.);
#6382=DIRECTION('',(-0.499999999999784,-3.65030606061885E-17,0.866025403784563));
#6383=CARTESIAN_POINT('',(-7.77350269208814,-14.1362299398713,6.46410161515834));
#6384=CARTESIAN_POINT('',(-7.77350269207814,-1.,6.46410161514101));
#6385=VECTOR('',#6386,1.);
#6386=DIRECTION('',(0.,-1.,-1.35225772351141E-16));
#6387=CARTESIAN_POINT('',(-13.8564064606266,-30.8148606234146,16.9999999998251));
#6388=CARTESIAN_POINT('',(-13.8468723333817,-30.8015473128031,16.9834864070313));
#6389=CARTESIAN_POINT('',(-13.8362943827056,-30.7910358047817,16.9651648590203));
#6390=CARTESIAN_POINT('',(-13.6623602223678,-30.5370392143161,16.6639020561431));
#6391=CARTESIAN_POINT('',(-13.4936301193162,-30.3030029837301,16.3716529448912));
#6392=CARTESIAN_POINT('',(-13.0845651411512,-29.6595848941738,15.6631316191121));
#6393=CARTESIAN_POINT('',(-12.8482925683388,-29.2411099435974,15.2538955185658));
#6394=CARTESIAN_POINT('',(-12.403227462487,-28.3543970110082,14.4830201425539));
#6395=CARTESIAN_POINT('',(-12.1933653393838,-27.8829727387733,14.1195282827547));
#6396=CARTESIAN_POINT('',(-11.8052258031239,-26.8994497864829,13.4472508855259));
#6397=CARTESIAN_POINT('',(-11.62709002411,-26.3809231071221,13.1387106656278));
#6398=CARTESIAN_POINT('',(-11.2991307879504,-25.3204060444015,12.5706686057875));
#6399=CARTESIAN_POINT('',(-11.1533366144444,-24.7720890951586,12.3181456898275));
#6400=CARTESIAN_POINT('',(-10.8738355439091,-23.6423246057865,11.8340356348902));
#6401=CARTESIAN_POINT('',(-10.7496381967112,-23.0543744811962,11.618919519378));
#6402=CARTESIAN_POINT('',(-10.4998408450412,-21.8591189293069,11.1862578146892));
#6403=CARTESIAN_POINT('',(-10.3893608100401,-21.2456005771929,10.9949007808453));
#6404=CARTESIAN_POINT('',(-10.1417119044326,-20.0087242659867,10.565960293894));
#6405=CARTESIAN_POINT('',(-10.0272690416845,-19.3740280975164,10.3677394410504));
#6406=CARTESIAN_POINT('',(-9.77013983002434,-18.2639024334592,9.92237858234474));
#6407=CARTESIAN_POINT('',(-9.6567021044998,-17.770611487927,9.72589867824107));
#6408=CARTESIAN_POINT('',(-9.43073186264911,-17.0125525392053,9.33450673835682));
#6409=CARTESIAN_POINT('',(-9.34116039720907,-16.7256463437397,9.17936440930618));
#6410=CARTESIAN_POINT('',(-9.155331026713,-16.224251876091,8.85749849806825));
#6411=CARTESIAN_POINT('',(-9.06454466199018,-15.9975393783357,8.70025190173375));
#6412=CARTESIAN_POINT('',(-8.88358225127415,-15.6071756607093,8.38681581211326));
#6413=CARTESIAN_POINT('',(-8.79584134236107,-15.4338291878494,8.23484409997345));
#6414=CARTESIAN_POINT('',(-8.61308057523157,-15.1152271236855,7.91829316567471));
#6415=CARTESIAN_POINT('',(-8.51730266975092,-14.9653000760391,7.75240096713961));
#6416=CARTESIAN_POINT('',(-8.32408130580521,-14.6977368422681,7.41773174767767));
#6417=CARTESIAN_POINT('',(-8.22529194128602,-14.5767397814455,7.2466235490829));
#6418=CARTESIAN_POINT('',(-8.02425768025601,-14.3574060267549,6.89842199491667));
#6419=CARTESIAN_POINT('',(-7.92010442655917,-14.2587546889079,6.71802326774003));
#6420=CARTESIAN_POINT('',(-7.80730279590009,-14.1638930606137,6.52264511226176));
#6421=CARTESIAN_POINT('',(-7.79929800011814,-14.1573009289393,6.5087803992632));
#6422=CARTESIAN_POINT('',(-7.78537675276337,-14.1458475223472,6.48466809154));
#6423=CARTESIAN_POINT('',(-7.7794797403886,-14.1407932832319,6.47445416649403));
#6424=CARTESIAN_POINT('',(-7.77350269209815,-14.136229939879,6.46410161517566));
#6425=CARTESIAN_POINT('',(-7.71843527962979,-14.2044618809404,6.49589480054149));
#6426=CARTESIAN_POINT('',(-7.71843527962956,-14.2044618809404,6.49589480054152));
#6427=CARTESIAN_POINT('',(-7.7230194031518,-14.1987627034101,6.493248155592));
#6428=CARTESIAN_POINT('',(-7.73218419014147,-14.187359294539,6.48795686335673));
#6429=CARTESIAN_POINT('',(-7.7459299783994,-14.1702703729612,6.48002072880593));
#6430=CARTESIAN_POINT('',(-7.75969529683232,-14.1532137948188,6.47207331850221));
#6431=CARTESIAN_POINT('',(-7.76889459564499,-14.1418821510703,6.46676210085436));
#6432=CARTESIAN_POINT('',(-7.77350269207636,-14.1362299398714,6.46410161513777));
#6433=CARTESIAN_POINT('',(-6.25459011783626,-15.329334638621,6.56314038996946));
#6434=CARTESIAN_POINT('',(-6.25459011783626,-15.329334638621,6.56314038996946));
#6435=CARTESIAN_POINT('',(-6.28499650785386,-15.3053835303239,6.56110157370246));
#6436=CARTESIAN_POINT('',(-6.34875638496264,-15.2552027524165,6.5568806273661));
#6437=CARTESIAN_POINT('',(-6.45371597267268,-15.1727346886328,6.55009850582016));
#6438=CARTESIAN_POINT('',(-6.56876654099674,-15.0824885529184,6.542832629296));
#6439=CARTESIAN_POINT('',(-6.68883750540134,-14.9884936806011,6.53544546053322));
#6440=CARTESIAN_POINT('',(-6.80211795885524,-14.8998328404192,6.52846691249202));
#6441=CARTESIAN_POINT('',(-6.91265510834407,-14.8137970980902,6.52217913098474));
#6442=CARTESIAN_POINT('',(-7.02724896380363,-14.7252910080573,6.51641776236803));
#6443=CARTESIAN_POINT('',(-7.15130162313498,-14.6302060962755,6.51097017087156));
#6444=CARTESIAN_POINT('',(-7.28456857568397,-14.5288434917309,6.50605873090775));
#6445=CARTESIAN_POINT('',(-7.42392888228271,-14.4236814742353,6.50187608818148));
#6446=CARTESIAN_POINT('',(-7.56947381482635,-14.3148079121608,6.49839206884268));
#6447=CARTESIAN_POINT('',(-7.66824193851044,-14.2415430641594,6.49663761552925));
#6448=CARTESIAN_POINT('',(-7.71843527962956,-14.2044618809404,6.49589480054152));
#6449=CARTESIAN_POINT('',(-12.1832783160872,-32.,16.9999999998251));
#6450=CARTESIAN_POINT('',(-12.1832783160872,-32.,16.9999999998251));
#6451=CARTESIAN_POINT('',(-12.1386597581508,-31.9476244940316,16.9286868050287));
#6452=CARTESIAN_POINT('',(-12.0438290410074,-31.8377995304776,16.7814380659801));
#6453=CARTESIAN_POINT('',(-11.9047798144976,-31.6776473937798,16.5733407133674));
#6454=CARTESIAN_POINT('',(-11.7559028750422,-31.5028685133026,16.3531291667846));
#6455=CARTESIAN_POINT('',(-11.6128044315152,-31.3267343032618,16.1383541062636));
#6456=CARTESIAN_POINT('',(-11.4617149573751,-31.1287755499151,15.9053138375091));
#6457=CARTESIAN_POINT('',(-11.3055793899298,-30.9240035430016,15.6726027744059));
#6458=CARTESIAN_POINT('',(-11.1329816518624,-30.6922383136035,15.4194260153541));
#6459=CARTESIAN_POINT('',(-10.948912561298,-30.4377520749497,15.1531864647892));
#6460=CARTESIAN_POINT('',(-10.7544316211138,-30.1578324903512,14.8736604961334));
#6461=CARTESIAN_POINT('',(-10.5315432576715,-29.8182279696181,14.5512569655651));
#6462=CARTESIAN_POINT('',(-10.2818135619383,-29.4209864484852,14.197196493113));
#6463=CARTESIAN_POINT('',(-10.0184122065718,-28.9762035567385,13.8290669214159));
#6464=CARTESIAN_POINT('',(-9.77452749898263,-28.5344074217919,13.4891806606763));
#6465=CARTESIAN_POINT('',(-9.54326936117723,-28.0896978013302,13.170155493835));
#6466=CARTESIAN_POINT('',(-9.30884725244489,-27.6133362113654,12.8515128561113));
#6467=CARTESIAN_POINT('',(-9.07938230117055,-27.1123632668268,12.5413055439833));
#6468=CARTESIAN_POINT('',(-8.85829812845628,-26.5875248206653,12.2407121505464));
#6469=CARTESIAN_POINT('',(-8.65455633543897,-26.0689054004732,11.9651722168359));
#6470=CARTESIAN_POINT('',(-8.46155520144761,-25.5389541690782,11.7036976865008));
#6471=CARTESIAN_POINT('',(-8.27971632524697,-24.9990220460552,11.4554243591829));
#6472=CARTESIAN_POINT('',(-8.10863093578882,-24.4430353048974,11.2168969714369));
#6473=CARTESIAN_POINT('',(-7.94992646604929,-23.8815934806402,10.9913359470144));
#6474=CARTESIAN_POINT('',(-7.80879970370967,-23.3453386146001,10.7878873536195));
#6475=CARTESIAN_POINT('',(-7.68330041914454,-22.8322184919713,10.6018938096896));
#6476=CARTESIAN_POINT('',(-7.56735577724458,-22.3175762599563,10.4218138778143));
#6477=CARTESIAN_POINT('',(-7.45371661310122,-21.7773860560861,10.2378447975808));
#6478=CARTESIAN_POINT('',(-7.34099285101897,-21.2162575317342,10.0495399779766));
#6479=CARTESIAN_POINT('',(-7.23797112751924,-20.6650249883682,9.86411758999497));
#6480=CARTESIAN_POINT('',(-7.14260931370276,-20.1213598176057,9.67742442074478));
#6481=CARTESIAN_POINT('',(-7.05004775490652,-19.5686657213504,9.48003001316908));
#6482=CARTESIAN_POINT('',(-6.95628752155448,-18.9817194197053,9.25652066339685));
#6483=CARTESIAN_POINT('',(-6.86700941265456,-18.3892473621072,9.00814904712037));
#6484=CARTESIAN_POINT('',(-6.78707192218066,-17.823978663473,8.73918879742929));
#6485=CARTESIAN_POINT('',(-6.71863441741841,-17.3234557362123,8.46442104657084));
#6486=CARTESIAN_POINT('',(-6.656680932155,-16.8726422858319,8.17666061716271));
#6487=CARTESIAN_POINT('',(-6.59597766063537,-16.4700033886131,7.87480038768866));
#6488=CARTESIAN_POINT('',(-6.52629100816069,-16.0982128826359,7.54330355656152));
#6489=CARTESIAN_POINT('',(-6.44629594078716,-15.7837496286697,7.20563037666211));
#6490=CARTESIAN_POINT('',(-6.35304259374042,-15.5281928003226,6.87502619139243));
#6491=CARTESIAN_POINT('',(-6.28941430494075,-15.3895742239831,6.66298707119735));
#6492=CARTESIAN_POINT('',(-6.25459011783627,-15.329334638621,6.56314038996945));
#6493=CARTESIAN_POINT('',(-14.6261131874732,-32.,18.5133357550107));
#6494=CARTESIAN_POINT('',(-14.5241828817414,-32.,18.4501369557386));
#6495=CARTESIAN_POINT('',(-14.3204751360252,-32.,18.3239926069247));
#6496=CARTESIAN_POINT('',(-14.0153515504558,-32.,18.1350495645627));
#6497=CARTESIAN_POINT('',(-13.7925198667746,-32.,17.9962107735901));
#6498=CARTESIAN_POINT('',(-13.5904357242328,-32.,17.8704854597342));
#6499=CARTESIAN_POINT('',(-13.3889239650277,-32.,17.7452709245808));
#6500=CARTESIAN_POINT('',(-13.1055169489545,-32.,17.5705190922117));
#6501=CARTESIAN_POINT('',(-12.8001962973915,-32.,17.382963447657));
#6502=CARTESIAN_POINT('',(-12.5767010279026,-32.,17.2421044870843));
#6503=CARTESIAN_POINT('',(-12.3704649423327,-32.,17.114654238814));
#6504=CARTESIAN_POINT('',(-12.2665451698001,-32.,17.0508501621323));
#6505=CARTESIAN_POINT('',(-12.1832783160875,-32.,16.9999999998247));
#6506=CARTESIAN_POINT('',(-11.0599502710095,-32.,16.9999999998251));
#6507=CARTESIAN_POINT('',(-11.0599502710095,-32.,16.9999999998251));
#6508=VECTOR('',#6509,1.);
#6509=DIRECTION('',(-1.,0.,0.));
#6510=CARTESIAN_POINT('',(11.0599502710095,-32.,16.9999999998251));
#6511=AXIS2_PLACEMENT_3D('',#6512,#6513,#6514);
#6512=CARTESIAN_POINT('',(6.12323399573676E-15,-32.,25.));
#6513=DIRECTION('',(-3.08148791101958E-33,1.,6.12323399573677E-17));
#6514=DIRECTION('',(-0.81025276710692,3.58870856900842E-17,-0.586080586093397));
#6515=CARTESIAN_POINT('',(11.0599502710095,-32.,16.9999999998251));
#6516=VECTOR('',#6517,1.);
#6517=DIRECTION('',(1.,0.,0.));
#6518=CARTESIAN_POINT('',(-10.1730962902883,-22.1720425280563,32.5186841846511));
#6519=CARTESIAN_POINT('',(-8.4223861585181,-21.2859582543511,34.4385333286906));
#6520=CARTESIAN_POINT('',(-8.4223861585181,-21.2859582543511,34.4385333286906));
#6521=CARTESIAN_POINT('',(-9.07087738604168,-21.5530390526117,33.8598583006529));
#6522=CARTESIAN_POINT('',(-9.65651171443634,-21.8494452703605,33.217644867552));
#6523=CARTESIAN_POINT('',(-10.1730962902883,-22.1720425280563,32.5186841846511));
#6524=CARTESIAN_POINT('',(-14.1233632018538,-22.1720425280563,32.5186841846511));
#6525=VECTOR('',#6526,1.);
#6526=DIRECTION('',(1.,-8.99360412431618E-16,-1.79872082486324E-15));
#6527=CARTESIAN_POINT('',(-12.9195235439701,-21.2859582543511,34.4385333286906));
#6528=VECTOR('',#6529,1.);
#6529=DIRECTION('',(1.,0.,-1.57998894598744E-15));
#6530=CARTESIAN_POINT('',(-12.4105261694778,-4.59803776623548,22.5502367059843));
#6531=CARTESIAN_POINT('',(-10.1730962935663,-22.1720425280563,32.5186841834933));
#6532=CARTESIAN_POINT('',(-10.1730953330121,-22.1682630968876,32.5186854813953));
#6533=CARTESIAN_POINT('',(-10.1730701950006,-21.9706002236823,32.518719444973));
#6534=CARTESIAN_POINT('',(-10.1756315545203,-21.5770299990739,32.5152557450667));
#6535=CARTESIAN_POINT('',(-10.1874136386605,-20.9923525858169,32.4992888026475));
#6536=CARTESIAN_POINT('',(-10.2073805429223,-20.4103104250766,32.4721097025734));
#6537=CARTESIAN_POINT('',(-10.2354361772627,-19.8344950923869,32.4336615494555));
#6538=CARTESIAN_POINT('',(-10.2713123636228,-19.2678388916633,32.3840489076107));
#6539=CARTESIAN_POINT('',(-10.3147539689717,-18.7104467662707,32.3232872303602));
#6540=CARTESIAN_POINT('',(-10.3651860924239,-18.1649720113079,32.2517823269475));
#6541=CARTESIAN_POINT('',(-10.4223977507172,-17.6291569171259,32.1693720248096));
#6542=CARTESIAN_POINT('',(-10.4856858710779,-17.1054797492866,32.0765504120435));
#6543=CARTESIAN_POINT('',(-10.5544916713008,-16.5941239816667,31.9735745280155));
#6544=CARTESIAN_POINT('',(-10.6275081408856,-16.0997953472264,31.8618459813481));
#6545=CARTESIAN_POINT('',(-10.7043194739321,-15.6203040744149,31.7414557310768));
#6546=CARTESIAN_POINT('',(-10.7838426841511,-15.1579547307089,31.6135636188723));
#6547=CARTESIAN_POINT('',(-10.865746734131,-14.7105405071006,31.4781712073824));
#6548=CARTESIAN_POINT('',(-10.9489161755905,-14.2802878867642,31.3366441131568));
#6549=CARTESIAN_POINT('',(-11.0335502464312,-13.862808584299,31.1881609912739));
#6550=CARTESIAN_POINT('',(-11.121458871733,-13.4469141986153,31.0288837745681));
#6551=CARTESIAN_POINT('',(-11.2152367957661,-13.019797147238,30.8528417952688));
#6552=CARTESIAN_POINT('',(-11.3273826483366,-12.5266162014816,30.6336051544096));
#6553=CARTESIAN_POINT('',(-11.4549612623407,-11.9854134269296,30.370551352073));
#6554=CARTESIAN_POINT('',(-11.5934756551168,-11.4153671613185,30.0648205621991));
#6555=CARTESIAN_POINT('',(-11.7128303303345,-10.9333910823831,29.7813144139311));
#6556=CARTESIAN_POINT('',(-11.8103936756427,-10.542009352839,29.5336253254647));
#6557=CARTESIAN_POINT('',(-11.884542000061,-10.2446683422432,29.3351577584654));
#6558=CARTESIAN_POINT('',(-11.9505140954557,-9.97920240770935,29.149643877547));
#6559=CARTESIAN_POINT('',(-12.0110361887668,-9.73411013449028,28.9710736082764));
#6560=CARTESIAN_POINT('',(-12.0691631509321,-9.49644364019816,28.7907465203606));
#6561=CARTESIAN_POINT('',(-12.1308513950018,-9.24093197435642,28.5890778691034));
#6562=CARTESIAN_POINT('',(-12.1957404439686,-8.9669193009365,28.3628527728017));
#6563=CARTESIAN_POINT('',(-12.2628598041054,-8.67507669969133,28.1093785941662));
#6564=CARTESIAN_POINT('',(-12.3208480366542,-8.41321473133452,27.8702232754651));
#6565=CARTESIAN_POINT('',(-12.3704295619124,-8.17975767145342,27.6475004527582));
#6566=CARTESIAN_POINT('',(-12.412441173109,-7.9732873203196,27.4430633730409));
#6567=CARTESIAN_POINT('',(-12.4516649240693,-7.77046561994621,27.2346722547387));
#6568=CARTESIAN_POINT('',(-12.4919410668162,-7.54923386500667,26.9988427599923));
#6569=CARTESIAN_POINT('',(-12.5318330529023,-7.3106893690949,26.7334476818806));
#6570=CARTESIAN_POINT('',(-12.5694186108539,-7.05628885643253,26.4362636683881));
#6571=CARTESIAN_POINT('',(-12.5980853602499,-6.82759433963863,26.155740198869));
#6572=CARTESIAN_POINT('',(-12.6191486206272,-6.62298833910476,25.8937499596425));
#6573=CARTESIAN_POINT('',(-12.6340527839866,-6.44012715592816,25.6507271085407));
#6574=CARTESIAN_POINT('',(-12.6444894835268,-6.25918945061837,25.4010425495506));
#6575=CARTESIAN_POINT('',(-12.6492241677109,-6.10717637391701,25.1831139540689));
#6576=CARTESIAN_POINT('',(-12.6502296793649,-5.9889818894225,25.008541012346));
#6577=CARTESIAN_POINT('',(-12.649388020755,-5.87086237730965,24.8306428118553));
#6578=CARTESIAN_POINT('',(-12.6449325462057,-5.72756232200307,24.6085796911124));
#6579=CARTESIAN_POINT('',(-12.6333579029899,-5.55557553509632,24.3313143286541));
#6580=CARTESIAN_POINT('',(-12.6151418990445,-5.38607214232714,24.0468822459113));
#6581=CARTESIAN_POINT('',(-12.5898930517738,-5.21995670859787,23.7565888131712));
#6582=CARTESIAN_POINT('',(-12.5571902514534,-5.05742408131134,23.4606709682046));
#6583=CARTESIAN_POINT('',(-12.5167936713793,-4.89925953159556,23.1605680319202));
#6584=CARTESIAN_POINT('',(-12.4683963555311,-4.74565138261889,22.8567395769995));
#6585=CARTESIAN_POINT('',(-12.4307452323336,-4.64668831057038,22.6526635076641));
#6586=CARTESIAN_POINT('',(-12.4105261694778,-4.59803776623548,22.5502367059843));
#6587=CARTESIAN_POINT('',(-15.811345920044,-4.59803776623548,22.5502367059843));
#6588=VECTOR('',#6589,1.);
#6589=DIRECTION('',(1.,0.,0.));
#6590=CARTESIAN_POINT('',(-12.6388959562794,-3.71195349253023,24.4700858500238));
#6591=CARTESIAN_POINT('',(-12.6388959562794,-3.71195349253023,24.4700858500238));
#6592=CARTESIAN_POINT('',(-12.6118464525709,-4.00971657241278,23.8249325491435));
#6593=CARTESIAN_POINT('',(-12.5355745028905,-4.3056549103302,23.1837328556161));
#6594=CARTESIAN_POINT('',(-12.4105261694778,-4.59803776623548,22.5502367059843));
#6595=CARTESIAN_POINT('',(-15.9912223108071,-3.71195349253023,24.4700858500238));
#6596=VECTOR('',#6597,1.);
#6597=DIRECTION('',(1.,0.,0.));
#6598=CARTESIAN_POINT('',(-12.6388959562794,-3.71195349253023,24.4700858500238));
#6599=CARTESIAN_POINT('',(-12.6415996524157,-3.74258173978495,24.5345685887852));
#6600=CARTESIAN_POINT('',(-12.6461553399246,-3.806608780858,24.6676132563007));
#6601=CARTESIAN_POINT('',(-12.6494185638509,-3.89389672760508,24.8441387061437));
#6602=CARTESIAN_POINT('',(-12.650146914019,-3.96488695093275,24.9844313417148));
#6603=CARTESIAN_POINT('',(-12.6495358577912,-4.05847925748963,25.1666636539539));
#6604=CARTESIAN_POINT('',(-12.644337508772,-4.19713618110134,25.4290879905088));
#6605=CARTESIAN_POINT('',(-12.6267415127713,-4.40248470605295,25.7993560995057));
#6606=CARTESIAN_POINT('',(-12.5965896115528,-4.62722218109558,26.1830179389025));
#6607=CARTESIAN_POINT('',(-12.5540126829187,-4.86732906654409,26.5707917085861));
#6608=CARTESIAN_POINT('',(-12.4909249738092,-5.16132511943637,27.0204209122105));
#6609=CARTESIAN_POINT('',(-12.3952062789563,-5.53379337591703,27.5506335008745));
#6610=CARTESIAN_POINT('',(-12.2549035091373,-6.00141913482673,28.1582688901796));
#6611=CARTESIAN_POINT('',(-12.0938415637007,-6.48189948730584,28.724269897314));
#6612=CARTESIAN_POINT('',(-11.9211718171619,-6.96314531975842,29.24155085886));
#6613=CARTESIAN_POINT('',(-11.7456776231452,-7.4321799824003,29.7056284843097));
#6614=CARTESIAN_POINT('',(-11.5554396295449,-7.92677662718718,30.1548144266389));
#6615=CARTESIAN_POINT('',(-11.3535401630832,-8.44392215484276,30.5850011544637));
#6616=CARTESIAN_POINT('',(-11.1435104266246,-8.97983553609407,30.9926845598146));
#6617=CARTESIAN_POINT('',(-10.9271644728366,-9.53521660186609,31.3782590128166));
#6618=CARTESIAN_POINT('',(-10.7070190193268,-10.1090179884932,31.740895065573));
#6619=CARTESIAN_POINT('',(-10.4853150660905,-10.7009350612689,32.0804520642656));
#6620=CARTESIAN_POINT('',(-10.2646828721926,-11.3095815497383,32.3963266258985));
#6621=CARTESIAN_POINT('',(-10.0474300292676,-11.9343704614695,32.6885080782749));
#6622=CARTESIAN_POINT('',(-9.83626082621545,-12.5733558189633,32.9565459699588));
#6623=CARTESIAN_POINT('',(-9.63369766842422,-13.2246760836348,33.2003183055749));
#6624=CARTESIAN_POINT('',(-9.44208789929197,-13.8863513036165,33.4199332831179));
#6625=CARTESIAN_POINT('',(-9.26347165196107,-14.5566369280668,33.6157802362696));
#6626=CARTESIAN_POINT('',(-9.09944996453792,-15.2345267299959,33.7885893878342));
#6627=CARTESIAN_POINT('',(-8.93846079468413,-15.9788308350374,33.9522771557802));
#6628=CARTESIAN_POINT('',(-8.78995300738013,-16.7760624201918,34.0979398634844));
#6629=CARTESIAN_POINT('',(-8.66252364709843,-17.6106833487511,34.219044139283));
#6630=CARTESIAN_POINT('',(-8.57601556777583,-18.32790223657,34.2993175559013));
#6631=CARTESIAN_POINT('',(-8.51918050378853,-18.9261339591076,34.3513181120989));
#6632=CARTESIAN_POINT('',(-8.48328777224075,-19.3995403312389,34.3838617822241));
#6633=CARTESIAN_POINT('',(-8.45774607236605,-19.8336367259754,34.4068747042633));
#6634=CARTESIAN_POINT('',(-8.44046782323568,-20.2298912229393,34.4223731182395));
#6635=CARTESIAN_POINT('',(-8.42942805873937,-20.6021098384797,34.4322468725611));
#6636=CARTESIAN_POINT('',(-8.42358449696023,-20.9463383679284,34.4374641898223));
#6637=CARTESIAN_POINT('',(-8.42236355603663,-21.1722717740802,34.4385534993492));
#6638=CARTESIAN_POINT('',(-8.42238470421641,-21.2821787653048,34.4385346261958));
#6639=CARTESIAN_POINT('',(-8.42238615851811,-21.2859582543511,34.4385333286906));
#6640=CARTESIAN_POINT('',(8.42238615851809,-21.2859582543511,34.4385333286906));
#6641=CARTESIAN_POINT('',(10.1730962902883,-22.1720425280563,32.5186841846511));
#6642=CARTESIAN_POINT('',(10.1730962902883,-22.1720425280563,32.518684184651));
#6643=CARTESIAN_POINT('',(9.65651171443634,-21.8494452703605,33.217644867552));
#6644=CARTESIAN_POINT('',(9.07087738604168,-21.5530390526117,33.8598583006528));
#6645=CARTESIAN_POINT('',(8.4223861585181,-21.2859582543511,34.4385333286906));
#6646=CARTESIAN_POINT('',(8.4223861585181,-21.2859582543511,34.4385333286906));
#6647=VECTOR('',#6648,1.);
#6648=DIRECTION('',(1.,0.,0.));
#6649=CARTESIAN_POINT('',(10.1730962902883,-22.1720425280563,32.5186841846511));
#6650=VECTOR('',#6651,1.);
#6651=DIRECTION('',(1.,0.,0.));
#6652=CARTESIAN_POINT('',(12.6388959562794,-3.71195349253023,24.4700858500238));
#6653=CARTESIAN_POINT('',(12.6388959562794,-3.71195349253023,24.4700858500238));
#6654=CARTESIAN_POINT('',(12.6440277156952,-3.77008905817722,24.5924812445271));
#6655=CARTESIAN_POINT('',(12.648862531395,-3.85633299360575,24.7696080137473));
#6656=CARTESIAN_POINT('',(12.6504280129892,-3.9783628870623,25.0113107664748));
#6657=CARTESIAN_POINT('',(12.6485387449543,-4.10307708322632,25.2522742109595));
#6658=CARTESIAN_POINT('',(12.6394139895127,-4.26698927100055,25.5570736388722));
#6659=CARTESIAN_POINT('',(12.6186967418398,-4.467971977678,25.9126792600623));
#6660=CARTESIAN_POINT('',(12.5882304604366,-4.67729546497756,26.2650349153865));
#6661=CARTESIAN_POINT('',(12.5483057754248,-4.89488537221388,26.6134385866618));
#6662=CARTESIAN_POINT('',(12.4992230884356,-5.12081652868298,26.9574892308515));
#6663=CARTESIAN_POINT('',(12.4414221167962,-5.35470711553967,27.2961732877029));
#6664=CARTESIAN_POINT('',(12.3753908545802,-5.59621462104226,27.6286745513773));
#6665=CARTESIAN_POINT('',(12.301745208684,-5.84473446493569,27.9539812275209));
#6666=CARTESIAN_POINT('',(12.2211664041499,-6.09960243522151,28.2711753969587));
#6667=CARTESIAN_POINT('',(12.1342804714649,-6.36043250179006,28.5798407600038));
#6668=CARTESIAN_POINT('',(12.0419176691436,-6.62626289066841,28.87899768601));
#6669=CARTESIAN_POINT('',(11.9447396067344,-6.89667239285444,29.1684417255051));
#6670=CARTESIAN_POINT('',(11.8436279192563,-7.17061622885905,29.4474163109365));
#6671=CARTESIAN_POINT('',(11.7389640629027,-7.44836968476898,29.7165902139001));
#6672=CARTESIAN_POINT('',(11.6121730700963,-7.77962743342338,30.0221345970824));
#6673=CARTESIAN_POINT('',(11.4412884489981,-8.21984016844675,30.4034861593916));
#6674=CARTESIAN_POINT('',(11.2183474321849,-8.78869437721556,30.853926104561));
#6675=CARTESIAN_POINT('',(10.9804820314669,-9.39745764405994,31.2869267887632));
#6676=CARTESIAN_POINT('',(10.7747033360547,-9.93201729264283,31.630712698764));
#6677=CARTESIAN_POINT('',(10.6122659945745,-10.3616130542848,31.8864924063462));
#6678=CARTESIAN_POINT('',(10.4804491932381,-10.7163585590559,32.0851458563762));
#6679=CARTESIAN_POINT('',(10.3576656635385,-11.0530384015027,32.2632905921469));
#6680=CARTESIAN_POINT('',(10.2398564636192,-11.3827008913446,32.4284006905559));
#6681=CARTESIAN_POINT('',(10.1232044741103,-11.7166760750442,32.5865462990905));
#6682=CARTESIAN_POINT('',(10.0080833293767,-12.054778932373,32.737724627063));
#6683=CARTESIAN_POINT('',(9.8948981686655,-12.3967011946875,32.8818955120665));
#6684=CARTESIAN_POINT('',(9.78394759394341,-12.7424253632347,33.0191549290249));
#6685=CARTESIAN_POINT('',(9.67551920068603,-13.0919521953517,33.1496030941655));
#6686=CARTESIAN_POINT('',(9.56978269661231,-13.4456735581328,33.2734654482476));
#6687=CARTESIAN_POINT('',(9.46704026338672,-13.8035745779748,33.3907924398278));
#6688=CARTESIAN_POINT('',(9.36747306542035,-14.166062426926,33.5017648955895));
#6689=CARTESIAN_POINT('',(9.27138152974369,-14.5331455182719,33.6064153604538));
#6690=CARTESIAN_POINT('',(9.16857510188472,-14.9470866675893,33.7159445962733));
#6691=CARTESIAN_POINT('',(9.06146556698088,-15.4084399277801,33.8272895281405));
#6692=CARTESIAN_POINT('',(8.95299813740331,-15.9178273944229,33.9371991836619));
#6693=CARTESIAN_POINT('',(8.86206322592402,-16.3885702404941,34.0272239921272));
#6694=CARTESIAN_POINT('',(8.78656484829882,-16.8186682206842,34.1006317784386));
#6695=CARTESIAN_POINT('',(8.72456552624552,-17.2053667829977,34.1600581884857));
#6696=CARTESIAN_POINT('',(8.66859688044619,-17.5910553112798,34.2130169357355));
#6697=CARTESIAN_POINT('',(8.61879615387169,-17.9741747480094,34.2596009083442));
#6698=CARTESIAN_POINT('',(8.57496825470159,-18.3552331971812,34.3001851854556));
#6699=CARTESIAN_POINT('',(8.53709730298731,-18.7330824363592,34.3349458973681));
#6700=CARTESIAN_POINT('',(8.50498031564169,-19.1079068586962,34.3642045609131));
#6701=CARTESIAN_POINT('',(8.47851602131118,-19.4782220001107,34.3881629708497));
#6702=CARTESIAN_POINT('',(8.45737892801211,-19.8451852572719,34.4072018196775));
#6703=CARTESIAN_POINT('',(8.44135535316779,-20.2086364070592,34.4215777783815));
#6704=CARTESIAN_POINT('',(8.43018969618262,-20.5697857990685,34.4315664592306));
#6705=CARTESIAN_POINT('',(8.42376031656564,-20.9247317138621,34.437307373813));
#6706=CARTESIAN_POINT('',(8.42236182105904,-21.1632544223276,34.4385550478265));
#6707=CARTESIAN_POINT('',(8.42238470417305,-21.28217876927,34.438534626199));
#6708=CARTESIAN_POINT('',(8.4223861585181,-21.2859582543511,34.4385333286906));
#6709=CARTESIAN_POINT('',(12.6388959562794,-3.71195349253023,24.4700858500238));
#6710=VECTOR('',#6711,1.);
#6711=DIRECTION('',(1.,0.,0.));
#6712=CARTESIAN_POINT('',(12.4105261694778,-4.59803776623548,22.5502367059843));
#6713=CARTESIAN_POINT('',(12.4105261694778,-4.59803776623548,22.5502367059843));
#6714=CARTESIAN_POINT('',(12.5355745028905,-4.3056549103302,23.1837328556161));
#6715=CARTESIAN_POINT('',(12.6118464525709,-4.00971657241278,23.8249325491435));
#6716=CARTESIAN_POINT('',(12.6388959562794,-3.71195349253023,24.4700858500238));
#6717=CARTESIAN_POINT('',(12.4105261694778,-4.59803776623548,22.5502367059843));
#6718=VECTOR('',#6719,1.);
#6719=DIRECTION('',(1.,0.,0.));
#6720=CARTESIAN_POINT('',(12.4105261694778,-4.59803776623548,22.5502367059843));
#6721=CARTESIAN_POINT('',(12.4333653602177,-4.65299276836345,22.6659370887053));
#6722=CARTESIAN_POINT('',(12.4755176993146,-4.76510443451296,22.8965104635963));
#6723=CARTESIAN_POINT('',(12.5285104601086,-4.94002854142112,23.2397152854181));
#6724=CARTESIAN_POINT('',(12.5715665827592,-5.1217306357478,23.5798314479672));
#6725=CARTESIAN_POINT('',(12.6050387317253,-5.31043594743082,23.9168294931529));
#6726=CARTESIAN_POINT('',(12.6292192718464,-5.5061474893717,24.2502616529607));
#6727=CARTESIAN_POINT('',(12.6444205079603,-5.70875200290807,24.5795417270613));
#6728=CARTESIAN_POINT('',(12.649470303814,-5.86934668196524,24.8285332578351));
#6729=CARTESIAN_POINT('',(12.650283078338,-6.0115525785781,25.0423345218557));
#6730=CARTESIAN_POINT('',(12.6484097753785,-6.15560461745278,25.2538935281165));
#6731=CARTESIAN_POINT('',(12.6399539053437,-6.35466491441113,25.5348163238343));
#6732=CARTESIAN_POINT('',(12.623239553592,-6.58190138068927,25.8407960273219));
#6733=CARTESIAN_POINT('',(12.5997377135517,-6.81433210767838,26.1394533852064));
#6734=CARTESIAN_POINT('',(12.5699220498207,-7.05199716677075,26.4309057333484));
#6735=CARTESIAN_POINT('',(12.5343090351507,-7.29446893454871,26.714713771437));
#6736=CARTESIAN_POINT('',(12.4933354673061,-7.54183925299155,26.9910886962299));
#6737=CARTESIAN_POINT('',(12.4475023179567,-7.79371929169567,27.2597210153234));
#6738=CARTESIAN_POINT('',(12.3971736070162,-8.05039484522034,27.5210334424444));
#6739=CARTESIAN_POINT('',(12.3368506071018,-8.34015477185122,27.8026048933228));
#6740=CARTESIAN_POINT('',(12.2653730483174,-8.66493170538623,28.1014947094728));
#6741=CARTESIAN_POINT('',(12.1819858591151,-9.02632147007525,28.4139891585098));
#6742=CARTESIAN_POINT('',(12.1014734631637,-9.36356711191136,28.687917078302));
#6743=CARTESIAN_POINT('',(12.025789357794,-9.67418764874199,28.9267358663638));
#6744=CARTESIAN_POINT('',(11.9562745149861,-9.95603466147446,29.1334437164543));
#6745=CARTESIAN_POINT('',(11.8854968661883,-10.2408383394548,29.3326530354329));
#6746=CARTESIAN_POINT('',(11.813802080946,-10.5283426552456,29.5243909293605));
#6747=CARTESIAN_POINT('',(11.7413894209884,-10.8188220382022,29.7090291059268));
#6748=CARTESIAN_POINT('',(11.6686142457784,-11.1118683295805,29.8864915857831));
#6749=CARTESIAN_POINT('',(11.5956893208219,-11.4075945510975,30.0570304801161));
#6750=CARTESIAN_POINT('',(11.5229290095058,-11.7056484023709,30.2206244499871));
#6751=CARTESIAN_POINT('',(11.4504942542685,-12.0062548797964,30.3775719278231));
#6752=CARTESIAN_POINT('',(11.3706264429233,-12.342992526338,30.5446949476997));
#6753=CARTESIAN_POINT('',(11.2835483819223,-12.7181726216371,30.720010188096));
#6754=CARTESIAN_POINT('',(11.1898975672333,-13.1338363847968,30.9010082121434));
#6755=CARTESIAN_POINT('',(11.1053163296634,-13.5225322169126,31.0583592219007));
#6756=CARTESIAN_POINT('',(11.0296158434105,-13.8828569676225,31.1948747696747));
#6757=CARTESIAN_POINT('',(10.9620996571821,-14.2151949669649,31.3135464645827));
#6758=CARTESIAN_POINT('',(10.8956426418844,-14.5547183603129,31.4275258504468));
#6759=CARTESIAN_POINT('',(10.8302352323266,-14.9029511886801,31.5371040362643));
#6760=CARTESIAN_POINT('',(10.7664601124608,-15.2583461308764,31.6415827036926));
#6761=CARTESIAN_POINT('',(10.7043337823307,-15.6223984481285,31.7412250390619));
#6762=CARTESIAN_POINT('',(10.6441706735504,-15.9950637408457,31.8357980774839));
#6763=CARTESIAN_POINT('',(10.5858317571332,-16.3794343891058,31.9257712670764));
#6764=CARTESIAN_POINT('',(10.5299524023656,-16.7738840679591,32.0104091732766));
#6765=CARTESIAN_POINT('',(10.4766969105406,-17.1799208344145,32.0897215878262));
#6766=CARTESIAN_POINT('',(10.4266586525378,-17.5958544607459,32.1630806315987));
#6767=CARTESIAN_POINT('',(10.3800340211168,-18.0231972312049,32.2304515280024));
#6768=CARTESIAN_POINT('',(10.3375217163841,-18.4586141845525,32.291075117934));
#6769=CARTESIAN_POINT('',(10.2993862264095,-18.9019838709612,32.3448216085539));
#6770=CARTESIAN_POINT('',(10.2659748289663,-19.3515730143597,32.3914272481922));
#6771=CARTESIAN_POINT('',(10.2373610399076,-19.8089609976866,32.4309887520337));
#6772=CARTESIAN_POINT('',(10.2138233215441,-20.2723677220721,32.4632921266335));
#6773=CARTESIAN_POINT('',(10.1954720398841,-20.7417235251868,32.4883295833917));
#6774=CARTESIAN_POINT('',(10.1824295279375,-21.2150743196882,32.506045996884));
#6775=CARTESIAN_POINT('',(10.17475145972,-21.6888255159102,32.5164454489721));
#6776=CARTESIAN_POINT('',(10.1730750002928,-22.0080484518796,32.5187129947442));
#6777=CARTESIAN_POINT('',(10.1730953310404,-22.1682630800743,32.518685482139));
#6778=CARTESIAN_POINT('',(10.17309629029,-22.1720425280563,32.5186841846505));
#6779=CARTESIAN_POINT('',(-5.39159384494043,-19.7722925840927,36.4434791829758));
#6780=CARTESIAN_POINT('',(4.3008945090347E-15,-19.2154367888432,37.65));
#6781=CARTESIAN_POINT('',(-3.42583104740441E-16,-19.2154367888432,37.65));
#6782=CARTESIAN_POINT('',(-1.87176448251369,-19.2154367888432,37.65));
#6783=CARTESIAN_POINT('',(-3.69835290493423,-19.4040909007465,37.2412494488334));
#6784=CARTESIAN_POINT('',(-5.39159384494046,-19.7722925840927,36.4434791829758));
#6785=CARTESIAN_POINT('',(-11.1824319442955,-19.7722925840927,36.4434791829758));
#6786=VECTOR('',#6787,1.);
#6787=DIRECTION('',(1.,0.,-1.22701191704744E-15));
#6788=CARTESIAN_POINT('',(-8.7989463019381,-18.8862083103874,38.3633283270153));
#6789=VECTOR('',#6790,1.);
#6790=DIRECTION('',(1.,0.,-4.03765809778605E-16));
#6791=CARTESIAN_POINT('',(5.39159384494045,-19.7722925840927,36.4434791829758));
#6792=CARTESIAN_POINT('',(5.39159384494045,-19.7722925840927,36.4434791829758));
#6793=VECTOR('',#6794,1.);
#6794=DIRECTION('',(1.,0.,0.));
#6795=CARTESIAN_POINT('',(5.39159384494046,-19.7722925840927,36.4434791829758));
#6796=CARTESIAN_POINT('',(3.69835290493423,-19.4040909007465,37.2412494488334));
#6797=CARTESIAN_POINT('',(1.87176448251369,-19.2154367888432,37.65));
#6798=CARTESIAN_POINT('',(2.75577329710236E-15,-19.2154367888432,37.65));
#6799=CARTESIAN_POINT('',(-12.5637089063411,-2.19828782227182,26.475031704309));
#6800=CARTESIAN_POINT('',(-5.39159384494046,-19.7722925840927,36.4434791829758));
#6801=CARTESIAN_POINT('',(-5.39159109075799,-19.768513056222,36.4434804804962));
#6802=CARTESIAN_POINT('',(-5.39157097830827,-19.713326006902,36.443489956964));
#6803=CARTESIAN_POINT('',(-5.39212325302495,-19.6019407018452,36.4432297728685));
#6804=CARTESIAN_POINT('',(-5.39466959868752,-19.4371151550598,36.4420297518697));
#6805=CARTESIAN_POINT('',(-5.39926792123801,-19.2644224373448,36.4398609506603));
#6806=CARTESIAN_POINT('',(-5.40602432139689,-19.087661701159,36.4366702430425));
#6807=CARTESIAN_POINT('',(-5.41520538341003,-18.9048739096201,36.4323267341494));
#6808=CARTESIAN_POINT('',(-5.4270448989107,-18.7161364519898,36.4267123735467));
#6809=CARTESIAN_POINT('',(-5.44195861539252,-18.5194454764758,36.4196189572553));
#6810=CARTESIAN_POINT('',(-5.46008588886625,-18.3168982980513,36.4109650485503));
#6811=CARTESIAN_POINT('',(-5.48463519819546,-18.0799972714424,36.3991927555037));
#6812=CARTESIAN_POINT('',(-5.52115131474614,-17.7782985168505,36.3815744542524));
#6813=CARTESIAN_POINT('',(-5.5752574398052,-17.4052869499106,36.3552076010342));
#6814=CARTESIAN_POINT('',(-5.64312589872998,-17.013362184445,36.3216541584849));
#6815=CARTESIAN_POINT('',(-5.71360084591479,-16.6601502069071,36.2862393042158));
#6816=CARTESIAN_POINT('',(-5.78163083244133,-16.3521897561563,36.2515352235101));
#6817=CARTESIAN_POINT('',(-5.85042425519207,-16.0651422401476,36.2159362741567));
#6818=CARTESIAN_POINT('',(-5.92584408565413,-15.7733094169565,36.176293606718));
#6819=CARTESIAN_POINT('',(-6.00864425044185,-15.474671246072,36.1320214381317));
#6820=CARTESIAN_POINT('',(-6.0983662301392,-15.1716208531827,36.0831499722841));
#6821=CARTESIAN_POINT('',(-6.19883079626188,-14.852357291685,36.0273242412179));
#6822=CARTESIAN_POINT('',(-6.31396176144772,-14.5076668122321,35.9619028828817));
#6823=CARTESIAN_POINT('',(-6.4531166996546,-14.1155355746596,35.8807223890615));
#6824=CARTESIAN_POINT('',(-6.61757699658798,-13.6801870155872,35.7816974312535));
#6825=CARTESIAN_POINT('',(-6.83954474903321,-13.1280409953958,35.6429564358303));
#6826=CARTESIAN_POINT('',(-7.14772004292893,-12.4146961799458,35.440293337933));
#6827=CARTESIAN_POINT('',(-7.57123303025011,-11.5125440412573,35.1399225371063));
#6828=CARTESIAN_POINT('',(-8.0538324191145,-10.5630645563456,34.7622723371882));
#6829=CARTESIAN_POINT('',(-8.5114672038748,-9.71520707864287,34.3640537067626));
#6830=CARTESIAN_POINT('',(-8.87840440446089,-9.06020095713367,34.0144701253043));
#6831=CARTESIAN_POINT('',(-9.17689931521426,-8.53889286437644,33.7096477232596));
#6832=CARTESIAN_POINT('',(-9.44897620618277,-8.0710613771357,33.414067728339));
#6833=CARTESIAN_POINT('',(-9.72543141806211,-7.60152473767865,33.0932627259895));
#6834=CARTESIAN_POINT('',(-9.97390024456213,-7.1831648356678,32.7841585633487));
#6835=CARTESIAN_POINT('',(-10.1879895736129,-6.82411289224022,32.5006236287461));
#6836=CARTESIAN_POINT('',(-10.362739744866,-6.53135428557277,32.2570035632094));
#6837=CARTESIAN_POINT('',(-10.5252162505033,-6.25892469606049,32.0191767018337));
#6838=CARTESIAN_POINT('',(-10.6807799118072,-5.99741731446543,31.7801988309257));
#6839=CARTESIAN_POINT('',(-10.833874724919,-5.73890964046019,31.5328750735258));
#6840=CARTESIAN_POINT('',(-10.9839939204161,-5.48376007770407,31.2772739697235));
#6841=CARTESIAN_POINT('',(-11.1302733364542,-5.23292921449515,31.014164765639));
#6842=CARTESIAN_POINT('',(-11.2717564477455,-4.98755304792564,30.7446654623883));
#6843=CARTESIAN_POINT('',(-11.4076176117399,-4.74859076055711,30.4699351872072));
#6844=CARTESIAN_POINT('',(-11.5369813733006,-4.51715995050014,30.191533773076));
#6845=CARTESIAN_POINT('',(-11.6597634869499,-4.29303426565645,29.909573098534));
#6846=CARTESIAN_POINT('',(-11.7753205493097,-4.07704995932615,29.6255436062925));
#6847=CARTESIAN_POINT('',(-11.8836345299061,-3.86896064494447,29.3396577903674));
#6848=CARTESIAN_POINT('',(-11.9842068701313,-3.66952834349924,29.0536083824755));
#6849=CARTESIAN_POINT('',(-12.0775456806072,-3.47758657682685,28.7663764110507));
#6850=CARTESIAN_POINT('',(-12.1634435435435,-3.2934006511514,28.4789477474953));
#6851=CARTESIAN_POINT('',(-12.242121760137,-3.11636700734007,28.190981117392));
#6852=CARTESIAN_POINT('',(-12.3132493037837,-2.94720844691391,27.9043432454476));
#6853=CARTESIAN_POINT('',(-12.3772515897756,-2.7849591206425,27.6181160285398));
#6854=CARTESIAN_POINT('',(-12.4341683803597,-2.62955104530512,27.3328245934627));
#6855=CARTESIAN_POINT('',(-12.4843283334598,-2.48008706023022,27.0473987978946));
#6856=CARTESIAN_POINT('',(-12.5277700805543,-2.33644961872476,26.7621518723426));
#6857=CARTESIAN_POINT('',(-12.5524689299475,-2.24376143057799,26.5707692868666));
#6858=CARTESIAN_POINT('',(-12.5637089061057,-2.19828782227182,26.4750317042814));
#6859=CARTESIAN_POINT('',(-15.9318637165503,-2.19828782227182,26.475031704309));
#6860=VECTOR('',#6861,1.);
#6861=DIRECTION('',(1.,0.,0.));
#6862=CARTESIAN_POINT('',(-12.1859461686615,-1.31220354856658,28.3948808483485));
#6863=CARTESIAN_POINT('',(-12.1859461686615,-1.31220354856657,28.3948808483486));
#6864=CARTESIAN_POINT('',(-12.3613328299661,-1.60276580811827,27.7653293239119));
#6865=CARTESIAN_POINT('',(-12.4875056759146,-1.89871817068205,27.1240992436525));
#6866=CARTESIAN_POINT('',(-12.5637089058639,-2.19828782227182,26.475031704309));
#6867=CARTESIAN_POINT('',(-15.6356894323697,-1.31220354856658,28.3948808483485));
#6868=VECTOR('',#6869,1.);
#6869=DIRECTION('',(1.,0.,0.));
#6870=CARTESIAN_POINT('',(4.3008945090347E-15,-12.5909965133556,37.65));
#6871=CARTESIAN_POINT('',(-12.1859461686617,-1.31220354856658,28.3948808483485));
#6872=CARTESIAN_POINT('',(-12.1491446461566,-1.37494555762252,28.5269749856743));
#6873=CARTESIAN_POINT('',(-12.0714224188867,-1.50293772898809,28.7893022895688));
#6874=CARTESIAN_POINT('',(-11.9432123231687,-1.70182544783771,29.1757856678134));
#6875=CARTESIAN_POINT('',(-11.8032412976243,-1.90832815769769,29.5563778203724));
#6876=CARTESIAN_POINT('',(-11.6518961403656,-2.12230017699959,29.9305051992622));
#6877=CARTESIAN_POINT('',(-11.4894527691615,-2.34376713751712,30.297969237732));
#6878=CARTESIAN_POINT('',(-11.3164312914566,-2.57241929925968,30.6580768082632));
#6879=CARTESIAN_POINT('',(-11.1331402588989,-2.80822946232856,31.0106571297453));
#6880=CARTESIAN_POINT('',(-10.9402499684734,-3.05070287224134,31.3549185206802));
#6881=CARTESIAN_POINT('',(-10.7379027389144,-3.30000873470366,31.6911074170667));
#6882=CARTESIAN_POINT('',(-10.526307646859,-3.5561922033575,32.0192600003851));
#6883=CARTESIAN_POINT('',(-10.3050305811046,-3.82002883885525,32.3402604387145));
#6884=CARTESIAN_POINT('',(-10.0744610492883,-4.09126279139063,32.6536369327143));
#6885=CARTESIAN_POINT('',(-9.83417906548849,-4.37057064227864,32.9600182969031));
#6886=CARTESIAN_POINT('',(-9.58450573661321,-4.6577232649068,33.2589643102741));
#6887=CARTESIAN_POINT('',(-9.32485414656733,-4.95350125749182,33.5510577804771));
#6888=CARTESIAN_POINT('',(-9.05627421817722,-5.25678593162851,33.8350091474875));
#6889=CARTESIAN_POINT('',(-8.7791765988944,-5.56717242907295,34.1103933917284));
#6890=CARTESIAN_POINT('',(-8.49470079699821,-5.88341516778888,34.3761920367386));
#6891=CARTESIAN_POINT('',(-8.2032744804237,-6.20502737904755,34.6321697116693));
#6892=CARTESIAN_POINT('',(-7.90598489873362,-6.53075270953541,34.8776080157877));
#6893=CARTESIAN_POINT('',(-7.60408474556432,-6.85911516409817,35.1118043753694));
#6894=CARTESIAN_POINT('',(-7.29866759981583,-7.18877528810635,35.334358149899));
#6895=CARTESIAN_POINT('',(-6.99096964969237,-7.51819479419926,35.544884483649));
#6896=CARTESIAN_POINT('',(-6.68098050209881,-7.84711289432638,35.7439118294635));
#6897=CARTESIAN_POINT('',(-6.37078027802486,-8.17298349460465,35.9306323487341));
#6898=CARTESIAN_POINT('',(-6.06136345955673,-8.4943868839342,36.1051063604117));
#6899=CARTESIAN_POINT('',(-5.75597244097856,-8.80758526103021,36.2663220753283));
#6900=CARTESIAN_POINT('',(-5.45368010025267,-9.113145514882,36.4156335625138));
#6901=CARTESIAN_POINT('',(-5.15665714170026,-9.40845407459355,36.5527606483893));
#6902=CARTESIAN_POINT('',(-4.86383815934865,-9.69412417236457,36.6789691535539));
#6903=CARTESIAN_POINT('',(-4.57742521490656,-9.96759467690661,36.7940925068421));
#6904=CARTESIAN_POINT('',(-4.29411584156676,-10.2315359789216,36.9001205094843));
#6905=CARTESIAN_POINT('',(-4.01568042825732,-10.4837036600765,36.9968884149197));
#6906=CARTESIAN_POINT('',(-3.74193680859452,-10.7236846941114,37.0849879744317));
#6907=CARTESIAN_POINT('',(-3.47825888317185,-10.946490594393,37.1634058891752));
#6908=CARTESIAN_POINT('',(-3.22261751753454,-11.1537915032022,37.2335415624969));
#6909=CARTESIAN_POINT('',(-2.97865398480604,-11.3427283736067,37.295140287196));
#6910=CARTESIAN_POINT('',(-2.74461023947472,-11.5149398232052,37.3493961351908));
#6911=CARTESIAN_POINT('',(-2.52470663668514,-11.6679872662773,37.3961396558377));
#6912=CARTESIAN_POINT('',(-2.31364970048742,-11.8062635982018,37.4372065576615));
#6913=CARTESIAN_POINT('',(-2.1132691040105,-11.929107853475,37.4727686853464));
#6914=CARTESIAN_POINT('',(-1.92207908791205,-12.0380449195348,37.5035858379708));
#6915=CARTESIAN_POINT('',(-1.7462890066243,-12.1306939390147,37.529272905907));
#6916=CARTESIAN_POINT('',(-1.582643459939,-12.2101787492276,37.550935433707));
#6917=CARTESIAN_POINT('',(-1.43367300173379,-12.2766048645957,37.5687741162644));
#6918=CARTESIAN_POINT('',(-1.29628523835459,-12.3326243101234,37.5836317732055));
#6919=CARTESIAN_POINT('',(-1.17312718201737,-12.3784856381434,37.5956703079728));
#6920=CARTESIAN_POINT('',(-1.05872995087478,-12.4173179375132,37.6057768327224));
#6921=CARTESIAN_POINT('',(-0.952619590038928,-12.4500120577271,37.614223643503));
#6922=CARTESIAN_POINT('',(-0.852290632282138,-12.477881369739,37.6213787721232));
#6923=CARTESIAN_POINT('',(-0.760542148924292,-12.5007497703603,37.6272191662876));
#6924=CARTESIAN_POINT('',(-0.675564005587808,-12.5196864355633,37.6320346995964));
#6925=CARTESIAN_POINT('',(-0.598137509298519,-12.5350392982066,37.6359250357144));
#6926=CARTESIAN_POINT('',(-0.526388473178397,-12.5476231227252,37.6391044796115));
#6927=CARTESIAN_POINT('',(-0.461143516529948,-12.5576968541281,37.6416437692738));
#6928=CARTESIAN_POINT('',(-0.399853137944876,-12.5659690825876,37.6437250229451));
#6929=CARTESIAN_POINT('',(-0.342061590896092,-12.5727049957827,37.6454171043447));
#6930=CARTESIAN_POINT('',(-0.286510845871326,-12.5781911343176,37.6467934761133));
#6931=CARTESIAN_POINT('',(-0.23400804787033,-12.5824861080956,37.6478699065792));
#6932=CARTESIAN_POINT('',(-0.183782162277722,-12.5857865529995,37.6486964322807));
#6933=CARTESIAN_POINT('',(-0.135804619584986,-12.5881998351291,37.6493004276545));
#6934=CARTESIAN_POINT('',(-0.0893026342984049,-12.5898455522211,37.6497121426005));
#6935=CARTESIAN_POINT('',(-0.044290214524982,-12.5907905803595,37.6499485036334));
#6936=CARTESIAN_POINT('',(-0.0146385026202294,-12.5909965493408,37.6500000041717));
#6937=CARTESIAN_POINT('',(3.1522149934569E-15,-12.5909965133557,37.6499999999999));
#6938=CARTESIAN_POINT('',(12.1859461686615,-1.31220354856658,28.3948808483485));
#6939=CARTESIAN_POINT('',(12.1859461732303,-1.31220354856658,28.3948808472468));
#6940=CARTESIAN_POINT('',(12.1484055473672,-1.3762054714897,28.5296276884076));
#6941=CARTESIAN_POINT('',(12.0691313344176,-1.50666577446932,28.7968698171973));
#6942=CARTESIAN_POINT('',(11.9383146759327,-1.70927507294367,29.1899818845624));
#6943=CARTESIAN_POINT('',(11.7957566339339,-1.9191550782953,29.5758752134014));
#6944=CARTESIAN_POINT('',(11.6419305192179,-2.13613664788347,29.9541012016875));
#6945=CARTESIAN_POINT('',(11.477362389547,-2.35998306137998,30.3241775678068));
#6946=CARTESIAN_POINT('',(11.302681883597,-2.59032436340425,30.68551424893));
#6947=CARTESIAN_POINT('',(11.1185493690429,-2.8267560000092,31.0375851723829));
#6948=CARTESIAN_POINT('',(10.9255413839746,-3.06897814679111,31.3801267272459));
#6949=CARTESIAN_POINT('',(10.7240872022519,-3.31685311742512,31.713155033957));
#6950=CARTESIAN_POINT('',(10.5144751290109,-3.57037918475385,32.0368633793005));
#6951=CARTESIAN_POINT('',(10.2968401728191,-3.82969883904332,32.3515998212074));
#6952=CARTESIAN_POINT('',(10.0714318115406,-4.09477581832945,32.6574518745329));
#6953=CARTESIAN_POINT('',(9.83812645798043,-4.36597618616358,32.9549454461175));
#6954=CARTESIAN_POINT('',(9.59706865504153,-4.6433089034439,33.2441434617698));
#6955=CARTESIAN_POINT('',(9.34799381750112,-4.92721507392853,33.5255181146683));
#6956=CARTESIAN_POINT('',(9.09149393133503,-5.21712257224461,33.7985174185867));
#6957=CARTESIAN_POINT('',(8.82792267131724,-5.51270840034234,34.0629197872904));
#6958=CARTESIAN_POINT('',(8.55811118474446,-5.81308901449411,34.3181003911654));
#6959=CARTESIAN_POINT('',(8.28262475965447,-6.11764904175836,34.563771773598));
#6960=CARTESIAN_POINT('',(8.00229437184598,-6.42544833624021,34.7994970434995));
#6961=CARTESIAN_POINT('',(7.68730540346614,-6.76892947730424,35.0492254583478));
#6962=CARTESIAN_POINT('',(7.33705504505424,-7.14773734767444,35.3084540068623));
#6963=CARTESIAN_POINT('',(6.95078181095433,-7.56129500359122,35.5726558576061));
#6964=CARTESIAN_POINT('',(6.59443308679645,-7.9385042345867,35.7976532252474));
#6965=CARTESIAN_POINT('',(6.27066591766615,-8.27731448900559,35.98809619334));
#6966=CARTESIAN_POINT('',(5.98309486107706,-8.57496750592464,36.1472084930574));
#6967=CARTESIAN_POINT('',(5.69765244048334,-8.86680532097152,36.2957031057156));
#6968=CARTESIAN_POINT('',(5.41593088201763,-9.15086050499301,36.4333874056107));
#6969=CARTESIAN_POINT('',(5.13700235855273,-9.42769298990336,36.5613241599392));
#6970=CARTESIAN_POINT('',(4.86244195338188,-9.69536267258464,36.6793966559763));
#6971=CARTESIAN_POINT('',(4.58966037256933,-9.95594617193979,36.7892246461826));
#6972=CARTESIAN_POINT('',(4.32004957581391,-10.2075672916919,36.8906263340685));
#6973=CARTESIAN_POINT('',(4.05353260885412,-10.4497424791258,36.9840379758677));
#6974=CARTESIAN_POINT('',(3.76845887321425,-10.7010597424823,37.076969214023));
#6975=CARTESIAN_POINT('',(3.46524881874529,-10.958111108253,37.1676910352454));
#6976=CARTESIAN_POINT('',(3.14483447980572,-11.215983393911,37.2543012465604));
#6977=CARTESIAN_POINT('',(2.86134728241358,-11.430679738403,37.3231528931654));
#6978=CARTESIAN_POINT('',(2.61279693705474,-11.6076996531433,37.3778847736253));
#6979=CARTESIAN_POINT('',(2.40093579212033,-11.7501550029178,37.4206764577866));
#6980=CARTESIAN_POINT('',(2.19624748367632,-11.8792446684149,37.4584346781292));
#6981=CARTESIAN_POINT('',(2.0044265048049,-11.992085867874,37.4906611539589));
#6982=CARTESIAN_POINT('',(1.82290903761667,-12.0912059922598,37.518382469213));
#6983=CARTESIAN_POINT('',(1.65036379792775,-12.1782193783987,37.5422733968455));
#6984=CARTESIAN_POINT('',(1.47980695397328,-12.2569535062816,37.5635344027257));
#6985=CARTESIAN_POINT('',(1.2952657399249,-12.333953513655,37.5840124912159));
#6986=CARTESIAN_POINT('',(1.09934845758558,-12.4054263012931,37.6027213299813));
#6987=CARTESIAN_POINT('',(0.897716480184326,-12.4669958076428,37.6186075646307));
#6988=CARTESIAN_POINT('',(0.731720642631387,-12.5081744754761,37.6291154173639));
#6989=CARTESIAN_POINT('',(0.603660288957256,-12.5342104905975,37.6357165409045));
#6990=CARTESIAN_POINT('',(0.515522753381215,-12.5494762244804,37.6395723222786));
#6991=CARTESIAN_POINT('',(0.441224078214656,-12.560550535706,37.6423622747794));
#6992=CARTESIAN_POINT('',(0.375732146481915,-12.5689471029714,37.6444734952094));
#6993=CARTESIAN_POINT('',(0.313025741199949,-12.5757257419202,37.6461752022016));
#6994=CARTESIAN_POINT('',(0.254293566676219,-12.5809561579412,37.6474865998242));
#6995=CARTESIAN_POINT('',(0.198654363015804,-12.5849150114431,37.6484782437218));
#6996=CARTESIAN_POINT('',(0.146151392942142,-12.5877607911078,37.6491905732455));
#6997=CARTESIAN_POINT('',(0.0957355976518015,-12.5896751737596,37.6496695270994));
#6998=CARTESIAN_POINT('',(0.0473753619536488,-12.5907611232963,37.649941138131));
#6999=CARTESIAN_POINT('',(0.0156208903518485,-12.5909965538438,37.6500000038331));
#7000=CARTESIAN_POINT('',(9.44168865828324E-9,-12.5909965133562,37.65));
#7001=CARTESIAN_POINT('',(12.1859461686615,-1.31220354856658,28.3948808483485));
#7002=VECTOR('',#7003,1.);
#7003=DIRECTION('',(1.,0.,0.));
#7004=CARTESIAN_POINT('',(12.5637089079963,-2.19828782227182,26.475031704309));
#7005=CARTESIAN_POINT('',(12.5637089058639,-2.19828782227183,26.475031704309));
#7006=CARTESIAN_POINT('',(12.4875056759146,-1.89871817068206,27.1240992436525));
#7007=CARTESIAN_POINT('',(12.3613328299661,-1.60276580811828,27.7653293239118));
#7008=CARTESIAN_POINT('',(12.1859461686615,-1.31220354856658,28.3948808483485));
#7009=CARTESIAN_POINT('',(12.5637089079963,-2.19828782227182,26.475031704309));
#7010=VECTOR('',#7011,1.);
#7011=DIRECTION('',(1.,0.,0.));
#7012=CARTESIAN_POINT('',(12.5637089069446,-2.19828782227182,26.4750317041856));
#7013=CARTESIAN_POINT('',(12.5490038973158,-2.25777759755091,26.6002787883927));
#7014=CARTESIAN_POINT('',(12.5159405020537,-2.37919261177004,26.8494835166044));
#7015=CARTESIAN_POINT('',(12.4558461647467,-2.56820330807282,27.2182449312476));
#7016=CARTESIAN_POINT('',(12.3853421839571,-2.76481494816795,27.5829261292908));
#7017=CARTESIAN_POINT('',(12.3046903924124,-2.96909457880855,27.9431756983865));
#7018=CARTESIAN_POINT('',(12.2140664935792,-3.18133983057831,28.2990524731039));
#7019=CARTESIAN_POINT('',(12.1138349885333,-3.40140886001232,28.6498806221261));
#7020=CARTESIAN_POINT('',(12.004268081047,-3.62940964225501,28.9954367129514));
#7021=CARTESIAN_POINT('',(11.8859286214936,-3.86489387582393,29.3347281565192));
#7022=CARTESIAN_POINT('',(11.7590183924291,-4.10818686941159,29.6679738576783));
#7023=CARTESIAN_POINT('',(11.6238281318525,-4.35941169659478,29.9950614707146));
#7024=CARTESIAN_POINT('',(11.4801962610692,-4.61950013837915,30.316838159178));
#7025=CARTESIAN_POINT('',(11.3285677290273,-4.88825912947325,30.6326524153342));
#7026=CARTESIAN_POINT('',(11.1625962331511,-5.17737488738303,30.9551870324972));
#7027=CARTESIAN_POINT('',(10.9753895584287,-5.49875881012776,31.2943171591865));
#7028=CARTESIAN_POINT('',(10.7584428757245,-5.86677317083695,31.6590947607025));
#7029=CARTESIAN_POINT('',(10.5178806852997,-6.27140875949604,32.0331713038476));
#7030=CARTESIAN_POINT('',(10.2607681341892,-6.70216294085758,32.4030756737482));
#7031=CARTESIAN_POINT('',(9.9958542224697,-7.14619026405903,32.7568884068712));
#7032=CARTESIAN_POINT('',(9.73204560438908,-7.59040982238054,33.0849163311879));
#7033=CARTESIAN_POINT('',(9.47947278167947,-8.01921771729356,33.3789408477875));
#7034=CARTESIAN_POINT('',(9.22518034504719,-8.45553242312818,33.6582350733535));
#7035=CARTESIAN_POINT('',(8.96312133870133,-8.91145830066369,33.929515993428));
#7036=CARTESIAN_POINT('',(8.68715670172232,-9.40070192253348,34.1980076795154));
#7037=CARTESIAN_POINT('',(8.43717414700325,-9.85398727616224,34.4270989435285));
#7038=CARTESIAN_POINT('',(8.21340206568196,-10.2692206110389,34.6221312770028));
#7039=CARTESIAN_POINT('',(8.01570679240662,-10.6442100038067,34.7873566152179));
#7040=CARTESIAN_POINT('',(7.82139388067205,-11.0218689244995,34.9432510670685));
#7041=CARTESIAN_POINT('',(7.63108169382553,-11.4018349853595,35.0899778348607));
#7042=CARTESIAN_POINT('',(7.44476393315031,-11.7850332087696,35.2281604917318));
#7043=CARTESIAN_POINT('',(7.26337952370812,-12.1705235367673,35.3576888958026));
#7044=CARTESIAN_POINT('',(7.08771093427001,-12.5576080819878,35.4786100433044));
#7045=CARTESIAN_POINT('',(6.9193764284769,-12.9435270083188,35.5904484751356));
#7046=CARTESIAN_POINT('',(6.75863644028915,-13.3283332060542,35.6936783479103));
#7047=CARTESIAN_POINT('',(6.60681988647008,-13.7093677201122,35.7880672875654));
#7048=CARTESIAN_POINT('',(6.4640912160073,-14.0865077847651,35.8741236275846));
#7049=CARTESIAN_POINT('',(6.33148282095465,-14.4569789524519,35.9518068515048));
#7050=CARTESIAN_POINT('',(6.20812563151172,-14.8230393901647,36.0221521497116));
#7051=CARTESIAN_POINT('',(6.09462349843524,-15.1827398635262,36.085269794218));
#7052=CARTESIAN_POINT('',(5.99075751690528,-15.5363330858669,36.1417008864733));
#7053=CARTESIAN_POINT('',(5.89739576406628,-15.8797327117792,36.1913601086884));
#7054=CARTESIAN_POINT('',(5.81351818961221,-16.2150908149482,36.235129762598));
#7055=CARTESIAN_POINT('',(5.73908795927392,-16.5408802516624,36.2733060495106));
#7056=CARTESIAN_POINT('',(5.67317205731824,-16.8593780410273,36.3065995796469));
#7057=CARTESIAN_POINT('',(5.6156531799015,-17.1689789303091,36.3352604282002));
#7058=CARTESIAN_POINT('',(5.56544738465556,-17.4734275154647,36.3599819390349));
#7059=CARTESIAN_POINT('',(5.52223536629801,-17.773052390645,36.3810399764425));
#7060=CARTESIAN_POINT('',(5.48555715335989,-18.0696337204204,36.3987550947891));
#7061=CARTESIAN_POINT('',(5.45537297379061,-18.3614921765737,36.4132249059788));
#7062=CARTESIAN_POINT('',(5.43129034737246,-18.6497194688284,36.4246997678168));
#7063=CARTESIAN_POINT('',(5.41306999907953,-18.934065590666,36.4333401882006));
#7064=CARTESIAN_POINT('',(5.40039501223877,-19.2157502912983,36.4393300627974));
#7065=CARTESIAN_POINT('',(5.39314083190083,-19.4908704215222,36.4427505045778));
#7066=CARTESIAN_POINT('',(5.39155744294515,-19.6762208725589,36.4434963312834));
#7067=CARTESIAN_POINT('',(5.39159109163218,-19.7685129873943,36.4434804802432));
#7068=CARTESIAN_POINT('',(5.39159384709432,-19.7722925840927,36.4434791825191));
#7069=CARTESIAN_POINT('',(-9.99999999999999,1.2,25.));
#7070=AXIS2_PLACEMENT_3D('',#7071,#7072,#7073);
#7071=CARTESIAN_POINT('',(-8.49999999999999,1.2,25.));
#7072=DIRECTION('',(-7.49879891330929E-33,-1.,-6.12323399573677E-17));
#7073=DIRECTION('',(-1.,7.49879891330929E-33,4.59169004331694E-49));
#7074=CARTESIAN_POINT('',(10.,1.2,25.));
#7075=AXIS2_PLACEMENT_3D('',#7076,#7077,#7078);
#7076=CARTESIAN_POINT('',(8.5,1.2,25.));
#7077=DIRECTION('',(0.,1.,6.12323399573677E-17));
#7078=DIRECTION('',(1.,0.,0.));
#7079=CARTESIAN_POINT('',(-1.09423463914099E-16,-7.68465866464964E-16,37.65));
#7080=AXIS2_PLACEMENT_3D('',#7081,#7082,#7083);
#7081=CARTESIAN_POINT('',(6.12323399573676E-15,-1.53080849893419E-15,25.));
#7082=DIRECTION('',(0.,1.,6.12323399573677E-17));
#7083=DIRECTION('',(-4.28626379701574E-16,6.12323399573677E-17,-1.));
#7084=CARTESIAN_POINT('',(10.,0.,25.));
#7085=AXIS2_PLACEMENT_3D('',#7086,#7087,#7088);
#7086=CARTESIAN_POINT('',(8.5,-1.53080849893419E-15,25.));
#7087=DIRECTION('',(0.,1.,6.12323399573677E-17));
#7088=DIRECTION('',(1.,0.,0.));
#7089=CARTESIAN_POINT('',(-9.99999999999999,0.,25.));
#7090=AXIS2_PLACEMENT_3D('',#7091,#7092,#7093);
#7091=CARTESIAN_POINT('',(-8.49999999999999,-1.53080849893419E-15,25.));
#7092=DIRECTION('',(0.,-1.,-6.12323399573677E-17));
#7093=DIRECTION('',(-1.,-7.49879891330928E-33,1.22464679914735E-16));
#7094=CARTESIAN_POINT('',(15.4142135622858,-1.00000000007825,3.));
#7095=VECTOR('',#7096,1.);
#7096=DIRECTION('',(-0.281084637688236,0.678598344563309,0.678598344539396));
#7097=CARTESIAN_POINT('',(12.9074772882932,-1.,3.50000000000039));
#7098=CARTESIAN_POINT('',(12.9074772882923,-13.4951401273249,3.5000000000009));
#7099=CARTESIAN_POINT('',(12.9074772882932,-0.999999999999999,3.50000000000039));
#7100=VECTOR('',#7101,1.);
#7101=DIRECTION('',(0.,-1.,-7.10819094984002E-17));
#7102=CARTESIAN_POINT('',(14.7735026904874,-13.0020263518091,3.00000000085207));
#7103=CARTESIAN_POINT('',(14.6320893194271,-13.039586411871,3.03789159920055));
#7104=CARTESIAN_POINT('',(14.38541991657,-13.1051029710199,3.10398646666857));
#7105=CARTESIAN_POINT('',(14.0746166604408,-13.1876547783079,3.18726594847184));
#7106=CARTESIAN_POINT('',(13.8623950300588,-13.2440203430862,3.24413056216286));
#7107=CARTESIAN_POINT('',(13.7185051365244,-13.2822417692807,3.28268574304489));
#7108=CARTESIAN_POINT('',(13.5999048068495,-13.3137322435327,3.31446460558137));
#7109=CARTESIAN_POINT('',(13.4824566518445,-13.3449677296621,3.34593474387349));
#7110=CARTESIAN_POINT('',(13.3544951777821,-13.3787829619401,3.38022191750902));
#7111=CARTESIAN_POINT('',(13.2150320451922,-13.4152195954991,3.41759095126101));
#7112=CARTESIAN_POINT('',(13.0641093025926,-13.4544375046185,3.4580305782599));
#7113=CARTESIAN_POINT('',(12.9606328924576,-13.4813032248266,3.48575699879143));
#7114=CARTESIAN_POINT('',(12.9074772882923,-13.4951401273249,3.5000000000009));
#7115=CARTESIAN_POINT('',(13.8404899901853,-0.749999999999799,3.25000000000019));
#7116=CARTESIAN_POINT('',(13.8404899901853,-0.749999999999799,3.25000000000019));
#7117=VECTOR('',#7118,1.);
#7118=DIRECTION('',(0.935113126530921,-0.250562807085934,-0.250562807085934));
#7119=CARTESIAN_POINT('',(12.9074772882932,-1.,3.50000000000039));
#7120=VECTOR('',#7121,1.);
#7121=DIRECTION('',(0.935113126530921,0.250562807085934,-0.250562807085932));
#7122=CARTESIAN_POINT('',(7.71843527963025,-14.2044618809404,6.49589480054141));
#7123=CARTESIAN_POINT('',(7.73678034329022,-14.1987417603063,6.48530327309901));
#7124=CARTESIAN_POINT('',(7.7551316368526,-14.1930496654513,6.47470814882079));
#7125=CARTESIAN_POINT('',(7.81057446390879,-14.1761966752051,6.44269821769523));
#7126=CARTESIAN_POINT('',(7.84765581565644,-14.1649649561102,6.42128928928178));
#7127=CARTESIAN_POINT('',(8.00176797295547,-14.1193372829331,6.3323125937797));
#7128=CARTESIAN_POINT('',(8.11913641423111,-14.0865745031208,6.26454989261477));
#7129=CARTESIAN_POINT('',(8.46089554941337,-13.9956783547448,6.06723516391907));
#7130=CARTESIAN_POINT('',(8.68632109675514,-13.9426700494522,5.93708566347894));
#7131=CARTESIAN_POINT('',(9.25116586389263,-13.8211949770705,5.61097238512142));
#7132=CARTESIAN_POINT('',(9.59238709441496,-13.7622405132961,5.41396821582592));
#7133=CARTESIAN_POINT('',(10.5017492640364,-13.6241577983445,4.88894772240354));
#7134=CARTESIAN_POINT('',(11.0750407673549,-13.5656540761355,4.55795771863814));
#7135=CARTESIAN_POINT('',(11.8522999529684,-13.5170802594643,4.10920691859363));
#7136=CARTESIAN_POINT('',(12.0611098028603,-13.4996013168862,3.98865049554893));
#7137=CARTESIAN_POINT('',(12.4821532182741,-13.4921713421062,3.74556096631899));
#7138=CARTESIAN_POINT('',(12.6949306536104,-13.4932686700276,3.62271385674996));
#7139=CARTESIAN_POINT('',(12.9074772882915,-13.4951401273278,3.5000000000014));
#7140=CARTESIAN_POINT('',(6.25459011783626,-15.329334638621,6.56314038996946));
#7141=CARTESIAN_POINT('',(6.33776428128443,-15.2981333838439,6.51142453367808));
#7142=CARTESIAN_POINT('',(6.49449112073884,-15.2409222944877,6.4124983563671));
#7143=CARTESIAN_POINT('',(6.73174863895949,-15.1582742682728,6.25718589877197));
#7144=CARTESIAN_POINT('',(7.00052411868242,-15.0712984127466,6.07916720898223));
#7145=CARTESIAN_POINT('',(7.32515353533262,-14.9777637309807,5.86533686335521));
#7146=CARTESIAN_POINT('',(7.69363852433754,-14.8856262599388,5.62306620238601));
#7147=CARTESIAN_POINT('',(8.03628189103194,-14.8121612483498,5.39843654041393));
#7148=CARTESIAN_POINT('',(8.33385629330314,-14.7564941160954,5.20425419347856));
#7149=CARTESIAN_POINT('',(8.59543604104626,-14.7127464308345,5.03357269293086));
#7150=CARTESIAN_POINT('',(8.8586821791663,-14.6737404722251,4.86231587807491));
#7151=CARTESIAN_POINT('',(9.13339386909669,-14.6381681784785,4.68455778949024));
#7152=CARTESIAN_POINT('',(9.40549691108632,-14.6076637619317,4.50871687956864));
#7153=CARTESIAN_POINT('',(9.68597902053713,-14.5805798017023,4.32688773550715));
#7154=CARTESIAN_POINT('',(9.99040323095253,-14.5559184577124,4.1300833940273));
#7155=CARTESIAN_POINT('',(10.3273068317256,-14.5343744201282,3.91326849127855));
#7156=CARTESIAN_POINT('',(10.6607462640208,-14.5187706835514,3.70009811722074));
#7157=CARTESIAN_POINT('',(10.93144729677,-14.5099232059181,3.52818430815932));
#7158=CARTESIAN_POINT('',(11.1127509895366,-14.5056865543521,3.41371680567529));
#7159=CARTESIAN_POINT('',(11.2392518358836,-14.5033640420576,3.33394797368341));
#7160=CARTESIAN_POINT('',(11.3579010997009,-14.5016285786701,3.25756040889927));
#7161=CARTESIAN_POINT('',(11.5012210361534,-14.5002757679154,3.16489114714441));
#7162=CARTESIAN_POINT('',(11.6396576064275,-14.4997919481978,3.07673869629392));
#7163=CARTESIAN_POINT('',(11.7298465776317,-14.4998998445348,3.02135884398411));
#7164=CARTESIAN_POINT('',(11.7653476993838,-14.5,2.99999999999999));
#7165=CARTESIAN_POINT('',(10.4265286448595,-31.7206561999141,16.6296984741155));
#7166=CARTESIAN_POINT('',(10.4265286448596,-31.7206561999141,16.6296984741155));
#7167=CARTESIAN_POINT('',(10.4800416758064,-31.7437381227067,16.6594866910048));
#7168=CARTESIAN_POINT('',(10.5866838402751,-31.7899998519072,16.7195805292414));
#7169=CARTESIAN_POINT('',(10.7456004003542,-31.8597135270181,16.811348235611));
#7170=CARTESIAN_POINT('',(10.9033881071918,-31.9296930808647,16.9047081195682));
#7171=CARTESIAN_POINT('',(11.0078862160532,-31.9765377632863,16.9680544145596));
#7172=CARTESIAN_POINT('',(11.0599502710095,-32.,16.9999999998251));
#7173=CARTESIAN_POINT('',(-1.93255962983989E-15,-26.1469856417273,12.0087310448352));
#7174=CARTESIAN_POINT('',(-6.30802710689216E-11,-26.1469856417273,12.0087310448352));
#7175=CARTESIAN_POINT('',(0.221531246583959,-26.1469305582875,12.0087025077442));
#7176=CARTESIAN_POINT('',(0.600652470896025,-26.1641094459352,12.0175840234121));
#7177=CARTESIAN_POINT('',(1.0662198522577,-26.2175157337628,12.0454177580892));
#7178=CARTESIAN_POINT('',(1.37709992647117,-26.2664905552852,12.0711485318479));
#7179=CARTESIAN_POINT('',(1.6187274361605,-26.3109831438195,12.0946603594897));
#7180=CARTESIAN_POINT('',(1.8851181357575,-26.3692101692326,12.1256297149143));
#7181=CARTESIAN_POINT('',(2.19380012312034,-26.4487489022278,12.1683522848052));
#7182=CARTESIAN_POINT('',(2.50946755661557,-26.5424780940122,12.2193768475153));
#7183=CARTESIAN_POINT('',(2.78123618270262,-26.6312730170398,12.2684018086006));
#7184=CARTESIAN_POINT('',(3.01887081806699,-26.7147773616868,12.315063515066));
#7185=CARTESIAN_POINT('',(3.27893533498683,-26.8146524162564,12.3715231281181));
#7186=CARTESIAN_POINT('',(3.58315415976082,-26.9424252091883,12.4449701083111));
#7187=CARTESIAN_POINT('',(3.9115983285018,-27.0923342653561,12.5330759639457));
#7188=CARTESIAN_POINT('',(4.19050878321559,-27.2275117529508,12.6143636233459));
#7189=CARTESIAN_POINT('',(4.44017448559403,-27.3519926140974,12.6906364876246));
#7190=CARTESIAN_POINT('',(4.68619700275872,-27.4816183796839,12.7714258204026));
#7191=CARTESIAN_POINT('',(4.97212788719995,-27.6412396270873,12.873151288008));
#7192=CARTESIAN_POINT('',(5.26686784709484,-27.8147153579515,12.9867204819673));
#7193=CARTESIAN_POINT('',(5.54578258425239,-27.9853820111199,13.1015930003082));
#7194=CARTESIAN_POINT('',(5.80439644210963,-28.1477178181744,13.2136716479099));
#7195=CARTESIAN_POINT('',(6.06639593023915,-28.3145669313921,13.3317636899246));
#7196=CARTESIAN_POINT('',(6.35267738943821,-28.5048326532408,13.4701998157127));
#7197=CARTESIAN_POINT('',(6.64985740988228,-28.7097244589985,13.6242253480406));
#7198=CARTESIAN_POINT('',(6.93883875490668,-28.9151081150448,13.7840326067992));
#7199=CARTESIAN_POINT('',(7.19345800889206,-29.0999397101674,13.9325579069426));
#7200=CARTESIAN_POINT('',(7.44634925492312,-29.2857767059527,14.0862299047764));
#7201=CARTESIAN_POINT('',(7.72266186737402,-29.4915113325138,14.2615901113454));
#7202=CARTESIAN_POINT('',(8.03760243674118,-29.7329906764969,14.4754662795196));
#7203=CARTESIAN_POINT('',(8.35052974184183,-29.9785666138679,14.7026183248152));
#7204=CARTESIAN_POINT('',(8.63747674657333,-30.2080077462095,14.9238442285299));
#7205=CARTESIAN_POINT('',(8.91768247426172,-30.4346863142483,15.1506076568474));
#7206=CARTESIAN_POINT('',(9.22199637279438,-30.6845274738727,15.4107078745071));
#7207=CARTESIAN_POINT('',(9.58313235479254,-30.98722870057,15.7414670990964));
#7208=CARTESIAN_POINT('',(9.93238608127645,-31.2864439185661,16.0881803191361));
#7209=CARTESIAN_POINT('',(10.2199654461578,-31.5377443855388,16.3960987463437));
#7210=CARTESIAN_POINT('',(10.3697395487259,-31.6698632407287,16.5641480038972));
#7211=CARTESIAN_POINT('',(10.4265286448595,-31.7206561999141,16.6296984741155));
#7212=CARTESIAN_POINT('',(-10.4265286448595,-31.7206561999141,16.6296984741155));
#7213=CARTESIAN_POINT('',(6.30657344203354E-11,-26.1469856417273,12.0087310448352));
#7214=CARTESIAN_POINT('',(-0.221532302781572,-26.1469305580248,12.0087025076081));
#7215=CARTESIAN_POINT('',(-0.600655270295942,-26.1641096049068,12.0175841054185));
#7216=CARTESIAN_POINT('',(-1.06622460156952,-26.217516354361,12.0454180822689));
#7217=CARTESIAN_POINT('',(-1.37710557595444,-26.2664915100189,12.0711490346612));
#7218=CARTESIAN_POINT('',(-1.61873305092549,-26.3109842792877,12.0946609614392));
#7219=CARTESIAN_POINT('',(-1.88512143162156,-26.3692110098046,12.1256301654091));
#7220=CARTESIAN_POINT('',(-2.19379882877011,-26.4487486305911,12.1683521424022));
#7221=CARTESIAN_POINT('',(-2.50946010693996,-26.5424758076991,12.2193755994974));
#7222=CARTESIAN_POINT('',(-2.78122446004515,-26.6312691367982,12.268399657267));
#7223=CARTESIAN_POINT('',(-3.01885698395554,-26.7147722564176,12.3150606465518));
#7224=CARTESIAN_POINT('',(-3.27892219660449,-26.8146470934591,12.3715200915922));
#7225=CARTESIAN_POINT('',(-3.58314321028704,-26.9424203588308,12.4449672846935));
#7226=CARTESIAN_POINT('',(-3.91159045459438,-27.0923305225633,12.533073733136));
#7227=CARTESIAN_POINT('',(-4.1905031528717,-27.2275089809732,12.6143619389132));
#7228=CARTESIAN_POINT('',(-4.44017332711657,-27.3519919798146,12.6906360862796));
#7229=CARTESIAN_POINT('',(-4.68620339341085,-27.4816217324209,12.7714279054225));
#7230=CARTESIAN_POINT('',(-4.97215002480936,-27.6412521574944,12.8731593190596));
#7231=CARTESIAN_POINT('',(-5.26690715098114,-27.8147388161285,12.9867359693612));
#7232=CARTESIAN_POINT('',(-5.54582264764606,-27.9854069706108,13.1016100422914));
#7233=CARTESIAN_POINT('',(-5.80445683434908,-28.1477558423337,13.2136981462117));
#7234=CARTESIAN_POINT('',(-6.06654124465069,-28.314660200679,13.3318300042511));
#7235=CARTESIAN_POINT('',(-6.35303920676051,-28.5050755157711,13.4703778884691));
#7236=CARTESIAN_POINT('',(-6.65047680655444,-28.7101565640749,13.6245538578477));
#7237=CARTESIAN_POINT('',(-6.93966975936309,-28.9157045942218,13.7845031352206));
#7238=CARTESIAN_POINT('',(-7.19436142397633,-29.1006006260521,13.9330963357869));
#7239=CARTESIAN_POINT('',(-7.44716124897492,-29.2863759159222,14.0867343532831));
#7240=CARTESIAN_POINT('',(-7.72321361067129,-29.4919318179513,14.2619584430734));
#7241=CARTESIAN_POINT('',(-8.0377838869115,-29.733133907964,14.4756000764015));
#7242=CARTESIAN_POINT('',(-8.35037851107517,-29.9784482376964,14.7025096821295));
#7243=CARTESIAN_POINT('',(-8.63715897420546,-30.2077519787477,14.9235937479405));
#7244=CARTESIAN_POINT('',(-8.91707320358349,-30.4341920007906,15.1501069012675));
#7245=CARTESIAN_POINT('',(-9.2209462811067,-30.6836594461603,15.4097918447622));
#7246=CARTESIAN_POINT('',(-9.58148919497498,-30.9858395294906,15.7399133717396));
#7247=CARTESIAN_POINT('',(-9.93071396747289,-31.2849945768743,16.0864540927587));
#7248=CARTESIAN_POINT('',(-10.2188681721046,-31.5367818990945,16.3948852961501));
#7249=CARTESIAN_POINT('',(-10.3693335830172,-31.6695001393399,16.5636794061397));
#7250=CARTESIAN_POINT('',(-10.4265286448595,-31.7206561999141,16.6296984741155));
#7251=CARTESIAN_POINT('',(-10.4265286448596,-31.7206561999141,16.6296984741155));
#7252=CARTESIAN_POINT('',(-10.4800416758064,-31.7437381227067,16.6594866910048));
#7253=CARTESIAN_POINT('',(-10.5866838402751,-31.7899998519072,16.7195805292415));
#7254=CARTESIAN_POINT('',(-10.7456004003542,-31.8597135270181,16.811348235611));
#7255=CARTESIAN_POINT('',(-10.9033881071918,-31.9296930808647,16.9047081195683));
#7256=CARTESIAN_POINT('',(-11.0078862160532,-31.9765377632864,16.9680544145596));
#7257=CARTESIAN_POINT('',(-11.0599502710095,-32.,16.9999999998251));
#7258=CARTESIAN_POINT('',(-6.25459011783627,-15.329334638621,6.56314038996945));
#7259=CARTESIAN_POINT('',(-6.33776423048161,-15.2981334029017,6.51142456526616));
#7260=CARTESIAN_POINT('',(-6.49449100400262,-15.2409223415359,6.41249843998346));
#7261=CARTESIAN_POINT('',(-6.73175393429513,-15.158272406562,6.25718240327688));
#7262=CARTESIAN_POINT('',(-7.0007094132461,-15.0712386230557,6.07904460435866));
#7263=CARTESIAN_POINT('',(-7.32576050347917,-14.9775929226804,5.86493689280217));
#7264=CARTESIAN_POINT('',(-7.69496670999731,-14.8853091115962,5.62219424702687));
#7265=CARTESIAN_POINT('',(-8.03829933783655,-14.811749337123,5.39711527308573));
#7266=CARTESIAN_POINT('',(-8.33634521982809,-14.7560528021334,5.20263276781116));
#7267=CARTESIAN_POINT('',(-8.59807433150073,-14.7123300870987,5.03184845441818));
#7268=CARTESIAN_POINT('',(-8.86112264307526,-14.6734052113905,4.86073541848805));
#7269=CARTESIAN_POINT('',(-9.13542549131777,-14.6379269094256,4.68324449061456));
#7270=CARTESIAN_POINT('',(-9.40714712685561,-14.6074930668966,4.50764928135148));
#7271=CARTESIAN_POINT('',(-9.68781317522021,-14.5804145192588,4.32569801926295));
#7272=CARTESIAN_POINT('',(-9.99016756816759,-14.5559546243588,4.1302433378308));
#7273=CARTESIAN_POINT('',(-10.332236685855,-14.5340579431172,3.91007436368598));
#7274=CARTESIAN_POINT('',(-10.6748873747354,-14.5181296633721,3.69114220887904));
#7275=CARTESIAN_POINT('',(-10.9626914746025,-14.5090057263417,3.50818748793376));
#7276=CARTESIAN_POINT('',(-11.1742471450934,-14.5044028091064,3.37532606772642));
#7277=CARTESIAN_POINT('',(-11.3407821511301,-14.5017970295635,3.26874812023824));
#7278=CARTESIAN_POINT('',(-11.4984025554683,-14.5002782052869,3.16663651846076));
#7279=CARTESIAN_POINT('',(-11.6416591866717,-14.4997937499914,3.0755082628617));
#7280=CARTESIAN_POINT('',(-11.7301407419858,-14.4999006744288,3.02118186336395));
#7281=CARTESIAN_POINT('',(-11.7653476993838,-14.5,2.99999999999999));
#7282=CARTESIAN_POINT('',(-12.9074772882923,-13.4951401273249,3.5000000000009));
#7283=CARTESIAN_POINT('',(-7.71843527963025,-14.2044618809404,6.49589480054141));
#7284=CARTESIAN_POINT('',(-7.73678034329022,-14.1987417603063,6.48530327309901));
#7285=CARTESIAN_POINT('',(-7.75513163685259,-14.1930496654513,6.47470814882079));
#7286=CARTESIAN_POINT('',(-7.81057446390879,-14.1761966752051,6.44269821769523));
#7287=CARTESIAN_POINT('',(-7.84765581565644,-14.1649649561102,6.42128928928179));
#7288=CARTESIAN_POINT('',(-8.00176797295547,-14.1193372829331,6.3323125937797));
#7289=CARTESIAN_POINT('',(-8.11913641423111,-14.0865745031208,6.26454989261477));
#7290=CARTESIAN_POINT('',(-8.46089554941337,-13.9956783547448,6.06723516391907));
#7291=CARTESIAN_POINT('',(-8.68632109675514,-13.9426700494522,5.93708566347894));
#7292=CARTESIAN_POINT('',(-9.25116586389263,-13.8211949770705,5.61097238512142));
#7293=CARTESIAN_POINT('',(-9.59238709441495,-13.7622405132961,5.41396821582592));
#7294=CARTESIAN_POINT('',(-10.5017492640364,-13.6241577983445,4.88894772240354));
#7295=CARTESIAN_POINT('',(-11.0750407673549,-13.5656540761355,4.55795771863814));
#7296=CARTESIAN_POINT('',(-11.8522999529684,-13.5170802594643,4.10920691859363));
#7297=CARTESIAN_POINT('',(-12.0611098028603,-13.4996013168862,3.98865049554894));
#7298=CARTESIAN_POINT('',(-12.4821532182741,-13.4921713421062,3.74556096631899));
#7299=CARTESIAN_POINT('',(-12.6949306536104,-13.4932686700276,3.62271385674996));
#7300=CARTESIAN_POINT('',(-12.9074772882915,-13.4951401273278,3.5000000000014));
#7301=CARTESIAN_POINT('',(-14.7735026904874,-13.0020263518091,3.00000000085207));
#7302=CARTESIAN_POINT('',(-14.6320893194271,-13.039586411871,3.03789159920055));
#7303=CARTESIAN_POINT('',(-14.38541991657,-13.1051029710199,3.10398646666857));
#7304=CARTESIAN_POINT('',(-14.0746166604408,-13.1876547783079,3.18726594847184));
#7305=CARTESIAN_POINT('',(-13.8623950300588,-13.2440203430862,3.24413056216287));
#7306=CARTESIAN_POINT('',(-13.7185051365244,-13.2822417692807,3.28268574304489));
#7307=CARTESIAN_POINT('',(-13.5999048068495,-13.3137322435327,3.31446460558137));
#7308=CARTESIAN_POINT('',(-13.4824566518445,-13.3449677296621,3.34593474387349));
#7309=CARTESIAN_POINT('',(-13.3544951777821,-13.3787829619401,3.38022191750902));
#7310=CARTESIAN_POINT('',(-13.2150320451922,-13.4152195954991,3.41759095126101));
#7311=CARTESIAN_POINT('',(-13.0641093025926,-13.4544375046185,3.4580305782599));
#7312=CARTESIAN_POINT('',(-12.9606328924576,-13.4813032248266,3.48575699879143));
#7313=CARTESIAN_POINT('',(-12.9074772882923,-13.4951401273249,3.5000000000009));
#7314=CARTESIAN_POINT('',(-13.8404899901853,-0.749999999999799,3.2500000000002));
#7315=CARTESIAN_POINT('',(-12.9074772882932,-1.,3.50000000000039));
#7316=CARTESIAN_POINT('',(-12.9074772882932,-1.,3.50000000000039));
#7317=VECTOR('',#7318,1.);
#7318=DIRECTION('',(-0.935113126530921,0.250562807085934,-0.250562807085932));
#7319=CARTESIAN_POINT('',(-13.8404899901853,-0.749999999999799,3.2500000000002));
#7320=VECTOR('',#7321,1.);
#7321=DIRECTION('',(-0.935113126530921,-0.250562807085934,-0.250562807085934));
#7322=CARTESIAN_POINT('',(-12.9074772882932,-0.999999999999999,3.5000000000004));
#7323=VECTOR('',#7324,1.);
#7324=DIRECTION('',(0.,-1.,-7.10819094984002E-17));
#7325=CARTESIAN_POINT('',(-14.0414518845088,-2.4492935982947E-16,4.));
#7326=CARTESIAN_POINT('',(-14.0414518845088,-2.4492935982947E-16,4.));
#7327=VECTOR('',#7328,1.);
#7328=DIRECTION('',(0.186156787897553,-0.694746590606843,-0.694746590606843));
#7329=CARTESIAN_POINT('',(-14.999999999991,-2.4492935982947E-16,4.));
#7330=VECTOR('',#7331,1.);
#7331=DIRECTION('',(1.,5.14359224956715E-32,0.));
#7332=CARTESIAN_POINT('',(-15.4142135622858,-1.00000000007825,3.));
#7333=VECTOR('',#7334,1.);
#7334=DIRECTION('',(0.281084637688236,0.678598344563309,0.678598344539396));
#7335=CARTESIAN_POINT('',(-13.3667412419591,-31.,2.99999999999999));
#7336=VECTOR('',#7337,1.);
#7337=DIRECTION('',(0.,-0.707106781186548,-0.707106781186547));
#7338=CARTESIAN_POINT('',(-2.71129068442412E-16,-15.713933470056,1.99999999999999));
#7339=CARTESIAN_POINT('',(-2.9347545975897E-16,-15.6703539906348,2.04324286291063));
#7340=CARTESIAN_POINT('',(-2.49909546708759E-16,-15.6264938995771,2.08677176906198));
#7341=CARTESIAN_POINT('',(-1.77113401409419E-16,-15.5267812493853,2.18572847550017));
#7342=CARTESIAN_POINT('',(-2.10088674381586E-16,-15.4387697888438,2.27306151639971));
#7343=CARTESIAN_POINT('',(-5.82320518635478E-16,-15.320048811554,2.39082965113643));
#7344=CARTESIAN_POINT('',(-9.38456699923581E-16,-15.2057662640284,2.50419522924186));
#7345=CARTESIAN_POINT('',(-8.6392803403785E-16,-15.1088377852732,2.60038930480625));
#7346=CARTESIAN_POINT('',(4.80902956814375E-16,-14.9905556489929,2.71791949323161));
#7347=CARTESIAN_POINT('',(2.2237460266859E-15,-14.9200931715644,2.78804235775043));
#7348=CARTESIAN_POINT('',(6.24035133864754E-15,-14.826078536808,2.88179842099273));
#7349=CARTESIAN_POINT('',(9.31837644167331E-15,-14.7715519635046,2.93626113273613));
#7350=CARTESIAN_POINT('',(1.32171828439022E-14,-14.7206928863446,2.98717888312958));
#7351=CARTESIAN_POINT('',(1.4267210692003E-14,-14.7078944620739,3.00000000000648));
#7352=CARTESIAN_POINT('',(13.3667412419591,-31.,2.99999999999999));
#7353=VECTOR('',#7354,1.);
#7354=DIRECTION('',(0.,-0.707106781186547,-0.707106781186547));
#7355=CARTESIAN_POINT('',(14.0414518845088,-2.4492935982947E-16,3.99999999999999));
#7356=CARTESIAN_POINT('',(14.999999999991,-2.4492935982947E-16,3.99999999999999));
#7357=VECTOR('',#7358,1.);
#7358=DIRECTION('',(-1.,5.14359224956715E-32,0.));
#7359=CARTESIAN_POINT('',(14.0414518845088,-2.4492935982947E-16,3.99999999999999));
#7360=VECTOR('',#7361,1.);
#7361=DIRECTION('',(-0.186156787897553,-0.694746590606843,-0.694746590606843));
#7362=CARTESIAN_POINT('',(-9.13952809586213,-4.18224659574829E-16,6.83012701892518));
#7363=CARTESIAN_POINT('',(-14.0414518845088,-2.4492935982947E-16,4.));
#7364=VECTOR('',#7365,1.);
#7365=DIRECTION('',(0.866025403784209,-3.06161699787083E-17,0.500000000000399));
#7366=CARTESIAN_POINT('',(-14.7224318643431,-1.01033360928802E-15,16.4999999998604));
#7367=CARTESIAN_POINT('',(-9.13952809586213,-4.18224659574829E-16,6.83012701892518));
#7368=VECTOR('',#7369,1.);
#7369=DIRECTION('',(-0.499999999999784,-5.3028761936253E-17,0.866025403784563));
#7370=AXIS2_PLACEMENT_3D('',#7371,#7372,#7373);
#7371=CARTESIAN_POINT('',(6.12323399573677E-15,-1.53080849893419E-15,25.));
#7372=DIRECTION('',(-9.24446373305873E-33,-1.,-6.12323399573676E-17));
#7373=DIRECTION('',(-0.882352941175938,2.88152188035282E-17,-0.470588235295116));
#7374=CARTESIAN_POINT('',(-14.7224318643431,-1.01033360928802E-15,16.4999999998604));
#7375=VECTOR('',#7376,1.);
#7376=DIRECTION('',(0.612372435694583,-0.707106781186547,0.353553390595372));
#7377=CARTESIAN_POINT('',(12.9074772882932,-1.,3.50000000000039));
#7378=VECTOR('',#7379,1.);
#7379=DIRECTION('',(-0.866025403784208,-7.49112661290036E-17,0.500000000000399));
#7380=CARTESIAN_POINT('',(9.13952809586213,-4.18224659574829E-16,6.83012701892518));
#7381=CARTESIAN_POINT('',(14.7224318643431,-1.01033360928802E-15,16.4999999998604));
#7382=CARTESIAN_POINT('',(9.13952809586213,-4.18224659574829E-16,6.83012701892518));
#7383=VECTOR('',#7384,1.);
#7384=DIRECTION('',(0.499999999999784,-5.3028761936253E-17,0.866025403784563));
#7385=CARTESIAN_POINT('',(14.7224318643431,-1.01033360928802E-15,16.4999999998604));
#7386=VECTOR('',#7387,1.);
#7387=DIRECTION('',(-0.612372435694583,-0.707106781186548,0.353553390595372));
#7388=CARTESIAN_POINT('',(9.13952809586213,-4.18224659574829E-16,6.83012701892518));
#7389=VECTOR('',#7390,1.);
#7390=DIRECTION('',(-0.788675134594742,-0.577350269189762,-0.211324865405081));
#7391=AXIS2_PLACEMENT_3D('',#7392,#7393,#7394);
#7392=CARTESIAN_POINT('',(-3.06161699786838E-15,-1.53080849893419E-15,25.));
#7393=DIRECTION('',(0.,1.,6.12323399573677E-17));
#7394=DIRECTION('',(0.882352941175938,2.88152188035282E-17,-0.470588235295116));
#7395=CARTESIAN_POINT('',(14.0414518845088,-2.4492935982947E-16,3.99999999999999));
#7396=VECTOR('',#7397,1.);
#7397=DIRECTION('',(-0.866025403784209,-3.06161699787083E-17,0.500000000000399));
#7398=CARTESIAN_POINT('',(-9.13952809586213,-4.18224659574829E-16,6.83012701892518));
#7399=VECTOR('',#7400,1.);
#7400=DIRECTION('',(0.788675134594742,-0.577350269189762,-0.211324865405081));
#7401=CARTESIAN_POINT('',(-12.9074772882932,-1.,3.50000000000039));
#7402=VECTOR('',#7403,1.);
#7403=DIRECTION('',(0.866025403784208,-7.49112661290036E-17,0.500000000000399));
#7404=CARTESIAN_POINT('',(9.96408627566148,-31.,17.2064459525083));
#7405=CARTESIAN_POINT('',(-1.89842832966852E-15,-31.,37.65));
#7406=AXIS2_PLACEMENT_3D('',#7407,#7408,#7409);
#7407=CARTESIAN_POINT('',(-3.06161699786838E-15,-31.,25.));
#7408=DIRECTION('',(0.,-1.,-6.12323399573677E-17));
#7409=DIRECTION('',(0.787674804400117,3.77247075819867E-17,-0.616091229050729));
#7410=CARTESIAN_POINT('',(10.4265286448596,-31.7206561999141,16.6296984741155));
#7411=CARTESIAN_POINT('',(10.3865162390842,-31.6598770948163,16.6769453082605));
#7412=CARTESIAN_POINT('',(10.3072657027796,-31.5387511314072,16.7717607910261));
#7413=CARTESIAN_POINT('',(10.1904344938233,-31.3578945756542,16.9153896035236));
#7414=CARTESIAN_POINT('',(10.0760029471332,-31.1783898650441,17.060075576082));
#7415=CARTESIAN_POINT('',(10.0011185530688,-31.0593060946547,17.1575305491281));
#7416=CARTESIAN_POINT('',(9.96408627566143,-31.,17.2064459525082));
#7417=CARTESIAN_POINT('',(-9.96408627566147,-31.,17.2064459525083));
#7418=CARTESIAN_POINT('',(-10.4265286448596,-31.7206561999141,16.6296984741155));
#7419=CARTESIAN_POINT('',(-10.3865162390842,-31.6598770948162,16.6769453082605));
#7420=CARTESIAN_POINT('',(-10.3072657027795,-31.5387511314072,16.7717607910261));
#7421=CARTESIAN_POINT('',(-10.1904344938233,-31.3578945756542,16.9153896035236));
#7422=CARTESIAN_POINT('',(-10.0760029471332,-31.1783898650441,17.0600755760819));
#7423=CARTESIAN_POINT('',(-10.0011185530688,-31.0593060946547,17.1575305491281));
#7424=CARTESIAN_POINT('',(-9.96408627566143,-31.,17.2064459525082));
#7425=AXIS2_PLACEMENT_3D('',#7426,#7427,#7428);
#7426=CARTESIAN_POINT('',(-3.06161699786838E-15,-31.,25.));
#7427=DIRECTION('',(0.,1.,6.12323399573677E-17));
#7428=DIRECTION('',(-0.787674804400116,3.77247075819867E-17,-0.61609122905073));
#7429=CARTESIAN_POINT('',(7.74589100483577E-16,-25.8057166886404,12.35));
#7430=CARTESIAN_POINT('',(6.58374006115684E-10,-25.8057166886404,12.35));
#7431=CARTESIAN_POINT('',(-0.229674793276714,-25.8056576994495,12.349999999988));
#7432=CARTESIAN_POINT('',(-0.63222811554872,-25.8232693036649,12.3609669726939));
#7433=CARTESIAN_POINT('',(-1.14065409189736,-25.8806205160183,12.3991995585678));
#7434=CARTESIAN_POINT('',(-1.50175536842375,-25.9373847469516,12.4383369679169));
#7435=CARTESIAN_POINT('',(-1.78621677478657,-25.9919295862825,12.4757746893023));
#7436=CARTESIAN_POINT('',(-2.06467835565939,-26.055754344044,12.5184835512736));
#7437=CARTESIAN_POINT('',(-2.34470512333936,-26.1295551325237,12.568102650744));
#7438=CARTESIAN_POINT('',(-2.60892023690729,-26.207233874693,12.6210959120549));
#7439=CARTESIAN_POINT('',(-2.86615743003,-26.2885191787699,12.6780473719869));
#7440=CARTESIAN_POINT('',(-3.15551491377557,-26.3876513439664,12.7484191929124));
#7441=CARTESIAN_POINT('',(-3.49249413317795,-26.5189105642031,12.8396860457412));
#7442=CARTESIAN_POINT('',(-3.83861032353417,-26.6682208870653,12.9446952249187));
#7443=CARTESIAN_POINT('',(-4.1413493359607,-26.808810968482,13.0459716055684));
#7444=CARTESIAN_POINT('',(-4.38654336438254,-26.9267499493885,13.1341605909933));
#7445=CARTESIAN_POINT('',(-4.60080689970983,-27.0340947331368,13.2156229792287));
#7446=CARTESIAN_POINT('',(-4.84606735945822,-27.1643578208838,13.3138354673332));
#7447=CARTESIAN_POINT('',(-5.12907890052388,-27.3236322149694,13.4347554505638));
#7448=CARTESIAN_POINT('',(-5.43400658711558,-27.5048164468856,13.5750074783413));
#7449=CARTESIAN_POINT('',(-5.69387799166887,-27.6651106368798,13.702851257228));
#7450=CARTESIAN_POINT('',(-5.92319480447371,-27.8086585981128,13.8216351882368));
#7451=CARTESIAN_POINT('',(-6.14890085891005,-27.9531711214412,13.9437938204529));
#7452=CARTESIAN_POINT('',(-6.41124802005773,-28.1292223392178,14.093377342722));
#7453=CARTESIAN_POINT('',(-6.69211092109553,-28.3252736618849,14.2633266343962));
#7454=CARTESIAN_POINT('',(-6.97565924655702,-28.5296174655938,14.4454076503965));
#7455=CARTESIAN_POINT('',(-7.2492323713704,-28.731353811385,14.6313900873337));
#7456=CARTESIAN_POINT('',(-7.55317042585538,-28.9573484825963,14.8499313225101));
#7457=CARTESIAN_POINT('',(-7.87150150057168,-29.2041926954326,15.0941586497212));
#7458=CARTESIAN_POINT('',(-8.21037174834468,-29.4761999101348,15.3732433896105));
#7459=CARTESIAN_POINT('',(-8.5231206537763,-29.7338741761581,15.6492384217612));
#7460=CARTESIAN_POINT('',(-8.83270057633664,-29.9916827690584,15.9411026225418));
#7461=CARTESIAN_POINT('',(-9.14790650863549,-30.2622111115848,16.2584829206303));
#7462=CARTESIAN_POINT('',(-9.45898780846368,-30.5375222785676,16.5962351445218));
#7463=CARTESIAN_POINT('',(-9.73498873588575,-30.7881123880353,16.9190820181961));
#7464=CARTESIAN_POINT('',(-9.89458847819436,-30.9353454249693,17.11759277388));
#7465=CARTESIAN_POINT('',(-9.96408627566148,-31.,17.2064459525083));
#7466=CARTESIAN_POINT('',(-6.58372383458675E-10,-25.8057166886404,12.35));
#7467=CARTESIAN_POINT('',(0.229674793281589,-25.8056576994495,12.349999999988));
#7468=CARTESIAN_POINT('',(0.63222811556156,-25.8232693036657,12.3609669726944));
#7469=CARTESIAN_POINT('',(1.14065409191898,-25.8806205160212,12.3991995585697));
#7470=CARTESIAN_POINT('',(1.50175536844917,-25.9373847469559,12.4383369679199));
#7471=CARTESIAN_POINT('',(1.78621677481356,-25.9919295862882,12.4757746893062));
#7472=CARTESIAN_POINT('',(2.06467835568745,-26.0557543440509,12.5184835512782));
#7473=CARTESIAN_POINT('',(2.34470512336859,-26.1295551325319,12.5681026507495));
#7474=CARTESIAN_POINT('',(2.60892023693743,-26.2072338747022,12.6210959120612));
#7475=CARTESIAN_POINT('',(2.86615743006192,-26.2885191787803,12.6780473719943));
#7476=CARTESIAN_POINT('',(3.15551491380876,-26.3876513439787,12.7484191929209));
#7477=CARTESIAN_POINT('',(3.49249413321166,-26.518910564217,12.8396860457509));
#7478=CARTESIAN_POINT('',(3.83861032356514,-26.6682208870792,12.9446952249286));
#7479=CARTESIAN_POINT('',(4.14134933598886,-26.8088109684954,13.0459716055782));
#7480=CARTESIAN_POINT('',(4.38654336440882,-26.9267499494012,13.1341605910031));
#7481=CARTESIAN_POINT('',(4.60080689973575,-27.0340947331503,13.2156229792388));
#7482=CARTESIAN_POINT('',(4.84606735947864,-27.1643578208951,13.3138354673418));
#7483=CARTESIAN_POINT('',(5.12907890053338,-27.3236322149751,13.4347554505682));
#7484=CARTESIAN_POINT('',(5.43400658710964,-27.5048164468821,13.5750074783387));
#7485=CARTESIAN_POINT('',(5.69387799165289,-27.6651106368699,13.70285125722));
#7486=CARTESIAN_POINT('',(5.92319480445313,-27.8086585980999,13.8216351882259));
#7487=CARTESIAN_POINT('',(6.14890085889056,-27.9531711214283,13.943793820442));
#7488=CARTESIAN_POINT('',(6.41124802004001,-28.1292223392057,14.0933773427115));
#7489=CARTESIAN_POINT('',(6.69211092107929,-28.3252736618734,14.263326634386));
#7490=CARTESIAN_POINT('',(6.97565924654073,-28.5296174655819,14.4454076503857));
#7491=CARTESIAN_POINT('',(7.24923237135282,-28.7313538113719,14.6313900873214));
#7492=CARTESIAN_POINT('',(7.55317042583476,-28.9573484825807,14.8499313224949));
#7493=CARTESIAN_POINT('',(7.87150150054821,-29.204192695414,15.0941586497026));
#7494=CARTESIAN_POINT('',(8.21037174831804,-29.4761999101132,15.3732433895879));
#7495=CARTESIAN_POINT('',(8.52312065374795,-29.7338741761346,15.6492384217355));
#7496=CARTESIAN_POINT('',(8.83270057630693,-29.9916827690334,15.9411026225129));
#7497=CARTESIAN_POINT('',(9.14790650860228,-30.2622111115558,16.2584829205957));
#7498=CARTESIAN_POINT('',(9.458987808431,-30.5375222785383,16.5962351444851));
#7499=CARTESIAN_POINT('',(9.73498873586384,-30.7881123880151,16.9190820181693));
#7500=CARTESIAN_POINT('',(9.89458847818518,-30.9353454249607,17.1175927738683));
#7501=CARTESIAN_POINT('',(9.96408627566148,-31.,17.2064459525083));
#7502=CARTESIAN_POINT('',(-6.30802710689216E-11,-26.1469856417273,12.0087310448352));
#7503=VECTOR('',#7504,1.);
#7504=DIRECTION('',(-1.37520036386792E-10,0.707106779034001,0.707106783339094));
ENDSEC;
END-ISO-10303-21;
