ISO-10303-21;
HEADER;
FILE_DESCRIPTION(('STEP AP242'),
    '1');
FILE_NAME('Стойка',
    '',
    ('UNSPECIFIED'),
    ('UNSPECIFIED'),
    'C3D Converter',
    'C3D Toolkit',
    '');
FILE_SCHEMA(('AP242_MANAGED_MODEL_BASED_3D_ENGINEERING_MIM_LF { 1 0 10303 442 1 1 4 }'));
ENDSEC;

DATA;
#1=PRODUCT_DEFINITION('','UNSPECIFIED',#28,#31);
#2=SHAPE_DEFINITION_REPRESENTATION(#26,#3);
#3=SHAPE_REPRESENTATION('NONE',(#4),#8);
#4=AXIS2_PLACEMENT_3D('',#5,#6,#7);
#5=CARTESIAN_POINT('',(0.,0.,0.));
#6=DIRECTION('',(0.,0.,1.));
#7=DIRECTION('',(1.,0.,0.));
#8=(GEOMETRIC_REPRESENTATION_CONTEXT(3)GLOBAL_UNCERTAINTY_ASSIGNED_CONTEXT((#10))
GLOBAL_UNIT_ASSIGNED_CONTEXT((#9,#11,#12))REPRESENTATION_CONTEXT('NONE','NONE'));
#9=(LENGTH_UNIT()NAMED_UNIT(*)SI_UNIT(.MILLI.,.METRE.));
#10=UNCERTAINTY_MEASURE_WITH_UNIT(LENGTH_MEASURE(1.E-5),#9,'NONE','NONE');
#11=(NAMED_UNIT(*)PLANE_ANGLE_UNIT()SI_UNIT($,.RADIAN.));
#12=(NAMED_UNIT(*)SI_UNIT($,.STERADIAN.)SOLID_ANGLE_UNIT());
#13=MANIFOLD_SOLID_BREP('',#14);
#14=CLOSED_SHELL('',(#53,#54,#55,#56,#57,#58,#59,#60,#61,#62,#63,#64,#65,#66,#67,
#68,#69,#70,#71,#72,#73,#74,#75,#76,#77,#78,#79,#80,#81,#82,#83,#84,#85,#86,#87,
#88,#89,#90,#91,#92,#93,#94,#95,#96,#97,#98,#99,#100,#101,#102,#103,#104,#105,#106,
#107,#108,#109,#110,#111,#112,#113,#114,#115,#116,#117,#118,#119,#120,#121,#122,
#123,#124,#125,#126,#127,#128,#129,#130));
#15=COLOUR_RGB('',0.4,0.698039215686275,1.);
#16=FILL_AREA_STYLE_COLOUR('',#15);
#17=FILL_AREA_STYLE($,(#16));
#18=SURFACE_STYLE_FILL_AREA(#17);
#19=SURFACE_SIDE_STYLE('',(#18));
#20=SURFACE_STYLE_USAGE(.BOTH.,#19);
#21=PRESENTATION_STYLE_ASSIGNMENT((#20));
#22=MECHANICAL_DESIGN_GEOMETRIC_PRESENTATION_REPRESENTATION('NONE',(#23),#8);
#23=STYLED_ITEM('',(#21),#13);
#24=ADVANCED_BREP_SHAPE_REPRESENTATION('NONE',(#13),#8);
#25=SHAPE_REPRESENTATION_RELATIONSHIP('','',#3,#24);
#26=PRODUCT_DEFINITION_SHAPE('NONE','NONE',#1);
#27=MECHANICAL_CONTEXT('NONE',#32,'mechanical');
#28=PRODUCT_DEFINITION_FORMATION_WITH_SPECIFIED_SOURCE('ANY','UNSPECIFIED',#29,.NOT_KNOWN.);
#29=PRODUCT('','\X2\04210442043E0439043A0430\X0\','NONE',(#27));
#30=PRODUCT_RELATED_PRODUCT_CATEGORY('detail','',(#29));
#31=DESIGN_CONTEXT('detailed design',#32,'design');
#32=APPLICATION_CONTEXT('configuration controlled 3d designs of mechanical parts and assemblies');
#33=APPLICATION_PROTOCOL_DEFINITION('international standard','config_control_design',
1994,#32);
#34=CC_DESIGN_DATE_AND_TIME_ASSIGNMENT(#35,#39,(#1));
#35=DATE_AND_TIME(#36,#37);
#36=CALENDAR_DATE(0,1,1);
#37=LOCAL_TIME(0,0,0.,#38);
#38=COORDINATED_UNIVERSAL_TIME_OFFSET(0,0,.AHEAD.);
#39=DATE_TIME_ROLE('creation_date');
#40=CC_DESIGN_APPROVAL(#41,(#1));
#41=APPROVAL(#42,'UNSPECIFIED');
#42=APPROVAL_STATUS('not_yet_approved');
#43=APPROVAL_DATE_TIME(#44,#41);
#44=DATE_AND_TIME(#45,#46);
#45=CALENDAR_DATE(0,1,1);
#46=LOCAL_TIME(0,0,0.,#47);
#47=COORDINATED_UNIVERSAL_TIME_OFFSET(0,0,.AHEAD.);
#48=PERSON('UNSPECIFIED','Rozmu','UNSPECIFIED',('UNSPECIFIED'),('UNSPECIFIED'),(
'UNSPECIFIED'));
#49=ORGANIZATION('UNSPECIFIED','UNSPECIFIED','UNSPECIFIED');
#50=PERSON_AND_ORGANIZATION(#48,#49);
#51=PERSON_AND_ORGANIZATION_ROLE('creator');
#52=CC_DESIGN_PERSON_AND_ORGANIZATION_ASSIGNMENT(#50,#51,(#28,#1));
#53=ADVANCED_FACE('',(#131,#133),#135,.F.);
#54=ADVANCED_FACE('',(#140,#142),#144,.F.);
#55=ADVANCED_FACE('',(#149,#151),#153,.F.);
#56=ADVANCED_FACE('',(#158,#160),#162,.F.);
#57=ADVANCED_FACE('',(#167,#169,#171,#173,#175),#177,.T.);
#58=ADVANCED_FACE('',(#182,#184),#186,.F.);
#59=ADVANCED_FACE('',(#191,#193),#195,.T.);
#60=ADVANCED_FACE('',(#200,#202),#204,.F.);
#61=ADVANCED_FACE('',(#209,#211),#213,.T.);
#62=ADVANCED_FACE('',(#218,#220),#222,.F.);
#63=ADVANCED_FACE('',(#227,#229),#231,.T.);
#64=ADVANCED_FACE('',(#236,#238),#240,.F.);
#65=ADVANCED_FACE('',(#245,#247),#249,.T.);
#66=ADVANCED_FACE('',(#254),#256,.T.);
#67=ADVANCED_FACE('',(#261),#263,.T.);
#68=ADVANCED_FACE('',(#268),#270,.T.);
#69=ADVANCED_FACE('',(#275),#277,.T.);
#70=ADVANCED_FACE('',(#282),#284,.F.);
#71=ADVANCED_FACE('',(#409),#411,.F.);
#72=ADVANCED_FACE('',(#416),#418,.F.);
#73=ADVANCED_FACE('',(#423),#425,.F.);
#74=ADVANCED_FACE('',(#430,#432,#434),#436,.T.);
#75=ADVANCED_FACE('',(#441),#443,.T.);
#76=ADVANCED_FACE('',(#448),#450,.T.);
#77=ADVANCED_FACE('',(#455),#457,.T.);
#78=ADVANCED_FACE('',(#462),#464,.T.);
#79=ADVANCED_FACE('',(#469),#471,.T.);
#80=ADVANCED_FACE('',(#476),#478,.T.);
#81=ADVANCED_FACE('',(#483),#485,.T.);
#82=ADVANCED_FACE('',(#490),#492,.F.);
#83=ADVANCED_FACE('',(#497),#499,.T.);
#84=ADVANCED_FACE('',(#504),#506,.T.);
#85=ADVANCED_FACE('',(#625),#627,.F.);
#86=ADVANCED_FACE('',(#632),#634,.T.);
#87=ADVANCED_FACE('',(#639),#641,.T.);
#88=ADVANCED_FACE('',(#776),#778,.T.);
#89=ADVANCED_FACE('',(#783),#785,.F.);
#90=ADVANCED_FACE('',(#790),#792,.T.);
#91=ADVANCED_FACE('',(#797),#799,.F.);
#92=ADVANCED_FACE('',(#804),#806,.F.);
#93=ADVANCED_FACE('',(#811),#813,.F.);
#94=ADVANCED_FACE('',(#818),#820,.F.);
#95=ADVANCED_FACE('',(#955),#957,.F.);
#96=ADVANCED_FACE('',(#962),#964,.F.);
#97=ADVANCED_FACE('',(#969),#971,.T.);
#98=ADVANCED_FACE('',(#976,#978),#980,.F.);
#99=ADVANCED_FACE('',(#985),#987,.T.);
#100=ADVANCED_FACE('',(#992),#994,.F.);
#101=ADVANCED_FACE('',(#999),#1001,.F.);
#102=ADVANCED_FACE('',(#1006),#1008,.T.);
#103=ADVANCED_FACE('',(#1013,#1015),#1017,.F.);
#104=ADVANCED_FACE('',(#1022,#1024),#1026,.F.);
#105=ADVANCED_FACE('',(#1031),#1033,.T.);
#106=ADVANCED_FACE('',(#1038),#1040,.T.);
#107=ADVANCED_FACE('',(#1045),#1047,.T.);
#108=ADVANCED_FACE('',(#1052),#1054,.T.);
#109=ADVANCED_FACE('',(#1059),#1061,.T.);
#110=ADVANCED_FACE('',(#1066),#1068,.F.);
#111=ADVANCED_FACE('',(#1073),#1075,.F.);
#112=ADVANCED_FACE('',(#1080),#1082,.F.);
#113=ADVANCED_FACE('',(#1087),#1089,.T.);
#114=ADVANCED_FACE('',(#1094),#1096,.T.);
#115=ADVANCED_FACE('',(#1101),#1103,.F.);
#116=ADVANCED_FACE('',(#1108),#1110,.T.);
#117=ADVANCED_FACE('',(#1115,#1117),#1119,.T.);
#118=ADVANCED_FACE('',(#1124),#1126,.F.);
#119=ADVANCED_FACE('',(#1131),#1133,.F.);
#120=ADVANCED_FACE('',(#1138),#1140,.T.);
#121=ADVANCED_FACE('',(#1145),#1147,.F.);
#122=ADVANCED_FACE('',(#1152),#1154,.T.);
#123=ADVANCED_FACE('',(#1159),#1161,.T.);
#124=ADVANCED_FACE('',(#1166),#1168,.T.);
#125=ADVANCED_FACE('',(#1173),#1175,.T.);
#126=ADVANCED_FACE('',(#1180),#1182,.F.);
#127=ADVANCED_FACE('',(#1187),#1189,.T.);
#128=ADVANCED_FACE('',(#1194),#1196,.T.);
#129=ADVANCED_FACE('',(#1201),#1203,.F.);
#130=ADVANCED_FACE('',(#1208),#1210,.T.);
#131=FACE_OUTER_BOUND('',#132,.T.);
#132=EDGE_LOOP('',(#1215));
#133=FACE_OUTER_BOUND('',#134,.T.);
#134=EDGE_LOOP('',(#1216));
#135=CYLINDRICAL_SURFACE('',#136,1.5);
#136=AXIS2_PLACEMENT_3D('',#137,#138,#139);
#137=CARTESIAN_POINT('',(49.,40.,-4.2));
#138=DIRECTION('',(0.,0.,1.));
#139=DIRECTION('',(-1.,1.22464679914735E-16,0.));
#140=FACE_OUTER_BOUND('',#141,.T.);
#141=EDGE_LOOP('',(#1217));
#142=FACE_OUTER_BOUND('',#143,.T.);
#143=EDGE_LOOP('',(#1218));
#144=CYLINDRICAL_SURFACE('',#145,1.5);
#145=AXIS2_PLACEMENT_3D('',#146,#147,#148);
#146=CARTESIAN_POINT('',(49.,-25.,-4.2));
#147=DIRECTION('',(0.,0.,1.));
#148=DIRECTION('',(-1.,1.22464679914735E-16,0.));
#149=FACE_OUTER_BOUND('',#150,.T.);
#150=EDGE_LOOP('',(#1219));
#151=FACE_OUTER_BOUND('',#152,.T.);
#152=EDGE_LOOP('',(#1220));
#153=CYLINDRICAL_SURFACE('',#154,1.5);
#154=AXIS2_PLACEMENT_3D('',#155,#156,#157);
#155=CARTESIAN_POINT('',(-34.,40.,-4.2));
#156=DIRECTION('',(0.,0.,1.));
#157=DIRECTION('',(-1.,1.22464679914735E-16,0.));
#158=FACE_OUTER_BOUND('',#159,.T.);
#159=EDGE_LOOP('',(#1221));
#160=FACE_OUTER_BOUND('',#161,.T.);
#161=EDGE_LOOP('',(#1222));
#162=CYLINDRICAL_SURFACE('',#163,1.5);
#163=AXIS2_PLACEMENT_3D('',#164,#165,#166);
#164=CARTESIAN_POINT('',(-34.,-25.,-4.2));
#165=DIRECTION('',(0.,0.,1.));
#166=DIRECTION('',(-1.,1.22464679914735E-16,0.));
#167=FACE_BOUND('',#168,.T.);
#168=EDGE_LOOP('',(#1223,#1224,#1225,#1226,#1227,#1228,#1229,#1230,#1231,#1232,#1233,
#1234,#1235,#1236,#1237,#1238,#1239,#1240,#1241,#1242,#1243,#1244,#1245,#1246,#1247,
#1248,#1249,#1250,#1251,#1252,#1253,#1254));
#169=FACE_BOUND('',#170,.T.);
#170=EDGE_LOOP('',(#1255));
#171=FACE_BOUND('',#172,.T.);
#172=EDGE_LOOP('',(#1256));
#173=FACE_BOUND('',#174,.T.);
#174=EDGE_LOOP('',(#1257));
#175=FACE_BOUND('',#176,.T.);
#176=EDGE_LOOP('',(#1258));
#177=PLANE('',#178);
#178=AXIS2_PLACEMENT_3D('',#179,#180,#181);
#179=CARTESIAN_POINT('',(0.,0.,0.));
#180=DIRECTION('',(0.,0.,1.));
#181=DIRECTION('',(-1.,1.22464679914735E-16,0.));
#182=FACE_OUTER_BOUND('',#183,.T.);
#183=EDGE_LOOP('',(#1259));
#184=FACE_OUTER_BOUND('',#185,.T.);
#185=EDGE_LOOP('',(#1260));
#186=CYLINDRICAL_SURFACE('',#187,2.2);
#187=AXIS2_PLACEMENT_3D('',#188,#189,#190);
#188=CARTESIAN_POINT('',(-34.,-25.,-4.));
#189=DIRECTION('',(0.,0.,1.));
#190=DIRECTION('',(-1.,1.22464679914735E-16,0.));
#191=FACE_BOUND('',#192,.T.);
#192=EDGE_LOOP('',(#1261));
#193=FACE_BOUND('',#194,.T.);
#194=EDGE_LOOP('',(#1262));
#195=PLANE('',#196);
#196=AXIS2_PLACEMENT_3D('',#197,#198,#199);
#197=CARTESIAN_POINT('',(0.,0.,-4.));
#198=DIRECTION('',(0.,0.,1.));
#199=DIRECTION('',(-1.,1.22464679914735E-16,0.));
#200=FACE_OUTER_BOUND('',#201,.T.);
#201=EDGE_LOOP('',(#1263));
#202=FACE_OUTER_BOUND('',#203,.T.);
#203=EDGE_LOOP('',(#1264));
#204=CYLINDRICAL_SURFACE('',#205,2.2);
#205=AXIS2_PLACEMENT_3D('',#206,#207,#208);
#206=CARTESIAN_POINT('',(-34.,40.,-4.));
#207=DIRECTION('',(0.,0.,1.));
#208=DIRECTION('',(-1.,1.22464679914735E-16,0.));
#209=FACE_BOUND('',#210,.T.);
#210=EDGE_LOOP('',(#1265));
#211=FACE_BOUND('',#212,.T.);
#212=EDGE_LOOP('',(#1266));
#213=PLANE('',#214);
#214=AXIS2_PLACEMENT_3D('',#215,#216,#217);
#215=CARTESIAN_POINT('',(0.,0.,-4.));
#216=DIRECTION('',(0.,0.,1.));
#217=DIRECTION('',(-1.,1.22464679914735E-16,0.));
#218=FACE_OUTER_BOUND('',#219,.T.);
#219=EDGE_LOOP('',(#1267));
#220=FACE_OUTER_BOUND('',#221,.T.);
#221=EDGE_LOOP('',(#1268));
#222=CYLINDRICAL_SURFACE('',#223,2.2);
#223=AXIS2_PLACEMENT_3D('',#224,#225,#226);
#224=CARTESIAN_POINT('',(49.,-25.,-4.));
#225=DIRECTION('',(0.,0.,1.));
#226=DIRECTION('',(-1.,1.22464679914735E-16,0.));
#227=FACE_BOUND('',#228,.T.);
#228=EDGE_LOOP('',(#1269));
#229=FACE_BOUND('',#230,.T.);
#230=EDGE_LOOP('',(#1270));
#231=PLANE('',#232);
#232=AXIS2_PLACEMENT_3D('',#233,#234,#235);
#233=CARTESIAN_POINT('',(0.,0.,-4.));
#234=DIRECTION('',(0.,0.,1.));
#235=DIRECTION('',(-1.,1.22464679914735E-16,0.));
#236=FACE_OUTER_BOUND('',#237,.T.);
#237=EDGE_LOOP('',(#1271));
#238=FACE_OUTER_BOUND('',#239,.T.);
#239=EDGE_LOOP('',(#1272));
#240=CYLINDRICAL_SURFACE('',#241,2.2);
#241=AXIS2_PLACEMENT_3D('',#242,#243,#244);
#242=CARTESIAN_POINT('',(49.,40.,-4.));
#243=DIRECTION('',(0.,0.,1.));
#244=DIRECTION('',(-1.,1.22464679914735E-16,0.));
#245=FACE_BOUND('',#246,.T.);
#246=EDGE_LOOP('',(#1273));
#247=FACE_BOUND('',#248,.T.);
#248=EDGE_LOOP('',(#1274));
#249=PLANE('',#250);
#250=AXIS2_PLACEMENT_3D('',#251,#252,#253);
#251=CARTESIAN_POINT('',(0.,0.,-4.));
#252=DIRECTION('',(0.,0.,1.));
#253=DIRECTION('',(-1.,1.22464679914735E-16,0.));
#254=FACE_BOUND('',#255,.T.);
#255=EDGE_LOOP('',(#1275));
#256=PLANE('',#257);
#257=AXIS2_PLACEMENT_3D('',#258,#259,#260);
#258=CARTESIAN_POINT('',(0.,0.,-4.2));
#259=DIRECTION('',(0.,0.,1.));
#260=DIRECTION('',(-1.,1.22464679914735E-16,0.));
#261=FACE_BOUND('',#262,.T.);
#262=EDGE_LOOP('',(#1276));
#263=PLANE('',#264);
#264=AXIS2_PLACEMENT_3D('',#265,#266,#267);
#265=CARTESIAN_POINT('',(0.,0.,-4.2));
#266=DIRECTION('',(0.,0.,1.));
#267=DIRECTION('',(-1.,1.22464679914735E-16,0.));
#268=FACE_BOUND('',#269,.T.);
#269=EDGE_LOOP('',(#1277));
#270=PLANE('',#271);
#271=AXIS2_PLACEMENT_3D('',#272,#273,#274);
#272=CARTESIAN_POINT('',(0.,0.,-4.2));
#273=DIRECTION('',(0.,0.,1.));
#274=DIRECTION('',(-1.,1.22464679914735E-16,0.));
#275=FACE_BOUND('',#276,.T.);
#276=EDGE_LOOP('',(#1278));
#277=PLANE('',#278);
#278=AXIS2_PLACEMENT_3D('',#279,#280,#281);
#279=CARTESIAN_POINT('',(0.,0.,-4.2));
#280=DIRECTION('',(0.,0.,1.));
#281=DIRECTION('',(-1.,1.22464679914735E-16,0.));
#282=FACE_BOUND('',#283,.T.);
#283=EDGE_LOOP('',(#1279,#1280,#1281,#1282));
#284=B_SPLINE_SURFACE_WITH_KNOTS('',3,1,(
(#285,#286),
(#287,#288),
(#289,#290),
(#291,#292),
(#293,#294),
(#295,#296),
(#297,#298),
(#299,#300),
(#301,#302),
(#303,#304),
(#305,#306),
(#307,#308),
(#309,#310),
(#311,#312),
(#313,#314),
(#315,#316),
(#317,#318),
(#319,#320),
(#321,#322),
(#323,#324),
(#325,#326),
(#327,#328),
(#329,#330),
(#331,#332),
(#333,#334),
(#335,#336),
(#337,#338),
(#339,#340),
(#341,#342),
(#343,#344),
(#345,#346),
(#347,#348),
(#349,#350),
(#351,#352),
(#353,#354),
(#355,#356),
(#357,#358),
(#359,#360),
(#361,#362),
(#363,#364),
(#365,#366),
(#367,#368),
(#369,#370),
(#371,#372),
(#373,#374),
(#375,#376),
(#377,#378),
(#379,#380),
(#381,#382),
(#383,#384),
(#385,#386),
(#387,#388),
(#389,#390),
(#391,#392),
(#393,#394),
(#395,#396),
(#397,#398),
(#399,#400),
(#401,#402),
(#403,#404),
(#405,#406),
(#407,#408)),
.UNSPECIFIED.,.F.,.F.,.F.,
(4,1,1,1,1,1,1,1,1,1,1,1,1,1,1,1,1,1,1,1,1,1,1,1,1,1,1,1,1,1,1,1,1,1,1,1,1,1,1,1,
1,1,1,1,1,1,1,1,1,1,1,1,1,1,1,1,1,1,1,4),
(2,2),
(-0.573959224526158,-0.371397307842159,-0.30034636010538,-0.239146363454348,-0.165131198721868,
-0.0733497905167202,0.0204381970716081,0.0965354221311893,0.153373530657564,0.202811184422337,
0.253185874545779,0.295280644324444,0.329543826029624,0.360456455488645,0.39952484605927,
0.457353820306261,0.546982150943555,0.660740232827121,0.783712259010381,0.902685281968063,
1.00366385674969,1.09562229219649,1.18091440450867,1.29248372630491,1.45221453967452,
1.67514983513996,1.91849530330564,2.14786610171988,2.31879259141996,2.45220462964028,
2.55593945228387,2.6600088648552,2.78333476472432,2.9598017155321,3.18617996760194,
3.43583576464374,3.64292675279268,3.80160217730963,3.93744316279071,4.10351919430108,
4.31825956905312,4.56406573052983,4.80702648069209,5.03022033469985,5.24529071441605,
5.49260374659425,5.78272929865844,6.11216180745789,6.43414115190026,6.74872443028095,
7.06448427010478,7.40751314329102,7.76238630426445,8.1175739563653,8.47400475141118,
8.84731543725075,9.19542051789316,9.48048156167104,9.70451160925265,9.9857206037199),
(0.,1.),
.UNSPECIFIED.);
#285=CARTESIAN_POINT('',(33.0085993624398,-33.4999936622554,-6.33774464852825E-6));
#286=CARTESIAN_POINT('',(31.5034311315303,-36.5905788718751,-0.330911460896688));
#287=CARTESIAN_POINT('',(33.0326428491497,-33.526347167975,0.0263471679749956));
#288=CARTESIAN_POINT('',(31.5464711244132,-36.556770554132,-0.308681178465463));
#289=CARTESIAN_POINT('',(33.065119541845,-33.5619440432891,0.0619440432890834));
#290=CARTESIAN_POINT('',(31.6042434115669,-36.5110930221036,-0.277949720490307));
#291=CARTESIAN_POINT('',(33.1048608603237,-33.6055035864872,0.10550358648717));
#292=CARTESIAN_POINT('',(31.6743098323508,-36.4552129892143,-0.239194926582817));
#293=CARTESIAN_POINT('',(33.1293435730228,-33.6323384195863,0.132338419586269));
#294=CARTESIAN_POINT('',(31.7172838375337,-36.4207718710649,-0.214979726858129));
#295=CARTESIAN_POINT('',(33.1562891741003,-33.6618732557679,0.161873255767879));
#296=CARTESIAN_POINT('',(31.7643656149173,-36.3829433305757,-0.187945832584782));
#297=CARTESIAN_POINT('',(33.1870885168916,-33.6956289656722,0.19562896567225));
#298=CARTESIAN_POINT('',(31.8178622473381,-36.3392118453254,-0.156520630702503));
#299=CARTESIAN_POINT('',(33.2182030569828,-33.7297449632993,0.229744963299251));
#300=CARTESIAN_POINT('',(31.8715987047387,-36.2973324762451,-0.124144077533004));
#301=CARTESIAN_POINT('',(33.2449085567693,-33.7589690829026,0.258969082902613));
#302=CARTESIAN_POINT('',(31.9172609800126,-36.2529082578115,-0.0959982155409198));
#303=CARTESIAN_POINT('',(33.2663621424408,-33.7824899961098,0.282489996109817));
#304=CARTESIAN_POINT('',(31.9536033681098,-36.214739376395,-0.0732035629868247));
#305=CARTESIAN_POINT('',(33.2848565236198,-33.8028393764085,0.302839376408547));
#306=CARTESIAN_POINT('',(31.9846950909801,-36.1823569783068,-0.0534307057661124));
#307=CARTESIAN_POINT('',(33.3017328625457,-33.8215056033949,0.321505603394869));
#308=CARTESIAN_POINT('',(32.0128471171819,-36.1547633240999,-0.035294337602243));
#309=CARTESIAN_POINT('',(33.3169426777079,-33.838423369223,0.338423369223026));
#310=CARTESIAN_POINT('',(32.0380566823145,-36.1327640451252,-0.0188576889168587));
#311=CARTESIAN_POINT('',(33.329977887835,-33.8530285756491,0.353028575649115));
#312=CARTESIAN_POINT('',(32.0594880221347,-36.1167045125328,-0.00474507685393209));
#313=CARTESIAN_POINT('',(33.342705151208,-33.8673171004882,0.36731710048817));
#314=CARTESIAN_POINT('',(32.0804207867751,-36.103661682543,0.00915716926565805));
#315=CARTESIAN_POINT('',(33.3582634471358,-33.8847330696168,0.384733069616768));
#316=CARTESIAN_POINT('',(32.1060148799045,-36.0873375585348,0.0263113661623));
#317=CARTESIAN_POINT('',(33.3809652798351,-33.9101147133937,0.410114713393683));
#318=CARTESIAN_POINT('',(32.143297227669,-36.0643289585651,0.0516162036016832));
#319=CARTESIAN_POINT('',(33.4127528262777,-33.9456145990496,0.445614599049593));
#320=CARTESIAN_POINT('',(32.1952943147364,-36.0331899747388,0.0875894575076149));
#321=CARTESIAN_POINT('',(33.4526245509932,-33.9902499517279,0.490249951727844));
#322=CARTESIAN_POINT('',(32.2598820785145,-35.9973563567903,0.133460103899422));
#323=CARTESIAN_POINT('',(33.4964819599988,-34.0397497997985,0.539749799798465));
#324=CARTESIAN_POINT('',(32.3297133696127,-35.9630693451394,0.184580891821065));
#325=CARTESIAN_POINT('',(33.5394213010759,-34.088819055055,0.588819055055041));
#326=CARTESIAN_POINT('',(32.3964645128164,-35.9360206132771,0.23497592947584));
#327=CARTESIAN_POINT('',(33.579132510248,-34.1350954764633,0.635095476463262));
#328=CARTESIAN_POINT('',(32.4565229856128,-35.9171290620399,0.281593200451351));
#329=CARTESIAN_POINT('',(33.6154023816764,-34.1776542620808,0.677654262080795));
#330=CARTESIAN_POINT('',(32.5099272308501,-35.9058920924003,0.324065788375432));
#331=CARTESIAN_POINT('',(33.6527001292015,-34.2220473934045,0.72204739340454));
#332=CARTESIAN_POINT('',(32.5646032009137,-35.8961453522553,0.368527660374237));
#333=CARTESIAN_POINT('',(33.6987137747586,-34.2776238136093,0.777623813609283));
#334=CARTESIAN_POINT('',(32.6312256415772,-35.8887223659797,0.424043412546202));
#335=CARTESIAN_POINT('',(33.7623718289159,-34.3559745192721,0.855974519272108));
#336=CARTESIAN_POINT('',(32.7219124303126,-35.8866673329855,0.502180466578562));
#337=CARTESIAN_POINT('',(33.8423761720115,-34.4572286907631,0.957228690763132));
#338=CARTESIAN_POINT('',(32.8336198240199,-35.8969000067347,0.603025107027954));
#339=CARTESIAN_POINT('',(33.9297608467093,-34.5718059230606,1.07180592306066));
#340=CARTESIAN_POINT('',(32.9532370082875,-35.9222638958287,0.717227080545951));
#341=CARTESIAN_POINT('',(34.008475930094,-34.6790746385693,1.17907463856932));
#342=CARTESIAN_POINT('',(33.0594332944447,-35.9553907070588,0.824436926613175));
#343=CARTESIAN_POINT('',(34.0717662917272,-34.7684422489494,1.26844224894941));
#344=CARTESIAN_POINT('',(33.1442165451527,-35.9872569659168,0.914104438711253));
#345=CARTESIAN_POINT('',(34.1188257477146,-34.8368458211327,1.33684582113269));
#346=CARTESIAN_POINT('',(33.2070927734472,-36.013320406027,0.982972261708446));
#347=CARTESIAN_POINT('',(34.1571569318064,-34.8939413088228,1.39394130882281));
#348=CARTESIAN_POINT('',(33.2583714268599,-36.0354128049207,1.04067808673306));
#349=CARTESIAN_POINT('',(34.1938537467784,-34.9496707408775,1.44967074087752));
#350=CARTESIAN_POINT('',(33.3070423822227,-36.0597223340572,1.0967572656856));
#351=CARTESIAN_POINT('',(34.2378754240531,-35.0179782440853,1.51797824408533));
#352=CARTESIAN_POINT('',(33.3649974651853,-36.0924741925988,1.16527270775136));
#353=CARTESIAN_POINT('',(34.2939651867622,-35.1075223900819,1.60752239008194));
#354=CARTESIAN_POINT('',(33.4381737980944,-36.140063769176,1.25475473124755));
#355=CARTESIAN_POINT('',(34.3613425402947,-35.2193269174278,1.71932691742786));
#356=CARTESIAN_POINT('',(33.5252389719858,-36.2057213319451,1.36613620685204));
#357=CARTESIAN_POINT('',(34.4290952657096,-35.3371055872878,1.83710558728778));
#358=CARTESIAN_POINT('',(33.6121348008025,-36.2804211232439,1.48336676633193));
#359=CARTESIAN_POINT('',(34.487629823857,-35.4436231329114,1.94362313291137));
#360=CARTESIAN_POINT('',(33.6870031573308,-36.3506270481683,1.58965419672801));
#361=CARTESIAN_POINT('',(34.5336579543225,-35.5306021033032,2.03060210330326));
#362=CARTESIAN_POINT('',(33.7459189661711,-36.4086245228087,1.67680138664597));
#363=CARTESIAN_POINT('',(34.5746458659011,-35.610507960745,2.11050796074501));
#364=CARTESIAN_POINT('',(33.7985385010527,-36.4616248185225,1.75728116581019));
#365=CARTESIAN_POINT('',(34.619190504335,-35.7004931599619,2.20049315996191));
#366=CARTESIAN_POINT('',(33.8555183101527,-36.5239637785898,1.84749304432796));
#367=CARTESIAN_POINT('',(34.6710575099127,-35.8100419204626,2.3100419204626));
#368=CARTESIAN_POINT('',(33.9217350106567,-36.6026689808782,1.95701969566336));
#369=CARTESIAN_POINT('',(34.7264189882124,-35.9335460351177,2.43354603511775));
#370=CARTESIAN_POINT('',(33.992317854444,-36.6947919159784,2.08018526561259));
#371=CARTESIAN_POINT('',(34.7794438854175,-36.0589694551997,2.55896945519969));
#372=CARTESIAN_POINT('',(34.0599729404704,-36.7908835215692,2.20525013159274));
#373=CARTESIAN_POINT('',(34.8274934009541,-36.1793079424676,2.67930794246757));
#374=CARTESIAN_POINT('',(34.1214214221788,-36.8847216929362,2.32540415307697));
#375=CARTESIAN_POINT('',(34.8734180926577,-36.300585381423,2.80058538142296));
#376=CARTESIAN_POINT('',(34.1803869693794,-36.979619011867,2.44713691425899));
#377=CARTESIAN_POINT('',(34.9208407404326,-36.4341078530846,2.93410785308461));
#378=CARTESIAN_POINT('',(34.2415118255865,-37.0859294268965,2.58100994251747));
#379=CARTESIAN_POINT('',(34.9714340177216,-36.5885203412354,3.0885203412354));
#380=CARTESIAN_POINT('',(34.3071039143209,-37.2120057971925,2.73521257198056));
#381=CARTESIAN_POINT('',(35.0215146751968,-36.7567627461384,3.25676274613841));
#382=CARTESIAN_POINT('',(34.3726737241274,-37.3519784973475,2.90307682108235));
#383=CARTESIAN_POINT('',(35.0677799657219,-36.9297872934369,3.42978729343694));
#384=CARTESIAN_POINT('',(34.4340841267795,-37.4979343782834,3.07591339833089));
#385=CARTESIAN_POINT('',(35.1086531724037,-37.1005346572754,3.60053465727546));
#386=CARTESIAN_POINT('',(34.4892249958514,-37.6427003202012,3.24733019160025));
#387=CARTESIAN_POINT('',(35.1453294791699,-37.2756511100743,3.77565111007426));
#388=CARTESIAN_POINT('',(34.5398420994888,-37.7936811163325,3.42233023298551));
#389=CARTESIAN_POINT('',(35.1781379311002,-37.4583891051847,3.95838910518474));
#390=CARTESIAN_POINT('',(34.5865918800827,-37.9530882554348,3.604751647363));
#391=CARTESIAN_POINT('',(35.2063929883989,-37.6484723089169,4.14847230891691));
#392=CARTESIAN_POINT('',(34.6287673998119,-38.1204564470171,3.79461165081883));
#393=CARTESIAN_POINT('',(35.229169203819,-37.8409185006937,4.34091850069369));
#394=CARTESIAN_POINT('',(34.6650664748089,-38.2906347479133,3.98767768535465));
#395=CARTESIAN_POINT('',(35.2462070307498,-38.0370623229502,4.53706232295024));
#396=CARTESIAN_POINT('',(34.6953504061268,-38.465835073969,4.18384933238321));
#397=CARTESIAN_POINT('',(35.2569139214376,-38.2320493697021,4.7320493697021));
#398=CARTESIAN_POINT('',(34.7188199917814,-38.6413586647364,4.37865324415148));
#399=CARTESIAN_POINT('',(35.2613864530376,-38.414082678255,4.91408267825509));
#400=CARTESIAN_POINT('',(34.7347097960439,-38.8061938879644,4.56051271313652));
#401=CARTESIAN_POINT('',(35.260669421764,-38.5689408079576,5.06894080795756));
#402=CARTESIAN_POINT('',(34.7437779529694,-38.9469946709133,4.71538807734532));
#403=CARTESIAN_POINT('',(35.2553964700293,-38.711601238333,5.21160123833303));
#404=CARTESIAN_POINT('',(34.7488417270338,-39.0773646412437,4.85800834591747));
#405=CARTESIAN_POINT('',(35.2515664620018,-38.8027911648081,5.30279116480812));
#406=CARTESIAN_POINT('',(34.7499999721189,-39.1607617573098,4.94920738451413));
#407=CARTESIAN_POINT('',(35.2499997603369,-38.8535611634137,5.35356116341376));
#408=CARTESIAN_POINT('',(34.7499999999956,-39.2071133773669,5.00000722927587));
#409=FACE_BOUND('',#410,.T.);
#410=EDGE_LOOP('',(#1283,#1284,#1285,#1286,#1287));
#411=PLANE('',#412);
#412=AXIS2_PLACEMENT_3D('',#413,#414,#415);
#413=CARTESIAN_POINT('',(-61.25,-33.5000000000001,0.));
#414=DIRECTION('',(5.74205242032925E-16,-0.707106781186549,-0.707106781186546));
#415=DIRECTION('',(1.,8.12048840868686E-16,0.));
#416=FACE_BOUND('',#417,.T.);
#417=EDGE_LOOP('',(#1288,#1289,#1290,#1291));
#418=PLANE('',#419);
#419=AXIS2_PLACEMENT_3D('',#420,#421,#422);
#420=CARTESIAN_POINT('',(38.75,-31.3786796564404,-3.53553390593274));
#421=DIRECTION('',(-0.707106781186546,-0.500000000000002,-0.5));
#422=DIRECTION('',(0.,-0.707106781186546,0.707106781186549));
#423=FACE_BOUND('',#424,.T.);
#424=EDGE_LOOP('',(#1292,#1293,#1294,#1295,#1296));
#425=PLANE('',#426);
#426=AXIS2_PLACEMENT_3D('',#427,#428,#429);
#427=CARTESIAN_POINT('',(38.75,-43.5,-4.74550634669599E-15));
#428=DIRECTION('',(-1.,0.,1.22464679914735E-16));
#429=DIRECTION('',(0.,-1.,0.));
#430=FACE_BOUND('',#431,.T.);
#431=EDGE_LOOP('',(#1297,#1298,#1299,#1300,#1301,#1302,#1303,#1304,#1305,#1306,#1307,
#1308));
#432=FACE_BOUND('',#433,.T.);
#433=EDGE_LOOP('',(#1309));
#434=FACE_BOUND('',#435,.T.);
#435=EDGE_LOOP('',(#1310));
#436=PLANE('',#437);
#437=AXIS2_PLACEMENT_3D('',#438,#439,#440);
#438=CARTESIAN_POINT('',(-57.5,-47.5,-5.));
#439=DIRECTION('',(-1.23572649697409E-16,-1.,0.));
#440=DIRECTION('',(1.,-1.23572649697409E-16,0.));
#441=FACE_BOUND('',#442,.T.);
#442=EDGE_LOOP('',(#1311,#1312,#1313,#1314));
#443=PLANE('',#444);
#444=AXIS2_PLACEMENT_3D('',#445,#446,#447);
#445=CARTESIAN_POINT('',(57.5,-47.5,-5.));
#446=DIRECTION('',(1.,-1.49587944370547E-16,0.));
#447=DIRECTION('',(1.49587944370547E-16,1.,0.));
#448=FACE_BOUND('',#449,.T.);
#449=EDGE_LOOP('',(#1315,#1316,#1317,#1318));
#450=PLANE('',#451);
#451=AXIS2_PLACEMENT_3D('',#452,#453,#454);
#452=CARTESIAN_POINT('',(57.5,47.5,-5.));
#453=DIRECTION('',(1.23572649697409E-16,1.,0.));
#454=DIRECTION('',(-1.,1.23572649697409E-16,0.));
#455=FACE_BOUND('',#456,.T.);
#456=EDGE_LOOP('',(#1319,#1320,#1321,#1322,#1323,#1324,#1325,#1326,#1327,#1328,#1329,
#1330,#1331,#1332,#1333,#1334));
#457=PLANE('',#458);
#458=AXIS2_PLACEMENT_3D('',#459,#460,#461);
#459=CARTESIAN_POINT('',(-57.5,47.5,-5.));
#460=DIRECTION('',(-1.,1.49587944370547E-16,0.));
#461=DIRECTION('',(-1.49587944370547E-16,-1.,0.));
#462=FACE_BOUND('',#463,.T.);
#463=EDGE_LOOP('',(#1335,#1336,#1337,#1338));
#464=PLANE('',#465);
#465=AXIS2_PLACEMENT_3D('',#466,#467,#468);
#466=CARTESIAN_POINT('',(-48.5,29.5,0.));
#467=DIRECTION('',(0.,0.707106781186548,0.707106781186548));
#468=DIRECTION('',(-1.,0.,0.));
#469=FACE_BOUND('',#470,.T.);
#470=EDGE_LOOP('',(#1339,#1340,#1341,#1342));
#471=PLANE('',#472);
#472=AXIS2_PLACEMENT_3D('',#473,#474,#475);
#473=CARTESIAN_POINT('',(-51.5,4.50000000000001,0.));
#474=DIRECTION('',(0.707106781186547,-1.79439138135289E-16,0.707106781186547));
#475=DIRECTION('',(2.53765262771464E-16,1.,0.));
#476=FACE_BOUND('',#477,.T.);
#477=EDGE_LOOP('',(#1343,#1344,#1345,#1346));
#478=PLANE('',#479);
#479=AXIS2_PLACEMENT_3D('',#480,#481,#482);
#480=CARTESIAN_POINT('',(-61.5,7.50000000000001,0.));
#481=DIRECTION('',(9.662107438054E-17,-0.707106781186547,0.707106781186548));
#482=DIRECTION('',(1.,1.36642833800019E-16,0.));
#483=FACE_BOUND('',#484,.T.);
#484=EDGE_LOOP('',(#1347,#1348,#1349,#1350,#1351));
#485=PLANE('',#486);
#486=AXIS2_PLACEMENT_3D('',#487,#488,#489);
#487=CARTESIAN_POINT('',(-38.75,-43.5,0.));
#488=DIRECTION('',(-1.,0.,0.));
#489=DIRECTION('',(0.,-1.,0.));
#490=FACE_BOUND('',#491,.T.);
#491=EDGE_LOOP('',(#1352,#1353,#1354,#1355));
#492=PLANE('',#493);
#493=AXIS2_PLACEMENT_3D('',#494,#495,#496);
#494=CARTESIAN_POINT('',(-38.75,-47.0355339059327,12.1213203435596));
#495=DIRECTION('',(0.707106781186547,-0.5,-0.500000000000001));
#496=DIRECTION('',(-2.83638847736263E-17,0.707106781186548,-0.707106781186547));
#497=FACE_BOUND('',#498,.T.);
#498=EDGE_LOOP('',(#1356,#1357,#1358,#1359,#1360));
#499=PLANE('',#500);
#500=AXIS2_PLACEMENT_3D('',#501,#502,#503);
#501=CARTESIAN_POINT('',(61.25,-33.5,0.));
#502=DIRECTION('',(7.17756552541153E-17,0.707106781186547,0.707106781186548));
#503=DIRECTION('',(-1.,1.01506105108586E-16,0.));
#504=FACE_BOUND('',#505,.T.);
#505=EDGE_LOOP('',(#1361,#1362,#1363,#1364));
#506=B_SPLINE_SURFACE_WITH_KNOTS('',3,1,(
(#507,#508),
(#509,#510),
(#511,#512),
(#513,#514),
(#515,#516),
(#517,#518),
(#519,#520),
(#521,#522),
(#523,#524),
(#525,#526),
(#527,#528),
(#529,#530),
(#531,#532),
(#533,#534),
(#535,#536),
(#537,#538),
(#539,#540),
(#541,#542),
(#543,#544),
(#545,#546),
(#547,#548),
(#549,#550),
(#551,#552),
(#553,#554),
(#555,#556),
(#557,#558),
(#559,#560),
(#561,#562),
(#563,#564),
(#565,#566),
(#567,#568),
(#569,#570),
(#571,#572),
(#573,#574),
(#575,#576),
(#577,#578),
(#579,#580),
(#581,#582),
(#583,#584),
(#585,#586),
(#587,#588),
(#589,#590),
(#591,#592),
(#593,#594),
(#595,#596),
(#597,#598),
(#599,#600),
(#601,#602),
(#603,#604),
(#605,#606),
(#607,#608),
(#609,#610),
(#611,#612),
(#613,#614),
(#615,#616),
(#617,#618),
(#619,#620),
(#621,#622),
(#623,#624)),
.UNSPECIFIED.,.F.,.F.,.F.,
(4,1,1,1,1,1,1,1,1,1,1,1,1,1,1,1,1,1,1,1,1,1,1,1,1,1,1,1,1,1,1,1,1,1,1,1,1,1,1,1,
1,1,1,1,1,1,1,1,1,1,1,1,1,1,1,1,4),
(2,2),
(-0.573959224526216,-0.371580531031507,-0.299434429206527,-0.236222572535483,-0.160008485749997,
-0.0668892421160822,0.0282380174579956,0.105653416279845,0.167023379986905,0.222502234212447,
0.289668301603367,0.365383544355663,0.454515322285818,0.553719596187956,0.664062971019188,
0.778886882554008,0.886773993957144,0.983376987052112,1.06878613295117,1.15045150093977,
1.23088775400674,1.31995845442878,1.4314708496908,1.59147254828186,1.81848288553882,
2.06394941216021,2.29658334319473,2.45823969364838,2.58366366533774,2.68603069221221,
2.81946123388325,3.00884878345927,3.24861046531793,3.49816528860587,3.71087842234079,
3.87235689011727,4.01467565324538,4.20800850849491,4.47044052505136,4.75782421261679,
5.01610293318399,5.23756794777116,5.46649672577607,5.72378981668816,6.01114364659071,
6.31625076746172,6.61915778837762,6.92707120700459,7.23900091959026,7.57088311135017,
7.94454632464149,8.37593879245434,8.82433995692038,9.20777068907903,9.48783150904712,
9.70451160819375,9.98572060371997),
(0.,1.),
.UNSPECIFIED.);
#507=CARTESIAN_POINT('',(-33.0085993624398,-33.4999936622553,-6.33774464856748E-6));
#508=CARTESIAN_POINT('',(-31.5034311315303,-36.5905788718752,-0.330911460896706));
#509=CARTESIAN_POINT('',(-33.0326210862845,-33.5263233079924,0.0263233079924156));
#510=CARTESIAN_POINT('',(-31.5464321653374,-36.5568007459322,-0.308701302607655));
#511=CARTESIAN_POINT('',(-33.0652060537878,-33.5620388743667,0.062038874366681));
#512=CARTESIAN_POINT('',(-31.6043973942377,-36.5109718192203,-0.277868022935138));
#513=CARTESIAN_POINT('',(-33.1052943899982,-33.6059787630179,0.105978763017927));
#514=CARTESIAN_POINT('',(-31.6750739446045,-36.4546031101194,-0.238771736778454));
#515=CARTESIAN_POINT('',(-33.1304069335904,-33.6335039587938,0.133503958793784));
#516=CARTESIAN_POINT('',(-31.7191477974626,-36.4192770732363,-0.213923471811484));
#517=CARTESIAN_POINT('',(-33.1580109439212,-33.6637603527463,0.163760352746329));
#518=CARTESIAN_POINT('',(-31.7673667228136,-36.3805181740343,-0.186205781829053));
#519=CARTESIAN_POINT('',(-33.1893905429915,-33.6981528211836,0.198152821183588));
#520=CARTESIAN_POINT('',(-31.8218491028513,-36.3360078967379,-0.154150791523636));
#521=CARTESIAN_POINT('',(-33.2209712518059,-33.7327761560186,0.232776156018598));
#522=CARTESIAN_POINT('',(-31.8763614129581,-36.293257698459,-0.121243143356402));
#523=CARTESIAN_POINT('',(-33.2485026478224,-33.762903563809,0.26290356380905));
#524=CARTESIAN_POINT('',(-31.9233800094645,-36.2466239783107,-0.092196199142959));
#525=CARTESIAN_POINT('',(-33.2713613081376,-33.7879781580585,0.287978158058461));
#526=CARTESIAN_POINT('',(-31.9620412453521,-36.2058074332944,-0.0678750834972197));
#527=CARTESIAN_POINT('',(-33.2931300325307,-33.8119678399803,0.311967839980352));
#528=CARTESIAN_POINT('',(-31.9985448540471,-36.1683266424801,-0.0445598484625335));
#529=CARTESIAN_POINT('',(-33.3168258508765,-33.8382533635197,0.338253363519648));
#530=CARTESIAN_POINT('',(-32.0379124910456,-36.1314920543684,-0.019013998351561));
#531=CARTESIAN_POINT('',(-33.3451612567559,-33.8700914555425,0.370091455542487));
#532=CARTESIAN_POINT('',(-32.084443292985,-36.1006418415077,0.0117459835802208));
#533=CARTESIAN_POINT('',(-33.377279699443,-33.9059954610173,0.405995461017277));
#534=CARTESIAN_POINT('',(-32.137284757277,-36.0679396131353,0.0474393061901732));
#535=CARTESIAN_POINT('',(-33.4136329637218,-33.9465978620846,0.446597862084554));
#536=CARTESIAN_POINT('',(-32.1967310623344,-36.0323278068265,0.0885865637213507));
#537=CARTESIAN_POINT('',(-33.4532718079645,-33.9909834069354,0.490983406935355));
#538=CARTESIAN_POINT('',(-32.2609046225322,-35.9968910666064,0.134222063055));
#539=CARTESIAN_POINT('',(-33.4943381071532,-34.0373289176127,0.537328917612676));
#540=CARTESIAN_POINT('',(-32.3262951732092,-35.9647691478314,0.182083221318073));
#541=CARTESIAN_POINT('',(-33.5342671912196,-34.0829212625721,0.582921262572109));
#542=CARTESIAN_POINT('',(-32.3884897558346,-35.9390989362353,0.228914418282315));
#543=CARTESIAN_POINT('',(-33.5710619300447,-34.1256122427227,0.625612242722703));
#544=CARTESIAN_POINT('',(-32.4444343752005,-35.920591672797,0.272142182170085));
#545=CARTESIAN_POINT('',(-33.6052680586712,-34.16575089188,0.665750891880033));
#546=CARTESIAN_POINT('',(-32.4950566050462,-35.9087510117388,0.312163863942883));
#547=CARTESIAN_POINT('',(-33.6373844458816,-34.2037470963829,0.703747096382946));
#548=CARTESIAN_POINT('',(-32.542173089337,-35.8999885627374,0.350204661943601));
#549=CARTESIAN_POINT('',(-33.669756281179,-34.2426138532921,0.742613853292088));
#550=CARTESIAN_POINT('',(-32.5893561283292,-35.8930898921169,0.389076094825607));
#551=CARTESIAN_POINT('',(-33.7060258303997,-34.286641382351,0.786641382350985));
#552=CARTESIAN_POINT('',(-32.6416089965276,-35.8886621086633,0.433035526277232));
#553=CARTESIAN_POINT('',(-33.7524404316092,-34.3438108900405,0.84381089004049));
#554=CARTESIAN_POINT('',(-32.7077259072492,-35.8872119562842,0.49004775614553));
#555=CARTESIAN_POINT('',(-33.8163073460851,-34.424023549351,0.924023549350977));
#556=CARTESIAN_POINT('',(-32.7973800456591,-35.8926562075258,0.569959053640361));
#557=CARTESIAN_POINT('',(-33.8963719843098,-34.5275269387332,1.02752693873315));
#558=CARTESIAN_POINT('',(-32.9077772611142,-35.911059516551,0.673068425591438));
#559=CARTESIAN_POINT('',(-33.9836108882271,-34.6445949024904,1.14459490249037));
#560=CARTESIAN_POINT('',(-33.0260546839396,-35.943693090632,0.789923547256609));
#561=CARTESIAN_POINT('',(-34.0601917529955,-34.75167020717,1.25167020716996));
#562=CARTESIAN_POINT('',(-33.1287425271753,-35.9809435585801,0.897214749560978));
#563=CARTESIAN_POINT('',(-34.120208845818,-34.8387712228348,1.33877122283479));
#564=CARTESIAN_POINT('',(-33.2089577862996,-36.0139215296915,0.984916236599451));
#565=CARTESIAN_POINT('',(-34.1638337236088,-34.903968223974,1.40396822397401));
#566=CARTESIAN_POINT('',(-33.2672711209378,-36.0395023466337,1.05079350108972));
#567=CARTESIAN_POINT('',(-34.2037179434048,-34.9648435067752,1.46484350677518));
#568=CARTESIAN_POINT('',(-33.3200643847478,-36.0667508545668,1.11199336990354));
#569=CARTESIAN_POINT('',(-34.2498503197991,-35.0368498641488,1.53684986414882));
#570=CARTESIAN_POINT('',(-33.3806822925332,-36.1020755916663,1.18416119627118));
#571=CARTESIAN_POINT('',(-34.30943134517,-35.1327428631496,1.63274286314958));
#572=CARTESIAN_POINT('',(-33.4582350594153,-36.1543040448961,1.27990637888458));
#573=CARTESIAN_POINT('',(-34.3788750839782,-35.2492300684484,1.74923006844835));
#574=CARTESIAN_POINT('',(-33.5477742972431,-36.2242360886128,1.39588899542139));
#575=CARTESIAN_POINT('',(-34.4477326847679,-35.370411871986,1.870411871986));
#576=CARTESIAN_POINT('',(-33.6359926868261,-36.3020699044794,1.51657441121203));
#577=CARTESIAN_POINT('',(-34.5063251063226,-35.4784841463916,1.97848414639156));
#578=CARTESIAN_POINT('',(-33.7108923578067,-36.3740125388503,1.62446979671222));
#579=CARTESIAN_POINT('',(-34.5530461134374,-35.5680314475435,2.06803144754349));
#580=CARTESIAN_POINT('',(-33.7708226037998,-36.4332236234106,1.71452347031844));
#581=CARTESIAN_POINT('',(-34.5966058380661,-35.6544371621982,2.15443716219821));
#582=CARTESIAN_POINT('',(-33.8266517845509,-36.4917344416812,1.80136779615439));
#583=CARTESIAN_POINT('',(-34.6471838677194,-35.7588030469408,2.25880304694086));
#584=CARTESIAN_POINT('',(-33.8912719121675,-36.5654277308449,1.90583206062555));
#585=CARTESIAN_POINT('',(-34.7069945382837,-35.8890371708431,2.38903717084308));
#586=CARTESIAN_POINT('',(-33.9675563935071,-36.6610945677984,2.03582675966222));
#587=CARTESIAN_POINT('',(-34.7681643947038,-36.0312673340559,2.53126733405592));
#588=CARTESIAN_POINT('',(-34.0455635094935,-36.7693755234987,2.17761502471293));
#589=CARTESIAN_POINT('',(-34.8226732845649,-36.1667433030451,2.66674330304514));
#590=CARTESIAN_POINT('',(-34.1152398917244,-36.8748832752923,2.31281487993323));
#591=CARTESIAN_POINT('',(-34.8702709067181,-36.2920970100745,2.79209701007447));
#592=CARTESIAN_POINT('',(-34.1763401389811,-36.9729548995623,2.43860989797429));
#593=CARTESIAN_POINT('',(-34.9150789706306,-36.4176326438678,2.91763264386782));
#594=CARTESIAN_POINT('',(-34.2340790772784,-37.072733824106,2.56451073433706));
#595=CARTESIAN_POINT('',(-34.9607895483061,-36.5553517358959,3.05535173589596));
#596=CARTESIAN_POINT('',(-34.2932776788858,-37.1847991414508,2.70209960466862));
#597=CARTESIAN_POINT('',(-35.0071185352305,-36.7070745321087,3.20707453210872));
#598=CARTESIAN_POINT('',(-34.3537664057109,-37.3104435649078,2.85351243062566));
#599=CARTESIAN_POINT('',(-35.051570228947,-36.8673517634717,3.36735176347174));
#600=CARTESIAN_POINT('',(-34.4124772139331,-37.4451745259487,3.01345862724304));
#601=CARTESIAN_POINT('',(-35.0926746868568,-37.0314741715138,3.53147417151384));
#602=CARTESIAN_POINT('',(-34.4675551723346,-37.5839300408008,3.17803912996548));
#603=CARTESIAN_POINT('',(-35.1294914707077,-37.1972500133226,3.69725001332259));
#604=CARTESIAN_POINT('',(-34.5178314818644,-37.7258435915282,3.34403836588441));
#605=CARTESIAN_POINT('',(-35.1626301895226,-37.3686808077296,3.86868080772963));
#606=CARTESIAN_POINT('',(-34.5643028505445,-37.8746494848598,3.51520864316449));
#607=CARTESIAN_POINT('',(-35.1928189687302,-37.5522491241936,4.05224912419362));
#608=CARTESIAN_POINT('',(-34.6082158681866,-38.0355925066544,3.69843525957456));
#609=CARTESIAN_POINT('',(-35.2202905444254,-37.7574293898828,4.25742938988276));
#610=CARTESIAN_POINT('',(-34.6504210899864,-38.2166374761375,3.90385507519455));
#611=CARTESIAN_POINT('',(-35.242710974512,-37.9838407794134,4.4838407794134));
#612=CARTESIAN_POINT('',(-34.6883322251422,-38.4179820514453,4.13073921548874));
#613=CARTESIAN_POINT('',(-35.2564020714758,-38.212393163278,4.71239316327797));
#614=CARTESIAN_POINT('',(-34.717099489842,-38.6235705668444,4.35900422682985));
#615=CARTESIAN_POINT('',(-35.261514693711,-38.4134942282446,4.91349422824463));
#616=CARTESIAN_POINT('',(-34.7347519975502,-38.8056406640061,4.55992592887743));
#617=CARTESIAN_POINT('',(-35.2605467589801,-38.5724971543487,5.0724971543487));
#618=CARTESIAN_POINT('',(-34.7439204723705,-38.9502434188596,4.71894331061453));
#619=CARTESIAN_POINT('',(-35.2553387171287,-38.7129277838618,5.21292778386174));
#620=CARTESIAN_POINT('',(-34.7488585892512,-39.0785781056722,4.85933496058307));
#621=CARTESIAN_POINT('',(-35.251566836877,-38.8027911713486,5.30279117134858));
#622=CARTESIAN_POINT('',(-34.7499999697821,-39.1607617114807,4.94920740273167));
#623=CARTESIAN_POINT('',(-35.2499997603369,-38.8535611634138,5.35356116341375));
#624=CARTESIAN_POINT('',(-34.7499999999956,-39.207113377367,5.00000722927587));
#625=FACE_BOUND('',#626,.T.);
#626=EDGE_LOOP('',(#1365,#1366,#1367,#1368,#1369,#1370,#1371,#1372));
#627=CYLINDRICAL_SURFACE('',#628,6.);
#628=AXIS2_PLACEMENT_3D('',#629,#630,#631);
#629=CARTESIAN_POINT('',(-28.75,-43.5,5.));
#630=DIRECTION('',(3.5527136788005E-16,1.,0.));
#631=DIRECTION('',(-1.,3.5527136788005E-16,-1.22464679914735E-16));
#632=FACE_BOUND('',#633,.T.);
#633=EDGE_LOOP('',(#1373,#1374));
#634=PLANE('',#635);
#635=AXIS2_PLACEMENT_3D('',#636,#637,#638);
#636=CARTESIAN_POINT('',(-17.4333752096446,-27.5,0.));
#637=DIRECTION('',(0.,-0.707106781186547,0.707106781186548));
#638=DIRECTION('',(-1.,0.,0.));
#639=FACE_BOUND('',#640,.T.);
#640=EDGE_LOOP('',(#1375,#1376,#1377,#1378));
#641=B_SPLINE_SURFACE_WITH_KNOTS('',3,1,(
(#642,#643),
(#644,#645),
(#646,#647),
(#648,#649),
(#650,#651),
(#652,#653),
(#654,#655),
(#656,#657),
(#658,#659),
(#660,#661),
(#662,#663),
(#664,#665),
(#666,#667),
(#668,#669),
(#670,#671),
(#672,#673),
(#674,#675),
(#676,#677),
(#678,#679),
(#680,#681),
(#682,#683),
(#684,#685),
(#686,#687),
(#688,#689),
(#690,#691),
(#692,#693),
(#694,#695),
(#696,#697),
(#698,#699),
(#700,#701),
(#702,#703),
(#704,#705),
(#706,#707),
(#708,#709),
(#710,#711),
(#712,#713),
(#714,#715),
(#716,#717),
(#718,#719),
(#720,#721),
(#722,#723),
(#724,#725),
(#726,#727),
(#728,#729),
(#730,#731),
(#732,#733),
(#734,#735),
(#736,#737),
(#738,#739),
(#740,#741),
(#742,#743),
(#744,#745),
(#746,#747),
(#748,#749),
(#750,#751),
(#752,#753),
(#754,#755),
(#756,#757),
(#758,#759),
(#760,#761),
(#762,#763),
(#764,#765),
(#766,#767),
(#768,#769),
(#770,#771),
(#772,#773),
(#774,#775)),
.UNSPECIFIED.,.F.,.F.,.F.,
(4,1,1,1,1,1,1,1,1,1,1,1,1,1,1,1,1,1,1,1,1,1,1,1,1,1,1,1,1,1,1,1,1,1,1,1,1,1,1,1,
1,1,1,1,1,1,1,1,1,1,1,1,1,1,1,1,1,1,1,1,1,1,1,1,4),
(2,2),
(0.0142778679106162,0.294068517524553,0.467674698338001,0.679474885346847,0.942978157165131,
1.25405627335374,1.60355064153857,1.95528976742902,2.30483286428313,2.64456665941445,
2.97506255817915,3.27429588230264,3.55727091171762,3.83326605269794,4.10464024628592,
4.34913383155087,4.56454307338312,4.76603264466234,4.98065240015185,5.21510614546894,
5.44840189859109,5.66482412297621,5.85321893311883,6.01996467852579,6.16825268822773,
6.31637951974747,6.49204989159233,6.72388251026822,7.00286244531923,7.28823487586696,
7.53098572074274,7.72240743774854,7.90713497353212,8.11616799128082,8.35285980748017,
8.57310568239898,8.75113378941196,8.87704719967193,8.97025328570341,9.04591958560706,
9.12923765054389,9.23394176902836,9.35809927520618,9.47163418178706,9.55362826998602,
9.60601420565736,9.65282068482531,9.70164887310708,9.75295648779457,9.80960095045498,
9.87431060317791,9.94157803885128,9.99955313313146,10.0474751362606,10.0921931346744,
10.1395607566605,10.1894519523094,10.2405275901361,10.2921815340361,10.3442957430665,
10.3963607491653,10.4481797406063,10.4993098910053,10.549209968115,10.6307855990033),
(0.,1.),
.UNSPECIFIED.);
#642=CARTESIAN_POINT('',(-22.2500002227351,-38.8535606155873,5.35356061558725));
#643=CARTESIAN_POINT('',(-22.7500000000096,-39.2071165875547,5.00001074753434));
#644=CARTESIAN_POINT('',(-22.2484416843239,-38.8030456915706,5.30304569157058));
#645=CARTESIAN_POINT('',(-22.7500001731374,-39.1609975028509,4.94946683249053));
#646=CARTESIAN_POINT('',(-22.244993901294,-38.7212014840531,5.22120148405308));
#647=CARTESIAN_POINT('',(-22.7510336522716,-39.0861243160389,4.86765534756203));
#648=CARTESIAN_POINT('',(-22.2405182262903,-38.6011130102516,5.10111301025158));
#649=CARTESIAN_POINT('',(-22.7550054603742,-38.9763534528151,4.74763530195032));
#650=CARTESIAN_POINT('',(-22.2384091861466,-38.4839423626551,4.98394236265506));
#651=CARTESIAN_POINT('',(-22.7609292305731,-38.8696366263514,4.63038947170351));
#652=CARTESIAN_POINT('',(-22.2401508810727,-38.3418204341278,4.84182043412785));
#653=CARTESIAN_POINT('',(-22.7711885182149,-38.7407940179032,4.4881578125526));
#654=CARTESIAN_POINT('',(-22.2457293300207,-38.1746577074646,4.67465770746461));
#655=CARTESIAN_POINT('',(-22.7876132679352,-38.5896596736296,4.32120097860553));
#656=CARTESIAN_POINT('',(-22.2572832521288,-37.9915176476189,4.4915176476189));
#657=CARTESIAN_POINT('',(-22.8111682362575,-38.4250644288787,4.13827051114056));
#658=CARTESIAN_POINT('',(-22.275024793895,-37.8016136407216,4.30161364072163));
#659=CARTESIAN_POINT('',(-22.8418482440764,-38.2557904985827,3.94823563749964));
#660=CARTESIAN_POINT('',(-22.2983885769235,-37.613767754023,4.11376775402302));
#661=CARTESIAN_POINT('',(-22.8785205253622,-38.0898377389404,3.75989203547134));
#662=CARTESIAN_POINT('',(-22.3266991569132,-37.4297012617958,3.92970126179575));
#663=CARTESIAN_POINT('',(-22.9204024019986,-37.9279444502099,3.57614633367007));
#664=CARTESIAN_POINT('',(-22.3587937568133,-37.2549740038771,3.75497400387707));
#665=CARTESIAN_POINT('',(-22.9659016904814,-37.7757648959142,3.40169704203832));
#666=CARTESIAN_POINT('',(-22.3936645273662,-37.0908299111343,3.59082991113425));
#667=CARTESIAN_POINT('',(-23.0139004264125,-37.6345007960125,3.23756298017336));
#668=CARTESIAN_POINT('',(-22.4305956980115,-36.9369623929505,3.43696239295054));
#669=CARTESIAN_POINT('',(-23.0637061236689,-37.5040491445401,3.08310734534768));
#670=CARTESIAN_POINT('',(-22.4699431098751,-36.7882013896097,3.2882013896097));
#671=CARTESIAN_POINT('',(-23.1160138016687,-37.3784312388582,2.9344900873656));
#672=CARTESIAN_POINT('',(-22.5109790655998,-36.6466045160816,3.14660451608164));
#673=CARTESIAN_POINT('',(-23.1699130581489,-37.2601533565397,2.79319782822878));
#674=CARTESIAN_POINT('',(-22.5520057383404,-36.5161617993895,3.01616179938944));
#675=CARTESIAN_POINT('',(-23.2233170800903,-37.1527855156969,2.66297030239454));
#676=CARTESIAN_POINT('',(-22.5916845604387,-36.3985002046326,2.89850020463257));
#677=CARTESIAN_POINT('',(-23.2746406871027,-37.057489090365,2.54533049427205));
#678=CARTESIAN_POINT('',(-22.631877056963,-36.2865210884127,2.78652108841267));
#679=CARTESIAN_POINT('',(-23.3264216659783,-36.9687362025544,2.43293483238081));
#680=CARTESIAN_POINT('',(-22.6755579886442,-36.1714234837822,2.67142348378222));
#681=CARTESIAN_POINT('',(-23.3824850776237,-36.8785057495006,2.31752071228789));
#682=CARTESIAN_POINT('',(-22.7238707789776,-36.0508945881216,2.55089458812157));
#683=CARTESIAN_POINT('',(-23.4442538819354,-36.7845580739509,2.19722459639614));
#684=CARTESIAN_POINT('',(-22.7750265474002,-35.9303909085077,2.43039090850769));
#685=CARTESIAN_POINT('',(-23.5095194294138,-36.6923953170964,2.07707631521972));
#686=CARTESIAN_POINT('',(-22.8252221815503,-35.8183687960965,2.31836879609647));
#687=CARTESIAN_POINT('',(-23.5735254385363,-36.6088990838314,1.9653364502155));
#688=CARTESIAN_POINT('',(-22.8722319081525,-35.7183953759215,2.21839537592152));
#689=CARTESIAN_POINT('',(-23.6335358663815,-36.5367786297089,1.86539091796917));
#690=CARTESIAN_POINT('',(-22.9152510840402,-35.6306395479251,2.13063954792509));
#691=CARTESIAN_POINT('',(-23.6885379640571,-36.4754889661818,1.77745316748963));
#692=CARTESIAN_POINT('',(-22.9561662035736,-35.5502342574503,2.05023425745033));
#693=CARTESIAN_POINT('',(-23.741044863105,-36.4218087846778,1.69647962625924));
#694=CARTESIAN_POINT('',(-22.9991799700662,-35.468340448635,1.96834044863502));
#695=CARTESIAN_POINT('',(-23.7961057039408,-36.3670294528145,1.61438294856287));
#696=CARTESIAN_POINT('',(-23.0514533217138,-35.3720958791339,1.87209587913389));
#697=CARTESIAN_POINT('',(-23.8629493607266,-36.303139653707,1.51828538207653));
#698=CARTESIAN_POINT('',(-23.1185465611203,-35.2535511489857,1.7535511489857));
#699=CARTESIAN_POINT('',(-23.9488788462952,-36.2266506577782,1.40024824872597));
#700=CARTESIAN_POINT('',(-23.1998616860728,-35.1169081214782,1.61690812147823));
#701=CARTESIAN_POINT('',(-24.053741678463,-36.1446323388042,1.26416342063452));
#702=CARTESIAN_POINT('',(-23.2862062582725,-34.9795402353143,1.47954023531428));
#703=CARTESIAN_POINT('',(-24.1663616164582,-36.0717423477394,1.1269341509136));
#704=CARTESIAN_POINT('',(-23.3659016581581,-34.8588410403469,1.35884104034691));
#705=CARTESIAN_POINT('',(-24.2725580064836,-36.0219450409609,1.00502252369962));
#706=CARTESIAN_POINT('',(-23.4375168999367,-34.7550353252429,1.25503532524291));
#707=CARTESIAN_POINT('',(-24.3681863605324,-35.9822612234257,0.900567329803167));
#708=CARTESIAN_POINT('',(-23.5075104753713,-34.6570772818707,1.15707728187075));
#709=CARTESIAN_POINT('',(-24.4620060973618,-35.947913589656,0.802447146127723));
#710=CARTESIAN_POINT('',(-23.5850233786346,-34.5522199169734,1.05221991697338));
#711=CARTESIAN_POINT('',(-24.5668296639985,-35.9169857161717,0.697741822355623));
#712=CARTESIAN_POINT('',(-23.6688662405223,-34.4427967536792,0.942796753679205));
#713=CARTESIAN_POINT('',(-24.6818806980637,-35.894306339557,0.588720862863813));
#714=CARTESIAN_POINT('',(-23.7500565192416,-34.3404304321323,0.840430432132238));
#715=CARTESIAN_POINT('',(-24.7955894632604,-35.8858582844232,0.486728368798813));
#716=CARTESIAN_POINT('',(-23.8176231489089,-34.2576709296548,0.757670929654843));
#717=CARTESIAN_POINT('',(-24.8922112015554,-35.8900814882091,0.404176652946816));
#718=CARTESIAN_POINT('',(-23.8688068015891,-34.1963093472384,0.696309347238432));
#719=CARTESIAN_POINT('',(-24.9668902512549,-35.901524225777,0.342719965283861));
#720=CARTESIAN_POINT('',(-23.9072209341261,-34.1510925935331,0.651092593533073));
#721=CARTESIAN_POINT('',(-25.0232952594611,-35.9124002122236,0.297558666330406));
#722=CARTESIAN_POINT('',(-23.9395881158841,-34.1131875164566,0.613187516456615));
#723=CARTESIAN_POINT('',(-25.0717326755272,-35.9260409324681,0.259590525335452));
#724=CARTESIAN_POINT('',(-23.9734518129906,-34.0741405826302,0.574140582630199));
#725=CARTESIAN_POINT('',(-25.1229816487786,-35.944260082216,0.220215294125321));
#726=CARTESIAN_POINT('',(-24.0133438807637,-34.0286965048862,0.528696504886218));
#727=CARTESIAN_POINT('',(-25.1842506061324,-35.9706687961801,0.174256346079152));
#728=CARTESIAN_POINT('',(-24.0568183454898,-33.9797472340142,0.479747234014175));
#729=CARTESIAN_POINT('',(-25.2521496937896,-36.0049848849218,0.124798507488982));
#730=CARTESIAN_POINT('',(-24.0970157458398,-33.9347745113164,0.434774511316398));
#731=CARTESIAN_POINT('',(-25.3160139432482,-36.0410052527185,0.0796888813530057));
#732=CARTESIAN_POINT('',(-24.1278967607927,-33.9002503390196,0.400250339019619));
#733=CARTESIAN_POINT('',(-25.3657340953847,-36.070597281555,0.0454510188910609));
#734=CARTESIAN_POINT('',(-24.1502825848459,-33.8751964106361,0.375196410636064));
#735=CARTESIAN_POINT('',(-25.4021186017593,-36.0929858762241,0.0208310884282609));
#736=CARTESIAN_POINT('',(-24.1684845600123,-33.8547558711346,0.354755871134586));
#737=CARTESIAN_POINT('',(-25.4318696569814,-36.1112312062084,0.000959068078138963));
#738=CARTESIAN_POINT('',(-24.1863356357904,-33.8347503077463,0.334750307746246));
#739=CARTESIAN_POINT('',(-25.4613549360769,-36.1308200179028,-0.0184902601420339));
#740=CARTESIAN_POINT('',(-24.2048991225748,-33.8141947058391,0.314194705839086));
#741=CARTESIAN_POINT('',(-25.4926430667953,-36.1559164213328,-0.0388607524912202));
#742=CARTESIAN_POINT('',(-24.2248907398543,-33.7922052454018,0.292205245401832));
#743=CARTESIAN_POINT('',(-25.5269366949125,-36.1868272263284,-0.0608767438900015));
#744=CARTESIAN_POINT('',(-24.2461922635235,-33.7688816675527,0.268881667552724));
#745=CARTESIAN_POINT('',(-25.5641837973983,-36.2239274910231,-0.0844155488912832));
#746=CARTESIAN_POINT('',(-24.2671533772506,-33.7459335605619,0.245933560561881));
#747=CARTESIAN_POINT('',(-25.6014909845816,-36.2635995845495,-0.107593531260678));
#748=CARTESIAN_POINT('',(-24.2858088001257,-33.7253478932363,0.22534789323635));
#749=CARTESIAN_POINT('',(-25.6352474003009,-36.3006572922738,-0.128231128871477));
#750=CARTESIAN_POINT('',(-24.3019490407844,-33.7075323261644,0.207532326164391));
#751=CARTESIAN_POINT('',(-25.664646381845,-36.3332565026381,-0.145962281212892));
#752=CARTESIAN_POINT('',(-24.3169686093694,-33.6909547548827,0.190954754882739));
#753=CARTESIAN_POINT('',(-25.6920744858082,-36.3634912190012,-0.16230785708771));
#754=CARTESIAN_POINT('',(-24.332194974157,-33.6741486589373,0.174148658937322));
#755=CARTESIAN_POINT('',(-25.7199714058699,-36.3941702186145,-0.178734948233359));
#756=CARTESIAN_POINT('',(-24.3481045553831,-33.6565885495089,0.156588549508937));
#757=CARTESIAN_POINT('',(-25.7492133780701,-36.4262170692128,-0.195736448879137));
#758=CARTESIAN_POINT('',(-24.3644734621623,-33.6385214370304,0.138521437030419));
#759=CARTESIAN_POINT('',(-25.7794002034312,-36.4591916792644,-0.213055573704209));
#760=CARTESIAN_POINT('',(-24.38108090428,-33.6201910491655,0.120191049165471));
#761=CARTESIAN_POINT('',(-25.8101291906095,-36.4926461039324,-0.23044735747685));
#762=CARTESIAN_POINT('',(-24.3977944280362,-33.6017435722523,0.101743572252292));
#763=CARTESIAN_POINT('',(-25.8411574948624,-36.5263144166638,-0.247767005503645));
#764=CARTESIAN_POINT('',(-24.4145256619227,-33.5832765483815,0.0832765483815199));
#765=CARTESIAN_POINT('',(-25.8723210906789,-36.5600183528557,-0.264920223956937));
#766=CARTESIAN_POINT('',(-24.4311513506162,-33.5649260194029,0.0649260194029314));
#767=CARTESIAN_POINT('',(-25.9033884990477,-36.5935096893506,-0.281781545731668));
#768=CARTESIAN_POINT('',(-24.4475448453713,-33.5468317734738,0.046831773473795));
#769=CARTESIAN_POINT('',(-25.9341190636335,-36.6265332830588,-0.298227310614469));
#770=CARTESIAN_POINT('',(-24.4671298205177,-33.5252149454396,0.0252149454396258));
#771=CARTESIAN_POINT('',(-25.9709447871933,-36.665985900716,-0.31766295407399));
#772=CARTESIAN_POINT('',(-24.481230947962,-33.5096508895897,0.00965088958969574));
#773=CARTESIAN_POINT('',(-25.9975635232528,-36.6943916750484,-0.331457537008311));
#774=CARTESIAN_POINT('',(-24.4899801563377,-33.4999939902848,-6.00971521087861E-6));
#775=CARTESIAN_POINT('',(-26.0141188729554,-36.7120163678937,-0.339939555714225));
#776=FACE_BOUND('',#777,.T.);
#777=EDGE_LOOP('',(#1379,#1380,#1381,#1382,#1383));
#778=PLANE('',#779);
#779=AXIS2_PLACEMENT_3D('',#780,#781,#782);
#780=CARTESIAN_POINT('',(61.25,-33.5,0.));
#781=DIRECTION('',(7.17756552541153E-17,0.707106781186547,0.707106781186548));
#782=DIRECTION('',(-1.,1.01506105108586E-16,0.));
#783=FACE_BOUND('',#784,.T.);
#784=EDGE_LOOP('',(#1384,#1385,#1386,#1387));
#785=PLANE('',#786);
#786=AXIS2_PLACEMENT_3D('',#787,#788,#789);
#787=CARTESIAN_POINT('',(-18.75,-31.3786796564404,-3.53553390593274));
#788=DIRECTION('',(-0.707106781186548,-0.499999999999999,-0.500000000000001));
#789=DIRECTION('',(-6.98529218002453E-16,-0.707106781186548,0.707106781186547));
#790=FACE_BOUND('',#791,.T.);
#791=EDGE_LOOP('',(#1388,#1389,#1390,#1391,#1392));
#792=PLANE('',#793);
#793=AXIS2_PLACEMENT_3D('',#794,#795,#796);
#794=CARTESIAN_POINT('',(-18.75,-47.5,0.));
#795=DIRECTION('',(1.,-8.88178419700125E-16,0.));
#796=DIRECTION('',(8.88178419700125E-16,1.,0.));
#797=FACE_BOUND('',#798,.T.);
#798=EDGE_LOOP('',(#1393,#1394,#1395,#1396,#1397));
#799=PLANE('',#800);
#800=AXIS2_PLACEMENT_3D('',#801,#802,#803);
#801=CARTESIAN_POINT('',(18.75,-47.5,-2.29621274840129E-15));
#802=DIRECTION('',(1.,8.88178419700125E-16,-1.22464679914735E-16));
#803=DIRECTION('',(-8.88178419700125E-16,1.,1.08770485875751E-31));
#804=FACE_BOUND('',#805,.T.);
#805=EDGE_LOOP('',(#1398,#1399,#1400,#1401));
#806=PLANE('',#807);
#807=AXIS2_PLACEMENT_3D('',#808,#809,#810);
#808=CARTESIAN_POINT('',(18.75,-47.0355339059327,12.1213203435597));
#809=DIRECTION('',(0.707106781186552,-0.499999999999998,-0.499999999999996));
#810=DIRECTION('',(-6.98529218002453E-16,0.707106781186546,-0.707106781186549));
#811=FACE_BOUND('',#812,.T.);
#812=EDGE_LOOP('',(#1402,#1403,#1404,#1405,#1406));
#813=PLANE('',#814);
#814=AXIS2_PLACEMENT_3D('',#815,#816,#817);
#815=CARTESIAN_POINT('',(-61.25,-33.5000000000001,0.));
#816=DIRECTION('',(5.74205242032925E-16,-0.707106781186549,-0.707106781186546));
#817=DIRECTION('',(1.,8.12048840868686E-16,0.));
#818=FACE_BOUND('',#819,.T.);
#819=EDGE_LOOP('',(#1407,#1408,#1409,#1410));
#820=B_SPLINE_SURFACE_WITH_KNOTS('',3,1,(
(#821,#822),
(#823,#824),
(#825,#826),
(#827,#828),
(#829,#830),
(#831,#832),
(#833,#834),
(#835,#836),
(#837,#838),
(#839,#840),
(#841,#842),
(#843,#844),
(#845,#846),
(#847,#848),
(#849,#850),
(#851,#852),
(#853,#854),
(#855,#856),
(#857,#858),
(#859,#860),
(#861,#862),
(#863,#864),
(#865,#866),
(#867,#868),
(#869,#870),
(#871,#872),
(#873,#874),
(#875,#876),
(#877,#878),
(#879,#880),
(#881,#882),
(#883,#884),
(#885,#886),
(#887,#888),
(#889,#890),
(#891,#892),
(#893,#894),
(#895,#896),
(#897,#898),
(#899,#900),
(#901,#902),
(#903,#904),
(#905,#906),
(#907,#908),
(#909,#910),
(#911,#912),
(#913,#914),
(#915,#916),
(#917,#918),
(#919,#920),
(#921,#922),
(#923,#924),
(#925,#926),
(#927,#928),
(#929,#930),
(#931,#932),
(#933,#934),
(#935,#936),
(#937,#938),
(#939,#940),
(#941,#942),
(#943,#944),
(#945,#946),
(#947,#948),
(#949,#950),
(#951,#952),
(#953,#954)),
.UNSPECIFIED.,.F.,.F.,.F.,
(4,1,1,1,1,1,1,1,1,1,1,1,1,1,1,1,1,1,1,1,1,1,1,1,1,1,1,1,1,1,1,1,1,1,1,1,1,1,1,1,
1,1,1,1,1,1,1,1,1,1,1,1,1,1,1,1,1,1,1,1,1,1,1,1,4),
(2,2),
(0.0142778679106622,0.294068517665999,0.467674698851068,0.67947488657745,0.942978159573194,
1.25405627679886,1.60355064557035,1.95528977160568,2.30483286843123,2.64456666364232,
2.97506256233838,3.27429588634305,3.55727091560646,3.83326605658973,4.10464025021486,
4.34913383548751,4.56454307721787,4.76603264837597,4.98065240378485,5.21510614913237,
5.44840190106509,5.6648241242695,5.85321893325953,6.01996467878211,6.16825268861051,
6.31637952012257,6.49204989172113,6.72388251008885,7.00286244532517,7.28823487662713,
7.53098572323796,7.72240744158357,7.90713497839484,8.11616799620897,8.35285981236889,
8.57310568252626,8.75113378477822,8.87704719617267,8.97025328801728,9.04591959375181,
9.12923765869037,9.23394177717668,9.35809928334147,9.47163418805865,9.55362827355948,
9.60601420571325,9.65282068326174,9.70164887082618,9.75295648571875,9.80960094869384,
9.87431060176457,9.94157803822239,9.9995531329108,10.0474751360793,10.0921931340081,
10.1395607557283,10.1894519513788,10.240527589206,10.2921815331062,10.3442957421365,
10.3963607482354,10.4481797396763,10.4993098900753,10.549209967185,10.630785599003),
(0.,1.),
.UNSPECIFIED.);
#821=CARTESIAN_POINT('',(22.2500002227351,-38.8535606155872,5.35356061558724));
#822=CARTESIAN_POINT('',(22.7500000000096,-39.2071165875547,5.00001074753433));
#823=CARTESIAN_POINT('',(22.248441684323,-38.803045691545,5.30304569154505));
#824=CARTESIAN_POINT('',(22.7500001731374,-39.1609975028276,4.949466832465));
#825=CARTESIAN_POINT('',(22.2449939012891,-38.7212014839349,5.22120148393495));
#826=CARTESIAN_POINT('',(22.7510336522732,-39.0861243159308,4.86765534744393));
#827=CARTESIAN_POINT('',(22.2405182262777,-38.6011130099113,5.10111300991126));
#828=CARTESIAN_POINT('',(22.7550054603868,-38.976353452504,4.74763530161028));
#829=CARTESIAN_POINT('',(22.2384091861435,-38.4839423619054,4.98394236190539));
#830=CARTESIAN_POINT('',(22.7609292306157,-38.8696366256704,4.63038947095234));
#831=CARTESIAN_POINT('',(22.240150881096,-38.3418204328469,4.84182043284693));
#832=CARTESIAN_POINT('',(22.7711885183193,-38.7407940167422,4.48815781127244));
#833=CARTESIAN_POINT('',(22.2457293301041,-38.1746577056762,4.67465770567626));
#834=CARTESIAN_POINT('',(22.7876132681341,-38.5896596720169,4.32120097681923));
#835=CARTESIAN_POINT('',(22.257283252291,-37.9915176455108,4.49151764551081));
#836=CARTESIAN_POINT('',(22.8111682365607,-38.4250644269896,4.13827050903508));
#837=CARTESIAN_POINT('',(22.2750247941384,-37.8016136384914,4.30161363849147));
#838=CARTESIAN_POINT('',(22.8418482444743,-38.2557904966066,3.9482356352615));
#839=CARTESIAN_POINT('',(22.2983885772378,-37.6137677517569,4.11376775175691));
#840=CARTESIAN_POINT('',(22.8785205258404,-38.0898377369407,3.75989203320611));
#841=CARTESIAN_POINT('',(22.3266991572944,-37.4297012595346,3.92970125953459));
#842=CARTESIAN_POINT('',(22.9204024025497,-37.9279444482301,3.57614633141304));
#843=CARTESIAN_POINT('',(22.3587937572559,-37.254974001639,3.75497400163904));
#844=CARTESIAN_POINT('',(22.9659016910992,-37.7757648939744,3.4016970398038));
#845=CARTESIAN_POINT('',(22.393664527858,-37.090829908964,3.59082990896403));
#846=CARTESIAN_POINT('',(23.0139004270817,-37.634500794161,3.23756297799707));
#847=CARTESIAN_POINT('',(22.4305956985461,-36.936962390832,3.43696239083196));
#848=CARTESIAN_POINT('',(23.0637061243845,-37.5040491427471,3.08310734322594));
#849=CARTESIAN_POINT('',(22.4699431104555,-36.7882013875135,3.28820138751353));
#850=CARTESIAN_POINT('',(23.1160138024354,-37.3784312370961,2.93449008527355));
#851=CARTESIAN_POINT('',(22.5109790662335,-36.6466045139815,3.14660451398148));
#852=CARTESIAN_POINT('',(23.1699130589773,-37.2601533547963,2.79319782613344));
#853=CARTESIAN_POINT('',(22.5520057390193,-36.5161617973051,3.01616179730512));
#854=CARTESIAN_POINT('',(23.2233170809711,-37.1527855139951,2.66297030031191));
#855=CARTESIAN_POINT('',(22.5916845611483,-36.3985002025921,2.8985002025921));
#856=CARTESIAN_POINT('',(23.2746406880183,-37.0574890887257,2.54533049223026));
#857=CARTESIAN_POINT('',(22.6318770576962,-36.286521086434,2.78652108643402));
#858=CARTESIAN_POINT('',(23.3264216669215,-36.9687362010077,2.43293483038886));
#859=CARTESIAN_POINT('',(22.6755579894033,-36.1714234818351,2.67142348183509));
#860=CARTESIAN_POINT('',(23.3824850785957,-36.8785057479718,2.31752071034323));
#861=CARTESIAN_POINT('',(22.723870779691,-36.0508945863985,2.55089458639849));
#862=CARTESIAN_POINT('',(23.4442538828462,-36.7845580726211,2.1972245946773));
#863=CARTESIAN_POINT('',(22.7750265479746,-35.9303909072015,2.43039090720155));
#864=CARTESIAN_POINT('',(23.5095194301461,-36.6923953161124,2.0770763139176));
#865=CARTESIAN_POINT('',(22.8252221818687,-35.8183687954123,2.31836879541234));
#866=CARTESIAN_POINT('',(23.5735254389426,-36.6088990833339,1.96533644953198));
#867=CARTESIAN_POINT('',(22.8722319082959,-35.7183953756267,2.21839537562666));
#868=CARTESIAN_POINT('',(23.6335358665647,-36.5367786295015,1.86539091767388));
#869=CARTESIAN_POINT('',(22.9152510841077,-35.6306395477894,2.13063954778935));
#870=CARTESIAN_POINT('',(23.6885379641434,-36.4754889660884,1.77745316735338));
#871=CARTESIAN_POINT('',(22.9561662036644,-35.5502342572744,2.0502342572744));
#872=CARTESIAN_POINT('',(23.7410448632215,-36.421808784561,1.69647962608217));
#873=CARTESIAN_POINT('',(22.9991799701488,-35.4683404484813,1.96834044848128));
#874=CARTESIAN_POINT('',(23.7961057040463,-36.3670294527115,1.61438294840933));
#875=CARTESIAN_POINT('',(23.0514533217459,-35.3720958790779,1.87209587907792));
#876=CARTESIAN_POINT('',(23.8629493607678,-36.3031396536712,1.51828538202084));
#877=CARTESIAN_POINT('',(23.1185465611161,-35.2535511489935,1.75355114899351));
#878=CARTESIAN_POINT('',(23.9488788462899,-36.2266506577839,1.40024824873369));
#879=CARTESIAN_POINT('',(23.1998616861321,-35.116908121377,1.61690812137706));
#880=CARTESIAN_POINT('',(24.053741678539,-36.1446323387403,1.26416342053401));
#881=CARTESIAN_POINT('',(23.2862062586225,-34.9795402347601,1.47954023476007));
#882=CARTESIAN_POINT('',(24.1663616169156,-36.0717423474506,1.12693415035968));
#883=CARTESIAN_POINT('',(23.3659016589513,-34.8588410391593,1.35884103915929));
#884=CARTESIAN_POINT('',(24.2725580075433,-36.0219450404922,1.00502252249864));
#885=CARTESIAN_POINT('',(23.4375169012507,-34.7550353233651,1.25503532336515));
#886=CARTESIAN_POINT('',(24.3681863622876,-35.9822612227212,0.900567327918071));
#887=CARTESIAN_POINT('',(23.5075104770241,-34.6570772795952,1.15707727959523));
#888=CARTESIAN_POINT('',(24.4620060995849,-35.9479135889106,0.802447143852057));
#889=CARTESIAN_POINT('',(23.5850233804635,-34.5522199145449,1.05221991454488));
#890=CARTESIAN_POINT('',(24.5668296664883,-35.916985715553,0.697741819934066));
#891=CARTESIAN_POINT('',(23.668866241792,-34.4427967520646,0.94279675206458));
#892=CARTESIAN_POINT('',(24.6818806998289,-35.8943063393524,0.58872086125651));
#893=CARTESIAN_POINT('',(23.7500565192928,-34.3404304320896,0.840430432089558));
#894=CARTESIAN_POINT('',(24.7955894633535,-35.885858284537,0.486728368754051));
#895=CARTESIAN_POINT('',(23.8176231478791,-34.2576709309115,0.757670930911509));
#896=CARTESIAN_POINT('',(24.8922112000745,-35.8900814881011,0.404176654201564));
#897=CARTESIAN_POINT('',(23.8688068008283,-34.1963093481331,0.696309348133135));
#898=CARTESIAN_POINT('',(24.9668902501399,-35.9015242255753,0.342719966175673));
#899=CARTESIAN_POINT('',(23.9072209350279,-34.1510925924597,0.651092592459719));
#900=CARTESIAN_POINT('',(25.0232952607817,-35.9124002124308,0.297558665265126));
#901=CARTESIAN_POINT('',(23.9395881182758,-34.1131875136753,0.613187513675282));
#902=CARTESIAN_POINT('',(25.0717326791193,-35.9260409335829,0.259590522539511));
#903=CARTESIAN_POINT('',(23.973451816121,-34.0741405790442,0.574140579044217));
#904=CARTESIAN_POINT('',(25.1229816535533,-35.9442600841095,0.220215290502153));
#905=CARTESIAN_POINT('',(24.0133438838767,-34.0286965013644,0.528696501364414));
#906=CARTESIAN_POINT('',(25.1842506109552,-35.9706687984582,0.174256342515619));
#907=CARTESIAN_POINT('',(24.0568183483398,-33.9797472308191,0.479747230819086));
#908=CARTESIAN_POINT('',(25.2521496982822,-36.0049848873479,0.124798504269802));
#909=CARTESIAN_POINT('',(24.0970157480889,-33.9347745088025,0.434774508802542));
#910=CARTESIAN_POINT('',(25.31601394685,-36.0410052548208,0.0796888788474087));
#911=CARTESIAN_POINT('',(24.1278967620178,-33.9002503376498,0.400250337649823));
#912=CARTESIAN_POINT('',(25.3657340973724,-36.0705972827784,0.0454510175407644));
#913=CARTESIAN_POINT('',(24.1502825850998,-33.8751964103495,0.375196410349469));
#914=CARTESIAN_POINT('',(25.4021186021751,-36.0929858764691,0.0208310881532198));
#915=CARTESIAN_POINT('',(24.168484559544,-33.8547558716636,0.354755871663558));
#916=CARTESIAN_POINT('',(25.4318696562185,-36.1112312057762,0.000959068586467389));
#917=CARTESIAN_POINT('',(24.186335635081,-33.8347503085353,0.334750308535324));
#918=CARTESIAN_POINT('',(25.4613549348924,-36.1308200170216,-0.0184902593654648));
#919=CARTESIAN_POINT('',(24.2048991218593,-33.8141947066284,0.314194706628416));
#920=CARTESIAN_POINT('',(25.4926430655775,-36.1559164202887,-0.0388607517044391));
#921=CARTESIAN_POINT('',(24.2248907392554,-33.7922052460583,0.292205246058328));
#922=CARTESIAN_POINT('',(25.5269366938731,-36.1868272253289,-0.0608767432287719));
#923=CARTESIAN_POINT('',(24.2461922631009,-33.7688816680152,0.268881668015185));
#924=CARTESIAN_POINT('',(25.56418379665,-36.2239274902405,-0.0844155484236845));
#925=CARTESIAN_POINT('',(24.2671533770051,-33.7459335608318,0.245933560831839));
#926=CARTESIAN_POINT('',(25.6014909841393,-36.2635995840662,-0.107593530989211));
#927=CARTESIAN_POINT('',(24.285808800015,-33.7253478933586,0.2253478933586));
#928=CARTESIAN_POINT('',(25.6352474000998,-36.3006572920524,-0.128231128749688));
#929=CARTESIAN_POINT('',(24.3019490406699,-33.7075323262907,0.207532326290725));
#930=CARTESIAN_POINT('',(25.6646463816362,-36.3332565024067,-0.145962281087439));
#931=CARTESIAN_POINT('',(24.3169686091785,-33.6909547550934,0.190954755093417));
#932=CARTESIAN_POINT('',(25.6920744854593,-36.3634912186167,-0.162307856880492));
#933=CARTESIAN_POINT('',(24.3321949738857,-33.6741486592367,0.17414865923668));
#934=CARTESIAN_POINT('',(25.7199714053722,-36.394170218068,-0.178734947941995));
#935=CARTESIAN_POINT('',(24.3481045550835,-33.6565885498395,0.156588549839514));
#936=CARTESIAN_POINT('',(25.7492133775186,-36.4262170686093,-0.195736448560653));
#937=CARTESIAN_POINT('',(24.3644734618629,-33.6385214373607,0.138521437360722));
#938=CARTESIAN_POINT('',(25.7794002028784,-36.4591916786613,-0.213055573389191));
#939=CARTESIAN_POINT('',(24.3810809039805,-33.6201910494957,0.120191049495689));
#940=CARTESIAN_POINT('',(25.8101291900549,-36.4926461033295,-0.230447357165168));
#941=CARTESIAN_POINT('',(24.3977944277367,-33.6017435725825,0.101743572582497));
#942=CARTESIAN_POINT('',(25.841157494306,-36.5263144160609,-0.247767005195272));
#943=CARTESIAN_POINT('',(24.4145256616231,-33.5832765487117,0.0832765487117267));
#944=CARTESIAN_POINT('',(25.8723210901207,-36.5600183522528,-0.264920223651862));
#945=CARTESIAN_POINT('',(24.4311513503167,-33.5649260197332,0.0649260197331393));
#946=CARTESIAN_POINT('',(25.9033884984878,-36.5935096887477,-0.281781545429889));
#947=CARTESIAN_POINT('',(24.4475448450717,-33.546831773804,0.0468317738040039));
#948=CARTESIAN_POINT('',(25.9341190630718,-36.6265332824558,-0.298227310315946));
#949=CARTESIAN_POINT('',(24.4671298203178,-33.5252149456598,0.0252149456597654));
#950=CARTESIAN_POINT('',(25.9709447868171,-36.665985900314,-0.317662953878338));
#951=CARTESIAN_POINT('',(24.4812309478617,-33.5096508896998,0.00965088969976586));
#952=CARTESIAN_POINT('',(25.9975635230641,-36.6943916748473,-0.331457536911629));
#953=CARTESIAN_POINT('',(24.4899801563372,-33.4999939902848,-6.00971521044685E-6));
#954=CARTESIAN_POINT('',(26.0141188729554,-36.7120163678934,-0.339939555714222));
#955=FACE_BOUND('',#956,.T.);
#956=EDGE_LOOP('',(#1411,#1412,#1413,#1414,#1415,#1416,#1417,#1418));
#957=CYLINDRICAL_SURFACE('',#958,6.);
#958=AXIS2_PLACEMENT_3D('',#959,#960,#961);
#959=CARTESIAN_POINT('',(28.75,-43.5,4.99999999999999));
#960=DIRECTION('',(3.5527136788005E-16,-1.,-4.35081943503005E-32));
#961=DIRECTION('',(1.,3.5527136788005E-16,-2.44929359829471E-16));
#962=FACE_BOUND('',#963,.T.);
#963=EDGE_LOOP('',(#1419,#1420));
#964=PLANE('',#965);
#965=AXIS2_PLACEMENT_3D('',#966,#967,#968);
#966=CARTESIAN_POINT('',(17.4333752096446,-27.5,0.));
#967=DIRECTION('',(0.,0.707106781186548,-0.707106781186548));
#968=DIRECTION('',(1.,0.,0.));
#969=FACE_BOUND('',#970,.T.);
#970=EDGE_LOOP('',(#1421,#1422,#1423,#1424));
#971=PLANE('',#972);
#972=AXIS2_PLACEMENT_3D('',#973,#974,#975);
#973=CARTESIAN_POINT('',(35.25,-44.9142135623731,11.4142135623731));
#974=DIRECTION('',(-0.707106781186555,0.499999999999996,0.499999999999993));
#975=DIRECTION('',(6.70165333228826E-16,0.707106781186546,-0.707106781186549));
#976=FACE_BOUND('',#977,.T.);
#977=EDGE_LOOP('',(#1425,#1426,#1427,#1428,#1429,#1430,#1431,#1432,#1433,#1434));
#978=FACE_BOUND('',#979,.T.);
#979=EDGE_LOOP('',(#1435));
#980=PLANE('',#981);
#981=AXIS2_PLACEMENT_3D('',#982,#983,#984);
#982=CARTESIAN_POINT('',(18.75,-43.5,-2.29621274840129E-15));
#983=DIRECTION('',(3.5527136788005E-16,-1.,-4.35081943503005E-32));
#984=DIRECTION('',(1.,3.5527136788005E-16,-1.22464679914735E-16));
#985=FACE_BOUND('',#986,.T.);
#986=EDGE_LOOP('',(#1436,#1437,#1438,#1439));
#987=PLANE('',#988);
#988=AXIS2_PLACEMENT_3D('',#989,#990,#991);
#989=CARTESIAN_POINT('',(37.75,-43.5,6.));
#990=DIRECTION('',(0.707106781186548,0.707106781186548,3.8648429752216E-16));
#991=DIRECTION('',(-5.46571335200077E-16,0.,1.));
#992=FACE_BOUND('',#993,.T.);
#993=EDGE_LOOP('',(#1440,#1441,#1442,#1443));
#994=PLANE('',#995);
#995=AXIS2_PLACEMENT_3D('',#996,#997,#998);
#996=CARTESIAN_POINT('',(1.83697019872103E-15,0.,15.));
#997=DIRECTION('',(-1.22464679914735E-16,0.,-1.));
#998=DIRECTION('',(1.,1.22464679914735E-16,-1.22464679914735E-16));
#999=FACE_BOUND('',#1000,.T.);
#1000=EDGE_LOOP('',(#1444,#1445,#1446,#1447));
#1001=PLANE('',#1002);
#1002=AXIS2_PLACEMENT_3D('',#1003,#1004,#1005);
#1003=CARTESIAN_POINT('',(0.,0.,-5.));
#1004=DIRECTION('',(0.,0.,1.));
#1005=DIRECTION('',(-1.,1.22464679914735E-16,0.));
#1006=FACE_BOUND('',#1007,.T.);
#1007=EDGE_LOOP('',(#1448,#1449,#1450,#1451));
#1008=PLANE('',#1009);
#1009=AXIS2_PLACEMENT_3D('',#1010,#1011,#1012);
#1010=CARTESIAN_POINT('',(0.,0.,15.));
#1011=DIRECTION('',(0.,0.,1.));
#1012=DIRECTION('',(-1.,1.22464679914735E-16,0.));
#1013=FACE_OUTER_BOUND('',#1014,.T.);
#1014=EDGE_LOOP('',(#1452));
#1015=FACE_OUTER_BOUND('',#1016,.T.);
#1016=EDGE_LOOP('',(#1453));
#1017=CYLINDRICAL_SURFACE('',#1018,2.55);
#1018=AXIS2_PLACEMENT_3D('',#1019,#1020,#1021);
#1019=CARTESIAN_POINT('',(28.75,-42.5,5.));
#1020=DIRECTION('',(1.23572649697409E-16,-1.,-1.51332849914089E-32));
#1021=DIRECTION('',(-1.,-1.23572649697409E-16,1.22464679914735E-16));
#1022=FACE_OUTER_BOUND('',#1023,.T.);
#1023=EDGE_LOOP('',(#1454));
#1024=FACE_OUTER_BOUND('',#1025,.T.);
#1025=EDGE_LOOP('',(#1455));
#1026=CYLINDRICAL_SURFACE('',#1027,2.55);
#1027=AXIS2_PLACEMENT_3D('',#1028,#1029,#1030);
#1028=CARTESIAN_POINT('',(-28.75,-42.5,5.));
#1029=DIRECTION('',(-1.23572649697409E-16,-1.,0.));
#1030=DIRECTION('',(1.,-1.23572649697409E-16,0.));
#1031=FACE_BOUND('',#1032,.T.);
#1032=EDGE_LOOP('',(#1456,#1457,#1458,#1459));
#1033=PLANE('',#1034);
#1034=AXIS2_PLACEMENT_3D('',#1035,#1036,#1037);
#1035=CARTESIAN_POINT('',(-48.5,28.5,19.));
#1036=DIRECTION('',(0.,0.707106781186548,0.707106781186548));
#1037=DIRECTION('',(-1.,0.,0.));
#1038=FACE_BOUND('',#1039,.T.);
#1039=EDGE_LOOP('',(#1460,#1461,#1462,#1463));
#1040=PLANE('',#1041);
#1041=AXIS2_PLACEMENT_3D('',#1042,#1043,#1044);
#1042=CARTESIAN_POINT('',(-52.5,28.5,0.));
#1043=DIRECTION('',(0.,1.,0.));
#1044=DIRECTION('',(-1.,0.,0.));
#1045=FACE_BOUND('',#1046,.T.);
#1046=EDGE_LOOP('',(#1464,#1465,#1466,#1467));
#1047=PLANE('',#1048);
#1048=AXIS2_PLACEMENT_3D('',#1049,#1050,#1051);
#1049=CARTESIAN_POINT('',(-57.5,8.50000000000001,0.));
#1050=DIRECTION('',(0.,-1.,0.));
#1051=DIRECTION('',(1.,0.,0.));
#1052=FACE_BOUND('',#1053,.T.);
#1053=EDGE_LOOP('',(#1468,#1469,#1470,#1471));
#1054=PLANE('',#1055);
#1055=AXIS2_PLACEMENT_3D('',#1056,#1057,#1058);
#1056=CARTESIAN_POINT('',(-61.5,8.50000000000001,19.));
#1057=DIRECTION('',(0.,-0.707106781186548,0.707106781186548));
#1058=DIRECTION('',(1.,0.,0.));
#1059=FACE_BOUND('',#1060,.T.);
#1060=EDGE_LOOP('',(#1472,#1473,#1474,#1475,#1476));
#1061=PLANE('',#1062);
#1062=AXIS2_PLACEMENT_3D('',#1063,#1064,#1065);
#1063=CARTESIAN_POINT('',(0.,0.,20.));
#1064=DIRECTION('',(0.,0.,1.));
#1065=DIRECTION('',(-1.,1.22464679914735E-16,0.));
#1066=FACE_BOUND('',#1067,.T.);
#1067=EDGE_LOOP('',(#1477,#1478,#1479,#1480));
#1068=PLANE('',#1069);
#1069=AXIS2_PLACEMENT_3D('',#1070,#1071,#1072);
#1070=CARTESIAN_POINT('',(-47.5,15.8465732964055,17.3246104181413));
#1071=DIRECTION('',(-1.58671002138606E-16,-0.893238332632411,-0.449583452893977));
#1072=DIRECTION('',(0.,-0.449583452893977,0.893238332632411));
#1073=FACE_BOUND('',#1074,.T.);
#1074=EDGE_LOOP('',(#1481,#1482,#1483,#1484));
#1075=CYLINDRICAL_SURFACE('',#1076,5.55);
#1076=AXIS2_PLACEMENT_3D('',#1077,#1078,#1079);
#1077=CARTESIAN_POINT('',(-51.5,18.5,12.45));
#1078=DIRECTION('',(-1.,1.49587944370547E-16,0.));
#1079=DIRECTION('',(7.15172335366872E-17,0.478094901548553,0.878308183448885));
#1080=FACE_BOUND('',#1081,.T.);
#1081=EDGE_LOOP('',(#1485,#1486,#1487,#1488));
#1082=PLANE('',#1083);
#1083=AXIS2_PLACEMENT_3D('',#1084,#1085,#1086);
#1084=CARTESIAN_POINT('',(-47.5,22.5,20.));
#1085=DIRECTION('',(0.,0.89323833263241,-0.449583452893978));
#1086=DIRECTION('',(0.,-0.449583452893978,-0.89323833263241));
#1087=FACE_BOUND('',#1088,.T.);
#1088=EDGE_LOOP('',(#1489,#1490,#1491,#1492,#1493));
#1089=PLANE('',#1090);
#1090=AXIS2_PLACEMENT_3D('',#1091,#1092,#1093);
#1091=CARTESIAN_POINT('',(0.,0.,20.));
#1092=DIRECTION('',(0.,0.,1.));
#1093=DIRECTION('',(-1.,1.22464679914735E-16,0.));
#1094=FACE_BOUND('',#1095,.T.);
#1095=EDGE_LOOP('',(#1494,#1495,#1496,#1497,#1498,#1499,#1500,#1501,#1502,#1503));
#1096=PLANE('',#1097);
#1097=AXIS2_PLACEMENT_3D('',#1098,#1099,#1100);
#1098=CARTESIAN_POINT('',(-52.5,8.50000000000001,0.));
#1099=DIRECTION('',(1.,0.,0.));
#1100=DIRECTION('',(0.,1.,0.));
#1101=FACE_BOUND('',#1102,.T.);
#1102=EDGE_LOOP('',(#1504,#1505,#1506,#1507));
#1103=PLANE('',#1104);
#1104=AXIS2_PLACEMENT_3D('',#1105,#1106,#1107);
#1105=CARTESIAN_POINT('',(-37.75,-43.5,6.));
#1106=DIRECTION('',(0.70710678118655,-0.707106781186545,0.));
#1107=DIRECTION('',(0.,0.,1.));
#1108=FACE_BOUND('',#1109,.T.);
#1109=EDGE_LOOP('',(#1508,#1509,#1510,#1511));
#1110=PLANE('',#1111);
#1111=AXIS2_PLACEMENT_3D('',#1112,#1113,#1114);
#1112=CARTESIAN_POINT('',(-35.25,-37.0857864376269,3.5857864376269));
#1113=DIRECTION('',(0.70710678118654,0.500000000000005,0.500000000000006));
#1114=DIRECTION('',(0.,-0.707106781186548,0.707106781186547));
#1115=FACE_BOUND('',#1116,.T.);
#1116=EDGE_LOOP('',(#1512,#1513,#1514,#1515,#1516,#1517,#1518,#1519,#1520,#1521));
#1117=FACE_BOUND('',#1118,.T.);
#1118=EDGE_LOOP('',(#1522));
#1119=PLANE('',#1120);
#1120=AXIS2_PLACEMENT_3D('',#1121,#1122,#1123);
#1121=CARTESIAN_POINT('',(-18.75,-43.5,0.));
#1122=DIRECTION('',(3.5527136788005E-16,1.,0.));
#1123=DIRECTION('',(-1.,3.5527136788005E-16,0.));
#1124=FACE_BOUND('',#1125,.T.);
#1125=EDGE_LOOP('',(#1523,#1524,#1525));
#1126=PLANE('',#1127);
#1127=AXIS2_PLACEMENT_3D('',#1128,#1129,#1130);
#1128=CARTESIAN_POINT('',(-34.75,-38.5,5.));
#1129=DIRECTION('',(-1.,0.,0.));
#1130=DIRECTION('',(0.,-1.,0.));
#1131=FACE_BOUND('',#1132,.T.);
#1132=EDGE_LOOP('',(#1526,#1527,#1528));
#1133=PLANE('',#1134);
#1134=AXIS2_PLACEMENT_3D('',#1135,#1136,#1137);
#1135=CARTESIAN_POINT('',(-22.75,-43.5,5.));
#1136=DIRECTION('',(1.,-7.10542735760101E-16,0.));
#1137=DIRECTION('',(7.10542735760101E-16,1.,0.));
#1138=FACE_BOUND('',#1139,.T.);
#1139=EDGE_LOOP('',(#1529,#1530,#1531,#1532));
#1140=PLANE('',#1141);
#1141=AXIS2_PLACEMENT_3D('',#1142,#1143,#1144);
#1142=CARTESIAN_POINT('',(-22.25,-44.9142135623731,11.4142135623731));
#1143=DIRECTION('',(-0.707106781186552,0.499999999999996,0.499999999999997));
#1144=DIRECTION('',(-2.83638847736265E-17,0.707106781186548,-0.707106781186547));
#1145=FACE_BOUND('',#1146,.T.);
#1146=EDGE_LOOP('',(#1533,#1534,#1535,#1536));
#1147=PLANE('',#1148);
#1148=AXIS2_PLACEMENT_3D('',#1149,#1150,#1151);
#1149=CARTESIAN_POINT('',(-18.75,-44.5,6.));
#1150=DIRECTION('',(-0.707106781186548,-0.707106781186548,0.));
#1151=DIRECTION('',(0.,0.,1.));
#1152=FACE_BOUND('',#1153,.T.);
#1153=EDGE_LOOP('',(#1537,#1538,#1539,#1540));
#1154=PLANE('',#1155);
#1155=AXIS2_PLACEMENT_3D('',#1156,#1157,#1158);
#1156=CARTESIAN_POINT('',(18.75,-44.5,6.));
#1157=DIRECTION('',(-0.707106781186548,0.707106781186548,1.9324214876108E-16));
#1158=DIRECTION('',(2.73285667600039E-16,0.,1.));
#1159=FACE_BOUND('',#1160,.T.);
#1160=EDGE_LOOP('',(#1541,#1542,#1543,#1544));
#1161=PLANE('',#1162);
#1162=AXIS2_PLACEMENT_3D('',#1163,#1164,#1165);
#1163=CARTESIAN_POINT('',(22.25,-37.0857864376269,3.58578643762692));
#1164=DIRECTION('',(0.707106781186556,0.499999999999996,0.499999999999992));
#1165=DIRECTION('',(6.98529218002452E-16,-0.707106781186546,0.707106781186549));
#1166=FACE_BOUND('',#1167,.T.);
#1167=EDGE_LOOP('',(#1545,#1546,#1547));
#1168=PLANE('',#1169);
#1169=AXIS2_PLACEMENT_3D('',#1170,#1171,#1172);
#1170=CARTESIAN_POINT('',(22.75,-43.5,5.));
#1171=DIRECTION('',(1.,7.10542735760101E-16,-1.22464679914735E-16));
#1172=DIRECTION('',(-7.10542735760101E-16,1.,8.70163887006012E-32));
#1173=FACE_BOUND('',#1174,.T.);
#1174=EDGE_LOOP('',(#1548,#1549,#1550));
#1175=PLANE('',#1176);
#1176=AXIS2_PLACEMENT_3D('',#1177,#1178,#1179);
#1177=CARTESIAN_POINT('',(34.75,-38.5,5.));
#1178=DIRECTION('',(-1.,0.,1.22464679914735E-16));
#1179=DIRECTION('',(0.,-1.,0.));
#1180=FACE_BOUND('',#1181,.T.);
#1181=EDGE_LOOP('',(#1551,#1552,#1553,#1554));
#1182=PLANE('',#1183);
#1183=AXIS2_PLACEMENT_3D('',#1184,#1185,#1186);
#1184=CARTESIAN_POINT('',(14.75,-43.5,14.));
#1185=DIRECTION('',(1.34579353601466E-16,-0.707106781186547,-0.707106781186547));
#1186=DIRECTION('',(1.,2.53765262771464E-16,-6.34413156928661E-17));
#1187=FACE_BOUND('',#1188,.T.);
#1188=EDGE_LOOP('',(#1555,#1556,#1557,#1558));
#1189=PLANE('',#1190);
#1190=AXIS2_PLACEMENT_3D('',#1191,#1192,#1193);
#1191=CARTESIAN_POINT('',(-14.75,-43.5,14.));
#1192=DIRECTION('',(1.79439138135288E-16,0.707106781186547,0.707106781186548));
#1193=DIRECTION('',(-1.,2.53765262771464E-16,0.));
#1194=FACE_BOUND('',#1195,.T.);
#1195=EDGE_LOOP('',(#1559,#1560,#1561,#1562));
#1196=PLANE('',#1197);
#1197=AXIS2_PLACEMENT_3D('',#1198,#1199,#1200);
#1198=CARTESIAN_POINT('',(-52.5,11.8084278557917,23.1233698776357));
#1199=DIRECTION('',(0.70710678118655,0.63161488222014,0.317903508250594));
#1200=DIRECTION('',(0.,0.449583452893978,-0.89323833263241));
#1201=FACE_BOUND('',#1202,.T.);
#1202=EDGE_LOOP('',(#1563,#1564,#1565,#1566));
#1203=CONICAL_SURFACE('',#1204,6.05,0.785398163397449);
#1204=AXIS2_PLACEMENT_3D('',#1205,#1206,#1207);
#1205=CARTESIAN_POINT('',(-53.,18.5,12.45));
#1206=DIRECTION('',(1.,0.,0.));
#1207=DIRECTION('',(0.,-0.191942298719873,-0.981406212514538));
#1208=FACE_BOUND('',#1209,.T.);
#1209=EDGE_LOOP('',(#1567,#1568,#1569,#1570));
#1210=PLANE('',#1211);
#1211=AXIS2_PLACEMENT_3D('',#1212,#1213,#1214);
#1212=CARTESIAN_POINT('',(-52.5,20.248331224651,13.3020736347177));
#1213=DIRECTION('',(0.707106781186548,-0.631614882220142,0.317903508250594));
#1214=DIRECTION('',(0.,0.449583452893977,0.893238332632411));
#1215=ORIENTED_EDGE('',*,*,#1571,.T.);
#1216=ORIENTED_EDGE('',*,*,#1572,.F.);
#1217=ORIENTED_EDGE('',*,*,#1573,.T.);
#1218=ORIENTED_EDGE('',*,*,#1574,.F.);
#1219=ORIENTED_EDGE('',*,*,#1575,.T.);
#1220=ORIENTED_EDGE('',*,*,#1576,.F.);
#1221=ORIENTED_EDGE('',*,*,#1577,.T.);
#1222=ORIENTED_EDGE('',*,*,#1578,.F.);
#1223=ORIENTED_EDGE('',*,*,#1579,.F.);
#1224=ORIENTED_EDGE('',*,*,#1580,.F.);
#1225=ORIENTED_EDGE('',*,*,#1581,.F.);
#1226=ORIENTED_EDGE('',*,*,#1582,.F.);
#1227=ORIENTED_EDGE('',*,*,#1583,.T.);
#1228=ORIENTED_EDGE('',*,*,#1584,.T.);
#1229=ORIENTED_EDGE('',*,*,#1585,.T.);
#1230=ORIENTED_EDGE('',*,*,#1586,.T.);
#1231=ORIENTED_EDGE('',*,*,#1587,.F.);
#1232=ORIENTED_EDGE('',*,*,#1588,.F.);
#1233=ORIENTED_EDGE('',*,*,#1589,.F.);
#1234=ORIENTED_EDGE('',*,*,#1590,.T.);
#1235=ORIENTED_EDGE('',*,*,#1591,.T.);
#1236=ORIENTED_EDGE('',*,*,#1592,.F.);
#1237=ORIENTED_EDGE('',*,*,#1593,.F.);
#1238=ORIENTED_EDGE('',*,*,#1594,.F.);
#1239=ORIENTED_EDGE('',*,*,#1595,.F.);
#1240=ORIENTED_EDGE('',*,*,#1596,.T.);
#1241=ORIENTED_EDGE('',*,*,#1597,.T.);
#1242=ORIENTED_EDGE('',*,*,#1598,.T.);
#1243=ORIENTED_EDGE('',*,*,#1599,.F.);
#1244=ORIENTED_EDGE('',*,*,#1600,.F.);
#1245=ORIENTED_EDGE('',*,*,#1601,.F.);
#1246=ORIENTED_EDGE('',*,*,#1602,.F.);
#1247=ORIENTED_EDGE('',*,*,#1603,.T.);
#1248=ORIENTED_EDGE('',*,*,#1604,.F.);
#1249=ORIENTED_EDGE('',*,*,#1605,.F.);
#1250=ORIENTED_EDGE('',*,*,#1606,.F.);
#1251=ORIENTED_EDGE('',*,*,#1607,.F.);
#1252=ORIENTED_EDGE('',*,*,#1608,.T.);
#1253=ORIENTED_EDGE('',*,*,#1609,.T.);
#1254=ORIENTED_EDGE('',*,*,#1610,.T.);
#1255=ORIENTED_EDGE('',*,*,#1611,.T.);
#1256=ORIENTED_EDGE('',*,*,#1612,.T.);
#1257=ORIENTED_EDGE('',*,*,#1613,.T.);
#1258=ORIENTED_EDGE('',*,*,#1614,.T.);
#1259=ORIENTED_EDGE('',*,*,#1614,.F.);
#1260=ORIENTED_EDGE('',*,*,#1615,.F.);
#1261=ORIENTED_EDGE('',*,*,#1615,.T.);
#1262=ORIENTED_EDGE('',*,*,#1577,.F.);
#1263=ORIENTED_EDGE('',*,*,#1613,.F.);
#1264=ORIENTED_EDGE('',*,*,#1616,.F.);
#1265=ORIENTED_EDGE('',*,*,#1616,.T.);
#1266=ORIENTED_EDGE('',*,*,#1575,.F.);
#1267=ORIENTED_EDGE('',*,*,#1612,.F.);
#1268=ORIENTED_EDGE('',*,*,#1617,.F.);
#1269=ORIENTED_EDGE('',*,*,#1617,.T.);
#1270=ORIENTED_EDGE('',*,*,#1573,.F.);
#1271=ORIENTED_EDGE('',*,*,#1611,.F.);
#1272=ORIENTED_EDGE('',*,*,#1618,.F.);
#1273=ORIENTED_EDGE('',*,*,#1618,.T.);
#1274=ORIENTED_EDGE('',*,*,#1571,.F.);
#1275=ORIENTED_EDGE('',*,*,#1572,.T.);
#1276=ORIENTED_EDGE('',*,*,#1574,.T.);
#1277=ORIENTED_EDGE('',*,*,#1576,.T.);
#1278=ORIENTED_EDGE('',*,*,#1578,.T.);
#1279=ORIENTED_EDGE('',*,*,#1619,.F.);
#1280=ORIENTED_EDGE('',*,*,#1579,.T.);
#1281=ORIENTED_EDGE('',*,*,#1620,.T.);
#1282=ORIENTED_EDGE('',*,*,#1621,.T.);
#1283=ORIENTED_EDGE('',*,*,#1619,.T.);
#1284=ORIENTED_EDGE('',*,*,#1622,.T.);
#1285=ORIENTED_EDGE('',*,*,#1623,.F.);
#1286=ORIENTED_EDGE('',*,*,#1624,.T.);
#1287=ORIENTED_EDGE('',*,*,#1580,.T.);
#1288=ORIENTED_EDGE('',*,*,#1625,.T.);
#1289=ORIENTED_EDGE('',*,*,#1581,.T.);
#1290=ORIENTED_EDGE('',*,*,#1624,.F.);
#1291=ORIENTED_EDGE('',*,*,#1626,.F.);
#1292=ORIENTED_EDGE('',*,*,#1627,.T.);
#1293=ORIENTED_EDGE('',*,*,#1628,.T.);
#1294=ORIENTED_EDGE('',*,*,#1629,.F.);
#1295=ORIENTED_EDGE('',*,*,#1582,.T.);
#1296=ORIENTED_EDGE('',*,*,#1625,.F.);
#1297=ORIENTED_EDGE('',*,*,#1630,.T.);
#1298=ORIENTED_EDGE('',*,*,#1631,.T.);
#1299=ORIENTED_EDGE('',*,*,#1583,.F.);
#1300=ORIENTED_EDGE('',*,*,#1629,.T.);
#1301=ORIENTED_EDGE('',*,*,#1632,.T.);
#1302=ORIENTED_EDGE('',*,*,#1633,.F.);
#1303=ORIENTED_EDGE('',*,*,#1603,.F.);
#1304=ORIENTED_EDGE('',*,*,#1634,.T.);
#1305=ORIENTED_EDGE('',*,*,#1635,.F.);
#1306=ORIENTED_EDGE('',*,*,#1636,.F.);
#1307=ORIENTED_EDGE('',*,*,#1591,.F.);
#1308=ORIENTED_EDGE('',*,*,#1637,.F.);
#1309=ORIENTED_EDGE('',*,*,#1638,.T.);
#1310=ORIENTED_EDGE('',*,*,#1639,.T.);
#1311=ORIENTED_EDGE('',*,*,#1640,.T.);
#1312=ORIENTED_EDGE('',*,*,#1641,.T.);
#1313=ORIENTED_EDGE('',*,*,#1584,.F.);
#1314=ORIENTED_EDGE('',*,*,#1631,.F.);
#1315=ORIENTED_EDGE('',*,*,#1642,.T.);
#1316=ORIENTED_EDGE('',*,*,#1643,.T.);
#1317=ORIENTED_EDGE('',*,*,#1585,.F.);
#1318=ORIENTED_EDGE('',*,*,#1641,.F.);
#1319=ORIENTED_EDGE('',*,*,#1644,.F.);
#1320=ORIENTED_EDGE('',*,*,#1645,.F.);
#1321=ORIENTED_EDGE('',*,*,#1646,.F.);
#1322=ORIENTED_EDGE('',*,*,#1586,.F.);
#1323=ORIENTED_EDGE('',*,*,#1643,.F.);
#1324=ORIENTED_EDGE('',*,*,#1647,.T.);
#1325=ORIENTED_EDGE('',*,*,#1637,.T.);
#1326=ORIENTED_EDGE('',*,*,#1590,.F.);
#1327=ORIENTED_EDGE('',*,*,#1648,.F.);
#1328=ORIENTED_EDGE('',*,*,#1649,.T.);
#1329=ORIENTED_EDGE('',*,*,#1650,.F.);
#1330=ORIENTED_EDGE('',*,*,#1651,.F.);
#1331=ORIENTED_EDGE('',*,*,#1652,.T.);
#1332=ORIENTED_EDGE('',*,*,#1653,.T.);
#1333=ORIENTED_EDGE('',*,*,#1654,.T.);
#1334=ORIENTED_EDGE('',*,*,#1655,.F.);
#1335=ORIENTED_EDGE('',*,*,#1587,.T.);
#1336=ORIENTED_EDGE('',*,*,#1646,.T.);
#1337=ORIENTED_EDGE('',*,*,#1656,.F.);
#1338=ORIENTED_EDGE('',*,*,#1657,.F.);
#1339=ORIENTED_EDGE('',*,*,#1588,.T.);
#1340=ORIENTED_EDGE('',*,*,#1657,.T.);
#1341=ORIENTED_EDGE('',*,*,#1658,.F.);
#1342=ORIENTED_EDGE('',*,*,#1659,.F.);
#1343=ORIENTED_EDGE('',*,*,#1589,.T.);
#1344=ORIENTED_EDGE('',*,*,#1659,.T.);
#1345=ORIENTED_EDGE('',*,*,#1660,.F.);
#1346=ORIENTED_EDGE('',*,*,#1648,.T.);
#1347=ORIENTED_EDGE('',*,*,#1661,.F.);
#1348=ORIENTED_EDGE('',*,*,#1662,.F.);
#1349=ORIENTED_EDGE('',*,*,#1592,.T.);
#1350=ORIENTED_EDGE('',*,*,#1636,.T.);
#1351=ORIENTED_EDGE('',*,*,#1663,.F.);
#1352=ORIENTED_EDGE('',*,*,#1662,.T.);
#1353=ORIENTED_EDGE('',*,*,#1664,.F.);
#1354=ORIENTED_EDGE('',*,*,#1665,.F.);
#1355=ORIENTED_EDGE('',*,*,#1593,.T.);
#1356=ORIENTED_EDGE('',*,*,#1666,.T.);
#1357=ORIENTED_EDGE('',*,*,#1667,.T.);
#1358=ORIENTED_EDGE('',*,*,#1594,.T.);
#1359=ORIENTED_EDGE('',*,*,#1665,.T.);
#1360=ORIENTED_EDGE('',*,*,#1668,.F.);
#1361=ORIENTED_EDGE('',*,*,#1667,.F.);
#1362=ORIENTED_EDGE('',*,*,#1669,.F.);
#1363=ORIENTED_EDGE('',*,*,#1670,.T.);
#1364=ORIENTED_EDGE('',*,*,#1595,.T.);
#1365=ORIENTED_EDGE('',*,*,#1671,.F.);
#1366=ORIENTED_EDGE('',*,*,#1598,.F.);
#1367=ORIENTED_EDGE('',*,*,#1672,.F.);
#1368=ORIENTED_EDGE('',*,*,#1596,.F.);
#1369=ORIENTED_EDGE('',*,*,#1670,.F.);
#1370=ORIENTED_EDGE('',*,*,#1673,.T.);
#1371=ORIENTED_EDGE('',*,*,#1674,.F.);
#1372=ORIENTED_EDGE('',*,*,#1675,.T.);
#1373=ORIENTED_EDGE('',*,*,#1597,.F.);
#1374=ORIENTED_EDGE('',*,*,#1672,.T.);
#1375=ORIENTED_EDGE('',*,*,#1676,.F.);
#1376=ORIENTED_EDGE('',*,*,#1599,.T.);
#1377=ORIENTED_EDGE('',*,*,#1671,.T.);
#1378=ORIENTED_EDGE('',*,*,#1677,.T.);
#1379=ORIENTED_EDGE('',*,*,#1676,.T.);
#1380=ORIENTED_EDGE('',*,*,#1678,.T.);
#1381=ORIENTED_EDGE('',*,*,#1679,.F.);
#1382=ORIENTED_EDGE('',*,*,#1680,.T.);
#1383=ORIENTED_EDGE('',*,*,#1600,.T.);
#1384=ORIENTED_EDGE('',*,*,#1681,.T.);
#1385=ORIENTED_EDGE('',*,*,#1601,.T.);
#1386=ORIENTED_EDGE('',*,*,#1680,.F.);
#1387=ORIENTED_EDGE('',*,*,#1682,.T.);
#1388=ORIENTED_EDGE('',*,*,#1681,.F.);
#1389=ORIENTED_EDGE('',*,*,#1683,.T.);
#1390=ORIENTED_EDGE('',*,*,#1684,.F.);
#1391=ORIENTED_EDGE('',*,*,#1634,.F.);
#1392=ORIENTED_EDGE('',*,*,#1602,.T.);
#1393=ORIENTED_EDGE('',*,*,#1685,.F.);
#1394=ORIENTED_EDGE('',*,*,#1604,.T.);
#1395=ORIENTED_EDGE('',*,*,#1633,.T.);
#1396=ORIENTED_EDGE('',*,*,#1686,.T.);
#1397=ORIENTED_EDGE('',*,*,#1687,.F.);
#1398=ORIENTED_EDGE('',*,*,#1685,.T.);
#1399=ORIENTED_EDGE('',*,*,#1688,.T.);
#1400=ORIENTED_EDGE('',*,*,#1689,.F.);
#1401=ORIENTED_EDGE('',*,*,#1605,.T.);
#1402=ORIENTED_EDGE('',*,*,#1690,.T.);
#1403=ORIENTED_EDGE('',*,*,#1691,.T.);
#1404=ORIENTED_EDGE('',*,*,#1606,.T.);
#1405=ORIENTED_EDGE('',*,*,#1689,.T.);
#1406=ORIENTED_EDGE('',*,*,#1692,.F.);
#1407=ORIENTED_EDGE('',*,*,#1691,.F.);
#1408=ORIENTED_EDGE('',*,*,#1693,.F.);
#1409=ORIENTED_EDGE('',*,*,#1694,.T.);
#1410=ORIENTED_EDGE('',*,*,#1607,.T.);
#1411=ORIENTED_EDGE('',*,*,#1620,.F.);
#1412=ORIENTED_EDGE('',*,*,#1610,.F.);
#1413=ORIENTED_EDGE('',*,*,#1695,.F.);
#1414=ORIENTED_EDGE('',*,*,#1608,.F.);
#1415=ORIENTED_EDGE('',*,*,#1694,.F.);
#1416=ORIENTED_EDGE('',*,*,#1696,.T.);
#1417=ORIENTED_EDGE('',*,*,#1697,.T.);
#1418=ORIENTED_EDGE('',*,*,#1698,.T.);
#1419=ORIENTED_EDGE('',*,*,#1609,.F.);
#1420=ORIENTED_EDGE('',*,*,#1695,.T.);
#1421=ORIENTED_EDGE('',*,*,#1622,.F.);
#1422=ORIENTED_EDGE('',*,*,#1621,.F.);
#1423=ORIENTED_EDGE('',*,*,#1699,.T.);
#1424=ORIENTED_EDGE('',*,*,#1700,.T.);
#1425=ORIENTED_EDGE('',*,*,#1700,.F.);
#1426=ORIENTED_EDGE('',*,*,#1701,.F.);
#1427=ORIENTED_EDGE('',*,*,#1697,.F.);
#1428=ORIENTED_EDGE('',*,*,#1702,.T.);
#1429=ORIENTED_EDGE('',*,*,#1703,.F.);
#1430=ORIENTED_EDGE('',*,*,#1692,.T.);
#1431=ORIENTED_EDGE('',*,*,#1704,.T.);
#1432=ORIENTED_EDGE('',*,*,#1705,.T.);
#1433=ORIENTED_EDGE('',*,*,#1706,.F.);
#1434=ORIENTED_EDGE('',*,*,#1623,.T.);
#1435=ORIENTED_EDGE('',*,*,#1707,.F.);
#1436=ORIENTED_EDGE('',*,*,#1706,.T.);
#1437=ORIENTED_EDGE('',*,*,#1708,.F.);
#1438=ORIENTED_EDGE('',*,*,#1627,.F.);
#1439=ORIENTED_EDGE('',*,*,#1626,.T.);
#1440=ORIENTED_EDGE('',*,*,#1709,.F.);
#1441=ORIENTED_EDGE('',*,*,#1686,.F.);
#1442=ORIENTED_EDGE('',*,*,#1632,.F.);
#1443=ORIENTED_EDGE('',*,*,#1628,.F.);
#1444=ORIENTED_EDGE('',*,*,#1640,.F.);
#1445=ORIENTED_EDGE('',*,*,#1630,.F.);
#1446=ORIENTED_EDGE('',*,*,#1647,.F.);
#1447=ORIENTED_EDGE('',*,*,#1642,.F.);
#1448=ORIENTED_EDGE('',*,*,#1710,.T.);
#1449=ORIENTED_EDGE('',*,*,#1663,.T.);
#1450=ORIENTED_EDGE('',*,*,#1635,.T.);
#1451=ORIENTED_EDGE('',*,*,#1684,.T.);
#1452=ORIENTED_EDGE('',*,*,#1707,.T.);
#1453=ORIENTED_EDGE('',*,*,#1638,.F.);
#1454=ORIENTED_EDGE('',*,*,#1711,.T.);
#1455=ORIENTED_EDGE('',*,*,#1639,.F.);
#1456=ORIENTED_EDGE('',*,*,#1712,.T.);
#1457=ORIENTED_EDGE('',*,*,#1644,.T.);
#1458=ORIENTED_EDGE('',*,*,#1713,.F.);
#1459=ORIENTED_EDGE('',*,*,#1714,.T.);
#1460=ORIENTED_EDGE('',*,*,#1712,.F.);
#1461=ORIENTED_EDGE('',*,*,#1715,.F.);
#1462=ORIENTED_EDGE('',*,*,#1656,.T.);
#1463=ORIENTED_EDGE('',*,*,#1645,.T.);
#1464=ORIENTED_EDGE('',*,*,#1716,.F.);
#1465=ORIENTED_EDGE('',*,*,#1649,.F.);
#1466=ORIENTED_EDGE('',*,*,#1660,.T.);
#1467=ORIENTED_EDGE('',*,*,#1717,.T.);
#1468=ORIENTED_EDGE('',*,*,#1716,.T.);
#1469=ORIENTED_EDGE('',*,*,#1718,.T.);
#1470=ORIENTED_EDGE('',*,*,#1719,.F.);
#1471=ORIENTED_EDGE('',*,*,#1650,.T.);
#1472=ORIENTED_EDGE('',*,*,#1719,.T.);
#1473=ORIENTED_EDGE('',*,*,#1720,.T.);
#1474=ORIENTED_EDGE('',*,*,#1721,.F.);
#1475=ORIENTED_EDGE('',*,*,#1722,.T.);
#1476=ORIENTED_EDGE('',*,*,#1651,.T.);
#1477=ORIENTED_EDGE('',*,*,#1723,.F.);
#1478=ORIENTED_EDGE('',*,*,#1724,.F.);
#1479=ORIENTED_EDGE('',*,*,#1652,.F.);
#1480=ORIENTED_EDGE('',*,*,#1722,.F.);
#1481=ORIENTED_EDGE('',*,*,#1725,.F.);
#1482=ORIENTED_EDGE('',*,*,#1726,.T.);
#1483=ORIENTED_EDGE('',*,*,#1653,.F.);
#1484=ORIENTED_EDGE('',*,*,#1724,.T.);
#1485=ORIENTED_EDGE('',*,*,#1727,.F.);
#1486=ORIENTED_EDGE('',*,*,#1728,.F.);
#1487=ORIENTED_EDGE('',*,*,#1654,.F.);
#1488=ORIENTED_EDGE('',*,*,#1726,.F.);
#1489=ORIENTED_EDGE('',*,*,#1713,.T.);
#1490=ORIENTED_EDGE('',*,*,#1655,.T.);
#1491=ORIENTED_EDGE('',*,*,#1728,.T.);
#1492=ORIENTED_EDGE('',*,*,#1729,.F.);
#1493=ORIENTED_EDGE('',*,*,#1730,.T.);
#1494=ORIENTED_EDGE('',*,*,#1714,.F.);
#1495=ORIENTED_EDGE('',*,*,#1730,.F.);
#1496=ORIENTED_EDGE('',*,*,#1731,.T.);
#1497=ORIENTED_EDGE('',*,*,#1732,.T.);
#1498=ORIENTED_EDGE('',*,*,#1733,.T.);
#1499=ORIENTED_EDGE('',*,*,#1720,.F.);
#1500=ORIENTED_EDGE('',*,*,#1718,.F.);
#1501=ORIENTED_EDGE('',*,*,#1717,.F.);
#1502=ORIENTED_EDGE('',*,*,#1658,.T.);
#1503=ORIENTED_EDGE('',*,*,#1715,.T.);
#1504=ORIENTED_EDGE('',*,*,#1734,.F.);
#1505=ORIENTED_EDGE('',*,*,#1664,.T.);
#1506=ORIENTED_EDGE('',*,*,#1661,.T.);
#1507=ORIENTED_EDGE('',*,*,#1735,.F.);
#1508=ORIENTED_EDGE('',*,*,#1666,.F.);
#1509=ORIENTED_EDGE('',*,*,#1736,.T.);
#1510=ORIENTED_EDGE('',*,*,#1737,.T.);
#1511=ORIENTED_EDGE('',*,*,#1669,.T.);
#1512=ORIENTED_EDGE('',*,*,#1738,.F.);
#1513=ORIENTED_EDGE('',*,*,#1739,.F.);
#1514=ORIENTED_EDGE('',*,*,#1674,.T.);
#1515=ORIENTED_EDGE('',*,*,#1740,.T.);
#1516=ORIENTED_EDGE('',*,*,#1736,.F.);
#1517=ORIENTED_EDGE('',*,*,#1668,.T.);
#1518=ORIENTED_EDGE('',*,*,#1734,.T.);
#1519=ORIENTED_EDGE('',*,*,#1741,.F.);
#1520=ORIENTED_EDGE('',*,*,#1742,.F.);
#1521=ORIENTED_EDGE('',*,*,#1679,.T.);
#1522=ORIENTED_EDGE('',*,*,#1711,.F.);
#1523=ORIENTED_EDGE('',*,*,#1737,.F.);
#1524=ORIENTED_EDGE('',*,*,#1740,.F.);
#1525=ORIENTED_EDGE('',*,*,#1673,.F.);
#1526=ORIENTED_EDGE('',*,*,#1743,.F.);
#1527=ORIENTED_EDGE('',*,*,#1675,.F.);
#1528=ORIENTED_EDGE('',*,*,#1739,.T.);
#1529=ORIENTED_EDGE('',*,*,#1678,.F.);
#1530=ORIENTED_EDGE('',*,*,#1677,.F.);
#1531=ORIENTED_EDGE('',*,*,#1743,.T.);
#1532=ORIENTED_EDGE('',*,*,#1738,.T.);
#1533=ORIENTED_EDGE('',*,*,#1683,.F.);
#1534=ORIENTED_EDGE('',*,*,#1682,.F.);
#1535=ORIENTED_EDGE('',*,*,#1742,.T.);
#1536=ORIENTED_EDGE('',*,*,#1744,.T.);
#1537=ORIENTED_EDGE('',*,*,#1687,.T.);
#1538=ORIENTED_EDGE('',*,*,#1745,.T.);
#1539=ORIENTED_EDGE('',*,*,#1704,.F.);
#1540=ORIENTED_EDGE('',*,*,#1688,.F.);
#1541=ORIENTED_EDGE('',*,*,#1690,.F.);
#1542=ORIENTED_EDGE('',*,*,#1703,.T.);
#1543=ORIENTED_EDGE('',*,*,#1746,.T.);
#1544=ORIENTED_EDGE('',*,*,#1693,.T.);
#1545=ORIENTED_EDGE('',*,*,#1746,.F.);
#1546=ORIENTED_EDGE('',*,*,#1702,.F.);
#1547=ORIENTED_EDGE('',*,*,#1696,.F.);
#1548=ORIENTED_EDGE('',*,*,#1699,.F.);
#1549=ORIENTED_EDGE('',*,*,#1698,.F.);
#1550=ORIENTED_EDGE('',*,*,#1701,.T.);
#1551=ORIENTED_EDGE('',*,*,#1705,.F.);
#1552=ORIENTED_EDGE('',*,*,#1745,.F.);
#1553=ORIENTED_EDGE('',*,*,#1709,.T.);
#1554=ORIENTED_EDGE('',*,*,#1708,.T.);
#1555=ORIENTED_EDGE('',*,*,#1741,.T.);
#1556=ORIENTED_EDGE('',*,*,#1735,.T.);
#1557=ORIENTED_EDGE('',*,*,#1710,.F.);
#1558=ORIENTED_EDGE('',*,*,#1744,.F.);
#1559=ORIENTED_EDGE('',*,*,#1733,.F.);
#1560=ORIENTED_EDGE('',*,*,#1747,.F.);
#1561=ORIENTED_EDGE('',*,*,#1723,.T.);
#1562=ORIENTED_EDGE('',*,*,#1721,.T.);
#1563=ORIENTED_EDGE('',*,*,#1732,.F.);
#1564=ORIENTED_EDGE('',*,*,#1748,.F.);
#1565=ORIENTED_EDGE('',*,*,#1725,.T.);
#1566=ORIENTED_EDGE('',*,*,#1747,.T.);
#1567=ORIENTED_EDGE('',*,*,#1731,.F.);
#1568=ORIENTED_EDGE('',*,*,#1729,.T.);
#1569=ORIENTED_EDGE('',*,*,#1727,.T.);
#1570=ORIENTED_EDGE('',*,*,#1748,.T.);
#1571=EDGE_CURVE('',#1749,#1749,#1750,.T.);
#1572=EDGE_CURVE('',#1751,#1751,#1752,.T.);
#1573=EDGE_CURVE('',#1753,#1753,#1754,.T.);
#1574=EDGE_CURVE('',#1755,#1755,#1756,.T.);
#1575=EDGE_CURVE('',#1757,#1757,#1758,.T.);
#1576=EDGE_CURVE('',#1759,#1759,#1760,.T.);
#1577=EDGE_CURVE('',#1761,#1761,#1762,.T.);
#1578=EDGE_CURVE('',#1763,#1763,#1764,.T.);
#1579=EDGE_CURVE('',#1765,#1766,#1767,.T.);
#1580=EDGE_CURVE('',#1768,#1765,#1769,.F.);
#1581=EDGE_CURVE('',#1770,#1768,#1771,.F.);
#1582=EDGE_CURVE('',#1772,#1770,#1773,.F.);
#1583=EDGE_CURVE('',#1772,#1774,#1775,.T.);
#1584=EDGE_CURVE('',#1774,#1776,#1777,.T.);
#1585=EDGE_CURVE('',#1776,#1778,#1779,.T.);
#1586=EDGE_CURVE('',#1778,#1780,#1781,.T.);
#1587=EDGE_CURVE('',#1782,#1780,#1783,.T.);
#1588=EDGE_CURVE('',#1784,#1782,#1785,.T.);
#1589=EDGE_CURVE('',#1786,#1784,#1787,.T.);
#1590=EDGE_CURVE('',#1786,#1788,#1789,.T.);
#1591=EDGE_CURVE('',#1788,#1790,#1791,.T.);
#1592=EDGE_CURVE('',#1792,#1790,#1793,.T.);
#1593=EDGE_CURVE('',#1794,#1792,#1795,.F.);
#1594=EDGE_CURVE('',#1796,#1794,#1797,.T.);
#1595=EDGE_CURVE('',#1798,#1796,#1799,.F.);
#1596=EDGE_CURVE('',#1798,#1800,#1801,.T.);
#1597=EDGE_CURVE('',#1800,#1802,#1803,.F.);
#1598=EDGE_CURVE('',#1802,#1804,#1805,.F.);
#1599=EDGE_CURVE('',#1806,#1804,#1807,.F.);
#1600=EDGE_CURVE('',#1808,#1806,#1809,.T.);
#1601=EDGE_CURVE('',#1810,#1808,#1811,.F.);
#1602=EDGE_CURVE('',#1812,#1810,#1813,.T.);
#1603=EDGE_CURVE('',#1812,#1814,#1815,.T.);
#1604=EDGE_CURVE('',#1816,#1814,#1817,.F.);
#1605=EDGE_CURVE('',#1818,#1816,#1819,.F.);
#1606=EDGE_CURVE('',#1820,#1818,#1821,.F.);
#1607=EDGE_CURVE('',#1822,#1820,#1823,.T.);
#1608=EDGE_CURVE('',#1822,#1824,#1825,.T.);
#1609=EDGE_CURVE('',#1824,#1826,#1827,.T.);
#1610=EDGE_CURVE('',#1826,#1766,#1828,.F.);
#1611=EDGE_CURVE('',#1829,#1829,#1830,.F.);
#1612=EDGE_CURVE('',#1831,#1831,#1832,.F.);
#1613=EDGE_CURVE('',#1833,#1833,#1834,.F.);
#1614=EDGE_CURVE('',#1835,#1835,#1836,.F.);
#1615=EDGE_CURVE('',#1837,#1837,#1838,.T.);
#1616=EDGE_CURVE('',#1839,#1839,#1840,.T.);
#1617=EDGE_CURVE('',#1841,#1841,#1842,.T.);
#1618=EDGE_CURVE('',#1843,#1843,#1844,.T.);
#1619=EDGE_CURVE('',#1765,#1845,#1846,.T.);
#1620=EDGE_CURVE('',#1766,#1847,#1848,.T.);
#1621=EDGE_CURVE('',#1847,#1845,#1849,.F.);
#1622=EDGE_CURVE('',#1845,#1850,#1851,.F.);
#1623=EDGE_CURVE('',#1852,#1850,#1853,.F.);
#1624=EDGE_CURVE('',#1852,#1768,#1854,.F.);
#1625=EDGE_CURVE('',#1855,#1770,#1856,.F.);
#1626=EDGE_CURVE('',#1855,#1852,#1857,.F.);
#1627=EDGE_CURVE('',#1855,#1858,#1859,.T.);
#1628=EDGE_CURVE('',#1858,#1860,#1861,.T.);
#1629=EDGE_CURVE('',#1772,#1860,#1862,.T.);
#1630=EDGE_CURVE('',#1863,#1864,#1865,.T.);
#1631=EDGE_CURVE('',#1864,#1774,#1866,.T.);
#1632=EDGE_CURVE('',#1860,#1867,#1868,.T.);
#1633=EDGE_CURVE('',#1814,#1867,#1869,.T.);
#1634=EDGE_CURVE('',#1812,#1870,#1871,.T.);
#1635=EDGE_CURVE('',#1872,#1870,#1873,.T.);
#1636=EDGE_CURVE('',#1790,#1872,#1874,.T.);
#1637=EDGE_CURVE('',#1863,#1788,#1875,.T.);
#1638=EDGE_CURVE('',#1876,#1876,#1877,.F.);
#1639=EDGE_CURVE('',#1878,#1878,#1879,.F.);
#1640=EDGE_CURVE('',#1864,#1880,#1881,.T.);
#1641=EDGE_CURVE('',#1880,#1776,#1882,.T.);
#1642=EDGE_CURVE('',#1880,#1883,#1884,.T.);
#1643=EDGE_CURVE('',#1883,#1778,#1885,.T.);
#1644=EDGE_CURVE('',#1886,#1887,#1888,.F.);
#1645=EDGE_CURVE('',#1889,#1886,#1890,.T.);
#1646=EDGE_CURVE('',#1780,#1889,#1891,.F.);
#1647=EDGE_CURVE('',#1883,#1863,#1892,.T.);
#1648=EDGE_CURVE('',#1893,#1786,#1894,.F.);
#1649=EDGE_CURVE('',#1893,#1895,#1896,.T.);
#1650=EDGE_CURVE('',#1897,#1895,#1898,.F.);
#1651=EDGE_CURVE('',#1899,#1897,#1900,.T.);
#1652=EDGE_CURVE('',#1899,#1901,#1902,.F.);
#1653=EDGE_CURVE('',#1901,#1903,#1904,.F.);
#1654=EDGE_CURVE('',#1903,#1905,#1906,.F.);
#1655=EDGE_CURVE('',#1887,#1905,#1907,.T.);
#1656=EDGE_CURVE('',#1908,#1889,#1909,.T.);
#1657=EDGE_CURVE('',#1782,#1908,#1910,.T.);
#1658=EDGE_CURVE('',#1911,#1908,#1912,.T.);
#1659=EDGE_CURVE('',#1784,#1911,#1913,.T.);
#1660=EDGE_CURVE('',#1893,#1911,#1914,.T.);
#1661=EDGE_CURVE('',#1915,#1916,#1917,.T.);
#1662=EDGE_CURVE('',#1792,#1915,#1918,.F.);
#1663=EDGE_CURVE('',#1916,#1872,#1919,.T.);
#1664=EDGE_CURVE('',#1920,#1915,#1921,.T.);
#1665=EDGE_CURVE('',#1794,#1920,#1922,.F.);
#1666=EDGE_CURVE('',#1923,#1924,#1925,.F.);
#1667=EDGE_CURVE('',#1924,#1796,#1926,.F.);
#1668=EDGE_CURVE('',#1923,#1920,#1927,.T.);
#1669=EDGE_CURVE('',#1928,#1924,#1929,.F.);
#1670=EDGE_CURVE('',#1928,#1798,#1930,.F.);
#1671=EDGE_CURVE('',#1804,#1931,#1932,.F.);
#1672=EDGE_CURVE('',#1800,#1802,#1933,.F.);
#1673=EDGE_CURVE('',#1928,#1934,#1935,.F.);
#1674=EDGE_CURVE('',#1936,#1934,#1937,.T.);
#1675=EDGE_CURVE('',#1936,#1931,#1938,.T.);
#1676=EDGE_CURVE('',#1806,#1939,#1940,.F.);
#1677=EDGE_CURVE('',#1931,#1939,#1941,.F.);
#1678=EDGE_CURVE('',#1939,#1942,#1943,.F.);
#1679=EDGE_CURVE('',#1944,#1942,#1945,.T.);
#1680=EDGE_CURVE('',#1944,#1808,#1946,.F.);
#1681=EDGE_CURVE('',#1947,#1810,#1948,.F.);
#1682=EDGE_CURVE('',#1944,#1947,#1949,.F.);
#1683=EDGE_CURVE('',#1947,#1950,#1951,.T.);
#1684=EDGE_CURVE('',#1870,#1950,#1952,.T.);
#1685=EDGE_CURVE('',#1816,#1953,#1954,.F.);
#1686=EDGE_CURVE('',#1867,#1955,#1956,.T.);
#1687=EDGE_CURVE('',#1953,#1955,#1957,.T.);
#1688=EDGE_CURVE('',#1953,#1958,#1959,.T.);
#1689=EDGE_CURVE('',#1818,#1958,#1960,.F.);
#1690=EDGE_CURVE('',#1961,#1962,#1963,.F.);
#1691=EDGE_CURVE('',#1962,#1820,#1964,.T.);
#1692=EDGE_CURVE('',#1961,#1958,#1965,.F.);
#1693=EDGE_CURVE('',#1966,#1962,#1967,.F.);
#1694=EDGE_CURVE('',#1966,#1822,#1968,.T.);
#1695=EDGE_CURVE('',#1824,#1826,#1969,.F.);
#1696=EDGE_CURVE('',#1966,#1970,#1971,.F.);
#1697=EDGE_CURVE('',#1970,#1972,#1973,.T.);
#1698=EDGE_CURVE('',#1972,#1847,#1974,.T.);
#1699=EDGE_CURVE('',#1847,#1975,#1976,.F.);
#1700=EDGE_CURVE('',#1975,#1850,#1977,.F.);
#1701=EDGE_CURVE('',#1972,#1975,#1978,.T.);
#1702=EDGE_CURVE('',#1970,#1979,#1980,.T.);
#1703=EDGE_CURVE('',#1961,#1979,#1981,.F.);
#1704=EDGE_CURVE('',#1958,#1982,#1983,.T.);
#1705=EDGE_CURVE('',#1982,#1984,#1985,.T.);
#1706=EDGE_CURVE('',#1852,#1984,#1986,.T.);
#1707=EDGE_CURVE('',#1987,#1987,#1988,.F.);
#1708=EDGE_CURVE('',#1858,#1984,#1989,.F.);
#1709=EDGE_CURVE('',#1955,#1858,#1990,.T.);
#1710=EDGE_CURVE('',#1950,#1916,#1991,.T.);
#1711=EDGE_CURVE('',#1992,#1992,#1993,.F.);
#1712=EDGE_CURVE('',#1994,#1886,#1995,.T.);
#1713=EDGE_CURVE('',#1996,#1887,#1997,.T.);
#1714=EDGE_CURVE('',#1996,#1994,#1998,.F.);
#1715=EDGE_CURVE('',#1908,#1994,#1999,.T.);
#1716=EDGE_CURVE('',#1895,#2000,#2001,.T.);
#1717=EDGE_CURVE('',#1911,#2000,#2002,.T.);
#1718=EDGE_CURVE('',#2000,#2003,#2004,.F.);
#1719=EDGE_CURVE('',#1897,#2003,#2005,.T.);
#1720=EDGE_CURVE('',#2003,#2006,#2007,.T.);
#1721=EDGE_CURVE('',#2008,#2006,#2009,.F.);
#1722=EDGE_CURVE('',#2008,#1899,#2010,.F.);
#1723=EDGE_CURVE('',#2011,#2008,#2012,.F.);
#1724=EDGE_CURVE('',#1901,#2011,#2013,.F.);
#1725=EDGE_CURVE('',#2014,#2011,#2015,.T.);
#1726=EDGE_CURVE('',#2014,#1903,#2016,.T.);
#1727=EDGE_CURVE('',#2017,#2014,#2018,.F.);
#1728=EDGE_CURVE('',#1905,#2017,#2019,.F.);
#1729=EDGE_CURVE('',#2020,#2017,#2021,.F.);
#1730=EDGE_CURVE('',#2020,#1996,#2022,.T.);
#1731=EDGE_CURVE('',#2020,#2023,#2024,.F.);
#1732=EDGE_CURVE('',#2023,#2025,#2026,.T.);
#1733=EDGE_CURVE('',#2025,#2006,#2027,.F.);
#1734=EDGE_CURVE('',#1920,#2028,#2029,.T.);
#1735=EDGE_CURVE('',#2028,#1916,#2030,.T.);
#1736=EDGE_CURVE('',#1923,#2031,#2032,.F.);
#1737=EDGE_CURVE('',#2031,#1928,#2033,.F.);
#1738=EDGE_CURVE('',#2034,#1942,#2035,.F.);
#1739=EDGE_CURVE('',#1936,#2034,#2036,.T.);
#1740=EDGE_CURVE('',#1934,#2031,#2037,.T.);
#1741=EDGE_CURVE('',#2038,#2028,#2039,.T.);
#1742=EDGE_CURVE('',#1944,#2038,#2040,.T.);
#1743=EDGE_CURVE('',#1931,#2034,#2041,.F.);
#1744=EDGE_CURVE('',#2038,#1950,#2042,.F.);
#1745=EDGE_CURVE('',#1955,#1982,#2043,.T.);
#1746=EDGE_CURVE('',#1979,#1966,#2044,.F.);
#1747=EDGE_CURVE('',#2011,#2025,#2045,.F.);
#1748=EDGE_CURVE('',#2014,#2023,#2046,.F.);
#1749=VERTEX_POINT('',#2047);
#1750=CIRCLE('',#2048,1.5);
#1751=VERTEX_POINT('',#2052);
#1752=CIRCLE('',#2053,1.5);
#1753=VERTEX_POINT('',#2057);
#1754=CIRCLE('',#2058,1.5);
#1755=VERTEX_POINT('',#2062);
#1756=CIRCLE('',#2063,1.5);
#1757=VERTEX_POINT('',#2067);
#1758=CIRCLE('',#2068,1.5);
#1759=VERTEX_POINT('',#2072);
#1760=CIRCLE('',#2073,1.5);
#1761=VERTEX_POINT('',#2077);
#1762=CIRCLE('',#2078,1.5);
#1763=VERTEX_POINT('',#2082);
#1764=CIRCLE('',#2083,1.5);
#1765=VERTEX_POINT('',#2087);
#1766=VERTEX_POINT('',#2088);
#1767=B_SPLINE_CURVE_WITH_KNOTS('',3,
(#2089,#2090,#2091,#2092,#2093,#2094,#2095,#2096,#2097,#2098,#2099,#2100,#2101,#2102,
#2103,#2104,#2105,#2106,#2107,#2108,#2109,#2110,#2111),
.UNSPECIFIED.,.F.,.F.,
(4,1,1,1,1,1,1,1,1,1,1,1,1,1,1,1,1,1,1,1,4),
(0.,0.092436480993153,0.183164042382835,0.197160921309976,0.272190507021586,0.357822412152772,
0.441759345582868,0.5193466356128,0.554504939099084,0.592280805310469,0.657586036413135,
0.719962691629489,0.774088072453926,0.822973921523071,0.834481143975155,0.864316298383792,
0.903374251366604,0.937866415222295,0.970077329457176,0.977109223105633,1.),
.UNSPECIFIED.);
#1768=VERTEX_POINT('',#2112);
#1769=LINE('',#2113,#2114);
#1770=VERTEX_POINT('',#2116);
#1771=LINE('',#2117,#2118);
#1772=VERTEX_POINT('',#2120);
#1773=LINE('',#2121,#2122);
#1774=VERTEX_POINT('',#2124);
#1775=LINE('',#2125,#2126);
#1776=VERTEX_POINT('',#2128);
#1777=LINE('',#2129,#2130);
#1778=VERTEX_POINT('',#2132);
#1779=LINE('',#2133,#2134);
#1780=VERTEX_POINT('',#2136);
#1781=LINE('',#2137,#2138);
#1782=VERTEX_POINT('',#2140);
#1783=LINE('',#2141,#2142);
#1784=VERTEX_POINT('',#2144);
#1785=LINE('',#2145,#2146);
#1786=VERTEX_POINT('',#2148);
#1787=LINE('',#2149,#2150);
#1788=VERTEX_POINT('',#2152);
#1789=LINE('',#2153,#2154);
#1790=VERTEX_POINT('',#2156);
#1791=LINE('',#2157,#2158);
#1792=VERTEX_POINT('',#2160);
#1793=LINE('',#2161,#2162);
#1794=VERTEX_POINT('',#2164);
#1795=LINE('',#2165,#2166);
#1796=VERTEX_POINT('',#2168);
#1797=LINE('',#2169,#2170);
#1798=VERTEX_POINT('',#2172);
#1799=B_SPLINE_CURVE_WITH_KNOTS('',3,
(#2173,#2174,#2175,#2176,#2177,#2178,#2179,#2180,#2181,#2182,#2183,#2184,#2185,#2186,
#2187,#2188,#2189,#2190,#2191,#2192,#2193,#2194,#2195),
.UNSPECIFIED.,.F.,.F.,
(4,1,1,1,1,1,1,1,1,1,1,1,1,1,1,1,1,1,1,1,4),
(0.,0.0924364809931415,0.183164042382816,0.197160921309937,0.272190507021557,0.357822412152728,
0.441759345582812,0.519346635612741,0.554504939099005,0.5922808053104,0.657586036413063,
0.719962691629411,0.77408807245386,0.822973921523012,0.834481143975086,0.864316298383747,
0.903374251366559,0.937866415222261,0.970077329457157,0.977109223105599,1.),
.UNSPECIFIED.);
#1800=VERTEX_POINT('',#2196);
#1801=LINE('',#2197,#2198);
#1802=VERTEX_POINT('',#2200);
#1803=LINE('',#2201,#2202);
#1804=VERTEX_POINT('',#2204);
#1805=LINE('',#2205,#2206);
#1806=VERTEX_POINT('',#2208);
#1807=B_SPLINE_CURVE_WITH_KNOTS('',3,
(#2209,#2210,#2211,#2212,#2213,#2214,#2215,#2216,#2217,#2218,#2219,#2220,#2221,#2222,
#2223,#2224,#2225,#2226,#2227,#2228,#2229,#2230,#2231),
.UNSPECIFIED.,.F.,.F.,
(4,1,1,1,1,1,1,1,1,1,1,1,1,1,1,1,1,1,1,1,4),
(0.,0.0410515608308666,0.081783249949148,0.12219311720021,0.161961501442249,0.199671475780311,
0.201411355380391,0.239896911381262,0.277738983446692,0.326690416689371,0.392207378662327,
0.478662386258505,0.494572587535577,0.577820041881133,0.683099897763903,0.683147788950976,
0.789864158946905,0.873442844800681,0.894907823478676,0.985237178529657,1.),
.UNSPECIFIED.);
#1808=VERTEX_POINT('',#2232);
#1809=LINE('',#2233,#2234);
#1810=VERTEX_POINT('',#2236);
#1811=LINE('',#2237,#2238);
#1812=VERTEX_POINT('',#2240);
#1813=LINE('',#2241,#2242);
#1814=VERTEX_POINT('',#2244);
#1815=LINE('',#2245,#2246);
#1816=VERTEX_POINT('',#2248);
#1817=LINE('',#2249,#2250);
#1818=VERTEX_POINT('',#2252);
#1819=LINE('',#2253,#2254);
#1820=VERTEX_POINT('',#2256);
#1821=LINE('',#2257,#2258);
#1822=VERTEX_POINT('',#2260);
#1823=B_SPLINE_CURVE_WITH_KNOTS('',3,
(#2261,#2262,#2263,#2264,#2265,#2266,#2267,#2268,#2269,#2270,#2271,#2272,#2273,#2274,
#2275,#2276,#2277,#2278,#2279,#2280,#2281,#2282,#2283),
.UNSPECIFIED.,.F.,.F.,
(4,1,1,1,1,1,1,1,1,1,1,1,1,1,1,1,1,1,1,1,4),
(0.,0.0410515608308744,0.0817832499491582,0.122193117200221,0.161961501442255,0.19967147578032,
0.201411355380397,0.239896911381271,0.277738983446699,0.326690416689372,0.392207378662319,
0.478662386258484,0.494572587535565,0.577820041881099,0.683099897763853,0.683147788950933,
0.789864158946862,0.873442844800692,0.894907823478658,0.9852371785295,1.),
.UNSPECIFIED.);
#1824=VERTEX_POINT('',#2284);
#1825=LINE('',#2285,#2286);
#1826=VERTEX_POINT('',#2288);
#1827=LINE('',#2289,#2290);
#1828=LINE('',#2292,#2293);
#1829=VERTEX_POINT('',#2295);
#1830=CIRCLE('',#2296,2.2);
#1831=VERTEX_POINT('',#2300);
#1832=CIRCLE('',#2301,2.2);
#1833=VERTEX_POINT('',#2305);
#1834=CIRCLE('',#2306,2.2);
#1835=VERTEX_POINT('',#2310);
#1836=CIRCLE('',#2311,2.2);
#1837=VERTEX_POINT('',#2315);
#1838=CIRCLE('',#2316,2.2);
#1839=VERTEX_POINT('',#2320);
#1840=CIRCLE('',#2321,2.2);
#1841=VERTEX_POINT('',#2325);
#1842=CIRCLE('',#2326,2.2);
#1843=VERTEX_POINT('',#2330);
#1844=CIRCLE('',#2331,2.2);
#1845=VERTEX_POINT('',#2335);
#1846=B_SPLINE_CURVE_WITH_KNOTS('',3,
(#2336,#2337,#2338,#2339,#2340,#2341,#2342,#2343,#2344,#2345,#2346,#2347,#2348,#2349,
#2350,#2351,#2352,#2353,#2354,#2355,#2356,#2357,#2358,#2359,#2360,#2361),
.UNSPECIFIED.,.F.,.F.,
(4,2,2,2,2,2,2,2,2,2,2,2,4),
(0.,0.0543524669651345,0.0855723211058001,0.149072727402506,0.162332193099253,0.291271573668936,
0.419601502391771,0.548294037335066,0.676957487266131,0.805728653692615,0.934651656214051,
0.936807866548383,1.),
.UNSPECIFIED.);
#1847=VERTEX_POINT('',#2362);
#1848=B_SPLINE_CURVE_WITH_KNOTS('',3,
(#2363,#2364,#2365,#2366,#2367,#2368,#2369,#2370,#2371,#2372,#2373,#2374,#2375,#2376,
#2377,#2378,#2379,#2380,#2381,#2382,#2383,#2384,#2385,#2386,#2387,#2388,#2389,#2390,
#2391,#2392,#2393,#2394,#2395,#2396,#2397,#2398,#2399,#2400,#2401,#2402,#2403),
.UNSPECIFIED.,.F.,.F.,
(4,1,1,1,1,1,1,1,1,1,1,1,1,1,1,1,1,1,1,1,1,1,1,1,1,1,1,1,1,1,1,1,1,1,1,1,1,1,4),
(0.,0.0323837185763036,0.0559597880070775,0.0689220232214678,0.0766799366214799,
0.0831328494582081,0.0931156824755002,0.110156425996305,0.139666811661711,0.169728600988153,
0.194889878897079,0.20785391648714,0.217934802499943,0.22916162094077,0.242771693293089,
0.261429824332956,0.28624626583707,0.312796708436007,0.334945503855608,0.349623732338713,
0.361521030038488,0.378707159562058,0.408068091689741,0.442360380536492,0.473728908726169,
0.49708923134851,0.51950035925208,0.547234288311868,0.582637798076492,0.617923457191638,
0.64999167787581,0.685641391404715,0.723629645210902,0.765907303382967,0.805755680265879,
0.851099662461941,0.89964759012515,0.948939500780435,1.),
.UNSPECIFIED.);
#1849=LINE('',#2404,#2405);
#1850=VERTEX_POINT('',#2407);
#1851=LINE('',#2408,#2409);
#1852=VERTEX_POINT('',#2411);
#1853=LINE('',#2412,#2413);
#1854=LINE('',#2415,#2416);
#1855=VERTEX_POINT('',#2418);
#1856=LINE('',#2419,#2420);
#1857=LINE('',#2422,#2423);
#1858=VERTEX_POINT('',#2425);
#1859=LINE('',#2426,#2427);
#1860=VERTEX_POINT('',#2429);
#1861=LINE('',#2430,#2431);
#1862=LINE('',#2433,#2434);
#1863=VERTEX_POINT('',#2436);
#1864=VERTEX_POINT('',#2437);
#1865=LINE('',#2438,#2439);
#1866=LINE('',#2441,#2442);
#1867=VERTEX_POINT('',#2444);
#1868=LINE('',#2445,#2446);
#1869=LINE('',#2448,#2449);
#1870=VERTEX_POINT('',#2451);
#1871=LINE('',#2452,#2453);
#1872=VERTEX_POINT('',#2455);
#1873=LINE('',#2456,#2457);
#1874=LINE('',#2459,#2460);
#1875=LINE('',#2462,#2463);
#1876=VERTEX_POINT('',#2465);
#1877=CIRCLE('',#2466,2.55);
#1878=VERTEX_POINT('',#2470);
#1879=CIRCLE('',#2471,2.55);
#1880=VERTEX_POINT('',#2475);
#1881=LINE('',#2476,#2477);
#1882=LINE('',#2479,#2480);
#1883=VERTEX_POINT('',#2482);
#1884=LINE('',#2483,#2484);
#1885=LINE('',#2486,#2487);
#1886=VERTEX_POINT('',#2489);
#1887=VERTEX_POINT('',#2490);
#1888=LINE('',#2491,#2492);
#1889=VERTEX_POINT('',#2494);
#1890=LINE('',#2495,#2496);
#1891=LINE('',#2498,#2499);
#1892=LINE('',#2501,#2502);
#1893=VERTEX_POINT('',#2504);
#1894=LINE('',#2505,#2506);
#1895=VERTEX_POINT('',#2508);
#1896=LINE('',#2509,#2510);
#1897=VERTEX_POINT('',#2512);
#1898=LINE('',#2513,#2514);
#1899=VERTEX_POINT('',#2516);
#1900=LINE('',#2517,#2518);
#1901=VERTEX_POINT('',#2520);
#1902=LINE('',#2521,#2522);
#1903=VERTEX_POINT('',#2524);
#1904=CIRCLE('',#2525,5.55);
#1905=VERTEX_POINT('',#2529);
#1906=LINE('',#2530,#2531);
#1907=LINE('',#2533,#2534);
#1908=VERTEX_POINT('',#2536);
#1909=LINE('',#2537,#2538);
#1910=LINE('',#2540,#2541);
#1911=VERTEX_POINT('',#2543);
#1912=LINE('',#2544,#2545);
#1913=LINE('',#2547,#2548);
#1914=LINE('',#2550,#2551);
#1915=VERTEX_POINT('',#2553);
#1916=VERTEX_POINT('',#2554);
#1917=LINE('',#2555,#2556);
#1918=LINE('',#2558,#2559);
#1919=LINE('',#2561,#2562);
#1920=VERTEX_POINT('',#2564);
#1921=LINE('',#2565,#2566);
#1922=LINE('',#2568,#2569);
#1923=VERTEX_POINT('',#2571);
#1924=VERTEX_POINT('',#2572);
#1925=LINE('',#2573,#2574);
#1926=B_SPLINE_CURVE_WITH_KNOTS('',3,
(#2576,#2577,#2578,#2579,#2580,#2581,#2582,#2583,#2584,#2585,#2586,#2587,#2588,#2589,
#2590,#2591,#2592,#2593,#2594,#2595,#2596,#2597,#2598,#2599,#2600,#2601),
.UNSPECIFIED.,.F.,.F.,
(4,2,2,2,2,2,2,2,2,2,2,2,4),
(0.,0.0543524669651393,0.0855723211058012,0.14907272740251,0.162332193099255,0.291271573668937,
0.419601502391772,0.548294037335065,0.676957487266129,0.805728653692613,0.934651656214048,
0.936807866548376,1.),
.UNSPECIFIED.);
#1927=LINE('',#2602,#2603);
#1928=VERTEX_POINT('',#2605);
#1929=LINE('',#2606,#2607);
#1930=B_SPLINE_CURVE_WITH_KNOTS('',3,
(#2609,#2610,#2611,#2612,#2613,#2614,#2615,#2616,#2617,#2618,#2619,#2620,#2621,#2622,
#2623,#2624,#2625,#2626,#2627,#2628,#2629,#2630,#2631,#2632,#2633,#2634,#2635,#2636,
#2637,#2638,#2639,#2640,#2641,#2642,#2643,#2644,#2645,#2646,#2647,#2648,#2649),
.UNSPECIFIED.,.F.,.F.,
(4,1,1,1,1,1,1,1,1,1,1,1,1,1,1,1,1,1,1,1,1,1,1,1,1,1,1,1,1,1,1,1,1,1,1,1,1,1,4),
(0.,0.0323837185739412,0.0559597880025097,0.0689220232150662,0.0766799366147069,
0.0831328494516671,0.093115682473796,0.110156426005136,0.139666811691031,0.16972860103351,
0.194889878952721,0.207853916542856,0.217934802555815,0.229161620996096,0.242771693347123,
0.261429824384183,0.28624626588409,0.312796708479314,0.334945503896562,0.349623732379414,
0.361521030079158,0.378707159602998,0.408068091726665,0.442360380569117,0.473728908754211,
0.497089231376553,0.519500359280181,0.547234288339677,0.582637798104888,0.61792345722088,
0.649991677906244,0.6856413914343,0.723629645239619,0.765907303410036,0.805755680294986,
0.851099662492651,0.899647590157821,0.948939500801795,1.),
.UNSPECIFIED.);
#1931=VERTEX_POINT('',#2650);
#1932=B_SPLINE_CURVE_WITH_KNOTS('',3,
(#2651,#2652,#2653,#2654,#2655,#2656,#2657,#2658,#2659,#2660,#2661,#2662,#2663,#2664,
#2665,#2666,#2667,#2668,#2669,#2670,#2671,#2672,#2673,#2674,#2675,#2676,#2677,#2678,
#2679,#2680,#2681,#2682,#2683,#2684,#2685,#2686,#2687,#2688,#2689,#2690,#2691,#2692,
#2693),
.UNSPECIFIED.,.F.,.F.,
(4,1,1,1,1,1,1,1,1,1,1,1,1,1,1,1,1,1,1,1,1,1,1,1,1,1,1,1,1,1,1,1,1,1,1,1,1,1,1,1,
4),
(0.,0.0987847079368337,0.170794019857102,0.214418726571244,0.254204163194554,0.291686977861441,
0.330967935026381,0.360202166406063,0.391077607712555,0.419571697597167,0.445138864727439,
0.46602694436061,0.48372570312204,0.509760740286152,0.547561176418545,0.586607304119959,
0.617190225631917,0.634370065170997,0.648707769594879,0.66375650533235,0.684071202347967,
0.712976150334797,0.739685138032555,0.759907045539007,0.770927710189489,0.781676655599599,
0.795640655314389,0.814913349550598,0.838606911108102,0.86189396472913,0.879819840381113,
0.892907266377458,0.90291918458312,0.912106497785522,0.920680746199869,0.928748496551976,
0.937504201632299,0.949019535125783,0.967240960324612,0.984995519916068,1.),
.UNSPECIFIED.);
#1933=(BOUNDED_CURVE()B_SPLINE_CURVE(3,
(#2694,#2695,#2696,#2697),
.UNSPECIFIED.,.F.,.F.)B_SPLINE_CURVE_WITH_KNOTS((4,4),
(0.,1.),
.UNSPECIFIED.)CURVE()GEOMETRIC_REPRESENTATION_ITEM()RATIONAL_B_SPLINE_CURVE((1.,
0.888888888888888,0.888888888888888,1.))REPRESENTATION_ITEM(''));
#1934=VERTEX_POINT('',#2698);
#1935=LINE('',#2699,#2700);
#1936=VERTEX_POINT('',#2702);
#1937=CIRCLE('',#2703,6.);
#1938=LINE('',#2707,#2708);
#1939=VERTEX_POINT('',#2710);
#1940=B_SPLINE_CURVE_WITH_KNOTS('',3,
(#2711,#2712,#2713,#2714,#2715,#2716,#2717,#2718,#2719,#2720,#2721,#2722,#2723,#2724,
#2725,#2726,#2727,#2728,#2729,#2730,#2731,#2732,#2733,#2734,#2735,#2736),
.UNSPECIFIED.,.F.,.F.,
(4,2,2,2,2,2,2,2,2,2,2,2,4),
(0.,0.0628531262841517,0.191087646165707,0.319172104960371,0.447149009396309,0.575147611071846,
0.70283021720318,0.830959205511045,0.844840220001111,0.908231191945843,0.938949610949588,
0.940585879011167,1.),
.UNSPECIFIED.);
#1941=LINE('',#2737,#2738);
#1942=VERTEX_POINT('',#2740);
#1943=LINE('',#2741,#2742);
#1944=VERTEX_POINT('',#2744);
#1945=LINE('',#2745,#2746);
#1946=LINE('',#2748,#2749);
#1947=VERTEX_POINT('',#2751);
#1948=LINE('',#2752,#2753);
#1949=LINE('',#2755,#2756);
#1950=VERTEX_POINT('',#2758);
#1951=LINE('',#2759,#2760);
#1952=LINE('',#2762,#2763);
#1953=VERTEX_POINT('',#2765);
#1954=LINE('',#2766,#2767);
#1955=VERTEX_POINT('',#2769);
#1956=LINE('',#2770,#2771);
#1957=LINE('',#2773,#2774);
#1958=VERTEX_POINT('',#2776);
#1959=LINE('',#2777,#2778);
#1960=LINE('',#2780,#2781);
#1961=VERTEX_POINT('',#2783);
#1962=VERTEX_POINT('',#2784);
#1963=LINE('',#2785,#2786);
#1964=B_SPLINE_CURVE_WITH_KNOTS('',3,
(#2788,#2789,#2790,#2791,#2792,#2793,#2794,#2795,#2796,#2797,#2798,#2799,#2800,#2801,
#2802,#2803,#2804,#2805,#2806,#2807,#2808,#2809,#2810,#2811,#2812,#2813),
.UNSPECIFIED.,.F.,.F.,
(4,2,2,2,2,2,2,2,2,2,2,2,4),
(0.,0.0628531262841494,0.191087646165706,0.319172104960373,0.447149009396315,0.575147611071855,
0.702830217203192,0.83095920551106,0.844840220001131,0.908231191945871,0.938949610949609,
0.940585879011187,1.),
.UNSPECIFIED.);
#1965=LINE('',#2814,#2815);
#1966=VERTEX_POINT('',#2817);
#1967=LINE('',#2818,#2819);
#1968=B_SPLINE_CURVE_WITH_KNOTS('',3,
(#2821,#2822,#2823,#2824,#2825,#2826,#2827,#2828,#2829,#2830,#2831,#2832,#2833,#2834,
#2835,#2836,#2837,#2838,#2839,#2840,#2841,#2842,#2843,#2844,#2845,#2846,#2847,#2848,
#2849,#2850,#2851,#2852,#2853,#2854,#2855,#2856,#2857,#2858,#2859,#2860,#2861,#2862,
#2863),
.UNSPECIFIED.,.F.,.F.,
(4,1,1,1,1,1,1,1,1,1,1,1,1,1,1,1,1,1,1,1,1,1,1,1,1,1,1,1,1,1,1,1,1,1,1,1,1,1,1,1,
4),
(0.,0.0987846880852358,0.170793987551837,0.214418689422529,0.254204126811583,0.291686942803713,
0.330967903016095,0.360202135932752,0.391077578161059,0.419571667094612,0.445138833628959,
0.466026913037768,0.483725671935486,0.509760701392844,0.547561134357455,0.586607259377157,
0.617190184684155,0.634370023335789,0.648707726136274,0.66375646149347,0.684071158044953,
0.712976106620967,0.739685095127618,0.759907003769973,0.770927669102687,0.781676614671827,
0.795640613828,0.814913306634116,0.838606867593687,0.86189392161873,0.879819798334674,
0.892907225234072,0.902919144292397,0.912106458436409,0.920680707449774,0.928748457850926,
0.93750416234244,0.949019494848176,0.967240918754251,0.984995491707366,1.),
.UNSPECIFIED.);
#1969=(BOUNDED_CURVE()B_SPLINE_CURVE(3,
(#2864,#2865,#2866,#2867),
.UNSPECIFIED.,.F.,.F.)B_SPLINE_CURVE_WITH_KNOTS((4,4),
(0.,1.),
.UNSPECIFIED.)CURVE()GEOMETRIC_REPRESENTATION_ITEM()RATIONAL_B_SPLINE_CURVE((1.,
0.88888888888889,0.88888888888889,1.))REPRESENTATION_ITEM(''));
#1970=VERTEX_POINT('',#2868);
#1971=LINE('',#2869,#2870);
#1972=VERTEX_POINT('',#2872);
#1973=CIRCLE('',#2873,6.);
#1974=LINE('',#2877,#2878);
#1975=VERTEX_POINT('',#2880);
#1976=LINE('',#2881,#2882);
#1977=LINE('',#2884,#2885);
#1978=LINE('',#2887,#2888);
#1979=VERTEX_POINT('',#2890);
#1980=LINE('',#2891,#2892);
#1981=LINE('',#2894,#2895);
#1982=VERTEX_POINT('',#2897);
#1983=LINE('',#2898,#2899);
#1984=VERTEX_POINT('',#2901);
#1985=LINE('',#2902,#2903);
#1986=LINE('',#2905,#2906);
#1987=VERTEX_POINT('',#2908);
#1988=CIRCLE('',#2909,2.55);
#1989=LINE('',#2913,#2914);
#1990=LINE('',#2916,#2917);
#1991=LINE('',#2919,#2920);
#1992=VERTEX_POINT('',#2922);
#1993=CIRCLE('',#2923,2.55);
#1994=VERTEX_POINT('',#2927);
#1995=LINE('',#2928,#2929);
#1996=VERTEX_POINT('',#2931);
#1997=LINE('',#2932,#2933);
#1998=LINE('',#2935,#2936);
#1999=LINE('',#2938,#2939);
#2000=VERTEX_POINT('',#2941);
#2001=LINE('',#2942,#2943);
#2002=LINE('',#2945,#2946);
#2003=VERTEX_POINT('',#2948);
#2004=LINE('',#2949,#2950);
#2005=LINE('',#2952,#2953);
#2006=VERTEX_POINT('',#2955);
#2007=LINE('',#2956,#2957);
#2008=VERTEX_POINT('',#2959);
#2009=LINE('',#2960,#2961);
#2010=LINE('',#2963,#2964);
#2011=VERTEX_POINT('',#2966);
#2012=LINE('',#2967,#2968);
#2013=LINE('',#2970,#2971);
#2014=VERTEX_POINT('',#2973);
#2015=CIRCLE('',#2974,5.55);
#2016=LINE('',#2978,#2979);
#2017=VERTEX_POINT('',#2981);
#2018=LINE('',#2982,#2983);
#2019=LINE('',#2985,#2986);
#2020=VERTEX_POINT('',#2988);
#2021=LINE('',#2989,#2990);
#2022=LINE('',#2992,#2993);
#2023=VERTEX_POINT('',#2995);
#2024=LINE('',#2996,#2997);
#2025=VERTEX_POINT('',#2999);
#2026=CIRCLE('',#3000,6.55);
#2027=LINE('',#3004,#3005);
#2028=VERTEX_POINT('',#3007);
#2029=LINE('',#3008,#3009);
#2030=LINE('',#3011,#3012);
#2031=VERTEX_POINT('',#3014);
#2032=LINE('',#3015,#3016);
#2033=LINE('',#3018,#3019);
#2034=VERTEX_POINT('',#3021);
#2035=LINE('',#3022,#3023);
#2036=LINE('',#3025,#3026);
#2037=LINE('',#3028,#3029);
#2038=VERTEX_POINT('',#3031);
#2039=LINE('',#3032,#3033);
#2040=LINE('',#3035,#3036);
#2041=LINE('',#3038,#3039);
#2042=LINE('',#3041,#3042);
#2043=LINE('',#3044,#3045);
#2044=LINE('',#3047,#3048);
#2045=B_SPLINE_CURVE_WITH_KNOTS('',3,
(#3050,#3051,#3052,#3053,#3054,#3055,#3056,#3057,#3058,#3059,#3060),
.UNSPECIFIED.,.F.,.F.,
(4,1,1,1,1,1,1,1,4),
(0.,0.124875148428394,0.249868004009479,0.374927796232474,0.499961736398998,0.624827569986687,
0.749716196564911,0.874754702609305,1.),
.UNSPECIFIED.);
#2046=B_SPLINE_CURVE_WITH_KNOTS('',3,
(#3061,#3062,#3063,#3064,#3065,#3066,#3067,#3068,#3069,#3070,#3071),
.UNSPECIFIED.,.F.,.F.,
(4,1,1,1,1,1,1,1,4),
(0.,0.124875148428398,0.249868004009487,0.374927796232475,0.499961736399001,0.624827569986685,
0.749716196564903,0.874754702609304,1.),
.UNSPECIFIED.);
#2047=CARTESIAN_POINT('',(47.5,40.,-4.));
#2048=AXIS2_PLACEMENT_3D('',#2049,#2050,#2051);
#2049=CARTESIAN_POINT('',(49.,40.,-4.));
#2050=DIRECTION('',(0.,0.,1.));
#2051=DIRECTION('',(-1.,1.22464679914735E-16,0.));
#2052=CARTESIAN_POINT('',(47.5,40.,-4.2));
#2053=AXIS2_PLACEMENT_3D('',#2054,#2055,#2056);
#2054=CARTESIAN_POINT('',(49.,40.,-4.2));
#2055=DIRECTION('',(0.,0.,1.));
#2056=DIRECTION('',(-1.,1.22464679914735E-16,0.));
#2057=CARTESIAN_POINT('',(47.5,-25.,-4.));
#2058=AXIS2_PLACEMENT_3D('',#2059,#2060,#2061);
#2059=CARTESIAN_POINT('',(49.,-25.,-4.));
#2060=DIRECTION('',(0.,0.,1.));
#2061=DIRECTION('',(-1.,1.22464679914735E-16,0.));
#2062=CARTESIAN_POINT('',(47.5,-25.,-4.2));
#2063=AXIS2_PLACEMENT_3D('',#2064,#2065,#2066);
#2064=CARTESIAN_POINT('',(49.,-25.,-4.2));
#2065=DIRECTION('',(0.,0.,1.));
#2066=DIRECTION('',(-1.,1.22464679914735E-16,0.));
#2067=CARTESIAN_POINT('',(-35.5,40.,-4.));
#2068=AXIS2_PLACEMENT_3D('',#2069,#2070,#2071);
#2069=CARTESIAN_POINT('',(-34.,40.,-4.));
#2070=DIRECTION('',(0.,0.,1.));
#2071=DIRECTION('',(-1.,1.22464679914735E-16,0.));
#2072=CARTESIAN_POINT('',(-35.5,40.,-4.2));
#2073=AXIS2_PLACEMENT_3D('',#2074,#2075,#2076);
#2074=CARTESIAN_POINT('',(-34.,40.,-4.2));
#2075=DIRECTION('',(0.,0.,1.));
#2076=DIRECTION('',(-1.,1.22464679914735E-16,0.));
#2077=CARTESIAN_POINT('',(-35.5,-25.,-4.));
#2078=AXIS2_PLACEMENT_3D('',#2079,#2080,#2081);
#2079=CARTESIAN_POINT('',(-34.,-25.,-4.));
#2080=DIRECTION('',(0.,0.,1.));
#2081=DIRECTION('',(-1.,1.22464679914735E-16,0.));
#2082=CARTESIAN_POINT('',(-35.5,-25.,-4.2));
#2083=AXIS2_PLACEMENT_3D('',#2084,#2085,#2086);
#2084=CARTESIAN_POINT('',(-34.,-25.,-4.2));
#2085=DIRECTION('',(0.,0.,1.));
#2086=DIRECTION('',(-1.,1.22464679914735E-16,0.));
#2087=CARTESIAN_POINT('',(33.0086051446532,-33.5,1.30841038223648E-17));
#2088=CARTESIAN_POINT('',(32.0666247903554,-36.1123826364931,-1.06581410364015E-14));
#2089=CARTESIAN_POINT('',(33.0086051446532,-33.5,1.96261557335472E-17));
#2090=CARTESIAN_POINT('',(32.9802183205778,-33.5807134200445,1.18180273715566E-17));
#2091=CARTESIAN_POINT('',(32.9240834207697,-33.740701387509,-5.89266655732311E-18));
#2092=CARTESIAN_POINT('',(32.8638489022517,-33.913002342238,-2.86801950514146E-17));
#2093=CARTESIAN_POINT('',(32.8090045458478,-34.070123146137,-5.08630375655043E-17));
#2094=CARTESIAN_POINT('',(32.7557692331639,-34.2228139657109,-7.34761668030976E-17));
#2095=CARTESIAN_POINT('',(32.6812841639613,-34.4366789430082,-1.06469987868429E-16));
#2096=CARTESIAN_POINT('',(32.6059785949267,-34.6527664102377,-1.39024829594704E-16));
#2097=CARTESIAN_POINT('',(32.5459118381584,-34.8246659962034,-1.62221285144313E-16));
#2098=CARTESIAN_POINT('',(32.4997921611942,-34.9561572796461,-1.77056898169736E-16));
#2099=CARTESIAN_POINT('',(32.4573330739324,-35.0768795061416,-1.88715093529966E-16));
#2100=CARTESIAN_POINT('',(32.4062092012943,-35.2212625915259,-1.96883879506455E-16));
#2101=CARTESIAN_POINT('',(32.3498305123576,-35.3798562626624,-2.02101987104194E-16));
#2102=CARTESIAN_POINT('',(32.2970938222568,-35.5236000095416,-1.79276489707267E-16));
#2103=CARTESIAN_POINT('',(32.2593428321363,-35.6226723473952,-1.3992288850016E-16));
#2104=CARTESIAN_POINT('',(32.2291238582462,-35.7005485459127,-9.98208922608555E-17));
#2105=CARTESIAN_POINT('',(32.2019231587149,-35.7698361795922,-5.88490844781063E-17));
#2106=CARTESIAN_POINT('',(32.1665183740521,-35.8587578122365,2.08575482437976E-18));
#2107=CARTESIAN_POINT('',(32.1301933527,-35.9496788845397,6.6480405588306E-17));
#2108=CARTESIAN_POINT('',(32.1050743728491,-36.0131515888654,1.07398421491227E-16));
#2109=CARTESIAN_POINT('',(32.0841513370202,-36.0667345824432,1.37191814822309E-16));
#2110=CARTESIAN_POINT('',(32.0741757396683,-36.0925794637636,1.49604780714263E-16));
#2111=CARTESIAN_POINT('',(32.0666247903553,-36.1123826364931,1.57556104357381E-16));
#2112=CARTESIAN_POINT('',(37.75,-33.5,1.00292015667814E-15));
#2113=CARTESIAN_POINT('',(33.0086051446532,-33.5,0.));
#2114=VECTOR('',#2115,1.);
#2115=DIRECTION('',(1.,0.,0.));
#2116=CARTESIAN_POINT('',(38.75,-34.9142135623731,1.35551345649264E-15));
#2117=CARTESIAN_POINT('',(37.75,-33.5,2.05391259555654E-15));
#2118=VECTOR('',#2119,1.);
#2119=DIRECTION('',(0.577350269189623,-0.816496580927728,-3.2049378106393E-17));
#2120=CARTESIAN_POINT('',(38.75,-47.5,-1.53106640753277E-15));
#2121=CARTESIAN_POINT('',(38.75,-34.9142135623731,0.));
#2122=VECTOR('',#2123,1.);
#2123=DIRECTION('',(0.,-1.,-3.13393568661949E-32));
#2124=CARTESIAN_POINT('',(57.5,-47.5,0.));
#2125=CARTESIAN_POINT('',(38.75,-47.5,0.));
#2126=VECTOR('',#2127,1.);
#2127=DIRECTION('',(1.,0.,0.));
#2128=CARTESIAN_POINT('',(57.5,47.5,0.));
#2129=CARTESIAN_POINT('',(57.5,-47.5,0.));
#2130=VECTOR('',#2131,1.);
#2131=DIRECTION('',(1.49587944370547E-16,1.,0.));
#2132=CARTESIAN_POINT('',(-57.5,47.5,0.));
#2133=CARTESIAN_POINT('',(57.5,47.5,0.));
#2134=VECTOR('',#2135,1.);
#2135=DIRECTION('',(-1.,1.23572649697409E-16,0.));
#2136=CARTESIAN_POINT('',(-57.5,29.5,0.));
#2137=CARTESIAN_POINT('',(-57.5,47.5,0.));
#2138=VECTOR('',#2139,1.);
#2139=DIRECTION('',(0.,-1.,0.));
#2140=CARTESIAN_POINT('',(-51.5,29.5,0.));
#2141=CARTESIAN_POINT('',(-51.5,29.5,0.));
#2142=VECTOR('',#2143,1.);
#2143=DIRECTION('',(-1.,0.,0.));
#2144=CARTESIAN_POINT('',(-51.5,7.50000000000001,0.));
#2145=CARTESIAN_POINT('',(-51.5,7.50000000000001,0.));
#2146=VECTOR('',#2147,1.);
#2147=DIRECTION('',(3.22973970800046E-16,1.,0.));
#2148=CARTESIAN_POINT('',(-57.5,7.50000000000001,0.));
#2149=CARTESIAN_POINT('',(-57.5,7.50000000000001,0.));
#2150=VECTOR('',#2151,1.);
#2151=DIRECTION('',(1.,0.,0.));
#2152=CARTESIAN_POINT('',(-57.5,-47.5,0.));
#2153=CARTESIAN_POINT('',(-57.5,7.50000000000001,0.));
#2154=VECTOR('',#2155,1.);
#2155=DIRECTION('',(-1.29189588320018E-16,-1.,0.));
#2156=CARTESIAN_POINT('',(-38.75,-47.5,0.));
#2157=CARTESIAN_POINT('',(-57.5,-47.5,0.));
#2158=VECTOR('',#2159,1.);
#2159=DIRECTION('',(1.,0.,0.));
#2160=CARTESIAN_POINT('',(-38.75,-34.9142135623731,-8.88178419700125E-16));
#2161=CARTESIAN_POINT('',(-38.75,-34.9142135623731,0.));
#2162=VECTOR('',#2163,1.);
#2163=DIRECTION('',(0.,-1.,0.));
#2164=CARTESIAN_POINT('',(-37.75,-33.5,-9.56933213272284E-17));
#2165=CARTESIAN_POINT('',(-38.75,-34.9142135623731,-1.77635683940025E-15));
#2166=VECTOR('',#2167,1.);
#2167=DIRECTION('',(0.577350269189632,0.816496580927722,8.97382586978994E-16));
#2168=CARTESIAN_POINT('',(-33.0086051446532,-33.5,-1.96261557335472E-17));
#2169=CARTESIAN_POINT('',(-33.0086051446532,-33.5,0.));
#2170=VECTOR('',#2171,1.);
#2171=DIRECTION('',(-1.,0.,0.));
#2172=CARTESIAN_POINT('',(-32.0666247903554,-36.1123826364932,-1.59872115546023E-14));
#2173=CARTESIAN_POINT('',(-33.0086051446532,-33.5,-1.96261557335472E-17));
#2174=CARTESIAN_POINT('',(-32.9802183205778,-33.5807134200445,-8.71688174552271E-17));
#2175=CARTESIAN_POINT('',(-32.9240834207696,-33.740701387509,-1.10801934451083E-16));
#2176=CARTESIAN_POINT('',(-32.8638489022517,-33.9130023422379,4.70519413661069E-17));
#2177=CARTESIAN_POINT('',(-32.8090045458477,-34.0701231461368,2.60245767581799E-16));
#2178=CARTESIAN_POINT('',(-32.7557692331639,-34.2228139657108,5.19537447788149E-16));
#2179=CARTESIAN_POINT('',(-32.6812841639612,-34.436678943008,9.47911769370107E-16));
#2180=CARTESIAN_POINT('',(-32.6059785949267,-34.6527664102376,1.34214694156097E-15));
#2181=CARTESIAN_POINT('',(-32.5459118381583,-34.8246659962032,1.52243708637788E-15));
#2182=CARTESIAN_POINT('',(-32.4997921611941,-34.956157279646,1.51680939757657E-15));
#2183=CARTESIAN_POINT('',(-32.4573330739323,-35.0768795061414,1.41478252395866E-15));
#2184=CARTESIAN_POINT('',(-32.4062092012942,-35.2212625915257,1.00774736725058E-15));
#2185=CARTESIAN_POINT('',(-32.3498305123575,-35.3798562626622,3.75326663544964E-16));
#2186=CARTESIAN_POINT('',(-32.2970938222567,-35.5236000095414,-1.55794365872277E-15));
#2187=CARTESIAN_POINT('',(-32.2593428321362,-35.6226723473951,-4.05633016758995E-15));
#2188=CARTESIAN_POINT('',(-32.2291238582461,-35.7005485459125,-6.47271013580053E-15));
#2189=CARTESIAN_POINT('',(-32.2019231587147,-35.769836179592,-8.88382616626462E-15));
#2190=CARTESIAN_POINT('',(-32.1665183740519,-35.8587578122364,-1.23904618328048E-14));
#2191=CARTESIAN_POINT('',(-32.1301933526998,-35.9496788845396,-1.60790878845912E-14));
#2192=CARTESIAN_POINT('',(-32.1050743728489,-36.0131515888653,-1.84549173086737E-14));
#2193=CARTESIAN_POINT('',(-32.0841513370199,-36.0667345824431,-2.02261571546801E-14));
#2194=CARTESIAN_POINT('',(-32.0741757396681,-36.0925794637636,-2.09838724208944E-14));
#2195=CARTESIAN_POINT('',(-32.0666247903551,-36.1123826364931,-2.14874647807713E-14));
#2196=CARTESIAN_POINT('',(-32.0666247903554,-27.5,-9.64849633348718E-15));
#2197=CARTESIAN_POINT('',(-32.0666247903554,-36.1123826364932,-1.19904086659517E-14));
#2198=VECTOR('',#2199,1.);
#2199=DIRECTION('',(8.25024578853849E-16,1.,2.06256144713462E-16));
#2200=CARTESIAN_POINT('',(-25.4333752096446,-27.5,2.00346994760414E-14));
#2201=CARTESIAN_POINT('',(-25.4333752096446,-27.5,0.));
#2202=VECTOR('',#2203,1.);
#2203=DIRECTION('',(-1.,-5.35591739097475E-16,0.));
#2204=CARTESIAN_POINT('',(-25.4333752096445,-36.1123826364931,2.66453525910038E-14));
#2205=CARTESIAN_POINT('',(-25.4333752096445,-36.1123826364931,1.99840144432528E-14));
#2206=VECTOR('',#2207,1.);
#2207=DIRECTION('',(4.12512289426928E-16,1.,0.));
#2208=CARTESIAN_POINT('',(-24.4899747114999,-33.5,-1.43925142046013E-16));
#2209=CARTESIAN_POINT('',(-25.4333752096445,-36.1123826364931,1.99840144432528E-14));
#2210=CARTESIAN_POINT('',(-25.4198848282094,-36.0768409213449,6.64177332108055E-15));
#2211=CARTESIAN_POINT('',(-25.3927601531247,-36.0061317286887,-5.28372025042631E-15));
#2212=CARTESIAN_POINT('',(-25.3517708317792,-35.90066623466,1.04917041547881E-15));
#2213=CARTESIAN_POINT('',(-25.3110448527737,-35.7963761804915,-4.19844390699305E-15));
#2214=CARTESIAN_POINT('',(-25.2713930268401,-35.6946734564201,8.78208216837539E-15));
#2215=CARTESIAN_POINT('',(-25.2448942101646,-35.6262767891148,-7.99152158554709E-15));
#2216=CARTESIAN_POINT('',(-25.218934668408,-35.5589462183486,6.4010612079069E-15));
#2217=CARTESIAN_POINT('',(-25.1930433906459,-35.4914592506817,1.1758904325791E-12));
#2218=CARTESIAN_POINT('',(-25.1519233088878,-35.3829981123297,-4.60161985058003E-12));
#2219=CARTESIAN_POINT('',(-25.1024927412933,-35.2509222230424,2.61222837374676E-11));
#2220=CARTESIAN_POINT('',(-25.0384628710108,-35.0762469972519,-1.52002605701023E-10));
#2221=CARTESIAN_POINT('',(-24.9859022314526,-34.9299479769017,4.92732720537472E-10));
#2222=CARTESIAN_POINT('',(-24.9283107864194,-34.7680147116289,-7.35627345801082E-10));
#2223=CARTESIAN_POINT('',(-24.8653951380099,-34.5894764698342,4.08276191751017E-10));
#2224=CARTESIAN_POINT('',(-24.8080054115783,-34.4245667834393,1.63798860526011E-12));
#2225=CARTESIAN_POINT('',(-24.743725270122,-34.239046114322,-1.62236890658424E-12));
#2226=CARTESIAN_POINT('',(-24.6862536519933,-34.0724324403551,6.18260835097012E-13));
#2227=CARTESIAN_POINT('',(-24.6225726416512,-33.8869809540781,-3.26882040583672E-14));
#2228=CARTESIAN_POINT('',(-24.5638932545153,-33.7158562549951,2.47745965028276E-14));
#2229=CARTESIAN_POINT('',(-24.5259240443415,-33.6049931093688,-3.87231291081819E-14));
#2230=CARTESIAN_POINT('',(-24.4944026089951,-33.5129322357605,-6.19824089237935E-15));
#2231=CARTESIAN_POINT('',(-24.4899747114999,-33.5,-3.92523114670943E-17));
#2232=CARTESIAN_POINT('',(-19.75,-33.5,-1.35330792849493E-16));
#2233=CARTESIAN_POINT('',(-19.75,-33.5,0.));
#2234=VECTOR('',#2235,1.);
#2235=DIRECTION('',(-1.,0.,0.));
#2236=CARTESIAN_POINT('',(-18.75,-34.9142135623731,4.44089209850063E-16));
#2237=CARTESIAN_POINT('',(-19.75,-33.5,1.11022302462516E-16));
#2238=VECTOR('',#2239,1.);
#2239=DIRECTION('',(0.577350269189627,-0.816496580927726,3.20493781063928E-16));
#2240=CARTESIAN_POINT('',(-18.75,-47.5,0.));
#2241=CARTESIAN_POINT('',(-18.75,-47.5,0.));
#2242=VECTOR('',#2243,1.);
#2243=DIRECTION('',(1.12911932723701E-15,1.,0.));
#2244=CARTESIAN_POINT('',(18.75,-47.5,-6.78761597966923E-16));
#2245=CARTESIAN_POINT('',(-18.75,-47.5,0.));
#2246=VECTOR('',#2247,1.);
#2247=DIRECTION('',(1.,0.,0.));
#2248=CARTESIAN_POINT('',(18.75,-34.9142135623731,-1.12285080781698E-15));
#2249=CARTESIAN_POINT('',(18.75,-47.5,0.));
#2250=VECTOR('',#2251,1.);
#2251=DIRECTION('',(-8.4683949542776E-16,1.,7.83483921654874E-32));
#2252=CARTESIAN_POINT('',(19.75,-33.5,1.1741689865344E-15));
#2253=CARTESIAN_POINT('',(18.75,-34.9142135623731,-1.77635683940025E-15));
#2254=VECTOR('',#2255,1.);
#2255=DIRECTION('',(0.577350269189621,0.81649658092773,1.63451828342603E-15));
#2256=CARTESIAN_POINT('',(24.4899747114993,-33.5,-3.2710259555912E-17));
#2257=CARTESIAN_POINT('',(19.75,-33.5,0.));
#2258=VECTOR('',#2259,1.);
#2259=DIRECTION('',(1.,1.49904330509675E-15,0.));
#2260=CARTESIAN_POINT('',(25.4333752096446,-36.1123826364931,-1.24344978758018E-14));
#2261=CARTESIAN_POINT('',(25.4333752096446,-36.1123826364931,-9.32587340685131E-15));
#2262=CARTESIAN_POINT('',(25.4198848282095,-36.076840921345,-4.57242617340856E-15));
#2263=CARTESIAN_POINT('',(25.3927601531248,-36.0061317286887,2.84687673211417E-17));
#2264=CARTESIAN_POINT('',(25.3517708317792,-35.90066623466,-9.233610119114E-16));
#2265=CARTESIAN_POINT('',(25.3110448527738,-35.7963761804915,-4.11338164916557E-16));
#2266=CARTESIAN_POINT('',(25.2713930268401,-35.6946734564201,3.0845749395066E-18));
#2267=CARTESIAN_POINT('',(25.2448942101646,-35.6262767891147,-4.88845712184629E-15));
#2268=CARTESIAN_POINT('',(25.218934668408,-35.5589462183487,3.33007678380679E-15));
#2269=CARTESIAN_POINT('',(25.193043390646,-35.4914592506817,1.1742425531484E-12));
#2270=CARTESIAN_POINT('',(25.1519233088878,-35.3829981123297,-4.60041085918299E-12));
#2271=CARTESIAN_POINT('',(25.1024927412933,-35.2509222230424,2.6121923302619E-11));
#2272=CARTESIAN_POINT('',(25.0384628710107,-35.076246997252,-1.52003215317421E-10));
#2273=CARTESIAN_POINT('',(24.9859022314526,-34.9299479769017,4.92733598331864E-10));
#2274=CARTESIAN_POINT('',(24.9283107864193,-34.7680147116289,-7.3562896118683E-10));
#2275=CARTESIAN_POINT('',(24.8653951380101,-34.589476469836,4.08343208462074E-10));
#2276=CARTESIAN_POINT('',(24.8080054115773,-34.4245667834348,1.46004050875895E-12));
#2277=CARTESIAN_POINT('',(24.7437252701227,-34.2390461143267,-1.44169290332256E-12));
#2278=CARTESIAN_POINT('',(24.6862536519926,-34.072432440353,5.48937717606438E-13));
#2279=CARTESIAN_POINT('',(24.622572641651,-33.8869809540788,-2.97460084847619E-14));
#2280=CARTESIAN_POINT('',(24.5638932545147,-33.7158562549949,2.35010146706157E-14));
#2281=CARTESIAN_POINT('',(24.5259240443408,-33.6049931093682,-3.86486913449433E-14));
#2282=CARTESIAN_POINT('',(24.4944026089946,-33.5129322357605,-6.28917137528789E-15));
#2283=CARTESIAN_POINT('',(24.4899747114993,-33.5,-1.37383090134831E-16));
#2284=CARTESIAN_POINT('',(25.4333752096446,-27.5,-9.34447183177966E-15));
#2285=CARTESIAN_POINT('',(25.4333752096446,-36.1123826364931,-9.32587340685131E-15));
#2286=VECTOR('',#2287,1.);
#2287=DIRECTION('',(-4.12512289426927E-16,1.,0.));
#2288=CARTESIAN_POINT('',(32.0666247903554,-27.5,-1.08432543758931E-14));
#2289=CARTESIAN_POINT('',(25.4333752096446,-27.5,0.));
#2290=VECTOR('',#2291,1.);
#2291=DIRECTION('',(1.,0.,0.));
#2292=CARTESIAN_POINT('',(32.0666247903554,-36.1123826364931,-7.99360577730113E-15));
#2293=VECTOR('',#2294,1.);
#2294=DIRECTION('',(-8.25024578853856E-16,1.,-2.06256144713464E-16));
#2295=CARTESIAN_POINT('',(46.8,40.,0.));
#2296=AXIS2_PLACEMENT_3D('',#2297,#2298,#2299);
#2297=CARTESIAN_POINT('',(49.,40.,0.));
#2298=DIRECTION('',(0.,0.,1.));
#2299=DIRECTION('',(-1.,1.22464679914735E-16,0.));
#2300=CARTESIAN_POINT('',(46.8,-25.,0.));
#2301=AXIS2_PLACEMENT_3D('',#2302,#2303,#2304);
#2302=CARTESIAN_POINT('',(49.,-25.,0.));
#2303=DIRECTION('',(0.,0.,1.));
#2304=DIRECTION('',(-1.,1.22464679914735E-16,0.));
#2305=CARTESIAN_POINT('',(-36.2,40.,0.));
#2306=AXIS2_PLACEMENT_3D('',#2307,#2308,#2309);
#2307=CARTESIAN_POINT('',(-34.,40.,0.));
#2308=DIRECTION('',(0.,0.,1.));
#2309=DIRECTION('',(-1.,1.22464679914735E-16,0.));
#2310=CARTESIAN_POINT('',(-36.2,-25.,0.));
#2311=AXIS2_PLACEMENT_3D('',#2312,#2313,#2314);
#2312=CARTESIAN_POINT('',(-34.,-25.,0.));
#2313=DIRECTION('',(0.,0.,1.));
#2314=DIRECTION('',(-1.,1.22464679914735E-16,0.));
#2315=CARTESIAN_POINT('',(-36.2,-25.,-4.));
#2316=AXIS2_PLACEMENT_3D('',#2317,#2318,#2319);
#2317=CARTESIAN_POINT('',(-34.,-25.,-4.));
#2318=DIRECTION('',(0.,0.,1.));
#2319=DIRECTION('',(-1.,1.22464679914735E-16,0.));
#2320=CARTESIAN_POINT('',(-36.2,40.,-4.));
#2321=AXIS2_PLACEMENT_3D('',#2322,#2323,#2324);
#2322=CARTESIAN_POINT('',(-34.,40.,-4.));
#2323=DIRECTION('',(0.,0.,1.));
#2324=DIRECTION('',(-1.,1.22464679914735E-16,0.));
#2325=CARTESIAN_POINT('',(46.8,-25.,-4.));
#2326=AXIS2_PLACEMENT_3D('',#2327,#2328,#2329);
#2327=CARTESIAN_POINT('',(49.,-25.,-4.));
#2328=DIRECTION('',(0.,0.,1.));
#2329=DIRECTION('',(-1.,1.22464679914735E-16,0.));
#2330=CARTESIAN_POINT('',(46.8,40.,-4.));
#2331=AXIS2_PLACEMENT_3D('',#2332,#2333,#2334);
#2332=CARTESIAN_POINT('',(49.,40.,-4.));
#2333=DIRECTION('',(0.,0.,1.));
#2334=DIRECTION('',(-1.,1.22464679914735E-16,0.));
#2335=CARTESIAN_POINT('',(35.25,-38.8535533905932,5.35355339059326));
#2336=CARTESIAN_POINT('',(33.0086051446532,-33.5,3.92523114670945E-17));
#2337=CARTESIAN_POINT('',(33.0767301828483,-33.5746702113546,0.0746702113545645));
#2338=CARTESIAN_POINT('',(33.1448552210434,-33.6493404227091,0.149340422709129));
#2339=CARTESIAN_POINT('',(33.2521110268841,-33.7669009247406,0.266900924740611));
#2340=CARTESIAN_POINT('',(33.2902157751532,-33.808387330594,0.308387330593982));
#2341=CARTESIAN_POINT('',(33.4122605855155,-33.9454200325017,0.445420032501708));
#2342=CARTESIAN_POINT('',(33.4928404002953,-34.0339843815575,0.533984381557532));
#2343=CARTESIAN_POINT('',(33.5971295512668,-34.1562244308075,0.656224430807531));
#2344=CARTESIAN_POINT('',(33.6154817769497,-34.1777421885397,0.677742188539668));
#2345=CARTESIAN_POINT('',(33.8092511091798,-34.4085880532648,0.90858805326478));
#2346=CARTESIAN_POINT('',(33.9857410554313,-34.6387915443623,1.13879154436233));
#2347=CARTESIAN_POINT('',(34.2912150531299,-35.0935359600742,1.59353596007424));
#2348=CARTESIAN_POINT('',(34.4294899771666,-35.3282552921568,1.82825529215678));
#2349=CARTESIAN_POINT('',(34.6716631536001,-35.7991033237194,2.29910332371938));
#2350=CARTESIAN_POINT('',(34.7758166282079,-36.0387228169534,2.53872281695338));
#2351=CARTESIAN_POINT('',(34.9543294671924,-36.5198134485805,3.01981344858057));
#2352=CARTESIAN_POINT('',(35.0272994377288,-36.7630238916722,3.26302389167217));
#2353=CARTESIAN_POINT('',(35.1446805585065,-37.2504129631939,3.75041296319388));
#2354=CARTESIAN_POINT('',(35.1879954001504,-37.4960852499286,3.9960852499286));
#2355=CARTESIAN_POINT('',(35.2463416019927,-37.9871407301957,4.48714073019574));
#2356=CARTESIAN_POINT('',(35.2607691723093,-38.2338040425301,4.73380404253011));
#2357=CARTESIAN_POINT('',(35.2609030908397,-38.4838999584831,4.98389995848309));
#2358=CARTESIAN_POINT('',(35.2609012373185,-38.4880139898446,4.98801398984463));
#2359=CARTESIAN_POINT('',(35.2607234050632,-38.6126928086221,5.11269280862212));
#2360=CARTESIAN_POINT('',(35.2537059574666,-38.7330800151774,5.23308001517747));
#2361=CARTESIAN_POINT('',(35.25,-38.8535533905932,5.35355339059326));
#2362=CARTESIAN_POINT('',(34.75,-39.2071067811865,4.99999999999999));
#2363=CARTESIAN_POINT('',(32.0666247903554,-36.1123826364931,-1.59872115546023E-14));
#2364=CARTESIAN_POINT('',(32.1293056503029,-36.0723092128332,0.0415777787965288));
#2365=CARTESIAN_POINT('',(32.2368577559151,-36.0064611553445,0.115855773193149));
#2366=CARTESIAN_POINT('',(32.3670525221333,-35.9457116485246,0.212242667154639));
#2367=CARTESIAN_POINT('',(32.4494299077731,-35.9189964479254,0.276013566362257));
#2368=CARTESIAN_POINT('',(32.4997157153483,-35.9079616110444,0.315933340015936));
#2369=CARTESIAN_POINT('',(32.544114926368,-35.8996939932831,0.351792593348723));
#2370=CARTESIAN_POINT('',(32.604774176595,-35.8907967084861,0.401761540123071));
#2371=CARTESIAN_POINT('',(32.7055637907823,-35.8853500644826,0.487506558630033));
#2372=CARTESIAN_POINT('',(32.8378130975326,-35.8963012430255,0.60637480897958));
#2373=CARTESIAN_POINT('',(32.9775261500102,-35.9284869346417,0.74091248035369));
#2374=CARTESIAN_POINT('',(33.0847389164849,-35.9645057978923,0.850826242638358));
#2375=CARTESIAN_POINT('',(33.1578857745812,-35.9929246593758,0.929066561178355));
#2376=CARTESIAN_POINT('',(33.20873167165,-36.0140542217082,0.98485956375289));
#2377=CARTESIAN_POINT('',(33.2594283947327,-36.0357521463503,1.04181239479783));
#2378=CARTESIAN_POINT('',(33.3209810138467,-36.0667949228473,1.11287052579091));
#2379=CARTESIAN_POINT('',(33.3991578641622,-36.1133094605367,1.20635339168632));
#2380=CARTESIAN_POINT('',(33.490971420178,-36.1784473534829,1.3214400588742));
#2381=CARTESIAN_POINT('',(33.5826468282761,-36.2541854907058,1.44288713033046));
#2382=CARTESIAN_POINT('',(33.6581101207758,-36.323168714112,1.54822951517514));
#2383=CARTESIAN_POINT('',(33.7141679464166,-36.377283689903,1.6296568322685));
#2384=CARTESIAN_POINT('',(33.7633160649677,-36.4259452694918,1.70314202448533));
#2385=CARTESIAN_POINT('',(33.8271312890182,-36.4914660802507,1.80165943355436));
#2386=CARTESIAN_POINT('',(33.9108972568346,-36.5882252253685,1.93783387877443));
#2387=CARTESIAN_POINT('',(34.0028258262696,-36.7082679987988,2.09829529728993));
#2388=CARTESIAN_POINT('',(34.0830847440822,-36.8251216129176,2.24927963880305));
#2389=CARTESIAN_POINT('',(34.1486887808512,-36.9280713823629,2.38086846338781));
#2390=CARTESIAN_POINT('',(34.2081926138407,-37.0266940817729,2.50703195887573));
#2391=CARTESIAN_POINT('',(34.2731805027296,-37.1450169615117,2.65373889758477));
#2392=CARTESIAN_POINT('',(34.3421847234136,-37.28465378984,2.82279523762304));
#2393=CARTESIAN_POINT('',(34.4077813540944,-37.4336083630854,2.99976677017368));
#2394=CARTESIAN_POINT('',(34.4677473164315,-37.5840891672343,3.17824437009337));
#2395=CARTESIAN_POINT('',(34.5231388480052,-37.7409521219901,3.36167612086794));
#2396=CARTESIAN_POINT('',(34.5766498536669,-37.9161968686881,3.56277665856218));
#2397=CARTESIAN_POINT('',(34.6242597495127,-38.1001014540395,3.77154485905996));
#2398=CARTESIAN_POINT('',(34.6665243451345,-38.29622960485,3.99409239140049));
#2399=CARTESIAN_POINT('',(34.7017577838055,-38.5047512466246,4.22733743792331));
#2400=CARTESIAN_POINT('',(34.728991799195,-38.7302398113336,4.47688683283191));
#2401=CARTESIAN_POINT('',(34.7461215827314,-38.9659589984555,4.73645404755746));
#2402=CARTESIAN_POINT('',(34.75,-39.1258914467746,4.91098875135073));
#2403=CARTESIAN_POINT('',(34.75,-39.2071067811865,4.99999999999999));
#2404=CARTESIAN_POINT('',(35.25,-38.8535533905932,5.35355339059327));
#2405=VECTOR('',#2406,1.);
#2406=DIRECTION('',(-0.707106781186546,-0.500000000000003,-0.499999999999999));
#2407=CARTESIAN_POINT('',(35.25,-43.5,10.));
#2408=CARTESIAN_POINT('',(35.25,-43.5,10.));
#2409=VECTOR('',#2410,1.);
#2410=DIRECTION('',(0.,0.707106781186546,-0.70710678118655));
#2411=CARTESIAN_POINT('',(37.75,-43.5,10.));
#2412=CARTESIAN_POINT('',(35.25,-43.5,10.));
#2413=VECTOR('',#2414,1.);
#2414=DIRECTION('',(1.,0.,0.));
#2415=CARTESIAN_POINT('',(37.75,-33.5,9.54847874477895E-16));
#2416=VECTOR('',#2417,1.);
#2417=DIRECTION('',(0.,-0.707106781186546,0.707106781186549));
#2418=CARTESIAN_POINT('',(38.75,-44.5,9.58578643762696));
#2419=CARTESIAN_POINT('',(38.75,-34.9142135623731,2.06813892515263E-15));
#2420=VECTOR('',#2421,1.);
#2421=DIRECTION('',(0.,-0.707106781186546,0.707106781186549));
#2422=CARTESIAN_POINT('',(37.75,-43.5,10.));
#2423=VECTOR('',#2424,1.);
#2424=DIRECTION('',(0.678598344545851,-0.678598344545856,-0.281084637714788));
#2425=CARTESIAN_POINT('',(38.75,-44.5,15.));
#2426=CARTESIAN_POINT('',(38.75,-44.5,9.58578643762696));
#2427=VECTOR('',#2428,1.);
#2428=DIRECTION('',(-1.31236554963057E-15,0.,1.));
#2429=CARTESIAN_POINT('',(38.75,-47.5,15.));
#2430=CARTESIAN_POINT('',(38.75,-44.5,15.));
#2431=VECTOR('',#2432,1.);
#2432=DIRECTION('',(0.,-1.,0.));
#2433=CARTESIAN_POINT('',(38.75,-47.5,-4.59319922259831E-15));
#2434=VECTOR('',#2435,1.);
#2435=DIRECTION('',(0.,0.,1.));
#2436=CARTESIAN_POINT('',(-57.5,-47.5,-5.));
#2437=CARTESIAN_POINT('',(57.5,-47.5,-5.));
#2438=CARTESIAN_POINT('',(-57.5,-47.5,-5.));
#2439=VECTOR('',#2440,1.);
#2440=DIRECTION('',(1.,-1.23572649697409E-16,0.));
#2441=CARTESIAN_POINT('',(57.5,-47.5,-5.));
#2442=VECTOR('',#2443,1.);
#2443=DIRECTION('',(0.,0.,1.));
#2444=CARTESIAN_POINT('',(18.75,-47.5,15.));
#2445=CARTESIAN_POINT('',(38.75,-47.5,15.));
#2446=VECTOR('',#2447,1.);
#2447=DIRECTION('',(-1.,0.,0.));
#2448=CARTESIAN_POINT('',(18.75,-47.5,-2.03628479390077E-15));
#2449=VECTOR('',#2450,1.);
#2450=DIRECTION('',(0.,0.,1.));
#2451=CARTESIAN_POINT('',(-18.75,-47.5,15.));
#2452=CARTESIAN_POINT('',(-18.75,-47.5,0.));
#2453=VECTOR('',#2454,1.);
#2454=DIRECTION('',(0.,0.,1.));
#2455=CARTESIAN_POINT('',(-38.75,-47.5,15.));
#2456=CARTESIAN_POINT('',(-38.75,-47.5,15.));
#2457=VECTOR('',#2458,1.);
#2458=DIRECTION('',(1.,-3.5527136788005E-16,0.));
#2459=CARTESIAN_POINT('',(-38.75,-47.5,0.));
#2460=VECTOR('',#2461,1.);
#2461=DIRECTION('',(0.,0.,1.));
#2462=CARTESIAN_POINT('',(-57.5,-47.5,-5.));
#2463=VECTOR('',#2464,1.);
#2464=DIRECTION('',(0.,0.,1.));
#2465=CARTESIAN_POINT('',(26.2,-47.5,5.));
#2466=AXIS2_PLACEMENT_3D('',#2467,#2468,#2469);
#2467=CARTESIAN_POINT('',(28.75,-47.5,5.));
#2468=DIRECTION('',(-1.23572649697409E-16,-1.,0.));
#2469=DIRECTION('',(-1.,1.23572649697409E-16,1.22464679914735E-16));
#2470=CARTESIAN_POINT('',(-26.2,-47.5,5.));
#2471=AXIS2_PLACEMENT_3D('',#2472,#2473,#2474);
#2472=CARTESIAN_POINT('',(-28.75,-47.5,5.));
#2473=DIRECTION('',(-1.23572649697409E-16,-1.,0.));
#2474=DIRECTION('',(1.,-1.23572649697409E-16,0.));
#2475=CARTESIAN_POINT('',(57.5,47.5,-5.));
#2476=CARTESIAN_POINT('',(57.5,-47.5,-5.));
#2477=VECTOR('',#2478,1.);
#2478=DIRECTION('',(1.49587944370547E-16,1.,0.));
#2479=CARTESIAN_POINT('',(57.5,47.5,-5.));
#2480=VECTOR('',#2481,1.);
#2481=DIRECTION('',(0.,0.,1.));
#2482=CARTESIAN_POINT('',(-57.5,47.5,-5.));
#2483=CARTESIAN_POINT('',(57.5,47.5,-5.));
#2484=VECTOR('',#2485,1.);
#2485=DIRECTION('',(-1.,1.23572649697409E-16,0.));
#2486=CARTESIAN_POINT('',(-57.5,47.5,-5.));
#2487=VECTOR('',#2488,1.);
#2488=DIRECTION('',(0.,0.,1.));
#2489=CARTESIAN_POINT('',(-57.5,28.5,19.));
#2490=CARTESIAN_POINT('',(-57.5,27.5,20.));
#2491=CARTESIAN_POINT('',(-57.5,27.5,20.));
#2492=VECTOR('',#2493,1.);
#2493=DIRECTION('',(0.,0.707106781186547,-0.707106781186547));
#2494=CARTESIAN_POINT('',(-57.5,28.5,1.));
#2495=CARTESIAN_POINT('',(-57.5,28.5,1.));
#2496=VECTOR('',#2497,1.);
#2497=DIRECTION('',(0.,0.,1.));
#2498=CARTESIAN_POINT('',(-57.5,28.5,1.));
#2499=VECTOR('',#2500,1.);
#2500=DIRECTION('',(0.,0.707106781186547,-0.707106781186547));
#2501=CARTESIAN_POINT('',(-57.5,47.5,-5.));
#2502=VECTOR('',#2503,1.);
#2503=DIRECTION('',(-1.49587944370547E-16,-1.,0.));
#2504=CARTESIAN_POINT('',(-57.5,8.50000000000001,1.));
#2505=CARTESIAN_POINT('',(-57.5,7.50000000000001,0.));
#2506=VECTOR('',#2507,1.);
#2507=DIRECTION('',(0.,0.707106781186548,0.707106781186547));
#2508=CARTESIAN_POINT('',(-57.5,8.50000000000001,19.));
#2509=CARTESIAN_POINT('',(-57.5,8.50000000000001,1.));
#2510=VECTOR('',#2511,1.);
#2511=DIRECTION('',(0.,0.,1.));
#2512=CARTESIAN_POINT('',(-57.5,9.5,20.));
#2513=CARTESIAN_POINT('',(-57.5,8.50000000000001,19.));
#2514=VECTOR('',#2515,1.);
#2515=DIRECTION('',(0.,0.707106781186546,0.707106781186549));
#2516=CARTESIAN_POINT('',(-57.5,14.5,20.));
#2517=CARTESIAN_POINT('',(-57.5,14.5,20.));
#2518=VECTOR('',#2519,1.);
#2519=DIRECTION('',(0.,-1.,0.));
#2520=CARTESIAN_POINT('',(-57.5,15.8465732964055,17.3246104181413));
#2521=CARTESIAN_POINT('',(-57.5,15.8465732964055,17.3246104181413));
#2522=VECTOR('',#2523,1.);
#2523=DIRECTION('',(0.,-0.449583452893977,0.893238332632411));
#2524=CARTESIAN_POINT('',(-57.5,21.1534267035945,17.3246104181413));
#2525=AXIS2_PLACEMENT_3D('',#2526,#2527,#2528);
#2526=CARTESIAN_POINT('',(-57.5,18.5,12.45));
#2527=DIRECTION('',(-1.,1.49587944370547E-16,0.));
#2528=DIRECTION('',(7.15172335366873E-17,0.478094901548553,0.878308183448885));
#2529=CARTESIAN_POINT('',(-57.5,22.5,20.));
#2530=CARTESIAN_POINT('',(-57.5,22.5,20.));
#2531=VECTOR('',#2532,1.);
#2532=DIRECTION('',(0.,-0.449583452893978,-0.89323833263241));
#2533=CARTESIAN_POINT('',(-57.5,27.5,20.));
#2534=VECTOR('',#2535,1.);
#2535=DIRECTION('',(0.,-1.,0.));
#2536=CARTESIAN_POINT('',(-52.5,28.5,1.));
#2537=CARTESIAN_POINT('',(-52.5,28.5,1.));
#2538=VECTOR('',#2539,1.);
#2539=DIRECTION('',(-1.,0.,0.));
#2540=CARTESIAN_POINT('',(-51.5,29.5,0.));
#2541=VECTOR('',#2542,1.);
#2542=DIRECTION('',(-0.577350269189625,-0.577350269189625,0.577350269189626));
#2543=CARTESIAN_POINT('',(-52.5,8.50000000000001,1.));
#2544=CARTESIAN_POINT('',(-52.5,8.50000000000001,1.));
#2545=VECTOR('',#2546,1.);
#2546=DIRECTION('',(0.,1.,0.));
#2547=CARTESIAN_POINT('',(-51.5,7.50000000000001,0.));
#2548=VECTOR('',#2549,1.);
#2549=DIRECTION('',(-0.577350269189626,0.577350269189625,0.577350269189627));
#2550=CARTESIAN_POINT('',(-57.5,8.50000000000001,1.));
#2551=VECTOR('',#2552,1.);
#2552=DIRECTION('',(1.,0.,0.));
#2553=CARTESIAN_POINT('',(-38.75,-44.5,9.58578643762688));
#2554=CARTESIAN_POINT('',(-38.75,-44.5,15.));
#2555=CARTESIAN_POINT('',(-38.75,-44.5,9.58578643762688));
#2556=VECTOR('',#2557,1.);
#2557=DIRECTION('',(0.,0.,1.));
#2558=CARTESIAN_POINT('',(-38.75,-44.5,9.58578643762688));
#2559=VECTOR('',#2560,1.);
#2560=DIRECTION('',(0.,0.707106781186548,-0.707106781186547));
#2561=CARTESIAN_POINT('',(-38.75,-44.5,15.));
#2562=VECTOR('',#2563,1.);
#2563=DIRECTION('',(0.,-1.,0.));
#2564=CARTESIAN_POINT('',(-37.75,-43.5,9.99999999999999));
#2565=CARTESIAN_POINT('',(-37.75,-43.5,9.99999999999999));
#2566=VECTOR('',#2567,1.);
#2567=DIRECTION('',(-0.678598344545844,-0.678598344545844,-0.281084637714833));
#2568=CARTESIAN_POINT('',(-37.75,-43.5,9.99999999999998));
#2569=VECTOR('',#2570,1.);
#2570=DIRECTION('',(0.,0.707106781186548,-0.707106781186547));
#2571=CARTESIAN_POINT('',(-35.25,-43.5,9.99999999999999));
#2572=CARTESIAN_POINT('',(-35.25,-38.8535533905933,5.35355339059327));
#2573=CARTESIAN_POINT('',(-35.25,-38.8535533905933,5.35355339059327));
#2574=VECTOR('',#2575,1.);
#2575=DIRECTION('',(0.,-0.707106781186548,0.707106781186547));
#2576=CARTESIAN_POINT('',(-33.0086051446532,-33.5,-3.92523114670943E-17));
#2577=CARTESIAN_POINT('',(-33.0767301828483,-33.5746702113546,0.0746702113545703));
#2578=CARTESIAN_POINT('',(-33.1448552210434,-33.6493404227091,0.149340422709141));
#2579=CARTESIAN_POINT('',(-33.2521110268842,-33.7669009247406,0.266900924740623));
#2580=CARTESIAN_POINT('',(-33.2902157751532,-33.808387330594,0.308387330593992));
#2581=CARTESIAN_POINT('',(-33.4122605855155,-33.9454200325017,0.445420032501715));
#2582=CARTESIAN_POINT('',(-33.4928404002953,-34.0339843815575,0.53398438155754));
#2583=CARTESIAN_POINT('',(-33.5971295512668,-34.1562244308075,0.656224430807536));
#2584=CARTESIAN_POINT('',(-33.6154817769497,-34.1777421885397,0.677742188539667));
#2585=CARTESIAN_POINT('',(-33.8092511091798,-34.4085880532648,0.908588053264767));
#2586=CARTESIAN_POINT('',(-33.9857410554313,-34.6387915443623,1.13879154436233));
#2587=CARTESIAN_POINT('',(-34.2912150531298,-35.0935359600742,1.59353596007424));
#2588=CARTESIAN_POINT('',(-34.4294899771666,-35.3282552921568,1.82825529215678));
#2589=CARTESIAN_POINT('',(-34.6716631536001,-35.7991033237194,2.29910332371938));
#2590=CARTESIAN_POINT('',(-34.7758166282079,-36.0387228169534,2.53872281695337));
#2591=CARTESIAN_POINT('',(-34.9543294671924,-36.5198134485806,3.01981344858056));
#2592=CARTESIAN_POINT('',(-35.0272994377288,-36.7630238916722,3.26302389167217));
#2593=CARTESIAN_POINT('',(-35.1446805585065,-37.2504129631939,3.75041296319387));
#2594=CARTESIAN_POINT('',(-35.1879954001504,-37.4960852499286,3.99608524992859));
#2595=CARTESIAN_POINT('',(-35.2463416019927,-37.9871407301957,4.48714073019573));
#2596=CARTESIAN_POINT('',(-35.2607691723098,-38.2338040425301,4.73380404253006));
#2597=CARTESIAN_POINT('',(-35.2609030908397,-38.4838999584831,4.98389995848306));
#2598=CARTESIAN_POINT('',(-35.2609012373185,-38.4880139898446,4.9880139898446));
#2599=CARTESIAN_POINT('',(-35.2607234050632,-38.6126928086221,5.11269280862211));
#2600=CARTESIAN_POINT('',(-35.2537059574666,-38.7330800151775,5.23308001517746));
#2601=CARTESIAN_POINT('',(-35.25,-38.8535533905933,5.35355339059327));
#2602=CARTESIAN_POINT('',(-35.25,-43.5,9.99999999999999));
#2603=VECTOR('',#2604,1.);
#2604=DIRECTION('',(-1.,0.,0.));
#2605=CARTESIAN_POINT('',(-34.75,-39.2071067811866,5.));
#2606=CARTESIAN_POINT('',(-35.25,-38.8535533905933,5.35355339059327));
#2607=VECTOR('',#2608,1.);
#2608=DIRECTION('',(0.70710678118655,-0.499999999999995,-0.500000000000002));
#2609=CARTESIAN_POINT('',(-32.0666247903554,-36.1123826364932,-2.39808173319034E-14));
#2610=CARTESIAN_POINT('',(-32.1293056502983,-36.0723092128361,0.0415777787934851));
#2611=CARTESIAN_POINT('',(-32.2368577559018,-36.0064611553526,0.115855773183873));
#2612=CARTESIAN_POINT('',(-32.3670525221081,-35.9457116485354,0.212242667135774));
#2613=CARTESIAN_POINT('',(-32.4494299077402,-35.9189964479348,0.276013566336571));
#2614=CARTESIAN_POINT('',(-32.4997157153118,-35.9079616110515,0.315933339986764));
#2615=CARTESIAN_POINT('',(-32.5441149263408,-35.899693993288,0.3517925933264));
#2616=CARTESIAN_POINT('',(-32.6047741765962,-35.8907967084844,0.401761540123725));
#2617=CARTESIAN_POINT('',(-32.705563790847,-35.8853500644804,0.487506558685441));
#2618=CARTESIAN_POINT('',(-32.837813097675,-35.8963012430441,0.606374809110128));
#2619=CARTESIAN_POINT('',(-32.9775261502213,-35.9284869347002,0.740912480561986));
#2620=CARTESIAN_POINT('',(-33.0847389167278,-35.9645057979796,0.85082624289178));
#2621=CARTESIAN_POINT('',(-33.1578857748323,-35.9929246594771,0.929066561450209));
#2622=CARTESIAN_POINT('',(-33.2087316718949,-36.0140542218113,0.984859564024928));
#2623=CARTESIAN_POINT('',(-33.2594283949694,-36.0357521464595,1.04181239506753));
#2624=CARTESIAN_POINT('',(-33.32098101407,-36.0667949229717,1.1128705260536));
#2625=CARTESIAN_POINT('',(-33.3991578643658,-36.1133094606708,1.20635339193614));
#2626=CARTESIAN_POINT('',(-33.4909714203587,-36.1784473536231,1.32144005910745));
#2627=CARTESIAN_POINT('',(-33.5826468284359,-36.2541854908457,1.44288713054795));
#2628=CARTESIAN_POINT('',(-33.6581101209221,-36.3231687142496,1.54822951538338));
#2629=CARTESIAN_POINT('',(-33.7141679465556,-36.3772836900396,1.6296568324733));
#2630=CARTESIAN_POINT('',(-33.7633160651032,-36.4259452696269,1.70314202469142));
#2631=CARTESIAN_POINT('',(-33.8271312891438,-36.4914660803894,1.80165943375395));
#2632=CARTESIAN_POINT('',(-33.9108972569449,-36.588225225505,1.93783387896079));
#2633=CARTESIAN_POINT('',(-34.0028258263604,-36.708267998925,2.09829529745505));
#2634=CARTESIAN_POINT('',(-34.0830847441598,-36.8251216130354,2.24927963895384));
#2635=CARTESIAN_POINT('',(-34.1486887809212,-36.9280713824753,2.38086846353199));
#2636=CARTESIAN_POINT('',(-34.2081926139065,-37.0266940818873,2.50703195901978));
#2637=CARTESIAN_POINT('',(-34.273180502791,-37.1450169616301,2.6537388977294));
#2638=CARTESIAN_POINT('',(-34.3421847234708,-37.2846537899627,2.82279523776997));
#2639=CARTESIAN_POINT('',(-34.4077813541482,-37.4336083632139,2.99976677032566));
#2640=CARTESIAN_POINT('',(-34.4677473164809,-37.5840891673651,3.17824437024851));
#2641=CARTESIAN_POINT('',(-34.5231388480487,-37.7409521221234,3.36167612102176));
#2642=CARTESIAN_POINT('',(-34.5766498537034,-37.9161968688182,3.56277665871042));
#2643=CARTESIAN_POINT('',(-34.6242597495436,-38.1001014541699,3.77154485920783));
#2644=CARTESIAN_POINT('',(-34.6665243451604,-38.2962296049845,3.99409239155219));
#2645=CARTESIAN_POINT('',(-34.7017577838265,-38.5047512467698,4.22733743808451));
#2646=CARTESIAN_POINT('',(-34.7289917992076,-38.7302398114676,4.4768868329796));
#2647=CARTESIAN_POINT('',(-34.7461215827343,-38.9659589985416,4.7364540476515));
#2648=CARTESIAN_POINT('',(-34.75,-39.1258914468086,4.91098875138796));
#2649=CARTESIAN_POINT('',(-34.75,-39.2071067811866,5.));
#2650=CARTESIAN_POINT('',(-22.75,-39.2071067811866,5.));
#2651=CARTESIAN_POINT('',(-22.75,-39.2071067811866,5.));
#2652=CARTESIAN_POINT('',(-22.75,-39.0501350102328,4.82796040382713));
#2653=CARTESIAN_POINT('',(-22.7627666751188,-38.7785162984777,4.53055852683441));
#2654=CARTESIAN_POINT('',(-22.8068271410152,-38.4413031088374,4.15705634496119));
#2655=CARTESIAN_POINT('',(-22.8529583613896,-38.2007901036675,3.88583802134441));
#2656=CARTESIAN_POINT('',(-22.8968386932314,-38.0151885500647,3.67533677766855));
#2657=CARTESIAN_POINT('',(-22.9463322303891,-37.8377040694706,3.4730303768225));
#2658=CARTESIAN_POINT('',(-22.9980393558635,-37.6785656656799,3.28926746975141));
#2659=CARTESIAN_POINT('',(-23.0524263094765,-37.5324307194271,3.11673716269674));
#2660=CARTESIAN_POINT('',(-23.1053386416326,-37.4030149074624,2.96365953774275));
#2661=CARTESIAN_POINT('',(-23.1603608079605,-37.2803720183738,2.81747608345668));
#2662=CARTESIAN_POINT('',(-23.2125109009446,-37.1739078434281,2.6887578058679));
#2663=CARTESIAN_POINT('',(-23.2598958148183,-37.0844297501109,2.57870041908011));
#2664=CARTESIAN_POINT('',(-23.310009473307,-36.9959883492735,2.46786898199933));
#2665=CARTESIAN_POINT('',(-23.3767189011684,-36.8868637222997,2.32810079655001));
#2666=CARTESIAN_POINT('',(-23.4667328203292,-36.7501205980832,2.15334449902625));
#2667=CARTESIAN_POINT('',(-23.5688628835374,-36.6129864401672,1.97183025726702));
#2668=CARTESIAN_POINT('',(-23.6578416073086,-36.5082095964469,1.82558621069799));
#2669=CARTESIAN_POINT('',(-23.7250000482458,-36.4378811124731,1.72091464682528));
#2670=CARTESIAN_POINT('',(-23.7769672106512,-36.3859737297249,1.64268099983655));
#2671=CARTESIAN_POINT('',(-23.8339204166363,-36.3305411623107,1.55964253770027));
#2672=CARTESIAN_POINT('',(-23.9100469905885,-36.2603211516807,1.45280929978973));
#2673=CARTESIAN_POINT('',(-24.0042753817725,-36.1816384300678,1.32737494950651));
#2674=CARTESIAN_POINT('',(-24.1036554306262,-36.1113206406131,1.20276786804664));
#2675=CARTESIAN_POINT('',(-24.1832698857678,-36.0648550355681,1.10789545367847));
#2676=CARTESIAN_POINT('',(-24.2428362988591,-36.0355396078579,1.03929871951621));
#2677=CARTESIAN_POINT('',(-24.294678784016,-36.0130691774983,0.981004418405859));
#2678=CARTESIAN_POINT('',(-24.3600889756425,-35.9856211443438,0.90942804713969));
#2679=CARTESIAN_POINT('',(-24.4474838567101,-35.9527452240923,0.817255038934263));
#2680=CARTESIAN_POINT('',(-24.553204414086,-35.9203561461625,0.711002735615271));
#2681=CARTESIAN_POINT('',(-24.6609144905167,-35.8980405397411,0.608395399274012));
#2682=CARTESIAN_POINT('',(-24.7539257814699,-35.8884300283478,0.523917384313953));
#2683=CARTESIAN_POINT('',(-24.8257774125402,-35.8872864546392,0.460983503947733));
#2684=CARTESIAN_POINT('',(-24.8832256261585,-35.8903505470507,0.412018697570185));
#2685=CARTESIAN_POINT('',(-24.9332485115966,-35.8961322497939,0.370344215429609));
#2686=CARTESIAN_POINT('',(-24.9803487200281,-35.9040866329413,0.331928951589524));
#2687=CARTESIAN_POINT('',(-25.0272220945035,-35.9133849348639,0.294460148540979));
#2688=CARTESIAN_POINT('',(-25.0797180536059,-35.9283611239255,0.253343122749266));
#2689=CARTESIAN_POINT('',(-25.152039963675,-35.9554416209958,0.198076957657708));
#2690=CARTESIAN_POINT('',(-25.2425406565335,-35.9990652615233,0.131411303318936));
#2691=CARTESIAN_POINT('',(-25.3408388635808,-36.0551183562126,0.0621794685273332));
#2692=CARTESIAN_POINT('',(-25.4043067486931,-36.0942290928988,0.0192818356418195));
#2693=CARTESIAN_POINT('',(-25.4333752096445,-36.1123826364931,3.99680288865056E-14));
#2694=CARTESIAN_POINT('',(-25.4333752096445,-27.5,3.99680288865056E-14));
#2695=CARTESIAN_POINT('',(-27.5062657036167,-28.875,-1.37499999999999));
#2696=CARTESIAN_POINT('',(-29.9937342963832,-28.875,-1.37500000000002));
#2697=CARTESIAN_POINT('',(-32.0666247903554,-27.5,-1.86517468137026E-14));
#2698=CARTESIAN_POINT('',(-34.75,-43.5,5.));
#2699=CARTESIAN_POINT('',(-34.75,-43.5,5.));
#2700=VECTOR('',#2701,1.);
#2701=DIRECTION('',(0.,1.,0.));
#2702=CARTESIAN_POINT('',(-22.75,-43.5,5.));
#2703=AXIS2_PLACEMENT_3D('',#2704,#2705,#2706);
#2704=CARTESIAN_POINT('',(-28.75,-43.5,5.));
#2705=DIRECTION('',(3.5527136788005E-16,1.,0.));
#2706=DIRECTION('',(1.,-3.5527136788005E-16,7.40148683083438E-16));
#2707=CARTESIAN_POINT('',(-22.75,-43.5,5.));
#2708=VECTOR('',#2709,1.);
#2709=DIRECTION('',(8.27580258281496E-16,1.,0.));
#2710=CARTESIAN_POINT('',(-22.25,-38.8535533905933,5.35355339059327));
#2711=CARTESIAN_POINT('',(-22.25,-38.8535533905933,5.35355339059327));
#2712=CARTESIAN_POINT('',(-22.24629402965,-38.7330795963625,5.23307959636252));
#2713=CARTESIAN_POINT('',(-22.2392686247497,-38.6126542122987,5.11265421229869));
#2714=CARTESIAN_POINT('',(-22.2387700449369,-38.2462269430388,4.74622694303883));
#2715=CARTESIAN_POINT('',(-22.2527011740979,-37.9994759983964,4.4994759983964));
#2716=CARTESIAN_POINT('',(-22.3100733583025,-37.5083763485942,4.00837634859418));
#2717=CARTESIAN_POINT('',(-22.3529018819943,-37.2626695233695,3.76266952336949));
#2718=CARTESIAN_POINT('',(-22.4692866547746,-36.7751871146326,3.27518711463259));
#2719=CARTESIAN_POINT('',(-22.5417543204928,-36.5319195619076,3.03191956190755));
#2720=CARTESIAN_POINT('',(-22.719226610319,-36.0506985286079,2.5506985286079));
#2721=CARTESIAN_POINT('',(-22.8228400415663,-35.811013891818,2.31101389181799));
#2722=CARTESIAN_POINT('',(-23.0639648696083,-35.3398979216409,1.83989792164089));
#2723=CARTESIAN_POINT('',(-23.2016541132466,-35.1050474692775,1.60504746927747));
#2724=CARTESIAN_POINT('',(-23.5061080796155,-34.6500366212698,1.15003662126979));
#2725=CARTESIAN_POINT('',(-23.681751714788,-34.4199626382165,0.919962638216522));
#2726=CARTESIAN_POINT('',(-23.8762454189881,-34.1875234347074,0.687523434707349));
#2727=CARTESIAN_POINT('',(-23.8955716687553,-34.1648096969323,0.664809696932323));
#2728=CARTESIAN_POINT('',(-24.0011389613205,-34.0408145055924,0.540814505592437));
#2729=CARTESIAN_POINT('',(-24.0871810325696,-33.9461374167486,0.446137416748622));
#2730=CARTESIAN_POINT('',(-24.2094770504301,-33.8086884071226,0.308688407122614));
#2731=CARTESIAN_POINT('',(-24.2463206527794,-33.7689536121934,0.268953612193426));
#2732=CARTESIAN_POINT('',(-24.2832934802807,-33.7281234772719,0.228123477271934));
#2733=CARTESIAN_POINT('',(-24.2851566105211,-33.7260670556678,0.22606705566782));
#2734=CARTESIAN_POINT('',(-24.3546713976743,-33.6493404227091,0.149340422709138));
#2735=CARTESIAN_POINT('',(-24.4223230545871,-33.5746702113546,0.0746702113545689));
#2736=CARTESIAN_POINT('',(-24.4899747114999,-33.5,-7.85046229341887E-17));
#2737=CARTESIAN_POINT('',(-22.25,-38.8535533905933,5.35355339059328));
#2738=VECTOR('',#2739,1.);
#2739=DIRECTION('',(-0.70710678118654,-0.500000000000006,-0.500000000000004));
#2740=CARTESIAN_POINT('',(-22.25,-43.5,9.99999999999999));
#2741=CARTESIAN_POINT('',(-22.25,-43.5,9.99999999999998));
#2742=VECTOR('',#2743,1.);
#2743=DIRECTION('',(0.,0.707106781186548,-0.707106781186547));
#2744=CARTESIAN_POINT('',(-19.75,-43.5,9.99999999999999));
#2745=CARTESIAN_POINT('',(-19.75,-43.5,9.99999999999999));
#2746=VECTOR('',#2747,1.);
#2747=DIRECTION('',(-1.,0.,0.));
#2748=CARTESIAN_POINT('',(-19.75,-33.5,-5.17014681010994E-16));
#2749=VECTOR('',#2750,1.);
#2750=DIRECTION('',(-1.00485917355762E-15,-0.707106781186548,0.707106781186547));
#2751=CARTESIAN_POINT('',(-18.75,-44.5,9.58578643762689));
#2752=CARTESIAN_POINT('',(-18.75,-34.9142135623731,6.66133814775094E-16));
#2753=VECTOR('',#2754,1.);
#2754=DIRECTION('',(-7.86210276091638E-16,-0.707106781186548,0.707106781186547));
#2755=CARTESIAN_POINT('',(-18.75,-44.5,9.58578643762689));
#2756=VECTOR('',#2757,1.);
#2757=DIRECTION('',(-0.678598344545846,0.678598344545846,0.281084637714827));
#2758=CARTESIAN_POINT('',(-18.75,-44.5,15.));
#2759=CARTESIAN_POINT('',(-18.75,-44.5,9.58578643762688));
#2760=VECTOR('',#2761,1.);
#2761=DIRECTION('',(0.,0.,1.));
#2762=CARTESIAN_POINT('',(-18.75,-47.5,15.));
#2763=VECTOR('',#2764,1.);
#2764=DIRECTION('',(0.,1.,0.));
#2765=CARTESIAN_POINT('',(18.75,-44.5,9.58578643762695));
#2766=CARTESIAN_POINT('',(18.75,-44.5,9.58578643762695));
#2767=VECTOR('',#2768,1.);
#2768=DIRECTION('',(-5.2414018406109E-16,0.707106781186546,-0.707106781186549));
#2769=CARTESIAN_POINT('',(18.75,-44.5,15.));
#2770=CARTESIAN_POINT('',(18.75,-47.5,15.));
#2771=VECTOR('',#2772,1.);
#2772=DIRECTION('',(-1.1842378929335E-15,1.,0.));
#2773=CARTESIAN_POINT('',(18.75,-44.5,9.58578643762695));
#2774=VECTOR('',#2775,1.);
#2775=DIRECTION('',(6.56182774815286E-16,0.,1.));
#2776=CARTESIAN_POINT('',(19.75,-43.5,10.));
#2777=CARTESIAN_POINT('',(18.75,-44.5,9.58578643762695));
#2778=VECTOR('',#2779,1.);
#2779=DIRECTION('',(0.678598344545845,0.678598344545858,0.281084637714798));
#2780=CARTESIAN_POINT('',(19.75,-43.5,10.));
#2781=VECTOR('',#2782,1.);
#2782=DIRECTION('',(-1.25607396694702E-15,0.707106781186546,-0.707106781186549));
#2783=CARTESIAN_POINT('',(22.25,-43.5,10.));
#2784=CARTESIAN_POINT('',(22.25,-38.8535533905933,5.35355339059327));
#2785=CARTESIAN_POINT('',(22.25,-38.8535533905933,5.35355339059327));
#2786=VECTOR('',#2787,1.);
#2787=DIRECTION('',(-5.40660023685236E-16,-0.707106781186546,0.707106781186549));
#2788=CARTESIAN_POINT('',(22.25,-38.8535533905933,5.35355339059327));
#2789=CARTESIAN_POINT('',(22.24629402965,-38.7330795963625,5.23307959636253));
#2790=CARTESIAN_POINT('',(22.2392686247497,-38.6126542122987,5.1126542122987));
#2791=CARTESIAN_POINT('',(22.2387700449369,-38.2462269430388,4.74622694303884));
#2792=CARTESIAN_POINT('',(22.2527011740979,-37.9994759983964,4.49947599839642));
#2793=CARTESIAN_POINT('',(22.3100733583024,-37.5083763485942,4.0083763485942));
#2794=CARTESIAN_POINT('',(22.3529018819943,-37.2626695233695,3.7626695233695));
#2795=CARTESIAN_POINT('',(22.4692866547745,-36.7751871146326,3.2751871146326));
#2796=CARTESIAN_POINT('',(22.5417543204928,-36.5319195619076,3.03191956190756));
#2797=CARTESIAN_POINT('',(22.719226610319,-36.0506985286079,2.55069852860791));
#2798=CARTESIAN_POINT('',(22.8228400415662,-35.811013891818,2.311013891818));
#2799=CARTESIAN_POINT('',(23.0639648696083,-35.3398979216409,1.8398979216409));
#2800=CARTESIAN_POINT('',(23.2016541132466,-35.1050474692775,1.60504746927748));
#2801=CARTESIAN_POINT('',(23.5061080796155,-34.6500366212698,1.1500366212698));
#2802=CARTESIAN_POINT('',(23.681751714788,-34.4199626382165,0.919962638216534));
#2803=CARTESIAN_POINT('',(23.8762454189881,-34.1875234347074,0.687523434707351));
#2804=CARTESIAN_POINT('',(23.8955716687553,-34.1648096969323,0.664809696932316));
#2805=CARTESIAN_POINT('',(24.0011389613204,-34.0408145055924,0.54081450559241));
#2806=CARTESIAN_POINT('',(24.0871810325696,-33.9461374167486,0.446137416748556));
#2807=CARTESIAN_POINT('',(24.2094770504301,-33.8086884071226,0.308688407122547));
#2808=CARTESIAN_POINT('',(24.2463206527796,-33.7689536121934,0.268953612193413));
#2809=CARTESIAN_POINT('',(24.2832934802807,-33.7281234772719,0.228123477271919));
#2810=CARTESIAN_POINT('',(24.2851566105211,-33.7260670556678,0.226067055667806));
#2811=CARTESIAN_POINT('',(24.3546713976741,-33.6493404227091,0.149340422709128));
#2812=CARTESIAN_POINT('',(24.4223230545867,-33.5746702113546,0.074670211354564));
#2813=CARTESIAN_POINT('',(24.4899747114993,-33.5,-2.74766180269661E-16));
#2814=CARTESIAN_POINT('',(19.75,-43.5,10.));
#2815=VECTOR('',#2816,1.);
#2816=DIRECTION('',(1.,2.84217094304038E-15,0.));
#2817=CARTESIAN_POINT('',(22.75,-39.2071067811865,5.));
#2818=CARTESIAN_POINT('',(22.25,-38.8535533905933,5.35355339059327));
#2819=VECTOR('',#2820,1.);
#2820=DIRECTION('',(0.707106781186544,-0.500000000000005,-0.5));
#2821=CARTESIAN_POINT('',(22.75,-39.2071067811865,5.));
#2822=CARTESIAN_POINT('',(22.75,-39.0501350417514,4.82796043837125));
#2823=CARTESIAN_POINT('',(22.7627666701282,-38.7785163811796,4.53055861782702));
#2824=CARTESIAN_POINT('',(22.8068271198148,-38.4413032489182,4.1570565004228));
#2825=CARTESIAN_POINT('',(22.8529583266109,-38.2007902662908,3.88583820622753));
#2826=CARTESIAN_POINT('',(22.8968386504851,-38.0151887164309,3.67533696629085));
#2827=CARTESIAN_POINT('',(22.9463321830581,-37.8377042259395,3.47303055626265));
#2828=CARTESIAN_POINT('',(22.998039305426,-37.678565810702,3.2892676389393));
#2829=CARTESIAN_POINT('',(23.0524262566845,-37.5324308539904,3.11673732224347));
#2830=CARTESIAN_POINT('',(23.1053385853558,-37.4030150391791,2.96365969376032));
#2831=CARTESIAN_POINT('',(23.1603607468268,-37.2803721490596,2.81747624015636));
#2832=CARTESIAN_POINT('',(23.2125108344013,-37.1739079743241,2.68875796536577));
#2833=CARTESIAN_POINT('',(23.2598957440407,-37.0844298796633,2.57870057959017));
#2834=CARTESIAN_POINT('',(23.3100093924837,-36.9959884861111,2.46786915603543));
#2835=CARTESIAN_POINT('',(23.3767188063912,-36.8868638722338,2.32810098786908));
#2836=CARTESIAN_POINT('',(23.4667327059416,-36.7501207627469,2.1533447118526));
#2837=CARTESIAN_POINT('',(23.5688627575872,-36.6129865990733,1.9718304728073));
#2838=CARTESIAN_POINT('',(23.657841473429,-36.5082097471773,1.82558642537393));
#2839=CARTESIAN_POINT('',(23.7249999093693,-36.4378812519372,1.7209148597347));
#2840=CARTESIAN_POINT('',(23.7769670647244,-36.3859738746301,1.64268121605206));
#2841=CARTESIAN_POINT('',(23.8339202631997,-36.3305413076837,1.55964275700237));
#2842=CARTESIAN_POINT('',(23.9100468305507,-36.2603212925911,1.45280951819025));
#2843=CARTESIAN_POINT('',(24.0042752148823,-36.1816385596574,1.32737516516587));
#2844=CARTESIAN_POINT('',(24.1036552585289,-36.1113207520929,1.20276807860716));
#2845=CARTESIAN_POINT('',(24.1832697104623,-36.0648551315935,1.10789565934774));
#2846=CARTESIAN_POINT('',(24.2428361212792,-36.0355396881846,1.03929892159507));
#2847=CARTESIAN_POINT('',(24.2946786024942,-36.0130692552232,0.9810046196621));
#2848=CARTESIAN_POINT('',(24.3600887861283,-35.9856212199953,0.909428250612919));
#2849=CARTESIAN_POINT('',(24.4474836563545,-35.952745293,0.817255245151548));
#2850=CARTESIAN_POINT('',(24.5532042032051,-35.9203562011489,0.711002942019158));
#2851=CARTESIAN_POINT('',(24.6609142736191,-35.8980405743114,0.608395601208301));
#2852=CARTESIAN_POINT('',(24.7539255627407,-35.8884300421239,0.523917579544971));
#2853=CARTESIAN_POINT('',(24.825777194626,-35.887286450744,0.460983692318606));
#2854=CARTESIAN_POINT('',(24.8832254098052,-35.8903505294957,0.412018879883991));
#2855=CARTESIAN_POINT('',(24.9332482974033,-35.8961322173562,0.370344391997471));
#2856=CARTESIAN_POINT('',(24.9803485051438,-35.9040865956457,0.331929125109044));
#2857=CARTESIAN_POINT('',(25.0272218790573,-35.9133848835231,0.294460318995317));
#2858=CARTESIAN_POINT('',(25.0797178327624,-35.9283610497841,0.2533432935484));
#2859=CARTESIAN_POINT('',(25.1520397342341,-35.9554415212294,0.198077129634949));
#2860=CARTESIAN_POINT('',(25.2425404451848,-35.9990651477293,0.131411455197509));
#2861=CARTESIAN_POINT('',(25.3408387283874,-36.055118273455,0.0621795607210271));
#2862=CARTESIAN_POINT('',(25.4043066940456,-36.0942290587709,0.0192818718908995));
#2863=CARTESIAN_POINT('',(25.4333752096446,-36.1123826364931,-1.86517468137026E-14));
#2864=CARTESIAN_POINT('',(32.0666247903554,-27.5,-2.22044604925031E-14));
#2865=CARTESIAN_POINT('',(29.9937342963833,-28.875,-1.375));
#2866=CARTESIAN_POINT('',(27.5062657036167,-28.875,-1.375));
#2867=CARTESIAN_POINT('',(25.4333752096446,-27.5,-1.86517468137026E-14));
#2868=CARTESIAN_POINT('',(22.75,-43.5,5.));
#2869=CARTESIAN_POINT('',(22.75,-43.5,5.));
#2870=VECTOR('',#2871,1.);
#2871=DIRECTION('',(-8.27580258281489E-16,1.,0.));
#2872=CARTESIAN_POINT('',(34.75,-43.5,4.99999999999999));
#2873=AXIS2_PLACEMENT_3D('',#2874,#2875,#2876);
#2874=CARTESIAN_POINT('',(28.75,-43.5,4.99999999999999));
#2875=DIRECTION('',(3.5527136788005E-16,-1.,-4.35081943503005E-32));
#2876=DIRECTION('',(-1.,-3.5527136788005E-16,8.88178419700125E-16));
#2877=CARTESIAN_POINT('',(34.75,-43.5,4.99999999999999));
#2878=VECTOR('',#2879,1.);
#2879=DIRECTION('',(0.,1.,0.));
#2880=CARTESIAN_POINT('',(34.75,-43.5,9.2928932188135));
#2881=CARTESIAN_POINT('',(34.75,-43.5,9.2928932188135));
#2882=VECTOR('',#2883,1.);
#2883=DIRECTION('',(0.,0.707106781186546,-0.707106781186549));
#2884=CARTESIAN_POINT('',(35.25,-43.5,10.));
#2885=VECTOR('',#2886,1.);
#2886=DIRECTION('',(-0.577350269189627,-8.20464079523679E-15,-0.816496580927725));
#2887=CARTESIAN_POINT('',(34.75,-43.5,5.));
#2888=VECTOR('',#2889,1.);
#2889=DIRECTION('',(0.,0.,1.));
#2890=CARTESIAN_POINT('',(22.75,-43.5,9.29289321881349));
#2891=CARTESIAN_POINT('',(22.75,-43.5,5.));
#2892=VECTOR('',#2893,1.);
#2893=DIRECTION('',(0.,0.,1.));
#2894=CARTESIAN_POINT('',(22.75,-43.5,9.29289321881349));
#2895=VECTOR('',#2896,1.);
#2896=DIRECTION('',(-0.577350269189633,0.,0.816496580927721));
#2897=CARTESIAN_POINT('',(19.75,-43.5,14.));
#2898=CARTESIAN_POINT('',(19.75,-43.5,10.));
#2899=VECTOR('',#2900,1.);
#2900=DIRECTION('',(8.88178419700125E-16,0.,1.));
#2901=CARTESIAN_POINT('',(37.75,-43.5,14.));
#2902=CARTESIAN_POINT('',(19.75,-43.5,14.));
#2903=VECTOR('',#2904,1.);
#2904=DIRECTION('',(1.,3.94745964311167E-16,-9.86864910777917E-17));
#2905=CARTESIAN_POINT('',(37.75,-43.5,10.));
#2906=VECTOR('',#2907,1.);
#2907=DIRECTION('',(-1.77635683940025E-15,0.,1.));
#2908=CARTESIAN_POINT('',(26.2,-43.5,5.));
#2909=AXIS2_PLACEMENT_3D('',#2910,#2911,#2912);
#2910=CARTESIAN_POINT('',(28.75,-43.5,5.));
#2911=DIRECTION('',(3.5527136788005E-16,-1.,-4.35081943503005E-32));
#2912=DIRECTION('',(-1.,-3.5527136788005E-16,1.22464679914735E-16));
#2913=CARTESIAN_POINT('',(37.75,-43.5,14.));
#2914=VECTOR('',#2915,1.);
#2915=DIRECTION('',(0.577350269189627,-0.577350269189627,0.577350269189623));
#2916=CARTESIAN_POINT('',(18.75,-44.5,15.));
#2917=VECTOR('',#2918,1.);
#2918=DIRECTION('',(1.,3.5527136788005E-16,-8.88178419700125E-17));
#2919=CARTESIAN_POINT('',(-18.75,-44.5,15.));
#2920=VECTOR('',#2921,1.);
#2921=DIRECTION('',(-1.,3.5527136788005E-16,0.));
#2922=CARTESIAN_POINT('',(-26.2,-43.5,5.));
#2923=AXIS2_PLACEMENT_3D('',#2924,#2925,#2926);
#2924=CARTESIAN_POINT('',(-28.75,-43.5,5.));
#2925=DIRECTION('',(-3.5527136788005E-16,-1.,0.));
#2926=DIRECTION('',(1.,-3.5527136788005E-16,0.));
#2927=CARTESIAN_POINT('',(-52.5,28.5,19.));
#2928=CARTESIAN_POINT('',(-52.5,28.5,19.));
#2929=VECTOR('',#2930,1.);
#2930=DIRECTION('',(-1.,0.,0.));
#2931=CARTESIAN_POINT('',(-52.5,27.5,20.));
#2932=CARTESIAN_POINT('',(-52.5,27.5,20.));
#2933=VECTOR('',#2934,1.);
#2934=DIRECTION('',(-1.,0.,0.));
#2935=CARTESIAN_POINT('',(-52.5,28.5,19.));
#2936=VECTOR('',#2937,1.);
#2937=DIRECTION('',(0.,-0.707106781186547,0.707106781186547));
#2938=CARTESIAN_POINT('',(-52.5,28.5,1.));
#2939=VECTOR('',#2940,1.);
#2940=DIRECTION('',(0.,0.,1.));
#2941=CARTESIAN_POINT('',(-52.5,8.50000000000001,19.));
#2942=CARTESIAN_POINT('',(-57.5,8.50000000000001,19.));
#2943=VECTOR('',#2944,1.);
#2944=DIRECTION('',(1.,0.,0.));
#2945=CARTESIAN_POINT('',(-52.5,8.50000000000001,1.));
#2946=VECTOR('',#2947,1.);
#2947=DIRECTION('',(0.,0.,1.));
#2948=CARTESIAN_POINT('',(-52.5,9.50000000000001,20.));
#2949=CARTESIAN_POINT('',(-52.5,9.50000000000001,20.));
#2950=VECTOR('',#2951,1.);
#2951=DIRECTION('',(0.,-0.707106781186547,-0.707106781186547));
#2952=CARTESIAN_POINT('',(-57.5,9.50000000000001,20.));
#2953=VECTOR('',#2954,1.);
#2954=DIRECTION('',(1.,0.,0.));
#2955=CARTESIAN_POINT('',(-52.5,13.3804779603972,20.));
#2956=CARTESIAN_POINT('',(-52.5,9.50000000000001,20.));
#2957=VECTOR('',#2958,1.);
#2958=DIRECTION('',(0.,1.,0.));
#2959=CARTESIAN_POINT('',(-53.5,14.5,20.));
#2960=CARTESIAN_POINT('',(-52.5,13.3804779603972,20.));
#2961=VECTOR('',#2962,1.);
#2962=DIRECTION('',(-0.666173939807141,0.745796407823095,0.));
#2963=CARTESIAN_POINT('',(-57.5,14.5,20.));
#2964=VECTOR('',#2965,1.);
#2965=DIRECTION('',(1.,-8.88178419700125E-16,0.));
#2966=CARTESIAN_POINT('',(-53.5,15.8465732964055,17.3246104181413));
#2967=CARTESIAN_POINT('',(-53.5,14.5,20.));
#2968=VECTOR('',#2969,1.);
#2969=DIRECTION('',(0.,0.449583452893978,-0.89323833263241));
#2970=CARTESIAN_POINT('',(-53.5,15.8465732964055,17.3246104181413));
#2971=VECTOR('',#2972,1.);
#2972=DIRECTION('',(-1.,4.44089209850063E-16,0.));
#2973=CARTESIAN_POINT('',(-53.5,21.1534267035945,17.3246104181413));
#2974=AXIS2_PLACEMENT_3D('',#2975,#2976,#2977);
#2975=CARTESIAN_POINT('',(-53.5,18.5,12.45));
#2976=DIRECTION('',(-1.,1.49587944370547E-16,0.));
#2977=DIRECTION('',(7.15172335366872E-17,0.478094901548553,0.878308183448885));
#2978=CARTESIAN_POINT('',(-53.5,21.1534267035945,17.3246104181413));
#2979=VECTOR('',#2980,1.);
#2980=DIRECTION('',(-1.,0.,0.));
#2981=CARTESIAN_POINT('',(-53.5,22.5,20.));
#2982=CARTESIAN_POINT('',(-53.5,21.1534267035945,17.3246104181413));
#2983=VECTOR('',#2984,1.);
#2984=DIRECTION('',(0.,0.449583452893977,0.893238332632411));
#2985=CARTESIAN_POINT('',(-53.5,22.5,20.));
#2986=VECTOR('',#2987,1.);
#2987=DIRECTION('',(-1.,0.,0.));
#2988=CARTESIAN_POINT('',(-52.5,23.6195220396028,20.));
#2989=CARTESIAN_POINT('',(-53.5,22.5,20.));
#2990=VECTOR('',#2991,1.);
#2991=DIRECTION('',(0.666173939807141,0.745796407823095,0.));
#2992=CARTESIAN_POINT('',(-52.5,23.6195220396028,20.));
#2993=VECTOR('',#2994,1.);
#2994=DIRECTION('',(0.,1.,0.));
#2995=CARTESIAN_POINT('',(-52.5,22.4494757041293,17.6753365118902));
#2996=CARTESIAN_POINT('',(-52.5,22.4494757041293,17.6753365118902));
#2997=VECTOR('',#2998,1.);
#2998=DIRECTION('',(0.,0.449583452893979,0.89323833263241));
#2999=CARTESIAN_POINT('',(-52.5,14.5505242958707,17.6753365118902));
#3000=AXIS2_PLACEMENT_3D('',#3001,#3002,#3003);
#3001=CARTESIAN_POINT('',(-52.5,18.5,12.45));
#3002=DIRECTION('',(-1.,0.,0.));
#3003=DIRECTION('',(0.,0.602973389943403,0.797761299525216));
#3004=CARTESIAN_POINT('',(-52.5,13.3804779603972,20.));
#3005=VECTOR('',#3006,1.);
#3006=DIRECTION('',(0.,0.449583452893977,-0.893238332632411));
#3007=CARTESIAN_POINT('',(-37.75,-43.5,14.));
#3008=CARTESIAN_POINT('',(-37.75,-43.5,10.));
#3009=VECTOR('',#3010,1.);
#3010=DIRECTION('',(0.,0.,1.));
#3011=CARTESIAN_POINT('',(-37.75,-43.5,14.));
#3012=VECTOR('',#3013,1.);
#3013=DIRECTION('',(-0.577350269189623,-0.577350269189628,0.577350269189627));
#3014=CARTESIAN_POINT('',(-34.75,-43.5,9.29289321881343));
#3015=CARTESIAN_POINT('',(-34.75,-43.5,9.29289321881343));
#3016=VECTOR('',#3017,1.);
#3017=DIRECTION('',(-0.577350269189619,-8.20464079523644E-15,0.816496580927731));
#3018=CARTESIAN_POINT('',(-34.75,-39.2071067811866,5.));
#3019=VECTOR('',#3020,1.);
#3020=DIRECTION('',(0.,-0.707106781186549,0.707106781186546));
#3021=CARTESIAN_POINT('',(-22.75,-43.5,9.29289321881343));
#3022=CARTESIAN_POINT('',(-22.25,-43.5,9.99999999999999));
#3023=VECTOR('',#3024,1.);
#3024=DIRECTION('',(-0.577350269189617,0.,-0.816496580927732));
#3025=CARTESIAN_POINT('',(-22.75,-43.5,5.));
#3026=VECTOR('',#3027,1.);
#3027=DIRECTION('',(0.,0.,1.));
#3028=CARTESIAN_POINT('',(-34.75,-43.5,5.));
#3029=VECTOR('',#3030,1.);
#3030=DIRECTION('',(0.,0.,1.));
#3031=CARTESIAN_POINT('',(-19.75,-43.5,14.));
#3032=CARTESIAN_POINT('',(-19.75,-43.5,14.));
#3033=VECTOR('',#3034,1.);
#3034=DIRECTION('',(-1.,3.94745964311167E-16,-1.97372982155583E-16));
#3035=CARTESIAN_POINT('',(-19.75,-43.5,10.));
#3036=VECTOR('',#3037,1.);
#3037=DIRECTION('',(0.,0.,1.));
#3038=CARTESIAN_POINT('',(-22.75,-43.5,9.29289321881343));
#3039=VECTOR('',#3040,1.);
#3040=DIRECTION('',(5.8518761260696E-16,0.707106781186548,-0.707106781186547));
#3041=CARTESIAN_POINT('',(-18.75,-44.5,15.));
#3042=VECTOR('',#3043,1.);
#3043=DIRECTION('',(-0.577350269189626,0.577350269189626,-0.577350269189625));
#3044=CARTESIAN_POINT('',(18.75,-44.5,15.));
#3045=VECTOR('',#3046,1.);
#3046=DIRECTION('',(0.577350269189624,0.577350269189627,-0.577350269189627));
#3047=CARTESIAN_POINT('',(22.75,-39.2071067811865,5.));
#3048=VECTOR('',#3049,1.);
#3049=DIRECTION('',(1.17037522521391E-15,-0.707106781186546,0.707106781186549));
#3050=CARTESIAN_POINT('',(-52.5,14.5505242958707,17.6753365118902));
#3051=CARTESIAN_POINT('',(-52.5424723122076,14.6043811228457,17.6628034213502));
#3052=CARTESIAN_POINT('',(-52.6272654702423,14.7121646987267,17.6372614146404));
#3053=CARTESIAN_POINT('',(-52.7539016716705,14.8739561027536,17.597486635511));
#3054=CARTESIAN_POINT('',(-52.8799734065911,15.035881603891,17.5561898982615));
#3055=CARTESIAN_POINT('',(-53.0053627936642,15.1978237505106,17.5133423560926));
#3056=CARTESIAN_POINT('',(-53.1300328220969,15.3597693106558,17.4688879760218));
#3057=CARTESIAN_POINT('',(-53.2540126993085,15.5217939790933,17.4227413322002));
#3058=CARTESIAN_POINT('',(-53.377393707916,15.6840600907996,17.3747829335604));
#3059=CARTESIAN_POINT('',(-53.4591969214168,15.7923634184491,17.3415577999149));
#3060=CARTESIAN_POINT('',(-53.4999999999998,15.8465732964057,17.3246104181414));
#3061=CARTESIAN_POINT('',(-52.5,22.4494757041293,17.6753365118902));
#3062=CARTESIAN_POINT('',(-52.5424723122076,22.3956188771543,17.6628034213502));
#3063=CARTESIAN_POINT('',(-52.6272654702423,22.2878353012733,17.6372614146404));
#3064=CARTESIAN_POINT('',(-52.7539016716705,22.1260438972464,17.597486635511));
#3065=CARTESIAN_POINT('',(-52.8799734065912,21.964118396109,17.5561898982615));
#3066=CARTESIAN_POINT('',(-53.0053627936643,21.8021762494894,17.5133423560925));
#3067=CARTESIAN_POINT('',(-53.130032822097,21.6402306893443,17.4688879760217));
#3068=CARTESIAN_POINT('',(-53.2540126993086,21.4782060209068,17.4227413322002));
#3069=CARTESIAN_POINT('',(-53.3773937079161,21.3159399092005,17.3747829335603));
#3070=CARTESIAN_POINT('',(-53.459196921417,21.2076365815512,17.3415577999148));
#3071=CARTESIAN_POINT('',(-53.5,21.1534267035945,17.3246104181413));
ENDSEC;
END-ISO-10303-21;
