ISO-10303-21;
HEADER;
FILE_DESCRIPTION((''),'2;1');
FILE_NAME('LINEAR_POTENTIOMETER_B103_ASM_ASM','2025-03-03T18:42:15',('Supple'),(
''),'CREO PARAMETRIC BY PTC INC, 2023073','CREO PARAMETRIC BY PTC INC, 2023073',
'');
FILE_SCHEMA(('CONFIG_CONTROL_DESIGN'));
ENDSEC;
DATA;
#2=CARTESIAN_POINT('',(3.5E0,-2.75E0,3.75E1));
#3=DIRECTION('',(0.E0,0.E0,1.E0));
#4=DIRECTION('',(0.E0,-1.E0,0.E0));
#5=AXIS2_PLACEMENT_3D('',#2,#3,#4);
#7=DIRECTION('',(1.E0,0.E0,0.E0));
#8=VECTOR('',#7,7.E0);
#9=CARTESIAN_POINT('',(-3.5E0,-3.E0,3.75E1));
#10=LINE('',#9,#8);
#11=CARTESIAN_POINT('',(-3.5E0,-2.75E0,3.75E1));
#12=DIRECTION('',(0.E0,0.E0,1.E0));
#13=DIRECTION('',(-1.E0,0.E0,0.E0));
#14=AXIS2_PLACEMENT_3D('',#11,#12,#13);
#16=DIRECTION('',(0.E0,-1.E0,0.E0));
#17=VECTOR('',#16,5.5E-1);
#18=CARTESIAN_POINT('',(-3.75E0,-2.2E0,3.75E1));
#19=LINE('',#18,#17);
#20=DIRECTION('',(1.E0,0.E0,0.E0));
#21=VECTOR('',#20,8.75E-1);
#22=CARTESIAN_POINT('',(-4.625E0,-2.2E0,3.75E1));
#23=LINE('',#22,#21);
#24=DIRECTION('',(0.E0,-1.E0,0.E0));
#25=VECTOR('',#24,1.2E0);
#26=CARTESIAN_POINT('',(-4.625E0,-1.E0,3.75E1));
#27=LINE('',#26,#25);
#28=DIRECTION('',(9.831300494836E-1,1.829079161830E-1,0.E0));
#29=VECTOR('',#28,1.366807983039E0);
#30=CARTESIAN_POINT('',(-4.625E0,-1.E0,3.75E1));
#31=LINE('',#30,#29);
#32=DIRECTION('',(0.E0,1.E0,0.E0));
#33=VECTOR('',#32,1.2E0);
#34=CARTESIAN_POINT('',(4.625E0,-2.2E0,3.75E1));
#35=LINE('',#34,#33);
#36=DIRECTION('',(1.E0,0.E0,0.E0));
#37=VECTOR('',#36,8.75E-1);
#38=CARTESIAN_POINT('',(3.75E0,-2.2E0,3.75E1));
#39=LINE('',#38,#37);
#40=DIRECTION('',(0.E0,1.E0,0.E0));
#41=VECTOR('',#40,5.5E-1);
#42=CARTESIAN_POINT('',(3.75E0,-2.75E0,3.75E1));
#43=LINE('',#42,#41);
#44=DIRECTION('',(0.E0,0.E0,1.E0));
#45=VECTOR('',#44,5.E-1);
#46=CARTESIAN_POINT('',(3.75E0,-2.75E0,3.7E1));
#47=LINE('',#46,#45);
#48=DIRECTION('',(0.E0,0.E0,-1.E0));
#49=VECTOR('',#48,5.E-1);
#50=CARTESIAN_POINT('',(3.75E0,-2.2E0,3.75E1));
#51=LINE('',#50,#49);
#52=DIRECTION('',(0.E0,0.E0,-1.E0));
#53=VECTOR('',#52,5.E-1);
#54=CARTESIAN_POINT('',(4.625E0,-2.2E0,3.75E1));
#55=LINE('',#54,#53);
#56=DIRECTION('',(0.E0,0.E0,-1.E0));
#57=VECTOR('',#56,5.E-1);
#58=CARTESIAN_POINT('',(4.625E0,-1.E0,3.75E1));
#59=LINE('',#58,#57);
#60=DIRECTION('',(9.831300494836E-1,-1.829079161830E-1,0.E0));
#61=VECTOR('',#60,1.366807983039E0);
#62=CARTESIAN_POINT('',(3.28125E0,-7.5E-1,3.75E1));
#63=LINE('',#62,#61);
#64=DIRECTION('',(0.E0,0.E0,-1.E0));
#65=VECTOR('',#64,5.E-1);
#66=CARTESIAN_POINT('',(3.28125E0,-7.5E-1,3.75E1));
#67=LINE('',#66,#65);
#68=DIRECTION('',(9.831300494836E-1,-1.829079161830E-1,0.E0));
#69=VECTOR('',#68,1.366807983039E0);
#70=CARTESIAN_POINT('',(3.28125E0,-7.5E-1,3.7E1));
#71=LINE('',#70,#69);
#72=CARTESIAN_POINT('',(3.875E0,0.E0,3.675E1));
#73=CARTESIAN_POINT('',(3.827047406162E0,0.E0,3.684528521374E1));
#74=CARTESIAN_POINT('',(3.730384500262E0,-3.659496295552E-2,3.703741599001E1));
#75=CARTESIAN_POINT('',(3.582097237941E0,-2.001765101942E-1,3.728829611945E1));
#76=CARTESIAN_POINT('',(3.433576318551E0,-4.477995128595E-1,3.745811693958E1));
#77=CARTESIAN_POINT('',(3.332286921363E0,-6.486008548654E-1,3.75E1));
#78=CARTESIAN_POINT('',(3.28125E0,-7.5E-1,3.75E1));
#80=DIRECTION('',(0.E0,-1.E0,0.E0));
#81=VECTOR('',#80,5.E-1);
#82=CARTESIAN_POINT('',(3.875E0,0.E0,3.675E1));
#83=LINE('',#82,#81);
#84=CARTESIAN_POINT('',(3.875E0,-5.E-1,3.675E1));
#85=CARTESIAN_POINT('',(3.827047406162E0,-5.E-1,3.678176173791E1));
#86=CARTESIAN_POINT('',(3.730384500262E0,-5.121983209852E-1,3.684580533E1));
#87=CARTESIAN_POINT('',(3.582097237941E0,-5.667255033981E-1,3.692943203982E1));
#88=CARTESIAN_POINT('',(3.433576318551E0,-6.492665042865E-1,3.698603897986E1));
#89=CARTESIAN_POINT('',(3.332286921363E0,-7.162002849551E-1,3.7E1));
#90=CARTESIAN_POINT('',(3.28125E0,-7.5E-1,3.7E1));
#92=DIRECTION('',(1.E0,0.E0,0.E0));
#93=VECTOR('',#92,7.75E0);
#94=CARTESIAN_POINT('',(-3.875E0,0.E0,3.675E1));
#95=LINE('',#94,#93);
#96=DIRECTION('',(-1.E0,0.E0,0.E0));
#97=VECTOR('',#96,6.5625E0);
#98=CARTESIAN_POINT('',(3.28125E0,-7.5E-1,3.75E1));
#99=LINE('',#98,#97);
#100=DIRECTION('',(1.E0,0.E0,0.E0));
#101=VECTOR('',#100,2.8E0);
#102=CARTESIAN_POINT('',(-1.4E0,0.E0,-3.345E1));
#103=LINE('',#102,#101);
#104=DIRECTION('',(0.E0,0.E0,-1.E0));
#105=VECTOR('',#104,6.69E1);
#106=CARTESIAN_POINT('',(-1.4E0,0.E0,3.345E1));
#107=LINE('',#106,#105);
#108=DIRECTION('',(-1.E0,0.E0,0.E0));
#109=VECTOR('',#108,2.8E0);
#110=CARTESIAN_POINT('',(1.4E0,0.E0,3.345E1));
#111=LINE('',#110,#109);
#112=DIRECTION('',(0.E0,0.E0,1.E0));
#113=VECTOR('',#112,6.69E1);
#114=CARTESIAN_POINT('',(1.4E0,0.E0,-3.345E1));
#115=LINE('',#114,#113);
#116=CARTESIAN_POINT('',(0.E0,0.E0,3.55E1));
#117=DIRECTION('',(0.E0,1.E0,0.E0));
#118=DIRECTION('',(1.E0,0.E0,0.E0));
#119=AXIS2_PLACEMENT_3D('',#116,#117,#118);
#121=CARTESIAN_POINT('',(0.E0,0.E0,3.55E1));
#122=DIRECTION('',(0.E0,1.E0,0.E0));
#123=DIRECTION('',(-1.E0,0.E0,0.E0));
#124=AXIS2_PLACEMENT_3D('',#121,#122,#123);
#126=CARTESIAN_POINT('',(0.E0,0.E0,-3.55E1));
#127=DIRECTION('',(0.E0,1.E0,0.E0));
#128=DIRECTION('',(1.E0,0.E0,0.E0));
#129=AXIS2_PLACEMENT_3D('',#126,#127,#128);
#131=CARTESIAN_POINT('',(0.E0,0.E0,-3.55E1));
#132=DIRECTION('',(0.E0,1.E0,0.E0));
#133=DIRECTION('',(-1.E0,0.E0,0.E0));
#134=AXIS2_PLACEMENT_3D('',#131,#132,#133);
#136=DIRECTION('',(0.E0,0.E0,-1.E0));
#137=VECTOR('',#136,7.35E1);
#138=CARTESIAN_POINT('',(-4.625E0,-7.5E-1,3.675E1));
#139=LINE('',#138,#137);
#140=CARTESIAN_POINT('',(-3.875E0,-7.5E-1,-3.675E1));
#141=DIRECTION('',(0.E0,0.E0,-1.E0));
#142=DIRECTION('',(-1.E0,0.E0,0.E0));
#143=AXIS2_PLACEMENT_3D('',#140,#141,#142);
#145=DIRECTION('',(0.E0,0.E0,-1.E0));
#146=VECTOR('',#145,7.35E1);
#147=CARTESIAN_POINT('',(-3.875E0,0.E0,3.675E1));
#148=LINE('',#147,#146);
#149=CARTESIAN_POINT('',(-3.875E0,-7.5E-1,3.675E1));
#150=DIRECTION('',(0.E0,0.E0,-1.E0));
#151=DIRECTION('',(-1.E0,0.E0,0.E0));
#152=AXIS2_PLACEMENT_3D('',#149,#150,#151);
#154=CARTESIAN_POINT('',(-4.625E0,-5.25E0,-1.375E1));
#155=DIRECTION('',(-1.E0,0.E0,0.E0));
#156=DIRECTION('',(0.E0,-1.E0,0.E0));
#157=AXIS2_PLACEMENT_3D('',#154,#155,#156);
#159=DIRECTION('',(0.E0,0.E0,-1.E0));
#160=VECTOR('',#159,6.E-1);
#161=CARTESIAN_POINT('',(-4.625E0,-5.5E0,-1.375E1));
#162=LINE('',#161,#160);
#163=DIRECTION('',(0.E0,1.E0,0.E0));
#164=VECTOR('',#163,2.E-1);
#165=CARTESIAN_POINT('',(-4.625E0,-5.7E0,-1.435E1));
#166=LINE('',#165,#164);
#167=DIRECTION('',(0.E0,1.E0,0.E0));
#168=VECTOR('',#167,2.E-1);
#169=CARTESIAN_POINT('',(-4.625E0,-5.7E0,-1.555E1));
#170=LINE('',#169,#168);
#171=DIRECTION('',(0.E0,0.E0,-1.E0));
#172=VECTOR('',#171,6.E-1);
#173=CARTESIAN_POINT('',(-4.625E0,-5.5E0,-1.555E1));
#174=LINE('',#173,#172);
#175=CARTESIAN_POINT('',(-4.625E0,-5.25E0,-1.615E1));
#176=DIRECTION('',(-1.E0,0.E0,0.E0));
#177=DIRECTION('',(0.E0,0.E0,-1.E0));
#178=AXIS2_PLACEMENT_3D('',#175,#176,#177);
#180=DIRECTION('',(0.E0,-1.E0,0.E0));
#181=VECTOR('',#180,1.75E0);
#182=CARTESIAN_POINT('',(-4.625E0,-3.5E0,-1.64E1));
#183=LINE('',#182,#181);
#184=DIRECTION('',(0.E0,0.E0,1.E0));
#185=VECTOR('',#184,1.21E1);
#186=CARTESIAN_POINT('',(-4.625E0,-3.5E0,-2.85E1));
#187=LINE('',#186,#185);
#188=DIRECTION('',(0.E0,1.E0,0.E0));
#189=VECTOR('',#188,1.75E0);
#190=CARTESIAN_POINT('',(-4.625E0,-5.25E0,-2.85E1));
#191=LINE('',#190,#189);
#192=CARTESIAN_POINT('',(-4.625E0,-5.25E0,-2.875E1));
#193=DIRECTION('',(-1.E0,0.E0,0.E0));
#194=DIRECTION('',(0.E0,-1.E0,0.E0));
#195=AXIS2_PLACEMENT_3D('',#192,#193,#194);
#197=DIRECTION('',(0.E0,0.E0,-1.E0));
#198=VECTOR('',#197,6.E-1);
#199=CARTESIAN_POINT('',(-4.625E0,-5.5E0,-2.875E1));
#200=LINE('',#199,#198);
#201=DIRECTION('',(0.E0,1.E0,0.E0));
#202=VECTOR('',#201,2.E-1);
#203=CARTESIAN_POINT('',(-4.625E0,-5.7E0,-2.935E1));
#204=LINE('',#203,#202);
#205=DIRECTION('',(0.E0,1.E0,1.776356839400E-14));
#206=VECTOR('',#205,2.E-1);
#207=CARTESIAN_POINT('',(-4.625E0,-5.7E0,-3.055E1));
#208=LINE('',#207,#206);
#209=DIRECTION('',(0.E0,0.E0,-1.E0));
#210=VECTOR('',#209,6.E-1);
#211=CARTESIAN_POINT('',(-4.625E0,-5.5E0,-3.055E1));
#212=LINE('',#211,#210);
#213=CARTESIAN_POINT('',(-4.625E0,-5.25E0,-3.115E1));
#214=DIRECTION('',(-1.E0,0.E0,0.E0));
#215=DIRECTION('',(0.E0,0.E0,-1.E0));
#216=AXIS2_PLACEMENT_3D('',#213,#214,#215);
#218=DIRECTION('',(0.E0,-1.E0,0.E0));
#219=VECTOR('',#218,1.75E0);
#220=CARTESIAN_POINT('',(-4.625E0,-3.5E0,-3.14E1));
#221=LINE('',#220,#219);
#222=DIRECTION('',(0.E0,0.E0,1.E0));
#223=VECTOR('',#222,5.85E0);
#224=CARTESIAN_POINT('',(-4.625E0,-3.5E0,-3.725E1));
#225=LINE('',#224,#223);
#226=CARTESIAN_POINT('',(-4.625E0,-3.25E0,-3.725E1));
#227=DIRECTION('',(-1.E0,0.E0,0.E0));
#228=DIRECTION('',(0.E0,0.E0,-1.E0));
#229=AXIS2_PLACEMENT_3D('',#226,#227,#228);
#231=DIRECTION('',(0.E0,-1.E0,0.E0));
#232=VECTOR('',#231,9.5E-1);
#233=CARTESIAN_POINT('',(-4.625E0,-2.3E0,-3.75E1));
#234=LINE('',#233,#232);
#235=DIRECTION('',(0.E0,0.E0,-1.E0));
#236=VECTOR('',#235,7.5E-1);
#237=CARTESIAN_POINT('',(-4.625E0,-2.3E0,-3.675E1));
#238=LINE('',#237,#236);
#239=DIRECTION('',(0.E0,-1.E0,0.E0));
#240=VECTOR('',#239,1.55E0);
#241=CARTESIAN_POINT('',(-4.625E0,-7.5E-1,-3.675E1));
#242=LINE('',#241,#240);
#243=DIRECTION('',(0.E0,1.E0,0.E0));
#244=VECTOR('',#243,1.55E0);
#245=CARTESIAN_POINT('',(-4.625E0,-2.3E0,3.675E1));
#246=LINE('',#245,#244);
#247=DIRECTION('',(0.E0,0.E0,-1.E0));
#248=VECTOR('',#247,7.5E-1);
#249=CARTESIAN_POINT('',(-4.625E0,-2.3E0,3.75E1));
#250=LINE('',#249,#248);
#251=DIRECTION('',(0.E0,1.E0,0.E0));
#252=VECTOR('',#251,9.5E-1);
#253=CARTESIAN_POINT('',(-4.625E0,-3.25E0,3.75E1));
#254=LINE('',#253,#252);
#255=CARTESIAN_POINT('',(-4.625E0,-3.25E0,3.725E1));
#256=DIRECTION('',(-1.E0,0.E0,0.E0));
#257=DIRECTION('',(0.E0,-1.E0,0.E0));
#258=AXIS2_PLACEMENT_3D('',#255,#256,#257);
#260=DIRECTION('',(0.E0,0.E0,1.E0));
#261=VECTOR('',#260,5.85E0);
#262=CARTESIAN_POINT('',(-4.625E0,-3.5E0,3.14E1));
#263=LINE('',#262,#261);
#264=DIRECTION('',(0.E0,1.E0,0.E0));
#265=VECTOR('',#264,1.75E0);
#266=CARTESIAN_POINT('',(-4.625E0,-5.25E0,3.14E1));
#267=LINE('',#266,#265);
#268=CARTESIAN_POINT('',(-4.625E0,-5.25E0,3.115E1));
#269=DIRECTION('',(-1.E0,0.E0,0.E0));
#270=DIRECTION('',(0.E0,-1.E0,0.E0));
#271=AXIS2_PLACEMENT_3D('',#268,#269,#270);
#273=DIRECTION('',(0.E0,0.E0,-1.E0));
#274=VECTOR('',#273,6.E-1);
#275=CARTESIAN_POINT('',(-4.625E0,-5.5E0,3.115E1));
#276=LINE('',#275,#274);
#277=DIRECTION('',(0.E0,1.E0,-3.552713678800E-14));
#278=VECTOR('',#277,2.E-1);
#279=CARTESIAN_POINT('',(-4.625E0,-5.7E0,3.055E1));
#280=LINE('',#279,#278);
#281=DIRECTION('',(0.E0,1.E0,0.E0));
#282=VECTOR('',#281,2.E-1);
#283=CARTESIAN_POINT('',(-4.625E0,-5.7E0,2.935E1));
#284=LINE('',#283,#282);
#285=DIRECTION('',(0.E0,0.E0,-1.E0));
#286=VECTOR('',#285,6.E-1);
#287=CARTESIAN_POINT('',(-4.625E0,-5.5E0,2.935E1));
#288=LINE('',#287,#286);
#289=CARTESIAN_POINT('',(-4.625E0,-5.25E0,2.875E1));
#290=DIRECTION('',(-1.E0,0.E0,0.E0));
#291=DIRECTION('',(0.E0,0.E0,-1.E0));
#292=AXIS2_PLACEMENT_3D('',#289,#290,#291);
#294=DIRECTION('',(0.E0,-1.E0,0.E0));
#295=VECTOR('',#294,1.75E0);
#296=CARTESIAN_POINT('',(-4.625E0,-3.5E0,2.85E1));
#297=LINE('',#296,#295);
#298=DIRECTION('',(0.E0,0.E0,1.E0));
#299=VECTOR('',#298,1.21E1);
#300=CARTESIAN_POINT('',(-4.625E0,-3.5E0,1.64E1));
#301=LINE('',#300,#299);
#302=DIRECTION('',(0.E0,1.E0,0.E0));
#303=VECTOR('',#302,1.75E0);
#304=CARTESIAN_POINT('',(-4.625E0,-5.25E0,1.64E1));
#305=LINE('',#304,#303);
#306=CARTESIAN_POINT('',(-4.625E0,-5.25E0,1.615E1));
#307=DIRECTION('',(-1.E0,0.E0,0.E0));
#308=DIRECTION('',(0.E0,-1.E0,0.E0));
#309=AXIS2_PLACEMENT_3D('',#306,#307,#308);
#311=DIRECTION('',(0.E0,0.E0,-1.E0));
#312=VECTOR('',#311,6.E-1);
#313=CARTESIAN_POINT('',(-4.625E0,-5.5E0,1.615E1));
#314=LINE('',#313,#312);
#315=DIRECTION('',(0.E0,1.E0,0.E0));
#316=VECTOR('',#315,2.E-1);
#317=CARTESIAN_POINT('',(-4.625E0,-5.7E0,1.555E1));
#318=LINE('',#317,#316);
#319=DIRECTION('',(0.E0,1.E0,0.E0));
#320=VECTOR('',#319,2.E-1);
#321=CARTESIAN_POINT('',(-4.625E0,-5.7E0,1.435E1));
#322=LINE('',#321,#320);
#323=DIRECTION('',(0.E0,0.E0,-1.E0));
#324=VECTOR('',#323,6.E-1);
#325=CARTESIAN_POINT('',(-4.625E0,-5.5E0,1.435E1));
#326=LINE('',#325,#324);
#327=CARTESIAN_POINT('',(-4.625E0,-5.25E0,1.375E1));
#328=DIRECTION('',(-1.E0,0.E0,0.E0));
#329=DIRECTION('',(0.E0,0.E0,-1.E0));
#330=AXIS2_PLACEMENT_3D('',#327,#328,#329);
#332=DIRECTION('',(0.E0,-1.E0,0.E0));
#333=VECTOR('',#332,1.75E0);
#334=CARTESIAN_POINT('',(-4.625E0,-3.5E0,1.35E1));
#335=LINE('',#334,#333);
#336=DIRECTION('',(0.E0,0.E0,1.E0));
#337=VECTOR('',#336,1.1275E1);
#338=CARTESIAN_POINT('',(-4.625E0,-3.5E0,2.225E0));
#339=LINE('',#338,#337);
#340=DIRECTION('',(0.E0,1.E0,0.E0));
#341=VECTOR('',#340,1.75E0);
#342=CARTESIAN_POINT('',(-4.625E0,-5.25E0,2.225E0));
#343=LINE('',#342,#341);
#344=CARTESIAN_POINT('',(-4.625E0,-5.25E0,1.975E0));
#345=DIRECTION('',(-1.E0,0.E0,0.E0));
#346=DIRECTION('',(0.E0,-1.E0,0.E0));
#347=AXIS2_PLACEMENT_3D('',#344,#345,#346);
#349=DIRECTION('',(0.E0,0.E0,-1.E0));
#350=VECTOR('',#349,1.375E0);
#351=CARTESIAN_POINT('',(-4.625E0,-5.5E0,1.975E0));
#352=LINE('',#351,#350);
#353=DIRECTION('',(0.E0,1.E0,0.E0));
#354=VECTOR('',#353,2.E-1);
#355=CARTESIAN_POINT('',(-4.625E0,-5.7E0,6.E-1));
#356=LINE('',#355,#354);
#357=DIRECTION('',(0.E0,1.E0,0.E0));
#358=VECTOR('',#357,2.E-1);
#359=CARTESIAN_POINT('',(-4.625E0,-5.7E0,-6.E-1));
#360=LINE('',#359,#358);
#361=DIRECTION('',(0.E0,0.E0,-1.E0));
#362=VECTOR('',#361,1.375E0);
#363=CARTESIAN_POINT('',(-4.625E0,-5.5E0,-6.E-1));
#364=LINE('',#363,#362);
#365=CARTESIAN_POINT('',(-4.625E0,-5.25E0,-1.975E0));
#366=DIRECTION('',(-1.E0,0.E0,0.E0));
#367=DIRECTION('',(0.E0,0.E0,-1.E0));
#368=AXIS2_PLACEMENT_3D('',#365,#366,#367);
#370=DIRECTION('',(0.E0,-1.E0,0.E0));
#371=VECTOR('',#370,1.75E0);
#372=CARTESIAN_POINT('',(-4.625E0,-3.5E0,-2.225E0));
#373=LINE('',#372,#371);
#374=DIRECTION('',(0.E0,0.E0,1.E0));
#375=VECTOR('',#374,1.1275E1);
#376=CARTESIAN_POINT('',(-4.625E0,-3.5E0,-1.35E1));
#377=LINE('',#376,#375);
#378=DIRECTION('',(0.E0,1.E0,0.E0));
#379=VECTOR('',#378,1.75E0);
#380=CARTESIAN_POINT('',(-4.625E0,-5.25E0,-1.35E1));
#381=LINE('',#380,#379);
#382=CARTESIAN_POINT('',(-4.125E0,-5.25E0,-1.375E1));
#383=DIRECTION('',(1.E0,0.E0,0.E0));
#384=DIRECTION('',(0.E0,0.E0,1.E0));
#385=AXIS2_PLACEMENT_3D('',#382,#383,#384);
#387=DIRECTION('',(0.E0,1.E0,0.E0));
#388=VECTOR('',#387,1.75E0);
#389=CARTESIAN_POINT('',(-4.125E0,-5.25E0,-1.35E1));
#390=LINE('',#389,#388);
#391=DIRECTION('',(0.E0,0.E0,1.E0));
#392=VECTOR('',#391,1.1275E1);
#393=CARTESIAN_POINT('',(-4.125E0,-3.5E0,-1.35E1));
#394=LINE('',#393,#392);
#395=DIRECTION('',(0.E0,-1.E0,0.E0));
#396=VECTOR('',#395,1.75E0);
#397=CARTESIAN_POINT('',(-4.125E0,-3.5E0,-2.225E0));
#398=LINE('',#397,#396);
#399=CARTESIAN_POINT('',(-4.125E0,-5.25E0,-1.975E0));
#400=DIRECTION('',(1.E0,0.E0,0.E0));
#401=DIRECTION('',(0.E0,-1.E0,0.E0));
#402=AXIS2_PLACEMENT_3D('',#399,#400,#401);
#404=DIRECTION('',(0.E0,0.E0,-1.E0));
#405=VECTOR('',#404,1.375E0);
#406=CARTESIAN_POINT('',(-4.125E0,-5.5E0,-6.E-1));
#407=LINE('',#406,#405);
#408=DIRECTION('',(0.E0,1.E0,0.E0));
#409=VECTOR('',#408,2.E-1);
#410=CARTESIAN_POINT('',(-4.125E0,-5.7E0,-6.E-1));
#411=LINE('',#410,#409);
#412=DIRECTION('',(0.E0,1.E0,0.E0));
#413=VECTOR('',#412,2.E-1);
#414=CARTESIAN_POINT('',(-4.125E0,-5.7E0,6.E-1));
#415=LINE('',#414,#413);
#416=DIRECTION('',(0.E0,0.E0,-1.E0));
#417=VECTOR('',#416,1.375E0);
#418=CARTESIAN_POINT('',(-4.125E0,-5.5E0,1.975E0));
#419=LINE('',#418,#417);
#420=CARTESIAN_POINT('',(-4.125E0,-5.25E0,1.975E0));
#421=DIRECTION('',(1.E0,0.E0,0.E0));
#422=DIRECTION('',(0.E0,0.E0,1.E0));
#423=AXIS2_PLACEMENT_3D('',#420,#421,#422);
#425=DIRECTION('',(0.E0,1.E0,0.E0));
#426=VECTOR('',#425,1.75E0);
#427=CARTESIAN_POINT('',(-4.125E0,-5.25E0,2.225E0));
#428=LINE('',#427,#426);
#429=DIRECTION('',(0.E0,0.E0,1.E0));
#430=VECTOR('',#429,1.1275E1);
#431=CARTESIAN_POINT('',(-4.125E0,-3.5E0,2.225E0));
#432=LINE('',#431,#430);
#433=DIRECTION('',(0.E0,-1.E0,0.E0));
#434=VECTOR('',#433,1.75E0);
#435=CARTESIAN_POINT('',(-4.125E0,-3.5E0,1.35E1));
#436=LINE('',#435,#434);
#437=CARTESIAN_POINT('',(-4.125E0,-5.25E0,1.375E1));
#438=DIRECTION('',(1.E0,0.E0,0.E0));
#439=DIRECTION('',(0.E0,-1.E0,0.E0));
#440=AXIS2_PLACEMENT_3D('',#437,#438,#439);
#442=DIRECTION('',(0.E0,0.E0,-1.E0));
#443=VECTOR('',#442,6.E-1);
#444=CARTESIAN_POINT('',(-4.125E0,-5.5E0,1.435E1));
#445=LINE('',#444,#443);
#446=DIRECTION('',(0.E0,1.E0,0.E0));
#447=VECTOR('',#446,2.E-1);
#448=CARTESIAN_POINT('',(-4.125E0,-5.7E0,1.435E1));
#449=LINE('',#448,#447);
#450=DIRECTION('',(0.E0,1.E0,0.E0));
#451=VECTOR('',#450,2.E-1);
#452=CARTESIAN_POINT('',(-4.125E0,-5.7E0,1.555E1));
#453=LINE('',#452,#451);
#454=DIRECTION('',(0.E0,0.E0,-1.E0));
#455=VECTOR('',#454,6.E-1);
#456=CARTESIAN_POINT('',(-4.125E0,-5.5E0,1.615E1));
#457=LINE('',#456,#455);
#458=CARTESIAN_POINT('',(-4.125E0,-5.25E0,1.615E1));
#459=DIRECTION('',(1.E0,0.E0,0.E0));
#460=DIRECTION('',(0.E0,0.E0,1.E0));
#461=AXIS2_PLACEMENT_3D('',#458,#459,#460);
#463=DIRECTION('',(0.E0,1.E0,0.E0));
#464=VECTOR('',#463,1.75E0);
#465=CARTESIAN_POINT('',(-4.125E0,-5.25E0,1.64E1));
#466=LINE('',#465,#464);
#467=DIRECTION('',(0.E0,0.E0,1.E0));
#468=VECTOR('',#467,1.21E1);
#469=CARTESIAN_POINT('',(-4.125E0,-3.5E0,1.64E1));
#470=LINE('',#469,#468);
#471=DIRECTION('',(0.E0,-1.E0,0.E0));
#472=VECTOR('',#471,1.75E0);
#473=CARTESIAN_POINT('',(-4.125E0,-3.5E0,2.85E1));
#474=LINE('',#473,#472);
#475=CARTESIAN_POINT('',(-4.125E0,-5.25E0,2.875E1));
#476=DIRECTION('',(1.E0,0.E0,0.E0));
#477=DIRECTION('',(0.E0,-1.E0,0.E0));
#478=AXIS2_PLACEMENT_3D('',#475,#476,#477);
#480=DIRECTION('',(0.E0,0.E0,-1.E0));
#481=VECTOR('',#480,6.E-1);
#482=CARTESIAN_POINT('',(-4.125E0,-5.5E0,2.935E1));
#483=LINE('',#482,#481);
#484=DIRECTION('',(0.E0,1.E0,0.E0));
#485=VECTOR('',#484,2.E-1);
#486=CARTESIAN_POINT('',(-4.125E0,-5.7E0,2.935E1));
#487=LINE('',#486,#485);
#488=DIRECTION('',(0.E0,1.E0,-1.776356839400E-14));
#489=VECTOR('',#488,2.E-1);
#490=CARTESIAN_POINT('',(-4.125E0,-5.7E0,3.055E1));
#491=LINE('',#490,#489);
#492=DIRECTION('',(0.E0,0.E0,-1.E0));
#493=VECTOR('',#492,6.E-1);
#494=CARTESIAN_POINT('',(-4.125E0,-5.5E0,3.115E1));
#495=LINE('',#494,#493);
#496=CARTESIAN_POINT('',(-4.125E0,-5.25E0,3.115E1));
#497=DIRECTION('',(1.E0,0.E0,0.E0));
#498=DIRECTION('',(0.E0,0.E0,1.E0));
#499=AXIS2_PLACEMENT_3D('',#496,#497,#498);
#501=DIRECTION('',(0.E0,1.E0,0.E0));
#502=VECTOR('',#501,1.75E0);
#503=CARTESIAN_POINT('',(-4.125E0,-5.25E0,3.14E1));
#504=LINE('',#503,#502);
#505=DIRECTION('',(0.E0,0.E0,1.E0));
#506=VECTOR('',#505,5.85E0);
#507=CARTESIAN_POINT('',(-4.125E0,-3.5E0,3.14E1));
#508=LINE('',#507,#506);
#509=CARTESIAN_POINT('',(-4.125E0,-3.25E0,3.725E1));
#510=DIRECTION('',(1.E0,0.E0,0.E0));
#511=DIRECTION('',(0.E0,0.E0,1.E0));
#512=AXIS2_PLACEMENT_3D('',#509,#510,#511);
#514=DIRECTION('',(0.E0,1.E0,0.E0));
#515=VECTOR('',#514,9.5E-1);
#516=CARTESIAN_POINT('',(-4.125E0,-3.25E0,3.75E1));
#517=LINE('',#516,#515);
#518=DIRECTION('',(0.E0,0.E0,-1.E0));
#519=VECTOR('',#518,7.5E-1);
#520=CARTESIAN_POINT('',(-4.125E0,-2.3E0,3.75E1));
#521=LINE('',#520,#519);
#522=DIRECTION('',(0.E0,1.E0,0.E0));
#523=VECTOR('',#522,1.55E0);
#524=CARTESIAN_POINT('',(-4.125E0,-2.3E0,3.675E1));
#525=LINE('',#524,#523);
#526=DIRECTION('',(0.E0,-1.E0,0.E0));
#527=VECTOR('',#526,1.55E0);
#528=CARTESIAN_POINT('',(-4.125E0,-7.5E-1,-3.675E1));
#529=LINE('',#528,#527);
#530=DIRECTION('',(0.E0,0.E0,-1.E0));
#531=VECTOR('',#530,7.5E-1);
#532=CARTESIAN_POINT('',(-4.125E0,-2.3E0,-3.675E1));
#533=LINE('',#532,#531);
#534=DIRECTION('',(0.E0,-1.E0,0.E0));
#535=VECTOR('',#534,9.5E-1);
#536=CARTESIAN_POINT('',(-4.125E0,-2.3E0,-3.75E1));
#537=LINE('',#536,#535);
#538=CARTESIAN_POINT('',(-4.125E0,-3.25E0,-3.725E1));
#539=DIRECTION('',(1.E0,0.E0,0.E0));
#540=DIRECTION('',(0.E0,-1.E0,0.E0));
#541=AXIS2_PLACEMENT_3D('',#538,#539,#540);
#543=DIRECTION('',(0.E0,0.E0,1.E0));
#544=VECTOR('',#543,5.85E0);
#545=CARTESIAN_POINT('',(-4.125E0,-3.5E0,-3.725E1));
#546=LINE('',#545,#544);
#547=DIRECTION('',(0.E0,-1.E0,0.E0));
#548=VECTOR('',#547,1.75E0);
#549=CARTESIAN_POINT('',(-4.125E0,-3.5E0,-3.14E1));
#550=LINE('',#549,#548);
#551=CARTESIAN_POINT('',(-4.125E0,-5.25E0,-3.115E1));
#552=DIRECTION('',(1.E0,0.E0,0.E0));
#553=DIRECTION('',(0.E0,-1.E0,0.E0));
#554=AXIS2_PLACEMENT_3D('',#551,#552,#553);
#556=DIRECTION('',(0.E0,0.E0,-1.E0));
#557=VECTOR('',#556,6.E-1);
#558=CARTESIAN_POINT('',(-4.125E0,-5.5E0,-3.055E1));
#559=LINE('',#558,#557);
#560=DIRECTION('',(0.E0,1.E0,1.776356839400E-14));
#561=VECTOR('',#560,2.E-1);
#562=CARTESIAN_POINT('',(-4.125E0,-5.7E0,-3.055E1));
#563=LINE('',#562,#561);
#564=DIRECTION('',(0.E0,1.E0,0.E0));
#565=VECTOR('',#564,2.E-1);
#566=CARTESIAN_POINT('',(-4.125E0,-5.7E0,-2.935E1));
#567=LINE('',#566,#565);
#568=DIRECTION('',(0.E0,0.E0,-1.E0));
#569=VECTOR('',#568,6.E-1);
#570=CARTESIAN_POINT('',(-4.125E0,-5.5E0,-2.875E1));
#571=LINE('',#570,#569);
#572=CARTESIAN_POINT('',(-4.125E0,-5.25E0,-2.875E1));
#573=DIRECTION('',(1.E0,0.E0,0.E0));
#574=DIRECTION('',(0.E0,0.E0,1.E0));
#575=AXIS2_PLACEMENT_3D('',#572,#573,#574);
#577=DIRECTION('',(0.E0,1.E0,0.E0));
#578=VECTOR('',#577,1.75E0);
#579=CARTESIAN_POINT('',(-4.125E0,-5.25E0,-2.85E1));
#580=LINE('',#579,#578);
#581=DIRECTION('',(0.E0,0.E0,1.E0));
#582=VECTOR('',#581,1.21E1);
#583=CARTESIAN_POINT('',(-4.125E0,-3.5E0,-2.85E1));
#584=LINE('',#583,#582);
#585=DIRECTION('',(0.E0,-1.E0,0.E0));
#586=VECTOR('',#585,1.75E0);
#587=CARTESIAN_POINT('',(-4.125E0,-3.5E0,-1.64E1));
#588=LINE('',#587,#586);
#589=CARTESIAN_POINT('',(-4.125E0,-5.25E0,-1.615E1));
#590=DIRECTION('',(1.E0,0.E0,0.E0));
#591=DIRECTION('',(0.E0,-1.E0,0.E0));
#592=AXIS2_PLACEMENT_3D('',#589,#590,#591);
#594=DIRECTION('',(0.E0,0.E0,-1.E0));
#595=VECTOR('',#594,6.E-1);
#596=CARTESIAN_POINT('',(-4.125E0,-5.5E0,-1.555E1));
#597=LINE('',#596,#595);
#598=DIRECTION('',(0.E0,1.E0,0.E0));
#599=VECTOR('',#598,2.E-1);
#600=CARTESIAN_POINT('',(-4.125E0,-5.7E0,-1.555E1));
#601=LINE('',#600,#599);
#602=DIRECTION('',(0.E0,1.E0,0.E0));
#603=VECTOR('',#602,2.E-1);
#604=CARTESIAN_POINT('',(-4.125E0,-5.7E0,-1.435E1));
#605=LINE('',#604,#603);
#606=DIRECTION('',(0.E0,0.E0,-1.E0));
#607=VECTOR('',#606,6.E-1);
#608=CARTESIAN_POINT('',(-4.125E0,-5.5E0,-1.375E1));
#609=LINE('',#608,#607);
#610=DIRECTION('',(1.E0,0.E0,0.E0));
#611=VECTOR('',#610,5.E-1);
#612=CARTESIAN_POINT('',(-4.625E0,-5.25E0,-1.35E1));
#613=LINE('',#612,#611);
#614=DIRECTION('',(1.E0,0.E0,0.E0));
#615=VECTOR('',#614,5.E-1);
#616=CARTESIAN_POINT('',(-4.625E0,-3.5E0,-1.35E1));
#617=LINE('',#616,#615);
#618=DIRECTION('',(1.E0,0.E0,0.E0));
#619=VECTOR('',#618,5.E-1);
#620=CARTESIAN_POINT('',(-4.625E0,-3.5E0,-2.225E0));
#621=LINE('',#620,#619);
#622=DIRECTION('',(-1.E0,0.E0,0.E0));
#623=VECTOR('',#622,5.E-1);
#624=CARTESIAN_POINT('',(-4.125E0,-5.25E0,-2.225E0));
#625=LINE('',#624,#623);
#626=DIRECTION('',(-1.E0,0.E0,0.E0));
#627=VECTOR('',#626,5.E-1);
#628=CARTESIAN_POINT('',(-4.125E0,-5.5E0,-1.975E0));
#629=LINE('',#628,#627);
#630=DIRECTION('',(1.E0,0.E0,0.E0));
#631=VECTOR('',#630,5.E-1);
#632=CARTESIAN_POINT('',(-4.625E0,-5.5E0,-6.E-1));
#633=LINE('',#632,#631);
#634=DIRECTION('',(-1.E0,0.E0,0.E0));
#635=VECTOR('',#634,5.E-1);
#636=CARTESIAN_POINT('',(4.625E0,-5.5E0,-1.2E0));
#637=LINE('',#636,#635);
#638=DIRECTION('',(1.E0,0.E0,0.E0));
#639=VECTOR('',#638,5.E-1);
#640=CARTESIAN_POINT('',(4.125E0,-5.5E0,-6.E-1));
#641=LINE('',#640,#639);
#642=DIRECTION('',(1.E0,0.E0,0.E0));
#643=VECTOR('',#642,5.E-1);
#644=CARTESIAN_POINT('',(-4.625E0,-5.7E0,-6.E-1));
#645=LINE('',#644,#643);
#646=DIRECTION('',(0.E0,1.E0,0.E0));
#647=VECTOR('',#646,5.E-1);
#648=CARTESIAN_POINT('',(-3.625E0,-6.7E0,-6.E-1));
#649=LINE('',#648,#647);
#650=DIRECTION('',(0.E0,0.E0,1.E0));
#651=VECTOR('',#650,1.2E0);
#652=CARTESIAN_POINT('',(-3.625E0,-6.7E0,-6.E-1));
#653=LINE('',#652,#651);
#654=CARTESIAN_POINT('',(-3.625E0,-5.7E0,-6.E-1));
#655=DIRECTION('',(0.E0,0.E0,-1.E0));
#656=DIRECTION('',(0.E0,-1.E0,0.E0));
#657=AXIS2_PLACEMENT_3D('',#654,#655,#656);
#659=DIRECTION('',(0.E0,0.E0,1.E0));
#660=VECTOR('',#659,1.2E0);
#661=CARTESIAN_POINT('',(-4.625E0,-5.7E0,-6.E-1));
#662=LINE('',#661,#660);
#663=CARTESIAN_POINT('',(-3.625E0,-5.7E0,6.E-1));
#664=DIRECTION('',(0.E0,0.E0,-1.E0));
#665=DIRECTION('',(0.E0,-1.E0,0.E0));
#666=AXIS2_PLACEMENT_3D('',#663,#664,#665);
#668=CARTESIAN_POINT('',(-1.875E0,-6.7E0,3.5E-1));
#669=DIRECTION('',(0.E0,-1.E0,0.E0));
#670=DIRECTION('',(1.E0,0.E0,0.E0));
#671=AXIS2_PLACEMENT_3D('',#668,#669,#670);
#673=DIRECTION('',(0.E0,0.E0,-1.E0));
#674=VECTOR('',#673,7.E-1);
#675=CARTESIAN_POINT('',(-1.625E0,-6.7E0,3.5E-1));
#676=LINE('',#675,#674);
#677=CARTESIAN_POINT('',(-1.875E0,-6.7E0,-3.5E-1));
#678=DIRECTION('',(0.E0,-1.E0,0.E0));
#679=DIRECTION('',(0.E0,0.E0,-1.E0));
#680=AXIS2_PLACEMENT_3D('',#677,#678,#679);
#682=DIRECTION('',(-1.E0,0.E0,0.E0));
#683=VECTOR('',#682,1.75E0);
#684=CARTESIAN_POINT('',(-1.875E0,-6.7E0,-6.E-1));
#685=LINE('',#684,#683);
#686=DIRECTION('',(1.E0,0.E0,0.E0));
#687=VECTOR('',#686,1.75E0);
#688=CARTESIAN_POINT('',(-3.625E0,-6.7E0,6.E-1));
#689=LINE('',#688,#687);
#690=DIRECTION('',(0.E0,-1.E0,0.E0));
#691=VECTOR('',#690,5.E-1);
#692=CARTESIAN_POINT('',(-1.875E0,-6.2E0,6.E-1));
#693=LINE('',#692,#691);
#694=DIRECTION('',(0.E0,1.E0,0.E0));
#695=VECTOR('',#694,5.E-1);
#696=CARTESIAN_POINT('',(-3.625E0,-6.7E0,6.E-1));
#697=LINE('',#696,#695);
#698=DIRECTION('',(1.E0,0.E0,0.E0));
#699=VECTOR('',#698,5.E-1);
#700=CARTESIAN_POINT('',(-4.625E0,-5.7E0,6.E-1));
#701=LINE('',#700,#699);
#702=DIRECTION('',(1.E0,0.E0,0.E0));
#703=VECTOR('',#702,5.E-1);
#704=CARTESIAN_POINT('',(-4.625E0,-5.5E0,6.E-1));
#705=LINE('',#704,#703);
#706=DIRECTION('',(1.E0,0.E0,0.E0));
#707=VECTOR('',#706,5.E-1);
#708=CARTESIAN_POINT('',(4.125E0,-5.5E0,1.2E0));
#709=LINE('',#708,#707);
#710=DIRECTION('',(1.E0,0.E0,0.E0));
#711=VECTOR('',#710,5.E-1);
#712=CARTESIAN_POINT('',(-4.625E0,-5.5E0,1.975E0));
#713=LINE('',#712,#711);
#714=CARTESIAN_POINT('',(4.625E0,-5.25E0,-1.2E0));
#715=DIRECTION('',(1.E0,0.E0,0.E0));
#716=DIRECTION('',(0.E0,-1.E0,0.E0));
#717=AXIS2_PLACEMENT_3D('',#714,#715,#716);
#719=DIRECTION('',(0.E0,0.E0,-1.E0));
#720=VECTOR('',#719,6.E-1);
#721=CARTESIAN_POINT('',(4.625E0,-5.5E0,-6.E-1));
#722=LINE('',#721,#720);
#723=DIRECTION('',(0.E0,1.E0,0.E0));
#724=VECTOR('',#723,2.E-1);
#725=CARTESIAN_POINT('',(4.625E0,-5.7E0,-6.E-1));
#726=LINE('',#725,#724);
#727=DIRECTION('',(0.E0,1.E0,0.E0));
#728=VECTOR('',#727,2.E-1);
#729=CARTESIAN_POINT('',(4.625E0,-5.7E0,6.E-1));
#730=LINE('',#729,#728);
#731=DIRECTION('',(0.E0,0.E0,-1.E0));
#732=VECTOR('',#731,6.E-1);
#733=CARTESIAN_POINT('',(4.625E0,-5.5E0,1.2E0));
#734=LINE('',#733,#732);
#735=CARTESIAN_POINT('',(4.625E0,-5.25E0,1.2E0));
#736=DIRECTION('',(1.E0,0.E0,0.E0));
#737=DIRECTION('',(0.E0,0.E0,1.E0));
#738=AXIS2_PLACEMENT_3D('',#735,#736,#737);
#740=DIRECTION('',(0.E0,1.E0,0.E0));
#741=VECTOR('',#740,1.75E0);
#742=CARTESIAN_POINT('',(4.625E0,-5.25E0,1.45E0));
#743=LINE('',#742,#741);
#744=DIRECTION('',(0.E0,0.E0,1.E0));
#745=VECTOR('',#744,1.205E1);
#746=CARTESIAN_POINT('',(4.625E0,-3.5E0,1.45E0));
#747=LINE('',#746,#745);
#748=DIRECTION('',(0.E0,-1.E0,0.E0));
#749=VECTOR('',#748,1.75E0);
#750=CARTESIAN_POINT('',(4.625E0,-3.5E0,1.35E1));
#751=LINE('',#750,#749);
#752=CARTESIAN_POINT('',(4.625E0,-5.25E0,1.375E1));
#753=DIRECTION('',(1.E0,0.E0,0.E0));
#754=DIRECTION('',(0.E0,-1.E0,0.E0));
#755=AXIS2_PLACEMENT_3D('',#752,#753,#754);
#757=DIRECTION('',(0.E0,0.E0,-1.E0));
#758=VECTOR('',#757,6.E-1);
#759=CARTESIAN_POINT('',(4.625E0,-5.5E0,1.435E1));
#760=LINE('',#759,#758);
#761=DIRECTION('',(0.E0,1.E0,0.E0));
#762=VECTOR('',#761,2.E-1);
#763=CARTESIAN_POINT('',(4.625E0,-5.7E0,1.435E1));
#764=LINE('',#763,#762);
#765=DIRECTION('',(0.E0,1.E0,-2.664535259100E-14));
#766=VECTOR('',#765,2.E-1);
#767=CARTESIAN_POINT('',(4.625E0,-5.7E0,1.555E1));
#768=LINE('',#767,#766);
#769=DIRECTION('',(0.E0,0.E0,-1.E0));
#770=VECTOR('',#769,6.E-1);
#771=CARTESIAN_POINT('',(4.625E0,-5.5E0,1.615E1));
#772=LINE('',#771,#770);
#773=CARTESIAN_POINT('',(4.625E0,-5.25E0,1.615E1));
#774=DIRECTION('',(1.E0,0.E0,0.E0));
#775=DIRECTION('',(0.E0,0.E0,1.E0));
#776=AXIS2_PLACEMENT_3D('',#773,#774,#775);
#778=DIRECTION('',(0.E0,1.E0,0.E0));
#779=VECTOR('',#778,1.75E0);
#780=CARTESIAN_POINT('',(4.625E0,-5.25E0,1.64E1));
#781=LINE('',#780,#779);
#782=DIRECTION('',(0.E0,0.E0,1.E0));
#783=VECTOR('',#782,1.21E1);
#784=CARTESIAN_POINT('',(4.625E0,-3.5E0,1.64E1));
#785=LINE('',#784,#783);
#786=DIRECTION('',(0.E0,-1.E0,0.E0));
#787=VECTOR('',#786,1.75E0);
#788=CARTESIAN_POINT('',(4.625E0,-3.5E0,2.85E1));
#789=LINE('',#788,#787);
#790=CARTESIAN_POINT('',(4.625E0,-5.25E0,2.875E1));
#791=DIRECTION('',(1.E0,0.E0,0.E0));
#792=DIRECTION('',(0.E0,-1.E0,0.E0));
#793=AXIS2_PLACEMENT_3D('',#790,#791,#792);
#795=DIRECTION('',(0.E0,0.E0,-1.E0));
#796=VECTOR('',#795,6.E-1);
#797=CARTESIAN_POINT('',(4.625E0,-5.5E0,2.935E1));
#798=LINE('',#797,#796);
#799=DIRECTION('',(0.E0,1.E0,0.E0));
#800=VECTOR('',#799,2.E-1);
#801=CARTESIAN_POINT('',(4.625E0,-5.7E0,2.935E1));
#802=LINE('',#801,#800);
#803=DIRECTION('',(0.E0,1.E0,-3.552713678800E-14));
#804=VECTOR('',#803,2.E-1);
#805=CARTESIAN_POINT('',(4.625E0,-5.7E0,3.055E1));
#806=LINE('',#805,#804);
#807=DIRECTION('',(0.E0,0.E0,-1.E0));
#808=VECTOR('',#807,6.E-1);
#809=CARTESIAN_POINT('',(4.625E0,-5.5E0,3.115E1));
#810=LINE('',#809,#808);
#811=CARTESIAN_POINT('',(4.625E0,-5.25E0,3.115E1));
#812=DIRECTION('',(1.E0,0.E0,0.E0));
#813=DIRECTION('',(0.E0,0.E0,1.E0));
#814=AXIS2_PLACEMENT_3D('',#811,#812,#813);
#816=DIRECTION('',(0.E0,1.E0,0.E0));
#817=VECTOR('',#816,1.75E0);
#818=CARTESIAN_POINT('',(4.625E0,-5.25E0,3.14E1));
#819=LINE('',#818,#817);
#820=DIRECTION('',(0.E0,0.E0,1.E0));
#821=VECTOR('',#820,5.85E0);
#822=CARTESIAN_POINT('',(4.625E0,-3.5E0,3.14E1));
#823=LINE('',#822,#821);
#824=CARTESIAN_POINT('',(4.625E0,-3.25E0,3.725E1));
#825=DIRECTION('',(1.E0,0.E0,0.E0));
#826=DIRECTION('',(0.E0,0.E0,1.E0));
#827=AXIS2_PLACEMENT_3D('',#824,#825,#826);
#829=DIRECTION('',(0.E0,1.E0,0.E0));
#830=VECTOR('',#829,9.5E-1);
#831=CARTESIAN_POINT('',(4.625E0,-3.25E0,3.75E1));
#832=LINE('',#831,#830);
#833=DIRECTION('',(0.E0,0.E0,-1.E0));
#834=VECTOR('',#833,7.5E-1);
#835=CARTESIAN_POINT('',(4.625E0,-2.3E0,3.75E1));
#836=LINE('',#835,#834);
#837=DIRECTION('',(0.E0,1.E0,0.E0));
#838=VECTOR('',#837,1.55E0);
#839=CARTESIAN_POINT('',(4.625E0,-2.3E0,3.675E1));
#840=LINE('',#839,#838);
#841=DIRECTION('',(0.E0,-1.E0,0.E0));
#842=VECTOR('',#841,1.55E0);
#843=CARTESIAN_POINT('',(4.625E0,-7.5E-1,-3.675E1));
#844=LINE('',#843,#842);
#845=DIRECTION('',(0.E0,0.E0,-1.E0));
#846=VECTOR('',#845,7.5E-1);
#847=CARTESIAN_POINT('',(4.625E0,-2.3E0,-3.675E1));
#848=LINE('',#847,#846);
#849=DIRECTION('',(0.E0,-1.E0,0.E0));
#850=VECTOR('',#849,9.5E-1);
#851=CARTESIAN_POINT('',(4.625E0,-2.3E0,-3.75E1));
#852=LINE('',#851,#850);
#853=CARTESIAN_POINT('',(4.625E0,-3.25E0,-3.725E1));
#854=DIRECTION('',(1.E0,0.E0,0.E0));
#855=DIRECTION('',(0.E0,-1.E0,0.E0));
#856=AXIS2_PLACEMENT_3D('',#853,#854,#855);
#858=DIRECTION('',(0.E0,0.E0,1.E0));
#859=VECTOR('',#858,5.85E0);
#860=CARTESIAN_POINT('',(4.625E0,-3.5E0,-3.725E1));
#861=LINE('',#860,#859);
#862=DIRECTION('',(0.E0,-1.E0,0.E0));
#863=VECTOR('',#862,1.75E0);
#864=CARTESIAN_POINT('',(4.625E0,-3.5E0,-3.14E1));
#865=LINE('',#864,#863);
#866=CARTESIAN_POINT('',(4.625E0,-5.25E0,-3.115E1));
#867=DIRECTION('',(1.E0,0.E0,0.E0));
#868=DIRECTION('',(0.E0,-1.E0,2.842170943040E-14));
#869=AXIS2_PLACEMENT_3D('',#866,#867,#868);
#871=DIRECTION('',(0.E0,0.E0,-1.E0));
#872=VECTOR('',#871,6.E-1);
#873=CARTESIAN_POINT('',(4.625E0,-5.5E0,-3.055E1));
#874=LINE('',#873,#872);
#875=DIRECTION('',(0.E0,1.E0,1.776356839400E-14));
#876=VECTOR('',#875,2.E-1);
#877=CARTESIAN_POINT('',(4.625E0,-5.7E0,-3.055E1));
#878=LINE('',#877,#876);
#879=DIRECTION('',(0.E0,1.E0,0.E0));
#880=VECTOR('',#879,2.E-1);
#881=CARTESIAN_POINT('',(4.625E0,-5.7E0,-2.935E1));
#882=LINE('',#881,#880);
#883=DIRECTION('',(0.E0,0.E0,-1.E0));
#884=VECTOR('',#883,6.E-1);
#885=CARTESIAN_POINT('',(4.625E0,-5.5E0,-2.875E1));
#886=LINE('',#885,#884);
#887=CARTESIAN_POINT('',(4.625E0,-5.25E0,-2.875E1));
#888=DIRECTION('',(1.E0,0.E0,0.E0));
#889=DIRECTION('',(0.E0,0.E0,1.E0));
#890=AXIS2_PLACEMENT_3D('',#887,#888,#889);
#892=DIRECTION('',(0.E0,1.E0,0.E0));
#893=VECTOR('',#892,1.75E0);
#894=CARTESIAN_POINT('',(4.625E0,-5.25E0,-2.85E1));
#895=LINE('',#894,#893);
#896=DIRECTION('',(0.E0,0.E0,1.E0));
#897=VECTOR('',#896,1.21E1);
#898=CARTESIAN_POINT('',(4.625E0,-3.5E0,-2.85E1));
#899=LINE('',#898,#897);
#900=DIRECTION('',(0.E0,-1.E0,0.E0));
#901=VECTOR('',#900,1.75E0);
#902=CARTESIAN_POINT('',(4.625E0,-3.5E0,-1.64E1));
#903=LINE('',#902,#901);
#904=CARTESIAN_POINT('',(4.625E0,-5.25E0,-1.615E1));
#905=DIRECTION('',(1.E0,0.E0,0.E0));
#906=DIRECTION('',(0.E0,-1.E0,0.E0));
#907=AXIS2_PLACEMENT_3D('',#904,#905,#906);
#909=DIRECTION('',(0.E0,0.E0,-1.E0));
#910=VECTOR('',#909,6.E-1);
#911=CARTESIAN_POINT('',(4.625E0,-5.5E0,-1.555E1));
#912=LINE('',#911,#910);
#913=DIRECTION('',(0.E0,1.E0,0.E0));
#914=VECTOR('',#913,2.E-1);
#915=CARTESIAN_POINT('',(4.625E0,-5.7E0,-1.555E1));
#916=LINE('',#915,#914);
#917=DIRECTION('',(0.E0,1.E0,0.E0));
#918=VECTOR('',#917,2.E-1);
#919=CARTESIAN_POINT('',(4.625E0,-5.7E0,-1.435E1));
#920=LINE('',#919,#918);
#921=DIRECTION('',(0.E0,0.E0,-1.E0));
#922=VECTOR('',#921,6.E-1);
#923=CARTESIAN_POINT('',(4.625E0,-5.5E0,-1.375E1));
#924=LINE('',#923,#922);
#925=CARTESIAN_POINT('',(4.625E0,-5.25E0,-1.375E1));
#926=DIRECTION('',(1.E0,0.E0,0.E0));
#927=DIRECTION('',(0.E0,0.E0,1.E0));
#928=AXIS2_PLACEMENT_3D('',#925,#926,#927);
#930=DIRECTION('',(0.E0,1.E0,0.E0));
#931=VECTOR('',#930,1.75E0);
#932=CARTESIAN_POINT('',(4.625E0,-5.25E0,-1.35E1));
#933=LINE('',#932,#931);
#934=DIRECTION('',(0.E0,0.E0,1.E0));
#935=VECTOR('',#934,1.205E1);
#936=CARTESIAN_POINT('',(4.625E0,-3.5E0,-1.35E1));
#937=LINE('',#936,#935);
#938=DIRECTION('',(0.E0,-1.E0,0.E0));
#939=VECTOR('',#938,1.75E0);
#940=CARTESIAN_POINT('',(4.625E0,-3.5E0,-1.45E0));
#941=LINE('',#940,#939);
#942=CARTESIAN_POINT('',(4.125E0,-5.25E0,-1.2E0));
#943=DIRECTION('',(-1.E0,0.E0,0.E0));
#944=DIRECTION('',(0.E0,0.E0,-1.E0));
#945=AXIS2_PLACEMENT_3D('',#942,#943,#944);
#947=DIRECTION('',(0.E0,-1.E0,0.E0));
#948=VECTOR('',#947,1.75E0);
#949=CARTESIAN_POINT('',(4.125E0,-3.5E0,-1.45E0));
#950=LINE('',#949,#948);
#951=DIRECTION('',(0.E0,0.E0,1.E0));
#952=VECTOR('',#951,1.205E1);
#953=CARTESIAN_POINT('',(4.125E0,-3.5E0,-1.35E1));
#954=LINE('',#953,#952);
#955=DIRECTION('',(0.E0,1.E0,0.E0));
#956=VECTOR('',#955,1.75E0);
#957=CARTESIAN_POINT('',(4.125E0,-5.25E0,-1.35E1));
#958=LINE('',#957,#956);
#959=CARTESIAN_POINT('',(4.125E0,-5.25E0,-1.375E1));
#960=DIRECTION('',(-1.E0,0.E0,0.E0));
#961=DIRECTION('',(0.E0,-1.E0,0.E0));
#962=AXIS2_PLACEMENT_3D('',#959,#960,#961);
#964=DIRECTION('',(0.E0,0.E0,-1.E0));
#965=VECTOR('',#964,6.E-1);
#966=CARTESIAN_POINT('',(4.125E0,-5.5E0,-1.375E1));
#967=LINE('',#966,#965);
#968=DIRECTION('',(0.E0,1.E0,0.E0));
#969=VECTOR('',#968,2.E-1);
#970=CARTESIAN_POINT('',(4.125E0,-5.7E0,-1.435E1));
#971=LINE('',#970,#969);
#972=DIRECTION('',(0.E0,1.E0,0.E0));
#973=VECTOR('',#972,2.E-1);
#974=CARTESIAN_POINT('',(4.125E0,-5.7E0,-1.555E1));
#975=LINE('',#974,#973);
#976=DIRECTION('',(0.E0,0.E0,-1.E0));
#977=VECTOR('',#976,6.E-1);
#978=CARTESIAN_POINT('',(4.125E0,-5.5E0,-1.555E1));
#979=LINE('',#978,#977);
#980=CARTESIAN_POINT('',(4.125E0,-5.25E0,-1.615E1));
#981=DIRECTION('',(-1.E0,0.E0,0.E0));
#982=DIRECTION('',(0.E0,0.E0,-1.E0));
#983=AXIS2_PLACEMENT_3D('',#980,#981,#982);
#985=DIRECTION('',(0.E0,-1.E0,0.E0));
#986=VECTOR('',#985,1.75E0);
#987=CARTESIAN_POINT('',(4.125E0,-3.5E0,-1.64E1));
#988=LINE('',#987,#986);
#989=DIRECTION('',(0.E0,0.E0,1.E0));
#990=VECTOR('',#989,1.21E1);
#991=CARTESIAN_POINT('',(4.125E0,-3.5E0,-2.85E1));
#992=LINE('',#991,#990);
#993=DIRECTION('',(0.E0,1.E0,0.E0));
#994=VECTOR('',#993,1.75E0);
#995=CARTESIAN_POINT('',(4.125E0,-5.25E0,-2.85E1));
#996=LINE('',#995,#994);
#997=CARTESIAN_POINT('',(4.125E0,-5.25E0,-2.875E1));
#998=DIRECTION('',(-1.E0,0.E0,0.E0));
#999=DIRECTION('',(0.E0,-1.E0,-2.842170943040E-14));
#1000=AXIS2_PLACEMENT_3D('',#997,#998,#999);
#1002=DIRECTION('',(0.E0,0.E0,-1.E0));
#1003=VECTOR('',#1002,6.E-1);
#1004=CARTESIAN_POINT('',(4.125E0,-5.5E0,-2.875E1));
#1005=LINE('',#1004,#1003);
#1006=DIRECTION('',(0.E0,1.E0,0.E0));
#1007=VECTOR('',#1006,2.E-1);
#1008=CARTESIAN_POINT('',(4.125E0,-5.7E0,-2.935E1));
#1009=LINE('',#1008,#1007);
#1010=DIRECTION('',(0.E0,1.E0,1.776356839400E-14));
#1011=VECTOR('',#1010,2.E-1);
#1012=CARTESIAN_POINT('',(4.125E0,-5.7E0,-3.055E1));
#1013=LINE('',#1012,#1011);
#1014=DIRECTION('',(0.E0,0.E0,-1.E0));
#1015=VECTOR('',#1014,6.E-1);
#1016=CARTESIAN_POINT('',(4.125E0,-5.5E0,-3.055E1));
#1017=LINE('',#1016,#1015);
#1018=CARTESIAN_POINT('',(4.125E0,-5.25E0,-3.115E1));
#1019=DIRECTION('',(-1.E0,0.E0,0.E0));
#1020=DIRECTION('',(0.E0,0.E0,-1.E0));
#1021=AXIS2_PLACEMENT_3D('',#1018,#1019,#1020);
#1023=DIRECTION('',(0.E0,-1.E0,0.E0));
#1024=VECTOR('',#1023,1.75E0);
#1025=CARTESIAN_POINT('',(4.125E0,-3.5E0,-3.14E1));
#1026=LINE('',#1025,#1024);
#1027=DIRECTION('',(0.E0,0.E0,1.E0));
#1028=VECTOR('',#1027,5.85E0);
#1029=CARTESIAN_POINT('',(4.125E0,-3.5E0,-3.725E1));
#1030=LINE('',#1029,#1028);
#1031=CARTESIAN_POINT('',(4.125E0,-3.25E0,-3.725E1));
#1032=DIRECTION('',(-1.E0,0.E0,0.E0));
#1033=DIRECTION('',(0.E0,0.E0,-1.E0));
#1034=AXIS2_PLACEMENT_3D('',#1031,#1032,#1033);
#1036=DIRECTION('',(0.E0,-1.E0,0.E0));
#1037=VECTOR('',#1036,9.5E-1);
#1038=CARTESIAN_POINT('',(4.125E0,-2.3E0,-3.75E1));
#1039=LINE('',#1038,#1037);
#1040=DIRECTION('',(0.E0,0.E0,-1.E0));
#1041=VECTOR('',#1040,7.5E-1);
#1042=CARTESIAN_POINT('',(4.125E0,-2.3E0,-3.675E1));
#1043=LINE('',#1042,#1041);
#1044=DIRECTION('',(0.E0,-1.E0,0.E0));
#1045=VECTOR('',#1044,1.55E0);
#1046=CARTESIAN_POINT('',(4.125E0,-7.5E-1,-3.675E1));
#1047=LINE('',#1046,#1045);
#1048=DIRECTION('',(0.E0,1.E0,0.E0));
#1049=VECTOR('',#1048,1.55E0);
#1050=CARTESIAN_POINT('',(4.125E0,-2.3E0,3.675E1));
#1051=LINE('',#1050,#1049);
#1052=DIRECTION('',(0.E0,0.E0,-1.E0));
#1053=VECTOR('',#1052,7.5E-1);
#1054=CARTESIAN_POINT('',(4.125E0,-2.3E0,3.75E1));
#1055=LINE('',#1054,#1053);
#1056=DIRECTION('',(0.E0,1.E0,0.E0));
#1057=VECTOR('',#1056,9.5E-1);
#1058=CARTESIAN_POINT('',(4.125E0,-3.25E0,3.75E1));
#1059=LINE('',#1058,#1057);
#1060=CARTESIAN_POINT('',(4.125E0,-3.25E0,3.725E1));
#1061=DIRECTION('',(-1.E0,0.E0,0.E0));
#1062=DIRECTION('',(0.E0,-1.E0,0.E0));
#1063=AXIS2_PLACEMENT_3D('',#1060,#1061,#1062);
#1065=DIRECTION('',(0.E0,0.E0,1.E0));
#1066=VECTOR('',#1065,5.85E0);
#1067=CARTESIAN_POINT('',(4.125E0,-3.5E0,3.14E1));
#1068=LINE('',#1067,#1066);
#1069=DIRECTION('',(0.E0,1.E0,0.E0));
#1070=VECTOR('',#1069,1.75E0);
#1071=CARTESIAN_POINT('',(4.125E0,-5.25E0,3.14E1));
#1072=LINE('',#1071,#1070);
#1073=CARTESIAN_POINT('',(4.125E0,-5.25E0,3.115E1));
#1074=DIRECTION('',(-1.E0,0.E0,0.E0));
#1075=DIRECTION('',(0.E0,-1.E0,0.E0));
#1076=AXIS2_PLACEMENT_3D('',#1073,#1074,#1075);
#1078=DIRECTION('',(0.E0,0.E0,-1.E0));
#1079=VECTOR('',#1078,6.E-1);
#1080=CARTESIAN_POINT('',(4.125E0,-5.5E0,3.115E1));
#1081=LINE('',#1080,#1079);
#1082=DIRECTION('',(0.E0,1.E0,-3.552713678800E-14));
#1083=VECTOR('',#1082,2.E-1);
#1084=CARTESIAN_POINT('',(4.125E0,-5.7E0,3.055E1));
#1085=LINE('',#1084,#1083);
#1086=DIRECTION('',(0.E0,1.E0,0.E0));
#1087=VECTOR('',#1086,2.E-1);
#1088=CARTESIAN_POINT('',(4.125E0,-5.7E0,2.935E1));
#1089=LINE('',#1088,#1087);
#1090=DIRECTION('',(0.E0,0.E0,-1.E0));
#1091=VECTOR('',#1090,6.E-1);
#1092=CARTESIAN_POINT('',(4.125E0,-5.5E0,2.935E1));
#1093=LINE('',#1092,#1091);
#1094=CARTESIAN_POINT('',(4.125E0,-5.25E0,2.875E1));
#1095=DIRECTION('',(-1.E0,0.E0,0.E0));
#1096=DIRECTION('',(0.E0,0.E0,-1.E0));
#1097=AXIS2_PLACEMENT_3D('',#1094,#1095,#1096);
#1099=DIRECTION('',(0.E0,-1.E0,0.E0));
#1100=VECTOR('',#1099,1.75E0);
#1101=CARTESIAN_POINT('',(4.125E0,-3.5E0,2.85E1));
#1102=LINE('',#1101,#1100);
#1103=DIRECTION('',(0.E0,0.E0,1.E0));
#1104=VECTOR('',#1103,1.21E1);
#1105=CARTESIAN_POINT('',(4.125E0,-3.5E0,1.64E1));
#1106=LINE('',#1105,#1104);
#1107=DIRECTION('',(0.E0,1.E0,0.E0));
#1108=VECTOR('',#1107,1.75E0);
#1109=CARTESIAN_POINT('',(4.125E0,-5.25E0,1.64E1));
#1110=LINE('',#1109,#1108);
#1111=CARTESIAN_POINT('',(4.125E0,-5.25E0,1.615E1));
#1112=DIRECTION('',(-1.E0,0.E0,0.E0));
#1113=DIRECTION('',(0.E0,-1.E0,0.E0));
#1114=AXIS2_PLACEMENT_3D('',#1111,#1112,#1113);
#1116=DIRECTION('',(0.E0,0.E0,-1.E0));
#1117=VECTOR('',#1116,6.E-1);
#1118=CARTESIAN_POINT('',(4.125E0,-5.5E0,1.615E1));
#1119=LINE('',#1118,#1117);
#1120=DIRECTION('',(0.E0,1.E0,0.E0));
#1121=VECTOR('',#1120,2.E-1);
#1122=CARTESIAN_POINT('',(4.125E0,-5.7E0,1.555E1));
#1123=LINE('',#1122,#1121);
#1124=DIRECTION('',(0.E0,1.E0,0.E0));
#1125=VECTOR('',#1124,2.E-1);
#1126=CARTESIAN_POINT('',(4.125E0,-5.7E0,1.435E1));
#1127=LINE('',#1126,#1125);
#1128=DIRECTION('',(0.E0,0.E0,-1.E0));
#1129=VECTOR('',#1128,6.E-1);
#1130=CARTESIAN_POINT('',(4.125E0,-5.5E0,1.435E1));
#1131=LINE('',#1130,#1129);
#1132=CARTESIAN_POINT('',(4.125E0,-5.25E0,1.375E1));
#1133=DIRECTION('',(-1.E0,0.E0,0.E0));
#1134=DIRECTION('',(0.E0,0.E0,-1.E0));
#1135=AXIS2_PLACEMENT_3D('',#1132,#1133,#1134);
#1137=DIRECTION('',(0.E0,-1.E0,0.E0));
#1138=VECTOR('',#1137,1.75E0);
#1139=CARTESIAN_POINT('',(4.125E0,-3.5E0,1.35E1));
#1140=LINE('',#1139,#1138);
#1141=DIRECTION('',(0.E0,0.E0,1.E0));
#1142=VECTOR('',#1141,1.205E1);
#1143=CARTESIAN_POINT('',(4.125E0,-3.5E0,1.45E0));
#1144=LINE('',#1143,#1142);
#1145=DIRECTION('',(0.E0,1.E0,0.E0));
#1146=VECTOR('',#1145,1.75E0);
#1147=CARTESIAN_POINT('',(4.125E0,-5.25E0,1.45E0));
#1148=LINE('',#1147,#1146);
#1149=CARTESIAN_POINT('',(4.125E0,-5.25E0,1.2E0));
#1150=DIRECTION('',(-1.E0,0.E0,0.E0));
#1151=DIRECTION('',(0.E0,-1.E0,0.E0));
#1152=AXIS2_PLACEMENT_3D('',#1149,#1150,#1151);
#1154=DIRECTION('',(0.E0,0.E0,-1.E0));
#1155=VECTOR('',#1154,6.E-1);
#1156=CARTESIAN_POINT('',(4.125E0,-5.5E0,1.2E0));
#1157=LINE('',#1156,#1155);
#1158=DIRECTION('',(0.E0,1.E0,0.E0));
#1159=VECTOR('',#1158,2.E-1);
#1160=CARTESIAN_POINT('',(4.125E0,-5.7E0,6.E-1));
#1161=LINE('',#1160,#1159);
#1162=DIRECTION('',(0.E0,1.E0,0.E0));
#1163=VECTOR('',#1162,2.E-1);
#1164=CARTESIAN_POINT('',(4.125E0,-5.7E0,-6.E-1));
#1165=LINE('',#1164,#1163);
#1166=DIRECTION('',(0.E0,0.E0,-1.E0));
#1167=VECTOR('',#1166,6.E-1);
#1168=CARTESIAN_POINT('',(4.125E0,-5.5E0,-6.E-1));
#1169=LINE('',#1168,#1167);
#1170=DIRECTION('',(-1.E0,0.E0,0.E0));
#1171=VECTOR('',#1170,5.E-1);
#1172=CARTESIAN_POINT('',(4.625E0,-5.25E0,-1.45E0));
#1173=LINE('',#1172,#1171);
#1174=DIRECTION('',(-1.E0,0.E0,0.E0));
#1175=VECTOR('',#1174,5.E-1);
#1176=CARTESIAN_POINT('',(4.625E0,-3.5E0,-1.45E0));
#1177=LINE('',#1176,#1175);
#1178=DIRECTION('',(-1.E0,0.E0,0.E0));
#1179=VECTOR('',#1178,5.E-1);
#1180=CARTESIAN_POINT('',(4.625E0,-3.5E0,-1.35E1));
#1181=LINE('',#1180,#1179);
#1182=DIRECTION('',(1.E0,0.E0,0.E0));
#1183=VECTOR('',#1182,5.E-1);
#1184=CARTESIAN_POINT('',(4.125E0,-5.25E0,-1.35E1));
#1185=LINE('',#1184,#1183);
#1186=DIRECTION('',(1.E0,0.E0,0.E0));
#1187=VECTOR('',#1186,5.E-1);
#1188=CARTESIAN_POINT('',(-4.625E0,-5.5E0,-1.375E1));
#1189=LINE('',#1188,#1187);
#1190=DIRECTION('',(1.E0,0.E0,0.E0));
#1191=VECTOR('',#1190,5.E-1);
#1192=CARTESIAN_POINT('',(4.125E0,-5.5E0,-1.375E1));
#1193=LINE('',#1192,#1191);
#1194=DIRECTION('',(1.E0,0.E0,0.E0));
#1195=VECTOR('',#1194,5.E-1);
#1196=CARTESIAN_POINT('',(-4.625E0,-5.5E0,-1.435E1));
#1197=LINE('',#1196,#1195);
#1198=DIRECTION('',(1.E0,0.E0,0.E0));
#1199=VECTOR('',#1198,5.E-1);
#1200=CARTESIAN_POINT('',(-4.625E0,-5.7E0,-1.435E1));
#1201=LINE('',#1200,#1199);
#1202=DIRECTION('',(0.E0,0.E0,-1.E0));
#1203=VECTOR('',#1202,1.2E0);
#1204=CARTESIAN_POINT('',(-3.625E0,-6.7E0,-1.435E1));
#1205=LINE('',#1204,#1203);
#1206=CARTESIAN_POINT('',(-3.625E0,-5.7E0,-1.555E1));
#1207=DIRECTION('',(0.E0,0.E0,-1.E0));
#1208=DIRECTION('',(0.E0,-1.E0,0.E0));
#1209=AXIS2_PLACEMENT_3D('',#1206,#1207,#1208);
#1211=DIRECTION('',(0.E0,0.E0,-1.E0));
#1212=VECTOR('',#1211,1.2E0);
#1213=CARTESIAN_POINT('',(-4.625E0,-5.7E0,-1.435E1));
#1214=LINE('',#1213,#1212);
#1215=CARTESIAN_POINT('',(-3.625E0,-5.7E0,-1.435E1));
#1216=DIRECTION('',(0.E0,0.E0,-1.E0));
#1217=DIRECTION('',(0.E0,-1.E0,0.E0));
#1218=AXIS2_PLACEMENT_3D('',#1215,#1216,#1217);
#1220=CARTESIAN_POINT('',(-1.875E0,-6.7E0,-1.46E1));
#1221=DIRECTION('',(0.E0,-1.E0,0.E0));
#1222=DIRECTION('',(1.E0,0.E0,0.E0));
#1223=AXIS2_PLACEMENT_3D('',#1220,#1221,#1222);
#1225=DIRECTION('',(0.E0,0.E0,1.E0));
#1226=VECTOR('',#1225,7.E-1);
#1227=CARTESIAN_POINT('',(-1.625E0,-6.7E0,-1.53E1));
#1228=LINE('',#1227,#1226);
#1229=CARTESIAN_POINT('',(-1.875E0,-6.7E0,-1.53E1));
#1230=DIRECTION('',(0.E0,-1.E0,0.E0));
#1231=DIRECTION('',(0.E0,0.E0,-1.E0));
#1232=AXIS2_PLACEMENT_3D('',#1229,#1230,#1231);
#1234=DIRECTION('',(1.E0,0.E0,0.E0));
#1235=VECTOR('',#1234,1.75E0);
#1236=CARTESIAN_POINT('',(-3.625E0,-6.7E0,-1.555E1));
#1237=LINE('',#1236,#1235);
#1238=DIRECTION('',(-1.E0,0.E0,0.E0));
#1239=VECTOR('',#1238,1.75E0);
#1240=CARTESIAN_POINT('',(-1.875E0,-6.7E0,-1.435E1));
#1241=LINE('',#1240,#1239);
#1242=DIRECTION('',(0.E0,-1.E0,0.E0));
#1243=VECTOR('',#1242,5.E-1);
#1244=CARTESIAN_POINT('',(-1.875E0,-6.2E0,-1.435E1));
#1245=LINE('',#1244,#1243);
#1246=DIRECTION('',(0.E0,1.E0,0.E0));
#1247=VECTOR('',#1246,5.E-1);
#1248=CARTESIAN_POINT('',(-3.625E0,-6.7E0,-1.435E1));
#1249=LINE('',#1248,#1247);
#1250=CARTESIAN_POINT('',(-1.875E0,-6.2E0,-1.46E1));
#1251=DIRECTION('',(0.E0,1.E0,0.E0));
#1252=DIRECTION('',(0.E0,0.E0,1.E0));
#1253=AXIS2_PLACEMENT_3D('',#1250,#1251,#1252);
#1255=DIRECTION('',(-1.E0,0.E0,0.E0));
#1256=VECTOR('',#1255,1.75E0);
#1257=CARTESIAN_POINT('',(-1.875E0,-6.2E0,-1.435E1));
#1258=LINE('',#1257,#1256);
#1259=DIRECTION('',(1.E0,0.E0,0.E0));
#1260=VECTOR('',#1259,1.75E0);
#1261=CARTESIAN_POINT('',(-3.625E0,-6.2E0,-1.555E1));
#1262=LINE('',#1261,#1260);
#1263=CARTESIAN_POINT('',(-1.875E0,-6.2E0,-1.53E1));
#1264=DIRECTION('',(0.E0,1.E0,0.E0));
#1265=DIRECTION('',(1.E0,0.E0,0.E0));
#1266=AXIS2_PLACEMENT_3D('',#1263,#1264,#1265);
#1268=DIRECTION('',(0.E0,0.E0,1.E0));
#1269=VECTOR('',#1268,7.E-1);
#1270=CARTESIAN_POINT('',(-1.625E0,-6.2E0,-1.53E1));
#1271=LINE('',#1270,#1269);
#1272=DIRECTION('',(0.E0,0.E0,-1.E0));
#1273=VECTOR('',#1272,1.2E0);
#1274=CARTESIAN_POINT('',(-3.625E0,-6.2E0,-1.435E1));
#1275=LINE('',#1274,#1273);
#1276=CARTESIAN_POINT('',(-3.625E0,-5.7E0,-1.435E1));
#1277=DIRECTION('',(0.E0,0.E0,-1.E0));
#1278=DIRECTION('',(0.E0,-1.E0,0.E0));
#1279=AXIS2_PLACEMENT_3D('',#1276,#1277,#1278);
#1281=DIRECTION('',(0.E0,0.E0,-1.E0));
#1282=VECTOR('',#1281,1.2E0);
#1283=CARTESIAN_POINT('',(-4.125E0,-5.7E0,-1.435E1));
#1284=LINE('',#1283,#1282);
#1285=CARTESIAN_POINT('',(-3.625E0,-5.7E0,-1.555E1));
#1286=DIRECTION('',(0.E0,0.E0,-1.E0));
#1287=DIRECTION('',(0.E0,-1.E0,0.E0));
#1288=AXIS2_PLACEMENT_3D('',#1285,#1286,#1287);
#1290=DIRECTION('',(0.E0,1.E0,0.E0));
#1291=VECTOR('',#1290,5.E-1);
#1292=CARTESIAN_POINT('',(-3.625E0,-6.7E0,-1.555E1));
#1293=LINE('',#1292,#1291);
#1294=DIRECTION('',(0.E0,-1.E0,0.E0));
#1295=VECTOR('',#1294,5.E-1);
#1296=CARTESIAN_POINT('',(-1.875E0,-6.2E0,-1.555E1));
#1297=LINE('',#1296,#1295);
#1298=DIRECTION('',(0.E0,-1.E0,0.E0));
#1299=VECTOR('',#1298,5.E-1);
#1300=CARTESIAN_POINT('',(-1.625E0,-6.2E0,-1.46E1));
#1301=LINE('',#1300,#1299);
#1302=DIRECTION('',(0.E0,-1.E0,0.E0));
#1303=VECTOR('',#1302,5.E-1);
#1304=CARTESIAN_POINT('',(-1.625E0,-6.2E0,-1.53E1));
#1305=LINE('',#1304,#1303);
#1306=DIRECTION('',(1.E0,0.E0,0.E0));
#1307=VECTOR('',#1306,5.E-1);
#1308=CARTESIAN_POINT('',(-4.625E0,-5.7E0,-1.555E1));
#1309=LINE('',#1308,#1307);
#1310=DIRECTION('',(-1.E0,0.E0,0.E0));
#1311=VECTOR('',#1310,5.E-1);
#1312=CARTESIAN_POINT('',(-4.125E0,-5.5E0,-1.615E1));
#1313=LINE('',#1312,#1311);
#1314=DIRECTION('',(1.E0,0.E0,0.E0));
#1315=VECTOR('',#1314,5.E-1);
#1316=CARTESIAN_POINT('',(-4.625E0,-5.5E0,-1.555E1));
#1317=LINE('',#1316,#1315);
#1318=DIRECTION('',(-1.E0,0.E0,0.E0));
#1319=VECTOR('',#1318,5.E-1);
#1320=CARTESIAN_POINT('',(4.625E0,-5.5E0,-1.615E1));
#1321=LINE('',#1320,#1319);
#1322=DIRECTION('',(1.E0,0.E0,0.E0));
#1323=VECTOR('',#1322,5.E-1);
#1324=CARTESIAN_POINT('',(4.125E0,-5.5E0,-1.555E1));
#1325=LINE('',#1324,#1323);
#1326=DIRECTION('',(-1.E0,0.E0,0.E0));
#1327=VECTOR('',#1326,5.E-1);
#1328=CARTESIAN_POINT('',(-4.125E0,-5.25E0,-1.64E1));
#1329=LINE('',#1328,#1327);
#1330=DIRECTION('',(1.E0,0.E0,0.E0));
#1331=VECTOR('',#1330,5.E-1);
#1332=CARTESIAN_POINT('',(-4.625E0,-3.5E0,-1.64E1));
#1333=LINE('',#1332,#1331);
#1334=DIRECTION('',(1.E0,0.E0,0.E0));
#1335=VECTOR('',#1334,5.E-1);
#1336=CARTESIAN_POINT('',(-4.625E0,-5.25E0,-2.85E1));
#1337=LINE('',#1336,#1335);
#1338=DIRECTION('',(1.E0,0.E0,0.E0));
#1339=VECTOR('',#1338,5.E-1);
#1340=CARTESIAN_POINT('',(-4.625E0,-3.5E0,-2.85E1));
#1341=LINE('',#1340,#1339);
#1342=DIRECTION('',(1.E0,0.E0,0.E0));
#1343=VECTOR('',#1342,5.E-1);
#1344=CARTESIAN_POINT('',(-4.625E0,-5.5E0,-2.875E1));
#1345=LINE('',#1344,#1343);
#1346=DIRECTION('',(1.E0,0.E0,0.E0));
#1347=VECTOR('',#1346,5.E-1);
#1348=CARTESIAN_POINT('',(4.125E0,-5.5E0,-2.875E1));
#1349=LINE('',#1348,#1347);
#1350=DIRECTION('',(1.E0,0.E0,0.E0));
#1351=VECTOR('',#1350,5.E-1);
#1352=CARTESIAN_POINT('',(-4.625E0,-5.5E0,-2.935E1));
#1353=LINE('',#1352,#1351);
#1354=DIRECTION('',(1.E0,0.E0,0.E0));
#1355=VECTOR('',#1354,5.E-1);
#1356=CARTESIAN_POINT('',(-4.625E0,-5.7E0,-2.935E1));
#1357=LINE('',#1356,#1355);
#1358=DIRECTION('',(0.E0,0.E0,-1.E0));
#1359=VECTOR('',#1358,1.2E0);
#1360=CARTESIAN_POINT('',(-3.625E0,-6.7E0,-2.935E1));
#1361=LINE('',#1360,#1359);
#1362=CARTESIAN_POINT('',(-3.625E0,-5.7E0,-3.055E1));
#1363=DIRECTION('',(0.E0,0.E0,-1.E0));
#1364=DIRECTION('',(0.E0,-1.E0,0.E0));
#1365=AXIS2_PLACEMENT_3D('',#1362,#1363,#1364);
#1367=DIRECTION('',(0.E0,0.E0,-1.E0));
#1368=VECTOR('',#1367,1.2E0);
#1369=CARTESIAN_POINT('',(-4.625E0,-5.7E0,-2.935E1));
#1370=LINE('',#1369,#1368);
#1371=CARTESIAN_POINT('',(-3.625E0,-5.7E0,-2.935E1));
#1372=DIRECTION('',(0.E0,0.E0,-1.E0));
#1373=DIRECTION('',(0.E0,-1.E0,0.E0));
#1374=AXIS2_PLACEMENT_3D('',#1371,#1372,#1373);
#1376=CARTESIAN_POINT('',(-1.875E0,-6.7E0,-2.96E1));
#1377=DIRECTION('',(0.E0,-1.E0,0.E0));
#1378=DIRECTION('',(1.E0,0.E0,0.E0));
#1379=AXIS2_PLACEMENT_3D('',#1376,#1377,#1378);
#1381=DIRECTION('',(0.E0,0.E0,1.E0));
#1382=VECTOR('',#1381,7.E-1);
#1383=CARTESIAN_POINT('',(-1.625E0,-6.7E0,-3.03E1));
#1384=LINE('',#1383,#1382);
#1385=CARTESIAN_POINT('',(-1.875E0,-6.7E0,-3.03E1));
#1386=DIRECTION('',(0.E0,-1.E0,0.E0));
#1387=DIRECTION('',(0.E0,0.E0,-1.E0));
#1388=AXIS2_PLACEMENT_3D('',#1385,#1386,#1387);
#1390=DIRECTION('',(1.E0,0.E0,0.E0));
#1391=VECTOR('',#1390,1.75E0);
#1392=CARTESIAN_POINT('',(-3.625E0,-6.7E0,-3.055E1));
#1393=LINE('',#1392,#1391);
#1394=DIRECTION('',(-1.E0,0.E0,0.E0));
#1395=VECTOR('',#1394,1.75E0);
#1396=CARTESIAN_POINT('',(-1.875E0,-6.7E0,-2.935E1));
#1397=LINE('',#1396,#1395);
#1398=DIRECTION('',(0.E0,-1.E0,0.E0));
#1399=VECTOR('',#1398,5.E-1);
#1400=CARTESIAN_POINT('',(-1.875E0,-6.2E0,-2.935E1));
#1401=LINE('',#1400,#1399);
#1402=DIRECTION('',(0.E0,1.E0,0.E0));
#1403=VECTOR('',#1402,5.E-1);
#1404=CARTESIAN_POINT('',(-3.625E0,-6.7E0,-2.935E1));
#1405=LINE('',#1404,#1403);
#1406=CARTESIAN_POINT('',(-1.875E0,-6.2E0,-2.96E1));
#1407=DIRECTION('',(0.E0,1.E0,0.E0));
#1408=DIRECTION('',(0.E0,0.E0,1.E0));
#1409=AXIS2_PLACEMENT_3D('',#1406,#1407,#1408);
#1411=DIRECTION('',(-1.E0,0.E0,0.E0));
#1412=VECTOR('',#1411,1.75E0);
#1413=CARTESIAN_POINT('',(-1.875E0,-6.2E0,-2.935E1));
#1414=LINE('',#1413,#1412);
#1415=DIRECTION('',(1.E0,0.E0,0.E0));
#1416=VECTOR('',#1415,1.75E0);
#1417=CARTESIAN_POINT('',(-3.625E0,-6.2E0,-3.055E1));
#1418=LINE('',#1417,#1416);
#1419=CARTESIAN_POINT('',(-1.875E0,-6.2E0,-3.03E1));
#1420=DIRECTION('',(0.E0,1.E0,0.E0));
#1421=DIRECTION('',(1.E0,0.E0,0.E0));
#1422=AXIS2_PLACEMENT_3D('',#1419,#1420,#1421);
#1424=DIRECTION('',(0.E0,0.E0,1.E0));
#1425=VECTOR('',#1424,7.E-1);
#1426=CARTESIAN_POINT('',(-1.625E0,-6.2E0,-3.03E1));
#1427=LINE('',#1426,#1425);
#1428=DIRECTION('',(0.E0,0.E0,-1.E0));
#1429=VECTOR('',#1428,1.2E0);
#1430=CARTESIAN_POINT('',(-3.625E0,-6.2E0,-2.935E1));
#1431=LINE('',#1430,#1429);
#1432=CARTESIAN_POINT('',(-3.625E0,-5.7E0,-2.935E1));
#1433=DIRECTION('',(0.E0,0.E0,-1.E0));
#1434=DIRECTION('',(0.E0,-1.E0,0.E0));
#1435=AXIS2_PLACEMENT_3D('',#1432,#1433,#1434);
#1437=DIRECTION('',(0.E0,0.E0,-1.E0));
#1438=VECTOR('',#1437,1.2E0);
#1439=CARTESIAN_POINT('',(-4.125E0,-5.7E0,-2.935E1));
#1440=LINE('',#1439,#1438);
#1441=CARTESIAN_POINT('',(-3.625E0,-5.7E0,-3.055E1));
#1442=DIRECTION('',(0.E0,0.E0,-1.E0));
#1443=DIRECTION('',(0.E0,-1.E0,0.E0));
#1444=AXIS2_PLACEMENT_3D('',#1441,#1442,#1443);
#1446=DIRECTION('',(0.E0,1.E0,0.E0));
#1447=VECTOR('',#1446,5.E-1);
#1448=CARTESIAN_POINT('',(-3.625E0,-6.7E0,-3.055E1));
#1449=LINE('',#1448,#1447);
#1450=DIRECTION('',(0.E0,-1.E0,0.E0));
#1451=VECTOR('',#1450,5.E-1);
#1452=CARTESIAN_POINT('',(-1.875E0,-6.2E0,-3.055E1));
#1453=LINE('',#1452,#1451);
#1454=DIRECTION('',(0.E0,-1.E0,0.E0));
#1455=VECTOR('',#1454,5.E-1);
#1456=CARTESIAN_POINT('',(-1.625E0,-6.2E0,-2.96E1));
#1457=LINE('',#1456,#1455);
#1458=DIRECTION('',(0.E0,-1.E0,0.E0));
#1459=VECTOR('',#1458,5.E-1);
#1460=CARTESIAN_POINT('',(-1.625E0,-6.2E0,-3.03E1));
#1461=LINE('',#1460,#1459);
#1462=DIRECTION('',(1.E0,0.E0,0.E0));
#1463=VECTOR('',#1462,5.E-1);
#1464=CARTESIAN_POINT('',(-4.625E0,-5.7E0,-3.055E1));
#1465=LINE('',#1464,#1463);
#1466=DIRECTION('',(-1.E0,0.E0,0.E0));
#1467=VECTOR('',#1466,5.E-1);
#1468=CARTESIAN_POINT('',(-4.125E0,-5.5E0,-3.115E1));
#1469=LINE('',#1468,#1467);
#1470=DIRECTION('',(1.E0,0.E0,0.E0));
#1471=VECTOR('',#1470,5.E-1);
#1472=CARTESIAN_POINT('',(-4.625E0,-5.5E0,-3.055E1));
#1473=LINE('',#1472,#1471);
#1474=DIRECTION('',(-1.E0,0.E0,0.E0));
#1475=VECTOR('',#1474,5.E-1);
#1476=CARTESIAN_POINT('',(4.625E0,-5.5E0,-3.115E1));
#1477=LINE('',#1476,#1475);
#1478=DIRECTION('',(1.E0,0.E0,0.E0));
#1479=VECTOR('',#1478,5.E-1);
#1480=CARTESIAN_POINT('',(4.125E0,-5.5E0,-3.055E1));
#1481=LINE('',#1480,#1479);
#1482=DIRECTION('',(-1.E0,0.E0,0.E0));
#1483=VECTOR('',#1482,5.E-1);
#1484=CARTESIAN_POINT('',(-4.125E0,-5.25E0,-3.14E1));
#1485=LINE('',#1484,#1483);
#1486=DIRECTION('',(-1.E0,0.E0,0.E0));
#1487=VECTOR('',#1486,5.E-1);
#1488=CARTESIAN_POINT('',(-4.125E0,-3.5E0,-3.725E1));
#1489=LINE('',#1488,#1487);
#1490=DIRECTION('',(1.E0,0.E0,0.E0));
#1491=VECTOR('',#1490,5.E-1);
#1492=CARTESIAN_POINT('',(-4.625E0,-3.5E0,-3.14E1));
#1493=LINE('',#1492,#1491);
#1494=DIRECTION('',(-1.E0,0.E0,0.E0));
#1495=VECTOR('',#1494,5.E-1);
#1496=CARTESIAN_POINT('',(-4.125E0,-3.25E0,-3.75E1));
#1497=LINE('',#1496,#1495);
#1498=DIRECTION('',(1.E0,0.E0,0.E0));
#1499=VECTOR('',#1498,5.E-1);
#1500=CARTESIAN_POINT('',(-4.625E0,-2.3E0,-3.75E1));
#1501=LINE('',#1500,#1499);
#1502=DIRECTION('',(1.E0,0.E0,0.E0));
#1503=VECTOR('',#1502,5.E-1);
#1504=CARTESIAN_POINT('',(-4.625E0,-2.3E0,-3.675E1));
#1505=LINE('',#1504,#1503);
#1506=DIRECTION('',(1.E0,0.E0,-1.421085471520E-14));
#1507=VECTOR('',#1506,5.E-1);
#1508=CARTESIAN_POINT('',(-4.625E0,-7.5E-1,-3.675E1));
#1509=LINE('',#1508,#1507);
#1510=DIRECTION('',(0.E0,0.E0,-1.E0));
#1511=VECTOR('',#1510,7.35E1);
#1512=CARTESIAN_POINT('',(-4.125E0,-7.5E-1,3.675E1));
#1513=LINE('',#1512,#1511);
#1514=CARTESIAN_POINT('',(-3.875E0,-7.5E-1,3.675E1));
#1515=DIRECTION('',(0.E0,0.E0,-1.E0));
#1516=DIRECTION('',(-1.E0,0.E0,0.E0));
#1517=AXIS2_PLACEMENT_3D('',#1514,#1515,#1516);
#1519=DIRECTION('',(0.E0,0.E0,-1.E0));
#1520=VECTOR('',#1519,7.35E1);
#1521=CARTESIAN_POINT('',(-3.875E0,-5.E-1,3.675E1));
#1522=LINE('',#1521,#1520);
#1523=CARTESIAN_POINT('',(-3.875E0,-7.5E-1,-3.675E1));
#1524=DIRECTION('',(0.E0,0.E0,-1.E0));
#1525=DIRECTION('',(-1.E0,0.E0,0.E0));
#1526=AXIS2_PLACEMENT_3D('',#1523,#1524,#1525);
#1528=DIRECTION('',(0.E0,-1.E0,0.E0));
#1529=VECTOR('',#1528,5.E-1);
#1530=CARTESIAN_POINT('',(-3.875E0,0.E0,3.675E1));
#1531=LINE('',#1530,#1529);
#1532=CARTESIAN_POINT('',(-3.28125E0,-7.5E-1,3.75E1));
#1533=CARTESIAN_POINT('',(-3.326007236209E0,-6.610747787995E-1,3.75E1));
#1534=CARTESIAN_POINT('',(-3.414526230053E0,-4.865991761912E-1,
3.746616586495E1));
#1535=CARTESIAN_POINT('',(-3.533759276404E0,-2.754453975393E-1,
3.735038985351E1));
#1536=CARTESIAN_POINT('',(-3.671123904415E0,-9.564965821244E-2,
3.714230539755E1));
#1537=CARTESIAN_POINT('',(-3.770484140657E0,-2.058677469714E-2,
3.695675920839E1));
#1538=CARTESIAN_POINT('',(-3.841084485071E0,0.E0,3.681739026854E1));
#1539=CARTESIAN_POINT('',(-3.875E0,0.E0,3.675E1));
#1541=DIRECTION('',(0.E0,0.E0,-1.E0));
#1542=VECTOR('',#1541,5.E-1);
#1543=CARTESIAN_POINT('',(-3.28125E0,-7.5E-1,3.75E1));
#1544=LINE('',#1543,#1542);
#1545=CARTESIAN_POINT('',(-3.28125E0,-7.5E-1,3.7E1));
#1546=CARTESIAN_POINT('',(-3.326007236209E0,-7.203582595998E-1,3.7E1));
#1547=CARTESIAN_POINT('',(-3.414526230053E0,-6.621997253971E-1,
3.698872195498E1));
#1548=CARTESIAN_POINT('',(-3.533759276404E0,-5.918151325131E-1,
3.695012995117E1));
#1549=CARTESIAN_POINT('',(-3.671123904415E0,-5.318832194041E-1,
3.688076846585E1));
#1550=CARTESIAN_POINT('',(-3.770484140657E0,-5.068622582324E-1,
3.681891973613E1));
#1551=CARTESIAN_POINT('',(-3.841084485071E0,-5.E-1,3.677246342285E1));
#1552=CARTESIAN_POINT('',(-3.875E0,-5.E-1,3.675E1));
#1554=DIRECTION('',(0.E0,0.E0,-1.E0));
#1555=VECTOR('',#1554,5.E-1);
#1556=CARTESIAN_POINT('',(-4.625E0,-1.E0,3.75E1));
#1557=LINE('',#1556,#1555);
#1558=DIRECTION('',(0.E0,0.E0,-1.E0));
#1559=VECTOR('',#1558,5.E-1);
#1560=CARTESIAN_POINT('',(-4.625E0,-2.2E0,3.75E1));
#1561=LINE('',#1560,#1559);
#1562=DIRECTION('',(0.E0,0.E0,-1.E0));
#1563=VECTOR('',#1562,5.E-1);
#1564=CARTESIAN_POINT('',(-3.75E0,-2.2E0,3.75E1));
#1565=LINE('',#1564,#1563);
#1566=DIRECTION('',(0.E0,0.E0,1.E0));
#1567=VECTOR('',#1566,5.E-1);
#1568=CARTESIAN_POINT('',(-3.75E0,-2.75E0,3.7E1));
#1569=LINE('',#1568,#1567);
#1570=DIRECTION('',(0.E0,0.E0,1.E0));
#1571=VECTOR('',#1570,5.E-1);
#1572=CARTESIAN_POINT('',(3.5E0,-3.E0,3.7E1));
#1573=LINE('',#1572,#1571);
#1574=DIRECTION('',(0.E0,0.E0,1.E0));
#1575=VECTOR('',#1574,5.E-1);
#1576=CARTESIAN_POINT('',(-3.5E0,-3.E0,3.7E1));
#1577=LINE('',#1576,#1575);
#1578=CARTESIAN_POINT('',(3.5E0,-2.75E0,3.7E1));
#1579=DIRECTION('',(0.E0,0.E0,-1.E0));
#1580=DIRECTION('',(1.E0,0.E0,0.E0));
#1581=AXIS2_PLACEMENT_3D('',#1578,#1579,#1580);
#1583=DIRECTION('',(0.E0,1.E0,0.E0));
#1584=VECTOR('',#1583,5.5E-1);
#1585=CARTESIAN_POINT('',(3.75E0,-2.75E0,3.7E1));
#1586=LINE('',#1585,#1584);
#1587=DIRECTION('',(1.E0,0.E0,0.E0));
#1588=VECTOR('',#1587,8.75E-1);
#1589=CARTESIAN_POINT('',(3.75E0,-2.2E0,3.7E1));
#1590=LINE('',#1589,#1588);
#1591=DIRECTION('',(0.E0,1.E0,0.E0));
#1592=VECTOR('',#1591,1.2E0);
#1593=CARTESIAN_POINT('',(4.625E0,-2.2E0,3.7E1));
#1594=LINE('',#1593,#1592);
#1595=DIRECTION('',(9.831300494836E-1,1.829079161830E-1,0.E0));
#1596=VECTOR('',#1595,1.366807983039E0);
#1597=CARTESIAN_POINT('',(-4.625E0,-1.E0,3.7E1));
#1598=LINE('',#1597,#1596);
#1599=DIRECTION('',(0.E0,-1.E0,0.E0));
#1600=VECTOR('',#1599,1.2E0);
#1601=CARTESIAN_POINT('',(-4.625E0,-1.E0,3.7E1));
#1602=LINE('',#1601,#1600);
#1603=DIRECTION('',(1.E0,0.E0,0.E0));
#1604=VECTOR('',#1603,8.75E-1);
#1605=CARTESIAN_POINT('',(-4.625E0,-2.2E0,3.7E1));
#1606=LINE('',#1605,#1604);
#1607=DIRECTION('',(0.E0,-1.E0,0.E0));
#1608=VECTOR('',#1607,5.5E-1);
#1609=CARTESIAN_POINT('',(-3.75E0,-2.2E0,3.7E1));
#1610=LINE('',#1609,#1608);
#1611=CARTESIAN_POINT('',(-3.5E0,-2.75E0,3.7E1));
#1612=DIRECTION('',(0.E0,0.E0,-1.E0));
#1613=DIRECTION('',(0.E0,-1.E0,0.E0));
#1614=AXIS2_PLACEMENT_3D('',#1611,#1612,#1613);
#1616=DIRECTION('',(1.E0,0.E0,0.E0));
#1617=VECTOR('',#1616,7.E0);
#1618=CARTESIAN_POINT('',(-3.5E0,-3.E0,3.7E1));
#1619=LINE('',#1618,#1617);
#1620=DIRECTION('',(1.E0,0.E0,0.E0));
#1621=VECTOR('',#1620,7.75E0);
#1622=CARTESIAN_POINT('',(-3.875E0,-5.E-1,3.675E1));
#1623=LINE('',#1622,#1621);
#1624=DIRECTION('',(-1.E0,0.E0,0.E0));
#1625=VECTOR('',#1624,6.5625E0);
#1626=CARTESIAN_POINT('',(3.28125E0,-7.5E-1,3.7E1));
#1627=LINE('',#1626,#1625);
#1628=DIRECTION('',(1.E0,0.E0,0.E0));
#1629=VECTOR('',#1628,2.8E0);
#1630=CARTESIAN_POINT('',(-1.4E0,-5.E-1,-3.345E1));
#1631=LINE('',#1630,#1629);
#1632=DIRECTION('',(0.E0,0.E0,1.E0));
#1633=VECTOR('',#1632,6.69E1);
#1634=CARTESIAN_POINT('',(1.4E0,-5.E-1,-3.345E1));
#1635=LINE('',#1634,#1633);
#1636=DIRECTION('',(-1.E0,0.E0,0.E0));
#1637=VECTOR('',#1636,2.8E0);
#1638=CARTESIAN_POINT('',(1.4E0,-5.E-1,3.345E1));
#1639=LINE('',#1638,#1637);
#1640=DIRECTION('',(0.E0,0.E0,-1.E0));
#1641=VECTOR('',#1640,6.69E1);
#1642=CARTESIAN_POINT('',(-1.4E0,-5.E-1,3.345E1));
#1643=LINE('',#1642,#1641);
#1644=CARTESIAN_POINT('',(0.E0,-5.E-1,3.55E1));
#1645=DIRECTION('',(0.E0,1.E0,0.E0));
#1646=DIRECTION('',(1.E0,0.E0,0.E0));
#1647=AXIS2_PLACEMENT_3D('',#1644,#1645,#1646);
#1649=CARTESIAN_POINT('',(0.E0,-5.E-1,3.55E1));
#1650=DIRECTION('',(0.E0,1.E0,0.E0));
#1651=DIRECTION('',(-1.E0,0.E0,0.E0));
#1652=AXIS2_PLACEMENT_3D('',#1649,#1650,#1651);
#1654=CARTESIAN_POINT('',(0.E0,-5.E-1,-3.55E1));
#1655=DIRECTION('',(0.E0,1.E0,0.E0));
#1656=DIRECTION('',(1.E0,0.E0,0.E0));
#1657=AXIS2_PLACEMENT_3D('',#1654,#1655,#1656);
#1659=CARTESIAN_POINT('',(0.E0,-5.E-1,-3.55E1));
#1660=DIRECTION('',(0.E0,1.E0,0.E0));
#1661=DIRECTION('',(-1.E0,0.E0,0.E0));
#1662=AXIS2_PLACEMENT_3D('',#1659,#1660,#1661);
#1664=DIRECTION('',(0.E0,-1.E0,0.E0));
#1665=VECTOR('',#1664,5.E-1);
#1666=CARTESIAN_POINT('',(1.4E0,0.E0,-3.345E1));
#1667=LINE('',#1666,#1665);
#1668=DIRECTION('',(0.E0,-1.E0,0.E0));
#1669=VECTOR('',#1668,5.E-1);
#1670=CARTESIAN_POINT('',(1.4E0,0.E0,3.345E1));
#1671=LINE('',#1670,#1669);
#1672=DIRECTION('',(0.E0,-1.E0,0.E0));
#1673=VECTOR('',#1672,5.E-1);
#1674=CARTESIAN_POINT('',(-1.4E0,0.E0,3.345E1));
#1675=LINE('',#1674,#1673);
#1676=DIRECTION('',(0.E0,-1.E0,0.E0));
#1677=VECTOR('',#1676,5.E-1);
#1678=CARTESIAN_POINT('',(-1.4E0,0.E0,-3.345E1));
#1679=LINE('',#1678,#1677);
#1680=DIRECTION('',(0.E0,0.E0,-1.E0));
#1681=VECTOR('',#1680,7.35E1);
#1682=CARTESIAN_POINT('',(4.125E0,-7.5E-1,3.675E1));
#1683=LINE('',#1682,#1681);
#1684=CARTESIAN_POINT('',(3.875E0,-7.5E-1,-3.675E1));
#1685=DIRECTION('',(0.E0,0.E0,1.E0));
#1686=DIRECTION('',(1.E0,0.E0,0.E0));
#1687=AXIS2_PLACEMENT_3D('',#1684,#1685,#1686);
#1689=DIRECTION('',(0.E0,0.E0,-1.E0));
#1690=VECTOR('',#1689,7.35E1);
#1691=CARTESIAN_POINT('',(3.875E0,-5.E-1,3.675E1));
#1692=LINE('',#1691,#1690);
#1693=CARTESIAN_POINT('',(3.875E0,-7.5E-1,3.675E1));
#1694=DIRECTION('',(0.E0,0.E0,1.E0));
#1695=DIRECTION('',(1.E0,0.E0,0.E0));
#1696=AXIS2_PLACEMENT_3D('',#1693,#1694,#1695);
#1698=DIRECTION('',(0.E0,-1.E0,0.E0));
#1699=VECTOR('',#1698,5.E-1);
#1700=CARTESIAN_POINT('',(3.875E0,0.E0,-3.675E1));
#1701=LINE('',#1700,#1699);
#1702=DIRECTION('',(0.E0,0.E0,-1.E0));
#1703=VECTOR('',#1702,7.35E1);
#1704=CARTESIAN_POINT('',(4.625E0,-7.5E-1,3.675E1));
#1705=LINE('',#1704,#1703);
#1706=CARTESIAN_POINT('',(3.875E0,-7.5E-1,3.675E1));
#1707=DIRECTION('',(0.E0,0.E0,1.E0));
#1708=DIRECTION('',(1.E0,0.E0,0.E0));
#1709=AXIS2_PLACEMENT_3D('',#1706,#1707,#1708);
#1711=DIRECTION('',(0.E0,0.E0,-1.E0));
#1712=VECTOR('',#1711,7.35E1);
#1713=CARTESIAN_POINT('',(3.875E0,0.E0,3.675E1));
#1714=LINE('',#1713,#1712);
#1715=CARTESIAN_POINT('',(3.875E0,-7.5E-1,-3.675E1));
#1716=DIRECTION('',(0.E0,0.E0,1.E0));
#1717=DIRECTION('',(1.E0,0.E0,0.E0));
#1718=AXIS2_PLACEMENT_3D('',#1715,#1716,#1717);
#1720=DIRECTION('',(-1.E0,0.E0,-1.421085471520E-14));
#1721=VECTOR('',#1720,5.E-1);
#1722=CARTESIAN_POINT('',(4.625E0,-7.5E-1,3.675E1));
#1723=LINE('',#1722,#1721);
#1724=DIRECTION('',(-1.E0,0.E0,0.E0));
#1725=VECTOR('',#1724,5.E-1);
#1726=CARTESIAN_POINT('',(4.625E0,-2.3E0,3.675E1));
#1727=LINE('',#1726,#1725);
#1728=DIRECTION('',(-1.E0,0.E0,0.E0));
#1729=VECTOR('',#1728,5.E-1);
#1730=CARTESIAN_POINT('',(4.625E0,-2.3E0,3.75E1));
#1731=LINE('',#1730,#1729);
#1732=DIRECTION('',(1.E0,0.E0,0.E0));
#1733=VECTOR('',#1732,5.E-1);
#1734=CARTESIAN_POINT('',(4.125E0,-3.25E0,3.75E1));
#1735=LINE('',#1734,#1733);
#1736=DIRECTION('',(1.E0,0.E0,0.E0));
#1737=VECTOR('',#1736,5.E-1);
#1738=CARTESIAN_POINT('',(4.125E0,-3.5E0,3.725E1));
#1739=LINE('',#1738,#1737);
#1740=DIRECTION('',(-1.E0,0.E0,0.E0));
#1741=VECTOR('',#1740,5.E-1);
#1742=CARTESIAN_POINT('',(4.625E0,-3.5E0,3.14E1));
#1743=LINE('',#1742,#1741);
#1744=DIRECTION('',(1.E0,0.E0,0.E0));
#1745=VECTOR('',#1744,5.E-1);
#1746=CARTESIAN_POINT('',(4.125E0,-5.25E0,3.14E1));
#1747=LINE('',#1746,#1745);
#1748=DIRECTION('',(1.E0,0.E0,0.E0));
#1749=VECTOR('',#1748,5.E-1);
#1750=CARTESIAN_POINT('',(-4.625E0,-5.5E0,3.115E1));
#1751=LINE('',#1750,#1749);
#1752=DIRECTION('',(1.E0,0.E0,0.E0));
#1753=VECTOR('',#1752,5.E-1);
#1754=CARTESIAN_POINT('',(4.125E0,-5.5E0,3.115E1));
#1755=LINE('',#1754,#1753);
#1756=DIRECTION('',(1.E0,0.E0,0.E0));
#1757=VECTOR('',#1756,5.E-1);
#1758=CARTESIAN_POINT('',(-4.625E0,-5.25E0,3.14E1));
#1759=LINE('',#1758,#1757);
#1760=DIRECTION('',(1.E0,0.E0,0.E0));
#1761=VECTOR('',#1760,5.E-1);
#1762=CARTESIAN_POINT('',(-4.625E0,-3.5E0,3.14E1));
#1763=LINE('',#1762,#1761);
#1764=DIRECTION('',(-1.E0,0.E0,0.E0));
#1765=VECTOR('',#1764,5.E-1);
#1766=CARTESIAN_POINT('',(-4.125E0,-3.5E0,3.725E1));
#1767=LINE('',#1766,#1765);
#1768=DIRECTION('',(-1.E0,0.E0,0.E0));
#1769=VECTOR('',#1768,5.E-1);
#1770=CARTESIAN_POINT('',(-4.125E0,-3.25E0,3.75E1));
#1771=LINE('',#1770,#1769);
#1772=DIRECTION('',(1.E0,0.E0,0.E0));
#1773=VECTOR('',#1772,5.E-1);
#1774=CARTESIAN_POINT('',(-4.625E0,-2.3E0,3.75E1));
#1775=LINE('',#1774,#1773);
#1776=DIRECTION('',(1.E0,0.E0,0.E0));
#1777=VECTOR('',#1776,5.E-1);
#1778=CARTESIAN_POINT('',(-4.625E0,-2.3E0,3.675E1));
#1779=LINE('',#1778,#1777);
#1780=DIRECTION('',(1.E0,0.E0,1.421085471520E-14));
#1781=VECTOR('',#1780,5.E-1);
#1782=CARTESIAN_POINT('',(-4.625E0,-7.5E-1,3.675E1));
#1783=LINE('',#1782,#1781);
#1784=DIRECTION('',(1.E0,0.E0,0.E0));
#1785=VECTOR('',#1784,5.E-1);
#1786=CARTESIAN_POINT('',(-4.625E0,-5.5E0,3.055E1));
#1787=LINE('',#1786,#1785);
#1788=DIRECTION('',(1.E0,0.E0,0.E0));
#1789=VECTOR('',#1788,5.E-1);
#1790=CARTESIAN_POINT('',(-4.625E0,-5.7E0,3.055E1));
#1791=LINE('',#1790,#1789);
#1792=DIRECTION('',(0.E0,0.E0,1.E0));
#1793=VECTOR('',#1792,1.2E0);
#1794=CARTESIAN_POINT('',(-3.625E0,-6.7E0,2.935E1));
#1795=LINE('',#1794,#1793);
#1796=CARTESIAN_POINT('',(-3.625E0,-5.7E0,2.935E1));
#1797=DIRECTION('',(0.E0,0.E0,-1.E0));
#1798=DIRECTION('',(0.E0,-1.E0,0.E0));
#1799=AXIS2_PLACEMENT_3D('',#1796,#1797,#1798);
#1801=DIRECTION('',(0.E0,0.E0,1.E0));
#1802=VECTOR('',#1801,1.2E0);
#1803=CARTESIAN_POINT('',(-4.625E0,-5.7E0,2.935E1));
#1804=LINE('',#1803,#1802);
#1805=CARTESIAN_POINT('',(-3.625E0,-5.7E0,3.055E1));
#1806=DIRECTION('',(0.E0,0.E0,-1.E0));
#1807=DIRECTION('',(0.E0,-1.E0,0.E0));
#1808=AXIS2_PLACEMENT_3D('',#1805,#1806,#1807);
#1810=CARTESIAN_POINT('',(-1.875E0,-6.7E0,3.03E1));
#1811=DIRECTION('',(0.E0,-1.E0,0.E0));
#1812=DIRECTION('',(1.E0,0.E0,0.E0));
#1813=AXIS2_PLACEMENT_3D('',#1810,#1811,#1812);
#1815=DIRECTION('',(0.E0,0.E0,-1.E0));
#1816=VECTOR('',#1815,7.E-1);
#1817=CARTESIAN_POINT('',(-1.625E0,-6.7E0,3.03E1));
#1818=LINE('',#1817,#1816);
#1819=CARTESIAN_POINT('',(-1.875E0,-6.7E0,2.96E1));
#1820=DIRECTION('',(0.E0,-1.E0,0.E0));
#1821=DIRECTION('',(0.E0,0.E0,-1.E0));
#1822=AXIS2_PLACEMENT_3D('',#1819,#1820,#1821);
#1824=DIRECTION('',(-1.E0,0.E0,0.E0));
#1825=VECTOR('',#1824,1.75E0);
#1826=CARTESIAN_POINT('',(-1.875E0,-6.7E0,2.935E1));
#1827=LINE('',#1826,#1825);
#1828=DIRECTION('',(1.E0,0.E0,0.E0));
#1829=VECTOR('',#1828,1.75E0);
#1830=CARTESIAN_POINT('',(-3.625E0,-6.7E0,3.055E1));
#1831=LINE('',#1830,#1829);
#1832=DIRECTION('',(0.E0,-1.E0,0.E0));
#1833=VECTOR('',#1832,5.E-1);
#1834=CARTESIAN_POINT('',(-1.875E0,-6.2E0,3.055E1));
#1835=LINE('',#1834,#1833);
#1836=DIRECTION('',(0.E0,1.E0,0.E0));
#1837=VECTOR('',#1836,5.E-1);
#1838=CARTESIAN_POINT('',(-3.625E0,-6.7E0,3.055E1));
#1839=LINE('',#1838,#1837);
#1840=CARTESIAN_POINT('',(-1.875E0,-6.2E0,3.03E1));
#1841=DIRECTION('',(0.E0,1.E0,0.E0));
#1842=DIRECTION('',(0.E0,0.E0,1.E0));
#1843=AXIS2_PLACEMENT_3D('',#1840,#1841,#1842);
#1845=DIRECTION('',(1.E0,0.E0,0.E0));
#1846=VECTOR('',#1845,1.75E0);
#1847=CARTESIAN_POINT('',(-3.625E0,-6.2E0,3.055E1));
#1848=LINE('',#1847,#1846);
#1849=DIRECTION('',(-1.E0,0.E0,0.E0));
#1850=VECTOR('',#1849,1.75E0);
#1851=CARTESIAN_POINT('',(-1.875E0,-6.2E0,2.935E1));
#1852=LINE('',#1851,#1850);
#1853=CARTESIAN_POINT('',(-1.875E0,-6.2E0,2.96E1));
#1854=DIRECTION('',(0.E0,1.E0,0.E0));
#1855=DIRECTION('',(1.E0,0.E0,0.E0));
#1856=AXIS2_PLACEMENT_3D('',#1853,#1854,#1855);
#1858=DIRECTION('',(0.E0,0.E0,-1.E0));
#1859=VECTOR('',#1858,7.E-1);
#1860=CARTESIAN_POINT('',(-1.625E0,-6.2E0,3.03E1));
#1861=LINE('',#1860,#1859);
#1862=DIRECTION('',(0.E0,0.E0,1.E0));
#1863=VECTOR('',#1862,1.2E0);
#1864=CARTESIAN_POINT('',(-3.625E0,-6.2E0,2.935E1));
#1865=LINE('',#1864,#1863);
#1866=CARTESIAN_POINT('',(-3.625E0,-5.7E0,3.055E1));
#1867=DIRECTION('',(0.E0,0.E0,-1.E0));
#1868=DIRECTION('',(0.E0,-1.E0,0.E0));
#1869=AXIS2_PLACEMENT_3D('',#1866,#1867,#1868);
#1871=DIRECTION('',(0.E0,0.E0,1.E0));
#1872=VECTOR('',#1871,1.2E0);
#1873=CARTESIAN_POINT('',(-4.125E0,-5.7E0,2.935E1));
#1874=LINE('',#1873,#1872);
#1875=CARTESIAN_POINT('',(-3.625E0,-5.7E0,2.935E1));
#1876=DIRECTION('',(0.E0,0.E0,-1.E0));
#1877=DIRECTION('',(0.E0,-1.E0,0.E0));
#1878=AXIS2_PLACEMENT_3D('',#1875,#1876,#1877);
#1880=DIRECTION('',(0.E0,1.E0,0.E0));
#1881=VECTOR('',#1880,5.E-1);
#1882=CARTESIAN_POINT('',(-3.625E0,-6.7E0,2.935E1));
#1883=LINE('',#1882,#1881);
#1884=DIRECTION('',(0.E0,-1.E0,0.E0));
#1885=VECTOR('',#1884,5.E-1);
#1886=CARTESIAN_POINT('',(-1.875E0,-6.2E0,2.935E1));
#1887=LINE('',#1886,#1885);
#1888=DIRECTION('',(0.E0,-1.E0,0.E0));
#1889=VECTOR('',#1888,5.E-1);
#1890=CARTESIAN_POINT('',(-1.625E0,-6.2E0,3.03E1));
#1891=LINE('',#1890,#1889);
#1892=DIRECTION('',(0.E0,-1.E0,0.E0));
#1893=VECTOR('',#1892,5.E-1);
#1894=CARTESIAN_POINT('',(-1.625E0,-6.2E0,2.96E1));
#1895=LINE('',#1894,#1893);
#1896=DIRECTION('',(1.E0,0.E0,0.E0));
#1897=VECTOR('',#1896,5.E-1);
#1898=CARTESIAN_POINT('',(-4.625E0,-5.7E0,2.935E1));
#1899=LINE('',#1898,#1897);
#1900=DIRECTION('',(-1.E0,0.E0,0.E0));
#1901=VECTOR('',#1900,5.E-1);
#1902=CARTESIAN_POINT('',(4.625E0,-5.5E0,2.875E1));
#1903=LINE('',#1902,#1901);
#1904=DIRECTION('',(1.E0,0.E0,0.E0));
#1905=VECTOR('',#1904,5.E-1);
#1906=CARTESIAN_POINT('',(4.125E0,-5.5E0,2.935E1));
#1907=LINE('',#1906,#1905);
#1908=DIRECTION('',(-1.E0,0.E0,0.E0));
#1909=VECTOR('',#1908,5.E-1);
#1910=CARTESIAN_POINT('',(-4.125E0,-5.5E0,2.875E1));
#1911=LINE('',#1910,#1909);
#1912=DIRECTION('',(1.E0,0.E0,0.E0));
#1913=VECTOR('',#1912,5.E-1);
#1914=CARTESIAN_POINT('',(-4.625E0,-5.5E0,2.935E1));
#1915=LINE('',#1914,#1913);
#1916=DIRECTION('',(-1.E0,0.E0,0.E0));
#1917=VECTOR('',#1916,5.E-1);
#1918=CARTESIAN_POINT('',(4.625E0,-5.25E0,2.85E1));
#1919=LINE('',#1918,#1917);
#1920=DIRECTION('',(-1.E0,0.E0,0.E0));
#1921=VECTOR('',#1920,5.E-1);
#1922=CARTESIAN_POINT('',(4.625E0,-3.5E0,2.85E1));
#1923=LINE('',#1922,#1921);
#1924=DIRECTION('',(-1.E0,0.E0,0.E0));
#1925=VECTOR('',#1924,5.E-1);
#1926=CARTESIAN_POINT('',(4.625E0,-3.5E0,1.64E1));
#1927=LINE('',#1926,#1925);
#1928=DIRECTION('',(1.E0,0.E0,0.E0));
#1929=VECTOR('',#1928,5.E-1);
#1930=CARTESIAN_POINT('',(4.125E0,-5.25E0,1.64E1));
#1931=LINE('',#1930,#1929);
#1932=DIRECTION('',(1.E0,0.E0,0.E0));
#1933=VECTOR('',#1932,5.E-1);
#1934=CARTESIAN_POINT('',(4.125E0,-5.5E0,1.615E1));
#1935=LINE('',#1934,#1933);
#1936=DIRECTION('',(1.E0,0.E0,0.E0));
#1937=VECTOR('',#1936,5.E-1);
#1938=CARTESIAN_POINT('',(-4.625E0,-5.5E0,1.615E1));
#1939=LINE('',#1938,#1937);
#1940=DIRECTION('',(-1.E0,0.E0,0.E0));
#1941=VECTOR('',#1940,5.E-1);
#1942=CARTESIAN_POINT('',(4.625E0,-5.7E0,1.555E1));
#1943=LINE('',#1942,#1941);
#1944=DIRECTION('',(1.E0,0.E0,0.E0));
#1945=VECTOR('',#1944,5.E-1);
#1946=CARTESIAN_POINT('',(4.125E0,-5.5E0,1.555E1));
#1947=LINE('',#1946,#1945);
#1948=DIRECTION('',(0.E0,1.E0,0.E0));
#1949=VECTOR('',#1948,5.E-1);
#1950=CARTESIAN_POINT('',(3.625E0,-6.7E0,1.555E1));
#1951=LINE('',#1950,#1949);
#1952=DIRECTION('',(0.E0,0.E0,1.E0));
#1953=VECTOR('',#1952,1.2E0);
#1954=CARTESIAN_POINT('',(3.625E0,-6.7E0,1.435E1));
#1955=LINE('',#1954,#1953);
#1956=CARTESIAN_POINT('',(3.625E0,-5.7E0,1.555E1));
#1957=DIRECTION('',(0.E0,0.E0,1.E0));
#1958=DIRECTION('',(0.E0,-1.E0,0.E0));
#1959=AXIS2_PLACEMENT_3D('',#1956,#1957,#1958);
#1961=DIRECTION('',(0.E0,0.E0,1.E0));
#1962=VECTOR('',#1961,1.2E0);
#1963=CARTESIAN_POINT('',(4.625E0,-5.7E0,1.435E1));
#1964=LINE('',#1963,#1962);
#1965=CARTESIAN_POINT('',(3.625E0,-5.7E0,1.435E1));
#1966=DIRECTION('',(0.E0,0.E0,1.E0));
#1967=DIRECTION('',(0.E0,-1.E0,0.E0));
#1968=AXIS2_PLACEMENT_3D('',#1965,#1966,#1967);
#1970=CARTESIAN_POINT('',(1.875E0,-6.7E0,1.53E1));
#1971=DIRECTION('',(0.E0,-1.E0,0.E0));
#1972=DIRECTION('',(0.E0,0.E0,1.E0));
#1973=AXIS2_PLACEMENT_3D('',#1970,#1971,#1972);
#1975=DIRECTION('',(-1.E0,0.E0,0.E0));
#1976=VECTOR('',#1975,1.75E0);
#1977=CARTESIAN_POINT('',(3.625E0,-6.7E0,1.555E1));
#1978=LINE('',#1977,#1976);
#1979=DIRECTION('',(1.E0,0.E0,0.E0));
#1980=VECTOR('',#1979,1.75E0);
#1981=CARTESIAN_POINT('',(1.875E0,-6.7E0,1.435E1));
#1982=LINE('',#1981,#1980);
#1983=CARTESIAN_POINT('',(1.875E0,-6.7E0,1.46E1));
#1984=DIRECTION('',(0.E0,-1.E0,0.E0));
#1985=DIRECTION('',(-1.E0,0.E0,0.E0));
#1986=AXIS2_PLACEMENT_3D('',#1983,#1984,#1985);
#1988=DIRECTION('',(0.E0,0.E0,-1.E0));
#1989=VECTOR('',#1988,7.E-1);
#1990=CARTESIAN_POINT('',(1.625E0,-6.7E0,1.53E1));
#1991=LINE('',#1990,#1989);
#1992=DIRECTION('',(0.E0,-1.E0,0.E0));
#1993=VECTOR('',#1992,5.E-1);
#1994=CARTESIAN_POINT('',(1.625E0,-6.2E0,1.53E1));
#1995=LINE('',#1994,#1993);
#1996=DIRECTION('',(0.E0,-1.E0,0.E0));
#1997=VECTOR('',#1996,5.E-1);
#1998=CARTESIAN_POINT('',(1.625E0,-6.2E0,1.46E1));
#1999=LINE('',#1998,#1997);
#2000=DIRECTION('',(0.E0,-1.E0,0.E0));
#2001=VECTOR('',#2000,5.E-1);
#2002=CARTESIAN_POINT('',(1.875E0,-6.2E0,1.435E1));
#2003=LINE('',#2002,#2001);
#2004=DIRECTION('',(0.E0,1.E0,0.E0));
#2005=VECTOR('',#2004,5.E-1);
#2006=CARTESIAN_POINT('',(3.625E0,-6.7E0,1.435E1));
#2007=LINE('',#2006,#2005);
#2008=DIRECTION('',(-1.E0,0.E0,0.E0));
#2009=VECTOR('',#2008,5.E-1);
#2010=CARTESIAN_POINT('',(4.625E0,-5.7E0,1.435E1));
#2011=LINE('',#2010,#2009);
#2012=DIRECTION('',(-1.E0,0.E0,0.E0));
#2013=VECTOR('',#2012,5.E-1);
#2014=CARTESIAN_POINT('',(-4.125E0,-5.5E0,1.375E1));
#2015=LINE('',#2014,#2013);
#2016=DIRECTION('',(1.E0,0.E0,0.E0));
#2017=VECTOR('',#2016,5.E-1);
#2018=CARTESIAN_POINT('',(-4.625E0,-5.5E0,1.435E1));
#2019=LINE('',#2018,#2017);
#2020=DIRECTION('',(-1.E0,0.E0,0.E0));
#2021=VECTOR('',#2020,5.E-1);
#2022=CARTESIAN_POINT('',(4.625E0,-5.5E0,1.375E1));
#2023=LINE('',#2022,#2021);
#2024=DIRECTION('',(1.E0,0.E0,0.E0));
#2025=VECTOR('',#2024,5.E-1);
#2026=CARTESIAN_POINT('',(4.125E0,-5.5E0,1.435E1));
#2027=LINE('',#2026,#2025);
#2028=DIRECTION('',(-1.E0,0.E0,0.E0));
#2029=VECTOR('',#2028,5.E-1);
#2030=CARTESIAN_POINT('',(-4.125E0,-5.25E0,1.35E1));
#2031=LINE('',#2030,#2029);
#2032=DIRECTION('',(1.E0,0.E0,0.E0));
#2033=VECTOR('',#2032,5.E-1);
#2034=CARTESIAN_POINT('',(-4.625E0,-3.5E0,1.35E1));
#2035=LINE('',#2034,#2033);
#2036=DIRECTION('',(1.E0,0.E0,0.E0));
#2037=VECTOR('',#2036,5.E-1);
#2038=CARTESIAN_POINT('',(-4.625E0,-5.25E0,2.225E0));
#2039=LINE('',#2038,#2037);
#2040=DIRECTION('',(1.E0,0.E0,0.E0));
#2041=VECTOR('',#2040,5.E-1);
#2042=CARTESIAN_POINT('',(-4.625E0,-3.5E0,2.225E0));
#2043=LINE('',#2042,#2041);
#2044=DIRECTION('',(1.E0,0.E0,0.E0));
#2045=VECTOR('',#2044,5.E-1);
#2046=CARTESIAN_POINT('',(-4.625E0,-5.7E0,1.435E1));
#2047=LINE('',#2046,#2045);
#2048=DIRECTION('',(0.E0,1.E0,0.E0));
#2049=VECTOR('',#2048,5.E-1);
#2050=CARTESIAN_POINT('',(-3.625E0,-6.7E0,1.435E1));
#2051=LINE('',#2050,#2049);
#2052=DIRECTION('',(0.E0,0.E0,1.E0));
#2053=VECTOR('',#2052,1.2E0);
#2054=CARTESIAN_POINT('',(-3.625E0,-6.7E0,1.435E1));
#2055=LINE('',#2054,#2053);
#2056=CARTESIAN_POINT('',(-3.625E0,-5.7E0,1.435E1));
#2057=DIRECTION('',(0.E0,0.E0,-1.E0));
#2058=DIRECTION('',(0.E0,-1.E0,0.E0));
#2059=AXIS2_PLACEMENT_3D('',#2056,#2057,#2058);
#2061=DIRECTION('',(0.E0,0.E0,1.E0));
#2062=VECTOR('',#2061,1.2E0);
#2063=CARTESIAN_POINT('',(-4.625E0,-5.7E0,1.435E1));
#2064=LINE('',#2063,#2062);
#2065=CARTESIAN_POINT('',(-3.625E0,-5.7E0,1.555E1));
#2066=DIRECTION('',(0.E0,0.E0,-1.E0));
#2067=DIRECTION('',(0.E0,-1.E0,0.E0));
#2068=AXIS2_PLACEMENT_3D('',#2065,#2066,#2067);
#2070=CARTESIAN_POINT('',(-1.875E0,-6.7E0,1.53E1));
#2071=DIRECTION('',(0.E0,-1.E0,0.E0));
#2072=DIRECTION('',(1.E0,0.E0,0.E0));
#2073=AXIS2_PLACEMENT_3D('',#2070,#2071,#2072);
#2075=DIRECTION('',(0.E0,0.E0,-1.E0));
#2076=VECTOR('',#2075,7.E-1);
#2077=CARTESIAN_POINT('',(-1.625E0,-6.7E0,1.53E1));
#2078=LINE('',#2077,#2076);
#2079=CARTESIAN_POINT('',(-1.875E0,-6.7E0,1.46E1));
#2080=DIRECTION('',(0.E0,-1.E0,0.E0));
#2081=DIRECTION('',(0.E0,0.E0,-1.E0));
#2082=AXIS2_PLACEMENT_3D('',#2079,#2080,#2081);
#2084=DIRECTION('',(-1.E0,0.E0,0.E0));
#2085=VECTOR('',#2084,1.75E0);
#2086=CARTESIAN_POINT('',(-1.875E0,-6.7E0,1.435E1));
#2087=LINE('',#2086,#2085);
#2088=DIRECTION('',(1.E0,0.E0,0.E0));
#2089=VECTOR('',#2088,1.75E0);
#2090=CARTESIAN_POINT('',(-3.625E0,-6.7E0,1.555E1));
#2091=LINE('',#2090,#2089);
#2092=DIRECTION('',(0.E0,-1.E0,0.E0));
#2093=VECTOR('',#2092,5.E-1);
#2094=CARTESIAN_POINT('',(-1.875E0,-6.2E0,1.555E1));
#2095=LINE('',#2094,#2093);
#2096=DIRECTION('',(0.E0,1.E0,0.E0));
#2097=VECTOR('',#2096,5.E-1);
#2098=CARTESIAN_POINT('',(-3.625E0,-6.7E0,1.555E1));
#2099=LINE('',#2098,#2097);
#2100=DIRECTION('',(1.E0,0.E0,0.E0));
#2101=VECTOR('',#2100,5.E-1);
#2102=CARTESIAN_POINT('',(-4.625E0,-5.7E0,1.555E1));
#2103=LINE('',#2102,#2101);
#2104=DIRECTION('',(1.E0,0.E0,0.E0));
#2105=VECTOR('',#2104,5.E-1);
#2106=CARTESIAN_POINT('',(-4.625E0,-5.5E0,1.555E1));
#2107=LINE('',#2106,#2105);
#2108=DIRECTION('',(0.E0,0.E0,1.E0));
#2109=VECTOR('',#2108,1.2E0);
#2110=CARTESIAN_POINT('',(-3.625E0,-6.2E0,1.435E1));
#2111=LINE('',#2110,#2109);
#2112=CARTESIAN_POINT('',(-3.625E0,-5.7E0,1.555E1));
#2113=DIRECTION('',(0.E0,0.E0,-1.E0));
#2114=DIRECTION('',(0.E0,-1.E0,0.E0));
#2115=AXIS2_PLACEMENT_3D('',#2112,#2113,#2114);
#2117=DIRECTION('',(0.E0,0.E0,1.E0));
#2118=VECTOR('',#2117,1.2E0);
#2119=CARTESIAN_POINT('',(-4.125E0,-5.7E0,1.435E1));
#2120=LINE('',#2119,#2118);
#2121=CARTESIAN_POINT('',(-3.625E0,-5.7E0,1.435E1));
#2122=DIRECTION('',(0.E0,0.E0,-1.E0));
#2123=DIRECTION('',(0.E0,-1.E0,0.E0));
#2124=AXIS2_PLACEMENT_3D('',#2121,#2122,#2123);
#2126=CARTESIAN_POINT('',(-1.875E0,-6.2E0,1.53E1));
#2127=DIRECTION('',(0.E0,1.E0,0.E0));
#2128=DIRECTION('',(0.E0,0.E0,1.E0));
#2129=AXIS2_PLACEMENT_3D('',#2126,#2127,#2128);
#2131=DIRECTION('',(1.E0,0.E0,0.E0));
#2132=VECTOR('',#2131,1.75E0);
#2133=CARTESIAN_POINT('',(-3.625E0,-6.2E0,1.555E1));
#2134=LINE('',#2133,#2132);
#2135=DIRECTION('',(-1.E0,0.E0,0.E0));
#2136=VECTOR('',#2135,1.75E0);
#2137=CARTESIAN_POINT('',(-1.875E0,-6.2E0,1.435E1));
#2138=LINE('',#2137,#2136);
#2139=CARTESIAN_POINT('',(-1.875E0,-6.2E0,1.46E1));
#2140=DIRECTION('',(0.E0,1.E0,0.E0));
#2141=DIRECTION('',(1.E0,0.E0,0.E0));
#2142=AXIS2_PLACEMENT_3D('',#2139,#2140,#2141);
#2144=DIRECTION('',(0.E0,0.E0,-1.E0));
#2145=VECTOR('',#2144,7.E-1);
#2146=CARTESIAN_POINT('',(-1.625E0,-6.2E0,1.53E1));
#2147=LINE('',#2146,#2145);
#2148=DIRECTION('',(0.E0,-1.E0,0.E0));
#2149=VECTOR('',#2148,5.E-1);
#2150=CARTESIAN_POINT('',(-1.875E0,-6.2E0,1.435E1));
#2151=LINE('',#2150,#2149);
#2152=DIRECTION('',(0.E0,-1.E0,0.E0));
#2153=VECTOR('',#2152,5.E-1);
#2154=CARTESIAN_POINT('',(-1.625E0,-6.2E0,1.53E1));
#2155=LINE('',#2154,#2153);
#2156=DIRECTION('',(0.E0,-1.E0,0.E0));
#2157=VECTOR('',#2156,5.E-1);
#2158=CARTESIAN_POINT('',(-1.625E0,-6.2E0,1.46E1));
#2159=LINE('',#2158,#2157);
#2160=DIRECTION('',(-1.E0,0.E0,0.E0));
#2161=VECTOR('',#2160,5.E-1);
#2162=CARTESIAN_POINT('',(4.625E0,-5.25E0,1.35E1));
#2163=LINE('',#2162,#2161);
#2164=DIRECTION('',(-1.E0,0.E0,0.E0));
#2165=VECTOR('',#2164,5.E-1);
#2166=CARTESIAN_POINT('',(4.625E0,-3.5E0,1.35E1));
#2167=LINE('',#2166,#2165);
#2168=DIRECTION('',(-1.E0,0.E0,0.E0));
#2169=VECTOR('',#2168,5.E-1);
#2170=CARTESIAN_POINT('',(4.625E0,-3.5E0,1.45E0));
#2171=LINE('',#2170,#2169);
#2172=DIRECTION('',(1.E0,0.E0,0.E0));
#2173=VECTOR('',#2172,5.E-1);
#2174=CARTESIAN_POINT('',(4.125E0,-5.25E0,1.45E0));
#2175=LINE('',#2174,#2173);
#2176=DIRECTION('',(0.E0,0.E0,1.E0));
#2177=VECTOR('',#2176,1.2E0);
#2178=CARTESIAN_POINT('',(3.625E0,-6.2E0,1.435E1));
#2179=LINE('',#2178,#2177);
#2180=CARTESIAN_POINT('',(3.625E0,-5.7E0,1.435E1));
#2181=DIRECTION('',(0.E0,0.E0,1.E0));
#2182=DIRECTION('',(0.E0,-1.E0,0.E0));
#2183=AXIS2_PLACEMENT_3D('',#2180,#2181,#2182);
#2185=DIRECTION('',(0.E0,0.E0,1.E0));
#2186=VECTOR('',#2185,1.2E0);
#2187=CARTESIAN_POINT('',(4.125E0,-5.7E0,1.435E1));
#2188=LINE('',#2187,#2186);
#2189=CARTESIAN_POINT('',(3.625E0,-5.7E0,1.555E1));
#2190=DIRECTION('',(0.E0,0.E0,1.E0));
#2191=DIRECTION('',(0.E0,-1.E0,0.E0));
#2192=AXIS2_PLACEMENT_3D('',#2189,#2190,#2191);
#2194=CARTESIAN_POINT('',(1.875E0,-6.2E0,1.53E1));
#2195=DIRECTION('',(0.E0,1.E0,0.E0));
#2196=DIRECTION('',(-1.E0,0.E0,0.E0));
#2197=AXIS2_PLACEMENT_3D('',#2194,#2195,#2196);
#2199=DIRECTION('',(0.E0,0.E0,-1.E0));
#2200=VECTOR('',#2199,7.E-1);
#2201=CARTESIAN_POINT('',(1.625E0,-6.2E0,1.53E1));
#2202=LINE('',#2201,#2200);
#2203=CARTESIAN_POINT('',(1.875E0,-6.2E0,1.46E1));
#2204=DIRECTION('',(0.E0,1.E0,0.E0));
#2205=DIRECTION('',(0.E0,0.E0,-1.E0));
#2206=AXIS2_PLACEMENT_3D('',#2203,#2204,#2205);
#2208=DIRECTION('',(1.E0,0.E0,0.E0));
#2209=VECTOR('',#2208,1.75E0);
#2210=CARTESIAN_POINT('',(1.875E0,-6.2E0,1.435E1));
#2211=LINE('',#2210,#2209);
#2212=DIRECTION('',(-1.E0,0.E0,0.E0));
#2213=VECTOR('',#2212,1.75E0);
#2214=CARTESIAN_POINT('',(3.625E0,-6.2E0,1.555E1));
#2215=LINE('',#2214,#2213);
#2216=DIRECTION('',(0.E0,-1.E0,0.E0));
#2217=VECTOR('',#2216,5.E-1);
#2218=CARTESIAN_POINT('',(1.875E0,-6.2E0,1.555E1));
#2219=LINE('',#2218,#2217);
#2220=DIRECTION('',(1.E0,0.E0,0.E0));
#2221=VECTOR('',#2220,5.E-1);
#2222=CARTESIAN_POINT('',(-4.625E0,-5.25E0,1.64E1));
#2223=LINE('',#2222,#2221);
#2224=DIRECTION('',(1.E0,0.E0,0.E0));
#2225=VECTOR('',#2224,5.E-1);
#2226=CARTESIAN_POINT('',(-4.625E0,-3.5E0,1.64E1));
#2227=LINE('',#2226,#2225);
#2228=DIRECTION('',(1.E0,0.E0,0.E0));
#2229=VECTOR('',#2228,5.E-1);
#2230=CARTESIAN_POINT('',(-4.625E0,-3.5E0,2.85E1));
#2231=LINE('',#2230,#2229);
#2232=DIRECTION('',(-1.E0,0.E0,0.E0));
#2233=VECTOR('',#2232,5.E-1);
#2234=CARTESIAN_POINT('',(-4.125E0,-5.25E0,2.85E1));
#2235=LINE('',#2234,#2233);
#2236=DIRECTION('',(-1.E0,0.E0,0.E0));
#2237=VECTOR('',#2236,5.E-1);
#2238=CARTESIAN_POINT('',(4.625E0,-5.7E0,2.935E1));
#2239=LINE('',#2238,#2237);
#2240=DIRECTION('',(0.E0,0.E0,1.E0));
#2241=VECTOR('',#2240,1.2E0);
#2242=CARTESIAN_POINT('',(3.625E0,-6.7E0,2.935E1));
#2243=LINE('',#2242,#2241);
#2244=CARTESIAN_POINT('',(3.625E0,-5.7E0,3.055E1));
#2245=DIRECTION('',(0.E0,0.E0,1.E0));
#2246=DIRECTION('',(0.E0,-1.E0,0.E0));
#2247=AXIS2_PLACEMENT_3D('',#2244,#2245,#2246);
#2249=DIRECTION('',(0.E0,0.E0,1.E0));
#2250=VECTOR('',#2249,1.2E0);
#2251=CARTESIAN_POINT('',(4.625E0,-5.7E0,2.935E1));
#2252=LINE('',#2251,#2250);
#2253=CARTESIAN_POINT('',(3.625E0,-5.7E0,2.935E1));
#2254=DIRECTION('',(0.E0,0.E0,1.E0));
#2255=DIRECTION('',(0.E0,-1.E0,0.E0));
#2256=AXIS2_PLACEMENT_3D('',#2253,#2254,#2255);
#2258=CARTESIAN_POINT('',(1.875E0,-6.7E0,3.03E1));
#2259=DIRECTION('',(0.E0,-1.E0,0.E0));
#2260=DIRECTION('',(0.E0,0.E0,1.E0));
#2261=AXIS2_PLACEMENT_3D('',#2258,#2259,#2260);
#2263=DIRECTION('',(-1.E0,0.E0,0.E0));
#2264=VECTOR('',#2263,1.75E0);
#2265=CARTESIAN_POINT('',(3.625E0,-6.7E0,3.055E1));
#2266=LINE('',#2265,#2264);
#2267=DIRECTION('',(1.E0,0.E0,0.E0));
#2268=VECTOR('',#2267,1.75E0);
#2269=CARTESIAN_POINT('',(1.875E0,-6.7E0,2.935E1));
#2270=LINE('',#2269,#2268);
#2271=CARTESIAN_POINT('',(1.875E0,-6.7E0,2.96E1));
#2272=DIRECTION('',(0.E0,-1.E0,0.E0));
#2273=DIRECTION('',(-1.E0,0.E0,0.E0));
#2274=AXIS2_PLACEMENT_3D('',#2271,#2272,#2273);
#2276=DIRECTION('',(0.E0,0.E0,-1.E0));
#2277=VECTOR('',#2276,7.E-1);
#2278=CARTESIAN_POINT('',(1.625E0,-6.7E0,3.03E1));
#2279=LINE('',#2278,#2277);
#2280=DIRECTION('',(0.E0,-1.E0,0.E0));
#2281=VECTOR('',#2280,5.E-1);
#2282=CARTESIAN_POINT('',(1.625E0,-6.2E0,3.03E1));
#2283=LINE('',#2282,#2281);
#2284=DIRECTION('',(0.E0,-1.E0,0.E0));
#2285=VECTOR('',#2284,5.E-1);
#2286=CARTESIAN_POINT('',(1.625E0,-6.2E0,2.96E1));
#2287=LINE('',#2286,#2285);
#2288=DIRECTION('',(0.E0,-1.E0,0.E0));
#2289=VECTOR('',#2288,5.E-1);
#2290=CARTESIAN_POINT('',(1.875E0,-6.2E0,2.935E1));
#2291=LINE('',#2290,#2289);
#2292=DIRECTION('',(0.E0,1.E0,0.E0));
#2293=VECTOR('',#2292,5.E-1);
#2294=CARTESIAN_POINT('',(3.625E0,-6.7E0,2.935E1));
#2295=LINE('',#2294,#2293);
#2296=CARTESIAN_POINT('',(1.875E0,-6.2E0,3.03E1));
#2297=DIRECTION('',(0.E0,1.E0,0.E0));
#2298=DIRECTION('',(-1.E0,0.E0,0.E0));
#2299=AXIS2_PLACEMENT_3D('',#2296,#2297,#2298);
#2301=DIRECTION('',(0.E0,0.E0,-1.E0));
#2302=VECTOR('',#2301,7.E-1);
#2303=CARTESIAN_POINT('',(1.625E0,-6.2E0,3.03E1));
#2304=LINE('',#2303,#2302);
#2305=CARTESIAN_POINT('',(1.875E0,-6.2E0,2.96E1));
#2306=DIRECTION('',(0.E0,1.E0,0.E0));
#2307=DIRECTION('',(0.E0,0.E0,-1.E0));
#2308=AXIS2_PLACEMENT_3D('',#2305,#2306,#2307);
#2310=DIRECTION('',(1.E0,0.E0,0.E0));
#2311=VECTOR('',#2310,1.75E0);
#2312=CARTESIAN_POINT('',(1.875E0,-6.2E0,2.935E1));
#2313=LINE('',#2312,#2311);
#2314=DIRECTION('',(-1.E0,0.E0,0.E0));
#2315=VECTOR('',#2314,1.75E0);
#2316=CARTESIAN_POINT('',(3.625E0,-6.2E0,3.055E1));
#2317=LINE('',#2316,#2315);
#2318=DIRECTION('',(0.E0,0.E0,1.E0));
#2319=VECTOR('',#2318,1.2E0);
#2320=CARTESIAN_POINT('',(3.625E0,-6.2E0,2.935E1));
#2321=LINE('',#2320,#2319);
#2322=CARTESIAN_POINT('',(3.625E0,-5.7E0,2.935E1));
#2323=DIRECTION('',(0.E0,0.E0,1.E0));
#2324=DIRECTION('',(0.E0,-1.E0,0.E0));
#2325=AXIS2_PLACEMENT_3D('',#2322,#2323,#2324);
#2327=DIRECTION('',(0.E0,0.E0,1.E0));
#2328=VECTOR('',#2327,1.2E0);
#2329=CARTESIAN_POINT('',(4.125E0,-5.7E0,2.935E1));
#2330=LINE('',#2329,#2328);
#2331=CARTESIAN_POINT('',(3.625E0,-5.7E0,3.055E1));
#2332=DIRECTION('',(0.E0,0.E0,1.E0));
#2333=DIRECTION('',(0.E0,-1.E0,0.E0));
#2334=AXIS2_PLACEMENT_3D('',#2331,#2332,#2333);
#2336=DIRECTION('',(0.E0,1.E0,0.E0));
#2337=VECTOR('',#2336,5.E-1);
#2338=CARTESIAN_POINT('',(3.625E0,-6.7E0,3.055E1));
#2339=LINE('',#2338,#2337);
#2340=DIRECTION('',(0.E0,-1.E0,0.E0));
#2341=VECTOR('',#2340,5.E-1);
#2342=CARTESIAN_POINT('',(1.875E0,-6.2E0,3.055E1));
#2343=LINE('',#2342,#2341);
#2344=DIRECTION('',(-1.E0,0.E0,0.E0));
#2345=VECTOR('',#2344,5.E-1);
#2346=CARTESIAN_POINT('',(4.625E0,-5.7E0,3.055E1));
#2347=LINE('',#2346,#2345);
#2348=DIRECTION('',(1.E0,0.E0,0.E0));
#2349=VECTOR('',#2348,5.E-1);
#2350=CARTESIAN_POINT('',(4.125E0,-5.5E0,3.055E1));
#2351=LINE('',#2350,#2349);
#2352=CARTESIAN_POINT('',(3.28125E0,-7.5E-1,-3.75E1));
#2353=CARTESIAN_POINT('',(3.333194353687E0,-6.467966267435E-1,-3.75E1));
#2354=CARTESIAN_POINT('',(3.436823650617E0,-4.413450809233E-1,
-3.745666019782E1));
#2355=CARTESIAN_POINT('',(3.591223183701E0,-1.856395621420E-1,
-3.727624406346E1));
#2356=CARTESIAN_POINT('',(3.745376847416E0,-2.620301390148E-2,
-3.700864036457E1));
#2357=CARTESIAN_POINT('',(3.833435845526E0,0.E0,-3.683260093417E1));
#2358=CARTESIAN_POINT('',(3.875E0,0.E0,-3.675E1));
#2360=DIRECTION('',(0.E0,0.E0,1.E0));
#2361=VECTOR('',#2360,5.E-1);
#2362=CARTESIAN_POINT('',(3.28125E0,-7.5E-1,-3.75E1));
#2363=LINE('',#2362,#2361);
#2364=CARTESIAN_POINT('',(3.28125E0,-7.5E-1,-3.7E1));
#2365=CARTESIAN_POINT('',(3.333194353687E0,-7.155988755812E-1,-3.7E1));
#2366=CARTESIAN_POINT('',(3.436823650617E0,-6.471150269744E-1,
-3.698555339927E1));
#2367=CARTESIAN_POINT('',(3.591223183701E0,-5.618798540473E-1,
-3.692541468782E1));
#2368=CARTESIAN_POINT('',(3.745376847416E0,-5.087343379672E-1,
-3.683621345486E1));
#2369=CARTESIAN_POINT('',(3.833435845526E0,-5.E-1,-3.677753364472E1));
#2370=CARTESIAN_POINT('',(3.875E0,-5.E-1,-3.675E1));
#2372=DIRECTION('',(-1.E0,0.E0,0.E0));
#2373=VECTOR('',#2372,7.75E0);
#2374=CARTESIAN_POINT('',(3.875E0,0.E0,-3.675E1));
#2375=LINE('',#2374,#2373);
#2376=DIRECTION('',(-1.E0,0.E0,0.E0));
#2377=VECTOR('',#2376,6.5625E0);
#2378=CARTESIAN_POINT('',(3.28125E0,-7.5E-1,-3.75E1));
#2379=LINE('',#2378,#2377);
#2380=CARTESIAN_POINT('',(-3.875E0,0.E0,-3.675E1));
#2381=CARTESIAN_POINT('',(-3.827047282624E0,0.E0,-3.684528545883E1));
#2382=CARTESIAN_POINT('',(-3.730384177517E0,-3.659530426753E-2,
-3.703741652995E1));
#2383=CARTESIAN_POINT('',(-3.582097551170E0,-2.001760607283E-1,
-3.728829570446E1));
#2384=CARTESIAN_POINT('',(-3.433575829007E0,-4.478003581074E-1,
-3.745811743544E1));
#2385=CARTESIAN_POINT('',(-3.332286719986E0,-6.486012543581E-1,-3.75E1));
#2386=CARTESIAN_POINT('',(-3.28125E0,-7.5E-1,-3.75E1));
#2388=DIRECTION('',(0.E0,-1.E0,2.842170943040E-14));
#2389=VECTOR('',#2388,5.E-1);
#2390=CARTESIAN_POINT('',(-3.875E0,0.E0,-3.675E1));
#2391=LINE('',#2390,#2389);
#2392=CARTESIAN_POINT('',(-3.875E0,-5.E-1,-3.675E1));
#2393=CARTESIAN_POINT('',(-3.827047282624E0,-5.E-1,-3.678176181961E1));
#2394=CARTESIAN_POINT('',(-3.730384177517E0,-5.121984347558E-1,
-3.684580550998E1));
#2395=CARTESIAN_POINT('',(-3.582097551170E0,-5.667253535761E-1,
-3.692943190149E1));
#2396=CARTESIAN_POINT('',(-3.433575829007E0,-6.492667860358E-1,
-3.698603914515E1));
#2397=CARTESIAN_POINT('',(-3.332286719986E0,-7.162004181194E-1,-3.7E1));
#2398=CARTESIAN_POINT('',(-3.28125E0,-7.5E-1,-3.7E1));
#2400=DIRECTION('',(-1.E0,0.E0,0.E0));
#2401=VECTOR('',#2400,7.75E0);
#2402=CARTESIAN_POINT('',(3.875E0,-5.E-1,-3.675E1));
#2403=LINE('',#2402,#2401);
#2404=DIRECTION('',(-1.E0,0.E0,0.E0));
#2405=VECTOR('',#2404,6.5625E0);
#2406=CARTESIAN_POINT('',(3.28125E0,-7.5E-1,-3.7E1));
#2407=LINE('',#2406,#2405);
#2408=CARTESIAN_POINT('',(3.5E0,-2.75E0,-3.7E1));
#2409=DIRECTION('',(0.E0,0.E0,1.E0));
#2410=DIRECTION('',(0.E0,-1.E0,0.E0));
#2411=AXIS2_PLACEMENT_3D('',#2408,#2409,#2410);
#2413=DIRECTION('',(1.E0,0.E0,0.E0));
#2414=VECTOR('',#2413,7.E0);
#2415=CARTESIAN_POINT('',(-3.5E0,-3.E0,-3.7E1));
#2416=LINE('',#2415,#2414);
#2417=CARTESIAN_POINT('',(-3.5E0,-2.75E0,-3.7E1));
#2418=DIRECTION('',(0.E0,0.E0,1.E0));
#2419=DIRECTION('',(-1.E0,0.E0,0.E0));
#2420=AXIS2_PLACEMENT_3D('',#2417,#2418,#2419);
#2422=DIRECTION('',(0.E0,-1.E0,0.E0));
#2423=VECTOR('',#2422,5.5E-1);
#2424=CARTESIAN_POINT('',(-3.75E0,-2.2E0,-3.7E1));
#2425=LINE('',#2424,#2423);
#2426=DIRECTION('',(1.E0,0.E0,0.E0));
#2427=VECTOR('',#2426,8.75E-1);
#2428=CARTESIAN_POINT('',(-4.625E0,-2.2E0,-3.7E1));
#2429=LINE('',#2428,#2427);
#2430=DIRECTION('',(0.E0,-1.E0,0.E0));
#2431=VECTOR('',#2430,1.2E0);
#2432=CARTESIAN_POINT('',(-4.625E0,-1.E0,-3.7E1));
#2433=LINE('',#2432,#2431);
#2434=DIRECTION('',(-9.831300494836E-1,1.829079161830E-1,0.E0));
#2435=VECTOR('',#2434,1.366807983039E0);
#2436=CARTESIAN_POINT('',(4.625E0,-1.E0,-3.7E1));
#2437=LINE('',#2436,#2435);
#2438=DIRECTION('',(0.E0,1.E0,0.E0));
#2439=VECTOR('',#2438,1.2E0);
#2440=CARTESIAN_POINT('',(4.625E0,-2.2E0,-3.7E1));
#2441=LINE('',#2440,#2439);
#2442=DIRECTION('',(1.E0,0.E0,0.E0));
#2443=VECTOR('',#2442,8.75E-1);
#2444=CARTESIAN_POINT('',(3.75E0,-2.2E0,-3.7E1));
#2445=LINE('',#2444,#2443);
#2446=DIRECTION('',(0.E0,1.E0,0.E0));
#2447=VECTOR('',#2446,5.5E-1);
#2448=CARTESIAN_POINT('',(3.75E0,-2.75E0,-3.7E1));
#2449=LINE('',#2448,#2447);
#2450=CARTESIAN_POINT('',(3.5E0,-2.75E0,-3.75E1));
#2451=DIRECTION('',(0.E0,0.E0,-1.E0));
#2452=DIRECTION('',(1.E0,0.E0,0.E0));
#2453=AXIS2_PLACEMENT_3D('',#2450,#2451,#2452);
#2455=DIRECTION('',(0.E0,1.E0,0.E0));
#2456=VECTOR('',#2455,5.5E-1);
#2457=CARTESIAN_POINT('',(3.75E0,-2.75E0,-3.75E1));
#2458=LINE('',#2457,#2456);
#2459=DIRECTION('',(1.E0,0.E0,0.E0));
#2460=VECTOR('',#2459,8.75E-1);
#2461=CARTESIAN_POINT('',(3.75E0,-2.2E0,-3.75E1));
#2462=LINE('',#2461,#2460);
#2463=DIRECTION('',(0.E0,1.E0,0.E0));
#2464=VECTOR('',#2463,1.2E0);
#2465=CARTESIAN_POINT('',(4.625E0,-2.2E0,-3.75E1));
#2466=LINE('',#2465,#2464);
#2467=DIRECTION('',(-9.831300494836E-1,1.829079161830E-1,0.E0));
#2468=VECTOR('',#2467,1.366807983039E0);
#2469=CARTESIAN_POINT('',(4.625E0,-1.E0,-3.75E1));
#2470=LINE('',#2469,#2468);
#2471=DIRECTION('',(0.E0,-1.E0,0.E0));
#2472=VECTOR('',#2471,1.2E0);
#2473=CARTESIAN_POINT('',(-4.625E0,-1.E0,-3.75E1));
#2474=LINE('',#2473,#2472);
#2475=DIRECTION('',(1.E0,0.E0,0.E0));
#2476=VECTOR('',#2475,8.75E-1);
#2477=CARTESIAN_POINT('',(-4.625E0,-2.2E0,-3.75E1));
#2478=LINE('',#2477,#2476);
#2479=DIRECTION('',(0.E0,-1.E0,0.E0));
#2480=VECTOR('',#2479,5.5E-1);
#2481=CARTESIAN_POINT('',(-3.75E0,-2.2E0,-3.75E1));
#2482=LINE('',#2481,#2480);
#2483=CARTESIAN_POINT('',(-3.5E0,-2.75E0,-3.75E1));
#2484=DIRECTION('',(0.E0,0.E0,-1.E0));
#2485=DIRECTION('',(0.E0,-1.E0,0.E0));
#2486=AXIS2_PLACEMENT_3D('',#2483,#2484,#2485);
#2488=DIRECTION('',(1.E0,0.E0,0.E0));
#2489=VECTOR('',#2488,7.E0);
#2490=CARTESIAN_POINT('',(-3.5E0,-3.E0,-3.75E1));
#2491=LINE('',#2490,#2489);
#2492=DIRECTION('',(0.E0,0.E0,-1.E0));
#2493=VECTOR('',#2492,5.E-1);
#2494=CARTESIAN_POINT('',(3.75E0,-2.75E0,-3.7E1));
#2495=LINE('',#2494,#2493);
#2496=DIRECTION('',(0.E0,0.E0,1.E0));
#2497=VECTOR('',#2496,5.E-1);
#2498=CARTESIAN_POINT('',(3.75E0,-2.2E0,-3.75E1));
#2499=LINE('',#2498,#2497);
#2500=DIRECTION('',(0.E0,0.E0,1.E0));
#2501=VECTOR('',#2500,5.E-1);
#2502=CARTESIAN_POINT('',(4.625E0,-2.2E0,-3.75E1));
#2503=LINE('',#2502,#2501);
#2504=DIRECTION('',(0.E0,0.E0,1.E0));
#2505=VECTOR('',#2504,5.E-1);
#2506=CARTESIAN_POINT('',(4.625E0,-1.E0,-3.75E1));
#2507=LINE('',#2506,#2505);
#2508=DIRECTION('',(-9.831300494836E-1,-1.829079161830E-1,0.E0));
#2509=VECTOR('',#2508,1.366807983039E0);
#2510=CARTESIAN_POINT('',(-3.28125E0,-7.5E-1,-3.75E1));
#2511=LINE('',#2510,#2509);
#2512=DIRECTION('',(0.E0,0.E0,1.E0));
#2513=VECTOR('',#2512,5.E-1);
#2514=CARTESIAN_POINT('',(-3.28125E0,-7.5E-1,-3.75E1));
#2515=LINE('',#2514,#2513);
#2516=DIRECTION('',(-9.831300494836E-1,-1.829079161830E-1,0.E0));
#2517=VECTOR('',#2516,1.366807983039E0);
#2518=CARTESIAN_POINT('',(-3.28125E0,-7.5E-1,-3.7E1));
#2519=LINE('',#2518,#2517);
#2520=DIRECTION('',(0.E0,0.E0,1.E0));
#2521=VECTOR('',#2520,5.E-1);
#2522=CARTESIAN_POINT('',(-4.625E0,-1.E0,-3.75E1));
#2523=LINE('',#2522,#2521);
#2524=DIRECTION('',(0.E0,0.E0,1.E0));
#2525=VECTOR('',#2524,5.E-1);
#2526=CARTESIAN_POINT('',(-4.625E0,-2.2E0,-3.75E1));
#2527=LINE('',#2526,#2525);
#2528=DIRECTION('',(0.E0,0.E0,-1.E0));
#2529=VECTOR('',#2528,5.E-1);
#2530=CARTESIAN_POINT('',(-3.75E0,-2.75E0,-3.7E1));
#2531=LINE('',#2530,#2529);
#2532=DIRECTION('',(0.E0,0.E0,1.E0));
#2533=VECTOR('',#2532,5.E-1);
#2534=CARTESIAN_POINT('',(-3.75E0,-2.2E0,-3.75E1));
#2535=LINE('',#2534,#2533);
#2536=DIRECTION('',(0.E0,0.E0,-1.E0));
#2537=VECTOR('',#2536,5.E-1);
#2538=CARTESIAN_POINT('',(3.5E0,-3.E0,-3.7E1));
#2539=LINE('',#2538,#2537);
#2540=DIRECTION('',(0.E0,0.E0,-1.E0));
#2541=VECTOR('',#2540,5.E-1);
#2542=CARTESIAN_POINT('',(-3.5E0,-3.E0,-3.7E1));
#2543=LINE('',#2542,#2541);
#2544=DIRECTION('',(-1.E0,0.E0,1.421085471520E-14));
#2545=VECTOR('',#2544,5.E-1);
#2546=CARTESIAN_POINT('',(4.625E0,-7.5E-1,-3.675E1));
#2547=LINE('',#2546,#2545);
#2548=DIRECTION('',(-1.E0,0.E0,0.E0));
#2549=VECTOR('',#2548,5.E-1);
#2550=CARTESIAN_POINT('',(4.625E0,-2.3E0,-3.675E1));
#2551=LINE('',#2550,#2549);
#2552=DIRECTION('',(1.E0,0.E0,0.E0));
#2553=VECTOR('',#2552,5.E-1);
#2554=CARTESIAN_POINT('',(4.125E0,-3.25E0,-3.75E1));
#2555=LINE('',#2554,#2553);
#2556=DIRECTION('',(-1.E0,0.E0,0.E0));
#2557=VECTOR('',#2556,5.E-1);
#2558=CARTESIAN_POINT('',(4.625E0,-2.3E0,-3.75E1));
#2559=LINE('',#2558,#2557);
#2560=DIRECTION('',(1.E0,0.E0,0.E0));
#2561=VECTOR('',#2560,5.E-1);
#2562=CARTESIAN_POINT('',(4.125E0,-3.5E0,-3.725E1));
#2563=LINE('',#2562,#2561);
#2564=DIRECTION('',(-1.E0,0.E0,0.E0));
#2565=VECTOR('',#2564,5.E-1);
#2566=CARTESIAN_POINT('',(4.625E0,-5.25E0,-3.14E1));
#2567=LINE('',#2566,#2565);
#2568=DIRECTION('',(-1.E0,0.E0,0.E0));
#2569=VECTOR('',#2568,5.E-1);
#2570=CARTESIAN_POINT('',(4.625E0,-3.5E0,-3.14E1));
#2571=LINE('',#2570,#2569);
#2572=DIRECTION('',(0.E0,1.E0,0.E0));
#2573=VECTOR('',#2572,5.E-1);
#2574=CARTESIAN_POINT('',(-8.75E-1,-5.E-1,3.55E1));
#2575=LINE('',#2574,#2573);
#2576=DIRECTION('',(0.E0,1.E0,0.E0));
#2577=VECTOR('',#2576,5.E-1);
#2578=CARTESIAN_POINT('',(8.75E-1,-5.E-1,3.55E1));
#2579=LINE('',#2578,#2577);
#2580=DIRECTION('',(0.E0,1.E0,0.E0));
#2581=VECTOR('',#2580,5.E-1);
#2582=CARTESIAN_POINT('',(-8.75E-1,-5.E-1,-3.55E1));
#2583=LINE('',#2582,#2581);
#2584=DIRECTION('',(0.E0,1.E0,0.E0));
#2585=VECTOR('',#2584,5.E-1);
#2586=CARTESIAN_POINT('',(8.75E-1,-5.E-1,-3.55E1));
#2587=LINE('',#2586,#2585);
#2588=DIRECTION('',(-1.E0,0.E0,0.E0));
#2589=VECTOR('',#2588,5.E-1);
#2590=CARTESIAN_POINT('',(4.625E0,-5.7E0,-3.055E1));
#2591=LINE('',#2590,#2589);
#2592=DIRECTION('',(0.E0,0.E0,-1.E0));
#2593=VECTOR('',#2592,1.2E0);
#2594=CARTESIAN_POINT('',(3.625E0,-6.7E0,-2.935E1));
#2595=LINE('',#2594,#2593);
#2596=CARTESIAN_POINT('',(3.625E0,-5.7E0,-2.935E1));
#2597=DIRECTION('',(0.E0,0.E0,1.E0));
#2598=DIRECTION('',(0.E0,-1.E0,0.E0));
#2599=AXIS2_PLACEMENT_3D('',#2596,#2597,#2598);
#2601=DIRECTION('',(0.E0,0.E0,-1.E0));
#2602=VECTOR('',#2601,1.2E0);
#2603=CARTESIAN_POINT('',(4.625E0,-5.7E0,-2.935E1));
#2604=LINE('',#2603,#2602);
#2605=CARTESIAN_POINT('',(3.625E0,-5.7E0,-3.055E1));
#2606=DIRECTION('',(0.E0,0.E0,1.E0));
#2607=DIRECTION('',(0.E0,-1.E0,0.E0));
#2608=AXIS2_PLACEMENT_3D('',#2605,#2606,#2607);
#2610=CARTESIAN_POINT('',(1.875E0,-6.7E0,-2.96E1));
#2611=DIRECTION('',(0.E0,-1.E0,0.E0));
#2612=DIRECTION('',(0.E0,0.E0,1.E0));
#2613=AXIS2_PLACEMENT_3D('',#2610,#2611,#2612);
#2615=DIRECTION('',(1.E0,0.E0,0.E0));
#2616=VECTOR('',#2615,1.75E0);
#2617=CARTESIAN_POINT('',(1.875E0,-6.7E0,-2.935E1));
#2618=LINE('',#2617,#2616);
#2619=DIRECTION('',(-1.E0,0.E0,0.E0));
#2620=VECTOR('',#2619,1.75E0);
#2621=CARTESIAN_POINT('',(3.625E0,-6.7E0,-3.055E1));
#2622=LINE('',#2621,#2620);
#2623=CARTESIAN_POINT('',(1.875E0,-6.7E0,-3.03E1));
#2624=DIRECTION('',(0.E0,-1.E0,0.E0));
#2625=DIRECTION('',(-1.E0,0.E0,0.E0));
#2626=AXIS2_PLACEMENT_3D('',#2623,#2624,#2625);
#2628=DIRECTION('',(0.E0,0.E0,1.E0));
#2629=VECTOR('',#2628,7.E-1);
#2630=CARTESIAN_POINT('',(1.625E0,-6.7E0,-3.03E1));
#2631=LINE('',#2630,#2629);
#2632=DIRECTION('',(0.E0,-1.E0,0.E0));
#2633=VECTOR('',#2632,5.E-1);
#2634=CARTESIAN_POINT('',(1.625E0,-6.2E0,-2.96E1));
#2635=LINE('',#2634,#2633);
#2636=DIRECTION('',(0.E0,-1.E0,0.E0));
#2637=VECTOR('',#2636,5.E-1);
#2638=CARTESIAN_POINT('',(1.625E0,-6.2E0,-3.03E1));
#2639=LINE('',#2638,#2637);
#2640=DIRECTION('',(0.E0,-1.E0,0.E0));
#2641=VECTOR('',#2640,5.E-1);
#2642=CARTESIAN_POINT('',(1.875E0,-6.2E0,-3.055E1));
#2643=LINE('',#2642,#2641);
#2644=DIRECTION('',(0.E0,1.E0,0.E0));
#2645=VECTOR('',#2644,5.E-1);
#2646=CARTESIAN_POINT('',(3.625E0,-6.7E0,-3.055E1));
#2647=LINE('',#2646,#2645);
#2648=CARTESIAN_POINT('',(1.875E0,-6.2E0,-2.96E1));
#2649=DIRECTION('',(0.E0,1.E0,0.E0));
#2650=DIRECTION('',(-1.E0,0.E0,0.E0));
#2651=AXIS2_PLACEMENT_3D('',#2648,#2649,#2650);
#2653=DIRECTION('',(0.E0,0.E0,1.E0));
#2654=VECTOR('',#2653,7.E-1);
#2655=CARTESIAN_POINT('',(1.625E0,-6.2E0,-3.03E1));
#2656=LINE('',#2655,#2654);
#2657=CARTESIAN_POINT('',(1.875E0,-6.2E0,-3.03E1));
#2658=DIRECTION('',(0.E0,1.E0,0.E0));
#2659=DIRECTION('',(0.E0,0.E0,-1.E0));
#2660=AXIS2_PLACEMENT_3D('',#2657,#2658,#2659);
#2662=DIRECTION('',(-1.E0,0.E0,0.E0));
#2663=VECTOR('',#2662,1.75E0);
#2664=CARTESIAN_POINT('',(3.625E0,-6.2E0,-3.055E1));
#2665=LINE('',#2664,#2663);
#2666=DIRECTION('',(1.E0,0.E0,0.E0));
#2667=VECTOR('',#2666,1.75E0);
#2668=CARTESIAN_POINT('',(1.875E0,-6.2E0,-2.935E1));
#2669=LINE('',#2668,#2667);
#2670=DIRECTION('',(0.E0,0.E0,-1.E0));
#2671=VECTOR('',#2670,1.2E0);
#2672=CARTESIAN_POINT('',(3.625E0,-6.2E0,-2.935E1));
#2673=LINE('',#2672,#2671);
#2674=CARTESIAN_POINT('',(3.625E0,-5.7E0,-3.055E1));
#2675=DIRECTION('',(0.E0,0.E0,1.E0));
#2676=DIRECTION('',(0.E0,-1.E0,0.E0));
#2677=AXIS2_PLACEMENT_3D('',#2674,#2675,#2676);
#2679=DIRECTION('',(0.E0,0.E0,-1.E0));
#2680=VECTOR('',#2679,1.2E0);
#2681=CARTESIAN_POINT('',(4.125E0,-5.7E0,-2.935E1));
#2682=LINE('',#2681,#2680);
#2683=CARTESIAN_POINT('',(3.625E0,-5.7E0,-2.935E1));
#2684=DIRECTION('',(0.E0,0.E0,1.E0));
#2685=DIRECTION('',(0.E0,-1.E0,0.E0));
#2686=AXIS2_PLACEMENT_3D('',#2683,#2684,#2685);
#2688=DIRECTION('',(0.E0,1.E0,0.E0));
#2689=VECTOR('',#2688,5.E-1);
#2690=CARTESIAN_POINT('',(3.625E0,-6.7E0,-2.935E1));
#2691=LINE('',#2690,#2689);
#2692=DIRECTION('',(0.E0,-1.E0,0.E0));
#2693=VECTOR('',#2692,5.E-1);
#2694=CARTESIAN_POINT('',(1.875E0,-6.2E0,-2.935E1));
#2695=LINE('',#2694,#2693);
#2696=DIRECTION('',(-1.E0,0.E0,0.E0));
#2697=VECTOR('',#2696,5.E-1);
#2698=CARTESIAN_POINT('',(4.625E0,-5.7E0,-2.935E1));
#2699=LINE('',#2698,#2697);
#2700=DIRECTION('',(1.E0,0.E0,0.E0));
#2701=VECTOR('',#2700,5.E-1);
#2702=CARTESIAN_POINT('',(4.125E0,-5.5E0,-2.935E1));
#2703=LINE('',#2702,#2701);
#2704=DIRECTION('',(1.E0,0.E0,0.E0));
#2705=VECTOR('',#2704,5.E-1);
#2706=CARTESIAN_POINT('',(4.125E0,-5.25E0,-2.85E1));
#2707=LINE('',#2706,#2705);
#2708=DIRECTION('',(-1.E0,0.E0,0.E0));
#2709=VECTOR('',#2708,5.E-1);
#2710=CARTESIAN_POINT('',(4.625E0,-3.5E0,-2.85E1));
#2711=LINE('',#2710,#2709);
#2712=DIRECTION('',(-1.E0,0.E0,0.E0));
#2713=VECTOR('',#2712,5.E-1);
#2714=CARTESIAN_POINT('',(4.625E0,-5.25E0,-1.64E1));
#2715=LINE('',#2714,#2713);
#2716=DIRECTION('',(-1.E0,0.E0,0.E0));
#2717=VECTOR('',#2716,5.E-1);
#2718=CARTESIAN_POINT('',(4.625E0,-3.5E0,-1.64E1));
#2719=LINE('',#2718,#2717);
#2720=DIRECTION('',(-1.E0,0.E0,0.E0));
#2721=VECTOR('',#2720,5.E-1);
#2722=CARTESIAN_POINT('',(4.625E0,-5.7E0,-1.555E1));
#2723=LINE('',#2722,#2721);
#2724=DIRECTION('',(0.E0,0.E0,-1.E0));
#2725=VECTOR('',#2724,1.2E0);
#2726=CARTESIAN_POINT('',(3.625E0,-6.7E0,-1.435E1));
#2727=LINE('',#2726,#2725);
#2728=CARTESIAN_POINT('',(3.625E0,-5.7E0,-1.435E1));
#2729=DIRECTION('',(0.E0,0.E0,1.E0));
#2730=DIRECTION('',(0.E0,-1.E0,0.E0));
#2731=AXIS2_PLACEMENT_3D('',#2728,#2729,#2730);
#2733=DIRECTION('',(0.E0,0.E0,-1.E0));
#2734=VECTOR('',#2733,1.2E0);
#2735=CARTESIAN_POINT('',(4.625E0,-5.7E0,-1.435E1));
#2736=LINE('',#2735,#2734);
#2737=CARTESIAN_POINT('',(3.625E0,-5.7E0,-1.555E1));
#2738=DIRECTION('',(0.E0,0.E0,1.E0));
#2739=DIRECTION('',(0.E0,-1.E0,0.E0));
#2740=AXIS2_PLACEMENT_3D('',#2737,#2738,#2739);
#2742=CARTESIAN_POINT('',(1.875E0,-6.7E0,-1.46E1));
#2743=DIRECTION('',(0.E0,-1.E0,0.E0));
#2744=DIRECTION('',(0.E0,0.E0,1.E0));
#2745=AXIS2_PLACEMENT_3D('',#2742,#2743,#2744);
#2747=DIRECTION('',(1.E0,0.E0,0.E0));
#2748=VECTOR('',#2747,1.75E0);
#2749=CARTESIAN_POINT('',(1.875E0,-6.7E0,-1.435E1));
#2750=LINE('',#2749,#2748);
#2751=DIRECTION('',(-1.E0,0.E0,0.E0));
#2752=VECTOR('',#2751,1.75E0);
#2753=CARTESIAN_POINT('',(3.625E0,-6.7E0,-1.555E1));
#2754=LINE('',#2753,#2752);
#2755=CARTESIAN_POINT('',(1.875E0,-6.7E0,-1.53E1));
#2756=DIRECTION('',(0.E0,-1.E0,0.E0));
#2757=DIRECTION('',(-1.E0,0.E0,0.E0));
#2758=AXIS2_PLACEMENT_3D('',#2755,#2756,#2757);
#2760=DIRECTION('',(0.E0,0.E0,1.E0));
#2761=VECTOR('',#2760,7.E-1);
#2762=CARTESIAN_POINT('',(1.625E0,-6.7E0,-1.53E1));
#2763=LINE('',#2762,#2761);
#2764=DIRECTION('',(0.E0,-1.E0,0.E0));
#2765=VECTOR('',#2764,5.E-1);
#2766=CARTESIAN_POINT('',(1.625E0,-6.2E0,-1.46E1));
#2767=LINE('',#2766,#2765);
#2768=DIRECTION('',(0.E0,-1.E0,0.E0));
#2769=VECTOR('',#2768,5.E-1);
#2770=CARTESIAN_POINT('',(1.625E0,-6.2E0,-1.53E1));
#2771=LINE('',#2770,#2769);
#2772=DIRECTION('',(0.E0,-1.E0,0.E0));
#2773=VECTOR('',#2772,5.E-1);
#2774=CARTESIAN_POINT('',(1.875E0,-6.2E0,-1.555E1));
#2775=LINE('',#2774,#2773);
#2776=DIRECTION('',(0.E0,1.E0,0.E0));
#2777=VECTOR('',#2776,5.E-1);
#2778=CARTESIAN_POINT('',(3.625E0,-6.7E0,-1.555E1));
#2779=LINE('',#2778,#2777);
#2780=CARTESIAN_POINT('',(1.875E0,-6.2E0,-1.46E1));
#2781=DIRECTION('',(0.E0,1.E0,0.E0));
#2782=DIRECTION('',(-1.E0,0.E0,0.E0));
#2783=AXIS2_PLACEMENT_3D('',#2780,#2781,#2782);
#2785=DIRECTION('',(0.E0,0.E0,1.E0));
#2786=VECTOR('',#2785,7.E-1);
#2787=CARTESIAN_POINT('',(1.625E0,-6.2E0,-1.53E1));
#2788=LINE('',#2787,#2786);
#2789=CARTESIAN_POINT('',(1.875E0,-6.2E0,-1.53E1));
#2790=DIRECTION('',(0.E0,1.E0,0.E0));
#2791=DIRECTION('',(0.E0,0.E0,-1.E0));
#2792=AXIS2_PLACEMENT_3D('',#2789,#2790,#2791);
#2794=DIRECTION('',(-1.E0,0.E0,0.E0));
#2795=VECTOR('',#2794,1.75E0);
#2796=CARTESIAN_POINT('',(3.625E0,-6.2E0,-1.555E1));
#2797=LINE('',#2796,#2795);
#2798=DIRECTION('',(1.E0,0.E0,0.E0));
#2799=VECTOR('',#2798,1.75E0);
#2800=CARTESIAN_POINT('',(1.875E0,-6.2E0,-1.435E1));
#2801=LINE('',#2800,#2799);
#2802=DIRECTION('',(0.E0,0.E0,-1.E0));
#2803=VECTOR('',#2802,1.2E0);
#2804=CARTESIAN_POINT('',(3.625E0,-6.2E0,-1.435E1));
#2805=LINE('',#2804,#2803);
#2806=CARTESIAN_POINT('',(3.625E0,-5.7E0,-1.555E1));
#2807=DIRECTION('',(0.E0,0.E0,1.E0));
#2808=DIRECTION('',(0.E0,-1.E0,0.E0));
#2809=AXIS2_PLACEMENT_3D('',#2806,#2807,#2808);
#2811=DIRECTION('',(0.E0,0.E0,-1.E0));
#2812=VECTOR('',#2811,1.2E0);
#2813=CARTESIAN_POINT('',(4.125E0,-5.7E0,-1.435E1));
#2814=LINE('',#2813,#2812);
#2815=CARTESIAN_POINT('',(3.625E0,-5.7E0,-1.435E1));
#2816=DIRECTION('',(0.E0,0.E0,1.E0));
#2817=DIRECTION('',(0.E0,-1.E0,0.E0));
#2818=AXIS2_PLACEMENT_3D('',#2815,#2816,#2817);
#2820=DIRECTION('',(0.E0,1.E0,0.E0));
#2821=VECTOR('',#2820,5.E-1);
#2822=CARTESIAN_POINT('',(3.625E0,-6.7E0,-1.435E1));
#2823=LINE('',#2822,#2821);
#2824=DIRECTION('',(0.E0,-1.E0,0.E0));
#2825=VECTOR('',#2824,5.E-1);
#2826=CARTESIAN_POINT('',(1.875E0,-6.2E0,-1.435E1));
#2827=LINE('',#2826,#2825);
#2828=DIRECTION('',(-1.E0,0.E0,0.E0));
#2829=VECTOR('',#2828,5.E-1);
#2830=CARTESIAN_POINT('',(4.625E0,-5.7E0,-1.435E1));
#2831=LINE('',#2830,#2829);
#2832=DIRECTION('',(1.E0,0.E0,0.E0));
#2833=VECTOR('',#2832,5.E-1);
#2834=CARTESIAN_POINT('',(4.125E0,-5.5E0,-1.435E1));
#2835=LINE('',#2834,#2833);
#2836=DIRECTION('',(-1.E0,0.E0,0.E0));
#2837=VECTOR('',#2836,5.E-1);
#2838=CARTESIAN_POINT('',(4.625E0,-5.7E0,6.E-1));
#2839=LINE('',#2838,#2837);
#2840=DIRECTION('',(1.E0,0.E0,0.E0));
#2841=VECTOR('',#2840,5.E-1);
#2842=CARTESIAN_POINT('',(4.125E0,-5.5E0,6.E-1));
#2843=LINE('',#2842,#2841);
#2844=DIRECTION('',(0.E0,1.E0,0.E0));
#2845=VECTOR('',#2844,5.E-1);
#2846=CARTESIAN_POINT('',(3.625E0,-6.7E0,6.E-1));
#2847=LINE('',#2846,#2845);
#2848=DIRECTION('',(0.E0,0.E0,1.E0));
#2849=VECTOR('',#2848,1.2E0);
#2850=CARTESIAN_POINT('',(3.625E0,-6.7E0,-6.E-1));
#2851=LINE('',#2850,#2849);
#2852=CARTESIAN_POINT('',(3.625E0,-5.7E0,6.E-1));
#2853=DIRECTION('',(0.E0,0.E0,1.E0));
#2854=DIRECTION('',(0.E0,-1.E0,0.E0));
#2855=AXIS2_PLACEMENT_3D('',#2852,#2853,#2854);
#2857=DIRECTION('',(0.E0,0.E0,1.E0));
#2858=VECTOR('',#2857,1.2E0);
#2859=CARTESIAN_POINT('',(4.625E0,-5.7E0,-6.E-1));
#2860=LINE('',#2859,#2858);
#2861=CARTESIAN_POINT('',(3.625E0,-5.7E0,-6.E-1));
#2862=DIRECTION('',(0.E0,0.E0,1.E0));
#2863=DIRECTION('',(0.E0,-1.E0,0.E0));
#2864=AXIS2_PLACEMENT_3D('',#2861,#2862,#2863);
#2866=CARTESIAN_POINT('',(1.875E0,-6.7E0,3.5E-1));
#2867=DIRECTION('',(0.E0,-1.E0,0.E0));
#2868=DIRECTION('',(0.E0,0.E0,1.E0));
#2869=AXIS2_PLACEMENT_3D('',#2866,#2867,#2868);
#2871=DIRECTION('',(-1.E0,0.E0,0.E0));
#2872=VECTOR('',#2871,1.75E0);
#2873=CARTESIAN_POINT('',(3.625E0,-6.7E0,6.E-1));
#2874=LINE('',#2873,#2872);
#2875=DIRECTION('',(1.E0,0.E0,0.E0));
#2876=VECTOR('',#2875,1.75E0);
#2877=CARTESIAN_POINT('',(1.875E0,-6.7E0,-6.E-1));
#2878=LINE('',#2877,#2876);
#2879=CARTESIAN_POINT('',(1.875E0,-6.7E0,-3.5E-1));
#2880=DIRECTION('',(0.E0,-1.E0,0.E0));
#2881=DIRECTION('',(-1.E0,0.E0,0.E0));
#2882=AXIS2_PLACEMENT_3D('',#2879,#2880,#2881);
#2884=DIRECTION('',(0.E0,0.E0,-1.E0));
#2885=VECTOR('',#2884,7.E-1);
#2886=CARTESIAN_POINT('',(1.625E0,-6.7E0,3.5E-1));
#2887=LINE('',#2886,#2885);
#2888=DIRECTION('',(0.E0,-1.E0,0.E0));
#2889=VECTOR('',#2888,5.E-1);
#2890=CARTESIAN_POINT('',(1.625E0,-6.2E0,3.5E-1));
#2891=LINE('',#2890,#2889);
#2892=DIRECTION('',(0.E0,-1.E0,0.E0));
#2893=VECTOR('',#2892,5.E-1);
#2894=CARTESIAN_POINT('',(1.625E0,-6.2E0,-3.5E-1));
#2895=LINE('',#2894,#2893);
#2896=DIRECTION('',(0.E0,-1.E0,0.E0));
#2897=VECTOR('',#2896,5.E-1);
#2898=CARTESIAN_POINT('',(1.875E0,-6.2E0,-6.E-1));
#2899=LINE('',#2898,#2897);
#2900=DIRECTION('',(0.E0,1.E0,0.E0));
#2901=VECTOR('',#2900,5.E-1);
#2902=CARTESIAN_POINT('',(3.625E0,-6.7E0,-6.E-1));
#2903=LINE('',#2902,#2901);
#2904=DIRECTION('',(-1.E0,0.E0,0.E0));
#2905=VECTOR('',#2904,5.E-1);
#2906=CARTESIAN_POINT('',(4.625E0,-5.7E0,-6.E-1));
#2907=LINE('',#2906,#2905);
#2908=DIRECTION('',(0.E0,0.E0,1.E0));
#2909=VECTOR('',#2908,1.2E0);
#2910=CARTESIAN_POINT('',(3.625E0,-6.2E0,-6.E-1));
#2911=LINE('',#2910,#2909);
#2912=CARTESIAN_POINT('',(3.625E0,-5.7E0,-6.E-1));
#2913=DIRECTION('',(0.E0,0.E0,1.E0));
#2914=DIRECTION('',(0.E0,-1.E0,0.E0));
#2915=AXIS2_PLACEMENT_3D('',#2912,#2913,#2914);
#2917=DIRECTION('',(0.E0,0.E0,1.E0));
#2918=VECTOR('',#2917,1.2E0);
#2919=CARTESIAN_POINT('',(4.125E0,-5.7E0,-6.E-1));
#2920=LINE('',#2919,#2918);
#2921=CARTESIAN_POINT('',(3.625E0,-5.7E0,6.E-1));
#2922=DIRECTION('',(0.E0,0.E0,1.E0));
#2923=DIRECTION('',(0.E0,-1.E0,0.E0));
#2924=AXIS2_PLACEMENT_3D('',#2921,#2922,#2923);
#2926=CARTESIAN_POINT('',(1.875E0,-6.2E0,3.5E-1));
#2927=DIRECTION('',(0.E0,1.E0,0.E0));
#2928=DIRECTION('',(-1.E0,0.E0,0.E0));
#2929=AXIS2_PLACEMENT_3D('',#2926,#2927,#2928);
#2931=DIRECTION('',(0.E0,0.E0,-1.E0));
#2932=VECTOR('',#2931,7.E-1);
#2933=CARTESIAN_POINT('',(1.625E0,-6.2E0,3.5E-1));
#2934=LINE('',#2933,#2932);
#2935=CARTESIAN_POINT('',(1.875E0,-6.2E0,-3.5E-1));
#2936=DIRECTION('',(0.E0,1.E0,0.E0));
#2937=DIRECTION('',(0.E0,0.E0,-1.E0));
#2938=AXIS2_PLACEMENT_3D('',#2935,#2936,#2937);
#2940=DIRECTION('',(1.E0,0.E0,0.E0));
#2941=VECTOR('',#2940,1.75E0);
#2942=CARTESIAN_POINT('',(1.875E0,-6.2E0,-6.E-1));
#2943=LINE('',#2942,#2941);
#2944=DIRECTION('',(-1.E0,0.E0,0.E0));
#2945=VECTOR('',#2944,1.75E0);
#2946=CARTESIAN_POINT('',(3.625E0,-6.2E0,6.E-1));
#2947=LINE('',#2946,#2945);
#2948=DIRECTION('',(0.E0,-1.E0,0.E0));
#2949=VECTOR('',#2948,5.E-1);
#2950=CARTESIAN_POINT('',(1.875E0,-6.2E0,6.E-1));
#2951=LINE('',#2950,#2949);
#2952=DIRECTION('',(0.E0,0.E0,1.E0));
#2953=VECTOR('',#2952,1.2E0);
#2954=CARTESIAN_POINT('',(-3.625E0,-6.2E0,-6.E-1));
#2955=LINE('',#2954,#2953);
#2956=CARTESIAN_POINT('',(-3.625E0,-5.7E0,6.E-1));
#2957=DIRECTION('',(0.E0,0.E0,-1.E0));
#2958=DIRECTION('',(0.E0,-1.E0,0.E0));
#2959=AXIS2_PLACEMENT_3D('',#2956,#2957,#2958);
#2961=DIRECTION('',(0.E0,0.E0,1.E0));
#2962=VECTOR('',#2961,1.2E0);
#2963=CARTESIAN_POINT('',(-4.125E0,-5.7E0,-6.E-1));
#2964=LINE('',#2963,#2962);
#2965=CARTESIAN_POINT('',(-3.625E0,-5.7E0,-6.E-1));
#2966=DIRECTION('',(0.E0,0.E0,-1.E0));
#2967=DIRECTION('',(0.E0,-1.E0,0.E0));
#2968=AXIS2_PLACEMENT_3D('',#2965,#2966,#2967);
#2970=CARTESIAN_POINT('',(-1.875E0,-6.2E0,3.5E-1));
#2971=DIRECTION('',(0.E0,1.E0,0.E0));
#2972=DIRECTION('',(0.E0,0.E0,1.E0));
#2973=AXIS2_PLACEMENT_3D('',#2970,#2971,#2972);
#2975=DIRECTION('',(1.E0,0.E0,0.E0));
#2976=VECTOR('',#2975,1.75E0);
#2977=CARTESIAN_POINT('',(-3.625E0,-6.2E0,6.E-1));
#2978=LINE('',#2977,#2976);
#2979=DIRECTION('',(-1.E0,0.E0,0.E0));
#2980=VECTOR('',#2979,1.75E0);
#2981=CARTESIAN_POINT('',(-1.875E0,-6.2E0,-6.E-1));
#2982=LINE('',#2981,#2980);
#2983=CARTESIAN_POINT('',(-1.875E0,-6.2E0,-3.5E-1));
#2984=DIRECTION('',(0.E0,1.E0,0.E0));
#2985=DIRECTION('',(1.E0,0.E0,0.E0));
#2986=AXIS2_PLACEMENT_3D('',#2983,#2984,#2985);
#2988=DIRECTION('',(0.E0,0.E0,-1.E0));
#2989=VECTOR('',#2988,7.E-1);
#2990=CARTESIAN_POINT('',(-1.625E0,-6.2E0,3.5E-1));
#2991=LINE('',#2990,#2989);
#2992=DIRECTION('',(0.E0,-1.E0,0.E0));
#2993=VECTOR('',#2992,5.E-1);
#2994=CARTESIAN_POINT('',(-1.875E0,-6.2E0,-6.E-1));
#2995=LINE('',#2994,#2993);
#2996=DIRECTION('',(0.E0,-1.E0,0.E0));
#2997=VECTOR('',#2996,5.E-1);
#2998=CARTESIAN_POINT('',(-1.625E0,-6.2E0,3.5E-1));
#2999=LINE('',#2998,#2997);
#3000=DIRECTION('',(0.E0,-1.E0,0.E0));
#3001=VECTOR('',#3000,5.E-1);
#3002=CARTESIAN_POINT('',(-1.625E0,-6.2E0,-3.5E-1));
#3003=LINE('',#3002,#3001);
#3004=CARTESIAN_POINT('',(-1.4E0,0.E0,-3.345E1));
#3005=CARTESIAN_POINT('',(1.4E0,0.E0,-3.345E1));
#3006=VERTEX_POINT('',#3004);
#3007=VERTEX_POINT('',#3005);
#3008=CARTESIAN_POINT('',(1.4E0,0.E0,3.345E1));
#3009=VERTEX_POINT('',#3008);
#3010=CARTESIAN_POINT('',(-1.4E0,0.E0,3.345E1));
#3011=VERTEX_POINT('',#3010);
#3012=CARTESIAN_POINT('',(-1.4E0,-5.E-1,-3.345E1));
#3013=CARTESIAN_POINT('',(1.4E0,-5.E-1,-3.345E1));
#3014=VERTEX_POINT('',#3012);
#3015=VERTEX_POINT('',#3013);
#3016=CARTESIAN_POINT('',(1.4E0,-5.E-1,3.345E1));
#3017=VERTEX_POINT('',#3016);
#3018=CARTESIAN_POINT('',(-1.4E0,-5.E-1,3.345E1));
#3019=VERTEX_POINT('',#3018);
#3020=CARTESIAN_POINT('',(-4.625E0,-1.E0,3.75E1));
#3021=CARTESIAN_POINT('',(-4.625E0,-2.2E0,3.75E1));
#3022=VERTEX_POINT('',#3020);
#3023=VERTEX_POINT('',#3021);
#3024=CARTESIAN_POINT('',(-3.75E0,-2.2E0,3.75E1));
#3025=VERTEX_POINT('',#3024);
#3026=CARTESIAN_POINT('',(3.75E0,-2.2E0,3.75E1));
#3027=CARTESIAN_POINT('',(4.625E0,-2.2E0,3.75E1));
#3028=VERTEX_POINT('',#3026);
#3029=VERTEX_POINT('',#3027);
#3030=CARTESIAN_POINT('',(4.625E0,-1.E0,3.75E1));
#3031=VERTEX_POINT('',#3030);
#3032=CARTESIAN_POINT('',(-4.625E0,-1.E0,3.7E1));
#3033=CARTESIAN_POINT('',(-4.625E0,-2.2E0,3.7E1));
#3034=VERTEX_POINT('',#3032);
#3035=VERTEX_POINT('',#3033);
#3036=CARTESIAN_POINT('',(-3.75E0,-2.2E0,3.7E1));
#3037=VERTEX_POINT('',#3036);
#3038=CARTESIAN_POINT('',(3.75E0,-2.2E0,3.7E1));
#3039=CARTESIAN_POINT('',(4.625E0,-2.2E0,3.7E1));
#3040=VERTEX_POINT('',#3038);
#3041=VERTEX_POINT('',#3039);
#3042=CARTESIAN_POINT('',(4.625E0,-1.E0,3.7E1));
#3043=VERTEX_POINT('',#3042);
#3044=CARTESIAN_POINT('',(-4.625E0,-1.E0,-3.75E1));
#3045=CARTESIAN_POINT('',(-4.625E0,-2.2E0,-3.75E1));
#3046=VERTEX_POINT('',#3044);
#3047=VERTEX_POINT('',#3045);
#3048=CARTESIAN_POINT('',(-3.75E0,-2.2E0,-3.75E1));
#3049=VERTEX_POINT('',#3048);
#3050=CARTESIAN_POINT('',(3.75E0,-2.2E0,-3.75E1));
#3051=CARTESIAN_POINT('',(4.625E0,-2.2E0,-3.75E1));
#3052=VERTEX_POINT('',#3050);
#3053=VERTEX_POINT('',#3051);
#3054=CARTESIAN_POINT('',(4.625E0,-1.E0,-3.75E1));
#3055=VERTEX_POINT('',#3054);
#3056=CARTESIAN_POINT('',(-4.625E0,-1.E0,-3.7E1));
#3057=CARTESIAN_POINT('',(-4.625E0,-2.2E0,-3.7E1));
#3058=VERTEX_POINT('',#3056);
#3059=VERTEX_POINT('',#3057);
#3060=CARTESIAN_POINT('',(-3.75E0,-2.2E0,-3.7E1));
#3061=VERTEX_POINT('',#3060);
#3062=CARTESIAN_POINT('',(3.75E0,-2.2E0,-3.7E1));
#3063=CARTESIAN_POINT('',(4.625E0,-2.2E0,-3.7E1));
#3064=VERTEX_POINT('',#3062);
#3065=VERTEX_POINT('',#3063);
#3066=CARTESIAN_POINT('',(4.625E0,-1.E0,-3.7E1));
#3067=VERTEX_POINT('',#3066);
#3068=CARTESIAN_POINT('',(-4.625E0,-7.5E-1,-3.675E1));
#3069=CARTESIAN_POINT('',(-4.625E0,-2.3E0,-3.675E1));
#3070=VERTEX_POINT('',#3068);
#3071=VERTEX_POINT('',#3069);
#3072=CARTESIAN_POINT('',(-4.625E0,-2.3E0,-3.75E1));
#3073=VERTEX_POINT('',#3072);
#3074=CARTESIAN_POINT('',(-4.625E0,-3.5E0,-2.85E1));
#3075=CARTESIAN_POINT('',(-4.625E0,-3.5E0,-1.64E1));
#3076=VERTEX_POINT('',#3074);
#3077=VERTEX_POINT('',#3075);
#3078=CARTESIAN_POINT('',(-4.625E0,-3.5E0,1.64E1));
#3079=CARTESIAN_POINT('',(-4.625E0,-3.5E0,2.85E1));
#3080=VERTEX_POINT('',#3078);
#3081=VERTEX_POINT('',#3079);
#3082=CARTESIAN_POINT('',(-4.625E0,-2.3E0,3.75E1));
#3083=CARTESIAN_POINT('',(-4.625E0,-2.3E0,3.675E1));
#3084=VERTEX_POINT('',#3082);
#3085=VERTEX_POINT('',#3083);
#3086=CARTESIAN_POINT('',(-4.625E0,-7.5E-1,3.675E1));
#3087=VERTEX_POINT('',#3086);
#3088=CARTESIAN_POINT('',(-3.875E0,0.E0,-3.675E1));
#3089=VERTEX_POINT('',#3088);
#3090=CARTESIAN_POINT('',(-3.875E0,0.E0,3.675E1));
#3091=VERTEX_POINT('',#3090);
#3092=CARTESIAN_POINT('',(-4.125E0,-7.5E-1,-3.675E1));
#3093=CARTESIAN_POINT('',(-4.125E0,-2.3E0,-3.675E1));
#3094=VERTEX_POINT('',#3092);
#3095=VERTEX_POINT('',#3093);
#3096=CARTESIAN_POINT('',(-4.125E0,-2.3E0,-3.75E1));
#3097=VERTEX_POINT('',#3096);
#3098=CARTESIAN_POINT('',(-4.125E0,-3.5E0,-2.85E1));
#3099=CARTESIAN_POINT('',(-4.125E0,-3.5E0,-1.64E1));
#3100=VERTEX_POINT('',#3098);
#3101=VERTEX_POINT('',#3099);
#3102=CARTESIAN_POINT('',(-4.125E0,-3.5E0,1.64E1));
#3103=CARTESIAN_POINT('',(-4.125E0,-3.5E0,2.85E1));
#3104=VERTEX_POINT('',#3102);
#3105=VERTEX_POINT('',#3103);
#3106=CARTESIAN_POINT('',(-4.125E0,-2.3E0,3.75E1));
#3107=CARTESIAN_POINT('',(-4.125E0,-2.3E0,3.675E1));
#3108=VERTEX_POINT('',#3106);
#3109=VERTEX_POINT('',#3107);
#3110=CARTESIAN_POINT('',(-4.125E0,-7.5E-1,3.675E1));
#3111=VERTEX_POINT('',#3110);
#3112=CARTESIAN_POINT('',(-3.875E0,-5.E-1,-3.675E1));
#3113=VERTEX_POINT('',#3112);
#3114=CARTESIAN_POINT('',(-3.875E0,-5.E-1,3.675E1));
#3115=VERTEX_POINT('',#3114);
#3116=CARTESIAN_POINT('',(-4.625E0,-3.5E0,3.14E1));
#3117=CARTESIAN_POINT('',(-4.125E0,-3.5E0,3.14E1));
#3118=VERTEX_POINT('',#3116);
#3119=VERTEX_POINT('',#3117);
#3120=CARTESIAN_POINT('',(-4.625E0,-3.5E0,1.35E1));
#3121=CARTESIAN_POINT('',(-4.125E0,-3.5E0,1.35E1));
#3122=VERTEX_POINT('',#3120);
#3123=VERTEX_POINT('',#3121);
#3124=CARTESIAN_POINT('',(-4.625E0,-3.5E0,-1.35E1));
#3125=CARTESIAN_POINT('',(-4.125E0,-3.5E0,-1.35E1));
#3126=VERTEX_POINT('',#3124);
#3127=VERTEX_POINT('',#3125);
#3128=CARTESIAN_POINT('',(-4.625E0,-3.5E0,-3.14E1));
#3129=CARTESIAN_POINT('',(-4.125E0,-3.5E0,-3.14E1));
#3130=VERTEX_POINT('',#3128);
#3131=VERTEX_POINT('',#3129);
#3132=CARTESIAN_POINT('',(4.625E0,-7.5E-1,-3.675E1));
#3133=CARTESIAN_POINT('',(4.625E0,-2.3E0,-3.675E1));
#3134=VERTEX_POINT('',#3132);
#3135=VERTEX_POINT('',#3133);
#3136=CARTESIAN_POINT('',(4.625E0,-2.3E0,-3.75E1));
#3137=VERTEX_POINT('',#3136);
#3138=CARTESIAN_POINT('',(4.625E0,-3.5E0,-2.85E1));
#3139=CARTESIAN_POINT('',(4.625E0,-3.5E0,-1.64E1));
#3140=VERTEX_POINT('',#3138);
#3141=VERTEX_POINT('',#3139);
#3142=CARTESIAN_POINT('',(4.625E0,-3.5E0,-1.35E1));
#3143=CARTESIAN_POINT('',(4.625E0,-3.5E0,-1.45E0));
#3144=VERTEX_POINT('',#3142);
#3145=VERTEX_POINT('',#3143);
#3146=CARTESIAN_POINT('',(4.625E0,-3.5E0,1.45E0));
#3147=CARTESIAN_POINT('',(4.625E0,-3.5E0,1.35E1));
#3148=VERTEX_POINT('',#3146);
#3149=VERTEX_POINT('',#3147);
#3150=CARTESIAN_POINT('',(4.625E0,-3.5E0,1.64E1));
#3151=CARTESIAN_POINT('',(4.625E0,-3.5E0,2.85E1));
#3152=VERTEX_POINT('',#3150);
#3153=VERTEX_POINT('',#3151);
#3154=CARTESIAN_POINT('',(4.625E0,-2.3E0,3.75E1));
#3155=CARTESIAN_POINT('',(4.625E0,-2.3E0,3.675E1));
#3156=VERTEX_POINT('',#3154);
#3157=VERTEX_POINT('',#3155);
#3158=CARTESIAN_POINT('',(4.625E0,-7.5E-1,3.675E1));
#3159=VERTEX_POINT('',#3158);
#3160=CARTESIAN_POINT('',(4.125E0,-7.5E-1,-3.675E1));
#3161=CARTESIAN_POINT('',(4.125E0,-2.3E0,-3.675E1));
#3162=VERTEX_POINT('',#3160);
#3163=VERTEX_POINT('',#3161);
#3164=CARTESIAN_POINT('',(4.125E0,-2.3E0,-3.75E1));
#3165=VERTEX_POINT('',#3164);
#3166=CARTESIAN_POINT('',(4.125E0,-3.5E0,-2.85E1));
#3167=CARTESIAN_POINT('',(4.125E0,-3.5E0,-1.64E1));
#3168=VERTEX_POINT('',#3166);
#3169=VERTEX_POINT('',#3167);
#3170=CARTESIAN_POINT('',(4.125E0,-3.5E0,-1.35E1));
#3171=CARTESIAN_POINT('',(4.125E0,-3.5E0,-1.45E0));
#3172=VERTEX_POINT('',#3170);
#3173=VERTEX_POINT('',#3171);
#3174=CARTESIAN_POINT('',(4.125E0,-3.5E0,1.45E0));
#3175=CARTESIAN_POINT('',(4.125E0,-3.5E0,1.35E1));
#3176=VERTEX_POINT('',#3174);
#3177=VERTEX_POINT('',#3175);
#3178=CARTESIAN_POINT('',(4.125E0,-3.5E0,1.64E1));
#3179=CARTESIAN_POINT('',(4.125E0,-3.5E0,2.85E1));
#3180=VERTEX_POINT('',#3178);
#3181=VERTEX_POINT('',#3179);
#3182=CARTESIAN_POINT('',(4.125E0,-2.3E0,3.75E1));
#3183=CARTESIAN_POINT('',(4.125E0,-2.3E0,3.675E1));
#3184=VERTEX_POINT('',#3182);
#3185=VERTEX_POINT('',#3183);
#3186=CARTESIAN_POINT('',(4.125E0,-7.5E-1,3.675E1));
#3187=VERTEX_POINT('',#3186);
#3188=CARTESIAN_POINT('',(4.625E0,-3.5E0,3.14E1));
#3189=CARTESIAN_POINT('',(4.125E0,-3.5E0,3.14E1));
#3190=VERTEX_POINT('',#3188);
#3191=VERTEX_POINT('',#3189);
#3192=CARTESIAN_POINT('',(4.625E0,-3.5E0,-3.14E1));
#3193=CARTESIAN_POINT('',(4.125E0,-3.5E0,-3.14E1));
#3194=VERTEX_POINT('',#3192);
#3195=VERTEX_POINT('',#3193);
#3196=CARTESIAN_POINT('',(3.875E0,0.E0,3.675E1));
#3197=VERTEX_POINT('',#3196);
#3198=CARTESIAN_POINT('',(3.875E0,0.E0,-3.675E1));
#3199=VERTEX_POINT('',#3198);
#3200=CARTESIAN_POINT('',(3.875E0,-5.E-1,3.675E1));
#3201=VERTEX_POINT('',#3200);
#3202=CARTESIAN_POINT('',(3.875E0,-5.E-1,-3.675E1));
#3203=VERTEX_POINT('',#3202);
#3204=CARTESIAN_POINT('',(-4.625E0,-3.5E0,2.225E0));
#3205=VERTEX_POINT('',#3204);
#3206=CARTESIAN_POINT('',(-4.625E0,-3.5E0,-2.225E0));
#3207=VERTEX_POINT('',#3206);
#3208=CARTESIAN_POINT('',(-4.125E0,-3.5E0,2.225E0));
#3209=VERTEX_POINT('',#3208);
#3210=CARTESIAN_POINT('',(-4.125E0,-3.5E0,-2.225E0));
#3211=VERTEX_POINT('',#3210);
#3212=CARTESIAN_POINT('',(-4.625E0,-5.5E0,-3.055E1));
#3213=CARTESIAN_POINT('',(-4.125E0,-5.5E0,-3.055E1));
#3214=VERTEX_POINT('',#3212);
#3215=VERTEX_POINT('',#3213);
#3216=CARTESIAN_POINT('',(4.125E0,-5.5E0,-3.055E1));
#3217=CARTESIAN_POINT('',(4.625E0,-5.5E0,-3.055E1));
#3218=VERTEX_POINT('',#3216);
#3219=VERTEX_POINT('',#3217);
#3220=CARTESIAN_POINT('',(-4.625E0,-5.5E0,-2.935E1));
#3221=CARTESIAN_POINT('',(-4.125E0,-5.5E0,-2.935E1));
#3222=VERTEX_POINT('',#3220);
#3223=VERTEX_POINT('',#3221);
#3224=CARTESIAN_POINT('',(4.125E0,-5.5E0,-2.935E1));
#3225=CARTESIAN_POINT('',(4.625E0,-5.5E0,-2.935E1));
#3226=VERTEX_POINT('',#3224);
#3227=VERTEX_POINT('',#3225);
#3228=CARTESIAN_POINT('',(-4.625E0,-5.5E0,-1.555E1));
#3229=CARTESIAN_POINT('',(-4.125E0,-5.5E0,-1.555E1));
#3230=VERTEX_POINT('',#3228);
#3231=VERTEX_POINT('',#3229);
#3232=CARTESIAN_POINT('',(4.125E0,-5.5E0,-1.555E1));
#3233=CARTESIAN_POINT('',(4.625E0,-5.5E0,-1.555E1));
#3234=VERTEX_POINT('',#3232);
#3235=VERTEX_POINT('',#3233);
#3236=CARTESIAN_POINT('',(-4.625E0,-5.5E0,-1.435E1));
#3237=CARTESIAN_POINT('',(-4.125E0,-5.5E0,-1.435E1));
#3238=VERTEX_POINT('',#3236);
#3239=VERTEX_POINT('',#3237);
#3240=CARTESIAN_POINT('',(4.125E0,-5.5E0,-1.435E1));
#3241=CARTESIAN_POINT('',(4.625E0,-5.5E0,-1.435E1));
#3242=VERTEX_POINT('',#3240);
#3243=VERTEX_POINT('',#3241);
#3244=CARTESIAN_POINT('',(-4.625E0,-5.5E0,-6.E-1));
#3245=CARTESIAN_POINT('',(-4.125E0,-5.5E0,-6.E-1));
#3246=VERTEX_POINT('',#3244);
#3247=VERTEX_POINT('',#3245);
#3248=CARTESIAN_POINT('',(4.125E0,-5.5E0,-6.E-1));
#3249=CARTESIAN_POINT('',(4.625E0,-5.5E0,-6.E-1));
#3250=VERTEX_POINT('',#3248);
#3251=VERTEX_POINT('',#3249);
#3252=CARTESIAN_POINT('',(-4.625E0,-5.5E0,6.E-1));
#3253=CARTESIAN_POINT('',(-4.125E0,-5.5E0,6.E-1));
#3254=VERTEX_POINT('',#3252);
#3255=VERTEX_POINT('',#3253);
#3256=CARTESIAN_POINT('',(4.125E0,-5.5E0,6.E-1));
#3257=CARTESIAN_POINT('',(4.625E0,-5.5E0,6.E-1));
#3258=VERTEX_POINT('',#3256);
#3259=VERTEX_POINT('',#3257);
#3260=CARTESIAN_POINT('',(-4.625E0,-5.5E0,1.435E1));
#3261=CARTESIAN_POINT('',(-4.125E0,-5.5E0,1.435E1));
#3262=VERTEX_POINT('',#3260);
#3263=VERTEX_POINT('',#3261);
#3264=CARTESIAN_POINT('',(4.125E0,-5.5E0,1.435E1));
#3265=CARTESIAN_POINT('',(4.625E0,-5.5E0,1.435E1));
#3266=VERTEX_POINT('',#3264);
#3267=VERTEX_POINT('',#3265);
#3268=CARTESIAN_POINT('',(-4.625E0,-5.5E0,1.555E1));
#3269=CARTESIAN_POINT('',(-4.125E0,-5.5E0,1.555E1));
#3270=VERTEX_POINT('',#3268);
#3271=VERTEX_POINT('',#3269);
#3272=CARTESIAN_POINT('',(4.125E0,-5.5E0,1.555E1));
#3273=CARTESIAN_POINT('',(4.625E0,-5.5E0,1.555E1));
#3274=VERTEX_POINT('',#3272);
#3275=VERTEX_POINT('',#3273);
#3276=CARTESIAN_POINT('',(-4.625E0,-5.5E0,2.935E1));
#3277=CARTESIAN_POINT('',(-4.125E0,-5.5E0,2.935E1));
#3278=VERTEX_POINT('',#3276);
#3279=VERTEX_POINT('',#3277);
#3280=CARTESIAN_POINT('',(4.125E0,-5.5E0,2.935E1));
#3281=CARTESIAN_POINT('',(4.625E0,-5.5E0,2.935E1));
#3282=VERTEX_POINT('',#3280);
#3283=VERTEX_POINT('',#3281);
#3284=CARTESIAN_POINT('',(-4.625E0,-5.5E0,3.055E1));
#3285=CARTESIAN_POINT('',(-4.125E0,-5.5E0,3.055E1));
#3286=VERTEX_POINT('',#3284);
#3287=VERTEX_POINT('',#3285);
#3288=CARTESIAN_POINT('',(4.125E0,-5.5E0,3.055E1));
#3289=CARTESIAN_POINT('',(4.625E0,-5.5E0,3.055E1));
#3290=VERTEX_POINT('',#3288);
#3291=VERTEX_POINT('',#3289);
#3292=CARTESIAN_POINT('',(-3.28125E0,-7.5E-1,3.75E1));
#3293=VERTEX_POINT('',#3292);
#3294=CARTESIAN_POINT('',(-3.28125E0,-7.5E-1,-3.75E1));
#3295=VERTEX_POINT('',#3294);
#3296=CARTESIAN_POINT('',(-3.28125E0,-7.5E-1,3.7E1));
#3297=VERTEX_POINT('',#3296);
#3298=CARTESIAN_POINT('',(-3.28125E0,-7.5E-1,-3.7E1));
#3299=VERTEX_POINT('',#3298);
#3300=CARTESIAN_POINT('',(3.28125E0,-7.5E-1,-3.75E1));
#3301=VERTEX_POINT('',#3300);
#3302=CARTESIAN_POINT('',(3.28125E0,-7.5E-1,3.75E1));
#3303=VERTEX_POINT('',#3302);
#3304=CARTESIAN_POINT('',(3.28125E0,-7.5E-1,-3.7E1));
#3305=VERTEX_POINT('',#3304);
#3306=CARTESIAN_POINT('',(3.28125E0,-7.5E-1,3.7E1));
#3307=VERTEX_POINT('',#3306);
#3308=CARTESIAN_POINT('',(-4.625E0,-5.7E0,-3.055E1));
#3309=VERTEX_POINT('',#3308);
#3310=CARTESIAN_POINT('',(-4.625E0,-5.7E0,-2.935E1));
#3311=VERTEX_POINT('',#3310);
#3312=CARTESIAN_POINT('',(-4.125E0,-5.7E0,-3.055E1));
#3313=VERTEX_POINT('',#3312);
#3314=CARTESIAN_POINT('',(-4.125E0,-5.7E0,-2.935E1));
#3315=VERTEX_POINT('',#3314);
#3316=CARTESIAN_POINT('',(-3.625E0,-6.7E0,-2.935E1));
#3317=CARTESIAN_POINT('',(-3.625E0,-6.7E0,-3.055E1));
#3318=VERTEX_POINT('',#3316);
#3319=VERTEX_POINT('',#3317);
#3320=CARTESIAN_POINT('',(-3.625E0,-6.2E0,-2.935E1));
#3321=CARTESIAN_POINT('',(-3.625E0,-6.2E0,-3.055E1));
#3322=VERTEX_POINT('',#3320);
#3323=VERTEX_POINT('',#3321);
#3324=CARTESIAN_POINT('',(-4.625E0,-5.7E0,-1.555E1));
#3325=VERTEX_POINT('',#3324);
#3326=CARTESIAN_POINT('',(-4.625E0,-5.7E0,-1.435E1));
#3327=VERTEX_POINT('',#3326);
#3328=CARTESIAN_POINT('',(-4.125E0,-5.7E0,-1.555E1));
#3329=VERTEX_POINT('',#3328);
#3330=CARTESIAN_POINT('',(-4.125E0,-5.7E0,-1.435E1));
#3331=VERTEX_POINT('',#3330);
#3332=CARTESIAN_POINT('',(-3.625E0,-6.7E0,-1.435E1));
#3333=CARTESIAN_POINT('',(-3.625E0,-6.7E0,-1.555E1));
#3334=VERTEX_POINT('',#3332);
#3335=VERTEX_POINT('',#3333);
#3336=CARTESIAN_POINT('',(-3.625E0,-6.2E0,-1.435E1));
#3337=CARTESIAN_POINT('',(-3.625E0,-6.2E0,-1.555E1));
#3338=VERTEX_POINT('',#3336);
#3339=VERTEX_POINT('',#3337);
#3340=CARTESIAN_POINT('',(3.625E0,-6.7E0,-3.055E1));
#3341=CARTESIAN_POINT('',(3.625E0,-6.2E0,-3.055E1));
#3342=VERTEX_POINT('',#3340);
#3343=VERTEX_POINT('',#3341);
#3344=CARTESIAN_POINT('',(3.625E0,-6.7E0,-1.555E1));
#3345=CARTESIAN_POINT('',(3.625E0,-6.2E0,-1.555E1));
#3346=VERTEX_POINT('',#3344);
#3347=VERTEX_POINT('',#3345);
#3348=CARTESIAN_POINT('',(4.625E0,-5.7E0,-3.055E1));
#3349=VERTEX_POINT('',#3348);
#3350=CARTESIAN_POINT('',(4.625E0,-5.7E0,-2.935E1));
#3351=VERTEX_POINT('',#3350);
#3352=CARTESIAN_POINT('',(4.125E0,-5.7E0,-3.055E1));
#3353=VERTEX_POINT('',#3352);
#3354=CARTESIAN_POINT('',(4.125E0,-5.7E0,-2.935E1));
#3355=VERTEX_POINT('',#3354);
#3356=CARTESIAN_POINT('',(3.625E0,-6.7E0,-2.935E1));
#3357=VERTEX_POINT('',#3356);
#3358=CARTESIAN_POINT('',(3.625E0,-6.2E0,-2.935E1));
#3359=VERTEX_POINT('',#3358);
#3360=CARTESIAN_POINT('',(4.625E0,-5.7E0,-1.555E1));
#3361=VERTEX_POINT('',#3360);
#3362=CARTESIAN_POINT('',(4.625E0,-5.7E0,-1.435E1));
#3363=VERTEX_POINT('',#3362);
#3364=CARTESIAN_POINT('',(4.125E0,-5.7E0,-1.555E1));
#3365=VERTEX_POINT('',#3364);
#3366=CARTESIAN_POINT('',(4.125E0,-5.7E0,-1.435E1));
#3367=VERTEX_POINT('',#3366);
#3368=CARTESIAN_POINT('',(3.625E0,-6.7E0,-1.435E1));
#3369=VERTEX_POINT('',#3368);
#3370=CARTESIAN_POINT('',(3.625E0,-6.2E0,-1.435E1));
#3371=VERTEX_POINT('',#3370);
#3372=CARTESIAN_POINT('',(-3.625E0,-6.7E0,3.055E1));
#3373=CARTESIAN_POINT('',(-3.625E0,-6.2E0,3.055E1));
#3374=VERTEX_POINT('',#3372);
#3375=VERTEX_POINT('',#3373);
#3376=CARTESIAN_POINT('',(-3.625E0,-6.7E0,1.555E1));
#3377=CARTESIAN_POINT('',(-3.625E0,-6.2E0,1.555E1));
#3378=VERTEX_POINT('',#3376);
#3379=VERTEX_POINT('',#3377);
#3380=CARTESIAN_POINT('',(3.625E0,-6.7E0,2.935E1));
#3381=CARTESIAN_POINT('',(3.625E0,-6.2E0,2.935E1));
#3382=VERTEX_POINT('',#3380);
#3383=VERTEX_POINT('',#3381);
#3384=CARTESIAN_POINT('',(3.625E0,-6.7E0,1.435E1));
#3385=CARTESIAN_POINT('',(3.625E0,-6.2E0,1.435E1));
#3386=VERTEX_POINT('',#3384);
#3387=VERTEX_POINT('',#3385);
#3388=CARTESIAN_POINT('',(-4.625E0,-5.7E0,2.935E1));
#3389=VERTEX_POINT('',#3388);
#3390=CARTESIAN_POINT('',(-4.625E0,-5.7E0,3.055E1));
#3391=VERTEX_POINT('',#3390);
#3392=CARTESIAN_POINT('',(-4.125E0,-5.7E0,2.935E1));
#3393=VERTEX_POINT('',#3392);
#3394=CARTESIAN_POINT('',(-4.125E0,-5.7E0,3.055E1));
#3395=VERTEX_POINT('',#3394);
#3396=CARTESIAN_POINT('',(-3.625E0,-6.7E0,2.935E1));
#3397=VERTEX_POINT('',#3396);
#3398=CARTESIAN_POINT('',(-3.625E0,-6.2E0,2.935E1));
#3399=VERTEX_POINT('',#3398);
#3400=CARTESIAN_POINT('',(-4.625E0,-5.7E0,1.435E1));
#3401=VERTEX_POINT('',#3400);
#3402=CARTESIAN_POINT('',(-4.625E0,-5.7E0,1.555E1));
#3403=VERTEX_POINT('',#3402);
#3404=CARTESIAN_POINT('',(-4.125E0,-5.7E0,1.435E1));
#3405=VERTEX_POINT('',#3404);
#3406=CARTESIAN_POINT('',(-4.125E0,-5.7E0,1.555E1));
#3407=VERTEX_POINT('',#3406);
#3408=CARTESIAN_POINT('',(-3.625E0,-6.7E0,1.435E1));
#3409=VERTEX_POINT('',#3408);
#3410=CARTESIAN_POINT('',(-3.625E0,-6.2E0,1.435E1));
#3411=VERTEX_POINT('',#3410);
#3412=CARTESIAN_POINT('',(4.625E0,-5.7E0,2.935E1));
#3413=VERTEX_POINT('',#3412);
#3414=CARTESIAN_POINT('',(4.625E0,-5.7E0,3.055E1));
#3415=VERTEX_POINT('',#3414);
#3416=CARTESIAN_POINT('',(4.125E0,-5.7E0,2.935E1));
#3417=VERTEX_POINT('',#3416);
#3418=CARTESIAN_POINT('',(4.125E0,-5.7E0,3.055E1));
#3419=VERTEX_POINT('',#3418);
#3420=CARTESIAN_POINT('',(3.625E0,-6.7E0,3.055E1));
#3421=VERTEX_POINT('',#3420);
#3422=CARTESIAN_POINT('',(3.625E0,-6.2E0,3.055E1));
#3423=VERTEX_POINT('',#3422);
#3424=CARTESIAN_POINT('',(4.625E0,-5.7E0,1.435E1));
#3425=VERTEX_POINT('',#3424);
#3426=CARTESIAN_POINT('',(4.625E0,-5.7E0,1.555E1));
#3427=VERTEX_POINT('',#3426);
#3428=CARTESIAN_POINT('',(4.125E0,-5.7E0,1.435E1));
#3429=VERTEX_POINT('',#3428);
#3430=CARTESIAN_POINT('',(4.125E0,-5.7E0,1.555E1));
#3431=VERTEX_POINT('',#3430);
#3432=CARTESIAN_POINT('',(3.625E0,-6.7E0,1.555E1));
#3433=VERTEX_POINT('',#3432);
#3434=CARTESIAN_POINT('',(3.625E0,-6.2E0,1.555E1));
#3435=VERTEX_POINT('',#3434);
#3436=CARTESIAN_POINT('',(4.625E0,-5.7E0,-6.E-1));
#3437=VERTEX_POINT('',#3436);
#3438=CARTESIAN_POINT('',(4.625E0,-5.7E0,6.E-1));
#3439=VERTEX_POINT('',#3438);
#3440=CARTESIAN_POINT('',(4.125E0,-5.7E0,-6.E-1));
#3441=VERTEX_POINT('',#3440);
#3442=CARTESIAN_POINT('',(4.125E0,-5.7E0,6.E-1));
#3443=VERTEX_POINT('',#3442);
#3444=CARTESIAN_POINT('',(3.625E0,-6.7E0,-6.E-1));
#3445=CARTESIAN_POINT('',(3.625E0,-6.7E0,6.E-1));
#3446=VERTEX_POINT('',#3444);
#3447=VERTEX_POINT('',#3445);
#3448=CARTESIAN_POINT('',(3.625E0,-6.2E0,-6.E-1));
#3449=CARTESIAN_POINT('',(3.625E0,-6.2E0,6.E-1));
#3450=VERTEX_POINT('',#3448);
#3451=VERTEX_POINT('',#3449);
#3452=CARTESIAN_POINT('',(-3.625E0,-6.7E0,6.E-1));
#3453=CARTESIAN_POINT('',(-3.625E0,-6.2E0,6.E-1));
#3454=VERTEX_POINT('',#3452);
#3455=VERTEX_POINT('',#3453);
#3456=CARTESIAN_POINT('',(-4.625E0,-5.7E0,-6.E-1));
#3457=VERTEX_POINT('',#3456);
#3458=CARTESIAN_POINT('',(-4.625E0,-5.7E0,6.E-1));
#3459=VERTEX_POINT('',#3458);
#3460=CARTESIAN_POINT('',(-4.125E0,-5.7E0,-6.E-1));
#3461=VERTEX_POINT('',#3460);
#3462=CARTESIAN_POINT('',(-4.125E0,-5.7E0,6.E-1));
#3463=VERTEX_POINT('',#3462);
#3464=CARTESIAN_POINT('',(-3.625E0,-6.7E0,-6.E-1));
#3465=VERTEX_POINT('',#3464);
#3466=CARTESIAN_POINT('',(-3.625E0,-6.2E0,-6.E-1));
#3467=VERTEX_POINT('',#3466);
#3468=CARTESIAN_POINT('',(-4.125E0,-5.25E0,-1.35E1));
#3469=CARTESIAN_POINT('',(-4.125E0,-5.5E0,-1.375E1));
#3470=VERTEX_POINT('',#3468);
#3471=VERTEX_POINT('',#3469);
#3472=CARTESIAN_POINT('',(-4.625E0,-5.5E0,-1.375E1));
#3473=VERTEX_POINT('',#3472);
#3474=CARTESIAN_POINT('',(-4.625E0,-5.25E0,-1.35E1));
#3475=VERTEX_POINT('',#3474);
#3476=CARTESIAN_POINT('',(-4.625E0,-5.25E0,-1.64E1));
#3477=CARTESIAN_POINT('',(-4.625E0,-5.5E0,-1.615E1));
#3478=VERTEX_POINT('',#3476);
#3479=VERTEX_POINT('',#3477);
#3480=CARTESIAN_POINT('',(-4.125E0,-5.5E0,-1.615E1));
#3481=VERTEX_POINT('',#3480);
#3482=CARTESIAN_POINT('',(-4.125E0,-5.25E0,-1.64E1));
#3483=VERTEX_POINT('',#3482);
#3484=CARTESIAN_POINT('',(-4.625E0,-5.25E0,-2.225E0));
#3485=CARTESIAN_POINT('',(-4.625E0,-5.5E0,-1.975E0));
#3486=VERTEX_POINT('',#3484);
#3487=VERTEX_POINT('',#3485);
#3488=CARTESIAN_POINT('',(-4.125E0,-5.5E0,-1.975E0));
#3489=VERTEX_POINT('',#3488);
#3490=CARTESIAN_POINT('',(-4.125E0,-5.25E0,-2.225E0));
#3491=VERTEX_POINT('',#3490);
#3492=CARTESIAN_POINT('',(4.125E0,-5.25E0,-1.45E0));
#3493=CARTESIAN_POINT('',(4.125E0,-5.5E0,-1.2E0));
#3494=VERTEX_POINT('',#3492);
#3495=VERTEX_POINT('',#3493);
#3496=CARTESIAN_POINT('',(4.625E0,-5.5E0,-1.2E0));
#3497=VERTEX_POINT('',#3496);
#3498=CARTESIAN_POINT('',(4.625E0,-5.25E0,-1.45E0));
#3499=VERTEX_POINT('',#3498);
#3500=CARTESIAN_POINT('',(4.625E0,-5.25E0,1.45E0));
#3501=CARTESIAN_POINT('',(4.625E0,-5.5E0,1.2E0));
#3502=VERTEX_POINT('',#3500);
#3503=VERTEX_POINT('',#3501);
#3504=CARTESIAN_POINT('',(4.125E0,-5.5E0,1.2E0));
#3505=VERTEX_POINT('',#3504);
#3506=CARTESIAN_POINT('',(4.125E0,-5.25E0,1.45E0));
#3507=VERTEX_POINT('',#3506);
#3508=CARTESIAN_POINT('',(-4.125E0,-5.25E0,2.225E0));
#3509=CARTESIAN_POINT('',(-4.125E0,-5.5E0,1.975E0));
#3510=VERTEX_POINT('',#3508);
#3511=VERTEX_POINT('',#3509);
#3512=CARTESIAN_POINT('',(-4.625E0,-5.5E0,1.975E0));
#3513=VERTEX_POINT('',#3512);
#3514=CARTESIAN_POINT('',(-4.625E0,-5.25E0,2.225E0));
#3515=VERTEX_POINT('',#3514);
#3516=CARTESIAN_POINT('',(4.625E0,-5.25E0,1.64E1));
#3517=CARTESIAN_POINT('',(4.625E0,-5.5E0,1.615E1));
#3518=VERTEX_POINT('',#3516);
#3519=VERTEX_POINT('',#3517);
#3520=CARTESIAN_POINT('',(4.125E0,-5.5E0,1.615E1));
#3521=VERTEX_POINT('',#3520);
#3522=CARTESIAN_POINT('',(4.125E0,-5.25E0,1.64E1));
#3523=VERTEX_POINT('',#3522);
#3524=CARTESIAN_POINT('',(-4.125E0,-5.25E0,1.64E1));
#3525=CARTESIAN_POINT('',(-4.125E0,-5.5E0,1.615E1));
#3526=VERTEX_POINT('',#3524);
#3527=VERTEX_POINT('',#3525);
#3528=CARTESIAN_POINT('',(-4.625E0,-5.5E0,1.615E1));
#3529=VERTEX_POINT('',#3528);
#3530=CARTESIAN_POINT('',(-4.625E0,-5.25E0,1.64E1));
#3531=VERTEX_POINT('',#3530);
#3532=CARTESIAN_POINT('',(-4.625E0,-5.25E0,1.35E1));
#3533=CARTESIAN_POINT('',(-4.625E0,-5.5E0,1.375E1));
#3534=VERTEX_POINT('',#3532);
#3535=VERTEX_POINT('',#3533);
#3536=CARTESIAN_POINT('',(-4.125E0,-5.5E0,1.375E1));
#3537=VERTEX_POINT('',#3536);
#3538=CARTESIAN_POINT('',(-4.125E0,-5.25E0,1.35E1));
#3539=VERTEX_POINT('',#3538);
#3540=CARTESIAN_POINT('',(4.125E0,-5.25E0,1.35E1));
#3541=CARTESIAN_POINT('',(4.125E0,-5.5E0,1.375E1));
#3542=VERTEX_POINT('',#3540);
#3543=VERTEX_POINT('',#3541);
#3544=CARTESIAN_POINT('',(4.625E0,-5.5E0,1.375E1));
#3545=VERTEX_POINT('',#3544);
#3546=CARTESIAN_POINT('',(4.625E0,-5.25E0,1.35E1));
#3547=VERTEX_POINT('',#3546);
#3548=CARTESIAN_POINT('',(-4.125E0,-5.25E0,3.14E1));
#3549=CARTESIAN_POINT('',(-4.125E0,-5.5E0,3.115E1));
#3550=VERTEX_POINT('',#3548);
#3551=VERTEX_POINT('',#3549);
#3552=CARTESIAN_POINT('',(-4.625E0,-5.5E0,3.115E1));
#3553=VERTEX_POINT('',#3552);
#3554=CARTESIAN_POINT('',(-4.625E0,-5.25E0,3.14E1));
#3555=VERTEX_POINT('',#3554);
#3556=CARTESIAN_POINT('',(4.625E0,-3.25E0,3.75E1));
#3557=CARTESIAN_POINT('',(4.625E0,-3.5E0,3.725E1));
#3558=VERTEX_POINT('',#3556);
#3559=VERTEX_POINT('',#3557);
#3560=CARTESIAN_POINT('',(4.125E0,-3.5E0,3.725E1));
#3561=VERTEX_POINT('',#3560);
#3562=CARTESIAN_POINT('',(4.125E0,-3.25E0,3.75E1));
#3563=VERTEX_POINT('',#3562);
#3564=CARTESIAN_POINT('',(3.5E0,-3.E0,3.75E1));
#3565=CARTESIAN_POINT('',(3.75E0,-2.75E0,3.75E1));
#3566=VERTEX_POINT('',#3564);
#3567=VERTEX_POINT('',#3565);
#3568=CARTESIAN_POINT('',(3.75E0,-2.75E0,3.7E1));
#3569=VERTEX_POINT('',#3568);
#3570=CARTESIAN_POINT('',(3.5E0,-3.E0,3.7E1));
#3571=VERTEX_POINT('',#3570);
#3572=CARTESIAN_POINT('',(-3.75E0,-2.75E0,3.75E1));
#3573=CARTESIAN_POINT('',(-3.5E0,-3.E0,3.75E1));
#3574=VERTEX_POINT('',#3572);
#3575=VERTEX_POINT('',#3573);
#3576=CARTESIAN_POINT('',(-3.5E0,-3.E0,3.7E1));
#3577=VERTEX_POINT('',#3576);
#3578=CARTESIAN_POINT('',(-3.75E0,-2.75E0,3.7E1));
#3579=VERTEX_POINT('',#3578);
#3580=CARTESIAN_POINT('',(3.75E0,-2.75E0,-3.75E1));
#3581=CARTESIAN_POINT('',(3.5E0,-3.E0,-3.75E1));
#3582=VERTEX_POINT('',#3580);
#3583=VERTEX_POINT('',#3581);
#3584=CARTESIAN_POINT('',(3.5E0,-3.E0,-3.7E1));
#3585=VERTEX_POINT('',#3584);
#3586=CARTESIAN_POINT('',(3.75E0,-2.75E0,-3.7E1));
#3587=VERTEX_POINT('',#3586);
#3588=CARTESIAN_POINT('',(-3.5E0,-3.E0,-3.75E1));
#3589=CARTESIAN_POINT('',(-3.75E0,-2.75E0,-3.75E1));
#3590=VERTEX_POINT('',#3588);
#3591=VERTEX_POINT('',#3589);
#3592=CARTESIAN_POINT('',(-3.75E0,-2.75E0,-3.7E1));
#3593=VERTEX_POINT('',#3592);
#3594=CARTESIAN_POINT('',(-3.5E0,-3.E0,-3.7E1));
#3595=VERTEX_POINT('',#3594);
#3596=CARTESIAN_POINT('',(4.625E0,-3.5E0,-3.725E1));
#3597=CARTESIAN_POINT('',(4.625E0,-3.25E0,-3.75E1));
#3598=VERTEX_POINT('',#3596);
#3599=VERTEX_POINT('',#3597);
#3600=CARTESIAN_POINT('',(4.125E0,-3.25E0,-3.75E1));
#3601=VERTEX_POINT('',#3600);
#3602=CARTESIAN_POINT('',(4.125E0,-3.5E0,-3.725E1));
#3603=VERTEX_POINT('',#3602);
#3604=CARTESIAN_POINT('',(-4.625E0,-3.25E0,-3.75E1));
#3605=CARTESIAN_POINT('',(-4.625E0,-3.5E0,-3.725E1));
#3606=VERTEX_POINT('',#3604);
#3607=VERTEX_POINT('',#3605);
#3608=CARTESIAN_POINT('',(-4.125E0,-3.5E0,-3.725E1));
#3609=VERTEX_POINT('',#3608);
#3610=CARTESIAN_POINT('',(-4.125E0,-3.25E0,-3.75E1));
#3611=VERTEX_POINT('',#3610);
#3612=CARTESIAN_POINT('',(-4.625E0,-5.25E0,-3.14E1));
#3613=CARTESIAN_POINT('',(-4.625E0,-5.5E0,-3.115E1));
#3614=VERTEX_POINT('',#3612);
#3615=VERTEX_POINT('',#3613);
#3616=CARTESIAN_POINT('',(-4.125E0,-5.5E0,-3.115E1));
#3617=VERTEX_POINT('',#3616);
#3618=CARTESIAN_POINT('',(-4.125E0,-5.25E0,-3.14E1));
#3619=VERTEX_POINT('',#3618);
#3620=CARTESIAN_POINT('',(-4.125E0,-5.25E0,-2.85E1));
#3621=CARTESIAN_POINT('',(-4.125E0,-5.5E0,-2.875E1));
#3622=VERTEX_POINT('',#3620);
#3623=VERTEX_POINT('',#3621);
#3624=CARTESIAN_POINT('',(-4.625E0,-5.5E0,-2.875E1));
#3625=VERTEX_POINT('',#3624);
#3626=CARTESIAN_POINT('',(-4.625E0,-5.25E0,-2.85E1));
#3627=VERTEX_POINT('',#3626);
#3628=CARTESIAN_POINT('',(4.625E0,-5.25E0,-2.85E1));
#3629=CARTESIAN_POINT('',(4.625E0,-5.5E0,-2.875E1));
#3630=VERTEX_POINT('',#3628);
#3631=VERTEX_POINT('',#3629);
#3632=CARTESIAN_POINT('',(4.125E0,-5.5E0,-2.875E1));
#3633=VERTEX_POINT('',#3632);
#3634=CARTESIAN_POINT('',(4.125E0,-5.25E0,-2.85E1));
#3635=VERTEX_POINT('',#3634);
#3636=CARTESIAN_POINT('',(4.125E0,-5.25E0,-3.14E1));
#3637=CARTESIAN_POINT('',(4.125E0,-5.5E0,-3.115E1));
#3638=VERTEX_POINT('',#3636);
#3639=VERTEX_POINT('',#3637);
#3640=CARTESIAN_POINT('',(4.625E0,-5.5E0,-3.115E1));
#3641=VERTEX_POINT('',#3640);
#3642=CARTESIAN_POINT('',(4.625E0,-5.25E0,-3.14E1));
#3643=VERTEX_POINT('',#3642);
#3644=CARTESIAN_POINT('',(4.125E0,-5.25E0,-1.64E1));
#3645=CARTESIAN_POINT('',(4.125E0,-5.5E0,-1.615E1));
#3646=VERTEX_POINT('',#3644);
#3647=VERTEX_POINT('',#3645);
#3648=CARTESIAN_POINT('',(4.625E0,-5.5E0,-1.615E1));
#3649=VERTEX_POINT('',#3648);
#3650=CARTESIAN_POINT('',(4.625E0,-5.25E0,-1.64E1));
#3651=VERTEX_POINT('',#3650);
#3652=CARTESIAN_POINT('',(4.625E0,-5.25E0,-1.35E1));
#3653=CARTESIAN_POINT('',(4.625E0,-5.5E0,-1.375E1));
#3654=VERTEX_POINT('',#3652);
#3655=VERTEX_POINT('',#3653);
#3656=CARTESIAN_POINT('',(4.125E0,-5.5E0,-1.375E1));
#3657=VERTEX_POINT('',#3656);
#3658=CARTESIAN_POINT('',(4.125E0,-5.25E0,-1.35E1));
#3659=VERTEX_POINT('',#3658);
#3660=CARTESIAN_POINT('',(1.875E0,-6.7E0,6.E-1));
#3661=CARTESIAN_POINT('',(1.625E0,-6.7E0,3.5E-1));
#3662=VERTEX_POINT('',#3660);
#3663=VERTEX_POINT('',#3661);
#3664=CARTESIAN_POINT('',(1.625E0,-6.2E0,3.5E-1));
#3665=VERTEX_POINT('',#3664);
#3666=CARTESIAN_POINT('',(1.875E0,-6.2E0,6.E-1));
#3667=VERTEX_POINT('',#3666);
#3668=CARTESIAN_POINT('',(1.625E0,-6.7E0,-3.5E-1));
#3669=CARTESIAN_POINT('',(1.875E0,-6.7E0,-6.E-1));
#3670=VERTEX_POINT('',#3668);
#3671=VERTEX_POINT('',#3669);
#3672=CARTESIAN_POINT('',(1.875E0,-6.2E0,-6.E-1));
#3673=VERTEX_POINT('',#3672);
#3674=CARTESIAN_POINT('',(1.625E0,-6.2E0,-3.5E-1));
#3675=VERTEX_POINT('',#3674);
#3676=CARTESIAN_POINT('',(-1.625E0,-6.7E0,3.5E-1));
#3677=CARTESIAN_POINT('',(-1.875E0,-6.7E0,6.E-1));
#3678=VERTEX_POINT('',#3676);
#3679=VERTEX_POINT('',#3677);
#3680=CARTESIAN_POINT('',(-1.875E0,-6.2E0,6.E-1));
#3681=VERTEX_POINT('',#3680);
#3682=CARTESIAN_POINT('',(-1.625E0,-6.2E0,3.5E-1));
#3683=VERTEX_POINT('',#3682);
#3684=CARTESIAN_POINT('',(-1.875E0,-6.7E0,-6.E-1));
#3685=CARTESIAN_POINT('',(-1.625E0,-6.7E0,-3.5E-1));
#3686=VERTEX_POINT('',#3684);
#3687=VERTEX_POINT('',#3685);
#3688=CARTESIAN_POINT('',(-1.625E0,-6.2E0,-3.5E-1));
#3689=VERTEX_POINT('',#3688);
#3690=CARTESIAN_POINT('',(-1.875E0,-6.2E0,-6.E-1));
#3691=VERTEX_POINT('',#3690);
#3692=CARTESIAN_POINT('',(1.875E0,-6.7E0,-1.435E1));
#3693=CARTESIAN_POINT('',(1.625E0,-6.7E0,-1.46E1));
#3694=VERTEX_POINT('',#3692);
#3695=VERTEX_POINT('',#3693);
#3696=CARTESIAN_POINT('',(1.625E0,-6.2E0,-1.46E1));
#3697=VERTEX_POINT('',#3696);
#3698=CARTESIAN_POINT('',(1.875E0,-6.2E0,-1.435E1));
#3699=VERTEX_POINT('',#3698);
#3700=CARTESIAN_POINT('',(1.625E0,-6.7E0,-1.53E1));
#3701=CARTESIAN_POINT('',(1.875E0,-6.7E0,-1.555E1));
#3702=VERTEX_POINT('',#3700);
#3703=VERTEX_POINT('',#3701);
#3704=CARTESIAN_POINT('',(1.875E0,-6.2E0,-1.555E1));
#3705=VERTEX_POINT('',#3704);
#3706=CARTESIAN_POINT('',(1.625E0,-6.2E0,-1.53E1));
#3707=VERTEX_POINT('',#3706);
#3708=CARTESIAN_POINT('',(-1.625E0,-6.7E0,-1.46E1));
#3709=CARTESIAN_POINT('',(-1.875E0,-6.7E0,-1.435E1));
#3710=VERTEX_POINT('',#3708);
#3711=VERTEX_POINT('',#3709);
#3712=CARTESIAN_POINT('',(-1.875E0,-6.2E0,-1.435E1));
#3713=VERTEX_POINT('',#3712);
#3714=CARTESIAN_POINT('',(-1.625E0,-6.2E0,-1.46E1));
#3715=VERTEX_POINT('',#3714);
#3716=CARTESIAN_POINT('',(-1.875E0,-6.7E0,-1.555E1));
#3717=CARTESIAN_POINT('',(-1.625E0,-6.7E0,-1.53E1));
#3718=VERTEX_POINT('',#3716);
#3719=VERTEX_POINT('',#3717);
#3720=CARTESIAN_POINT('',(-1.625E0,-6.2E0,-1.53E1));
#3721=VERTEX_POINT('',#3720);
#3722=CARTESIAN_POINT('',(-1.875E0,-6.2E0,-1.555E1));
#3723=VERTEX_POINT('',#3722);
#3724=CARTESIAN_POINT('',(1.875E0,-6.7E0,-2.935E1));
#3725=CARTESIAN_POINT('',(1.625E0,-6.7E0,-2.96E1));
#3726=VERTEX_POINT('',#3724);
#3727=VERTEX_POINT('',#3725);
#3728=CARTESIAN_POINT('',(1.625E0,-6.2E0,-2.96E1));
#3729=VERTEX_POINT('',#3728);
#3730=CARTESIAN_POINT('',(1.875E0,-6.2E0,-2.935E1));
#3731=VERTEX_POINT('',#3730);
#3732=CARTESIAN_POINT('',(1.625E0,-6.7E0,-3.03E1));
#3733=CARTESIAN_POINT('',(1.875E0,-6.7E0,-3.055E1));
#3734=VERTEX_POINT('',#3732);
#3735=VERTEX_POINT('',#3733);
#3736=CARTESIAN_POINT('',(1.875E0,-6.2E0,-3.055E1));
#3737=VERTEX_POINT('',#3736);
#3738=CARTESIAN_POINT('',(1.625E0,-6.2E0,-3.03E1));
#3739=VERTEX_POINT('',#3738);
#3740=CARTESIAN_POINT('',(-1.625E0,-6.7E0,-2.96E1));
#3741=CARTESIAN_POINT('',(-1.875E0,-6.7E0,-2.935E1));
#3742=VERTEX_POINT('',#3740);
#3743=VERTEX_POINT('',#3741);
#3744=CARTESIAN_POINT('',(-1.875E0,-6.2E0,-2.935E1));
#3745=VERTEX_POINT('',#3744);
#3746=CARTESIAN_POINT('',(-1.625E0,-6.2E0,-2.96E1));
#3747=VERTEX_POINT('',#3746);
#3748=CARTESIAN_POINT('',(-1.875E0,-6.7E0,-3.055E1));
#3749=CARTESIAN_POINT('',(-1.625E0,-6.7E0,-3.03E1));
#3750=VERTEX_POINT('',#3748);
#3751=VERTEX_POINT('',#3749);
#3752=CARTESIAN_POINT('',(-1.625E0,-6.2E0,-3.03E1));
#3753=VERTEX_POINT('',#3752);
#3754=CARTESIAN_POINT('',(-1.875E0,-6.2E0,-3.055E1));
#3755=VERTEX_POINT('',#3754);
#3756=CARTESIAN_POINT('',(4.625E0,-5.25E0,3.14E1));
#3757=CARTESIAN_POINT('',(4.625E0,-5.5E0,3.115E1));
#3758=VERTEX_POINT('',#3756);
#3759=VERTEX_POINT('',#3757);
#3760=CARTESIAN_POINT('',(4.125E0,-5.5E0,3.115E1));
#3761=VERTEX_POINT('',#3760);
#3762=CARTESIAN_POINT('',(4.125E0,-5.25E0,3.14E1));
#3763=VERTEX_POINT('',#3762);
#3764=CARTESIAN_POINT('',(4.125E0,-5.25E0,2.85E1));
#3765=CARTESIAN_POINT('',(4.125E0,-5.5E0,2.875E1));
#3766=VERTEX_POINT('',#3764);
#3767=VERTEX_POINT('',#3765);
#3768=CARTESIAN_POINT('',(4.625E0,-5.5E0,2.875E1));
#3769=VERTEX_POINT('',#3768);
#3770=CARTESIAN_POINT('',(4.625E0,-5.25E0,2.85E1));
#3771=VERTEX_POINT('',#3770);
#3772=CARTESIAN_POINT('',(-4.625E0,-5.25E0,2.85E1));
#3773=CARTESIAN_POINT('',(-4.625E0,-5.5E0,2.875E1));
#3774=VERTEX_POINT('',#3772);
#3775=VERTEX_POINT('',#3773);
#3776=CARTESIAN_POINT('',(-4.125E0,-5.5E0,2.875E1));
#3777=VERTEX_POINT('',#3776);
#3778=CARTESIAN_POINT('',(-4.125E0,-5.25E0,2.85E1));
#3779=VERTEX_POINT('',#3778);
#3780=CARTESIAN_POINT('',(-4.625E0,-3.5E0,3.725E1));
#3781=CARTESIAN_POINT('',(-4.625E0,-3.25E0,3.75E1));
#3782=VERTEX_POINT('',#3780);
#3783=VERTEX_POINT('',#3781);
#3784=CARTESIAN_POINT('',(-4.125E0,-3.25E0,3.75E1));
#3785=VERTEX_POINT('',#3784);
#3786=CARTESIAN_POINT('',(-4.125E0,-3.5E0,3.725E1));
#3787=VERTEX_POINT('',#3786);
#3788=CARTESIAN_POINT('',(1.875E0,-6.7E0,3.055E1));
#3789=CARTESIAN_POINT('',(1.625E0,-6.7E0,3.03E1));
#3790=VERTEX_POINT('',#3788);
#3791=VERTEX_POINT('',#3789);
#3792=CARTESIAN_POINT('',(1.625E0,-6.2E0,3.03E1));
#3793=VERTEX_POINT('',#3792);
#3794=CARTESIAN_POINT('',(1.875E0,-6.2E0,3.055E1));
#3795=VERTEX_POINT('',#3794);
#3796=CARTESIAN_POINT('',(1.625E0,-6.7E0,2.96E1));
#3797=CARTESIAN_POINT('',(1.875E0,-6.7E0,2.935E1));
#3798=VERTEX_POINT('',#3796);
#3799=VERTEX_POINT('',#3797);
#3800=CARTESIAN_POINT('',(1.875E0,-6.2E0,2.935E1));
#3801=VERTEX_POINT('',#3800);
#3802=CARTESIAN_POINT('',(1.625E0,-6.2E0,2.96E1));
#3803=VERTEX_POINT('',#3802);
#3804=CARTESIAN_POINT('',(-1.625E0,-6.7E0,3.03E1));
#3805=CARTESIAN_POINT('',(-1.875E0,-6.7E0,3.055E1));
#3806=VERTEX_POINT('',#3804);
#3807=VERTEX_POINT('',#3805);
#3808=CARTESIAN_POINT('',(-1.875E0,-6.2E0,3.055E1));
#3809=VERTEX_POINT('',#3808);
#3810=CARTESIAN_POINT('',(-1.625E0,-6.2E0,3.03E1));
#3811=VERTEX_POINT('',#3810);
#3812=CARTESIAN_POINT('',(-1.875E0,-6.7E0,2.935E1));
#3813=CARTESIAN_POINT('',(-1.625E0,-6.7E0,2.96E1));
#3814=VERTEX_POINT('',#3812);
#3815=VERTEX_POINT('',#3813);
#3816=CARTESIAN_POINT('',(-1.625E0,-6.2E0,2.96E1));
#3817=VERTEX_POINT('',#3816);
#3818=CARTESIAN_POINT('',(-1.875E0,-6.2E0,2.935E1));
#3819=VERTEX_POINT('',#3818);
#3820=CARTESIAN_POINT('',(1.875E0,-6.7E0,1.555E1));
#3821=CARTESIAN_POINT('',(1.625E0,-6.7E0,1.53E1));
#3822=VERTEX_POINT('',#3820);
#3823=VERTEX_POINT('',#3821);
#3824=CARTESIAN_POINT('',(1.625E0,-6.2E0,1.53E1));
#3825=VERTEX_POINT('',#3824);
#3826=CARTESIAN_POINT('',(1.875E0,-6.2E0,1.555E1));
#3827=VERTEX_POINT('',#3826);
#3828=CARTESIAN_POINT('',(1.625E0,-6.7E0,1.46E1));
#3829=CARTESIAN_POINT('',(1.875E0,-6.7E0,1.435E1));
#3830=VERTEX_POINT('',#3828);
#3831=VERTEX_POINT('',#3829);
#3832=CARTESIAN_POINT('',(1.875E0,-6.2E0,1.435E1));
#3833=VERTEX_POINT('',#3832);
#3834=CARTESIAN_POINT('',(1.625E0,-6.2E0,1.46E1));
#3835=VERTEX_POINT('',#3834);
#3836=CARTESIAN_POINT('',(-1.625E0,-6.7E0,1.53E1));
#3837=CARTESIAN_POINT('',(-1.875E0,-6.7E0,1.555E1));
#3838=VERTEX_POINT('',#3836);
#3839=VERTEX_POINT('',#3837);
#3840=CARTESIAN_POINT('',(-1.875E0,-6.2E0,1.555E1));
#3841=VERTEX_POINT('',#3840);
#3842=CARTESIAN_POINT('',(-1.625E0,-6.2E0,1.53E1));
#3843=VERTEX_POINT('',#3842);
#3844=CARTESIAN_POINT('',(-1.875E0,-6.7E0,1.435E1));
#3845=CARTESIAN_POINT('',(-1.625E0,-6.7E0,1.46E1));
#3846=VERTEX_POINT('',#3844);
#3847=VERTEX_POINT('',#3845);
#3848=CARTESIAN_POINT('',(-1.625E0,-6.2E0,1.46E1));
#3849=VERTEX_POINT('',#3848);
#3850=CARTESIAN_POINT('',(-1.875E0,-6.2E0,1.435E1));
#3851=VERTEX_POINT('',#3850);
#3852=CARTESIAN_POINT('',(8.75E-1,0.E0,3.55E1));
#3853=CARTESIAN_POINT('',(-8.75E-1,0.E0,3.55E1));
#3854=VERTEX_POINT('',#3852);
#3855=VERTEX_POINT('',#3853);
#3856=CARTESIAN_POINT('',(8.75E-1,-5.E-1,3.55E1));
#3857=CARTESIAN_POINT('',(-8.75E-1,-5.E-1,3.55E1));
#3858=VERTEX_POINT('',#3856);
#3859=VERTEX_POINT('',#3857);
#3860=CARTESIAN_POINT('',(8.75E-1,0.E0,-3.55E1));
#3861=CARTESIAN_POINT('',(-8.75E-1,0.E0,-3.55E1));
#3862=VERTEX_POINT('',#3860);
#3863=VERTEX_POINT('',#3861);
#3864=CARTESIAN_POINT('',(8.75E-1,-5.E-1,-3.55E1));
#3865=CARTESIAN_POINT('',(-8.75E-1,-5.E-1,-3.55E1));
#3866=VERTEX_POINT('',#3864);
#3867=VERTEX_POINT('',#3865);
#3868=CARTESIAN_POINT('',(-2.4272E0,0.E0,3.75E1));
#3869=DIRECTION('',(0.E0,0.E0,1.E0));
#3870=DIRECTION('',(-1.E0,0.E0,0.E0));
#3871=AXIS2_PLACEMENT_3D('',#3868,#3869,#3870);
#3872=PLANE('',#3871);
#3874=ORIENTED_EDGE('',*,*,#3873,.F.);
#3876=ORIENTED_EDGE('',*,*,#3875,.F.);
#3878=ORIENTED_EDGE('',*,*,#3877,.F.);
#3880=ORIENTED_EDGE('',*,*,#3879,.F.);
#3882=ORIENTED_EDGE('',*,*,#3881,.F.);
#3884=ORIENTED_EDGE('',*,*,#3883,.F.);
#3886=ORIENTED_EDGE('',*,*,#3885,.T.);
#3888=ORIENTED_EDGE('',*,*,#3887,.F.);
#3890=ORIENTED_EDGE('',*,*,#3889,.T.);
#3892=ORIENTED_EDGE('',*,*,#3891,.F.);
#3894=ORIENTED_EDGE('',*,*,#3893,.F.);
#3896=ORIENTED_EDGE('',*,*,#3895,.F.);
#3897=EDGE_LOOP('',(#3874,#3876,#3878,#3880,#3882,#3884,#3886,#3888,#3890,#3892,
#3894,#3896));
#3898=FACE_OUTER_BOUND('',#3897,.F.);
#3899=ADVANCED_FACE('',(#3898),#3872,.T.);
#3900=CARTESIAN_POINT('',(3.5E0,-2.75E0,-1.147943339610E2));
#3901=DIRECTION('',(0.E0,0.E0,1.E0));
#3902=DIRECTION('',(0.E0,-1.E0,0.E0));
#3903=AXIS2_PLACEMENT_3D('',#3900,#3901,#3902);
#3904=CYLINDRICAL_SURFACE('',#3903,2.5E-1);
#3905=ORIENTED_EDGE('',*,*,#3873,.T.);
#3907=ORIENTED_EDGE('',*,*,#3906,.F.);
#3909=ORIENTED_EDGE('',*,*,#3908,.T.);
#3911=ORIENTED_EDGE('',*,*,#3910,.T.);
#3912=EDGE_LOOP('',(#3905,#3907,#3909,#3911));
#3913=FACE_OUTER_BOUND('',#3912,.F.);
#3914=ADVANCED_FACE('',(#3913),#3904,.T.);
#3915=CARTESIAN_POINT('',(3.75E0,-2.6E0,3.725E1));
#3916=DIRECTION('',(1.E0,0.E0,0.E0));
#3917=DIRECTION('',(0.E0,1.E0,0.E0));
#3918=AXIS2_PLACEMENT_3D('',#3915,#3916,#3917);
#3919=PLANE('',#3918);
#3920=ORIENTED_EDGE('',*,*,#3906,.T.);
#3921=ORIENTED_EDGE('',*,*,#3895,.T.);
#3923=ORIENTED_EDGE('',*,*,#3922,.T.);
#3925=ORIENTED_EDGE('',*,*,#3924,.F.);
#3926=EDGE_LOOP('',(#3920,#3921,#3923,#3925));
#3927=FACE_OUTER_BOUND('',#3926,.F.);
#3928=ADVANCED_FACE('',(#3927),#3919,.T.);
#3929=CARTESIAN_POINT('',(4.1875E0,-2.2E0,3.725E1));
#3930=DIRECTION('',(0.E0,-1.E0,0.E0));
#3931=DIRECTION('',(1.E0,0.E0,0.E0));
#3932=AXIS2_PLACEMENT_3D('',#3929,#3930,#3931);
#3933=PLANE('',#3932);
#3934=ORIENTED_EDGE('',*,*,#3893,.T.);
#3936=ORIENTED_EDGE('',*,*,#3935,.T.);
#3938=ORIENTED_EDGE('',*,*,#3937,.F.);
#3939=ORIENTED_EDGE('',*,*,#3922,.F.);
#3940=EDGE_LOOP('',(#3934,#3936,#3938,#3939));
#3941=FACE_OUTER_BOUND('',#3940,.F.);
#3942=ADVANCED_FACE('',(#3941),#3933,.T.);
#3943=CARTESIAN_POINT('',(4.625E0,-1.6E0,3.725E1));
#3944=DIRECTION('',(1.E0,0.E0,0.E0));
#3945=DIRECTION('',(0.E0,1.E0,0.E0));
#3946=AXIS2_PLACEMENT_3D('',#3943,#3944,#3945);
#3947=PLANE('',#3946);
#3948=ORIENTED_EDGE('',*,*,#3891,.T.);
#3950=ORIENTED_EDGE('',*,*,#3949,.T.);
#3952=ORIENTED_EDGE('',*,*,#3951,.F.);
#3953=ORIENTED_EDGE('',*,*,#3935,.F.);
#3954=EDGE_LOOP('',(#3948,#3950,#3952,#3953));
#3955=FACE_OUTER_BOUND('',#3954,.F.);
#3956=ADVANCED_FACE('',(#3955),#3947,.T.);
#3957=CARTESIAN_POINT('',(3.953125E0,-8.75E-1,3.725E1));
#3958=DIRECTION('',(-1.829079161830E-1,-9.831300494836E-1,0.E0));
#3959=DIRECTION('',(9.831300494836E-1,-1.829079161830E-1,0.E0));
#3960=AXIS2_PLACEMENT_3D('',#3957,#3958,#3959);
#3961=PLANE('',#3960);
#3962=ORIENTED_EDGE('',*,*,#3889,.F.);
#3964=ORIENTED_EDGE('',*,*,#3963,.T.);
#3966=ORIENTED_EDGE('',*,*,#3965,.T.);
#3967=ORIENTED_EDGE('',*,*,#3949,.F.);
#3968=EDGE_LOOP('',(#3962,#3964,#3966,#3967));
#3969=FACE_OUTER_BOUND('',#3968,.F.);
#3970=ADVANCED_FACE('',(#3969),#3961,.F.);
#3971=CARTESIAN_POINT('',(3.926082407632E0,1.108059672324E-1,3.663280262842E1));
#3972=CARTESIAN_POINT('',(3.926082407632E0,-1.328275976622E-1,
3.666597295312E1));
#3973=CARTESIAN_POINT('',(3.926082407632E0,-3.764611625569E-1,
3.669914327782E1));
#3974=CARTESIAN_POINT('',(3.926082407632E0,-6.200947274515E-1,
3.673231360251E1));
#3975=CARTESIAN_POINT('',(3.909097849970E0,1.161896754722E-1,3.667150986196E1));
#3976=CARTESIAN_POINT('',(3.909097849970E0,-1.289676381890E-1,
3.669372489400E1));
#3977=CARTESIAN_POINT('',(3.909097849970E0,-3.741249518502E-1,
3.671593992604E1));
#3978=CARTESIAN_POINT('',(3.909097849970E0,-6.192822655114E-1,
3.673815495807E1));
#3979=CARTESIAN_POINT('',(3.844255231971E0,1.264239293965E-1,3.682076398870E1));
#3980=CARTESIAN_POINT('',(3.844255231971E0,-1.216299810153E-1,
3.680073568559E1));
#3981=CARTESIAN_POINT('',(3.844255231971E0,-3.696838914271E-1,
3.678070738248E1));
#3982=CARTESIAN_POINT('',(3.844255231971E0,-6.177378018390E-1,
3.676067907936E1));
#3983=CARTESIAN_POINT('',(3.730384500262E0,7.648140485059E-2,3.708297209701E1));
#3984=CARTESIAN_POINT('',(3.730384500262E0,-1.574372930300E-1,
3.698873113901E1));
#3985=CARTESIAN_POINT('',(3.730384500262E0,-3.913559909107E-1,
3.689449018101E1));
#3986=CARTESIAN_POINT('',(3.730384500262E0,-6.252746887913E-1,
3.680024922301E1));
#3987=CARTESIAN_POINT('',(3.582097237941E0,-1.130282004216E-1,
3.737361731404E1));
#3988=CARTESIAN_POINT('',(3.582097237941E0,-2.933100713379E-1,
3.719711515777E1));
#3989=CARTESIAN_POINT('',(3.582097237941E0,-4.735919422543E-1,
3.702061300149E1));
#3990=CARTESIAN_POINT('',(3.582097237941E0,-6.538738131707E-1,
3.684411084522E1));
#3991=CARTESIAN_POINT('',(3.433576318551E0,-3.999000284703E-1,
3.757035513157E1));
#3992=CARTESIAN_POINT('',(3.433576318551E0,-4.989886818721E-1,
3.733817035034E1));
#3993=CARTESIAN_POINT('',(3.433576318551E0,-5.980773352739E-1,
3.710598556911E1));
#3994=CARTESIAN_POINT('',(3.433576318551E0,-6.971659886757E-1,
3.687380078788E1));
#3995=CARTESIAN_POINT('',(3.315338885475E0,-6.714529831223E-1,
3.762699553393E1));
#3996=CARTESIAN_POINT('',(3.315338885475E0,-6.936841135538E-1,
3.737877984252E1));
#3997=CARTESIAN_POINT('',(3.315338885475E0,-7.159152439853E-1,
3.713056415111E1));
#3998=CARTESIAN_POINT('',(3.315338885475E0,-7.381463744168E-1,
3.688234845969E1));
#3999=CARTESIAN_POINT('',(3.247047492643E0,-8.287519930429E-1,
3.761615983979E1));
#4000=CARTESIAN_POINT('',(3.247047492643E0,-8.064628482902E-1,
3.737101097051E1));
#4001=CARTESIAN_POINT('',(3.247047492643E0,-7.841737035376E-1,
3.712586210123E1));
#4002=CARTESIAN_POINT('',(3.247047492643E0,-7.618845587849E-1,
3.688071323195E1));
#4003=CARTESIAN_POINT('',(3.229886972513E0,-8.679779492864E-1,
3.761059103546E1));
#4004=CARTESIAN_POINT('',(3.229886972513E0,-8.345866979966E-1,
3.736701830262E1));
#4005=CARTESIAN_POINT('',(3.229886972513E0,-8.011954467068E-1,
3.712344556977E1));
#4006=CARTESIAN_POINT('',(3.229886972513E0,-7.678041954170E-1,
3.687987283693E1));
#4007=B_SPLINE_SURFACE_WITH_KNOTS('',3,3,((#3971,#3972,#3973,#3974),(#3975,
#3976,#3977,#3978),(#3979,#3980,#3981,#3982),(#3983,#3984,#3985,#3986),(#3987,
#3988,#3989,#3990),(#3991,#3992,#3993,#3994),(#3995,#3996,#3997,#3998),(#3999,
#4000,#4001,#4002),(#4003,#4004,#4005,#4006)),.UNSPECIFIED.,.F.,.F.,.F.,(4,1,1,
1,1,1,4),(4,4),(-8.900945843408E-2,0.E0,2.5E-1,5.E-1,7.5E-1,1.E0,
1.083661451047E0),(-2.377535101404E-1,1.237753510140E0),.UNSPECIFIED.);
#4009=ORIENTED_EDGE('',*,*,#4008,.F.);
#4011=ORIENTED_EDGE('',*,*,#4010,.T.);
#4013=ORIENTED_EDGE('',*,*,#4012,.T.);
#4014=ORIENTED_EDGE('',*,*,#3963,.F.);
#4015=EDGE_LOOP('',(#4009,#4011,#4013,#4014));
#4016=FACE_OUTER_BOUND('',#4015,.F.);
#4017=ADVANCED_FACE('',(#4016),#4007,.T.);
#4018=CARTESIAN_POINT('',(3.55E0,-7.5E-1,3.675E1));
#4019=DIRECTION('',(-1.E0,0.E0,0.E0));
#4020=DIRECTION('',(0.E0,0.E0,1.E0));
#4021=AXIS2_PLACEMENT_3D('',#4018,#4019,#4020);
#4022=CYLINDRICAL_SURFACE('',#4021,7.5E-1);
#4024=ORIENTED_EDGE('',*,*,#4023,.T.);
#4025=ORIENTED_EDGE('',*,*,#4008,.T.);
#4026=ORIENTED_EDGE('',*,*,#3887,.T.);
#4028=ORIENTED_EDGE('',*,*,#4027,.T.);
#4029=EDGE_LOOP('',(#4024,#4025,#4026,#4028));
#4030=FACE_OUTER_BOUND('',#4029,.F.);
#4031=ADVANCED_FACE('',(#4030),#4022,.T.);
#4032=CARTESIAN_POINT('',(0.E0,0.E0,0.E0));
#4033=DIRECTION('',(0.E0,1.E0,0.E0));
#4034=DIRECTION('',(0.E0,0.E0,-1.E0));
#4035=AXIS2_PLACEMENT_3D('',#4032,#4033,#4034);
#4036=PLANE('',#4035);
#4037=ORIENTED_EDGE('',*,*,#4023,.F.);
#4039=ORIENTED_EDGE('',*,*,#4038,.T.);
#4041=ORIENTED_EDGE('',*,*,#4040,.F.);
#4043=ORIENTED_EDGE('',*,*,#4042,.F.);
#4044=EDGE_LOOP('',(#4037,#4039,#4041,#4043));
#4045=FACE_OUTER_BOUND('',#4044,.F.);
#4047=ORIENTED_EDGE('',*,*,#4046,.F.);
#4049=ORIENTED_EDGE('',*,*,#4048,.F.);
#4051=ORIENTED_EDGE('',*,*,#4050,.F.);
#4053=ORIENTED_EDGE('',*,*,#4052,.F.);
#4054=EDGE_LOOP('',(#4047,#4049,#4051,#4053));
#4055=FACE_BOUND('',#4054,.F.);
#4057=ORIENTED_EDGE('',*,*,#4056,.T.);
#4059=ORIENTED_EDGE('',*,*,#4058,.T.);
#4060=EDGE_LOOP('',(#4057,#4059));
#4061=FACE_BOUND('',#4060,.F.);
#4063=ORIENTED_EDGE('',*,*,#4062,.T.);
#4065=ORIENTED_EDGE('',*,*,#4064,.T.);
#4066=EDGE_LOOP('',(#4063,#4065));
#4067=FACE_BOUND('',#4066,.F.);
#4068=ADVANCED_FACE('',(#4045,#4055,#4061,#4067),#4036,.T.);
#4069=CARTESIAN_POINT('',(-3.875E0,-7.5E-1,3.675E1));
#4070=DIRECTION('',(0.E0,0.E0,-1.E0));
#4071=DIRECTION('',(-1.E0,0.E0,0.E0));
#4072=AXIS2_PLACEMENT_3D('',#4069,#4070,#4071);
#4073=CYLINDRICAL_SURFACE('',#4072,7.5E-1);
#4075=ORIENTED_EDGE('',*,*,#4074,.T.);
#4077=ORIENTED_EDGE('',*,*,#4076,.T.);
#4078=ORIENTED_EDGE('',*,*,#4038,.F.);
#4080=ORIENTED_EDGE('',*,*,#4079,.F.);
#4081=EDGE_LOOP('',(#4075,#4077,#4078,#4080));
#4082=FACE_OUTER_BOUND('',#4081,.F.);
#4083=ADVANCED_FACE('',(#4082),#4073,.T.);
#4084=CARTESIAN_POINT('',(-4.625E0,0.E0,-1.92864E1));
#4085=DIRECTION('',(-1.E0,0.E0,0.E0));
#4086=DIRECTION('',(0.E0,0.E0,-1.E0));
#4087=AXIS2_PLACEMENT_3D('',#4084,#4085,#4086);
#4088=PLANE('',#4087);
#4090=ORIENTED_EDGE('',*,*,#4089,.F.);
#4092=ORIENTED_EDGE('',*,*,#4091,.T.);
#4094=ORIENTED_EDGE('',*,*,#4093,.F.);
#4096=ORIENTED_EDGE('',*,*,#4095,.T.);
#4098=ORIENTED_EDGE('',*,*,#4097,.T.);
#4100=ORIENTED_EDGE('',*,*,#4099,.T.);
#4102=ORIENTED_EDGE('',*,*,#4101,.F.);
#4104=ORIENTED_EDGE('',*,*,#4103,.F.);
#4106=ORIENTED_EDGE('',*,*,#4105,.F.);
#4108=ORIENTED_EDGE('',*,*,#4107,.F.);
#4110=ORIENTED_EDGE('',*,*,#4109,.F.);
#4112=ORIENTED_EDGE('',*,*,#4111,.T.);
#4114=ORIENTED_EDGE('',*,*,#4113,.F.);
#4116=ORIENTED_EDGE('',*,*,#4115,.T.);
#4118=ORIENTED_EDGE('',*,*,#4117,.T.);
#4120=ORIENTED_EDGE('',*,*,#4119,.T.);
#4122=ORIENTED_EDGE('',*,*,#4121,.F.);
#4124=ORIENTED_EDGE('',*,*,#4123,.F.);
#4126=ORIENTED_EDGE('',*,*,#4125,.F.);
#4128=ORIENTED_EDGE('',*,*,#4127,.F.);
#4130=ORIENTED_EDGE('',*,*,#4129,.F.);
#4132=ORIENTED_EDGE('',*,*,#4131,.F.);
#4134=ORIENTED_EDGE('',*,*,#4133,.F.);
#4135=ORIENTED_EDGE('',*,*,#4074,.F.);
#4137=ORIENTED_EDGE('',*,*,#4136,.F.);
#4139=ORIENTED_EDGE('',*,*,#4138,.F.);
#4141=ORIENTED_EDGE('',*,*,#4140,.F.);
#4143=ORIENTED_EDGE('',*,*,#4142,.F.);
#4145=ORIENTED_EDGE('',*,*,#4144,.F.);
#4147=ORIENTED_EDGE('',*,*,#4146,.F.);
#4149=ORIENTED_EDGE('',*,*,#4148,.F.);
#4151=ORIENTED_EDGE('',*,*,#4150,.T.);
#4153=ORIENTED_EDGE('',*,*,#4152,.F.);
#4155=ORIENTED_EDGE('',*,*,#4154,.F.);
#4157=ORIENTED_EDGE('',*,*,#4156,.T.);
#4159=ORIENTED_EDGE('',*,*,#4158,.T.);
#4161=ORIENTED_EDGE('',*,*,#4160,.F.);
#4163=ORIENTED_EDGE('',*,*,#4162,.F.);
#4165=ORIENTED_EDGE('',*,*,#4164,.F.);
#4167=ORIENTED_EDGE('',*,*,#4166,.F.);
#4169=ORIENTED_EDGE('',*,*,#4168,.F.);
#4171=ORIENTED_EDGE('',*,*,#4170,.T.);
#4173=ORIENTED_EDGE('',*,*,#4172,.F.);
#4175=ORIENTED_EDGE('',*,*,#4174,.F.);
#4177=ORIENTED_EDGE('',*,*,#4176,.T.);
#4179=ORIENTED_EDGE('',*,*,#4178,.T.);
#4181=ORIENTED_EDGE('',*,*,#4180,.F.);
#4183=ORIENTED_EDGE('',*,*,#4182,.F.);
#4185=ORIENTED_EDGE('',*,*,#4184,.F.);
#4187=ORIENTED_EDGE('',*,*,#4186,.F.);
#4189=ORIENTED_EDGE('',*,*,#4188,.F.);
#4191=ORIENTED_EDGE('',*,*,#4190,.T.);
#4193=ORIENTED_EDGE('',*,*,#4192,.F.);
#4195=ORIENTED_EDGE('',*,*,#4194,.F.);
#4197=ORIENTED_EDGE('',*,*,#4196,.T.);
#4199=ORIENTED_EDGE('',*,*,#4198,.T.);
#4201=ORIENTED_EDGE('',*,*,#4200,.F.);
#4203=ORIENTED_EDGE('',*,*,#4202,.F.);
#4205=ORIENTED_EDGE('',*,*,#4204,.F.);
#4207=ORIENTED_EDGE('',*,*,#4206,.F.);
#4208=EDGE_LOOP('',(#4090,#4092,#4094,#4096,#4098,#4100,#4102,#4104,#4106,#4108,
#4110,#4112,#4114,#4116,#4118,#4120,#4122,#4124,#4126,#4128,#4130,#4132,#4134,
#4135,#4137,#4139,#4141,#4143,#4145,#4147,#4149,#4151,#4153,#4155,#4157,#4159,
#4161,#4163,#4165,#4167,#4169,#4171,#4173,#4175,#4177,#4179,#4181,#4183,#4185,
#4187,#4189,#4191,#4193,#4195,#4197,#4199,#4201,#4203,#4205,#4207));
#4209=FACE_OUTER_BOUND('',#4208,.F.);
#4210=ADVANCED_FACE('',(#4209),#4088,.T.);
#4211=CARTESIAN_POINT('',(-1.66833E1,-5.25E0,-1.375E1));
#4212=DIRECTION('',(1.E0,0.E0,0.E0));
#4213=DIRECTION('',(0.E0,0.E0,1.E0));
#4214=AXIS2_PLACEMENT_3D('',#4211,#4212,#4213);
#4215=CYLINDRICAL_SURFACE('',#4214,2.5E-1);
#4217=ORIENTED_EDGE('',*,*,#4216,.T.);
#4219=ORIENTED_EDGE('',*,*,#4218,.F.);
#4220=ORIENTED_EDGE('',*,*,#4089,.T.);
#4222=ORIENTED_EDGE('',*,*,#4221,.T.);
#4223=EDGE_LOOP('',(#4217,#4219,#4220,#4222));
#4224=FACE_OUTER_BOUND('',#4223,.F.);
#4225=ADVANCED_FACE('',(#4224),#4215,.T.);
#4226=CARTESIAN_POINT('',(-4.125E0,0.E0,-1.92864E1));
#4227=DIRECTION('',(-1.E0,0.E0,0.E0));
#4228=DIRECTION('',(0.E0,0.E0,-1.E0));
#4229=AXIS2_PLACEMENT_3D('',#4226,#4227,#4228);
#4230=PLANE('',#4229);
#4231=ORIENTED_EDGE('',*,*,#4216,.F.);
#4233=ORIENTED_EDGE('',*,*,#4232,.T.);
#4235=ORIENTED_EDGE('',*,*,#4234,.T.);
#4237=ORIENTED_EDGE('',*,*,#4236,.T.);
#4239=ORIENTED_EDGE('',*,*,#4238,.F.);
#4241=ORIENTED_EDGE('',*,*,#4240,.F.);
#4243=ORIENTED_EDGE('',*,*,#4242,.F.);
#4245=ORIENTED_EDGE('',*,*,#4244,.T.);
#4247=ORIENTED_EDGE('',*,*,#4246,.T.);
#4249=ORIENTED_EDGE('',*,*,#4248,.F.);
#4251=ORIENTED_EDGE('',*,*,#4250,.F.);
#4253=ORIENTED_EDGE('',*,*,#4252,.T.);
#4255=ORIENTED_EDGE('',*,*,#4254,.T.);
#4257=ORIENTED_EDGE('',*,*,#4256,.T.);
#4259=ORIENTED_EDGE('',*,*,#4258,.F.);
#4261=ORIENTED_EDGE('',*,*,#4260,.F.);
#4263=ORIENTED_EDGE('',*,*,#4262,.F.);
#4265=ORIENTED_EDGE('',*,*,#4264,.T.);
#4267=ORIENTED_EDGE('',*,*,#4266,.T.);
#4269=ORIENTED_EDGE('',*,*,#4268,.F.);
#4271=ORIENTED_EDGE('',*,*,#4270,.F.);
#4273=ORIENTED_EDGE('',*,*,#4272,.T.);
#4275=ORIENTED_EDGE('',*,*,#4274,.T.);
#4277=ORIENTED_EDGE('',*,*,#4276,.T.);
#4279=ORIENTED_EDGE('',*,*,#4278,.F.);
#4281=ORIENTED_EDGE('',*,*,#4280,.F.);
#4283=ORIENTED_EDGE('',*,*,#4282,.F.);
#4285=ORIENTED_EDGE('',*,*,#4284,.T.);
#4287=ORIENTED_EDGE('',*,*,#4286,.T.);
#4289=ORIENTED_EDGE('',*,*,#4288,.F.);
#4291=ORIENTED_EDGE('',*,*,#4290,.F.);
#4293=ORIENTED_EDGE('',*,*,#4292,.T.);
#4295=ORIENTED_EDGE('',*,*,#4294,.T.);
#4297=ORIENTED_EDGE('',*,*,#4296,.F.);
#4299=ORIENTED_EDGE('',*,*,#4298,.T.);
#4301=ORIENTED_EDGE('',*,*,#4300,.T.);
#4303=ORIENTED_EDGE('',*,*,#4302,.T.);
#4305=ORIENTED_EDGE('',*,*,#4304,.T.);
#4307=ORIENTED_EDGE('',*,*,#4306,.T.);
#4309=ORIENTED_EDGE('',*,*,#4308,.T.);
#4311=ORIENTED_EDGE('',*,*,#4310,.T.);
#4313=ORIENTED_EDGE('',*,*,#4312,.F.);
#4315=ORIENTED_EDGE('',*,*,#4314,.T.);
#4317=ORIENTED_EDGE('',*,*,#4316,.T.);
#4319=ORIENTED_EDGE('',*,*,#4318,.F.);
#4321=ORIENTED_EDGE('',*,*,#4320,.F.);
#4323=ORIENTED_EDGE('',*,*,#4322,.F.);
#4325=ORIENTED_EDGE('',*,*,#4324,.F.);
#4327=ORIENTED_EDGE('',*,*,#4326,.T.);
#4329=ORIENTED_EDGE('',*,*,#4328,.F.);
#4331=ORIENTED_EDGE('',*,*,#4330,.F.);
#4333=ORIENTED_EDGE('',*,*,#4332,.T.);
#4335=ORIENTED_EDGE('',*,*,#4334,.T.);
#4337=ORIENTED_EDGE('',*,*,#4336,.T.);
#4339=ORIENTED_EDGE('',*,*,#4338,.F.);
#4341=ORIENTED_EDGE('',*,*,#4340,.F.);
#4343=ORIENTED_EDGE('',*,*,#4342,.F.);
#4345=ORIENTED_EDGE('',*,*,#4344,.F.);
#4347=ORIENTED_EDGE('',*,*,#4346,.T.);
#4349=ORIENTED_EDGE('',*,*,#4348,.F.);
#4350=EDGE_LOOP('',(#4231,#4233,#4235,#4237,#4239,#4241,#4243,#4245,#4247,#4249,
#4251,#4253,#4255,#4257,#4259,#4261,#4263,#4265,#4267,#4269,#4271,#4273,#4275,
#4277,#4279,#4281,#4283,#4285,#4287,#4289,#4291,#4293,#4295,#4297,#4299,#4301,
#4303,#4305,#4307,#4309,#4311,#4313,#4315,#4317,#4319,#4321,#4323,#4325,#4327,
#4329,#4331,#4333,#4335,#4337,#4339,#4341,#4343,#4345,#4347,#4349));
#4351=FACE_OUTER_BOUND('',#4350,.F.);
#4352=ADVANCED_FACE('',(#4351),#4230,.F.);
#4353=CARTESIAN_POINT('',(-4.375E0,-5.1E0,-1.35E1));
#4354=DIRECTION('',(0.E0,0.E0,1.E0));
#4355=DIRECTION('',(0.E0,1.E0,0.E0));
#4356=AXIS2_PLACEMENT_3D('',#4353,#4354,#4355);
#4357=PLANE('',#4356);
#4358=ORIENTED_EDGE('',*,*,#4221,.F.);
#4359=ORIENTED_EDGE('',*,*,#4206,.T.);
#4361=ORIENTED_EDGE('',*,*,#4360,.T.);
#4362=ORIENTED_EDGE('',*,*,#4232,.F.);
#4363=EDGE_LOOP('',(#4358,#4359,#4361,#4362));
#4364=FACE_OUTER_BOUND('',#4363,.F.);
#4365=ADVANCED_FACE('',(#4364),#4357,.T.);
#4366=CARTESIAN_POINT('',(-4.375E0,-3.5E0,-7.475E0));
#4367=DIRECTION('',(0.E0,-1.E0,0.E0));
#4368=DIRECTION('',(0.E0,0.E0,1.E0));
#4369=AXIS2_PLACEMENT_3D('',#4366,#4367,#4368);
#4370=PLANE('',#4369);
#4372=ORIENTED_EDGE('',*,*,#4371,.T.);
#4373=ORIENTED_EDGE('',*,*,#4234,.F.);
#4374=ORIENTED_EDGE('',*,*,#4360,.F.);
#4375=ORIENTED_EDGE('',*,*,#4204,.T.);
#4376=EDGE_LOOP('',(#4372,#4373,#4374,#4375));
#4377=FACE_OUTER_BOUND('',#4376,.F.);
#4378=ADVANCED_FACE('',(#4377),#4370,.T.);
#4379=CARTESIAN_POINT('',(-4.375E0,-5.1E0,-2.225E0));
#4380=DIRECTION('',(0.E0,0.E0,-1.E0));
#4381=DIRECTION('',(0.E0,-1.E0,0.E0));
#4382=AXIS2_PLACEMENT_3D('',#4379,#4380,#4381);
#4383=PLANE('',#4382);
#4385=ORIENTED_EDGE('',*,*,#4384,.F.);
#4386=ORIENTED_EDGE('',*,*,#4236,.F.);
#4387=ORIENTED_EDGE('',*,*,#4371,.F.);
#4388=ORIENTED_EDGE('',*,*,#4202,.T.);
#4389=EDGE_LOOP('',(#4385,#4386,#4387,#4388));
#4390=FACE_OUTER_BOUND('',#4389,.F.);
#4391=ADVANCED_FACE('',(#4390),#4383,.T.);
#4392=CARTESIAN_POINT('',(1.66833E1,-5.25E0,-1.975E0));
#4393=DIRECTION('',(-1.E0,0.E0,0.E0));
#4394=DIRECTION('',(0.E0,0.E0,-1.E0));
#4395=AXIS2_PLACEMENT_3D('',#4392,#4393,#4394);
#4396=CYLINDRICAL_SURFACE('',#4395,2.5E-1);
#4397=ORIENTED_EDGE('',*,*,#4200,.T.);
#4399=ORIENTED_EDGE('',*,*,#4398,.F.);
#4400=ORIENTED_EDGE('',*,*,#4238,.T.);
#4401=ORIENTED_EDGE('',*,*,#4384,.T.);
#4402=EDGE_LOOP('',(#4397,#4399,#4400,#4401));
#4403=FACE_OUTER_BOUND('',#4402,.F.);
#4404=ADVANCED_FACE('',(#4403),#4396,.T.);
#4405=CARTESIAN_POINT('',(-4.625E0,-5.5E0,-6.E-1));
#4406=DIRECTION('',(0.E0,1.E0,0.E0));
#4407=DIRECTION('',(0.E0,0.E0,-1.E0));
#4408=AXIS2_PLACEMENT_3D('',#4405,#4406,#4407);
#4409=PLANE('',#4408);
#4410=ORIENTED_EDGE('',*,*,#4398,.T.);
#4411=ORIENTED_EDGE('',*,*,#4198,.F.);
#4413=ORIENTED_EDGE('',*,*,#4412,.T.);
#4414=ORIENTED_EDGE('',*,*,#4240,.T.);
#4415=EDGE_LOOP('',(#4410,#4411,#4413,#4414));
#4416=FACE_OUTER_BOUND('',#4415,.F.);
#4417=ADVANCED_FACE('',(#4416),#4409,.F.);
#4418=CARTESIAN_POINT('',(-4.625E0,-5.5E0,-6.E-1));
#4419=DIRECTION('',(0.E0,1.E0,0.E0));
#4420=DIRECTION('',(0.E0,0.E0,-1.E0));
#4421=AXIS2_PLACEMENT_3D('',#4418,#4419,#4420);
#4422=PLANE('',#4421);
#4424=ORIENTED_EDGE('',*,*,#4423,.T.);
#4426=ORIENTED_EDGE('',*,*,#4425,.F.);
#4428=ORIENTED_EDGE('',*,*,#4427,.T.);
#4430=ORIENTED_EDGE('',*,*,#4429,.T.);
#4431=EDGE_LOOP('',(#4424,#4426,#4428,#4430));
#4432=FACE_OUTER_BOUND('',#4431,.F.);
#4433=ADVANCED_FACE('',(#4432),#4422,.F.);
#4434=CARTESIAN_POINT('',(-4.625E0,-6.7E0,-6.E-1));
#4435=DIRECTION('',(0.E0,0.E0,1.E0));
#4436=DIRECTION('',(0.E0,1.E0,0.E0));
#4437=AXIS2_PLACEMENT_3D('',#4434,#4435,#4436);
#4438=PLANE('',#4437);
#4440=ORIENTED_EDGE('',*,*,#4439,.T.);
#4441=ORIENTED_EDGE('',*,*,#4242,.T.);
#4442=ORIENTED_EDGE('',*,*,#4412,.F.);
#4443=ORIENTED_EDGE('',*,*,#4196,.F.);
#4444=EDGE_LOOP('',(#4440,#4441,#4442,#4443));
#4445=FACE_OUTER_BOUND('',#4444,.F.);
#4446=ADVANCED_FACE('',(#4445),#4438,.F.);
#4447=CARTESIAN_POINT('',(-4.155330085890E0,-6.230330085890E0,-6.E-1));
#4448=DIRECTION('',(0.E0,0.E0,1.E0));
#4449=DIRECTION('',(-1.E0,0.E0,0.E0));
#4450=AXIS2_PLACEMENT_3D('',#4447,#4448,#4449);
#4451=PLANE('',#4450);
#4453=ORIENTED_EDGE('',*,*,#4452,.F.);
#4455=ORIENTED_EDGE('',*,*,#4454,.T.);
#4457=ORIENTED_EDGE('',*,*,#4456,.T.);
#4458=ORIENTED_EDGE('',*,*,#4439,.F.);
#4459=EDGE_LOOP('',(#4453,#4455,#4457,#4458));
#4460=FACE_OUTER_BOUND('',#4459,.F.);
#4461=ADVANCED_FACE('',(#4460),#4451,.F.);
#4462=CARTESIAN_POINT('',(-3.625E0,-5.7E0,-6.E-1));
#4463=DIRECTION('',(0.E0,0.E0,-1.E0));
#4464=DIRECTION('',(0.E0,-1.E0,0.E0));
#4465=AXIS2_PLACEMENT_3D('',#4462,#4463,#4464);
#4466=CYLINDRICAL_SURFACE('',#4465,1.E0);
#4468=ORIENTED_EDGE('',*,*,#4467,.F.);
#4469=ORIENTED_EDGE('',*,*,#4452,.T.);
#4470=ORIENTED_EDGE('',*,*,#4194,.T.);
#4472=ORIENTED_EDGE('',*,*,#4471,.F.);
#4473=EDGE_LOOP('',(#4468,#4469,#4470,#4472));
#4474=FACE_OUTER_BOUND('',#4473,.F.);
#4475=ADVANCED_FACE('',(#4474),#4466,.T.);
#4476=CARTESIAN_POINT('',(-4.625E0,-6.7E0,6.E-1));
#4477=DIRECTION('',(0.E0,1.E0,0.E0));
#4478=DIRECTION('',(0.E0,0.E0,1.E0));
#4479=AXIS2_PLACEMENT_3D('',#4476,#4477,#4478);
#4480=PLANE('',#4479);
#4482=ORIENTED_EDGE('',*,*,#4481,.F.);
#4484=ORIENTED_EDGE('',*,*,#4483,.T.);
#4486=ORIENTED_EDGE('',*,*,#4485,.F.);
#4488=ORIENTED_EDGE('',*,*,#4487,.T.);
#4489=ORIENTED_EDGE('',*,*,#4467,.T.);
#4491=ORIENTED_EDGE('',*,*,#4490,.T.);
#4492=EDGE_LOOP('',(#4482,#4484,#4486,#4488,#4489,#4491));
#4493=FACE_OUTER_BOUND('',#4492,.F.);
#4494=ADVANCED_FACE('',(#4493),#4480,.F.);
#4495=CARTESIAN_POINT('',(-1.875E0,8.962314616E0,3.5E-1));
#4496=DIRECTION('',(0.E0,-1.E0,0.E0));
#4497=DIRECTION('',(1.E0,0.E0,0.E0));
#4498=AXIS2_PLACEMENT_3D('',#4495,#4496,#4497);
#4499=CYLINDRICAL_SURFACE('',#4498,2.5E-1);
#4500=ORIENTED_EDGE('',*,*,#4481,.T.);
#4502=ORIENTED_EDGE('',*,*,#4501,.F.);
#4504=ORIENTED_EDGE('',*,*,#4503,.T.);
#4506=ORIENTED_EDGE('',*,*,#4505,.T.);
#4507=EDGE_LOOP('',(#4500,#4502,#4504,#4506));
#4508=FACE_OUTER_BOUND('',#4507,.F.);
#4509=ADVANCED_FACE('',(#4508),#4499,.T.);
#4510=CARTESIAN_POINT('',(-2.625E0,-6.45E0,6.E-1));
#4511=DIRECTION('',(0.E0,0.E0,-1.E0));
#4512=DIRECTION('',(1.E0,0.E0,0.E0));
#4513=AXIS2_PLACEMENT_3D('',#4510,#4511,#4512);
#4514=PLANE('',#4513);
#4515=ORIENTED_EDGE('',*,*,#4501,.T.);
#4516=ORIENTED_EDGE('',*,*,#4490,.F.);
#4518=ORIENTED_EDGE('',*,*,#4517,.T.);
#4520=ORIENTED_EDGE('',*,*,#4519,.T.);
#4521=EDGE_LOOP('',(#4515,#4516,#4518,#4520));
#4522=FACE_OUTER_BOUND('',#4521,.F.);
#4523=ADVANCED_FACE('',(#4522),#4514,.F.);
#4524=CARTESIAN_POINT('',(-4.155330085890E0,-6.230330085890E0,6.E-1));
#4525=DIRECTION('',(0.E0,0.E0,1.E0));
#4526=DIRECTION('',(-1.E0,0.E0,0.E0));
#4527=AXIS2_PLACEMENT_3D('',#4524,#4525,#4526);
#4528=PLANE('',#4527);
#4529=ORIENTED_EDGE('',*,*,#4471,.T.);
#4531=ORIENTED_EDGE('',*,*,#4530,.T.);
#4533=ORIENTED_EDGE('',*,*,#4532,.F.);
#4534=ORIENTED_EDGE('',*,*,#4517,.F.);
#4535=EDGE_LOOP('',(#4529,#4531,#4533,#4534));
#4536=FACE_OUTER_BOUND('',#4535,.F.);
#4537=ADVANCED_FACE('',(#4536),#4528,.T.);
#4538=CARTESIAN_POINT('',(-4.625E0,-5.5E0,6.E-1));
#4539=DIRECTION('',(0.E0,0.E0,-1.E0));
#4540=DIRECTION('',(0.E0,-1.E0,0.E0));
#4541=AXIS2_PLACEMENT_3D('',#4538,#4539,#4540);
#4542=PLANE('',#4541);
#4543=ORIENTED_EDGE('',*,*,#4530,.F.);
#4544=ORIENTED_EDGE('',*,*,#4192,.T.);
#4546=ORIENTED_EDGE('',*,*,#4545,.T.);
#4547=ORIENTED_EDGE('',*,*,#4246,.F.);
#4548=EDGE_LOOP('',(#4543,#4544,#4546,#4547));
#4549=FACE_OUTER_BOUND('',#4548,.F.);
#4550=ADVANCED_FACE('',(#4549),#4542,.F.);
#4551=CARTESIAN_POINT('',(-4.625E0,-5.5E0,2.225E0));
#4552=DIRECTION('',(0.E0,1.E0,0.E0));
#4553=DIRECTION('',(0.E0,0.E0,-1.E0));
#4554=AXIS2_PLACEMENT_3D('',#4551,#4552,#4553);
#4555=PLANE('',#4554);
#4557=ORIENTED_EDGE('',*,*,#4556,.T.);
#4559=ORIENTED_EDGE('',*,*,#4558,.T.);
#4561=ORIENTED_EDGE('',*,*,#4560,.F.);
#4563=ORIENTED_EDGE('',*,*,#4562,.F.);
#4564=EDGE_LOOP('',(#4557,#4559,#4561,#4563));
#4565=FACE_OUTER_BOUND('',#4564,.F.);
#4566=ADVANCED_FACE('',(#4565),#4555,.F.);
#4567=CARTESIAN_POINT('',(-4.625E0,-5.5E0,2.225E0));
#4568=DIRECTION('',(0.E0,1.E0,0.E0));
#4569=DIRECTION('',(0.E0,0.E0,-1.E0));
#4570=AXIS2_PLACEMENT_3D('',#4567,#4568,#4569);
#4571=PLANE('',#4570);
#4573=ORIENTED_EDGE('',*,*,#4572,.T.);
#4574=ORIENTED_EDGE('',*,*,#4248,.T.);
#4575=ORIENTED_EDGE('',*,*,#4545,.F.);
#4576=ORIENTED_EDGE('',*,*,#4190,.F.);
#4577=EDGE_LOOP('',(#4573,#4574,#4575,#4576));
#4578=FACE_OUTER_BOUND('',#4577,.F.);
#4579=ADVANCED_FACE('',(#4578),#4571,.F.);
#4580=CARTESIAN_POINT('',(-1.66833E1,-5.25E0,1.2E0));
#4581=DIRECTION('',(1.E0,0.E0,0.E0));
#4582=DIRECTION('',(0.E0,0.E0,1.E0));
#4583=AXIS2_PLACEMENT_3D('',#4580,#4581,#4582);
#4584=CYLINDRICAL_SURFACE('',#4583,2.5E-1);
#4586=ORIENTED_EDGE('',*,*,#4585,.T.);
#4587=ORIENTED_EDGE('',*,*,#4556,.F.);
#4589=ORIENTED_EDGE('',*,*,#4588,.T.);
#4591=ORIENTED_EDGE('',*,*,#4590,.T.);
#4592=EDGE_LOOP('',(#4586,#4587,#4589,#4591));
#4593=FACE_OUTER_BOUND('',#4592,.F.);
#4594=ADVANCED_FACE('',(#4593),#4584,.T.);
#4595=CARTESIAN_POINT('',(4.625E0,0.E0,-1.92864E1));
#4596=DIRECTION('',(-1.E0,0.E0,0.E0));
#4597=DIRECTION('',(0.E0,0.E0,-1.E0));
#4598=AXIS2_PLACEMENT_3D('',#4595,#4596,#4597);
#4599=PLANE('',#4598);
#4601=ORIENTED_EDGE('',*,*,#4600,.F.);
#4602=ORIENTED_EDGE('',*,*,#4429,.F.);
#4604=ORIENTED_EDGE('',*,*,#4603,.F.);
#4606=ORIENTED_EDGE('',*,*,#4605,.T.);
#4608=ORIENTED_EDGE('',*,*,#4607,.T.);
#4609=ORIENTED_EDGE('',*,*,#4558,.F.);
#4610=ORIENTED_EDGE('',*,*,#4585,.F.);
#4612=ORIENTED_EDGE('',*,*,#4611,.T.);
#4614=ORIENTED_EDGE('',*,*,#4613,.T.);
#4616=ORIENTED_EDGE('',*,*,#4615,.T.);
#4618=ORIENTED_EDGE('',*,*,#4617,.F.);
#4620=ORIENTED_EDGE('',*,*,#4619,.F.);
#4622=ORIENTED_EDGE('',*,*,#4621,.F.);
#4624=ORIENTED_EDGE('',*,*,#4623,.T.);
#4626=ORIENTED_EDGE('',*,*,#4625,.T.);
#4628=ORIENTED_EDGE('',*,*,#4627,.F.);
#4630=ORIENTED_EDGE('',*,*,#4629,.F.);
#4632=ORIENTED_EDGE('',*,*,#4631,.T.);
#4634=ORIENTED_EDGE('',*,*,#4633,.T.);
#4636=ORIENTED_EDGE('',*,*,#4635,.T.);
#4638=ORIENTED_EDGE('',*,*,#4637,.F.);
#4640=ORIENTED_EDGE('',*,*,#4639,.F.);
#4642=ORIENTED_EDGE('',*,*,#4641,.F.);
#4644=ORIENTED_EDGE('',*,*,#4643,.T.);
#4646=ORIENTED_EDGE('',*,*,#4645,.T.);
#4648=ORIENTED_EDGE('',*,*,#4647,.F.);
#4650=ORIENTED_EDGE('',*,*,#4649,.F.);
#4652=ORIENTED_EDGE('',*,*,#4651,.T.);
#4654=ORIENTED_EDGE('',*,*,#4653,.T.);
#4656=ORIENTED_EDGE('',*,*,#4655,.F.);
#4658=ORIENTED_EDGE('',*,*,#4657,.T.);
#4660=ORIENTED_EDGE('',*,*,#4659,.T.);
#4662=ORIENTED_EDGE('',*,*,#4661,.T.);
#4664=ORIENTED_EDGE('',*,*,#4663,.T.);
#4666=ORIENTED_EDGE('',*,*,#4665,.T.);
#4668=ORIENTED_EDGE('',*,*,#4667,.T.);
#4670=ORIENTED_EDGE('',*,*,#4669,.T.);
#4672=ORIENTED_EDGE('',*,*,#4671,.F.);
#4674=ORIENTED_EDGE('',*,*,#4673,.T.);
#4676=ORIENTED_EDGE('',*,*,#4675,.T.);
#4678=ORIENTED_EDGE('',*,*,#4677,.F.);
#4680=ORIENTED_EDGE('',*,*,#4679,.F.);
#4682=ORIENTED_EDGE('',*,*,#4681,.F.);
#4684=ORIENTED_EDGE('',*,*,#4683,.F.);
#4686=ORIENTED_EDGE('',*,*,#4685,.T.);
#4688=ORIENTED_EDGE('',*,*,#4687,.F.);
#4690=ORIENTED_EDGE('',*,*,#4689,.F.);
#4692=ORIENTED_EDGE('',*,*,#4691,.T.);
#4694=ORIENTED_EDGE('',*,*,#4693,.T.);
#4696=ORIENTED_EDGE('',*,*,#4695,.T.);
#4698=ORIENTED_EDGE('',*,*,#4697,.F.);
#4700=ORIENTED_EDGE('',*,*,#4699,.F.);
#4702=ORIENTED_EDGE('',*,*,#4701,.F.);
#4704=ORIENTED_EDGE('',*,*,#4703,.F.);
#4706=ORIENTED_EDGE('',*,*,#4705,.T.);
#4708=ORIENTED_EDGE('',*,*,#4707,.F.);
#4710=ORIENTED_EDGE('',*,*,#4709,.F.);
#4712=ORIENTED_EDGE('',*,*,#4711,.T.);
#4714=ORIENTED_EDGE('',*,*,#4713,.T.);
#4716=ORIENTED_EDGE('',*,*,#4715,.T.);
#4717=EDGE_LOOP('',(#4601,#4602,#4604,#4606,#4608,#4609,#4610,#4612,#4614,#4616,
#4618,#4620,#4622,#4624,#4626,#4628,#4630,#4632,#4634,#4636,#4638,#4640,#4642,
#4644,#4646,#4648,#4650,#4652,#4654,#4656,#4658,#4660,#4662,#4664,#4666,#4668,
#4670,#4672,#4674,#4676,#4678,#4680,#4682,#4684,#4686,#4688,#4690,#4692,#4694,
#4696,#4698,#4700,#4702,#4704,#4706,#4708,#4710,#4712,#4714,#4716));
#4718=FACE_OUTER_BOUND('',#4717,.F.);
#4719=ADVANCED_FACE('',(#4718),#4599,.F.);
#4720=CARTESIAN_POINT('',(1.66833E1,-5.25E0,-1.2E0));
#4721=DIRECTION('',(-1.E0,0.E0,0.E0));
#4722=DIRECTION('',(0.E0,0.E0,-1.E0));
#4723=AXIS2_PLACEMENT_3D('',#4720,#4721,#4722);
#4724=CYLINDRICAL_SURFACE('',#4723,2.5E-1);
#4726=ORIENTED_EDGE('',*,*,#4725,.T.);
#4727=ORIENTED_EDGE('',*,*,#4423,.F.);
#4728=ORIENTED_EDGE('',*,*,#4600,.T.);
#4730=ORIENTED_EDGE('',*,*,#4729,.T.);
#4731=EDGE_LOOP('',(#4726,#4727,#4728,#4730));
#4732=FACE_OUTER_BOUND('',#4731,.F.);
#4733=ADVANCED_FACE('',(#4732),#4724,.T.);
#4734=CARTESIAN_POINT('',(4.125E0,0.E0,-1.92864E1));
#4735=DIRECTION('',(-1.E0,0.E0,0.E0));
#4736=DIRECTION('',(0.E0,0.E0,-1.E0));
#4737=AXIS2_PLACEMENT_3D('',#4734,#4735,#4736);
#4738=PLANE('',#4737);
#4739=ORIENTED_EDGE('',*,*,#4725,.F.);
#4741=ORIENTED_EDGE('',*,*,#4740,.F.);
#4743=ORIENTED_EDGE('',*,*,#4742,.F.);
#4745=ORIENTED_EDGE('',*,*,#4744,.F.);
#4747=ORIENTED_EDGE('',*,*,#4746,.F.);
#4749=ORIENTED_EDGE('',*,*,#4748,.T.);
#4751=ORIENTED_EDGE('',*,*,#4750,.F.);
#4753=ORIENTED_EDGE('',*,*,#4752,.T.);
#4755=ORIENTED_EDGE('',*,*,#4754,.T.);
#4757=ORIENTED_EDGE('',*,*,#4756,.T.);
#4759=ORIENTED_EDGE('',*,*,#4758,.F.);
#4761=ORIENTED_EDGE('',*,*,#4760,.F.);
#4763=ORIENTED_EDGE('',*,*,#4762,.F.);
#4765=ORIENTED_EDGE('',*,*,#4764,.F.);
#4767=ORIENTED_EDGE('',*,*,#4766,.F.);
#4769=ORIENTED_EDGE('',*,*,#4768,.T.);
#4771=ORIENTED_EDGE('',*,*,#4770,.F.);
#4773=ORIENTED_EDGE('',*,*,#4772,.T.);
#4775=ORIENTED_EDGE('',*,*,#4774,.T.);
#4777=ORIENTED_EDGE('',*,*,#4776,.T.);
#4779=ORIENTED_EDGE('',*,*,#4778,.F.);
#4781=ORIENTED_EDGE('',*,*,#4780,.F.);
#4783=ORIENTED_EDGE('',*,*,#4782,.F.);
#4785=ORIENTED_EDGE('',*,*,#4784,.F.);
#4787=ORIENTED_EDGE('',*,*,#4786,.F.);
#4789=ORIENTED_EDGE('',*,*,#4788,.F.);
#4791=ORIENTED_EDGE('',*,*,#4790,.F.);
#4793=ORIENTED_EDGE('',*,*,#4792,.F.);
#4795=ORIENTED_EDGE('',*,*,#4794,.F.);
#4797=ORIENTED_EDGE('',*,*,#4796,.F.);
#4799=ORIENTED_EDGE('',*,*,#4798,.F.);
#4801=ORIENTED_EDGE('',*,*,#4800,.F.);
#4803=ORIENTED_EDGE('',*,*,#4802,.F.);
#4805=ORIENTED_EDGE('',*,*,#4804,.F.);
#4807=ORIENTED_EDGE('',*,*,#4806,.F.);
#4809=ORIENTED_EDGE('',*,*,#4808,.T.);
#4811=ORIENTED_EDGE('',*,*,#4810,.F.);
#4813=ORIENTED_EDGE('',*,*,#4812,.F.);
#4815=ORIENTED_EDGE('',*,*,#4814,.T.);
#4817=ORIENTED_EDGE('',*,*,#4816,.T.);
#4819=ORIENTED_EDGE('',*,*,#4818,.F.);
#4821=ORIENTED_EDGE('',*,*,#4820,.F.);
#4823=ORIENTED_EDGE('',*,*,#4822,.F.);
#4825=ORIENTED_EDGE('',*,*,#4824,.F.);
#4827=ORIENTED_EDGE('',*,*,#4826,.F.);
#4829=ORIENTED_EDGE('',*,*,#4828,.T.);
#4831=ORIENTED_EDGE('',*,*,#4830,.F.);
#4833=ORIENTED_EDGE('',*,*,#4832,.F.);
#4835=ORIENTED_EDGE('',*,*,#4834,.T.);
#4837=ORIENTED_EDGE('',*,*,#4836,.T.);
#4839=ORIENTED_EDGE('',*,*,#4838,.F.);
#4841=ORIENTED_EDGE('',*,*,#4840,.F.);
#4843=ORIENTED_EDGE('',*,*,#4842,.F.);
#4845=ORIENTED_EDGE('',*,*,#4844,.F.);
#4846=ORIENTED_EDGE('',*,*,#4588,.F.);
#4847=ORIENTED_EDGE('',*,*,#4562,.T.);
#4849=ORIENTED_EDGE('',*,*,#4848,.F.);
#4851=ORIENTED_EDGE('',*,*,#4850,.F.);
#4853=ORIENTED_EDGE('',*,*,#4852,.T.);
#4854=ORIENTED_EDGE('',*,*,#4425,.T.);
#4855=EDGE_LOOP('',(#4739,#4741,#4743,#4745,#4747,#4749,#4751,#4753,#4755,#4757,
#4759,#4761,#4763,#4765,#4767,#4769,#4771,#4773,#4775,#4777,#4779,#4781,#4783,
#4785,#4787,#4789,#4791,#4793,#4795,#4797,#4799,#4801,#4803,#4805,#4807,#4809,
#4811,#4813,#4815,#4817,#4819,#4821,#4823,#4825,#4827,#4829,#4831,#4833,#4835,
#4837,#4839,#4841,#4843,#4845,#4846,#4847,#4849,#4851,#4853,#4854));
#4856=FACE_OUTER_BOUND('',#4855,.F.);
#4857=ADVANCED_FACE('',(#4856),#4738,.T.);
#4858=CARTESIAN_POINT('',(4.375E0,-5.1E0,-1.45E0));
#4859=DIRECTION('',(0.E0,0.E0,1.E0));
#4860=DIRECTION('',(0.E0,-1.E0,0.E0));
#4861=AXIS2_PLACEMENT_3D('',#4858,#4859,#4860);
#4862=PLANE('',#4861);
#4863=ORIENTED_EDGE('',*,*,#4729,.F.);
#4864=ORIENTED_EDGE('',*,*,#4715,.F.);
#4866=ORIENTED_EDGE('',*,*,#4865,.T.);
#4867=ORIENTED_EDGE('',*,*,#4740,.T.);
#4868=EDGE_LOOP('',(#4863,#4864,#4866,#4867));
#4869=FACE_OUTER_BOUND('',#4868,.F.);
#4870=ADVANCED_FACE('',(#4869),#4862,.F.);
#4871=CARTESIAN_POINT('',(4.375E0,-3.5E0,-7.475E0));
#4872=DIRECTION('',(0.E0,1.E0,0.E0));
#4873=DIRECTION('',(0.E0,0.E0,1.E0));
#4874=AXIS2_PLACEMENT_3D('',#4871,#4872,#4873);
#4875=PLANE('',#4874);
#4876=ORIENTED_EDGE('',*,*,#4713,.F.);
#4878=ORIENTED_EDGE('',*,*,#4877,.T.);
#4879=ORIENTED_EDGE('',*,*,#4742,.T.);
#4880=ORIENTED_EDGE('',*,*,#4865,.F.);
#4881=EDGE_LOOP('',(#4876,#4878,#4879,#4880));
#4882=FACE_OUTER_BOUND('',#4881,.F.);
#4883=ADVANCED_FACE('',(#4882),#4875,.F.);
#4884=CARTESIAN_POINT('',(4.375E0,-5.1E0,-1.35E1));
#4885=DIRECTION('',(0.E0,0.E0,-1.E0));
#4886=DIRECTION('',(0.E0,1.E0,0.E0));
#4887=AXIS2_PLACEMENT_3D('',#4884,#4885,#4886);
#4888=PLANE('',#4887);
#4890=ORIENTED_EDGE('',*,*,#4889,.F.);
#4891=ORIENTED_EDGE('',*,*,#4744,.T.);
#4892=ORIENTED_EDGE('',*,*,#4877,.F.);
#4893=ORIENTED_EDGE('',*,*,#4711,.F.);
#4894=EDGE_LOOP('',(#4890,#4891,#4892,#4893));
#4895=FACE_OUTER_BOUND('',#4894,.F.);
#4896=ADVANCED_FACE('',(#4895),#4888,.F.);
#4897=CARTESIAN_POINT('',(-1.66833E1,-5.25E0,-1.375E1));
#4898=DIRECTION('',(1.E0,0.E0,0.E0));
#4899=DIRECTION('',(0.E0,0.E0,1.E0));
#4900=AXIS2_PLACEMENT_3D('',#4897,#4898,#4899);
#4901=CYLINDRICAL_SURFACE('',#4900,2.5E-1);
#4902=ORIENTED_EDGE('',*,*,#4709,.T.);
#4904=ORIENTED_EDGE('',*,*,#4903,.F.);
#4905=ORIENTED_EDGE('',*,*,#4746,.T.);
#4906=ORIENTED_EDGE('',*,*,#4889,.T.);
#4907=EDGE_LOOP('',(#4902,#4904,#4905,#4906));
#4908=FACE_OUTER_BOUND('',#4907,.F.);
#4909=ADVANCED_FACE('',(#4908),#4901,.T.);
#4910=CARTESIAN_POINT('',(-4.625E0,-5.5E0,-1.35E1));
#4911=DIRECTION('',(0.E0,1.E0,0.E0));
#4912=DIRECTION('',(0.E0,0.E0,-1.E0));
#4913=AXIS2_PLACEMENT_3D('',#4910,#4911,#4912);
#4914=PLANE('',#4913);
#4915=ORIENTED_EDGE('',*,*,#4218,.T.);
#4916=ORIENTED_EDGE('',*,*,#4348,.T.);
#4918=ORIENTED_EDGE('',*,*,#4917,.F.);
#4919=ORIENTED_EDGE('',*,*,#4091,.F.);
#4920=EDGE_LOOP('',(#4915,#4916,#4918,#4919));
#4921=FACE_OUTER_BOUND('',#4920,.F.);
#4922=ADVANCED_FACE('',(#4921),#4914,.F.);
#4923=CARTESIAN_POINT('',(-4.625E0,-5.5E0,-1.35E1));
#4924=DIRECTION('',(0.E0,1.E0,0.E0));
#4925=DIRECTION('',(0.E0,0.E0,-1.E0));
#4926=AXIS2_PLACEMENT_3D('',#4923,#4924,#4925);
#4927=PLANE('',#4926);
#4928=ORIENTED_EDGE('',*,*,#4903,.T.);
#4929=ORIENTED_EDGE('',*,*,#4707,.T.);
#4931=ORIENTED_EDGE('',*,*,#4930,.F.);
#4932=ORIENTED_EDGE('',*,*,#4748,.F.);
#4933=EDGE_LOOP('',(#4928,#4929,#4931,#4932));
#4934=FACE_OUTER_BOUND('',#4933,.F.);
#4935=ADVANCED_FACE('',(#4934),#4927,.F.);
#4936=CARTESIAN_POINT('',(-4.625E0,-5.5E0,-1.435E1));
#4937=DIRECTION('',(0.E0,0.E0,-1.E0));
#4938=DIRECTION('',(0.E0,-1.E0,0.E0));
#4939=AXIS2_PLACEMENT_3D('',#4936,#4937,#4938);
#4940=PLANE('',#4939);
#4942=ORIENTED_EDGE('',*,*,#4941,.F.);
#4943=ORIENTED_EDGE('',*,*,#4093,.T.);
#4944=ORIENTED_EDGE('',*,*,#4917,.T.);
#4945=ORIENTED_EDGE('',*,*,#4346,.F.);
#4946=EDGE_LOOP('',(#4942,#4943,#4944,#4945));
#4947=FACE_OUTER_BOUND('',#4946,.F.);
#4948=ADVANCED_FACE('',(#4947),#4940,.F.);
#4949=CARTESIAN_POINT('',(-4.155330085890E0,-6.230330085890E0,-1.435E1));
#4950=DIRECTION('',(0.E0,0.E0,1.E0));
#4951=DIRECTION('',(-1.E0,0.E0,0.E0));
#4952=AXIS2_PLACEMENT_3D('',#4949,#4950,#4951);
#4953=PLANE('',#4952);
#4955=ORIENTED_EDGE('',*,*,#4954,.T.);
#4956=ORIENTED_EDGE('',*,*,#4941,.T.);
#4958=ORIENTED_EDGE('',*,*,#4957,.F.);
#4960=ORIENTED_EDGE('',*,*,#4959,.F.);
#4961=EDGE_LOOP('',(#4955,#4956,#4958,#4960));
#4962=FACE_OUTER_BOUND('',#4961,.F.);
#4963=ADVANCED_FACE('',(#4962),#4953,.T.);
#4964=CARTESIAN_POINT('',(-3.625E0,-5.7E0,-1.435E1));
#4965=DIRECTION('',(0.E0,0.E0,-1.E0));
#4966=DIRECTION('',(0.E0,-1.E0,0.E0));
#4967=AXIS2_PLACEMENT_3D('',#4964,#4965,#4966);
#4968=CYLINDRICAL_SURFACE('',#4967,1.E0);
#4970=ORIENTED_EDGE('',*,*,#4969,.T.);
#4972=ORIENTED_EDGE('',*,*,#4971,.T.);
#4973=ORIENTED_EDGE('',*,*,#4095,.F.);
#4974=ORIENTED_EDGE('',*,*,#4954,.F.);
#4975=EDGE_LOOP('',(#4970,#4972,#4973,#4974));
#4976=FACE_OUTER_BOUND('',#4975,.F.);
#4977=ADVANCED_FACE('',(#4976),#4968,.T.);
#4978=CARTESIAN_POINT('',(-4.625E0,-6.7E0,-1.555E1));
#4979=DIRECTION('',(0.E0,-1.E0,0.E0));
#4980=DIRECTION('',(0.E0,0.E0,-1.E0));
#4981=AXIS2_PLACEMENT_3D('',#4978,#4979,#4980);
#4982=PLANE('',#4981);
#4984=ORIENTED_EDGE('',*,*,#4983,.F.);
#4986=ORIENTED_EDGE('',*,*,#4985,.F.);
#4988=ORIENTED_EDGE('',*,*,#4987,.F.);
#4990=ORIENTED_EDGE('',*,*,#4989,.F.);
#4991=ORIENTED_EDGE('',*,*,#4969,.F.);
#4993=ORIENTED_EDGE('',*,*,#4992,.F.);
#4994=EDGE_LOOP('',(#4984,#4986,#4988,#4990,#4991,#4993));
#4995=FACE_OUTER_BOUND('',#4994,.F.);
#4996=ADVANCED_FACE('',(#4995),#4982,.T.);
#4997=CARTESIAN_POINT('',(-1.875E0,8.962314616E0,-1.46E1));
#4998=DIRECTION('',(0.E0,-1.E0,0.E0));
#4999=DIRECTION('',(1.E0,0.E0,0.E0));
#5000=AXIS2_PLACEMENT_3D('',#4997,#4998,#4999);
#5001=CYLINDRICAL_SURFACE('',#5000,2.5E-1);
#5002=ORIENTED_EDGE('',*,*,#4983,.T.);
#5004=ORIENTED_EDGE('',*,*,#5003,.F.);
#5006=ORIENTED_EDGE('',*,*,#5005,.T.);
#5008=ORIENTED_EDGE('',*,*,#5007,.T.);
#5009=EDGE_LOOP('',(#5002,#5004,#5006,#5008));
#5010=FACE_OUTER_BOUND('',#5009,.F.);
#5011=ADVANCED_FACE('',(#5010),#5001,.T.);
#5012=CARTESIAN_POINT('',(-2.625E0,-6.45E0,-1.435E1));
#5013=DIRECTION('',(0.E0,0.E0,1.E0));
#5014=DIRECTION('',(-1.E0,0.E0,0.E0));
#5015=AXIS2_PLACEMENT_3D('',#5012,#5013,#5014);
#5016=PLANE('',#5015);
#5017=ORIENTED_EDGE('',*,*,#5003,.T.);
#5018=ORIENTED_EDGE('',*,*,#4992,.T.);
#5019=ORIENTED_EDGE('',*,*,#4959,.T.);
#5021=ORIENTED_EDGE('',*,*,#5020,.F.);
#5022=EDGE_LOOP('',(#5017,#5018,#5019,#5021));
#5023=FACE_OUTER_BOUND('',#5022,.F.);
#5024=ADVANCED_FACE('',(#5023),#5016,.T.);
#5025=CARTESIAN_POINT('',(-4.625E0,-6.2E0,-1.555E1));
#5026=DIRECTION('',(0.E0,-1.E0,0.E0));
#5027=DIRECTION('',(0.E0,0.E0,-1.E0));
#5028=AXIS2_PLACEMENT_3D('',#5025,#5026,#5027);
#5029=PLANE('',#5028);
#5030=ORIENTED_EDGE('',*,*,#5005,.F.);
#5031=ORIENTED_EDGE('',*,*,#5020,.T.);
#5033=ORIENTED_EDGE('',*,*,#5032,.T.);
#5035=ORIENTED_EDGE('',*,*,#5034,.T.);
#5037=ORIENTED_EDGE('',*,*,#5036,.F.);
#5039=ORIENTED_EDGE('',*,*,#5038,.T.);
#5040=EDGE_LOOP('',(#5030,#5031,#5033,#5035,#5037,#5039));
#5041=FACE_OUTER_BOUND('',#5040,.F.);
#5042=ADVANCED_FACE('',(#5041),#5029,.F.);
#5043=CARTESIAN_POINT('',(-3.625E0,-5.7E0,-1.435E1));
#5044=DIRECTION('',(0.E0,0.E0,-1.E0));
#5045=DIRECTION('',(0.E0,-1.E0,0.E0));
#5046=AXIS2_PLACEMENT_3D('',#5043,#5044,#5045);
#5047=CYLINDRICAL_SURFACE('',#5046,5.E-1);
#5048=ORIENTED_EDGE('',*,*,#5032,.F.);
#5049=ORIENTED_EDGE('',*,*,#4957,.T.);
#5050=ORIENTED_EDGE('',*,*,#4344,.T.);
#5052=ORIENTED_EDGE('',*,*,#5051,.F.);
#5053=EDGE_LOOP('',(#5048,#5049,#5050,#5052));
#5054=FACE_OUTER_BOUND('',#5053,.F.);
#5055=ADVANCED_FACE('',(#5054),#5047,.F.);
#5056=CARTESIAN_POINT('',(-4.155330085890E0,-6.230330085890E0,-1.555E1));
#5057=DIRECTION('',(0.E0,0.E0,1.E0));
#5058=DIRECTION('',(-1.E0,0.E0,0.E0));
#5059=AXIS2_PLACEMENT_3D('',#5056,#5057,#5058);
#5060=PLANE('',#5059);
#5061=ORIENTED_EDGE('',*,*,#4971,.F.);
#5063=ORIENTED_EDGE('',*,*,#5062,.T.);
#5064=ORIENTED_EDGE('',*,*,#5051,.T.);
#5066=ORIENTED_EDGE('',*,*,#5065,.F.);
#5067=EDGE_LOOP('',(#5061,#5063,#5064,#5066));
#5068=FACE_OUTER_BOUND('',#5067,.F.);
#5069=ADVANCED_FACE('',(#5068),#5060,.F.);
#5070=CARTESIAN_POINT('',(-2.625E0,-6.45E0,-1.555E1));
#5071=DIRECTION('',(0.E0,0.E0,-1.E0));
#5072=DIRECTION('',(1.E0,0.E0,0.E0));
#5073=AXIS2_PLACEMENT_3D('',#5070,#5071,#5072);
#5074=PLANE('',#5073);
#5076=ORIENTED_EDGE('',*,*,#5075,.F.);
#5077=ORIENTED_EDGE('',*,*,#5034,.F.);
#5078=ORIENTED_EDGE('',*,*,#5062,.F.);
#5079=ORIENTED_EDGE('',*,*,#4989,.T.);
#5080=EDGE_LOOP('',(#5076,#5077,#5078,#5079));
#5081=FACE_OUTER_BOUND('',#5080,.F.);
#5082=ADVANCED_FACE('',(#5081),#5074,.T.);
#5083=CARTESIAN_POINT('',(-1.875E0,8.962314616E0,-1.53E1));
#5084=DIRECTION('',(0.E0,-1.E0,0.E0));
#5085=DIRECTION('',(0.E0,0.E0,-1.E0));
#5086=AXIS2_PLACEMENT_3D('',#5083,#5084,#5085);
#5087=CYLINDRICAL_SURFACE('',#5086,2.5E-1);
#5088=ORIENTED_EDGE('',*,*,#4987,.T.);
#5090=ORIENTED_EDGE('',*,*,#5089,.F.);
#5091=ORIENTED_EDGE('',*,*,#5036,.T.);
#5092=ORIENTED_EDGE('',*,*,#5075,.T.);
#5093=EDGE_LOOP('',(#5088,#5090,#5091,#5092));
#5094=FACE_OUTER_BOUND('',#5093,.F.);
#5095=ADVANCED_FACE('',(#5094),#5087,.T.);
#5096=CARTESIAN_POINT('',(-1.625E0,-6.45E0,-1.495E1));
#5097=DIRECTION('',(1.E0,0.E0,0.E0));
#5098=DIRECTION('',(0.E0,0.E0,1.E0));
#5099=AXIS2_PLACEMENT_3D('',#5096,#5097,#5098);
#5100=PLANE('',#5099);
#5101=ORIENTED_EDGE('',*,*,#5007,.F.);
#5102=ORIENTED_EDGE('',*,*,#5038,.F.);
#5103=ORIENTED_EDGE('',*,*,#5089,.T.);
#5104=ORIENTED_EDGE('',*,*,#4985,.T.);
#5105=EDGE_LOOP('',(#5101,#5102,#5103,#5104));
#5106=FACE_OUTER_BOUND('',#5105,.F.);
#5107=ADVANCED_FACE('',(#5106),#5100,.T.);
#5108=CARTESIAN_POINT('',(-4.625E0,-6.7E0,-1.555E1));
#5109=DIRECTION('',(0.E0,0.E0,1.E0));
#5110=DIRECTION('',(0.E0,1.E0,0.E0));
#5111=AXIS2_PLACEMENT_3D('',#5108,#5109,#5110);
#5112=PLANE('',#5111);
#5113=ORIENTED_EDGE('',*,*,#5065,.T.);
#5114=ORIENTED_EDGE('',*,*,#4342,.T.);
#5116=ORIENTED_EDGE('',*,*,#5115,.F.);
#5117=ORIENTED_EDGE('',*,*,#4097,.F.);
#5118=EDGE_LOOP('',(#5113,#5114,#5116,#5117));
#5119=FACE_OUTER_BOUND('',#5118,.F.);
#5120=ADVANCED_FACE('',(#5119),#5112,.F.);
#5121=CARTESIAN_POINT('',(-4.625E0,-5.5E0,-1.555E1));
#5122=DIRECTION('',(0.E0,1.E0,0.E0));
#5123=DIRECTION('',(0.E0,0.E0,-1.E0));
#5124=AXIS2_PLACEMENT_3D('',#5121,#5122,#5123);
#5125=PLANE('',#5124);
#5127=ORIENTED_EDGE('',*,*,#5126,.T.);
#5128=ORIENTED_EDGE('',*,*,#4099,.F.);
#5129=ORIENTED_EDGE('',*,*,#5115,.T.);
#5130=ORIENTED_EDGE('',*,*,#4340,.T.);
#5131=EDGE_LOOP('',(#5127,#5128,#5129,#5130));
#5132=FACE_OUTER_BOUND('',#5131,.F.);
#5133=ADVANCED_FACE('',(#5132),#5125,.F.);
#5134=CARTESIAN_POINT('',(-4.625E0,-5.5E0,-1.555E1));
#5135=DIRECTION('',(0.E0,1.E0,0.E0));
#5136=DIRECTION('',(0.E0,0.E0,-1.E0));
#5137=AXIS2_PLACEMENT_3D('',#5134,#5135,#5136);
#5138=PLANE('',#5137);
#5140=ORIENTED_EDGE('',*,*,#5139,.T.);
#5141=ORIENTED_EDGE('',*,*,#4756,.F.);
#5143=ORIENTED_EDGE('',*,*,#5142,.T.);
#5144=ORIENTED_EDGE('',*,*,#4699,.T.);
#5145=EDGE_LOOP('',(#5140,#5141,#5143,#5144));
#5146=FACE_OUTER_BOUND('',#5145,.F.);
#5147=ADVANCED_FACE('',(#5146),#5138,.F.);
#5148=CARTESIAN_POINT('',(1.66833E1,-5.25E0,-1.615E1));
#5149=DIRECTION('',(-1.E0,0.E0,0.E0));
#5150=DIRECTION('',(0.E0,0.E0,-1.E0));
#5151=AXIS2_PLACEMENT_3D('',#5148,#5149,#5150);
#5152=CYLINDRICAL_SURFACE('',#5151,2.5E-1);
#5153=ORIENTED_EDGE('',*,*,#4101,.T.);
#5154=ORIENTED_EDGE('',*,*,#5126,.F.);
#5155=ORIENTED_EDGE('',*,*,#4338,.T.);
#5157=ORIENTED_EDGE('',*,*,#5156,.T.);
#5158=EDGE_LOOP('',(#5153,#5154,#5155,#5157));
#5159=FACE_OUTER_BOUND('',#5158,.F.);
#5160=ADVANCED_FACE('',(#5159),#5152,.T.);
#5161=CARTESIAN_POINT('',(-4.375E0,-5.1E0,-1.64E1));
#5162=DIRECTION('',(0.E0,0.E0,-1.E0));
#5163=DIRECTION('',(0.E0,-1.E0,0.E0));
#5164=AXIS2_PLACEMENT_3D('',#5161,#5162,#5163);
#5165=PLANE('',#5164);
#5166=ORIENTED_EDGE('',*,*,#5156,.F.);
#5167=ORIENTED_EDGE('',*,*,#4336,.F.);
#5169=ORIENTED_EDGE('',*,*,#5168,.F.);
#5170=ORIENTED_EDGE('',*,*,#4103,.T.);
#5171=EDGE_LOOP('',(#5166,#5167,#5169,#5170));
#5172=FACE_OUTER_BOUND('',#5171,.F.);
#5173=ADVANCED_FACE('',(#5172),#5165,.T.);
#5174=CARTESIAN_POINT('',(-4.375E0,-3.5E0,-2.245E1));
#5175=DIRECTION('',(0.E0,-1.E0,0.E0));
#5176=DIRECTION('',(0.E0,0.E0,1.E0));
#5177=AXIS2_PLACEMENT_3D('',#5174,#5175,#5176);
#5178=PLANE('',#5177);
#5179=ORIENTED_EDGE('',*,*,#4105,.T.);
#5180=ORIENTED_EDGE('',*,*,#5168,.T.);
#5181=ORIENTED_EDGE('',*,*,#4334,.F.);
#5183=ORIENTED_EDGE('',*,*,#5182,.F.);
#5184=EDGE_LOOP('',(#5179,#5180,#5181,#5183));
#5185=FACE_OUTER_BOUND('',#5184,.F.);
#5186=ADVANCED_FACE('',(#5185),#5178,.T.);
#5187=CARTESIAN_POINT('',(-4.375E0,-5.1E0,-2.85E1));
#5188=DIRECTION('',(0.E0,0.E0,1.E0));
#5189=DIRECTION('',(0.E0,1.E0,0.E0));
#5190=AXIS2_PLACEMENT_3D('',#5187,#5188,#5189);
#5191=PLANE('',#5190);
#5193=ORIENTED_EDGE('',*,*,#5192,.F.);
#5194=ORIENTED_EDGE('',*,*,#4107,.T.);
#5195=ORIENTED_EDGE('',*,*,#5182,.T.);
#5196=ORIENTED_EDGE('',*,*,#4332,.F.);
#5197=EDGE_LOOP('',(#5193,#5194,#5195,#5196));
#5198=FACE_OUTER_BOUND('',#5197,.F.);
#5199=ADVANCED_FACE('',(#5198),#5191,.T.);
#5200=CARTESIAN_POINT('',(-1.66833E1,-5.25E0,-2.875E1));
#5201=DIRECTION('',(1.E0,0.E0,0.E0));
#5202=DIRECTION('',(0.E0,0.E0,1.E0));
#5203=AXIS2_PLACEMENT_3D('',#5200,#5201,#5202);
#5204=CYLINDRICAL_SURFACE('',#5203,2.5E-1);
#5205=ORIENTED_EDGE('',*,*,#4330,.T.);
#5207=ORIENTED_EDGE('',*,*,#5206,.F.);
#5208=ORIENTED_EDGE('',*,*,#4109,.T.);
#5209=ORIENTED_EDGE('',*,*,#5192,.T.);
#5210=EDGE_LOOP('',(#5205,#5207,#5208,#5209));
#5211=FACE_OUTER_BOUND('',#5210,.F.);
#5212=ADVANCED_FACE('',(#5211),#5204,.T.);
#5213=CARTESIAN_POINT('',(-4.625E0,-5.5E0,-2.85E1));
#5214=DIRECTION('',(0.E0,1.E0,0.E0));
#5215=DIRECTION('',(0.E0,0.E0,-1.E0));
#5216=AXIS2_PLACEMENT_3D('',#5213,#5214,#5215);
#5217=PLANE('',#5216);
#5218=ORIENTED_EDGE('',*,*,#5206,.T.);
#5219=ORIENTED_EDGE('',*,*,#4328,.T.);
#5221=ORIENTED_EDGE('',*,*,#5220,.F.);
#5222=ORIENTED_EDGE('',*,*,#4111,.F.);
#5223=EDGE_LOOP('',(#5218,#5219,#5221,#5222));
#5224=FACE_OUTER_BOUND('',#5223,.F.);
#5225=ADVANCED_FACE('',(#5224),#5217,.F.);
#5226=CARTESIAN_POINT('',(-4.625E0,-5.5E0,-2.85E1));
#5227=DIRECTION('',(0.E0,1.E0,0.E0));
#5228=DIRECTION('',(0.E0,0.E0,-1.E0));
#5229=AXIS2_PLACEMENT_3D('',#5226,#5227,#5228);
#5230=PLANE('',#5229);
#5232=ORIENTED_EDGE('',*,*,#5231,.T.);
#5233=ORIENTED_EDGE('',*,*,#4687,.T.);
#5235=ORIENTED_EDGE('',*,*,#5234,.F.);
#5236=ORIENTED_EDGE('',*,*,#4768,.F.);
#5237=EDGE_LOOP('',(#5232,#5233,#5235,#5236));
#5238=FACE_OUTER_BOUND('',#5237,.F.);
#5239=ADVANCED_FACE('',(#5238),#5230,.F.);
#5240=CARTESIAN_POINT('',(-4.625E0,-5.5E0,-2.935E1));
#5241=DIRECTION('',(0.E0,0.E0,-1.E0));
#5242=DIRECTION('',(0.E0,-1.E0,0.E0));
#5243=AXIS2_PLACEMENT_3D('',#5240,#5241,#5242);
#5244=PLANE('',#5243);
#5246=ORIENTED_EDGE('',*,*,#5245,.F.);
#5247=ORIENTED_EDGE('',*,*,#4113,.T.);
#5248=ORIENTED_EDGE('',*,*,#5220,.T.);
#5249=ORIENTED_EDGE('',*,*,#4326,.F.);
#5250=EDGE_LOOP('',(#5246,#5247,#5248,#5249));
#5251=FACE_OUTER_BOUND('',#5250,.F.);
#5252=ADVANCED_FACE('',(#5251),#5244,.F.);
#5253=CARTESIAN_POINT('',(-4.155330085890E0,-6.230330085890E0,-2.935E1));
#5254=DIRECTION('',(0.E0,0.E0,1.E0));
#5255=DIRECTION('',(-1.E0,0.E0,0.E0));
#5256=AXIS2_PLACEMENT_3D('',#5253,#5254,#5255);
#5257=PLANE('',#5256);
#5259=ORIENTED_EDGE('',*,*,#5258,.T.);
#5260=ORIENTED_EDGE('',*,*,#5245,.T.);
#5262=ORIENTED_EDGE('',*,*,#5261,.F.);
#5264=ORIENTED_EDGE('',*,*,#5263,.F.);
#5265=EDGE_LOOP('',(#5259,#5260,#5262,#5264));
#5266=FACE_OUTER_BOUND('',#5265,.F.);
#5267=ADVANCED_FACE('',(#5266),#5257,.T.);
#5268=CARTESIAN_POINT('',(-3.625E0,-5.7E0,-2.935E1));
#5269=DIRECTION('',(0.E0,0.E0,-1.E0));
#5270=DIRECTION('',(0.E0,-1.E0,0.E0));
#5271=AXIS2_PLACEMENT_3D('',#5268,#5269,#5270);
#5272=CYLINDRICAL_SURFACE('',#5271,1.E0);
#5274=ORIENTED_EDGE('',*,*,#5273,.T.);
#5276=ORIENTED_EDGE('',*,*,#5275,.T.);
#5277=ORIENTED_EDGE('',*,*,#4115,.F.);
#5278=ORIENTED_EDGE('',*,*,#5258,.F.);
#5279=EDGE_LOOP('',(#5274,#5276,#5277,#5278));
#5280=FACE_OUTER_BOUND('',#5279,.F.);
#5281=ADVANCED_FACE('',(#5280),#5272,.T.);
#5282=CARTESIAN_POINT('',(-4.625E0,-6.7E0,-3.055E1));
#5283=DIRECTION('',(0.E0,-1.E0,0.E0));
#5284=DIRECTION('',(0.E0,0.E0,-1.E0));
#5285=AXIS2_PLACEMENT_3D('',#5282,#5283,#5284);
#5286=PLANE('',#5285);
#5288=ORIENTED_EDGE('',*,*,#5287,.F.);
#5290=ORIENTED_EDGE('',*,*,#5289,.F.);
#5292=ORIENTED_EDGE('',*,*,#5291,.F.);
#5294=ORIENTED_EDGE('',*,*,#5293,.F.);
#5295=ORIENTED_EDGE('',*,*,#5273,.F.);
#5297=ORIENTED_EDGE('',*,*,#5296,.F.);
#5298=EDGE_LOOP('',(#5288,#5290,#5292,#5294,#5295,#5297));
#5299=FACE_OUTER_BOUND('',#5298,.F.);
#5300=ADVANCED_FACE('',(#5299),#5286,.T.);
#5301=CARTESIAN_POINT('',(-1.875E0,8.962314616E0,-2.96E1));
#5302=DIRECTION('',(0.E0,-1.E0,0.E0));
#5303=DIRECTION('',(1.E0,0.E0,0.E0));
#5304=AXIS2_PLACEMENT_3D('',#5301,#5302,#5303);
#5305=CYLINDRICAL_SURFACE('',#5304,2.5E-1);
#5306=ORIENTED_EDGE('',*,*,#5287,.T.);
#5308=ORIENTED_EDGE('',*,*,#5307,.F.);
#5310=ORIENTED_EDGE('',*,*,#5309,.T.);
#5312=ORIENTED_EDGE('',*,*,#5311,.T.);
#5313=EDGE_LOOP('',(#5306,#5308,#5310,#5312));
#5314=FACE_OUTER_BOUND('',#5313,.F.);
#5315=ADVANCED_FACE('',(#5314),#5305,.T.);
#5316=CARTESIAN_POINT('',(-2.625E0,-6.45E0,-2.935E1));
#5317=DIRECTION('',(0.E0,0.E0,1.E0));
#5318=DIRECTION('',(-1.E0,0.E0,0.E0));
#5319=AXIS2_PLACEMENT_3D('',#5316,#5317,#5318);
#5320=PLANE('',#5319);
#5321=ORIENTED_EDGE('',*,*,#5307,.T.);
#5322=ORIENTED_EDGE('',*,*,#5296,.T.);
#5323=ORIENTED_EDGE('',*,*,#5263,.T.);
#5325=ORIENTED_EDGE('',*,*,#5324,.F.);
#5326=EDGE_LOOP('',(#5321,#5322,#5323,#5325));
#5327=FACE_OUTER_BOUND('',#5326,.F.);
#5328=ADVANCED_FACE('',(#5327),#5320,.T.);
#5329=CARTESIAN_POINT('',(-4.625E0,-6.2E0,-3.055E1));
#5330=DIRECTION('',(0.E0,-1.E0,0.E0));
#5331=DIRECTION('',(0.E0,0.E0,-1.E0));
#5332=AXIS2_PLACEMENT_3D('',#5329,#5330,#5331);
#5333=PLANE('',#5332);
#5334=ORIENTED_EDGE('',*,*,#5309,.F.);
#5335=ORIENTED_EDGE('',*,*,#5324,.T.);
#5337=ORIENTED_EDGE('',*,*,#5336,.T.);
#5339=ORIENTED_EDGE('',*,*,#5338,.T.);
#5341=ORIENTED_EDGE('',*,*,#5340,.F.);
#5343=ORIENTED_EDGE('',*,*,#5342,.T.);
#5344=EDGE_LOOP('',(#5334,#5335,#5337,#5339,#5341,#5343));
#5345=FACE_OUTER_BOUND('',#5344,.F.);
#5346=ADVANCED_FACE('',(#5345),#5333,.F.);
#5347=CARTESIAN_POINT('',(-3.625E0,-5.7E0,-2.935E1));
#5348=DIRECTION('',(0.E0,0.E0,-1.E0));
#5349=DIRECTION('',(0.E0,-1.E0,0.E0));
#5350=AXIS2_PLACEMENT_3D('',#5347,#5348,#5349);
#5351=CYLINDRICAL_SURFACE('',#5350,5.E-1);
#5352=ORIENTED_EDGE('',*,*,#5336,.F.);
#5353=ORIENTED_EDGE('',*,*,#5261,.T.);
#5354=ORIENTED_EDGE('',*,*,#4324,.T.);
#5356=ORIENTED_EDGE('',*,*,#5355,.F.);
#5357=EDGE_LOOP('',(#5352,#5353,#5354,#5356));
#5358=FACE_OUTER_BOUND('',#5357,.F.);
#5359=ADVANCED_FACE('',(#5358),#5351,.F.);
#5360=CARTESIAN_POINT('',(-4.155330085890E0,-6.230330085890E0,-3.055E1));
#5361=DIRECTION('',(0.E0,0.E0,1.E0));
#5362=DIRECTION('',(-1.E0,0.E0,0.E0));
#5363=AXIS2_PLACEMENT_3D('',#5360,#5361,#5362);
#5364=PLANE('',#5363);
#5365=ORIENTED_EDGE('',*,*,#5275,.F.);
#5367=ORIENTED_EDGE('',*,*,#5366,.T.);
#5368=ORIENTED_EDGE('',*,*,#5355,.T.);
#5370=ORIENTED_EDGE('',*,*,#5369,.F.);
#5371=EDGE_LOOP('',(#5365,#5367,#5368,#5370));
#5372=FACE_OUTER_BOUND('',#5371,.F.);
#5373=ADVANCED_FACE('',(#5372),#5364,.F.);
#5374=CARTESIAN_POINT('',(-2.625E0,-6.45E0,-3.055E1));
#5375=DIRECTION('',(0.E0,0.E0,-1.E0));
#5376=DIRECTION('',(1.E0,0.E0,0.E0));
#5377=AXIS2_PLACEMENT_3D('',#5374,#5375,#5376);
#5378=PLANE('',#5377);
#5380=ORIENTED_EDGE('',*,*,#5379,.F.);
#5381=ORIENTED_EDGE('',*,*,#5338,.F.);
#5382=ORIENTED_EDGE('',*,*,#5366,.F.);
#5383=ORIENTED_EDGE('',*,*,#5293,.T.);
#5384=EDGE_LOOP('',(#5380,#5381,#5382,#5383));
#5385=FACE_OUTER_BOUND('',#5384,.F.);
#5386=ADVANCED_FACE('',(#5385),#5378,.T.);
#5387=CARTESIAN_POINT('',(-1.875E0,8.962314616E0,-3.03E1));
#5388=DIRECTION('',(0.E0,-1.E0,0.E0));
#5389=DIRECTION('',(0.E0,0.E0,-1.E0));
#5390=AXIS2_PLACEMENT_3D('',#5387,#5388,#5389);
#5391=CYLINDRICAL_SURFACE('',#5390,2.5E-1);
#5392=ORIENTED_EDGE('',*,*,#5291,.T.);
#5394=ORIENTED_EDGE('',*,*,#5393,.F.);
#5395=ORIENTED_EDGE('',*,*,#5340,.T.);
#5396=ORIENTED_EDGE('',*,*,#5379,.T.);
#5397=EDGE_LOOP('',(#5392,#5394,#5395,#5396));
#5398=FACE_OUTER_BOUND('',#5397,.F.);
#5399=ADVANCED_FACE('',(#5398),#5391,.T.);
#5400=CARTESIAN_POINT('',(-1.625E0,-6.45E0,-2.995E1));
#5401=DIRECTION('',(1.E0,0.E0,0.E0));
#5402=DIRECTION('',(0.E0,0.E0,1.E0));
#5403=AXIS2_PLACEMENT_3D('',#5400,#5401,#5402);
#5404=PLANE('',#5403);
#5405=ORIENTED_EDGE('',*,*,#5311,.F.);
#5406=ORIENTED_EDGE('',*,*,#5342,.F.);
#5407=ORIENTED_EDGE('',*,*,#5393,.T.);
#5408=ORIENTED_EDGE('',*,*,#5289,.T.);
#5409=EDGE_LOOP('',(#5405,#5406,#5407,#5408));
#5410=FACE_OUTER_BOUND('',#5409,.F.);
#5411=ADVANCED_FACE('',(#5410),#5404,.T.);
#5412=CARTESIAN_POINT('',(-4.625E0,-6.7E0,-3.055E1));
#5413=DIRECTION('',(0.E0,0.E0,1.E0));
#5414=DIRECTION('',(0.E0,1.E0,0.E0));
#5415=AXIS2_PLACEMENT_3D('',#5412,#5413,#5414);
#5416=PLANE('',#5415);
#5417=ORIENTED_EDGE('',*,*,#5369,.T.);
#5418=ORIENTED_EDGE('',*,*,#4322,.T.);
#5420=ORIENTED_EDGE('',*,*,#5419,.F.);
#5421=ORIENTED_EDGE('',*,*,#4117,.F.);
#5422=EDGE_LOOP('',(#5417,#5418,#5420,#5421));
#5423=FACE_OUTER_BOUND('',#5422,.F.);
#5424=ADVANCED_FACE('',(#5423),#5416,.F.);
#5425=CARTESIAN_POINT('',(-4.625E0,-5.5E0,-3.055E1));
#5426=DIRECTION('',(0.E0,1.E0,0.E0));
#5427=DIRECTION('',(0.E0,0.E0,-1.E0));
#5428=AXIS2_PLACEMENT_3D('',#5425,#5426,#5427);
#5429=PLANE('',#5428);
#5431=ORIENTED_EDGE('',*,*,#5430,.T.);
#5432=ORIENTED_EDGE('',*,*,#4119,.F.);
#5433=ORIENTED_EDGE('',*,*,#5419,.T.);
#5434=ORIENTED_EDGE('',*,*,#4320,.T.);
#5435=EDGE_LOOP('',(#5431,#5432,#5433,#5434));
#5436=FACE_OUTER_BOUND('',#5435,.F.);
#5437=ADVANCED_FACE('',(#5436),#5429,.F.);
#5438=CARTESIAN_POINT('',(-4.625E0,-5.5E0,-3.055E1));
#5439=DIRECTION('',(0.E0,1.E0,0.E0));
#5440=DIRECTION('',(0.E0,0.E0,-1.E0));
#5441=AXIS2_PLACEMENT_3D('',#5438,#5439,#5440);
#5442=PLANE('',#5441);
#5444=ORIENTED_EDGE('',*,*,#5443,.T.);
#5445=ORIENTED_EDGE('',*,*,#4776,.F.);
#5447=ORIENTED_EDGE('',*,*,#5446,.T.);
#5448=ORIENTED_EDGE('',*,*,#4679,.T.);
#5449=EDGE_LOOP('',(#5444,#5445,#5447,#5448));
#5450=FACE_OUTER_BOUND('',#5449,.F.);
#5451=ADVANCED_FACE('',(#5450),#5442,.F.);
#5452=CARTESIAN_POINT('',(1.66833E1,-5.25E0,-3.115E1));
#5453=DIRECTION('',(-1.E0,0.E0,0.E0));
#5454=DIRECTION('',(0.E0,0.E0,-1.E0));
#5455=AXIS2_PLACEMENT_3D('',#5452,#5453,#5454);
#5456=CYLINDRICAL_SURFACE('',#5455,2.5E-1);
#5457=ORIENTED_EDGE('',*,*,#4121,.T.);
#5458=ORIENTED_EDGE('',*,*,#5430,.F.);
#5459=ORIENTED_EDGE('',*,*,#4318,.T.);
#5461=ORIENTED_EDGE('',*,*,#5460,.T.);
#5462=EDGE_LOOP('',(#5457,#5458,#5459,#5461));
#5463=FACE_OUTER_BOUND('',#5462,.F.);
#5464=ADVANCED_FACE('',(#5463),#5456,.T.);
#5465=CARTESIAN_POINT('',(-4.375E0,-5.1E0,-3.14E1));
#5466=DIRECTION('',(0.E0,0.E0,-1.E0));
#5467=DIRECTION('',(0.E0,-1.E0,0.E0));
#5468=AXIS2_PLACEMENT_3D('',#5465,#5466,#5467);
#5469=PLANE('',#5468);
#5470=ORIENTED_EDGE('',*,*,#5460,.F.);
#5471=ORIENTED_EDGE('',*,*,#4316,.F.);
#5473=ORIENTED_EDGE('',*,*,#5472,.F.);
#5474=ORIENTED_EDGE('',*,*,#4123,.T.);
#5475=EDGE_LOOP('',(#5470,#5471,#5473,#5474));
#5476=FACE_OUTER_BOUND('',#5475,.F.);
#5477=ADVANCED_FACE('',(#5476),#5469,.T.);
#5478=CARTESIAN_POINT('',(-4.375E0,-3.5E0,-3.445E1));
#5479=DIRECTION('',(0.E0,-1.E0,0.E0));
#5480=DIRECTION('',(0.E0,0.E0,1.E0));
#5481=AXIS2_PLACEMENT_3D('',#5478,#5479,#5480);
#5482=PLANE('',#5481);
#5484=ORIENTED_EDGE('',*,*,#5483,.T.);
#5485=ORIENTED_EDGE('',*,*,#4125,.T.);
#5486=ORIENTED_EDGE('',*,*,#5472,.T.);
#5487=ORIENTED_EDGE('',*,*,#4314,.F.);
#5488=EDGE_LOOP('',(#5484,#5485,#5486,#5487));
#5489=FACE_OUTER_BOUND('',#5488,.F.);
#5490=ADVANCED_FACE('',(#5489),#5482,.T.);
#5491=CARTESIAN_POINT('',(1.66833E1,-3.25E0,-3.725E1));
#5492=DIRECTION('',(-1.E0,0.E0,0.E0));
#5493=DIRECTION('',(0.E0,0.E0,-1.E0));
#5494=AXIS2_PLACEMENT_3D('',#5491,#5492,#5493);
#5495=CYLINDRICAL_SURFACE('',#5494,2.5E-1);
#5496=ORIENTED_EDGE('',*,*,#4127,.T.);
#5497=ORIENTED_EDGE('',*,*,#5483,.F.);
#5498=ORIENTED_EDGE('',*,*,#4312,.T.);
#5500=ORIENTED_EDGE('',*,*,#5499,.T.);
#5501=EDGE_LOOP('',(#5496,#5497,#5498,#5500));
#5502=FACE_OUTER_BOUND('',#5501,.F.);
#5503=ADVANCED_FACE('',(#5502),#5495,.T.);
#5504=CARTESIAN_POINT('',(-4.375E0,-2.9E0,-3.75E1));
#5505=DIRECTION('',(0.E0,0.E0,-1.E0));
#5506=DIRECTION('',(0.E0,-1.E0,0.E0));
#5507=AXIS2_PLACEMENT_3D('',#5504,#5505,#5506);
#5508=PLANE('',#5507);
#5509=ORIENTED_EDGE('',*,*,#5499,.F.);
#5510=ORIENTED_EDGE('',*,*,#4310,.F.);
#5512=ORIENTED_EDGE('',*,*,#5511,.F.);
#5513=ORIENTED_EDGE('',*,*,#4129,.T.);
#5514=EDGE_LOOP('',(#5509,#5510,#5512,#5513));
#5515=FACE_OUTER_BOUND('',#5514,.F.);
#5516=ADVANCED_FACE('',(#5515),#5508,.T.);
#5517=CARTESIAN_POINT('',(-4.375E0,-2.3E0,-3.7125E1));
#5518=DIRECTION('',(0.E0,1.E0,0.E0));
#5519=DIRECTION('',(0.E0,0.E0,-1.E0));
#5520=AXIS2_PLACEMENT_3D('',#5517,#5518,#5519);
#5521=PLANE('',#5520);
#5522=ORIENTED_EDGE('',*,*,#4131,.T.);
#5523=ORIENTED_EDGE('',*,*,#5511,.T.);
#5524=ORIENTED_EDGE('',*,*,#4308,.F.);
#5526=ORIENTED_EDGE('',*,*,#5525,.F.);
#5527=EDGE_LOOP('',(#5522,#5523,#5524,#5526));
#5528=FACE_OUTER_BOUND('',#5527,.F.);
#5529=ADVANCED_FACE('',(#5528),#5521,.T.);
#5530=CARTESIAN_POINT('',(-4.375E0,-1.525E0,-3.675E1));
#5531=DIRECTION('',(0.E0,0.E0,-1.E0));
#5532=DIRECTION('',(0.E0,-1.E0,0.E0));
#5533=AXIS2_PLACEMENT_3D('',#5530,#5531,#5532);
#5534=PLANE('',#5533);
#5535=ORIENTED_EDGE('',*,*,#4133,.T.);
#5536=ORIENTED_EDGE('',*,*,#5525,.T.);
#5537=ORIENTED_EDGE('',*,*,#4306,.F.);
#5539=ORIENTED_EDGE('',*,*,#5538,.F.);
#5540=EDGE_LOOP('',(#5535,#5536,#5537,#5539));
#5541=FACE_OUTER_BOUND('',#5540,.F.);
#5542=ADVANCED_FACE('',(#5541),#5534,.T.);
#5543=CARTESIAN_POINT('',(-4.228553390593E0,-3.964466094067E-1,-3.675E1));
#5544=DIRECTION('',(0.E0,0.E0,1.E0));
#5545=DIRECTION('',(0.E0,1.E0,0.E0));
#5546=AXIS2_PLACEMENT_3D('',#5543,#5544,#5545);
#5547=PLANE('',#5546);
#5548=ORIENTED_EDGE('',*,*,#4076,.F.);
#5549=ORIENTED_EDGE('',*,*,#5538,.T.);
#5551=ORIENTED_EDGE('',*,*,#5550,.T.);
#5553=ORIENTED_EDGE('',*,*,#5552,.F.);
#5554=EDGE_LOOP('',(#5548,#5549,#5551,#5553));
#5555=FACE_OUTER_BOUND('',#5554,.F.);
#5556=ADVANCED_FACE('',(#5555),#5547,.F.);
#5557=CARTESIAN_POINT('',(-3.875E0,-7.5E-1,3.675E1));
#5558=DIRECTION('',(0.E0,0.E0,-1.E0));
#5559=DIRECTION('',(-1.E0,0.E0,0.E0));
#5560=AXIS2_PLACEMENT_3D('',#5557,#5558,#5559);
#5561=CYLINDRICAL_SURFACE('',#5560,2.5E-1);
#5562=ORIENTED_EDGE('',*,*,#4304,.F.);
#5564=ORIENTED_EDGE('',*,*,#5563,.T.);
#5566=ORIENTED_EDGE('',*,*,#5565,.T.);
#5567=ORIENTED_EDGE('',*,*,#5550,.F.);
#5568=EDGE_LOOP('',(#5562,#5564,#5566,#5567));
#5569=FACE_OUTER_BOUND('',#5568,.F.);
#5570=ADVANCED_FACE('',(#5569),#5561,.F.);
#5571=CARTESIAN_POINT('',(-4.228553390593E0,-3.964466094067E-1,3.675E1));
#5572=DIRECTION('',(0.E0,0.E0,1.E0));
#5573=DIRECTION('',(0.E0,1.E0,0.E0));
#5574=AXIS2_PLACEMENT_3D('',#5571,#5572,#5573);
#5575=PLANE('',#5574);
#5576=ORIENTED_EDGE('',*,*,#4079,.T.);
#5578=ORIENTED_EDGE('',*,*,#5577,.T.);
#5579=ORIENTED_EDGE('',*,*,#5563,.F.);
#5581=ORIENTED_EDGE('',*,*,#5580,.F.);
#5582=EDGE_LOOP('',(#5576,#5578,#5579,#5581));
#5583=FACE_OUTER_BOUND('',#5582,.F.);
#5584=ADVANCED_FACE('',(#5583),#5575,.T.);
#5585=CARTESIAN_POINT('',(-3.223767634013E0,-8.824603301982E-1,
3.760760304068E1));
#5586=CARTESIAN_POINT('',(-3.223767634013E0,-8.449701364939E-1,
3.736487599879E1));
#5587=CARTESIAN_POINT('',(-3.223767634013E0,-8.074799427897E-1,
3.712214895690E1));
#5588=CARTESIAN_POINT('',(-3.223767634013E0,-7.699897490855E-1,
3.687942191502E1));
#5589=CARTESIAN_POINT('',(-3.242927813197E0,-8.383557955287E-1,
3.761530175765E1));
#5590=CARTESIAN_POINT('',(-3.242927813197E0,-8.133484904412E-1,
3.737039575101E1));
#5591=CARTESIAN_POINT('',(-3.242927813197E0,-7.883411853536E-1,
3.712548974437E1));
#5592=CARTESIAN_POINT('',(-3.242927813197E0,-7.633338802661E-1,
3.688058373773E1));
#5593=CARTESIAN_POINT('',(-3.307104122777E0,-6.901445999931E-1,
3.762724720620E1));
#5594=CARTESIAN_POINT('',(-3.307104122777E0,-7.070854496584E-1,
3.737896028409E1));
#5595=CARTESIAN_POINT('',(-3.307104122777E0,-7.240262993237E-1,
3.713067336198E1));
#5596=CARTESIAN_POINT('',(-3.307104122777E0,-7.409671489890E-1,
3.688238643986E1));
#5597=CARTESIAN_POINT('',(-3.414526230053E0,-4.448495292349E-1,
3.757967983044E1));
#5598=CARTESIAN_POINT('',(-3.414526230053E0,-5.312161436077E-1,
3.734485588346E1));
#5599=CARTESIAN_POINT('',(-3.414526230053E0,-6.175827579805E-1,
3.711003193648E1));
#5600=CARTESIAN_POINT('',(-3.414526230053E0,-7.039493723533E-1,
3.687520798949E1));
#5601=CARTESIAN_POINT('',(-3.533759276404E0,-2.002273825470E-1,
3.744555305026E1));
#5602=CARTESIAN_POINT('',(-3.533759276404E0,-3.558293041998E-1,
3.724869095165E1));
#5603=CARTESIAN_POINT('',(-3.533759276404E0,-5.114312258525E-1,
3.705182885303E1));
#5604=CARTESIAN_POINT('',(-3.533759276404E0,-6.670331475053E-1,
3.685496675442E1));
#5605=CARTESIAN_POINT('',(-3.671123904415E0,8.066402201933E-3,
3.720448672109E1));
#5606=CARTESIAN_POINT('',(-3.671123904415E0,-2.064888251382E-1,
3.707585352816E1));
#5607=CARTESIAN_POINT('',(-3.671123904415E0,-4.210440524784E-1,
3.694722033524E1));
#5608=CARTESIAN_POINT('',(-3.671123904415E0,-6.355992798185E-1,
3.681858714231E1));
#5609=CARTESIAN_POINT('',(-3.770484140657E0,9.502692840858E-2,
3.698953102676E1));
#5610=CARTESIAN_POINT('',(-3.770484140657E0,-1.441407015070E-1,
3.692173665709E1));
#5611=CARTESIAN_POINT('',(-3.770484140657E0,-3.833083314225E-1,
3.685394228743E1));
#5612=CARTESIAN_POINT('',(-3.770484140657E0,-6.224759613381E-1,
3.678614791776E1));
#5613=CARTESIAN_POINT('',(-3.860725013149E0,1.255116120823E-1,
3.678315493785E1));
#5614=CARTESIAN_POINT('',(-3.860725013149E0,-1.222840855289E-1,
3.677377110919E1));
#5615=CARTESIAN_POINT('',(-3.860725013149E0,-3.700797831401E-1,
3.676438728054E1));
#5616=CARTESIAN_POINT('',(-3.860725013149E0,-6.178754807514E-1,
3.675500345188E1));
#5617=CARTESIAN_POINT('',(-3.912311605559E0,1.151852123017E-1,
3.666394665147E1));
#5618=CARTESIAN_POINT('',(-3.912311605559E0,-1.296878085544E-1,
3.668830229591E1));
#5619=CARTESIAN_POINT('',(-3.912311605559E0,-3.745608294106E-1,
3.671265794036E1));
#5620=CARTESIAN_POINT('',(-3.912311605559E0,-6.194338502667E-1,
3.673701358480E1));
#5621=CARTESIAN_POINT('',(-3.929898206875E0,1.072175597354E-1,
3.662339368502E1));
#5622=CARTESIAN_POINT('',(-3.929898206875E0,-1.354003796361E-1,
3.665922701916E1));
#5623=CARTESIAN_POINT('',(-3.929898206875E0,-3.780183190076E-1,
3.669506035331E1));
#5624=CARTESIAN_POINT('',(-3.929898206875E0,-6.206362583791E-1,
3.673089368745E1));
#5625=B_SPLINE_SURFACE_WITH_KNOTS('',3,3,((#5585,#5586,#5587,#5588),(#5589,
#5590,#5591,#5592),(#5593,#5594,#5595,#5596),(#5597,#5598,#5599,#5600),(#5601,
#5602,#5603,#5604),(#5605,#5606,#5607,#5608),(#5609,#5610,#5611,#5612),(#5613,
#5614,#5615,#5616),(#5617,#5618,#5619,#5620),(#5621,#5622,#5623,#5624)),
.UNSPECIFIED.,.F.,.F.,.F.,(4,1,1,1,1,1,1,4),(4,4),(-8.541946812061E-2,0.E0,
2.E-1,4.E-1,6.E-1,8.E-1,1.E0,1.111277236624E0),(-2.377535101404E-1,
1.237753510140E0),.UNSPECIFIED.);
#5626=ORIENTED_EDGE('',*,*,#4027,.F.);
#5628=ORIENTED_EDGE('',*,*,#5627,.T.);
#5630=ORIENTED_EDGE('',*,*,#5629,.T.);
#5631=ORIENTED_EDGE('',*,*,#5577,.F.);
#5632=EDGE_LOOP('',(#5626,#5628,#5630,#5631));
#5633=FACE_OUTER_BOUND('',#5632,.F.);
#5634=ADVANCED_FACE('',(#5633),#5625,.T.);
#5635=CARTESIAN_POINT('',(-3.953125E0,-8.75E-1,3.725E1));
#5636=DIRECTION('',(1.829079161830E-1,-9.831300494836E-1,0.E0));
#5637=DIRECTION('',(9.831300494836E-1,1.829079161830E-1,0.E0));
#5638=AXIS2_PLACEMENT_3D('',#5635,#5636,#5637);
#5639=PLANE('',#5638);
#5640=ORIENTED_EDGE('',*,*,#3885,.F.);
#5642=ORIENTED_EDGE('',*,*,#5641,.T.);
#5644=ORIENTED_EDGE('',*,*,#5643,.T.);
#5645=ORIENTED_EDGE('',*,*,#5627,.F.);
#5646=EDGE_LOOP('',(#5640,#5642,#5644,#5645));
#5647=FACE_OUTER_BOUND('',#5646,.F.);
#5648=ADVANCED_FACE('',(#5647),#5639,.F.);
#5649=CARTESIAN_POINT('',(-4.625E0,-1.6E0,3.725E1));
#5650=DIRECTION('',(-1.E0,0.E0,0.E0));
#5651=DIRECTION('',(0.E0,-1.E0,0.E0));
#5652=AXIS2_PLACEMENT_3D('',#5649,#5650,#5651);
#5653=PLANE('',#5652);
#5654=ORIENTED_EDGE('',*,*,#3883,.T.);
#5656=ORIENTED_EDGE('',*,*,#5655,.T.);
#5658=ORIENTED_EDGE('',*,*,#5657,.F.);
#5659=ORIENTED_EDGE('',*,*,#5641,.F.);
#5660=EDGE_LOOP('',(#5654,#5656,#5658,#5659));
#5661=FACE_OUTER_BOUND('',#5660,.F.);
#5662=ADVANCED_FACE('',(#5661),#5653,.T.);
#5663=CARTESIAN_POINT('',(-4.1875E0,-2.2E0,3.725E1));
#5664=DIRECTION('',(0.E0,-1.E0,0.E0));
#5665=DIRECTION('',(1.E0,0.E0,0.E0));
#5666=AXIS2_PLACEMENT_3D('',#5663,#5664,#5665);
#5667=PLANE('',#5666);
#5668=ORIENTED_EDGE('',*,*,#3881,.T.);
#5670=ORIENTED_EDGE('',*,*,#5669,.T.);
#5672=ORIENTED_EDGE('',*,*,#5671,.F.);
#5673=ORIENTED_EDGE('',*,*,#5655,.F.);
#5674=EDGE_LOOP('',(#5668,#5670,#5672,#5673));
#5675=FACE_OUTER_BOUND('',#5674,.F.);
#5676=ADVANCED_FACE('',(#5675),#5667,.T.);
#5677=CARTESIAN_POINT('',(-3.75E0,-2.6E0,3.725E1));
#5678=DIRECTION('',(-1.E0,0.E0,0.E0));
#5679=DIRECTION('',(0.E0,-1.E0,0.E0));
#5680=AXIS2_PLACEMENT_3D('',#5677,#5678,#5679);
#5681=PLANE('',#5680);
#5683=ORIENTED_EDGE('',*,*,#5682,.F.);
#5685=ORIENTED_EDGE('',*,*,#5684,.F.);
#5686=ORIENTED_EDGE('',*,*,#5669,.F.);
#5687=ORIENTED_EDGE('',*,*,#3879,.T.);
#5688=EDGE_LOOP('',(#5683,#5685,#5686,#5687));
#5689=FACE_OUTER_BOUND('',#5688,.F.);
#5690=ADVANCED_FACE('',(#5689),#5681,.T.);
#5691=CARTESIAN_POINT('',(-3.5E0,-2.75E0,-1.139599260125E2));
#5692=DIRECTION('',(0.E0,0.E0,1.E0));
#5693=DIRECTION('',(-1.E0,0.E0,0.E0));
#5694=AXIS2_PLACEMENT_3D('',#5691,#5692,#5693);
#5695=CYLINDRICAL_SURFACE('',#5694,2.5E-1);
#5696=ORIENTED_EDGE('',*,*,#3877,.T.);
#5698=ORIENTED_EDGE('',*,*,#5697,.F.);
#5700=ORIENTED_EDGE('',*,*,#5699,.T.);
#5701=ORIENTED_EDGE('',*,*,#5682,.T.);
#5702=EDGE_LOOP('',(#5696,#5698,#5700,#5701));
#5703=FACE_OUTER_BOUND('',#5702,.F.);
#5704=ADVANCED_FACE('',(#5703),#5695,.T.);
#5705=CARTESIAN_POINT('',(0.E0,-3.E0,3.725E1));
#5706=DIRECTION('',(0.E0,-1.E0,0.E0));
#5707=DIRECTION('',(1.E0,0.E0,0.E0));
#5708=AXIS2_PLACEMENT_3D('',#5705,#5706,#5707);
#5709=PLANE('',#5708);
#5710=ORIENTED_EDGE('',*,*,#3910,.F.);
#5712=ORIENTED_EDGE('',*,*,#5711,.F.);
#5713=ORIENTED_EDGE('',*,*,#5697,.T.);
#5714=ORIENTED_EDGE('',*,*,#3875,.T.);
#5715=EDGE_LOOP('',(#5710,#5712,#5713,#5714));
#5716=FACE_OUTER_BOUND('',#5715,.F.);
#5717=ADVANCED_FACE('',(#5716),#5709,.T.);
#5718=CARTESIAN_POINT('',(-2.4272E0,0.E0,3.7E1));
#5719=DIRECTION('',(0.E0,0.E0,1.E0));
#5720=DIRECTION('',(-1.E0,0.E0,0.E0));
#5721=AXIS2_PLACEMENT_3D('',#5718,#5719,#5720);
#5722=PLANE('',#5721);
#5723=ORIENTED_EDGE('',*,*,#3908,.F.);
#5724=ORIENTED_EDGE('',*,*,#3924,.T.);
#5725=ORIENTED_EDGE('',*,*,#3937,.T.);
#5726=ORIENTED_EDGE('',*,*,#3951,.T.);
#5727=ORIENTED_EDGE('',*,*,#3965,.F.);
#5729=ORIENTED_EDGE('',*,*,#5728,.T.);
#5730=ORIENTED_EDGE('',*,*,#5643,.F.);
#5731=ORIENTED_EDGE('',*,*,#5657,.T.);
#5732=ORIENTED_EDGE('',*,*,#5671,.T.);
#5733=ORIENTED_EDGE('',*,*,#5684,.T.);
#5734=ORIENTED_EDGE('',*,*,#5699,.F.);
#5735=ORIENTED_EDGE('',*,*,#5711,.T.);
#5736=EDGE_LOOP('',(#5723,#5724,#5725,#5726,#5727,#5729,#5730,#5731,#5732,#5733,
#5734,#5735));
#5737=FACE_OUTER_BOUND('',#5736,.F.);
#5738=ADVANCED_FACE('',(#5737),#5722,.F.);
#5739=CARTESIAN_POINT('',(3.55E0,-7.5E-1,3.675E1));
#5740=DIRECTION('',(-1.E0,0.E0,0.E0));
#5741=DIRECTION('',(0.E0,0.E0,1.E0));
#5742=AXIS2_PLACEMENT_3D('',#5739,#5740,#5741);
#5743=CYLINDRICAL_SURFACE('',#5742,2.5E-1);
#5745=ORIENTED_EDGE('',*,*,#5744,.F.);
#5746=ORIENTED_EDGE('',*,*,#5629,.F.);
#5747=ORIENTED_EDGE('',*,*,#5728,.F.);
#5748=ORIENTED_EDGE('',*,*,#4012,.F.);
#5749=EDGE_LOOP('',(#5745,#5746,#5747,#5748));
#5750=FACE_OUTER_BOUND('',#5749,.F.);
#5751=ADVANCED_FACE('',(#5750),#5743,.F.);
#5752=CARTESIAN_POINT('',(0.E0,-5.E-1,0.E0));
#5753=DIRECTION('',(0.E0,1.E0,0.E0));
#5754=DIRECTION('',(0.E0,0.E0,-1.E0));
#5755=AXIS2_PLACEMENT_3D('',#5752,#5753,#5754);
#5756=PLANE('',#5755);
#5757=ORIENTED_EDGE('',*,*,#5744,.T.);
#5759=ORIENTED_EDGE('',*,*,#5758,.T.);
#5761=ORIENTED_EDGE('',*,*,#5760,.T.);
#5762=ORIENTED_EDGE('',*,*,#5565,.F.);
#5763=EDGE_LOOP('',(#5757,#5759,#5761,#5762));
#5764=FACE_OUTER_BOUND('',#5763,.F.);
#5766=ORIENTED_EDGE('',*,*,#5765,.T.);
#5768=ORIENTED_EDGE('',*,*,#5767,.T.);
#5770=ORIENTED_EDGE('',*,*,#5769,.T.);
#5772=ORIENTED_EDGE('',*,*,#5771,.T.);
#5773=EDGE_LOOP('',(#5766,#5768,#5770,#5772));
#5774=FACE_BOUND('',#5773,.F.);
#5776=ORIENTED_EDGE('',*,*,#5775,.F.);
#5778=ORIENTED_EDGE('',*,*,#5777,.F.);
#5779=EDGE_LOOP('',(#5776,#5778));
#5780=FACE_BOUND('',#5779,.F.);
#5782=ORIENTED_EDGE('',*,*,#5781,.F.);
#5784=ORIENTED_EDGE('',*,*,#5783,.F.);
#5785=EDGE_LOOP('',(#5782,#5784));
#5786=FACE_BOUND('',#5785,.F.);
#5787=ADVANCED_FACE('',(#5764,#5774,#5780,#5786),#5756,.F.);
#5788=CARTESIAN_POINT('',(0.E0,-2.5E-1,-3.345E1));
#5789=DIRECTION('',(0.E0,0.E0,1.E0));
#5790=DIRECTION('',(1.E0,0.E0,0.E0));
#5791=AXIS2_PLACEMENT_3D('',#5788,#5789,#5790);
#5792=PLANE('',#5791);
#5793=ORIENTED_EDGE('',*,*,#4046,.T.);
#5795=ORIENTED_EDGE('',*,*,#5794,.T.);
#5796=ORIENTED_EDGE('',*,*,#5765,.F.);
#5798=ORIENTED_EDGE('',*,*,#5797,.F.);
#5799=EDGE_LOOP('',(#5793,#5795,#5796,#5798));
#5800=FACE_OUTER_BOUND('',#5799,.F.);
#5801=ADVANCED_FACE('',(#5800),#5792,.T.);
#5802=CARTESIAN_POINT('',(1.4E0,-2.5E-1,0.E0));
#5803=DIRECTION('',(-1.E0,0.E0,0.E0));
#5804=DIRECTION('',(0.E0,0.E0,1.E0));
#5805=AXIS2_PLACEMENT_3D('',#5802,#5803,#5804);
#5806=PLANE('',#5805);
#5807=ORIENTED_EDGE('',*,*,#4052,.T.);
#5809=ORIENTED_EDGE('',*,*,#5808,.T.);
#5810=ORIENTED_EDGE('',*,*,#5767,.F.);
#5811=ORIENTED_EDGE('',*,*,#5794,.F.);
#5812=EDGE_LOOP('',(#5807,#5809,#5810,#5811));
#5813=FACE_OUTER_BOUND('',#5812,.F.);
#5814=ADVANCED_FACE('',(#5813),#5806,.T.);
#5815=CARTESIAN_POINT('',(0.E0,-2.5E-1,3.345E1));
#5816=DIRECTION('',(0.E0,0.E0,-1.E0));
#5817=DIRECTION('',(-1.E0,0.E0,0.E0));
#5818=AXIS2_PLACEMENT_3D('',#5815,#5816,#5817);
#5819=PLANE('',#5818);
#5820=ORIENTED_EDGE('',*,*,#4050,.T.);
#5822=ORIENTED_EDGE('',*,*,#5821,.T.);
#5823=ORIENTED_EDGE('',*,*,#5769,.F.);
#5824=ORIENTED_EDGE('',*,*,#5808,.F.);
#5825=EDGE_LOOP('',(#5820,#5822,#5823,#5824));
#5826=FACE_OUTER_BOUND('',#5825,.F.);
#5827=ADVANCED_FACE('',(#5826),#5819,.T.);
#5828=CARTESIAN_POINT('',(-1.4E0,-2.5E-1,0.E0));
#5829=DIRECTION('',(1.E0,0.E0,0.E0));
#5830=DIRECTION('',(0.E0,0.E0,-1.E0));
#5831=AXIS2_PLACEMENT_3D('',#5828,#5829,#5830);
#5832=PLANE('',#5831);
#5833=ORIENTED_EDGE('',*,*,#4048,.T.);
#5834=ORIENTED_EDGE('',*,*,#5797,.T.);
#5835=ORIENTED_EDGE('',*,*,#5771,.F.);
#5836=ORIENTED_EDGE('',*,*,#5821,.F.);
#5837=EDGE_LOOP('',(#5833,#5834,#5835,#5836));
#5838=FACE_OUTER_BOUND('',#5837,.F.);
#5839=ADVANCED_FACE('',(#5838),#5832,.T.);
#5840=CARTESIAN_POINT('',(3.875E0,-7.5E-1,3.675E1));
#5841=DIRECTION('',(0.E0,0.E0,1.E0));
#5842=DIRECTION('',(1.E0,0.E0,0.E0));
#5843=AXIS2_PLACEMENT_3D('',#5840,#5841,#5842);
#5844=CYLINDRICAL_SURFACE('',#5843,2.5E-1);
#5845=ORIENTED_EDGE('',*,*,#4792,.T.);
#5847=ORIENTED_EDGE('',*,*,#5846,.T.);
#5848=ORIENTED_EDGE('',*,*,#5758,.F.);
#5850=ORIENTED_EDGE('',*,*,#5849,.F.);
#5851=EDGE_LOOP('',(#5845,#5847,#5848,#5850));
#5852=FACE_OUTER_BOUND('',#5851,.F.);
#5853=ADVANCED_FACE('',(#5852),#5844,.F.);
#5854=CARTESIAN_POINT('',(4.228553390593E0,-3.964466094067E-1,-3.675E1));
#5855=DIRECTION('',(0.E0,0.E0,-1.E0));
#5856=DIRECTION('',(0.E0,1.E0,0.E0));
#5857=AXIS2_PLACEMENT_3D('',#5854,#5855,#5856);
#5858=PLANE('',#5857);
#5860=ORIENTED_EDGE('',*,*,#5859,.T.);
#5862=ORIENTED_EDGE('',*,*,#5861,.T.);
#5863=ORIENTED_EDGE('',*,*,#5846,.F.);
#5865=ORIENTED_EDGE('',*,*,#5864,.F.);
#5866=EDGE_LOOP('',(#5860,#5862,#5863,#5865));
#5867=FACE_OUTER_BOUND('',#5866,.F.);
#5868=ADVANCED_FACE('',(#5867),#5858,.T.);
#5869=CARTESIAN_POINT('',(3.875E0,-7.5E-1,3.675E1));
#5870=DIRECTION('',(0.E0,0.E0,1.E0));
#5871=DIRECTION('',(1.E0,0.E0,0.E0));
#5872=AXIS2_PLACEMENT_3D('',#5869,#5870,#5871);
#5873=CYLINDRICAL_SURFACE('',#5872,7.5E-1);
#5874=ORIENTED_EDGE('',*,*,#4663,.F.);
#5876=ORIENTED_EDGE('',*,*,#5875,.T.);
#5877=ORIENTED_EDGE('',*,*,#4042,.T.);
#5878=ORIENTED_EDGE('',*,*,#5859,.F.);
#5879=EDGE_LOOP('',(#5874,#5876,#5877,#5878));
#5880=FACE_OUTER_BOUND('',#5879,.F.);
#5881=ADVANCED_FACE('',(#5880),#5873,.T.);
#5882=CARTESIAN_POINT('',(4.228553390593E0,-3.964466094067E-1,3.675E1));
#5883=DIRECTION('',(0.E0,0.E0,-1.E0));
#5884=DIRECTION('',(0.E0,1.E0,0.E0));
#5885=AXIS2_PLACEMENT_3D('',#5882,#5883,#5884);
#5886=PLANE('',#5885);
#5887=ORIENTED_EDGE('',*,*,#5875,.F.);
#5889=ORIENTED_EDGE('',*,*,#5888,.T.);
#5890=ORIENTED_EDGE('',*,*,#5849,.T.);
#5891=ORIENTED_EDGE('',*,*,#4010,.F.);
#5892=EDGE_LOOP('',(#5887,#5889,#5890,#5891));
#5893=FACE_OUTER_BOUND('',#5892,.F.);
#5894=ADVANCED_FACE('',(#5893),#5886,.F.);
#5895=CARTESIAN_POINT('',(4.375E0,-1.525E0,3.675E1));
#5896=DIRECTION('',(0.E0,0.E0,-1.E0));
#5897=DIRECTION('',(0.E0,1.E0,0.E0));
#5898=AXIS2_PLACEMENT_3D('',#5895,#5896,#5897);
#5899=PLANE('',#5898);
#5900=ORIENTED_EDGE('',*,*,#4661,.F.);
#5902=ORIENTED_EDGE('',*,*,#5901,.T.);
#5903=ORIENTED_EDGE('',*,*,#4794,.T.);
#5904=ORIENTED_EDGE('',*,*,#5888,.F.);
#5905=EDGE_LOOP('',(#5900,#5902,#5903,#5904));
#5906=FACE_OUTER_BOUND('',#5905,.F.);
#5907=ADVANCED_FACE('',(#5906),#5899,.F.);
#5908=CARTESIAN_POINT('',(4.375E0,-2.3E0,3.7125E1));
#5909=DIRECTION('',(0.E0,-1.E0,0.E0));
#5910=DIRECTION('',(0.E0,0.E0,-1.E0));
#5911=AXIS2_PLACEMENT_3D('',#5908,#5909,#5910);
#5912=PLANE('',#5911);
#5913=ORIENTED_EDGE('',*,*,#4659,.F.);
#5915=ORIENTED_EDGE('',*,*,#5914,.T.);
#5916=ORIENTED_EDGE('',*,*,#4796,.T.);
#5917=ORIENTED_EDGE('',*,*,#5901,.F.);
#5918=EDGE_LOOP('',(#5913,#5915,#5916,#5917));
#5919=FACE_OUTER_BOUND('',#5918,.F.);
#5920=ADVANCED_FACE('',(#5919),#5912,.F.);
#5921=CARTESIAN_POINT('',(4.375E0,-2.9E0,3.75E1));
#5922=DIRECTION('',(0.E0,0.E0,-1.E0));
#5923=DIRECTION('',(0.E0,1.E0,0.E0));
#5924=AXIS2_PLACEMENT_3D('',#5921,#5922,#5923);
#5925=PLANE('',#5924);
#5927=ORIENTED_EDGE('',*,*,#5926,.F.);
#5928=ORIENTED_EDGE('',*,*,#4798,.T.);
#5929=ORIENTED_EDGE('',*,*,#5914,.F.);
#5930=ORIENTED_EDGE('',*,*,#4657,.F.);
#5931=EDGE_LOOP('',(#5927,#5928,#5929,#5930));
#5932=FACE_OUTER_BOUND('',#5931,.F.);
#5933=ADVANCED_FACE('',(#5932),#5925,.F.);
#5934=CARTESIAN_POINT('',(-1.66833E1,-3.25E0,3.725E1));
#5935=DIRECTION('',(1.E0,0.E0,0.E0));
#5936=DIRECTION('',(0.E0,0.E0,1.E0));
#5937=AXIS2_PLACEMENT_3D('',#5934,#5935,#5936);
#5938=CYLINDRICAL_SURFACE('',#5937,2.5E-1);
#5939=ORIENTED_EDGE('',*,*,#4655,.T.);
#5941=ORIENTED_EDGE('',*,*,#5940,.F.);
#5942=ORIENTED_EDGE('',*,*,#4800,.T.);
#5943=ORIENTED_EDGE('',*,*,#5926,.T.);
#5944=EDGE_LOOP('',(#5939,#5941,#5942,#5943));
#5945=FACE_OUTER_BOUND('',#5944,.F.);
#5946=ADVANCED_FACE('',(#5945),#5938,.T.);
#5947=CARTESIAN_POINT('',(4.375E0,-3.5E0,3.445E1));
#5948=DIRECTION('',(0.E0,1.E0,0.E0));
#5949=DIRECTION('',(0.E0,0.E0,1.E0));
#5950=AXIS2_PLACEMENT_3D('',#5947,#5948,#5949);
#5951=PLANE('',#5950);
#5952=ORIENTED_EDGE('',*,*,#5940,.T.);
#5953=ORIENTED_EDGE('',*,*,#4653,.F.);
#5955=ORIENTED_EDGE('',*,*,#5954,.T.);
#5956=ORIENTED_EDGE('',*,*,#4802,.T.);
#5957=EDGE_LOOP('',(#5952,#5953,#5955,#5956));
#5958=FACE_OUTER_BOUND('',#5957,.F.);
#5959=ADVANCED_FACE('',(#5958),#5951,.F.);
#5960=CARTESIAN_POINT('',(4.375E0,-5.1E0,3.14E1));
#5961=DIRECTION('',(0.E0,0.E0,-1.E0));
#5962=DIRECTION('',(0.E0,1.E0,0.E0));
#5963=AXIS2_PLACEMENT_3D('',#5960,#5961,#5962);
#5964=PLANE('',#5963);
#5966=ORIENTED_EDGE('',*,*,#5965,.F.);
#5967=ORIENTED_EDGE('',*,*,#4804,.T.);
#5968=ORIENTED_EDGE('',*,*,#5954,.F.);
#5969=ORIENTED_EDGE('',*,*,#4651,.F.);
#5970=EDGE_LOOP('',(#5966,#5967,#5968,#5969));
#5971=FACE_OUTER_BOUND('',#5970,.F.);
#5972=ADVANCED_FACE('',(#5971),#5964,.F.);
#5973=CARTESIAN_POINT('',(-1.66833E1,-5.25E0,3.115E1));
#5974=DIRECTION('',(1.E0,0.E0,0.E0));
#5975=DIRECTION('',(0.E0,0.E0,1.E0));
#5976=AXIS2_PLACEMENT_3D('',#5973,#5974,#5975);
#5977=CYLINDRICAL_SURFACE('',#5976,2.5E-1);
#5978=ORIENTED_EDGE('',*,*,#4649,.T.);
#5980=ORIENTED_EDGE('',*,*,#5979,.F.);
#5981=ORIENTED_EDGE('',*,*,#4806,.T.);
#5982=ORIENTED_EDGE('',*,*,#5965,.T.);
#5983=EDGE_LOOP('',(#5978,#5980,#5981,#5982));
#5984=FACE_OUTER_BOUND('',#5983,.F.);
#5985=ADVANCED_FACE('',(#5984),#5977,.T.);
#5986=CARTESIAN_POINT('',(-4.625E0,-5.5E0,3.14E1));
#5987=DIRECTION('',(0.E0,1.E0,0.E0));
#5988=DIRECTION('',(0.E0,0.E0,-1.E0));
#5989=AXIS2_PLACEMENT_3D('',#5986,#5987,#5988);
#5990=PLANE('',#5989);
#5992=ORIENTED_EDGE('',*,*,#5991,.T.);
#5993=ORIENTED_EDGE('',*,*,#4288,.T.);
#5995=ORIENTED_EDGE('',*,*,#5994,.F.);
#5996=ORIENTED_EDGE('',*,*,#4150,.F.);
#5997=EDGE_LOOP('',(#5992,#5993,#5995,#5996));
#5998=FACE_OUTER_BOUND('',#5997,.F.);
#5999=ADVANCED_FACE('',(#5998),#5990,.F.);
#6000=CARTESIAN_POINT('',(-4.625E0,-5.5E0,3.14E1));
#6001=DIRECTION('',(0.E0,1.E0,0.E0));
#6002=DIRECTION('',(0.E0,0.E0,-1.E0));
#6003=AXIS2_PLACEMENT_3D('',#6000,#6001,#6002);
#6004=PLANE('',#6003);
#6005=ORIENTED_EDGE('',*,*,#5979,.T.);
#6006=ORIENTED_EDGE('',*,*,#4647,.T.);
#6008=ORIENTED_EDGE('',*,*,#6007,.F.);
#6009=ORIENTED_EDGE('',*,*,#4808,.F.);
#6010=EDGE_LOOP('',(#6005,#6006,#6008,#6009));
#6011=FACE_OUTER_BOUND('',#6010,.F.);
#6012=ADVANCED_FACE('',(#6011),#6004,.F.);
#6013=CARTESIAN_POINT('',(-1.66833E1,-5.25E0,3.115E1));
#6014=DIRECTION('',(1.E0,0.E0,0.E0));
#6015=DIRECTION('',(0.E0,0.E0,1.E0));
#6016=AXIS2_PLACEMENT_3D('',#6013,#6014,#6015);
#6017=CYLINDRICAL_SURFACE('',#6016,2.5E-1);
#6018=ORIENTED_EDGE('',*,*,#4290,.T.);
#6019=ORIENTED_EDGE('',*,*,#5991,.F.);
#6020=ORIENTED_EDGE('',*,*,#4148,.T.);
#6022=ORIENTED_EDGE('',*,*,#6021,.T.);
#6023=EDGE_LOOP('',(#6018,#6019,#6020,#6022));
#6024=FACE_OUTER_BOUND('',#6023,.F.);
#6025=ADVANCED_FACE('',(#6024),#6017,.T.);
#6026=CARTESIAN_POINT('',(-4.375E0,-5.1E0,3.14E1));
#6027=DIRECTION('',(0.E0,0.E0,1.E0));
#6028=DIRECTION('',(0.E0,1.E0,0.E0));
#6029=AXIS2_PLACEMENT_3D('',#6026,#6027,#6028);
#6030=PLANE('',#6029);
#6031=ORIENTED_EDGE('',*,*,#6021,.F.);
#6032=ORIENTED_EDGE('',*,*,#4146,.T.);
#6034=ORIENTED_EDGE('',*,*,#6033,.T.);
#6035=ORIENTED_EDGE('',*,*,#4292,.F.);
#6036=EDGE_LOOP('',(#6031,#6032,#6034,#6035));
#6037=FACE_OUTER_BOUND('',#6036,.F.);
#6038=ADVANCED_FACE('',(#6037),#6030,.T.);
#6039=CARTESIAN_POINT('',(-4.375E0,-3.5E0,3.445E1));
#6040=DIRECTION('',(0.E0,-1.E0,0.E0));
#6041=DIRECTION('',(0.E0,0.E0,1.E0));
#6042=AXIS2_PLACEMENT_3D('',#6039,#6040,#6041);
#6043=PLANE('',#6042);
#6045=ORIENTED_EDGE('',*,*,#6044,.F.);
#6046=ORIENTED_EDGE('',*,*,#4294,.F.);
#6047=ORIENTED_EDGE('',*,*,#6033,.F.);
#6048=ORIENTED_EDGE('',*,*,#4144,.T.);
#6049=EDGE_LOOP('',(#6045,#6046,#6047,#6048));
#6050=FACE_OUTER_BOUND('',#6049,.F.);
#6051=ADVANCED_FACE('',(#6050),#6043,.T.);
#6052=CARTESIAN_POINT('',(1.66833E1,-3.25E0,3.725E1));
#6053=DIRECTION('',(-1.E0,0.E0,0.E0));
#6054=DIRECTION('',(0.E0,-1.E0,0.E0));
#6055=AXIS2_PLACEMENT_3D('',#6052,#6053,#6054);
#6056=CYLINDRICAL_SURFACE('',#6055,2.5E-1);
#6057=ORIENTED_EDGE('',*,*,#4142,.T.);
#6059=ORIENTED_EDGE('',*,*,#6058,.F.);
#6060=ORIENTED_EDGE('',*,*,#4296,.T.);
#6061=ORIENTED_EDGE('',*,*,#6044,.T.);
#6062=EDGE_LOOP('',(#6057,#6059,#6060,#6061));
#6063=FACE_OUTER_BOUND('',#6062,.F.);
#6064=ADVANCED_FACE('',(#6063),#6056,.T.);
#6065=CARTESIAN_POINT('',(-4.375E0,-2.9E0,3.75E1));
#6066=DIRECTION('',(0.E0,0.E0,1.E0));
#6067=DIRECTION('',(0.E0,1.E0,0.E0));
#6068=AXIS2_PLACEMENT_3D('',#6065,#6066,#6067);
#6069=PLANE('',#6068);
#6070=ORIENTED_EDGE('',*,*,#6058,.T.);
#6071=ORIENTED_EDGE('',*,*,#4140,.T.);
#6073=ORIENTED_EDGE('',*,*,#6072,.T.);
#6074=ORIENTED_EDGE('',*,*,#4298,.F.);
#6075=EDGE_LOOP('',(#6070,#6071,#6073,#6074));
#6076=FACE_OUTER_BOUND('',#6075,.F.);
#6077=ADVANCED_FACE('',(#6076),#6069,.T.);
#6078=CARTESIAN_POINT('',(-4.375E0,-2.3E0,3.7125E1));
#6079=DIRECTION('',(0.E0,1.E0,0.E0));
#6080=DIRECTION('',(0.E0,0.E0,-1.E0));
#6081=AXIS2_PLACEMENT_3D('',#6078,#6079,#6080);
#6082=PLANE('',#6081);
#6083=ORIENTED_EDGE('',*,*,#4138,.T.);
#6085=ORIENTED_EDGE('',*,*,#6084,.T.);
#6086=ORIENTED_EDGE('',*,*,#4300,.F.);
#6087=ORIENTED_EDGE('',*,*,#6072,.F.);
#6088=EDGE_LOOP('',(#6083,#6085,#6086,#6087));
#6089=FACE_OUTER_BOUND('',#6088,.F.);
#6090=ADVANCED_FACE('',(#6089),#6082,.T.);
#6091=CARTESIAN_POINT('',(-4.375E0,-1.525E0,3.675E1));
#6092=DIRECTION('',(0.E0,0.E0,1.E0));
#6093=DIRECTION('',(0.E0,1.E0,0.E0));
#6094=AXIS2_PLACEMENT_3D('',#6091,#6092,#6093);
#6095=PLANE('',#6094);
#6096=ORIENTED_EDGE('',*,*,#4136,.T.);
#6097=ORIENTED_EDGE('',*,*,#5580,.T.);
#6098=ORIENTED_EDGE('',*,*,#4302,.F.);
#6099=ORIENTED_EDGE('',*,*,#6084,.F.);
#6100=EDGE_LOOP('',(#6096,#6097,#6098,#6099));
#6101=FACE_OUTER_BOUND('',#6100,.F.);
#6102=ADVANCED_FACE('',(#6101),#6095,.T.);
#6103=CARTESIAN_POINT('',(-4.625E0,-5.5E0,3.055E1));
#6104=DIRECTION('',(0.E0,0.E0,-1.E0));
#6105=DIRECTION('',(0.E0,-1.E0,0.E0));
#6106=AXIS2_PLACEMENT_3D('',#6103,#6104,#6105);
#6107=PLANE('',#6106);
#6109=ORIENTED_EDGE('',*,*,#6108,.F.);
#6110=ORIENTED_EDGE('',*,*,#4152,.T.);
#6111=ORIENTED_EDGE('',*,*,#5994,.T.);
#6112=ORIENTED_EDGE('',*,*,#4286,.F.);
#6113=EDGE_LOOP('',(#6109,#6110,#6111,#6112));
#6114=FACE_OUTER_BOUND('',#6113,.F.);
#6115=ADVANCED_FACE('',(#6114),#6107,.F.);
#6116=CARTESIAN_POINT('',(-4.155330085890E0,-6.230330085890E0,3.055E1));
#6117=DIRECTION('',(0.E0,0.E0,1.E0));
#6118=DIRECTION('',(-1.E0,0.E0,0.E0));
#6119=AXIS2_PLACEMENT_3D('',#6116,#6117,#6118);
#6120=PLANE('',#6119);
#6122=ORIENTED_EDGE('',*,*,#6121,.T.);
#6123=ORIENTED_EDGE('',*,*,#6108,.T.);
#6125=ORIENTED_EDGE('',*,*,#6124,.F.);
#6127=ORIENTED_EDGE('',*,*,#6126,.F.);
#6128=EDGE_LOOP('',(#6122,#6123,#6125,#6127));
#6129=FACE_OUTER_BOUND('',#6128,.F.);
#6130=ADVANCED_FACE('',(#6129),#6120,.T.);
#6131=CARTESIAN_POINT('',(-3.625E0,-5.7E0,2.935E1));
#6132=DIRECTION('',(0.E0,0.E0,-1.E0));
#6133=DIRECTION('',(0.E0,-1.E0,0.E0));
#6134=AXIS2_PLACEMENT_3D('',#6131,#6132,#6133);
#6135=CYLINDRICAL_SURFACE('',#6134,1.E0);
#6137=ORIENTED_EDGE('',*,*,#6136,.F.);
#6139=ORIENTED_EDGE('',*,*,#6138,.T.);
#6140=ORIENTED_EDGE('',*,*,#4154,.T.);
#6141=ORIENTED_EDGE('',*,*,#6121,.F.);
#6142=EDGE_LOOP('',(#6137,#6139,#6140,#6141));
#6143=FACE_OUTER_BOUND('',#6142,.F.);
#6144=ADVANCED_FACE('',(#6143),#6135,.T.);
#6145=CARTESIAN_POINT('',(-4.625E0,-6.7E0,3.055E1));
#6146=DIRECTION('',(0.E0,1.E0,0.E0));
#6147=DIRECTION('',(0.E0,0.E0,1.E0));
#6148=AXIS2_PLACEMENT_3D('',#6145,#6146,#6147);
#6149=PLANE('',#6148);
#6151=ORIENTED_EDGE('',*,*,#6150,.F.);
#6153=ORIENTED_EDGE('',*,*,#6152,.T.);
#6155=ORIENTED_EDGE('',*,*,#6154,.F.);
#6157=ORIENTED_EDGE('',*,*,#6156,.T.);
#6158=ORIENTED_EDGE('',*,*,#6136,.T.);
#6160=ORIENTED_EDGE('',*,*,#6159,.T.);
#6161=EDGE_LOOP('',(#6151,#6153,#6155,#6157,#6158,#6160));
#6162=FACE_OUTER_BOUND('',#6161,.F.);
#6163=ADVANCED_FACE('',(#6162),#6149,.F.);
#6164=CARTESIAN_POINT('',(-1.875E0,8.962314616E0,3.03E1));
#6165=DIRECTION('',(0.E0,-1.E0,0.E0));
#6166=DIRECTION('',(1.E0,0.E0,0.E0));
#6167=AXIS2_PLACEMENT_3D('',#6164,#6165,#6166);
#6168=CYLINDRICAL_SURFACE('',#6167,2.5E-1);
#6169=ORIENTED_EDGE('',*,*,#6150,.T.);
#6171=ORIENTED_EDGE('',*,*,#6170,.F.);
#6173=ORIENTED_EDGE('',*,*,#6172,.T.);
#6175=ORIENTED_EDGE('',*,*,#6174,.T.);
#6176=EDGE_LOOP('',(#6169,#6171,#6173,#6175));
#6177=FACE_OUTER_BOUND('',#6176,.F.);
#6178=ADVANCED_FACE('',(#6177),#6168,.T.);
#6179=CARTESIAN_POINT('',(-2.625E0,-6.45E0,3.055E1));
#6180=DIRECTION('',(0.E0,0.E0,-1.E0));
#6181=DIRECTION('',(1.E0,0.E0,0.E0));
#6182=AXIS2_PLACEMENT_3D('',#6179,#6180,#6181);
#6183=PLANE('',#6182);
#6184=ORIENTED_EDGE('',*,*,#6170,.T.);
#6185=ORIENTED_EDGE('',*,*,#6159,.F.);
#6186=ORIENTED_EDGE('',*,*,#6126,.T.);
#6188=ORIENTED_EDGE('',*,*,#6187,.T.);
#6189=EDGE_LOOP('',(#6184,#6185,#6186,#6188));
#6190=FACE_OUTER_BOUND('',#6189,.F.);
#6191=ADVANCED_FACE('',(#6190),#6183,.F.);
#6192=CARTESIAN_POINT('',(-4.625E0,-6.2E0,3.055E1));
#6193=DIRECTION('',(0.E0,1.E0,0.E0));
#6194=DIRECTION('',(0.E0,0.E0,1.E0));
#6195=AXIS2_PLACEMENT_3D('',#6192,#6193,#6194);
#6196=PLANE('',#6195);
#6197=ORIENTED_EDGE('',*,*,#6172,.F.);
#6198=ORIENTED_EDGE('',*,*,#6187,.F.);
#6200=ORIENTED_EDGE('',*,*,#6199,.F.);
#6202=ORIENTED_EDGE('',*,*,#6201,.F.);
#6204=ORIENTED_EDGE('',*,*,#6203,.F.);
#6206=ORIENTED_EDGE('',*,*,#6205,.F.);
#6207=EDGE_LOOP('',(#6197,#6198,#6200,#6202,#6204,#6206));
#6208=FACE_OUTER_BOUND('',#6207,.F.);
#6209=ADVANCED_FACE('',(#6208),#6196,.T.);
#6210=CARTESIAN_POINT('',(-3.625E0,-5.7E0,2.935E1));
#6211=DIRECTION('',(0.E0,0.E0,-1.E0));
#6212=DIRECTION('',(0.E0,-1.E0,0.E0));
#6213=AXIS2_PLACEMENT_3D('',#6210,#6211,#6212);
#6214=CYLINDRICAL_SURFACE('',#6213,5.E-1);
#6215=ORIENTED_EDGE('',*,*,#6199,.T.);
#6216=ORIENTED_EDGE('',*,*,#6124,.T.);
#6217=ORIENTED_EDGE('',*,*,#4284,.F.);
#6219=ORIENTED_EDGE('',*,*,#6218,.F.);
#6220=EDGE_LOOP('',(#6215,#6216,#6217,#6219));
#6221=FACE_OUTER_BOUND('',#6220,.F.);
#6222=ADVANCED_FACE('',(#6221),#6214,.F.);
#6223=CARTESIAN_POINT('',(-4.155330085890E0,-6.230330085890E0,2.935E1));
#6224=DIRECTION('',(0.E0,0.E0,1.E0));
#6225=DIRECTION('',(-1.E0,0.E0,0.E0));
#6226=AXIS2_PLACEMENT_3D('',#6223,#6224,#6225);
#6227=PLANE('',#6226);
#6228=ORIENTED_EDGE('',*,*,#6138,.F.);
#6230=ORIENTED_EDGE('',*,*,#6229,.T.);
#6231=ORIENTED_EDGE('',*,*,#6218,.T.);
#6233=ORIENTED_EDGE('',*,*,#6232,.F.);
#6234=EDGE_LOOP('',(#6228,#6230,#6231,#6233));
#6235=FACE_OUTER_BOUND('',#6234,.F.);
#6236=ADVANCED_FACE('',(#6235),#6227,.F.);
#6237=CARTESIAN_POINT('',(-2.625E0,-6.45E0,2.935E1));
#6238=DIRECTION('',(0.E0,0.E0,1.E0));
#6239=DIRECTION('',(-1.E0,0.E0,0.E0));
#6240=AXIS2_PLACEMENT_3D('',#6237,#6238,#6239);
#6241=PLANE('',#6240);
#6243=ORIENTED_EDGE('',*,*,#6242,.F.);
#6244=ORIENTED_EDGE('',*,*,#6201,.T.);
#6245=ORIENTED_EDGE('',*,*,#6229,.F.);
#6246=ORIENTED_EDGE('',*,*,#6156,.F.);
#6247=EDGE_LOOP('',(#6243,#6244,#6245,#6246));
#6248=FACE_OUTER_BOUND('',#6247,.F.);
#6249=ADVANCED_FACE('',(#6248),#6241,.F.);
#6250=CARTESIAN_POINT('',(-1.875E0,8.962314616E0,2.96E1));
#6251=DIRECTION('',(0.E0,-1.E0,0.E0));
#6252=DIRECTION('',(0.E0,0.E0,-1.E0));
#6253=AXIS2_PLACEMENT_3D('',#6250,#6251,#6252);
#6254=CYLINDRICAL_SURFACE('',#6253,2.5E-1);
#6255=ORIENTED_EDGE('',*,*,#6154,.T.);
#6257=ORIENTED_EDGE('',*,*,#6256,.F.);
#6258=ORIENTED_EDGE('',*,*,#6203,.T.);
#6259=ORIENTED_EDGE('',*,*,#6242,.T.);
#6260=EDGE_LOOP('',(#6255,#6257,#6258,#6259));
#6261=FACE_OUTER_BOUND('',#6260,.F.);
#6262=ADVANCED_FACE('',(#6261),#6254,.T.);
#6263=CARTESIAN_POINT('',(-1.625E0,-6.45E0,2.995E1));
#6264=DIRECTION('',(-1.E0,0.E0,0.E0));
#6265=DIRECTION('',(0.E0,0.E0,-1.E0));
#6266=AXIS2_PLACEMENT_3D('',#6263,#6264,#6265);
#6267=PLANE('',#6266);
#6268=ORIENTED_EDGE('',*,*,#6174,.F.);
#6269=ORIENTED_EDGE('',*,*,#6205,.T.);
#6270=ORIENTED_EDGE('',*,*,#6256,.T.);
#6271=ORIENTED_EDGE('',*,*,#6152,.F.);
#6272=EDGE_LOOP('',(#6268,#6269,#6270,#6271));
#6273=FACE_OUTER_BOUND('',#6272,.F.);
#6274=ADVANCED_FACE('',(#6273),#6267,.F.);
#6275=CARTESIAN_POINT('',(-4.625E0,-6.7E0,2.935E1));
#6276=DIRECTION('',(0.E0,0.E0,1.E0));
#6277=DIRECTION('',(0.E0,1.E0,0.E0));
#6278=AXIS2_PLACEMENT_3D('',#6275,#6276,#6277);
#6279=PLANE('',#6278);
#6280=ORIENTED_EDGE('',*,*,#6232,.T.);
#6281=ORIENTED_EDGE('',*,*,#4282,.T.);
#6283=ORIENTED_EDGE('',*,*,#6282,.F.);
#6284=ORIENTED_EDGE('',*,*,#4156,.F.);
#6285=EDGE_LOOP('',(#6280,#6281,#6283,#6284));
#6286=FACE_OUTER_BOUND('',#6285,.F.);
#6287=ADVANCED_FACE('',(#6286),#6279,.F.);
#6288=CARTESIAN_POINT('',(-4.625E0,-5.5E0,2.935E1));
#6289=DIRECTION('',(0.E0,1.E0,0.E0));
#6290=DIRECTION('',(0.E0,0.E0,-1.E0));
#6291=AXIS2_PLACEMENT_3D('',#6288,#6289,#6290);
#6292=PLANE('',#6291);
#6294=ORIENTED_EDGE('',*,*,#6293,.T.);
#6295=ORIENTED_EDGE('',*,*,#4816,.F.);
#6297=ORIENTED_EDGE('',*,*,#6296,.T.);
#6298=ORIENTED_EDGE('',*,*,#4639,.T.);
#6299=EDGE_LOOP('',(#6294,#6295,#6297,#6298));
#6300=FACE_OUTER_BOUND('',#6299,.F.);
#6301=ADVANCED_FACE('',(#6300),#6292,.F.);
#6302=CARTESIAN_POINT('',(-4.625E0,-5.5E0,2.935E1));
#6303=DIRECTION('',(0.E0,1.E0,0.E0));
#6304=DIRECTION('',(0.E0,0.E0,-1.E0));
#6305=AXIS2_PLACEMENT_3D('',#6302,#6303,#6304);
#6306=PLANE('',#6305);
#6308=ORIENTED_EDGE('',*,*,#6307,.T.);
#6309=ORIENTED_EDGE('',*,*,#4158,.F.);
#6310=ORIENTED_EDGE('',*,*,#6282,.T.);
#6311=ORIENTED_EDGE('',*,*,#4280,.T.);
#6312=EDGE_LOOP('',(#6308,#6309,#6310,#6311));
#6313=FACE_OUTER_BOUND('',#6312,.F.);
#6314=ADVANCED_FACE('',(#6313),#6306,.F.);
#6315=CARTESIAN_POINT('',(1.66833E1,-5.25E0,2.875E1));
#6316=DIRECTION('',(-1.E0,0.E0,0.E0));
#6317=DIRECTION('',(0.E0,0.E0,-1.E0));
#6318=AXIS2_PLACEMENT_3D('',#6315,#6316,#6317);
#6319=CYLINDRICAL_SURFACE('',#6318,2.5E-1);
#6320=ORIENTED_EDGE('',*,*,#4818,.T.);
#6321=ORIENTED_EDGE('',*,*,#6293,.F.);
#6322=ORIENTED_EDGE('',*,*,#4637,.T.);
#6324=ORIENTED_EDGE('',*,*,#6323,.T.);
#6325=EDGE_LOOP('',(#6320,#6321,#6322,#6324));
#6326=FACE_OUTER_BOUND('',#6325,.F.);
#6327=ADVANCED_FACE('',(#6326),#6319,.T.);
#6328=CARTESIAN_POINT('',(4.375E0,-5.1E0,2.85E1));
#6329=DIRECTION('',(0.E0,0.E0,1.E0));
#6330=DIRECTION('',(0.E0,-1.E0,0.E0));
#6331=AXIS2_PLACEMENT_3D('',#6328,#6329,#6330);
#6332=PLANE('',#6331);
#6333=ORIENTED_EDGE('',*,*,#6323,.F.);
#6334=ORIENTED_EDGE('',*,*,#4635,.F.);
#6336=ORIENTED_EDGE('',*,*,#6335,.T.);
#6337=ORIENTED_EDGE('',*,*,#4820,.T.);
#6338=EDGE_LOOP('',(#6333,#6334,#6336,#6337));
#6339=FACE_OUTER_BOUND('',#6338,.F.);
#6340=ADVANCED_FACE('',(#6339),#6332,.F.);
#6341=CARTESIAN_POINT('',(4.375E0,-3.5E0,2.245E1));
#6342=DIRECTION('',(0.E0,1.E0,0.E0));
#6343=DIRECTION('',(0.E0,0.E0,1.E0));
#6344=AXIS2_PLACEMENT_3D('',#6341,#6342,#6343);
#6345=PLANE('',#6344);
#6346=ORIENTED_EDGE('',*,*,#4633,.F.);
#6348=ORIENTED_EDGE('',*,*,#6347,.T.);
#6349=ORIENTED_EDGE('',*,*,#4822,.T.);
#6350=ORIENTED_EDGE('',*,*,#6335,.F.);
#6351=EDGE_LOOP('',(#6346,#6348,#6349,#6350));
#6352=FACE_OUTER_BOUND('',#6351,.F.);
#6353=ADVANCED_FACE('',(#6352),#6345,.F.);
#6354=CARTESIAN_POINT('',(4.375E0,-5.1E0,1.64E1));
#6355=DIRECTION('',(0.E0,0.E0,-1.E0));
#6356=DIRECTION('',(0.E0,1.E0,0.E0));
#6357=AXIS2_PLACEMENT_3D('',#6354,#6355,#6356);
#6358=PLANE('',#6357);
#6360=ORIENTED_EDGE('',*,*,#6359,.F.);
#6361=ORIENTED_EDGE('',*,*,#4824,.T.);
#6362=ORIENTED_EDGE('',*,*,#6347,.F.);
#6363=ORIENTED_EDGE('',*,*,#4631,.F.);
#6364=EDGE_LOOP('',(#6360,#6361,#6362,#6363));
#6365=FACE_OUTER_BOUND('',#6364,.F.);
#6366=ADVANCED_FACE('',(#6365),#6358,.F.);
#6367=CARTESIAN_POINT('',(-1.66833E1,-5.25E0,1.615E1));
#6368=DIRECTION('',(1.E0,0.E0,0.E0));
#6369=DIRECTION('',(0.E0,0.E0,1.E0));
#6370=AXIS2_PLACEMENT_3D('',#6367,#6368,#6369);
#6371=CYLINDRICAL_SURFACE('',#6370,2.5E-1);
#6372=ORIENTED_EDGE('',*,*,#4629,.T.);
#6374=ORIENTED_EDGE('',*,*,#6373,.F.);
#6375=ORIENTED_EDGE('',*,*,#4826,.T.);
#6376=ORIENTED_EDGE('',*,*,#6359,.T.);
#6377=EDGE_LOOP('',(#6372,#6374,#6375,#6376));
#6378=FACE_OUTER_BOUND('',#6377,.F.);
#6379=ADVANCED_FACE('',(#6378),#6371,.T.);
#6380=CARTESIAN_POINT('',(-4.625E0,-5.5E0,1.64E1));
#6381=DIRECTION('',(0.E0,1.E0,0.E0));
#6382=DIRECTION('',(0.E0,0.E0,-1.E0));
#6383=AXIS2_PLACEMENT_3D('',#6380,#6381,#6382);
#6384=PLANE('',#6383);
#6385=ORIENTED_EDGE('',*,*,#6373,.T.);
#6386=ORIENTED_EDGE('',*,*,#4627,.T.);
#6388=ORIENTED_EDGE('',*,*,#6387,.F.);
#6389=ORIENTED_EDGE('',*,*,#4828,.F.);
#6390=EDGE_LOOP('',(#6385,#6386,#6388,#6389));
#6391=FACE_OUTER_BOUND('',#6390,.F.);
#6392=ADVANCED_FACE('',(#6391),#6384,.F.);
#6393=CARTESIAN_POINT('',(-4.625E0,-5.5E0,1.64E1));
#6394=DIRECTION('',(0.E0,1.E0,0.E0));
#6395=DIRECTION('',(0.E0,0.E0,-1.E0));
#6396=AXIS2_PLACEMENT_3D('',#6393,#6394,#6395);
#6397=PLANE('',#6396);
#6399=ORIENTED_EDGE('',*,*,#6398,.T.);
#6400=ORIENTED_EDGE('',*,*,#4268,.T.);
#6402=ORIENTED_EDGE('',*,*,#6401,.F.);
#6403=ORIENTED_EDGE('',*,*,#4170,.F.);
#6404=EDGE_LOOP('',(#6399,#6400,#6402,#6403));
#6405=FACE_OUTER_BOUND('',#6404,.F.);
#6406=ADVANCED_FACE('',(#6405),#6397,.F.);
#6407=CARTESIAN_POINT('',(-4.625E0,-5.5E0,1.555E1));
#6408=DIRECTION('',(0.E0,0.E0,-1.E0));
#6409=DIRECTION('',(0.E0,-1.E0,0.E0));
#6410=AXIS2_PLACEMENT_3D('',#6407,#6408,#6409);
#6411=PLANE('',#6410);
#6413=ORIENTED_EDGE('',*,*,#6412,.T.);
#6414=ORIENTED_EDGE('',*,*,#4830,.T.);
#6415=ORIENTED_EDGE('',*,*,#6387,.T.);
#6416=ORIENTED_EDGE('',*,*,#4625,.F.);
#6417=EDGE_LOOP('',(#6413,#6414,#6415,#6416));
#6418=FACE_OUTER_BOUND('',#6417,.F.);
#6419=ADVANCED_FACE('',(#6418),#6411,.F.);
#6420=CARTESIAN_POINT('',(4.155330085890E0,-6.230330085890E0,1.555E1));
#6421=DIRECTION('',(0.E0,0.E0,-1.E0));
#6422=DIRECTION('',(1.E0,0.E0,0.E0));
#6423=AXIS2_PLACEMENT_3D('',#6420,#6421,#6422);
#6424=PLANE('',#6423);
#6426=ORIENTED_EDGE('',*,*,#6425,.F.);
#6428=ORIENTED_EDGE('',*,*,#6427,.T.);
#6430=ORIENTED_EDGE('',*,*,#6429,.T.);
#6431=ORIENTED_EDGE('',*,*,#6412,.F.);
#6432=EDGE_LOOP('',(#6426,#6428,#6430,#6431));
#6433=FACE_OUTER_BOUND('',#6432,.F.);
#6434=ADVANCED_FACE('',(#6433),#6424,.F.);
#6435=CARTESIAN_POINT('',(3.625E0,-5.7E0,1.435E1));
#6436=DIRECTION('',(0.E0,0.E0,1.E0));
#6437=DIRECTION('',(0.E0,-1.E0,0.E0));
#6438=AXIS2_PLACEMENT_3D('',#6435,#6436,#6437);
#6439=CYLINDRICAL_SURFACE('',#6438,1.E0);
#6441=ORIENTED_EDGE('',*,*,#6440,.T.);
#6442=ORIENTED_EDGE('',*,*,#6425,.T.);
#6443=ORIENTED_EDGE('',*,*,#4623,.F.);
#6445=ORIENTED_EDGE('',*,*,#6444,.F.);
#6446=EDGE_LOOP('',(#6441,#6442,#6443,#6445));
#6447=FACE_OUTER_BOUND('',#6446,.F.);
#6448=ADVANCED_FACE('',(#6447),#6439,.T.);
#6449=CARTESIAN_POINT('',(4.625E0,-6.7E0,1.555E1));
#6450=DIRECTION('',(0.E0,-1.E0,0.E0));
#6451=DIRECTION('',(0.E0,0.E0,1.E0));
#6452=AXIS2_PLACEMENT_3D('',#6449,#6450,#6451);
#6453=PLANE('',#6452);
#6455=ORIENTED_EDGE('',*,*,#6454,.F.);
#6457=ORIENTED_EDGE('',*,*,#6456,.F.);
#6458=ORIENTED_EDGE('',*,*,#6440,.F.);
#6460=ORIENTED_EDGE('',*,*,#6459,.F.);
#6462=ORIENTED_EDGE('',*,*,#6461,.F.);
#6464=ORIENTED_EDGE('',*,*,#6463,.F.);
#6465=EDGE_LOOP('',(#6455,#6457,#6458,#6460,#6462,#6464));
#6466=FACE_OUTER_BOUND('',#6465,.F.);
#6467=ADVANCED_FACE('',(#6466),#6453,.T.);
#6468=CARTESIAN_POINT('',(1.875E0,8.962314616E0,1.53E1));
#6469=DIRECTION('',(0.E0,-1.E0,0.E0));
#6470=DIRECTION('',(0.E0,0.E0,1.E0));
#6471=AXIS2_PLACEMENT_3D('',#6468,#6469,#6470);
#6472=CYLINDRICAL_SURFACE('',#6471,2.5E-1);
#6473=ORIENTED_EDGE('',*,*,#6454,.T.);
#6475=ORIENTED_EDGE('',*,*,#6474,.F.);
#6477=ORIENTED_EDGE('',*,*,#6476,.T.);
#6479=ORIENTED_EDGE('',*,*,#6478,.T.);
#6480=EDGE_LOOP('',(#6473,#6475,#6477,#6479));
#6481=FACE_OUTER_BOUND('',#6480,.F.);
#6482=ADVANCED_FACE('',(#6481),#6472,.T.);
#6483=CARTESIAN_POINT('',(1.625E0,-6.45E0,1.495E1));
#6484=DIRECTION('',(-1.E0,0.E0,0.E0));
#6485=DIRECTION('',(0.E0,0.E0,-1.E0));
#6486=AXIS2_PLACEMENT_3D('',#6483,#6484,#6485);
#6487=PLANE('',#6486);
#6488=ORIENTED_EDGE('',*,*,#6474,.T.);
#6489=ORIENTED_EDGE('',*,*,#6463,.T.);
#6491=ORIENTED_EDGE('',*,*,#6490,.F.);
#6493=ORIENTED_EDGE('',*,*,#6492,.F.);
#6494=EDGE_LOOP('',(#6488,#6489,#6491,#6493));
#6495=FACE_OUTER_BOUND('',#6494,.F.);
#6496=ADVANCED_FACE('',(#6495),#6487,.T.);
#6497=CARTESIAN_POINT('',(1.875E0,8.962314616E0,1.46E1));
#6498=DIRECTION('',(0.E0,-1.E0,0.E0));
#6499=DIRECTION('',(-1.E0,0.E0,0.E0));
#6500=AXIS2_PLACEMENT_3D('',#6497,#6498,#6499);
#6501=CYLINDRICAL_SURFACE('',#6500,2.5E-1);
#6502=ORIENTED_EDGE('',*,*,#6461,.T.);
#6504=ORIENTED_EDGE('',*,*,#6503,.F.);
#6506=ORIENTED_EDGE('',*,*,#6505,.T.);
#6507=ORIENTED_EDGE('',*,*,#6490,.T.);
#6508=EDGE_LOOP('',(#6502,#6504,#6506,#6507));
#6509=FACE_OUTER_BOUND('',#6508,.F.);
#6510=ADVANCED_FACE('',(#6509),#6501,.T.);
#6511=CARTESIAN_POINT('',(2.625E0,-6.45E0,1.435E1));
#6512=DIRECTION('',(0.E0,0.E0,-1.E0));
#6513=DIRECTION('',(1.E0,0.E0,0.E0));
#6514=AXIS2_PLACEMENT_3D('',#6511,#6512,#6513);
#6515=PLANE('',#6514);
#6516=ORIENTED_EDGE('',*,*,#6503,.T.);
#6517=ORIENTED_EDGE('',*,*,#6459,.T.);
#6519=ORIENTED_EDGE('',*,*,#6518,.T.);
#6521=ORIENTED_EDGE('',*,*,#6520,.F.);
#6522=EDGE_LOOP('',(#6516,#6517,#6519,#6521));
#6523=FACE_OUTER_BOUND('',#6522,.F.);
#6524=ADVANCED_FACE('',(#6523),#6515,.T.);
#6525=CARTESIAN_POINT('',(4.155330085890E0,-6.230330085890E0,1.435E1));
#6526=DIRECTION('',(0.E0,0.E0,-1.E0));
#6527=DIRECTION('',(1.E0,0.E0,0.E0));
#6528=AXIS2_PLACEMENT_3D('',#6525,#6526,#6527);
#6529=PLANE('',#6528);
#6530=ORIENTED_EDGE('',*,*,#6444,.T.);
#6532=ORIENTED_EDGE('',*,*,#6531,.T.);
#6534=ORIENTED_EDGE('',*,*,#6533,.F.);
#6535=ORIENTED_EDGE('',*,*,#6518,.F.);
#6536=EDGE_LOOP('',(#6530,#6532,#6534,#6535));
#6537=FACE_OUTER_BOUND('',#6536,.F.);
#6538=ADVANCED_FACE('',(#6537),#6529,.T.);
#6539=CARTESIAN_POINT('',(-4.625E0,-6.7E0,1.435E1));
#6540=DIRECTION('',(0.E0,0.E0,1.E0));
#6541=DIRECTION('',(0.E0,1.E0,0.E0));
#6542=AXIS2_PLACEMENT_3D('',#6539,#6540,#6541);
#6543=PLANE('',#6542);
#6544=ORIENTED_EDGE('',*,*,#6531,.F.);
#6545=ORIENTED_EDGE('',*,*,#4621,.T.);
#6547=ORIENTED_EDGE('',*,*,#6546,.F.);
#6548=ORIENTED_EDGE('',*,*,#4834,.F.);
#6549=EDGE_LOOP('',(#6544,#6545,#6547,#6548));
#6550=FACE_OUTER_BOUND('',#6549,.F.);
#6551=ADVANCED_FACE('',(#6550),#6543,.F.);
#6552=CARTESIAN_POINT('',(-4.625E0,-5.5E0,1.435E1));
#6553=DIRECTION('',(0.E0,1.E0,0.E0));
#6554=DIRECTION('',(0.E0,0.E0,-1.E0));
#6555=AXIS2_PLACEMENT_3D('',#6552,#6553,#6554);
#6556=PLANE('',#6555);
#6558=ORIENTED_EDGE('',*,*,#6557,.T.);
#6559=ORIENTED_EDGE('',*,*,#4178,.F.);
#6561=ORIENTED_EDGE('',*,*,#6560,.T.);
#6562=ORIENTED_EDGE('',*,*,#4260,.T.);
#6563=EDGE_LOOP('',(#6558,#6559,#6561,#6562));
#6564=FACE_OUTER_BOUND('',#6563,.F.);
#6565=ADVANCED_FACE('',(#6564),#6556,.F.);
#6566=CARTESIAN_POINT('',(-4.625E0,-5.5E0,1.435E1));
#6567=DIRECTION('',(0.E0,1.E0,0.E0));
#6568=DIRECTION('',(0.E0,0.E0,-1.E0));
#6569=AXIS2_PLACEMENT_3D('',#6566,#6567,#6568);
#6570=PLANE('',#6569);
#6572=ORIENTED_EDGE('',*,*,#6571,.T.);
#6573=ORIENTED_EDGE('',*,*,#4836,.F.);
#6574=ORIENTED_EDGE('',*,*,#6546,.T.);
#6575=ORIENTED_EDGE('',*,*,#4619,.T.);
#6576=EDGE_LOOP('',(#6572,#6573,#6574,#6575));
#6577=FACE_OUTER_BOUND('',#6576,.F.);
#6578=ADVANCED_FACE('',(#6577),#6570,.F.);
#6579=CARTESIAN_POINT('',(1.66833E1,-5.25E0,1.375E1));
#6580=DIRECTION('',(-1.E0,0.E0,0.E0));
#6581=DIRECTION('',(0.E0,0.E0,-1.E0));
#6582=AXIS2_PLACEMENT_3D('',#6579,#6580,#6581);
#6583=CYLINDRICAL_SURFACE('',#6582,2.5E-1);
#6584=ORIENTED_EDGE('',*,*,#4180,.T.);
#6585=ORIENTED_EDGE('',*,*,#6557,.F.);
#6586=ORIENTED_EDGE('',*,*,#4258,.T.);
#6588=ORIENTED_EDGE('',*,*,#6587,.T.);
#6589=EDGE_LOOP('',(#6584,#6585,#6586,#6588));
#6590=FACE_OUTER_BOUND('',#6589,.F.);
#6591=ADVANCED_FACE('',(#6590),#6583,.T.);
#6592=CARTESIAN_POINT('',(-4.375E0,-5.1E0,1.35E1));
#6593=DIRECTION('',(0.E0,0.E0,-1.E0));
#6594=DIRECTION('',(0.E0,-1.E0,0.E0));
#6595=AXIS2_PLACEMENT_3D('',#6592,#6593,#6594);
#6596=PLANE('',#6595);
#6597=ORIENTED_EDGE('',*,*,#6587,.F.);
#6598=ORIENTED_EDGE('',*,*,#4256,.F.);
#6600=ORIENTED_EDGE('',*,*,#6599,.F.);
#6601=ORIENTED_EDGE('',*,*,#4182,.T.);
#6602=EDGE_LOOP('',(#6597,#6598,#6600,#6601));
#6603=FACE_OUTER_BOUND('',#6602,.F.);
#6604=ADVANCED_FACE('',(#6603),#6596,.T.);
#6605=CARTESIAN_POINT('',(-4.375E0,-3.5E0,7.475E0));
#6606=DIRECTION('',(0.E0,-1.E0,0.E0));
#6607=DIRECTION('',(0.E0,0.E0,1.E0));
#6608=AXIS2_PLACEMENT_3D('',#6605,#6606,#6607);
#6609=PLANE('',#6608);
#6611=ORIENTED_EDGE('',*,*,#6610,.F.);
#6612=ORIENTED_EDGE('',*,*,#4184,.T.);
#6613=ORIENTED_EDGE('',*,*,#6599,.T.);
#6614=ORIENTED_EDGE('',*,*,#4254,.F.);
#6615=EDGE_LOOP('',(#6611,#6612,#6613,#6614));
#6616=FACE_OUTER_BOUND('',#6615,.F.);
#6617=ADVANCED_FACE('',(#6616),#6609,.T.);
#6618=CARTESIAN_POINT('',(-4.375E0,-5.1E0,2.225E0));
#6619=DIRECTION('',(0.E0,0.E0,1.E0));
#6620=DIRECTION('',(0.E0,1.E0,0.E0));
#6621=AXIS2_PLACEMENT_3D('',#6618,#6619,#6620);
#6622=PLANE('',#6621);
#6624=ORIENTED_EDGE('',*,*,#6623,.F.);
#6625=ORIENTED_EDGE('',*,*,#4186,.T.);
#6626=ORIENTED_EDGE('',*,*,#6610,.T.);
#6627=ORIENTED_EDGE('',*,*,#4252,.F.);
#6628=EDGE_LOOP('',(#6624,#6625,#6626,#6627));
#6629=FACE_OUTER_BOUND('',#6628,.F.);
#6630=ADVANCED_FACE('',(#6629),#6622,.T.);
#6631=CARTESIAN_POINT('',(-1.66833E1,-5.25E0,1.975E0));
#6632=DIRECTION('',(1.E0,0.E0,0.E0));
#6633=DIRECTION('',(0.E0,0.E0,1.E0));
#6634=AXIS2_PLACEMENT_3D('',#6631,#6632,#6633);
#6635=CYLINDRICAL_SURFACE('',#6634,2.5E-1);
#6636=ORIENTED_EDGE('',*,*,#4250,.T.);
#6637=ORIENTED_EDGE('',*,*,#4572,.F.);
#6638=ORIENTED_EDGE('',*,*,#4188,.T.);
#6639=ORIENTED_EDGE('',*,*,#6623,.T.);
#6640=EDGE_LOOP('',(#6636,#6637,#6638,#6639));
#6641=FACE_OUTER_BOUND('',#6640,.F.);
#6642=ADVANCED_FACE('',(#6641),#6635,.T.);
#6643=CARTESIAN_POINT('',(-4.625E0,-6.7E0,1.435E1));
#6644=DIRECTION('',(0.E0,0.E0,1.E0));
#6645=DIRECTION('',(0.E0,1.E0,0.E0));
#6646=AXIS2_PLACEMENT_3D('',#6643,#6644,#6645);
#6647=PLANE('',#6646);
#6649=ORIENTED_EDGE('',*,*,#6648,.T.);
#6650=ORIENTED_EDGE('',*,*,#4262,.T.);
#6651=ORIENTED_EDGE('',*,*,#6560,.F.);
#6652=ORIENTED_EDGE('',*,*,#4176,.F.);
#6653=EDGE_LOOP('',(#6649,#6650,#6651,#6652));
#6654=FACE_OUTER_BOUND('',#6653,.F.);
#6655=ADVANCED_FACE('',(#6654),#6647,.F.);
#6656=CARTESIAN_POINT('',(-4.155330085890E0,-6.230330085890E0,1.435E1));
#6657=DIRECTION('',(0.E0,0.E0,1.E0));
#6658=DIRECTION('',(-1.E0,0.E0,0.E0));
#6659=AXIS2_PLACEMENT_3D('',#6656,#6657,#6658);
#6660=PLANE('',#6659);
#6662=ORIENTED_EDGE('',*,*,#6661,.F.);
#6664=ORIENTED_EDGE('',*,*,#6663,.T.);
#6666=ORIENTED_EDGE('',*,*,#6665,.T.);
#6667=ORIENTED_EDGE('',*,*,#6648,.F.);
#6668=EDGE_LOOP('',(#6662,#6664,#6666,#6667));
#6669=FACE_OUTER_BOUND('',#6668,.F.);
#6670=ADVANCED_FACE('',(#6669),#6660,.F.);
#6671=CARTESIAN_POINT('',(-3.625E0,-5.7E0,1.435E1));
#6672=DIRECTION('',(0.E0,0.E0,-1.E0));
#6673=DIRECTION('',(0.E0,-1.E0,0.E0));
#6674=AXIS2_PLACEMENT_3D('',#6671,#6672,#6673);
#6675=CYLINDRICAL_SURFACE('',#6674,1.E0);
#6677=ORIENTED_EDGE('',*,*,#6676,.F.);
#6678=ORIENTED_EDGE('',*,*,#6661,.T.);
#6679=ORIENTED_EDGE('',*,*,#4174,.T.);
#6681=ORIENTED_EDGE('',*,*,#6680,.F.);
#6682=EDGE_LOOP('',(#6677,#6678,#6679,#6681));
#6683=FACE_OUTER_BOUND('',#6682,.F.);
#6684=ADVANCED_FACE('',(#6683),#6675,.T.);
#6685=CARTESIAN_POINT('',(-4.625E0,-6.7E0,1.555E1));
#6686=DIRECTION('',(0.E0,1.E0,0.E0));
#6687=DIRECTION('',(0.E0,0.E0,1.E0));
#6688=AXIS2_PLACEMENT_3D('',#6685,#6686,#6687);
#6689=PLANE('',#6688);
#6691=ORIENTED_EDGE('',*,*,#6690,.F.);
#6693=ORIENTED_EDGE('',*,*,#6692,.T.);
#6695=ORIENTED_EDGE('',*,*,#6694,.F.);
#6697=ORIENTED_EDGE('',*,*,#6696,.T.);
#6698=ORIENTED_EDGE('',*,*,#6676,.T.);
#6700=ORIENTED_EDGE('',*,*,#6699,.T.);
#6701=EDGE_LOOP('',(#6691,#6693,#6695,#6697,#6698,#6700));
#6702=FACE_OUTER_BOUND('',#6701,.F.);
#6703=ADVANCED_FACE('',(#6702),#6689,.F.);
#6704=CARTESIAN_POINT('',(-1.875E0,8.962314616E0,1.53E1));
#6705=DIRECTION('',(0.E0,-1.E0,0.E0));
#6706=DIRECTION('',(1.E0,0.E0,0.E0));
#6707=AXIS2_PLACEMENT_3D('',#6704,#6705,#6706);
#6708=CYLINDRICAL_SURFACE('',#6707,2.5E-1);
#6709=ORIENTED_EDGE('',*,*,#6690,.T.);
#6711=ORIENTED_EDGE('',*,*,#6710,.F.);
#6713=ORIENTED_EDGE('',*,*,#6712,.T.);
#6715=ORIENTED_EDGE('',*,*,#6714,.T.);
#6716=EDGE_LOOP('',(#6709,#6711,#6713,#6715));
#6717=FACE_OUTER_BOUND('',#6716,.F.);
#6718=ADVANCED_FACE('',(#6717),#6708,.T.);
#6719=CARTESIAN_POINT('',(-2.625E0,-6.45E0,1.555E1));
#6720=DIRECTION('',(0.E0,0.E0,-1.E0));
#6721=DIRECTION('',(1.E0,0.E0,0.E0));
#6722=AXIS2_PLACEMENT_3D('',#6719,#6720,#6721);
#6723=PLANE('',#6722);
#6724=ORIENTED_EDGE('',*,*,#6710,.T.);
#6725=ORIENTED_EDGE('',*,*,#6699,.F.);
#6727=ORIENTED_EDGE('',*,*,#6726,.T.);
#6729=ORIENTED_EDGE('',*,*,#6728,.T.);
#6730=EDGE_LOOP('',(#6724,#6725,#6727,#6729));
#6731=FACE_OUTER_BOUND('',#6730,.F.);
#6732=ADVANCED_FACE('',(#6731),#6723,.F.);
#6733=CARTESIAN_POINT('',(-4.155330085890E0,-6.230330085890E0,1.555E1));
#6734=DIRECTION('',(0.E0,0.E0,1.E0));
#6735=DIRECTION('',(-1.E0,0.E0,0.E0));
#6736=AXIS2_PLACEMENT_3D('',#6733,#6734,#6735);
#6737=PLANE('',#6736);
#6738=ORIENTED_EDGE('',*,*,#6680,.T.);
#6740=ORIENTED_EDGE('',*,*,#6739,.T.);
#6742=ORIENTED_EDGE('',*,*,#6741,.F.);
#6743=ORIENTED_EDGE('',*,*,#6726,.F.);
#6744=EDGE_LOOP('',(#6738,#6740,#6742,#6743));
#6745=FACE_OUTER_BOUND('',#6744,.F.);
#6746=ADVANCED_FACE('',(#6745),#6737,.T.);
#6747=CARTESIAN_POINT('',(-4.625E0,-5.5E0,1.555E1));
#6748=DIRECTION('',(0.E0,0.E0,-1.E0));
#6749=DIRECTION('',(0.E0,-1.E0,0.E0));
#6750=AXIS2_PLACEMENT_3D('',#6747,#6748,#6749);
#6751=PLANE('',#6750);
#6752=ORIENTED_EDGE('',*,*,#6739,.F.);
#6753=ORIENTED_EDGE('',*,*,#4172,.T.);
#6754=ORIENTED_EDGE('',*,*,#6401,.T.);
#6755=ORIENTED_EDGE('',*,*,#4266,.F.);
#6756=EDGE_LOOP('',(#6752,#6753,#6754,#6755));
#6757=FACE_OUTER_BOUND('',#6756,.F.);
#6758=ADVANCED_FACE('',(#6757),#6751,.F.);
#6759=CARTESIAN_POINT('',(-3.625E0,-5.7E0,1.435E1));
#6760=DIRECTION('',(0.E0,0.E0,-1.E0));
#6761=DIRECTION('',(0.E0,-1.E0,0.E0));
#6762=AXIS2_PLACEMENT_3D('',#6759,#6760,#6761);
#6763=CYLINDRICAL_SURFACE('',#6762,5.E-1);
#6765=ORIENTED_EDGE('',*,*,#6764,.T.);
#6766=ORIENTED_EDGE('',*,*,#6741,.T.);
#6767=ORIENTED_EDGE('',*,*,#4264,.F.);
#6768=ORIENTED_EDGE('',*,*,#6665,.F.);
#6769=EDGE_LOOP('',(#6765,#6766,#6767,#6768));
#6770=FACE_OUTER_BOUND('',#6769,.F.);
#6771=ADVANCED_FACE('',(#6770),#6763,.F.);
#6772=CARTESIAN_POINT('',(-4.625E0,-6.2E0,1.555E1));
#6773=DIRECTION('',(0.E0,1.E0,0.E0));
#6774=DIRECTION('',(0.E0,0.E0,1.E0));
#6775=AXIS2_PLACEMENT_3D('',#6772,#6773,#6774);
#6776=PLANE('',#6775);
#6777=ORIENTED_EDGE('',*,*,#6712,.F.);
#6778=ORIENTED_EDGE('',*,*,#6728,.F.);
#6779=ORIENTED_EDGE('',*,*,#6764,.F.);
#6781=ORIENTED_EDGE('',*,*,#6780,.F.);
#6783=ORIENTED_EDGE('',*,*,#6782,.F.);
#6785=ORIENTED_EDGE('',*,*,#6784,.F.);
#6786=EDGE_LOOP('',(#6777,#6778,#6779,#6781,#6783,#6785));
#6787=FACE_OUTER_BOUND('',#6786,.F.);
#6788=ADVANCED_FACE('',(#6787),#6776,.T.);
#6789=CARTESIAN_POINT('',(-2.625E0,-6.45E0,1.435E1));
#6790=DIRECTION('',(0.E0,0.E0,1.E0));
#6791=DIRECTION('',(-1.E0,0.E0,0.E0));
#6792=AXIS2_PLACEMENT_3D('',#6789,#6790,#6791);
#6793=PLANE('',#6792);
#6795=ORIENTED_EDGE('',*,*,#6794,.F.);
#6796=ORIENTED_EDGE('',*,*,#6780,.T.);
#6797=ORIENTED_EDGE('',*,*,#6663,.F.);
#6798=ORIENTED_EDGE('',*,*,#6696,.F.);
#6799=EDGE_LOOP('',(#6795,#6796,#6797,#6798));
#6800=FACE_OUTER_BOUND('',#6799,.F.);
#6801=ADVANCED_FACE('',(#6800),#6793,.F.);
#6802=CARTESIAN_POINT('',(-1.875E0,8.962314616E0,1.46E1));
#6803=DIRECTION('',(0.E0,-1.E0,0.E0));
#6804=DIRECTION('',(0.E0,0.E0,-1.E0));
#6805=AXIS2_PLACEMENT_3D('',#6802,#6803,#6804);
#6806=CYLINDRICAL_SURFACE('',#6805,2.5E-1);
#6807=ORIENTED_EDGE('',*,*,#6694,.T.);
#6809=ORIENTED_EDGE('',*,*,#6808,.F.);
#6810=ORIENTED_EDGE('',*,*,#6782,.T.);
#6811=ORIENTED_EDGE('',*,*,#6794,.T.);
#6812=EDGE_LOOP('',(#6807,#6809,#6810,#6811));
#6813=FACE_OUTER_BOUND('',#6812,.F.);
#6814=ADVANCED_FACE('',(#6813),#6806,.T.);
#6815=CARTESIAN_POINT('',(-1.625E0,-6.45E0,1.495E1));
#6816=DIRECTION('',(-1.E0,0.E0,0.E0));
#6817=DIRECTION('',(0.E0,0.E0,-1.E0));
#6818=AXIS2_PLACEMENT_3D('',#6815,#6816,#6817);
#6819=PLANE('',#6818);
#6820=ORIENTED_EDGE('',*,*,#6714,.F.);
#6821=ORIENTED_EDGE('',*,*,#6784,.T.);
#6822=ORIENTED_EDGE('',*,*,#6808,.T.);
#6823=ORIENTED_EDGE('',*,*,#6692,.F.);
#6824=EDGE_LOOP('',(#6820,#6821,#6822,#6823));
#6825=FACE_OUTER_BOUND('',#6824,.F.);
#6826=ADVANCED_FACE('',(#6825),#6819,.F.);
#6827=CARTESIAN_POINT('',(1.66833E1,-5.25E0,1.375E1));
#6828=DIRECTION('',(-1.E0,0.E0,0.E0));
#6829=DIRECTION('',(0.E0,0.E0,-1.E0));
#6830=AXIS2_PLACEMENT_3D('',#6827,#6828,#6829);
#6831=CYLINDRICAL_SURFACE('',#6830,2.5E-1);
#6832=ORIENTED_EDGE('',*,*,#4838,.T.);
#6833=ORIENTED_EDGE('',*,*,#6571,.F.);
#6834=ORIENTED_EDGE('',*,*,#4617,.T.);
#6836=ORIENTED_EDGE('',*,*,#6835,.T.);
#6837=EDGE_LOOP('',(#6832,#6833,#6834,#6836));
#6838=FACE_OUTER_BOUND('',#6837,.F.);
#6839=ADVANCED_FACE('',(#6838),#6831,.T.);
#6840=CARTESIAN_POINT('',(4.375E0,-5.1E0,1.35E1));
#6841=DIRECTION('',(0.E0,0.E0,1.E0));
#6842=DIRECTION('',(0.E0,-1.E0,0.E0));
#6843=AXIS2_PLACEMENT_3D('',#6840,#6841,#6842);
#6844=PLANE('',#6843);
#6845=ORIENTED_EDGE('',*,*,#6835,.F.);
#6846=ORIENTED_EDGE('',*,*,#4615,.F.);
#6848=ORIENTED_EDGE('',*,*,#6847,.T.);
#6849=ORIENTED_EDGE('',*,*,#4840,.T.);
#6850=EDGE_LOOP('',(#6845,#6846,#6848,#6849));
#6851=FACE_OUTER_BOUND('',#6850,.F.);
#6852=ADVANCED_FACE('',(#6851),#6844,.F.);
#6853=CARTESIAN_POINT('',(4.375E0,-3.5E0,7.475E0));
#6854=DIRECTION('',(0.E0,1.E0,0.E0));
#6855=DIRECTION('',(0.E0,0.E0,1.E0));
#6856=AXIS2_PLACEMENT_3D('',#6853,#6854,#6855);
#6857=PLANE('',#6856);
#6858=ORIENTED_EDGE('',*,*,#4613,.F.);
#6860=ORIENTED_EDGE('',*,*,#6859,.T.);
#6861=ORIENTED_EDGE('',*,*,#4842,.T.);
#6862=ORIENTED_EDGE('',*,*,#6847,.F.);
#6863=EDGE_LOOP('',(#6858,#6860,#6861,#6862));
#6864=FACE_OUTER_BOUND('',#6863,.F.);
#6865=ADVANCED_FACE('',(#6864),#6857,.F.);
#6866=CARTESIAN_POINT('',(4.375E0,-5.1E0,1.45E0));
#6867=DIRECTION('',(0.E0,0.E0,-1.E0));
#6868=DIRECTION('',(0.E0,1.E0,0.E0));
#6869=AXIS2_PLACEMENT_3D('',#6866,#6867,#6868);
#6870=PLANE('',#6869);
#6871=ORIENTED_EDGE('',*,*,#4590,.F.);
#6872=ORIENTED_EDGE('',*,*,#4844,.T.);
#6873=ORIENTED_EDGE('',*,*,#6859,.F.);
#6874=ORIENTED_EDGE('',*,*,#4611,.F.);
#6875=EDGE_LOOP('',(#6871,#6872,#6873,#6874));
#6876=FACE_OUTER_BOUND('',#6875,.F.);
#6877=ADVANCED_FACE('',(#6876),#6870,.F.);
#6878=CARTESIAN_POINT('',(3.625E0,-5.7E0,1.435E1));
#6879=DIRECTION('',(0.E0,0.E0,1.E0));
#6880=DIRECTION('',(0.E0,-1.E0,0.E0));
#6881=AXIS2_PLACEMENT_3D('',#6878,#6879,#6880);
#6882=CYLINDRICAL_SURFACE('',#6881,5.E-1);
#6884=ORIENTED_EDGE('',*,*,#6883,.F.);
#6885=ORIENTED_EDGE('',*,*,#6533,.T.);
#6886=ORIENTED_EDGE('',*,*,#4832,.T.);
#6887=ORIENTED_EDGE('',*,*,#6429,.F.);
#6888=EDGE_LOOP('',(#6884,#6885,#6886,#6887));
#6889=FACE_OUTER_BOUND('',#6888,.F.);
#6890=ADVANCED_FACE('',(#6889),#6882,.F.);
#6891=CARTESIAN_POINT('',(4.625E0,-6.2E0,1.555E1));
#6892=DIRECTION('',(0.E0,-1.E0,0.E0));
#6893=DIRECTION('',(0.E0,0.E0,1.E0));
#6894=AXIS2_PLACEMENT_3D('',#6891,#6892,#6893);
#6895=PLANE('',#6894);
#6896=ORIENTED_EDGE('',*,*,#6476,.F.);
#6897=ORIENTED_EDGE('',*,*,#6492,.T.);
#6898=ORIENTED_EDGE('',*,*,#6505,.F.);
#6899=ORIENTED_EDGE('',*,*,#6520,.T.);
#6900=ORIENTED_EDGE('',*,*,#6883,.T.);
#6902=ORIENTED_EDGE('',*,*,#6901,.T.);
#6903=EDGE_LOOP('',(#6896,#6897,#6898,#6899,#6900,#6902));
#6904=FACE_OUTER_BOUND('',#6903,.F.);
#6905=ADVANCED_FACE('',(#6904),#6895,.F.);
#6906=CARTESIAN_POINT('',(2.625E0,-6.45E0,1.555E1));
#6907=DIRECTION('',(0.E0,0.E0,1.E0));
#6908=DIRECTION('',(-1.E0,0.E0,0.E0));
#6909=AXIS2_PLACEMENT_3D('',#6906,#6907,#6908);
#6910=PLANE('',#6909);
#6911=ORIENTED_EDGE('',*,*,#6478,.F.);
#6912=ORIENTED_EDGE('',*,*,#6901,.F.);
#6913=ORIENTED_EDGE('',*,*,#6427,.F.);
#6914=ORIENTED_EDGE('',*,*,#6456,.T.);
#6915=EDGE_LOOP('',(#6911,#6912,#6913,#6914));
#6916=FACE_OUTER_BOUND('',#6915,.F.);
#6917=ADVANCED_FACE('',(#6916),#6910,.T.);
#6918=CARTESIAN_POINT('',(-1.66833E1,-5.25E0,1.615E1));
#6919=DIRECTION('',(1.E0,0.E0,0.E0));
#6920=DIRECTION('',(0.E0,0.E0,1.E0));
#6921=AXIS2_PLACEMENT_3D('',#6918,#6919,#6920);
#6922=CYLINDRICAL_SURFACE('',#6921,2.5E-1);
#6923=ORIENTED_EDGE('',*,*,#4270,.T.);
#6924=ORIENTED_EDGE('',*,*,#6398,.F.);
#6925=ORIENTED_EDGE('',*,*,#4168,.T.);
#6927=ORIENTED_EDGE('',*,*,#6926,.T.);
#6928=EDGE_LOOP('',(#6923,#6924,#6925,#6927));
#6929=FACE_OUTER_BOUND('',#6928,.F.);
#6930=ADVANCED_FACE('',(#6929),#6922,.T.);
#6931=CARTESIAN_POINT('',(-4.375E0,-5.1E0,1.64E1));
#6932=DIRECTION('',(0.E0,0.E0,1.E0));
#6933=DIRECTION('',(0.E0,1.E0,0.E0));
#6934=AXIS2_PLACEMENT_3D('',#6931,#6932,#6933);
#6935=PLANE('',#6934);
#6936=ORIENTED_EDGE('',*,*,#6926,.F.);
#6937=ORIENTED_EDGE('',*,*,#4166,.T.);
#6939=ORIENTED_EDGE('',*,*,#6938,.T.);
#6940=ORIENTED_EDGE('',*,*,#4272,.F.);
#6941=EDGE_LOOP('',(#6936,#6937,#6939,#6940));
#6942=FACE_OUTER_BOUND('',#6941,.F.);
#6943=ADVANCED_FACE('',(#6942),#6935,.T.);
#6944=CARTESIAN_POINT('',(-4.375E0,-3.5E0,2.245E1));
#6945=DIRECTION('',(0.E0,-1.E0,0.E0));
#6946=DIRECTION('',(0.E0,0.E0,1.E0));
#6947=AXIS2_PLACEMENT_3D('',#6944,#6945,#6946);
#6948=PLANE('',#6947);
#6949=ORIENTED_EDGE('',*,*,#4164,.T.);
#6951=ORIENTED_EDGE('',*,*,#6950,.T.);
#6952=ORIENTED_EDGE('',*,*,#4274,.F.);
#6953=ORIENTED_EDGE('',*,*,#6938,.F.);
#6954=EDGE_LOOP('',(#6949,#6951,#6952,#6953));
#6955=FACE_OUTER_BOUND('',#6954,.F.);
#6956=ADVANCED_FACE('',(#6955),#6948,.T.);
#6957=CARTESIAN_POINT('',(-4.375E0,-5.1E0,2.85E1));
#6958=DIRECTION('',(0.E0,0.E0,-1.E0));
#6959=DIRECTION('',(0.E0,-1.E0,0.E0));
#6960=AXIS2_PLACEMENT_3D('',#6957,#6958,#6959);
#6961=PLANE('',#6960);
#6963=ORIENTED_EDGE('',*,*,#6962,.F.);
#6964=ORIENTED_EDGE('',*,*,#4276,.F.);
#6965=ORIENTED_EDGE('',*,*,#6950,.F.);
#6966=ORIENTED_EDGE('',*,*,#4162,.T.);
#6967=EDGE_LOOP('',(#6963,#6964,#6965,#6966));
#6968=FACE_OUTER_BOUND('',#6967,.F.);
#6969=ADVANCED_FACE('',(#6968),#6961,.T.);
#6970=CARTESIAN_POINT('',(1.66833E1,-5.25E0,2.875E1));
#6971=DIRECTION('',(-1.E0,0.E0,0.E0));
#6972=DIRECTION('',(0.E0,0.E0,-1.E0));
#6973=AXIS2_PLACEMENT_3D('',#6970,#6971,#6972);
#6974=CYLINDRICAL_SURFACE('',#6973,2.5E-1);
#6975=ORIENTED_EDGE('',*,*,#4160,.T.);
#6976=ORIENTED_EDGE('',*,*,#6307,.F.);
#6977=ORIENTED_EDGE('',*,*,#4278,.T.);
#6978=ORIENTED_EDGE('',*,*,#6962,.T.);
#6979=EDGE_LOOP('',(#6975,#6976,#6977,#6978));
#6980=FACE_OUTER_BOUND('',#6979,.F.);
#6981=ADVANCED_FACE('',(#6980),#6974,.T.);
#6982=CARTESIAN_POINT('',(-4.625E0,-6.7E0,2.935E1));
#6983=DIRECTION('',(0.E0,0.E0,1.E0));
#6984=DIRECTION('',(0.E0,1.E0,0.E0));
#6985=AXIS2_PLACEMENT_3D('',#6982,#6983,#6984);
#6986=PLANE('',#6985);
#6988=ORIENTED_EDGE('',*,*,#6987,.F.);
#6989=ORIENTED_EDGE('',*,*,#4641,.T.);
#6990=ORIENTED_EDGE('',*,*,#6296,.F.);
#6991=ORIENTED_EDGE('',*,*,#4814,.F.);
#6992=EDGE_LOOP('',(#6988,#6989,#6990,#6991));
#6993=FACE_OUTER_BOUND('',#6992,.F.);
#6994=ADVANCED_FACE('',(#6993),#6986,.F.);
#6995=CARTESIAN_POINT('',(4.155330085890E0,-6.230330085890E0,2.935E1));
#6996=DIRECTION('',(0.E0,0.E0,-1.E0));
#6997=DIRECTION('',(1.E0,0.E0,0.E0));
#6998=AXIS2_PLACEMENT_3D('',#6995,#6996,#6997);
#6999=PLANE('',#6998);
#7001=ORIENTED_EDGE('',*,*,#7000,.T.);
#7002=ORIENTED_EDGE('',*,*,#6987,.T.);
#7004=ORIENTED_EDGE('',*,*,#7003,.F.);
#7006=ORIENTED_EDGE('',*,*,#7005,.F.);
#7007=EDGE_LOOP('',(#7001,#7002,#7004,#7006));
#7008=FACE_OUTER_BOUND('',#7007,.F.);
#7009=ADVANCED_FACE('',(#7008),#6999,.T.);
#7010=CARTESIAN_POINT('',(3.625E0,-5.7E0,2.935E1));
#7011=DIRECTION('',(0.E0,0.E0,1.E0));
#7012=DIRECTION('',(0.E0,-1.E0,0.E0));
#7013=AXIS2_PLACEMENT_3D('',#7010,#7011,#7012);
#7014=CYLINDRICAL_SURFACE('',#7013,1.E0);
#7016=ORIENTED_EDGE('',*,*,#7015,.T.);
#7018=ORIENTED_EDGE('',*,*,#7017,.T.);
#7019=ORIENTED_EDGE('',*,*,#4643,.F.);
#7020=ORIENTED_EDGE('',*,*,#7000,.F.);
#7021=EDGE_LOOP('',(#7016,#7018,#7019,#7020));
#7022=FACE_OUTER_BOUND('',#7021,.F.);
#7023=ADVANCED_FACE('',(#7022),#7014,.T.);
#7024=CARTESIAN_POINT('',(4.625E0,-6.7E0,3.055E1));
#7025=DIRECTION('',(0.E0,-1.E0,0.E0));
#7026=DIRECTION('',(0.E0,0.E0,1.E0));
#7027=AXIS2_PLACEMENT_3D('',#7024,#7025,#7026);
#7028=PLANE('',#7027);
#7030=ORIENTED_EDGE('',*,*,#7029,.F.);
#7032=ORIENTED_EDGE('',*,*,#7031,.F.);
#7033=ORIENTED_EDGE('',*,*,#7015,.F.);
#7035=ORIENTED_EDGE('',*,*,#7034,.F.);
#7037=ORIENTED_EDGE('',*,*,#7036,.F.);
#7039=ORIENTED_EDGE('',*,*,#7038,.F.);
#7040=EDGE_LOOP('',(#7030,#7032,#7033,#7035,#7037,#7039));
#7041=FACE_OUTER_BOUND('',#7040,.F.);
#7042=ADVANCED_FACE('',(#7041),#7028,.T.);
#7043=CARTESIAN_POINT('',(1.875E0,8.962314616E0,3.03E1));
#7044=DIRECTION('',(0.E0,-1.E0,0.E0));
#7045=DIRECTION('',(0.E0,0.E0,1.E0));
#7046=AXIS2_PLACEMENT_3D('',#7043,#7044,#7045);
#7047=CYLINDRICAL_SURFACE('',#7046,2.5E-1);
#7048=ORIENTED_EDGE('',*,*,#7029,.T.);
#7050=ORIENTED_EDGE('',*,*,#7049,.F.);
#7052=ORIENTED_EDGE('',*,*,#7051,.T.);
#7054=ORIENTED_EDGE('',*,*,#7053,.T.);
#7055=EDGE_LOOP('',(#7048,#7050,#7052,#7054));
#7056=FACE_OUTER_BOUND('',#7055,.F.);
#7057=ADVANCED_FACE('',(#7056),#7047,.T.);
#7058=CARTESIAN_POINT('',(1.625E0,-6.45E0,2.995E1));
#7059=DIRECTION('',(-1.E0,0.E0,0.E0));
#7060=DIRECTION('',(0.E0,0.E0,-1.E0));
#7061=AXIS2_PLACEMENT_3D('',#7058,#7059,#7060);
#7062=PLANE('',#7061);
#7063=ORIENTED_EDGE('',*,*,#7049,.T.);
#7064=ORIENTED_EDGE('',*,*,#7038,.T.);
#7066=ORIENTED_EDGE('',*,*,#7065,.F.);
#7068=ORIENTED_EDGE('',*,*,#7067,.F.);
#7069=EDGE_LOOP('',(#7063,#7064,#7066,#7068));
#7070=FACE_OUTER_BOUND('',#7069,.F.);
#7071=ADVANCED_FACE('',(#7070),#7062,.T.);
#7072=CARTESIAN_POINT('',(1.875E0,8.962314616E0,2.96E1));
#7073=DIRECTION('',(0.E0,-1.E0,0.E0));
#7074=DIRECTION('',(-1.E0,0.E0,0.E0));
#7075=AXIS2_PLACEMENT_3D('',#7072,#7073,#7074);
#7076=CYLINDRICAL_SURFACE('',#7075,2.5E-1);
#7077=ORIENTED_EDGE('',*,*,#7036,.T.);
#7079=ORIENTED_EDGE('',*,*,#7078,.F.);
#7081=ORIENTED_EDGE('',*,*,#7080,.T.);
#7082=ORIENTED_EDGE('',*,*,#7065,.T.);
#7083=EDGE_LOOP('',(#7077,#7079,#7081,#7082));
#7084=FACE_OUTER_BOUND('',#7083,.F.);
#7085=ADVANCED_FACE('',(#7084),#7076,.T.);
#7086=CARTESIAN_POINT('',(2.625E0,-6.45E0,2.935E1));
#7087=DIRECTION('',(0.E0,0.E0,-1.E0));
#7088=DIRECTION('',(1.E0,0.E0,0.E0));
#7089=AXIS2_PLACEMENT_3D('',#7086,#7087,#7088);
#7090=PLANE('',#7089);
#7091=ORIENTED_EDGE('',*,*,#7078,.T.);
#7092=ORIENTED_EDGE('',*,*,#7034,.T.);
#7093=ORIENTED_EDGE('',*,*,#7005,.T.);
#7095=ORIENTED_EDGE('',*,*,#7094,.F.);
#7096=EDGE_LOOP('',(#7091,#7092,#7093,#7095));
#7097=FACE_OUTER_BOUND('',#7096,.F.);
#7098=ADVANCED_FACE('',(#7097),#7090,.T.);
#7099=CARTESIAN_POINT('',(4.625E0,-6.2E0,3.055E1));
#7100=DIRECTION('',(0.E0,-1.E0,0.E0));
#7101=DIRECTION('',(0.E0,0.E0,1.E0));
#7102=AXIS2_PLACEMENT_3D('',#7099,#7100,#7101);
#7103=PLANE('',#7102);
#7104=ORIENTED_EDGE('',*,*,#7051,.F.);
#7105=ORIENTED_EDGE('',*,*,#7067,.T.);
#7106=ORIENTED_EDGE('',*,*,#7080,.F.);
#7107=ORIENTED_EDGE('',*,*,#7094,.T.);
#7109=ORIENTED_EDGE('',*,*,#7108,.T.);
#7111=ORIENTED_EDGE('',*,*,#7110,.T.);
#7112=EDGE_LOOP('',(#7104,#7105,#7106,#7107,#7109,#7111));
#7113=FACE_OUTER_BOUND('',#7112,.F.);
#7114=ADVANCED_FACE('',(#7113),#7103,.F.);
#7115=CARTESIAN_POINT('',(3.625E0,-5.7E0,2.935E1));
#7116=DIRECTION('',(0.E0,0.E0,1.E0));
#7117=DIRECTION('',(0.E0,-1.E0,0.E0));
#7118=AXIS2_PLACEMENT_3D('',#7115,#7116,#7117);
#7119=CYLINDRICAL_SURFACE('',#7118,5.E-1);
#7120=ORIENTED_EDGE('',*,*,#7108,.F.);
#7121=ORIENTED_EDGE('',*,*,#7003,.T.);
#7122=ORIENTED_EDGE('',*,*,#4812,.T.);
#7124=ORIENTED_EDGE('',*,*,#7123,.F.);
#7125=EDGE_LOOP('',(#7120,#7121,#7122,#7124));
#7126=FACE_OUTER_BOUND('',#7125,.F.);
#7127=ADVANCED_FACE('',(#7126),#7119,.F.);
#7128=CARTESIAN_POINT('',(4.155330085890E0,-6.230330085890E0,3.055E1));
#7129=DIRECTION('',(0.E0,0.E0,-1.E0));
#7130=DIRECTION('',(1.E0,0.E0,0.E0));
#7131=AXIS2_PLACEMENT_3D('',#7128,#7129,#7130);
#7132=PLANE('',#7131);
#7133=ORIENTED_EDGE('',*,*,#7017,.F.);
#7135=ORIENTED_EDGE('',*,*,#7134,.T.);
#7136=ORIENTED_EDGE('',*,*,#7123,.T.);
#7138=ORIENTED_EDGE('',*,*,#7137,.F.);
#7139=EDGE_LOOP('',(#7133,#7135,#7136,#7138));
#7140=FACE_OUTER_BOUND('',#7139,.F.);
#7141=ADVANCED_FACE('',(#7140),#7132,.F.);
#7142=CARTESIAN_POINT('',(2.625E0,-6.45E0,3.055E1));
#7143=DIRECTION('',(0.E0,0.E0,1.E0));
#7144=DIRECTION('',(-1.E0,0.E0,0.E0));
#7145=AXIS2_PLACEMENT_3D('',#7142,#7143,#7144);
#7146=PLANE('',#7145);
#7147=ORIENTED_EDGE('',*,*,#7053,.F.);
#7148=ORIENTED_EDGE('',*,*,#7110,.F.);
#7149=ORIENTED_EDGE('',*,*,#7134,.F.);
#7150=ORIENTED_EDGE('',*,*,#7031,.T.);
#7151=EDGE_LOOP('',(#7147,#7148,#7149,#7150));
#7152=FACE_OUTER_BOUND('',#7151,.F.);
#7153=ADVANCED_FACE('',(#7152),#7146,.T.);
#7154=CARTESIAN_POINT('',(-4.625E0,-5.5E0,3.055E1));
#7155=DIRECTION('',(0.E0,0.E0,-1.E0));
#7156=DIRECTION('',(0.E0,-1.E0,0.E0));
#7157=AXIS2_PLACEMENT_3D('',#7154,#7155,#7156);
#7158=PLANE('',#7157);
#7159=ORIENTED_EDGE('',*,*,#7137,.T.);
#7160=ORIENTED_EDGE('',*,*,#4810,.T.);
#7161=ORIENTED_EDGE('',*,*,#6007,.T.);
#7162=ORIENTED_EDGE('',*,*,#4645,.F.);
#7163=EDGE_LOOP('',(#7159,#7160,#7161,#7162));
#7164=FACE_OUTER_BOUND('',#7163,.F.);
#7165=ADVANCED_FACE('',(#7164),#7158,.F.);
#7166=CARTESIAN_POINT('',(3.222367092631E0,-8.851310314519E-1,
-3.760799120272E1));
#7167=CARTESIAN_POINT('',(3.222367092631E0,-8.468849502516E-1,
-3.736515429949E1));
#7168=CARTESIAN_POINT('',(3.222367092631E0,-8.086388690512E-1,
-3.712231739626E1));
#7169=CARTESIAN_POINT('',(3.222367092631E0,-7.703927878509E-1,
-3.687948049302E1));
#7170=CARTESIAN_POINT('',(3.242011622733E0,-8.403520592735E-1,
-3.761529884073E1));
#7171=CARTESIAN_POINT('',(3.242011622733E0,-8.147797524653E-1,
-3.737039365967E1));
#7172=CARTESIAN_POINT('',(3.242011622733E0,-7.892074456572E-1,
-3.712548847860E1));
#7173=CARTESIAN_POINT('',(3.242011622733E0,-7.636351388490E-1,
-3.688058329754E1));
#7174=CARTESIAN_POINT('',(3.313633373952E0,-6.753663706341E-1,
-3.762835421357E1));
#7175=CARTESIAN_POINT('',(3.313633373952E0,-6.964898965803E-1,
-3.737975397561E1));
#7176=CARTESIAN_POINT('',(3.313633373952E0,-7.176134225264E-1,
-3.713115373765E1));
#7177=CARTESIAN_POINT('',(3.313633373952E0,-7.387369484726E-1,
-3.688255349969E1));
#7178=CARTESIAN_POINT('',(3.436823650617E0,-3.924225539683E-1,
-3.756866749282E1));
#7179=CARTESIAN_POINT('',(3.436823650617E0,-4.936275539554E-1,
-3.733696036330E1));
#7180=CARTESIAN_POINT('',(3.436823650617E0,-5.948325539424E-1,
-3.710525323378E1));
#7181=CARTESIAN_POINT('',(3.436823650617E0,-6.960375539295E-1,
-3.687354610427E1));
#7182=CARTESIAN_POINT('',(3.591223183701E0,-9.618711208528E-2,
-3.735965497898E1));
#7183=CARTESIAN_POINT('',(3.591223183701E0,-2.812355094249E-1,
-3.718710457675E1));
#7184=CARTESIAN_POINT('',(3.591223183701E0,-4.662839067645E-1,
-3.701455417453E1));
#7185=CARTESIAN_POINT('',(3.591223183701E0,-6.513323041041E-1,
-3.684200377230E1));
#7186=CARTESIAN_POINT('',(3.745376847416E0,8.852050214783E-2,
-3.704963546760E1));
#7187=CARTESIAN_POINT('',(3.745376847416E0,-1.488056165736E-1,
-3.696482976234E1));
#7188=CARTESIAN_POINT('',(3.745376847416E0,-3.861317352950E-1,
-3.688002405709E1));
#7189=CARTESIAN_POINT('',(3.745376847416E0,-6.234578540165E-1,
-3.679521835183E1));
#7190=CARTESIAN_POINT('',(3.853641132234E0,1.258420488712E-1,
-3.679889851606E1));
#7191=CARTESIAN_POINT('',(3.853641132234E0,-1.220471721308E-1,
-3.678505878883E1));
#7192=CARTESIAN_POINT('',(3.853641132234E0,-3.699363931328E-1,
-3.677121906160E1));
#7193=CARTESIAN_POINT('',(3.853641132234E0,-6.178256141348E-1,
-3.675737933437E1));
#7194=CARTESIAN_POINT('',(3.912628680751E0,1.156803580802E-1,
-3.666349399894E1));
#7195=CARTESIAN_POINT('',(3.912628680751E0,-1.293328036854E-1,
-3.668797775745E1));
#7196=CARTESIAN_POINT('',(3.912628680751E0,-3.743459654511E-1,
-3.671246151595E1));
#7197=CARTESIAN_POINT('',(3.912628680751E0,-6.193591272167E-1,
-3.673694527446E1));
#7198=CARTESIAN_POINT('',(3.930781394386E0,1.100623791678E-1,
-3.662276458496E1));
#7199=CARTESIAN_POINT('',(3.930781394386E0,-1.333607282976E-1,
-3.665877597304E1));
#7200=CARTESIAN_POINT('',(3.930781394386E0,-3.767838357629E-1,
-3.669478736112E1));
#7201=CARTESIAN_POINT('',(3.930781394386E0,-6.202069432282E-1,
-3.673079874920E1));
#7202=B_SPLINE_SURFACE_WITH_KNOTS('',3,3,((#7166,#7167,#7168,#7169),(#7170,
#7171,#7172,#7173),(#7174,#7175,#7176,#7177),(#7178,#7179,#7180,#7181),(#7182,
#7183,#7184,#7185),(#7186,#7187,#7188,#7189),(#7190,#7191,#7192,#7193),(#7194,
#7195,#7196,#7197),(#7198,#7199,#7200,#7201)),.UNSPECIFIED.,.F.,.F.,.F.,(4,1,1,
1,1,1,4),(4,4),(-9.437958335055E-2,0.E0,2.5E-1,5.E-1,7.5E-1,1.E0,
1.114725849380E0),(-2.377535101404E-1,1.237753510140E0),.UNSPECIFIED.);
#7204=ORIENTED_EDGE('',*,*,#7203,.F.);
#7206=ORIENTED_EDGE('',*,*,#7205,.T.);
#7208=ORIENTED_EDGE('',*,*,#7207,.T.);
#7209=ORIENTED_EDGE('',*,*,#5861,.F.);
#7210=EDGE_LOOP('',(#7204,#7206,#7208,#7209));
#7211=FACE_OUTER_BOUND('',#7210,.F.);
#7212=ADVANCED_FACE('',(#7211),#7202,.T.);
#7213=CARTESIAN_POINT('',(3.55E0,-7.5E-1,-3.675E1));
#7214=DIRECTION('',(1.E0,0.E0,0.E0));
#7215=DIRECTION('',(0.E0,0.E0,-1.E0));
#7216=AXIS2_PLACEMENT_3D('',#7213,#7214,#7215);
#7217=CYLINDRICAL_SURFACE('',#7216,7.5E-1);
#7218=ORIENTED_EDGE('',*,*,#4040,.T.);
#7220=ORIENTED_EDGE('',*,*,#7219,.T.);
#7222=ORIENTED_EDGE('',*,*,#7221,.F.);
#7223=ORIENTED_EDGE('',*,*,#7203,.T.);
#7224=EDGE_LOOP('',(#7218,#7220,#7222,#7223));
#7225=FACE_OUTER_BOUND('',#7224,.F.);
#7226=ADVANCED_FACE('',(#7225),#7217,.T.);
#7227=CARTESIAN_POINT('',(-3.926082262503E0,1.108059605995E-1,
-3.663280292783E1));
#7228=CARTESIAN_POINT('',(-3.926082262503E0,-1.328276024178E-1,
-3.666597316778E1));
#7229=CARTESIAN_POINT('',(-3.926082262503E0,-3.764611654351E-1,
-3.669914340774E1));
#7230=CARTESIAN_POINT('',(-3.926082262503E0,-6.200947284525E-1,
-3.673231364770E1));
#7231=CARTESIAN_POINT('',(-3.909097753707E0,1.161896799671E-1,
-3.667151007648E1));
#7232=CARTESIAN_POINT('',(-3.909097753707E0,-1.289676349663E-1,
-3.669372504780E1));
#7233=CARTESIAN_POINT('',(-3.909097753707E0,-3.741249498997E-1,
-3.671594001912E1));
#7234=CARTESIAN_POINT('',(-3.909097753707E0,-6.192822648330E-1,
-3.673815499045E1));
#7235=CARTESIAN_POINT('',(-3.844255049257E0,1.264239582793E-1,
-3.682076442975E1));
#7236=CARTESIAN_POINT('',(-3.844255049257E0,-1.216299603072E-1,
-3.680073600181E1));
#7237=CARTESIAN_POINT('',(-3.844255049257E0,-3.696838788937E-1,
-3.678070757387E1));
#7238=CARTESIAN_POINT('',(-3.844255049257E0,-6.177377974802E-1,
-3.676067914592E1));
#7239=CARTESIAN_POINT('',(-3.730384177517E0,7.648100943983E-2,
-3.708297272252E1));
#7240=CARTESIAN_POINT('',(-3.730384177517E0,-1.574375765279E-1,
-3.698873158748E1));
#7241=CARTESIAN_POINT('',(-3.730384177517E0,-3.913561624955E-1,
-3.689449045244E1));
#7242=CARTESIAN_POINT('',(-3.730384177517E0,-6.252747484632E-1,
-3.680024931740E1));
#7243=CARTESIAN_POINT('',(-3.582097551170E0,-1.130276797142E-1,
-3.737361683328E1));
#7244=CARTESIAN_POINT('',(-3.582097551170E0,-2.933096980062E-1,
-3.719711481308E1));
#7245=CARTESIAN_POINT('',(-3.582097551170E0,-4.735917162982E-1,
-3.702061279287E1));
#7246=CARTESIAN_POINT('',(-3.582097551170E0,-6.538737345901E-1,
-3.684411077267E1));
#7247=CARTESIAN_POINT('',(-3.433575829007E0,-3.999010076920E-1,
-3.757035570602E1));
#7248=CARTESIAN_POINT('',(-3.433575829007E0,-4.989893839451E-1,
-3.733817076220E1));
#7249=CARTESIAN_POINT('',(-3.433575829007E0,-5.980777601981E-1,
-3.710598581838E1));
#7250=CARTESIAN_POINT('',(-3.433575829007E0,-6.971661364512E-1,
-3.687380087457E1));
#7251=CARTESIAN_POINT('',(-3.315338718110E0,-6.714533921511E-1,
-3.762699544461E1));
#7252=CARTESIAN_POINT('',(-3.315338718110E0,-6.936844068154E-1,
-3.737877977848E1));
#7253=CARTESIAN_POINT('',(-3.315338718110E0,-7.159154214796E-1,
-3.713056411235E1));
#7254=CARTESIAN_POINT('',(-3.315338718110E0,-7.381464361438E-1,
-3.688234844622E1));
#7255=CARTESIAN_POINT('',(-3.247047605138E0,-8.287517264832E-1,
-3.761615986740E1));
#7256=CARTESIAN_POINT('',(-3.247047605138E0,-8.064626571748E-1,
-3.737101099031E1));
#7257=CARTESIAN_POINT('',(-3.247047605138E0,-7.841735878664E-1,
-3.712586211321E1));
#7258=CARTESIAN_POINT('',(-3.247047605138E0,-7.618845185581E-1,
-3.688071323612E1));
#7259=CARTESIAN_POINT('',(-3.229887145218E0,-8.679775210751E-1,
-3.761059114069E1));
#7260=CARTESIAN_POINT('',(-3.229887145218E0,-8.345863909818E-1,
-3.736701837806E1));
#7261=CARTESIAN_POINT('',(-3.229887145218E0,-8.011952608885E-1,
-3.712344561544E1));
#7262=CARTESIAN_POINT('',(-3.229887145218E0,-7.678041307952E-1,
-3.687987285281E1));
#7263=B_SPLINE_SURFACE_WITH_KNOTS('',3,3,((#7227,#7228,#7229,#7230),(#7231,
#7232,#7233,#7234),(#7235,#7236,#7237,#7238),(#7239,#7240,#7241,#7242),(#7243,
#7244,#7245,#7246),(#7247,#7248,#7249,#7250),(#7251,#7252,#7253,#7254),(#7255,
#7256,#7257,#7258),(#7259,#7260,#7261,#7262)),.UNSPECIFIED.,.F.,.F.,.F.,(4,1,1,
1,1,1,4),(4,4),(-8.900896890622E-2,0.E0,2.5E-1,5.E-1,7.5E-1,1.E0,
1.083661521165E0),(-2.377535101404E-1,1.237753510140E0),.UNSPECIFIED.);
#7264=ORIENTED_EDGE('',*,*,#7219,.F.);
#7265=ORIENTED_EDGE('',*,*,#5552,.T.);
#7267=ORIENTED_EDGE('',*,*,#7266,.T.);
#7269=ORIENTED_EDGE('',*,*,#7268,.F.);
#7270=EDGE_LOOP('',(#7264,#7265,#7267,#7269));
#7271=FACE_OUTER_BOUND('',#7270,.F.);
#7272=ADVANCED_FACE('',(#7271),#7263,.T.);
#7273=CARTESIAN_POINT('',(3.55E0,-7.5E-1,-3.675E1));
#7274=DIRECTION('',(1.E0,0.E0,0.E0));
#7275=DIRECTION('',(0.E0,0.E0,-1.E0));
#7276=AXIS2_PLACEMENT_3D('',#7273,#7274,#7275);
#7277=CYLINDRICAL_SURFACE('',#7276,2.5E-1);
#7278=ORIENTED_EDGE('',*,*,#5760,.F.);
#7279=ORIENTED_EDGE('',*,*,#7207,.F.);
#7281=ORIENTED_EDGE('',*,*,#7280,.T.);
#7282=ORIENTED_EDGE('',*,*,#7266,.F.);
#7283=EDGE_LOOP('',(#7278,#7279,#7281,#7282));
#7284=FACE_OUTER_BOUND('',#7283,.F.);
#7285=ADVANCED_FACE('',(#7284),#7277,.F.);
#7286=CARTESIAN_POINT('',(-2.4272E0,0.E0,-3.7E1));
#7287=DIRECTION('',(0.E0,0.E0,1.E0));
#7288=DIRECTION('',(-1.E0,0.E0,0.E0));
#7289=AXIS2_PLACEMENT_3D('',#7286,#7287,#7288);
#7290=PLANE('',#7289);
#7292=ORIENTED_EDGE('',*,*,#7291,.F.);
#7294=ORIENTED_EDGE('',*,*,#7293,.F.);
#7296=ORIENTED_EDGE('',*,*,#7295,.F.);
#7298=ORIENTED_EDGE('',*,*,#7297,.F.);
#7300=ORIENTED_EDGE('',*,*,#7299,.F.);
#7302=ORIENTED_EDGE('',*,*,#7301,.F.);
#7304=ORIENTED_EDGE('',*,*,#7303,.F.);
#7305=ORIENTED_EDGE('',*,*,#7280,.F.);
#7307=ORIENTED_EDGE('',*,*,#7306,.F.);
#7309=ORIENTED_EDGE('',*,*,#7308,.F.);
#7311=ORIENTED_EDGE('',*,*,#7310,.F.);
#7313=ORIENTED_EDGE('',*,*,#7312,.F.);
#7314=EDGE_LOOP('',(#7292,#7294,#7296,#7298,#7300,#7302,#7304,#7305,#7307,#7309,
#7311,#7313));
#7315=FACE_OUTER_BOUND('',#7314,.F.);
#7316=ADVANCED_FACE('',(#7315),#7290,.T.);
#7317=CARTESIAN_POINT('',(3.5E0,-2.75E0,1.138180533921E2));
#7318=DIRECTION('',(0.E0,0.E0,-1.E0));
#7319=DIRECTION('',(1.E0,0.E0,0.E0));
#7320=AXIS2_PLACEMENT_3D('',#7317,#7318,#7319);
#7321=CYLINDRICAL_SURFACE('',#7320,2.5E-1);
#7323=ORIENTED_EDGE('',*,*,#7322,.T.);
#7325=ORIENTED_EDGE('',*,*,#7324,.F.);
#7326=ORIENTED_EDGE('',*,*,#7291,.T.);
#7328=ORIENTED_EDGE('',*,*,#7327,.T.);
#7329=EDGE_LOOP('',(#7323,#7325,#7326,#7328));
#7330=FACE_OUTER_BOUND('',#7329,.F.);
#7331=ADVANCED_FACE('',(#7330),#7321,.T.);
#7332=CARTESIAN_POINT('',(-2.4272E0,0.E0,-3.75E1));
#7333=DIRECTION('',(0.E0,0.E0,1.E0));
#7334=DIRECTION('',(-1.E0,0.E0,0.E0));
#7335=AXIS2_PLACEMENT_3D('',#7332,#7333,#7334);
#7336=PLANE('',#7335);
#7337=ORIENTED_EDGE('',*,*,#7322,.F.);
#7339=ORIENTED_EDGE('',*,*,#7338,.T.);
#7341=ORIENTED_EDGE('',*,*,#7340,.T.);
#7343=ORIENTED_EDGE('',*,*,#7342,.T.);
#7345=ORIENTED_EDGE('',*,*,#7344,.T.);
#7346=ORIENTED_EDGE('',*,*,#7221,.T.);
#7348=ORIENTED_EDGE('',*,*,#7347,.T.);
#7350=ORIENTED_EDGE('',*,*,#7349,.T.);
#7352=ORIENTED_EDGE('',*,*,#7351,.T.);
#7354=ORIENTED_EDGE('',*,*,#7353,.T.);
#7356=ORIENTED_EDGE('',*,*,#7355,.F.);
#7358=ORIENTED_EDGE('',*,*,#7357,.T.);
#7359=EDGE_LOOP('',(#7337,#7339,#7341,#7343,#7345,#7346,#7348,#7350,#7352,#7354,
#7356,#7358));
#7360=FACE_OUTER_BOUND('',#7359,.F.);
#7361=ADVANCED_FACE('',(#7360),#7336,.F.);
#7362=CARTESIAN_POINT('',(3.75E0,-2.6E0,-3.725E1));
#7363=DIRECTION('',(-1.E0,0.E0,0.E0));
#7364=DIRECTION('',(0.E0,1.E0,0.E0));
#7365=AXIS2_PLACEMENT_3D('',#7362,#7363,#7364);
#7366=PLANE('',#7365);
#7367=ORIENTED_EDGE('',*,*,#7327,.F.);
#7368=ORIENTED_EDGE('',*,*,#7312,.T.);
#7370=ORIENTED_EDGE('',*,*,#7369,.F.);
#7371=ORIENTED_EDGE('',*,*,#7338,.F.);
#7372=EDGE_LOOP('',(#7367,#7368,#7370,#7371));
#7373=FACE_OUTER_BOUND('',#7372,.F.);
#7374=ADVANCED_FACE('',(#7373),#7366,.F.);
#7375=CARTESIAN_POINT('',(4.1875E0,-2.2E0,-3.725E1));
#7376=DIRECTION('',(0.E0,1.E0,0.E0));
#7377=DIRECTION('',(1.E0,0.E0,0.E0));
#7378=AXIS2_PLACEMENT_3D('',#7375,#7376,#7377);
#7379=PLANE('',#7378);
#7380=ORIENTED_EDGE('',*,*,#7340,.F.);
#7381=ORIENTED_EDGE('',*,*,#7369,.T.);
#7382=ORIENTED_EDGE('',*,*,#7310,.T.);
#7384=ORIENTED_EDGE('',*,*,#7383,.F.);
#7385=EDGE_LOOP('',(#7380,#7381,#7382,#7384));
#7386=FACE_OUTER_BOUND('',#7385,.F.);
#7387=ADVANCED_FACE('',(#7386),#7379,.F.);
#7388=CARTESIAN_POINT('',(4.625E0,-1.6E0,-3.725E1));
#7389=DIRECTION('',(-1.E0,0.E0,0.E0));
#7390=DIRECTION('',(0.E0,1.E0,0.E0));
#7391=AXIS2_PLACEMENT_3D('',#7388,#7389,#7390);
#7392=PLANE('',#7391);
#7393=ORIENTED_EDGE('',*,*,#7342,.F.);
#7394=ORIENTED_EDGE('',*,*,#7383,.T.);
#7395=ORIENTED_EDGE('',*,*,#7308,.T.);
#7397=ORIENTED_EDGE('',*,*,#7396,.F.);
#7398=EDGE_LOOP('',(#7393,#7394,#7395,#7397));
#7399=FACE_OUTER_BOUND('',#7398,.F.);
#7400=ADVANCED_FACE('',(#7399),#7392,.F.);
#7401=CARTESIAN_POINT('',(3.953125E0,-8.75E-1,-3.725E1));
#7402=DIRECTION('',(-1.829079161830E-1,-9.831300494836E-1,0.E0));
#7403=DIRECTION('',(-9.831300494836E-1,1.829079161830E-1,0.E0));
#7404=AXIS2_PLACEMENT_3D('',#7401,#7402,#7403);
#7405=PLANE('',#7404);
#7406=ORIENTED_EDGE('',*,*,#7344,.F.);
#7407=ORIENTED_EDGE('',*,*,#7396,.T.);
#7408=ORIENTED_EDGE('',*,*,#7306,.T.);
#7409=ORIENTED_EDGE('',*,*,#7205,.F.);
#7410=EDGE_LOOP('',(#7406,#7407,#7408,#7409));
#7411=FACE_OUTER_BOUND('',#7410,.F.);
#7412=ADVANCED_FACE('',(#7411),#7405,.F.);
#7413=CARTESIAN_POINT('',(-3.953125E0,-8.75E-1,-3.725E1));
#7414=DIRECTION('',(1.829079161830E-1,-9.831300494836E-1,0.E0));
#7415=DIRECTION('',(-9.831300494836E-1,-1.829079161830E-1,0.E0));
#7416=AXIS2_PLACEMENT_3D('',#7413,#7414,#7415);
#7417=PLANE('',#7416);
#7418=ORIENTED_EDGE('',*,*,#7347,.F.);
#7419=ORIENTED_EDGE('',*,*,#7268,.T.);
#7420=ORIENTED_EDGE('',*,*,#7303,.T.);
#7422=ORIENTED_EDGE('',*,*,#7421,.F.);
#7423=EDGE_LOOP('',(#7418,#7419,#7420,#7422));
#7424=FACE_OUTER_BOUND('',#7423,.F.);
#7425=ADVANCED_FACE('',(#7424),#7417,.F.);
#7426=CARTESIAN_POINT('',(-4.625E0,-1.6E0,-3.725E1));
#7427=DIRECTION('',(1.E0,0.E0,0.E0));
#7428=DIRECTION('',(0.E0,-1.E0,0.E0));
#7429=AXIS2_PLACEMENT_3D('',#7426,#7427,#7428);
#7430=PLANE('',#7429);
#7431=ORIENTED_EDGE('',*,*,#7349,.F.);
#7432=ORIENTED_EDGE('',*,*,#7421,.T.);
#7433=ORIENTED_EDGE('',*,*,#7301,.T.);
#7435=ORIENTED_EDGE('',*,*,#7434,.F.);
#7436=EDGE_LOOP('',(#7431,#7432,#7433,#7435));
#7437=FACE_OUTER_BOUND('',#7436,.F.);
#7438=ADVANCED_FACE('',(#7437),#7430,.F.);
#7439=CARTESIAN_POINT('',(-4.1875E0,-2.2E0,-3.725E1));
#7440=DIRECTION('',(0.E0,1.E0,0.E0));
#7441=DIRECTION('',(1.E0,0.E0,0.E0));
#7442=AXIS2_PLACEMENT_3D('',#7439,#7440,#7441);
#7443=PLANE('',#7442);
#7444=ORIENTED_EDGE('',*,*,#7351,.F.);
#7445=ORIENTED_EDGE('',*,*,#7434,.T.);
#7446=ORIENTED_EDGE('',*,*,#7299,.T.);
#7448=ORIENTED_EDGE('',*,*,#7447,.F.);
#7449=EDGE_LOOP('',(#7444,#7445,#7446,#7448));
#7450=FACE_OUTER_BOUND('',#7449,.F.);
#7451=ADVANCED_FACE('',(#7450),#7443,.F.);
#7452=CARTESIAN_POINT('',(-3.75E0,-2.6E0,-3.725E1));
#7453=DIRECTION('',(1.E0,0.E0,0.E0));
#7454=DIRECTION('',(0.E0,-1.E0,0.E0));
#7455=AXIS2_PLACEMENT_3D('',#7452,#7453,#7454);
#7456=PLANE('',#7455);
#7458=ORIENTED_EDGE('',*,*,#7457,.T.);
#7459=ORIENTED_EDGE('',*,*,#7353,.F.);
#7460=ORIENTED_EDGE('',*,*,#7447,.T.);
#7461=ORIENTED_EDGE('',*,*,#7297,.T.);
#7462=EDGE_LOOP('',(#7458,#7459,#7460,#7461));
#7463=FACE_OUTER_BOUND('',#7462,.F.);
#7464=ADVANCED_FACE('',(#7463),#7456,.F.);
#7465=CARTESIAN_POINT('',(-3.5E0,-2.75E0,1.147401992154E2));
#7466=DIRECTION('',(0.E0,0.E0,-1.E0));
#7467=DIRECTION('',(0.E0,-1.E0,0.E0));
#7468=AXIS2_PLACEMENT_3D('',#7465,#7466,#7467);
#7469=CYLINDRICAL_SURFACE('',#7468,2.5E-1);
#7470=ORIENTED_EDGE('',*,*,#7355,.T.);
#7471=ORIENTED_EDGE('',*,*,#7457,.F.);
#7472=ORIENTED_EDGE('',*,*,#7295,.T.);
#7474=ORIENTED_EDGE('',*,*,#7473,.T.);
#7475=EDGE_LOOP('',(#7470,#7471,#7472,#7474));
#7476=FACE_OUTER_BOUND('',#7475,.F.);
#7477=ADVANCED_FACE('',(#7476),#7469,.T.);
#7478=CARTESIAN_POINT('',(0.E0,-3.E0,-3.725E1));
#7479=DIRECTION('',(0.E0,1.E0,0.E0));
#7480=DIRECTION('',(1.E0,0.E0,0.E0));
#7481=AXIS2_PLACEMENT_3D('',#7478,#7479,#7480);
#7482=PLANE('',#7481);
#7483=ORIENTED_EDGE('',*,*,#7324,.T.);
#7484=ORIENTED_EDGE('',*,*,#7357,.F.);
#7485=ORIENTED_EDGE('',*,*,#7473,.F.);
#7486=ORIENTED_EDGE('',*,*,#7293,.T.);
#7487=EDGE_LOOP('',(#7483,#7484,#7485,#7486));
#7488=FACE_OUTER_BOUND('',#7487,.F.);
#7489=ADVANCED_FACE('',(#7488),#7482,.F.);
#7490=CARTESIAN_POINT('',(4.375E0,-1.525E0,-3.675E1));
#7491=DIRECTION('',(0.E0,0.E0,1.E0));
#7492=DIRECTION('',(0.E0,-1.E0,0.E0));
#7493=AXIS2_PLACEMENT_3D('',#7490,#7491,#7492);
#7494=PLANE('',#7493);
#7495=ORIENTED_EDGE('',*,*,#4665,.F.);
#7496=ORIENTED_EDGE('',*,*,#5864,.T.);
#7497=ORIENTED_EDGE('',*,*,#4790,.T.);
#7499=ORIENTED_EDGE('',*,*,#7498,.F.);
#7500=EDGE_LOOP('',(#7495,#7496,#7497,#7499));
#7501=FACE_OUTER_BOUND('',#7500,.F.);
#7502=ADVANCED_FACE('',(#7501),#7494,.F.);
#7503=CARTESIAN_POINT('',(4.375E0,-2.3E0,-3.7125E1));
#7504=DIRECTION('',(0.E0,-1.E0,0.E0));
#7505=DIRECTION('',(0.E0,0.E0,-1.E0));
#7506=AXIS2_PLACEMENT_3D('',#7503,#7504,#7505);
#7507=PLANE('',#7506);
#7508=ORIENTED_EDGE('',*,*,#4667,.F.);
#7509=ORIENTED_EDGE('',*,*,#7498,.T.);
#7510=ORIENTED_EDGE('',*,*,#4788,.T.);
#7512=ORIENTED_EDGE('',*,*,#7511,.F.);
#7513=EDGE_LOOP('',(#7508,#7509,#7510,#7512));
#7514=FACE_OUTER_BOUND('',#7513,.F.);
#7515=ADVANCED_FACE('',(#7514),#7507,.F.);
#7516=CARTESIAN_POINT('',(4.375E0,-2.9E0,-3.75E1));
#7517=DIRECTION('',(0.E0,0.E0,1.E0));
#7518=DIRECTION('',(0.E0,-1.E0,0.E0));
#7519=AXIS2_PLACEMENT_3D('',#7516,#7517,#7518);
#7520=PLANE('',#7519);
#7522=ORIENTED_EDGE('',*,*,#7521,.T.);
#7523=ORIENTED_EDGE('',*,*,#4669,.F.);
#7524=ORIENTED_EDGE('',*,*,#7511,.T.);
#7525=ORIENTED_EDGE('',*,*,#4786,.T.);
#7526=EDGE_LOOP('',(#7522,#7523,#7524,#7525));
#7527=FACE_OUTER_BOUND('',#7526,.F.);
#7528=ADVANCED_FACE('',(#7527),#7520,.F.);
#7529=CARTESIAN_POINT('',(-1.66833E1,-3.25E0,-3.725E1));
#7530=DIRECTION('',(1.E0,0.E0,0.E0));
#7531=DIRECTION('',(0.E0,-1.E0,0.E0));
#7532=AXIS2_PLACEMENT_3D('',#7529,#7530,#7531);
#7533=CYLINDRICAL_SURFACE('',#7532,2.5E-1);
#7534=ORIENTED_EDGE('',*,*,#4671,.T.);
#7535=ORIENTED_EDGE('',*,*,#7521,.F.);
#7536=ORIENTED_EDGE('',*,*,#4784,.T.);
#7538=ORIENTED_EDGE('',*,*,#7537,.T.);
#7539=EDGE_LOOP('',(#7534,#7535,#7536,#7538));
#7540=FACE_OUTER_BOUND('',#7539,.F.);
#7541=ADVANCED_FACE('',(#7540),#7533,.T.);
#7542=CARTESIAN_POINT('',(4.375E0,-3.5E0,-3.445E1));
#7543=DIRECTION('',(0.E0,1.E0,0.E0));
#7544=DIRECTION('',(0.E0,0.E0,1.E0));
#7545=AXIS2_PLACEMENT_3D('',#7542,#7543,#7544);
#7546=PLANE('',#7545);
#7547=ORIENTED_EDGE('',*,*,#7537,.F.);
#7548=ORIENTED_EDGE('',*,*,#4782,.T.);
#7550=ORIENTED_EDGE('',*,*,#7549,.F.);
#7551=ORIENTED_EDGE('',*,*,#4673,.F.);
#7552=EDGE_LOOP('',(#7547,#7548,#7550,#7551));
#7553=FACE_OUTER_BOUND('',#7552,.F.);
#7554=ADVANCED_FACE('',(#7553),#7546,.F.);
#7555=CARTESIAN_POINT('',(4.375E0,-5.1E0,-3.14E1));
#7556=DIRECTION('',(0.E0,0.E0,1.E0));
#7557=DIRECTION('',(0.E0,-1.E0,0.E0));
#7558=AXIS2_PLACEMENT_3D('',#7555,#7556,#7557);
#7559=PLANE('',#7558);
#7561=ORIENTED_EDGE('',*,*,#7560,.F.);
#7562=ORIENTED_EDGE('',*,*,#4675,.F.);
#7563=ORIENTED_EDGE('',*,*,#7549,.T.);
#7564=ORIENTED_EDGE('',*,*,#4780,.T.);
#7565=EDGE_LOOP('',(#7561,#7562,#7563,#7564));
#7566=FACE_OUTER_BOUND('',#7565,.F.);
#7567=ADVANCED_FACE('',(#7566),#7559,.F.);
#7568=CARTESIAN_POINT('',(1.66833E1,-5.25E0,-3.115E1));
#7569=DIRECTION('',(-1.E0,0.E0,0.E0));
#7570=DIRECTION('',(0.E0,0.E0,-1.E0));
#7571=AXIS2_PLACEMENT_3D('',#7568,#7569,#7570);
#7572=CYLINDRICAL_SURFACE('',#7571,2.5E-1);
#7573=ORIENTED_EDGE('',*,*,#4778,.T.);
#7574=ORIENTED_EDGE('',*,*,#5443,.F.);
#7575=ORIENTED_EDGE('',*,*,#4677,.T.);
#7576=ORIENTED_EDGE('',*,*,#7560,.T.);
#7577=EDGE_LOOP('',(#7573,#7574,#7575,#7576));
#7578=FACE_OUTER_BOUND('',#7577,.F.);
#7579=ADVANCED_FACE('',(#7578),#7572,.T.);
#7580=CARTESIAN_POINT('',(0.E0,-7.7489013E0,3.55E1));
#7581=DIRECTION('',(0.E0,1.E0,0.E0));
#7582=DIRECTION('',(1.E0,0.E0,0.E0));
#7583=AXIS2_PLACEMENT_3D('',#7580,#7581,#7582);
#7584=CYLINDRICAL_SURFACE('',#7583,8.75E-1);
#7585=ORIENTED_EDGE('',*,*,#4056,.F.);
#7587=ORIENTED_EDGE('',*,*,#7586,.F.);
#7588=ORIENTED_EDGE('',*,*,#5775,.T.);
#7590=ORIENTED_EDGE('',*,*,#7589,.T.);
#7591=EDGE_LOOP('',(#7585,#7587,#7588,#7590));
#7592=FACE_OUTER_BOUND('',#7591,.F.);
#7593=ADVANCED_FACE('',(#7592),#7584,.F.);
#7594=CARTESIAN_POINT('',(0.E0,-7.7489013E0,3.55E1));
#7595=DIRECTION('',(0.E0,1.E0,0.E0));
#7596=DIRECTION('',(1.E0,0.E0,0.E0));
#7597=AXIS2_PLACEMENT_3D('',#7594,#7595,#7596);
#7598=CYLINDRICAL_SURFACE('',#7597,8.75E-1);
#7599=ORIENTED_EDGE('',*,*,#4058,.F.);
#7600=ORIENTED_EDGE('',*,*,#7589,.F.);
#7601=ORIENTED_EDGE('',*,*,#5777,.T.);
#7602=ORIENTED_EDGE('',*,*,#7586,.T.);
#7603=EDGE_LOOP('',(#7599,#7600,#7601,#7602));
#7604=FACE_OUTER_BOUND('',#7603,.F.);
#7605=ADVANCED_FACE('',(#7604),#7598,.F.);
#7606=CARTESIAN_POINT('',(0.E0,-7.7489013E0,-3.55E1));
#7607=DIRECTION('',(0.E0,1.E0,0.E0));
#7608=DIRECTION('',(1.E0,0.E0,0.E0));
#7609=AXIS2_PLACEMENT_3D('',#7606,#7607,#7608);
#7610=CYLINDRICAL_SURFACE('',#7609,8.75E-1);
#7611=ORIENTED_EDGE('',*,*,#4062,.F.);
#7613=ORIENTED_EDGE('',*,*,#7612,.F.);
#7614=ORIENTED_EDGE('',*,*,#5781,.T.);
#7616=ORIENTED_EDGE('',*,*,#7615,.T.);
#7617=EDGE_LOOP('',(#7611,#7613,#7614,#7616));
#7618=FACE_OUTER_BOUND('',#7617,.F.);
#7619=ADVANCED_FACE('',(#7618),#7610,.F.);
#7620=CARTESIAN_POINT('',(0.E0,-7.7489013E0,-3.55E1));
#7621=DIRECTION('',(0.E0,1.E0,0.E0));
#7622=DIRECTION('',(1.E0,0.E0,0.E0));
#7623=AXIS2_PLACEMENT_3D('',#7620,#7621,#7622);
#7624=CYLINDRICAL_SURFACE('',#7623,8.75E-1);
#7625=ORIENTED_EDGE('',*,*,#4064,.F.);
#7626=ORIENTED_EDGE('',*,*,#7615,.F.);
#7627=ORIENTED_EDGE('',*,*,#5783,.T.);
#7628=ORIENTED_EDGE('',*,*,#7612,.T.);
#7629=EDGE_LOOP('',(#7625,#7626,#7627,#7628));
#7630=FACE_OUTER_BOUND('',#7629,.F.);
#7631=ADVANCED_FACE('',(#7630),#7624,.F.);
#7632=CARTESIAN_POINT('',(-4.625E0,-6.7E0,-3.055E1));
#7633=DIRECTION('',(0.E0,0.E0,1.E0));
#7634=DIRECTION('',(0.E0,1.E0,0.E0));
#7635=AXIS2_PLACEMENT_3D('',#7632,#7633,#7634);
#7636=PLANE('',#7635);
#7638=ORIENTED_EDGE('',*,*,#7637,.F.);
#7639=ORIENTED_EDGE('',*,*,#4681,.T.);
#7640=ORIENTED_EDGE('',*,*,#5446,.F.);
#7641=ORIENTED_EDGE('',*,*,#4774,.F.);
#7642=EDGE_LOOP('',(#7638,#7639,#7640,#7641));
#7643=FACE_OUTER_BOUND('',#7642,.F.);
#7644=ADVANCED_FACE('',(#7643),#7636,.F.);
#7645=CARTESIAN_POINT('',(4.155330085890E0,-6.230330085890E0,-3.055E1));
#7646=DIRECTION('',(0.E0,0.E0,-1.E0));
#7647=DIRECTION('',(1.E0,0.E0,0.E0));
#7648=AXIS2_PLACEMENT_3D('',#7645,#7646,#7647);
#7649=PLANE('',#7648);
#7651=ORIENTED_EDGE('',*,*,#7650,.T.);
#7652=ORIENTED_EDGE('',*,*,#7637,.T.);
#7654=ORIENTED_EDGE('',*,*,#7653,.F.);
#7656=ORIENTED_EDGE('',*,*,#7655,.F.);
#7657=EDGE_LOOP('',(#7651,#7652,#7654,#7656));
#7658=FACE_OUTER_BOUND('',#7657,.F.);
#7659=ADVANCED_FACE('',(#7658),#7649,.T.);
#7660=CARTESIAN_POINT('',(3.625E0,-5.7E0,-2.935E1));
#7661=DIRECTION('',(0.E0,0.E0,1.E0));
#7662=DIRECTION('',(0.E0,-1.E0,0.E0));
#7663=AXIS2_PLACEMENT_3D('',#7660,#7661,#7662);
#7664=CYLINDRICAL_SURFACE('',#7663,1.E0);
#7666=ORIENTED_EDGE('',*,*,#7665,.F.);
#7668=ORIENTED_EDGE('',*,*,#7667,.T.);
#7669=ORIENTED_EDGE('',*,*,#4683,.T.);
#7670=ORIENTED_EDGE('',*,*,#7650,.F.);
#7671=EDGE_LOOP('',(#7666,#7668,#7669,#7670));
#7672=FACE_OUTER_BOUND('',#7671,.F.);
#7673=ADVANCED_FACE('',(#7672),#7664,.T.);
#7674=CARTESIAN_POINT('',(4.625E0,-6.7E0,-3.055E1));
#7675=DIRECTION('',(0.E0,1.E0,0.E0));
#7676=DIRECTION('',(0.E0,0.E0,-1.E0));
#7677=AXIS2_PLACEMENT_3D('',#7674,#7675,#7676);
#7678=PLANE('',#7677);
#7680=ORIENTED_EDGE('',*,*,#7679,.F.);
#7682=ORIENTED_EDGE('',*,*,#7681,.T.);
#7683=ORIENTED_EDGE('',*,*,#7665,.T.);
#7685=ORIENTED_EDGE('',*,*,#7684,.T.);
#7687=ORIENTED_EDGE('',*,*,#7686,.F.);
#7689=ORIENTED_EDGE('',*,*,#7688,.T.);
#7690=EDGE_LOOP('',(#7680,#7682,#7683,#7685,#7687,#7689));
#7691=FACE_OUTER_BOUND('',#7690,.F.);
#7692=ADVANCED_FACE('',(#7691),#7678,.F.);
#7693=CARTESIAN_POINT('',(1.875E0,8.962314616E0,-2.96E1));
#7694=DIRECTION('',(0.E0,-1.E0,0.E0));
#7695=DIRECTION('',(0.E0,0.E0,1.E0));
#7696=AXIS2_PLACEMENT_3D('',#7693,#7694,#7695);
#7697=CYLINDRICAL_SURFACE('',#7696,2.5E-1);
#7698=ORIENTED_EDGE('',*,*,#7679,.T.);
#7700=ORIENTED_EDGE('',*,*,#7699,.F.);
#7702=ORIENTED_EDGE('',*,*,#7701,.T.);
#7704=ORIENTED_EDGE('',*,*,#7703,.T.);
#7705=EDGE_LOOP('',(#7698,#7700,#7702,#7704));
#7706=FACE_OUTER_BOUND('',#7705,.F.);
#7707=ADVANCED_FACE('',(#7706),#7697,.T.);
#7708=CARTESIAN_POINT('',(1.625E0,-6.45E0,-2.995E1));
#7709=DIRECTION('',(1.E0,0.E0,0.E0));
#7710=DIRECTION('',(0.E0,0.E0,1.E0));
#7711=AXIS2_PLACEMENT_3D('',#7708,#7709,#7710);
#7712=PLANE('',#7711);
#7713=ORIENTED_EDGE('',*,*,#7699,.T.);
#7714=ORIENTED_EDGE('',*,*,#7688,.F.);
#7716=ORIENTED_EDGE('',*,*,#7715,.F.);
#7718=ORIENTED_EDGE('',*,*,#7717,.T.);
#7719=EDGE_LOOP('',(#7713,#7714,#7716,#7718));
#7720=FACE_OUTER_BOUND('',#7719,.F.);
#7721=ADVANCED_FACE('',(#7720),#7712,.F.);
#7722=CARTESIAN_POINT('',(1.875E0,8.962314616E0,-3.03E1));
#7723=DIRECTION('',(0.E0,-1.E0,0.E0));
#7724=DIRECTION('',(-1.E0,0.E0,0.E0));
#7725=AXIS2_PLACEMENT_3D('',#7722,#7723,#7724);
#7726=CYLINDRICAL_SURFACE('',#7725,2.5E-1);
#7727=ORIENTED_EDGE('',*,*,#7686,.T.);
#7729=ORIENTED_EDGE('',*,*,#7728,.F.);
#7731=ORIENTED_EDGE('',*,*,#7730,.T.);
#7732=ORIENTED_EDGE('',*,*,#7715,.T.);
#7733=EDGE_LOOP('',(#7727,#7729,#7731,#7732));
#7734=FACE_OUTER_BOUND('',#7733,.F.);
#7735=ADVANCED_FACE('',(#7734),#7726,.T.);
#7736=CARTESIAN_POINT('',(2.625E0,-6.45E0,-3.055E1));
#7737=DIRECTION('',(0.E0,0.E0,1.E0));
#7738=DIRECTION('',(-1.E0,0.E0,0.E0));
#7739=AXIS2_PLACEMENT_3D('',#7736,#7737,#7738);
#7740=PLANE('',#7739);
#7741=ORIENTED_EDGE('',*,*,#7728,.T.);
#7742=ORIENTED_EDGE('',*,*,#7684,.F.);
#7743=ORIENTED_EDGE('',*,*,#7655,.T.);
#7745=ORIENTED_EDGE('',*,*,#7744,.T.);
#7746=EDGE_LOOP('',(#7741,#7742,#7743,#7745));
#7747=FACE_OUTER_BOUND('',#7746,.F.);
#7748=ADVANCED_FACE('',(#7747),#7740,.F.);
#7749=CARTESIAN_POINT('',(4.625E0,-6.2E0,-3.055E1));
#7750=DIRECTION('',(0.E0,1.E0,0.E0));
#7751=DIRECTION('',(0.E0,0.E0,-1.E0));
#7752=AXIS2_PLACEMENT_3D('',#7749,#7750,#7751);
#7753=PLANE('',#7752);
#7754=ORIENTED_EDGE('',*,*,#7701,.F.);
#7755=ORIENTED_EDGE('',*,*,#7717,.F.);
#7756=ORIENTED_EDGE('',*,*,#7730,.F.);
#7757=ORIENTED_EDGE('',*,*,#7744,.F.);
#7759=ORIENTED_EDGE('',*,*,#7758,.F.);
#7761=ORIENTED_EDGE('',*,*,#7760,.F.);
#7762=EDGE_LOOP('',(#7754,#7755,#7756,#7757,#7759,#7761));
#7763=FACE_OUTER_BOUND('',#7762,.F.);
#7764=ADVANCED_FACE('',(#7763),#7753,.T.);
#7765=CARTESIAN_POINT('',(3.625E0,-5.7E0,-2.935E1));
#7766=DIRECTION('',(0.E0,0.E0,1.E0));
#7767=DIRECTION('',(0.E0,-1.E0,0.E0));
#7768=AXIS2_PLACEMENT_3D('',#7765,#7766,#7767);
#7769=CYLINDRICAL_SURFACE('',#7768,5.E-1);
#7770=ORIENTED_EDGE('',*,*,#7758,.T.);
#7771=ORIENTED_EDGE('',*,*,#7653,.T.);
#7772=ORIENTED_EDGE('',*,*,#4772,.F.);
#7774=ORIENTED_EDGE('',*,*,#7773,.F.);
#7775=EDGE_LOOP('',(#7770,#7771,#7772,#7774));
#7776=FACE_OUTER_BOUND('',#7775,.F.);
#7777=ADVANCED_FACE('',(#7776),#7769,.F.);
#7778=CARTESIAN_POINT('',(4.155330085890E0,-6.230330085890E0,-2.935E1));
#7779=DIRECTION('',(0.E0,0.E0,-1.E0));
#7780=DIRECTION('',(1.E0,0.E0,0.E0));
#7781=AXIS2_PLACEMENT_3D('',#7778,#7779,#7780);
#7782=PLANE('',#7781);
#7783=ORIENTED_EDGE('',*,*,#7667,.F.);
#7785=ORIENTED_EDGE('',*,*,#7784,.T.);
#7786=ORIENTED_EDGE('',*,*,#7773,.T.);
#7788=ORIENTED_EDGE('',*,*,#7787,.F.);
#7789=EDGE_LOOP('',(#7783,#7785,#7786,#7788));
#7790=FACE_OUTER_BOUND('',#7789,.F.);
#7791=ADVANCED_FACE('',(#7790),#7782,.F.);
#7792=CARTESIAN_POINT('',(2.625E0,-6.45E0,-2.935E1));
#7793=DIRECTION('',(0.E0,0.E0,-1.E0));
#7794=DIRECTION('',(1.E0,0.E0,0.E0));
#7795=AXIS2_PLACEMENT_3D('',#7792,#7793,#7794);
#7796=PLANE('',#7795);
#7797=ORIENTED_EDGE('',*,*,#7703,.F.);
#7798=ORIENTED_EDGE('',*,*,#7760,.T.);
#7799=ORIENTED_EDGE('',*,*,#7784,.F.);
#7800=ORIENTED_EDGE('',*,*,#7681,.F.);
#7801=EDGE_LOOP('',(#7797,#7798,#7799,#7800));
#7802=FACE_OUTER_BOUND('',#7801,.F.);
#7803=ADVANCED_FACE('',(#7802),#7796,.F.);
#7804=CARTESIAN_POINT('',(-4.625E0,-5.5E0,-2.935E1));
#7805=DIRECTION('',(0.E0,0.E0,-1.E0));
#7806=DIRECTION('',(0.E0,-1.E0,0.E0));
#7807=AXIS2_PLACEMENT_3D('',#7804,#7805,#7806);
#7808=PLANE('',#7807);
#7809=ORIENTED_EDGE('',*,*,#7787,.T.);
#7810=ORIENTED_EDGE('',*,*,#4770,.T.);
#7811=ORIENTED_EDGE('',*,*,#5234,.T.);
#7812=ORIENTED_EDGE('',*,*,#4685,.F.);
#7813=EDGE_LOOP('',(#7809,#7810,#7811,#7812));
#7814=FACE_OUTER_BOUND('',#7813,.F.);
#7815=ADVANCED_FACE('',(#7814),#7808,.F.);
#7816=CARTESIAN_POINT('',(-1.66833E1,-5.25E0,-2.875E1));
#7817=DIRECTION('',(1.E0,0.E0,0.E0));
#7818=DIRECTION('',(0.E0,0.E0,1.E0));
#7819=AXIS2_PLACEMENT_3D('',#7816,#7817,#7818);
#7820=CYLINDRICAL_SURFACE('',#7819,2.5E-1);
#7821=ORIENTED_EDGE('',*,*,#4689,.T.);
#7822=ORIENTED_EDGE('',*,*,#5231,.F.);
#7823=ORIENTED_EDGE('',*,*,#4766,.T.);
#7825=ORIENTED_EDGE('',*,*,#7824,.T.);
#7826=EDGE_LOOP('',(#7821,#7822,#7823,#7825));
#7827=FACE_OUTER_BOUND('',#7826,.F.);
#7828=ADVANCED_FACE('',(#7827),#7820,.T.);
#7829=CARTESIAN_POINT('',(4.375E0,-5.1E0,-2.85E1));
#7830=DIRECTION('',(0.E0,0.E0,-1.E0));
#7831=DIRECTION('',(0.E0,1.E0,0.E0));
#7832=AXIS2_PLACEMENT_3D('',#7829,#7830,#7831);
#7833=PLANE('',#7832);
#7834=ORIENTED_EDGE('',*,*,#7824,.F.);
#7835=ORIENTED_EDGE('',*,*,#4764,.T.);
#7837=ORIENTED_EDGE('',*,*,#7836,.F.);
#7838=ORIENTED_EDGE('',*,*,#4691,.F.);
#7839=EDGE_LOOP('',(#7834,#7835,#7837,#7838));
#7840=FACE_OUTER_BOUND('',#7839,.F.);
#7841=ADVANCED_FACE('',(#7840),#7833,.F.);
#7842=CARTESIAN_POINT('',(4.375E0,-3.5E0,-2.245E1));
#7843=DIRECTION('',(0.E0,1.E0,0.E0));
#7844=DIRECTION('',(0.E0,0.E0,1.E0));
#7845=AXIS2_PLACEMENT_3D('',#7842,#7843,#7844);
#7846=PLANE('',#7845);
#7847=ORIENTED_EDGE('',*,*,#4693,.F.);
#7848=ORIENTED_EDGE('',*,*,#7836,.T.);
#7849=ORIENTED_EDGE('',*,*,#4762,.T.);
#7851=ORIENTED_EDGE('',*,*,#7850,.F.);
#7852=EDGE_LOOP('',(#7847,#7848,#7849,#7851));
#7853=FACE_OUTER_BOUND('',#7852,.F.);
#7854=ADVANCED_FACE('',(#7853),#7846,.F.);
#7855=CARTESIAN_POINT('',(4.375E0,-5.1E0,-1.64E1));
#7856=DIRECTION('',(0.E0,0.E0,1.E0));
#7857=DIRECTION('',(0.E0,-1.E0,0.E0));
#7858=AXIS2_PLACEMENT_3D('',#7855,#7856,#7857);
#7859=PLANE('',#7858);
#7861=ORIENTED_EDGE('',*,*,#7860,.F.);
#7862=ORIENTED_EDGE('',*,*,#4695,.F.);
#7863=ORIENTED_EDGE('',*,*,#7850,.T.);
#7864=ORIENTED_EDGE('',*,*,#4760,.T.);
#7865=EDGE_LOOP('',(#7861,#7862,#7863,#7864));
#7866=FACE_OUTER_BOUND('',#7865,.F.);
#7867=ADVANCED_FACE('',(#7866),#7859,.F.);
#7868=CARTESIAN_POINT('',(1.66833E1,-5.25E0,-1.615E1));
#7869=DIRECTION('',(-1.E0,0.E0,0.E0));
#7870=DIRECTION('',(0.E0,0.E0,-1.E0));
#7871=AXIS2_PLACEMENT_3D('',#7868,#7869,#7870);
#7872=CYLINDRICAL_SURFACE('',#7871,2.5E-1);
#7873=ORIENTED_EDGE('',*,*,#4758,.T.);
#7874=ORIENTED_EDGE('',*,*,#5139,.F.);
#7875=ORIENTED_EDGE('',*,*,#4697,.T.);
#7876=ORIENTED_EDGE('',*,*,#7860,.T.);
#7877=EDGE_LOOP('',(#7873,#7874,#7875,#7876));
#7878=FACE_OUTER_BOUND('',#7877,.F.);
#7879=ADVANCED_FACE('',(#7878),#7872,.T.);
#7880=CARTESIAN_POINT('',(-4.625E0,-6.7E0,-1.555E1));
#7881=DIRECTION('',(0.E0,0.E0,1.E0));
#7882=DIRECTION('',(0.E0,1.E0,0.E0));
#7883=AXIS2_PLACEMENT_3D('',#7880,#7881,#7882);
#7884=PLANE('',#7883);
#7886=ORIENTED_EDGE('',*,*,#7885,.F.);
#7887=ORIENTED_EDGE('',*,*,#4701,.T.);
#7888=ORIENTED_EDGE('',*,*,#5142,.F.);
#7889=ORIENTED_EDGE('',*,*,#4754,.F.);
#7890=EDGE_LOOP('',(#7886,#7887,#7888,#7889));
#7891=FACE_OUTER_BOUND('',#7890,.F.);
#7892=ADVANCED_FACE('',(#7891),#7884,.F.);
#7893=CARTESIAN_POINT('',(4.155330085890E0,-6.230330085890E0,-1.555E1));
#7894=DIRECTION('',(0.E0,0.E0,-1.E0));
#7895=DIRECTION('',(1.E0,0.E0,0.E0));
#7896=AXIS2_PLACEMENT_3D('',#7893,#7894,#7895);
#7897=PLANE('',#7896);
#7899=ORIENTED_EDGE('',*,*,#7898,.T.);
#7900=ORIENTED_EDGE('',*,*,#7885,.T.);
#7902=ORIENTED_EDGE('',*,*,#7901,.F.);
#7904=ORIENTED_EDGE('',*,*,#7903,.F.);
#7905=EDGE_LOOP('',(#7899,#7900,#7902,#7904));
#7906=FACE_OUTER_BOUND('',#7905,.F.);
#7907=ADVANCED_FACE('',(#7906),#7897,.T.);
#7908=CARTESIAN_POINT('',(3.625E0,-5.7E0,-1.435E1));
#7909=DIRECTION('',(0.E0,0.E0,1.E0));
#7910=DIRECTION('',(0.E0,-1.E0,0.E0));
#7911=AXIS2_PLACEMENT_3D('',#7908,#7909,#7910);
#7912=CYLINDRICAL_SURFACE('',#7911,1.E0);
#7914=ORIENTED_EDGE('',*,*,#7913,.F.);
#7916=ORIENTED_EDGE('',*,*,#7915,.T.);
#7917=ORIENTED_EDGE('',*,*,#4703,.T.);
#7918=ORIENTED_EDGE('',*,*,#7898,.F.);
#7919=EDGE_LOOP('',(#7914,#7916,#7917,#7918));
#7920=FACE_OUTER_BOUND('',#7919,.F.);
#7921=ADVANCED_FACE('',(#7920),#7912,.T.);
#7922=CARTESIAN_POINT('',(4.625E0,-6.7E0,-1.555E1));
#7923=DIRECTION('',(0.E0,1.E0,0.E0));
#7924=DIRECTION('',(0.E0,0.E0,-1.E0));
#7925=AXIS2_PLACEMENT_3D('',#7922,#7923,#7924);
#7926=PLANE('',#7925);
#7928=ORIENTED_EDGE('',*,*,#7927,.F.);
#7930=ORIENTED_EDGE('',*,*,#7929,.T.);
#7931=ORIENTED_EDGE('',*,*,#7913,.T.);
#7933=ORIENTED_EDGE('',*,*,#7932,.T.);
#7935=ORIENTED_EDGE('',*,*,#7934,.F.);
#7937=ORIENTED_EDGE('',*,*,#7936,.T.);
#7938=EDGE_LOOP('',(#7928,#7930,#7931,#7933,#7935,#7937));
#7939=FACE_OUTER_BOUND('',#7938,.F.);
#7940=ADVANCED_FACE('',(#7939),#7926,.F.);
#7941=CARTESIAN_POINT('',(1.875E0,8.962314616E0,-1.46E1));
#7942=DIRECTION('',(0.E0,-1.E0,0.E0));
#7943=DIRECTION('',(0.E0,0.E0,1.E0));
#7944=AXIS2_PLACEMENT_3D('',#7941,#7942,#7943);
#7945=CYLINDRICAL_SURFACE('',#7944,2.5E-1);
#7946=ORIENTED_EDGE('',*,*,#7927,.T.);
#7948=ORIENTED_EDGE('',*,*,#7947,.F.);
#7950=ORIENTED_EDGE('',*,*,#7949,.T.);
#7952=ORIENTED_EDGE('',*,*,#7951,.T.);
#7953=EDGE_LOOP('',(#7946,#7948,#7950,#7952));
#7954=FACE_OUTER_BOUND('',#7953,.F.);
#7955=ADVANCED_FACE('',(#7954),#7945,.T.);
#7956=CARTESIAN_POINT('',(1.625E0,-6.45E0,-1.495E1));
#7957=DIRECTION('',(1.E0,0.E0,0.E0));
#7958=DIRECTION('',(0.E0,0.E0,1.E0));
#7959=AXIS2_PLACEMENT_3D('',#7956,#7957,#7958);
#7960=PLANE('',#7959);
#7961=ORIENTED_EDGE('',*,*,#7947,.T.);
#7962=ORIENTED_EDGE('',*,*,#7936,.F.);
#7964=ORIENTED_EDGE('',*,*,#7963,.F.);
#7966=ORIENTED_EDGE('',*,*,#7965,.T.);
#7967=EDGE_LOOP('',(#7961,#7962,#7964,#7966));
#7968=FACE_OUTER_BOUND('',#7967,.F.);
#7969=ADVANCED_FACE('',(#7968),#7960,.F.);
#7970=CARTESIAN_POINT('',(1.875E0,8.962314616E0,-1.53E1));
#7971=DIRECTION('',(0.E0,-1.E0,0.E0));
#7972=DIRECTION('',(-1.E0,0.E0,0.E0));
#7973=AXIS2_PLACEMENT_3D('',#7970,#7971,#7972);
#7974=CYLINDRICAL_SURFACE('',#7973,2.5E-1);
#7975=ORIENTED_EDGE('',*,*,#7934,.T.);
#7977=ORIENTED_EDGE('',*,*,#7976,.F.);
#7979=ORIENTED_EDGE('',*,*,#7978,.T.);
#7980=ORIENTED_EDGE('',*,*,#7963,.T.);
#7981=EDGE_LOOP('',(#7975,#7977,#7979,#7980));
#7982=FACE_OUTER_BOUND('',#7981,.F.);
#7983=ADVANCED_FACE('',(#7982),#7974,.T.);
#7984=CARTESIAN_POINT('',(2.625E0,-6.45E0,-1.555E1));
#7985=DIRECTION('',(0.E0,0.E0,1.E0));
#7986=DIRECTION('',(-1.E0,0.E0,0.E0));
#7987=AXIS2_PLACEMENT_3D('',#7984,#7985,#7986);
#7988=PLANE('',#7987);
#7989=ORIENTED_EDGE('',*,*,#7976,.T.);
#7990=ORIENTED_EDGE('',*,*,#7932,.F.);
#7991=ORIENTED_EDGE('',*,*,#7903,.T.);
#7993=ORIENTED_EDGE('',*,*,#7992,.T.);
#7994=EDGE_LOOP('',(#7989,#7990,#7991,#7993));
#7995=FACE_OUTER_BOUND('',#7994,.F.);
#7996=ADVANCED_FACE('',(#7995),#7988,.F.);
#7997=CARTESIAN_POINT('',(4.625E0,-6.2E0,-1.555E1));
#7998=DIRECTION('',(0.E0,1.E0,0.E0));
#7999=DIRECTION('',(0.E0,0.E0,-1.E0));
#8000=AXIS2_PLACEMENT_3D('',#7997,#7998,#7999);
#8001=PLANE('',#8000);
#8002=ORIENTED_EDGE('',*,*,#7949,.F.);
#8003=ORIENTED_EDGE('',*,*,#7965,.F.);
#8004=ORIENTED_EDGE('',*,*,#7978,.F.);
#8005=ORIENTED_EDGE('',*,*,#7992,.F.);
#8007=ORIENTED_EDGE('',*,*,#8006,.F.);
#8009=ORIENTED_EDGE('',*,*,#8008,.F.);
#8010=EDGE_LOOP('',(#8002,#8003,#8004,#8005,#8007,#8009));
#8011=FACE_OUTER_BOUND('',#8010,.F.);
#8012=ADVANCED_FACE('',(#8011),#8001,.T.);
#8013=CARTESIAN_POINT('',(3.625E0,-5.7E0,-1.435E1));
#8014=DIRECTION('',(0.E0,0.E0,1.E0));
#8015=DIRECTION('',(0.E0,-1.E0,0.E0));
#8016=AXIS2_PLACEMENT_3D('',#8013,#8014,#8015);
#8017=CYLINDRICAL_SURFACE('',#8016,5.E-1);
#8018=ORIENTED_EDGE('',*,*,#8006,.T.);
#8019=ORIENTED_EDGE('',*,*,#7901,.T.);
#8020=ORIENTED_EDGE('',*,*,#4752,.F.);
#8022=ORIENTED_EDGE('',*,*,#8021,.F.);
#8023=EDGE_LOOP('',(#8018,#8019,#8020,#8022));
#8024=FACE_OUTER_BOUND('',#8023,.F.);
#8025=ADVANCED_FACE('',(#8024),#8017,.F.);
#8026=CARTESIAN_POINT('',(4.155330085890E0,-6.230330085890E0,-1.435E1));
#8027=DIRECTION('',(0.E0,0.E0,-1.E0));
#8028=DIRECTION('',(1.E0,0.E0,0.E0));
#8029=AXIS2_PLACEMENT_3D('',#8026,#8027,#8028);
#8030=PLANE('',#8029);
#8031=ORIENTED_EDGE('',*,*,#7915,.F.);
#8033=ORIENTED_EDGE('',*,*,#8032,.T.);
#8034=ORIENTED_EDGE('',*,*,#8021,.T.);
#8036=ORIENTED_EDGE('',*,*,#8035,.F.);
#8037=EDGE_LOOP('',(#8031,#8033,#8034,#8036));
#8038=FACE_OUTER_BOUND('',#8037,.F.);
#8039=ADVANCED_FACE('',(#8038),#8030,.F.);
#8040=CARTESIAN_POINT('',(2.625E0,-6.45E0,-1.435E1));
#8041=DIRECTION('',(0.E0,0.E0,-1.E0));
#8042=DIRECTION('',(1.E0,0.E0,0.E0));
#8043=AXIS2_PLACEMENT_3D('',#8040,#8041,#8042);
#8044=PLANE('',#8043);
#8045=ORIENTED_EDGE('',*,*,#7951,.F.);
#8046=ORIENTED_EDGE('',*,*,#8008,.T.);
#8047=ORIENTED_EDGE('',*,*,#8032,.F.);
#8048=ORIENTED_EDGE('',*,*,#7929,.F.);
#8049=EDGE_LOOP('',(#8045,#8046,#8047,#8048));
#8050=FACE_OUTER_BOUND('',#8049,.F.);
#8051=ADVANCED_FACE('',(#8050),#8044,.F.);
#8052=CARTESIAN_POINT('',(-4.625E0,-5.5E0,-1.435E1));
#8053=DIRECTION('',(0.E0,0.E0,-1.E0));
#8054=DIRECTION('',(0.E0,-1.E0,0.E0));
#8055=AXIS2_PLACEMENT_3D('',#8052,#8053,#8054);
#8056=PLANE('',#8055);
#8057=ORIENTED_EDGE('',*,*,#8035,.T.);
#8058=ORIENTED_EDGE('',*,*,#4750,.T.);
#8059=ORIENTED_EDGE('',*,*,#4930,.T.);
#8060=ORIENTED_EDGE('',*,*,#4705,.F.);
#8061=EDGE_LOOP('',(#8057,#8058,#8059,#8060));
#8062=FACE_OUTER_BOUND('',#8061,.F.);
#8063=ADVANCED_FACE('',(#8062),#8056,.F.);
#8064=CARTESIAN_POINT('',(-4.625E0,-5.5E0,6.E-1));
#8065=DIRECTION('',(0.E0,0.E0,-1.E0));
#8066=DIRECTION('',(0.E0,-1.E0,0.E0));
#8067=AXIS2_PLACEMENT_3D('',#8064,#8065,#8066);
#8068=PLANE('',#8067);
#8070=ORIENTED_EDGE('',*,*,#8069,.T.);
#8071=ORIENTED_EDGE('',*,*,#4848,.T.);
#8072=ORIENTED_EDGE('',*,*,#4560,.T.);
#8073=ORIENTED_EDGE('',*,*,#4607,.F.);
#8074=EDGE_LOOP('',(#8070,#8071,#8072,#8073));
#8075=FACE_OUTER_BOUND('',#8074,.F.);
#8076=ADVANCED_FACE('',(#8075),#8068,.F.);
#8077=CARTESIAN_POINT('',(4.155330085890E0,-6.230330085890E0,6.E-1));
#8078=DIRECTION('',(0.E0,0.E0,-1.E0));
#8079=DIRECTION('',(1.E0,0.E0,0.E0));
#8080=AXIS2_PLACEMENT_3D('',#8077,#8078,#8079);
#8081=PLANE('',#8080);
#8083=ORIENTED_EDGE('',*,*,#8082,.F.);
#8085=ORIENTED_EDGE('',*,*,#8084,.T.);
#8087=ORIENTED_EDGE('',*,*,#8086,.T.);
#8088=ORIENTED_EDGE('',*,*,#8069,.F.);
#8089=EDGE_LOOP('',(#8083,#8085,#8087,#8088));
#8090=FACE_OUTER_BOUND('',#8089,.F.);
#8091=ADVANCED_FACE('',(#8090),#8081,.F.);
#8092=CARTESIAN_POINT('',(3.625E0,-5.7E0,-6.E-1));
#8093=DIRECTION('',(0.E0,0.E0,1.E0));
#8094=DIRECTION('',(0.E0,-1.E0,0.E0));
#8095=AXIS2_PLACEMENT_3D('',#8092,#8093,#8094);
#8096=CYLINDRICAL_SURFACE('',#8095,1.E0);
#8098=ORIENTED_EDGE('',*,*,#8097,.T.);
#8099=ORIENTED_EDGE('',*,*,#8082,.T.);
#8100=ORIENTED_EDGE('',*,*,#4605,.F.);
#8102=ORIENTED_EDGE('',*,*,#8101,.F.);
#8103=EDGE_LOOP('',(#8098,#8099,#8100,#8102));
#8104=FACE_OUTER_BOUND('',#8103,.F.);
#8105=ADVANCED_FACE('',(#8104),#8096,.T.);
#8106=CARTESIAN_POINT('',(4.625E0,-6.7E0,6.E-1));
#8107=DIRECTION('',(0.E0,-1.E0,0.E0));
#8108=DIRECTION('',(0.E0,0.E0,1.E0));
#8109=AXIS2_PLACEMENT_3D('',#8106,#8107,#8108);
#8110=PLANE('',#8109);
#8112=ORIENTED_EDGE('',*,*,#8111,.F.);
#8114=ORIENTED_EDGE('',*,*,#8113,.F.);
#8115=ORIENTED_EDGE('',*,*,#8097,.F.);
#8117=ORIENTED_EDGE('',*,*,#8116,.F.);
#8119=ORIENTED_EDGE('',*,*,#8118,.F.);
#8121=ORIENTED_EDGE('',*,*,#8120,.F.);
#8122=EDGE_LOOP('',(#8112,#8114,#8115,#8117,#8119,#8121));
#8123=FACE_OUTER_BOUND('',#8122,.F.);
#8124=ADVANCED_FACE('',(#8123),#8110,.T.);
#8125=CARTESIAN_POINT('',(1.875E0,8.962314616E0,3.5E-1));
#8126=DIRECTION('',(0.E0,-1.E0,0.E0));
#8127=DIRECTION('',(0.E0,0.E0,1.E0));
#8128=AXIS2_PLACEMENT_3D('',#8125,#8126,#8127);
#8129=CYLINDRICAL_SURFACE('',#8128,2.5E-1);
#8130=ORIENTED_EDGE('',*,*,#8111,.T.);
#8132=ORIENTED_EDGE('',*,*,#8131,.F.);
#8134=ORIENTED_EDGE('',*,*,#8133,.T.);
#8136=ORIENTED_EDGE('',*,*,#8135,.T.);
#8137=EDGE_LOOP('',(#8130,#8132,#8134,#8136));
#8138=FACE_OUTER_BOUND('',#8137,.F.);
#8139=ADVANCED_FACE('',(#8138),#8129,.T.);
#8140=CARTESIAN_POINT('',(1.625E0,-6.45E0,0.E0));
#8141=DIRECTION('',(-1.E0,0.E0,0.E0));
#8142=DIRECTION('',(0.E0,0.E0,-1.E0));
#8143=AXIS2_PLACEMENT_3D('',#8140,#8141,#8142);
#8144=PLANE('',#8143);
#8145=ORIENTED_EDGE('',*,*,#8131,.T.);
#8146=ORIENTED_EDGE('',*,*,#8120,.T.);
#8148=ORIENTED_EDGE('',*,*,#8147,.F.);
#8150=ORIENTED_EDGE('',*,*,#8149,.F.);
#8151=EDGE_LOOP('',(#8145,#8146,#8148,#8150));
#8152=FACE_OUTER_BOUND('',#8151,.F.);
#8153=ADVANCED_FACE('',(#8152),#8144,.T.);
#8154=CARTESIAN_POINT('',(1.875E0,8.962314616E0,-3.5E-1));
#8155=DIRECTION('',(0.E0,-1.E0,0.E0));
#8156=DIRECTION('',(-1.E0,0.E0,0.E0));
#8157=AXIS2_PLACEMENT_3D('',#8154,#8155,#8156);
#8158=CYLINDRICAL_SURFACE('',#8157,2.5E-1);
#8159=ORIENTED_EDGE('',*,*,#8118,.T.);
#8161=ORIENTED_EDGE('',*,*,#8160,.F.);
#8163=ORIENTED_EDGE('',*,*,#8162,.T.);
#8164=ORIENTED_EDGE('',*,*,#8147,.T.);
#8165=EDGE_LOOP('',(#8159,#8161,#8163,#8164));
#8166=FACE_OUTER_BOUND('',#8165,.F.);
#8167=ADVANCED_FACE('',(#8166),#8158,.T.);
#8168=CARTESIAN_POINT('',(2.625E0,-6.45E0,-6.E-1));
#8169=DIRECTION('',(0.E0,0.E0,-1.E0));
#8170=DIRECTION('',(1.E0,0.E0,0.E0));
#8171=AXIS2_PLACEMENT_3D('',#8168,#8169,#8170);
#8172=PLANE('',#8171);
#8173=ORIENTED_EDGE('',*,*,#8160,.T.);
#8174=ORIENTED_EDGE('',*,*,#8116,.T.);
#8176=ORIENTED_EDGE('',*,*,#8175,.T.);
#8178=ORIENTED_EDGE('',*,*,#8177,.F.);
#8179=EDGE_LOOP('',(#8173,#8174,#8176,#8178));
#8180=FACE_OUTER_BOUND('',#8179,.F.);
#8181=ADVANCED_FACE('',(#8180),#8172,.T.);
#8182=CARTESIAN_POINT('',(4.155330085890E0,-6.230330085890E0,-6.E-1));
#8183=DIRECTION('',(0.E0,0.E0,-1.E0));
#8184=DIRECTION('',(1.E0,0.E0,0.E0));
#8185=AXIS2_PLACEMENT_3D('',#8182,#8183,#8184);
#8186=PLANE('',#8185);
#8187=ORIENTED_EDGE('',*,*,#8101,.T.);
#8189=ORIENTED_EDGE('',*,*,#8188,.T.);
#8191=ORIENTED_EDGE('',*,*,#8190,.F.);
#8192=ORIENTED_EDGE('',*,*,#8175,.F.);
#8193=EDGE_LOOP('',(#8187,#8189,#8191,#8192));
#8194=FACE_OUTER_BOUND('',#8193,.F.);
#8195=ADVANCED_FACE('',(#8194),#8186,.T.);
#8196=CARTESIAN_POINT('',(-4.625E0,-6.7E0,-6.E-1));
#8197=DIRECTION('',(0.E0,0.E0,1.E0));
#8198=DIRECTION('',(0.E0,1.E0,0.E0));
#8199=AXIS2_PLACEMENT_3D('',#8196,#8197,#8198);
#8200=PLANE('',#8199);
#8201=ORIENTED_EDGE('',*,*,#8188,.F.);
#8202=ORIENTED_EDGE('',*,*,#4603,.T.);
#8203=ORIENTED_EDGE('',*,*,#4427,.F.);
#8204=ORIENTED_EDGE('',*,*,#4852,.F.);
#8205=EDGE_LOOP('',(#8201,#8202,#8203,#8204));
#8206=FACE_OUTER_BOUND('',#8205,.F.);
#8207=ADVANCED_FACE('',(#8206),#8200,.F.);
#8208=CARTESIAN_POINT('',(3.625E0,-5.7E0,-6.E-1));
#8209=DIRECTION('',(0.E0,0.E0,1.E0));
#8210=DIRECTION('',(0.E0,-1.E0,0.E0));
#8211=AXIS2_PLACEMENT_3D('',#8208,#8209,#8210);
#8212=CYLINDRICAL_SURFACE('',#8211,5.E-1);
#8214=ORIENTED_EDGE('',*,*,#8213,.F.);
#8215=ORIENTED_EDGE('',*,*,#8190,.T.);
#8216=ORIENTED_EDGE('',*,*,#4850,.T.);
#8217=ORIENTED_EDGE('',*,*,#8086,.F.);
#8218=EDGE_LOOP('',(#8214,#8215,#8216,#8217));
#8219=FACE_OUTER_BOUND('',#8218,.F.);
#8220=ADVANCED_FACE('',(#8219),#8212,.F.);
#8221=CARTESIAN_POINT('',(4.625E0,-6.2E0,6.E-1));
#8222=DIRECTION('',(0.E0,-1.E0,0.E0));
#8223=DIRECTION('',(0.E0,0.E0,1.E0));
#8224=AXIS2_PLACEMENT_3D('',#8221,#8222,#8223);
#8225=PLANE('',#8224);
#8226=ORIENTED_EDGE('',*,*,#8133,.F.);
#8227=ORIENTED_EDGE('',*,*,#8149,.T.);
#8228=ORIENTED_EDGE('',*,*,#8162,.F.);
#8229=ORIENTED_EDGE('',*,*,#8177,.T.);
#8230=ORIENTED_EDGE('',*,*,#8213,.T.);
#8232=ORIENTED_EDGE('',*,*,#8231,.T.);
#8233=EDGE_LOOP('',(#8226,#8227,#8228,#8229,#8230,#8232));
#8234=FACE_OUTER_BOUND('',#8233,.F.);
#8235=ADVANCED_FACE('',(#8234),#8225,.F.);
#8236=CARTESIAN_POINT('',(2.625E0,-6.45E0,6.E-1));
#8237=DIRECTION('',(0.E0,0.E0,1.E0));
#8238=DIRECTION('',(-1.E0,0.E0,0.E0));
#8239=AXIS2_PLACEMENT_3D('',#8236,#8237,#8238);
#8240=PLANE('',#8239);
#8241=ORIENTED_EDGE('',*,*,#8135,.F.);
#8242=ORIENTED_EDGE('',*,*,#8231,.F.);
#8243=ORIENTED_EDGE('',*,*,#8084,.F.);
#8244=ORIENTED_EDGE('',*,*,#8113,.T.);
#8245=EDGE_LOOP('',(#8241,#8242,#8243,#8244));
#8246=FACE_OUTER_BOUND('',#8245,.F.);
#8247=ADVANCED_FACE('',(#8246),#8240,.T.);
#8248=CARTESIAN_POINT('',(-3.625E0,-5.7E0,-6.E-1));
#8249=DIRECTION('',(0.E0,0.E0,-1.E0));
#8250=DIRECTION('',(0.E0,-1.E0,0.E0));
#8251=AXIS2_PLACEMENT_3D('',#8248,#8249,#8250);
#8252=CYLINDRICAL_SURFACE('',#8251,5.E-1);
#8254=ORIENTED_EDGE('',*,*,#8253,.T.);
#8255=ORIENTED_EDGE('',*,*,#4532,.T.);
#8256=ORIENTED_EDGE('',*,*,#4244,.F.);
#8257=ORIENTED_EDGE('',*,*,#4456,.F.);
#8258=EDGE_LOOP('',(#8254,#8255,#8256,#8257));
#8259=FACE_OUTER_BOUND('',#8258,.F.);
#8260=ADVANCED_FACE('',(#8259),#8252,.F.);
#8261=CARTESIAN_POINT('',(-4.625E0,-6.2E0,6.E-1));
#8262=DIRECTION('',(0.E0,1.E0,0.E0));
#8263=DIRECTION('',(0.E0,0.E0,1.E0));
#8264=AXIS2_PLACEMENT_3D('',#8261,#8262,#8263);
#8265=PLANE('',#8264);
#8266=ORIENTED_EDGE('',*,*,#4503,.F.);
#8267=ORIENTED_EDGE('',*,*,#4519,.F.);
#8268=ORIENTED_EDGE('',*,*,#8253,.F.);
#8270=ORIENTED_EDGE('',*,*,#8269,.F.);
#8272=ORIENTED_EDGE('',*,*,#8271,.F.);
#8274=ORIENTED_EDGE('',*,*,#8273,.F.);
#8275=EDGE_LOOP('',(#8266,#8267,#8268,#8270,#8272,#8274));
#8276=FACE_OUTER_BOUND('',#8275,.F.);
#8277=ADVANCED_FACE('',(#8276),#8265,.T.);
#8278=CARTESIAN_POINT('',(-2.625E0,-6.45E0,-6.E-1));
#8279=DIRECTION('',(0.E0,0.E0,1.E0));
#8280=DIRECTION('',(-1.E0,0.E0,0.E0));
#8281=AXIS2_PLACEMENT_3D('',#8278,#8279,#8280);
#8282=PLANE('',#8281);
#8284=ORIENTED_EDGE('',*,*,#8283,.F.);
#8285=ORIENTED_EDGE('',*,*,#8269,.T.);
#8286=ORIENTED_EDGE('',*,*,#4454,.F.);
#8287=ORIENTED_EDGE('',*,*,#4487,.F.);
#8288=EDGE_LOOP('',(#8284,#8285,#8286,#8287));
#8289=FACE_OUTER_BOUND('',#8288,.F.);
#8290=ADVANCED_FACE('',(#8289),#8282,.F.);
#8291=CARTESIAN_POINT('',(-1.875E0,8.962314616E0,-3.5E-1));
#8292=DIRECTION('',(0.E0,-1.E0,0.E0));
#8293=DIRECTION('',(0.E0,0.E0,-1.E0));
#8294=AXIS2_PLACEMENT_3D('',#8291,#8292,#8293);
#8295=CYLINDRICAL_SURFACE('',#8294,2.5E-1);
#8296=ORIENTED_EDGE('',*,*,#4485,.T.);
#8298=ORIENTED_EDGE('',*,*,#8297,.F.);
#8299=ORIENTED_EDGE('',*,*,#8271,.T.);
#8300=ORIENTED_EDGE('',*,*,#8283,.T.);
#8301=EDGE_LOOP('',(#8296,#8298,#8299,#8300));
#8302=FACE_OUTER_BOUND('',#8301,.F.);
#8303=ADVANCED_FACE('',(#8302),#8295,.T.);
#8304=CARTESIAN_POINT('',(-1.625E0,-6.45E0,0.E0));
#8305=DIRECTION('',(-1.E0,0.E0,0.E0));
#8306=DIRECTION('',(0.E0,0.E0,-1.E0));
#8307=AXIS2_PLACEMENT_3D('',#8304,#8305,#8306);
#8308=PLANE('',#8307);
#8309=ORIENTED_EDGE('',*,*,#4505,.F.);
#8310=ORIENTED_EDGE('',*,*,#8273,.T.);
#8311=ORIENTED_EDGE('',*,*,#8297,.T.);
#8312=ORIENTED_EDGE('',*,*,#4483,.F.);
#8313=EDGE_LOOP('',(#8309,#8310,#8311,#8312));
#8314=FACE_OUTER_BOUND('',#8313,.F.);
#8315=ADVANCED_FACE('',(#8314),#8308,.F.);
#8317=CARTESIAN_POINT('',(0.E0,0.E0,3.55E1));
#8318=DIRECTION('',(0.E0,-1.E0,0.E0));
#8319=DIRECTION('',(-1.E0,0.E0,0.E0));
#8320=AXIS2_PLACEMENT_3D('',#8317,#8318,#8319);
#8322=CARTESIAN_POINT('',(0.E0,-5.E-1,3.55E1));
#8323=DIRECTION('',(0.E0,1.E0,0.E0));
#8324=DIRECTION('',(1.E0,0.E0,0.E0));
#8325=AXIS2_PLACEMENT_3D('',#8322,#8323,#8324);
#8327=CARTESIAN_POINT('',(0.E0,0.E0,3.55E1));
#8328=DIRECTION('',(0.E0,-1.E0,0.E0));
#8329=DIRECTION('',(1.E0,0.E0,0.E0));
#8330=AXIS2_PLACEMENT_3D('',#8327,#8328,#8329);
#8332=DIRECTION('',(0.E0,-1.E0,0.E0));
#8333=VECTOR('',#8332,5.E-1);
#8334=CARTESIAN_POINT('',(-1.1E0,0.E0,3.55E1));
#8335=LINE('',#8334,#8333);
#8336=CARTESIAN_POINT('',(0.E0,-5.E-1,3.55E1));
#8337=DIRECTION('',(0.E0,1.E0,0.E0));
#8338=DIRECTION('',(-1.E0,0.E0,0.E0));
#8339=AXIS2_PLACEMENT_3D('',#8336,#8337,#8338);
#8341=DIRECTION('',(0.E0,-1.E0,0.E0));
#8342=VECTOR('',#8341,5.E-1);
#8343=CARTESIAN_POINT('',(1.1E0,0.E0,3.55E1));
#8344=LINE('',#8343,#8342);
#8345=CARTESIAN_POINT('',(1.1E0,0.E0,3.55E1));
#8346=CARTESIAN_POINT('',(-1.1E0,0.E0,3.55E1));
#8347=VERTEX_POINT('',#8345);
#8348=VERTEX_POINT('',#8346);
#8349=CARTESIAN_POINT('',(1.1E0,-5.E-1,3.55E1));
#8350=CARTESIAN_POINT('',(-1.1E0,-5.E-1,3.55E1));
#8351=VERTEX_POINT('',#8349);
#8352=VERTEX_POINT('',#8350);
#8353=CARTESIAN_POINT('',(0.E0,-7.7489013E0,3.55E1));
#8354=DIRECTION('',(0.E0,1.E0,0.E0));
#8355=DIRECTION('',(1.E0,0.E0,0.E0));
#8356=AXIS2_PLACEMENT_3D('',#8353,#8354,#8355);
#8357=CYLINDRICAL_SURFACE('',#8356,1.1E0);
#8359=ORIENTED_EDGE('',*,*,#8358,.T.);
#8361=ORIENTED_EDGE('',*,*,#8360,.T.);
#8363=ORIENTED_EDGE('',*,*,#8362,.T.);
#8365=ORIENTED_EDGE('',*,*,#8364,.F.);
#8366=EDGE_LOOP('',(#8359,#8361,#8363,#8365));
#8367=FACE_OUTER_BOUND('',#8366,.F.);
#8368=ADVANCED_FACE('',(#8367),#8357,.F.);
#8369=CARTESIAN_POINT('',(0.E0,-7.7489013E0,3.55E1));
#8370=DIRECTION('',(0.E0,1.E0,0.E0));
#8371=DIRECTION('',(1.E0,0.E0,0.E0));
#8372=AXIS2_PLACEMENT_3D('',#8369,#8370,#8371);
#8373=CYLINDRICAL_SURFACE('',#8372,1.1E0);
#8375=ORIENTED_EDGE('',*,*,#8374,.T.);
#8376=ORIENTED_EDGE('',*,*,#8364,.T.);
#8378=ORIENTED_EDGE('',*,*,#8377,.T.);
#8379=ORIENTED_EDGE('',*,*,#8360,.F.);
#8380=EDGE_LOOP('',(#8375,#8376,#8378,#8379));
#8381=FACE_OUTER_BOUND('',#8380,.F.);
#8382=ADVANCED_FACE('',(#8381),#8373,.F.);
#8385=CARTESIAN_POINT('',(0.E0,0.E0,-3.55E1));
#8386=DIRECTION('',(0.E0,-1.E0,0.E0));
#8387=DIRECTION('',(-1.E0,0.E0,0.E0));
#8388=AXIS2_PLACEMENT_3D('',#8385,#8386,#8387);
#8390=CARTESIAN_POINT('',(0.E0,-5.E-1,-3.55E1));
#8391=DIRECTION('',(0.E0,1.E0,0.E0));
#8392=DIRECTION('',(1.E0,0.E0,0.E0));
#8393=AXIS2_PLACEMENT_3D('',#8390,#8391,#8392);
#8395=CARTESIAN_POINT('',(0.E0,0.E0,-3.55E1));
#8396=DIRECTION('',(0.E0,-1.E0,0.E0));
#8397=DIRECTION('',(1.E0,0.E0,0.E0));
#8398=AXIS2_PLACEMENT_3D('',#8395,#8396,#8397);
#8400=DIRECTION('',(0.E0,-1.E0,0.E0));
#8401=VECTOR('',#8400,5.E-1);
#8402=CARTESIAN_POINT('',(-1.1E0,0.E0,-3.55E1));
#8403=LINE('',#8402,#8401);
#8404=CARTESIAN_POINT('',(0.E0,-5.E-1,-3.55E1));
#8405=DIRECTION('',(0.E0,1.E0,0.E0));
#8406=DIRECTION('',(-1.E0,0.E0,0.E0));
#8407=AXIS2_PLACEMENT_3D('',#8404,#8405,#8406);
#8409=DIRECTION('',(0.E0,-1.E0,0.E0));
#8410=VECTOR('',#8409,5.E-1);
#8411=CARTESIAN_POINT('',(1.1E0,0.E0,-3.55E1));
#8412=LINE('',#8411,#8410);
#8413=CARTESIAN_POINT('',(1.1E0,0.E0,-3.55E1));
#8414=CARTESIAN_POINT('',(-1.1E0,0.E0,-3.55E1));
#8415=VERTEX_POINT('',#8413);
#8416=VERTEX_POINT('',#8414);
#8417=CARTESIAN_POINT('',(1.1E0,-5.E-1,-3.55E1));
#8418=CARTESIAN_POINT('',(-1.1E0,-5.E-1,-3.55E1));
#8419=VERTEX_POINT('',#8417);
#8420=VERTEX_POINT('',#8418);
#8421=CARTESIAN_POINT('',(0.E0,-7.7489013E0,-3.55E1));
#8422=DIRECTION('',(0.E0,1.E0,0.E0));
#8423=DIRECTION('',(1.E0,0.E0,0.E0));
#8424=AXIS2_PLACEMENT_3D('',#8421,#8422,#8423);
#8425=CYLINDRICAL_SURFACE('',#8424,1.1E0);
#8427=ORIENTED_EDGE('',*,*,#8426,.T.);
#8429=ORIENTED_EDGE('',*,*,#8428,.T.);
#8431=ORIENTED_EDGE('',*,*,#8430,.T.);
#8433=ORIENTED_EDGE('',*,*,#8432,.F.);
#8434=EDGE_LOOP('',(#8427,#8429,#8431,#8433));
#8435=FACE_OUTER_BOUND('',#8434,.F.);
#8436=ADVANCED_FACE('',(#8435),#8425,.F.);
#8437=CARTESIAN_POINT('',(0.E0,-7.7489013E0,-3.55E1));
#8438=DIRECTION('',(0.E0,1.E0,0.E0));
#8439=DIRECTION('',(1.E0,0.E0,0.E0));
#8440=AXIS2_PLACEMENT_3D('',#8437,#8438,#8439);
#8441=CYLINDRICAL_SURFACE('',#8440,1.1E0);
#8443=ORIENTED_EDGE('',*,*,#8442,.T.);
#8444=ORIENTED_EDGE('',*,*,#8432,.T.);
#8446=ORIENTED_EDGE('',*,*,#8445,.T.);
#8447=ORIENTED_EDGE('',*,*,#8428,.F.);
#8448=EDGE_LOOP('',(#8443,#8444,#8446,#8447));
#8449=FACE_OUTER_BOUND('',#8448,.F.);
#8450=ADVANCED_FACE('',(#8449),#8441,.F.);
#8455=DIMENSIONAL_EXPONENTS(0.E0,0.E0,0.E0,0.E0,0.E0,0.E0,0.E0);
#8457=PLANE_ANGLE_MEASURE_WITH_UNIT(PLANE_ANGLE_MEASURE(1.745329251994E-2),
#8456);
#8458=(CONVERSION_BASED_UNIT('DEGREE',#8457)NAMED_UNIT(*)PLANE_ANGLE_UNIT());
#8460=UNCERTAINTY_MEASURE_WITH_UNIT(LENGTH_MEASURE(9.906E-3),#8454,'closure',
'Maximum model space distance between geometric entities at asserted connectivities');
#8461=(GEOMETRIC_REPRESENTATION_CONTEXT(3)GLOBAL_UNCERTAINTY_ASSIGNED_CONTEXT((
#8460))GLOBAL_UNIT_ASSIGNED_CONTEXT((#8454,#8458,#8459))REPRESENTATION_CONTEXT(
'ID1','3'));
#8462=CARTESIAN_POINT('',(0.E0,0.E0,0.E0));
#8463=DIRECTION('',(0.E0,0.E0,1.E0));
#8464=DIRECTION('',(1.E0,0.E0,0.E0));
#8467=CARTESIAN_POINT('',(0.E0,0.E0,0.E0));
#8468=DIRECTION('',(0.E0,0.E0,1.E0));
#8469=DIRECTION('',(1.E0,0.E0,0.E0));
#8472=CARTESIAN_POINT('',(0.E0,0.E0,0.E0));
#8473=DIRECTION('',(0.E0,0.E0,1.E0));
#8474=DIRECTION('',(1.E0,0.E0,0.E0));
#8477=SHAPE_REPRESENTATION_RELATIONSHIP('','',#8476,#8466);
#8478=SHAPE_REPRESENTATION_RELATIONSHIP('','',#8476,#8471);
#8479=APPLICATION_CONTEXT(
'CONFIGURATION CONTROLLED 3D DESIGNS OF MECHANICAL PARTS AND ASSEMBLIES');
#8480=APPLICATION_PROTOCOL_DEFINITION('international standard',
'config_control_design',1994,#8479);
#8481=DESIGN_CONTEXT('',#8479,'design');
#8482=MECHANICAL_CONTEXT('',#8479,'mechanical');
#8483=PRODUCT('HOUSING','HOUSING','NOT SPECIFIED',(#8482));
#8484=PRODUCT_DEFINITION_FORMATION_WITH_SPECIFIED_SOURCE('9','LAST_VERSION',
#8483,.MADE.);
#8493=CARTESIAN_POINT('',(0.E0,0.E0,0.E0));
#8494=DIRECTION('',(0.E0,0.E0,1.E0));
#8495=DIRECTION('',(1.E0,0.E0,0.E0));
#8496=AXIS2_PLACEMENT_3D('',#8493,#8494,#8495);
#8497=ITEM_DEFINED_TRANSFORMATION('','',#8475,#8496);
#8498=(REPRESENTATION_RELATIONSHIP('','',#8476,#8490)REPRESENTATION_RELATIONSHIP_WITH_TRANSFORMATION(#8497)SHAPE_REPRESENTATION_RELATIONSHIP());
#8499=CONTEXT_DEPENDENT_SHAPE_REPRESENTATION(#8498,#8492);
#8501=CARTESIAN_POINT('',(2.95E0,-6.2E0,-2.875E1));
#8502=DIRECTION('',(0.E0,-1.E0,0.E0));
#8503=DIRECTION('',(1.E0,0.E0,0.E0));
#8504=AXIS2_PLACEMENT_3D('',#8501,#8502,#8503);
#8506=DIRECTION('',(0.E0,0.E0,-1.E0));
#8507=VECTOR('',#8506,3.E0);
#8508=CARTESIAN_POINT('',(3.2E0,-6.2E0,-2.875E1));
#8509=LINE('',#8508,#8507);
#8510=CARTESIAN_POINT('',(2.95E0,-6.2E0,-3.175E1));
#8511=DIRECTION('',(0.E0,-1.E0,0.E0));
#8512=DIRECTION('',(0.E0,0.E0,-1.E0));
#8513=AXIS2_PLACEMENT_3D('',#8510,#8511,#8512);
#8515=DIRECTION('',(-1.E0,0.E0,0.E0));
#8516=VECTOR('',#8515,2.25E0);
#8517=CARTESIAN_POINT('',(2.95E0,-6.2E0,-3.2E1));
#8518=LINE('',#8517,#8516);
#8519=DIRECTION('',(0.E0,0.E0,-1.E0));
#8520=VECTOR('',#8519,9.E-1);
#8521=CARTESIAN_POINT('',(7.E-1,-6.2E0,-3.2E1));
#8522=LINE('',#8521,#8520);
#8523=CARTESIAN_POINT('',(4.5E-1,-6.2E0,-3.29E1));
#8524=DIRECTION('',(0.E0,-1.E0,0.E0));
#8525=DIRECTION('',(0.E0,0.E0,-1.E0));
#8526=AXIS2_PLACEMENT_3D('',#8523,#8524,#8525);
#8528=DIRECTION('',(-1.E0,0.E0,0.E0));
#8529=VECTOR('',#8528,9.E-1);
#8530=CARTESIAN_POINT('',(4.5E-1,-6.2E0,-3.315E1));
#8531=LINE('',#8530,#8529);
#8532=CARTESIAN_POINT('',(-4.5E-1,-6.2E0,-3.29E1));
#8533=DIRECTION('',(0.E0,-1.E0,0.E0));
#8534=DIRECTION('',(-1.E0,0.E0,0.E0));
#8535=AXIS2_PLACEMENT_3D('',#8532,#8533,#8534);
#8537=DIRECTION('',(0.E0,0.E0,1.E0));
#8538=VECTOR('',#8537,9.E-1);
#8539=CARTESIAN_POINT('',(-7.E-1,-6.2E0,-3.29E1));
#8540=LINE('',#8539,#8538);
#8541=DIRECTION('',(-1.E0,0.E0,0.E0));
#8542=VECTOR('',#8541,2.25E0);
#8543=CARTESIAN_POINT('',(-7.E-1,-6.2E0,-3.2E1));
#8544=LINE('',#8543,#8542);
#8545=CARTESIAN_POINT('',(-2.95E0,-6.2E0,-3.175E1));
#8546=DIRECTION('',(0.E0,-1.E0,0.E0));
#8547=DIRECTION('',(-1.E0,0.E0,0.E0));
#8548=AXIS2_PLACEMENT_3D('',#8545,#8546,#8547);
#8550=DIRECTION('',(0.E0,0.E0,1.E0));
#8551=VECTOR('',#8550,3.E0);
#8552=CARTESIAN_POINT('',(-3.2E0,-6.2E0,-3.175E1));
#8553=LINE('',#8552,#8551);
#8554=CARTESIAN_POINT('',(-2.95E0,-6.2E0,-2.875E1));
#8555=DIRECTION('',(0.E0,-1.E0,0.E0));
#8556=DIRECTION('',(0.E0,0.E0,1.E0));
#8557=AXIS2_PLACEMENT_3D('',#8554,#8555,#8556);
#8559=DIRECTION('',(1.E0,0.E0,0.E0));
#8560=VECTOR('',#8559,8.E-1);
#8561=CARTESIAN_POINT('',(-2.95E0,-6.2E0,-2.85E1));
#8562=LINE('',#8561,#8560);
#8563=DIRECTION('',(0.E0,0.E0,1.E0));
#8564=VECTOR('',#8563,2.E0);
#8565=CARTESIAN_POINT('',(-2.15E0,-6.2E0,-2.85E1));
#8566=LINE('',#8565,#8564);
#8567=DIRECTION('',(-1.E0,0.E0,0.E0));
#8568=VECTOR('',#8567,3.E-1);
#8569=CARTESIAN_POINT('',(-2.15E0,-6.2E0,-2.65E1));
#8570=LINE('',#8569,#8568);
#8571=CARTESIAN_POINT('',(-2.45E0,-6.2E0,-2.625E1));
#8572=DIRECTION('',(0.E0,-1.E0,0.E0));
#8573=DIRECTION('',(-1.E0,0.E0,0.E0));
#8574=AXIS2_PLACEMENT_3D('',#8571,#8572,#8573);
#8576=DIRECTION('',(0.E0,0.E0,1.E0));
#8577=VECTOR('',#8576,5.25E1);
#8578=CARTESIAN_POINT('',(-2.7E0,-6.2E0,-2.625E1));
#8579=LINE('',#8578,#8577);
#8580=CARTESIAN_POINT('',(-2.45E0,-6.2E0,2.625E1));
#8581=DIRECTION('',(0.E0,-1.E0,0.E0));
#8582=DIRECTION('',(0.E0,0.E0,1.E0));
#8583=AXIS2_PLACEMENT_3D('',#8580,#8581,#8582);
#8585=DIRECTION('',(1.E0,0.E0,0.E0));
#8586=VECTOR('',#8585,3.E-1);
#8587=CARTESIAN_POINT('',(-2.45E0,-6.2E0,2.65E1));
#8588=LINE('',#8587,#8586);
#8589=DIRECTION('',(0.E0,0.E0,1.E0));
#8590=VECTOR('',#8589,2.E0);
#8591=CARTESIAN_POINT('',(-2.15E0,-6.2E0,2.65E1));
#8592=LINE('',#8591,#8590);
#8593=DIRECTION('',(-1.E0,0.E0,0.E0));
#8594=VECTOR('',#8593,8.E-1);
#8595=CARTESIAN_POINT('',(-2.15E0,-6.2E0,2.85E1));
#8596=LINE('',#8595,#8594);
#8597=CARTESIAN_POINT('',(-2.95E0,-6.2E0,2.875E1));
#8598=DIRECTION('',(0.E0,-1.E0,0.E0));
#8599=DIRECTION('',(-1.E0,0.E0,0.E0));
#8600=AXIS2_PLACEMENT_3D('',#8597,#8598,#8599);
#8602=DIRECTION('',(0.E0,0.E0,1.E0));
#8603=VECTOR('',#8602,3.E0);
#8604=CARTESIAN_POINT('',(-3.2E0,-6.2E0,2.875E1));
#8605=LINE('',#8604,#8603);
#8606=CARTESIAN_POINT('',(-2.95E0,-6.2E0,3.175E1));
#8607=DIRECTION('',(0.E0,-1.E0,0.E0));
#8608=DIRECTION('',(0.E0,0.E0,1.E0));
#8609=AXIS2_PLACEMENT_3D('',#8606,#8607,#8608);
#8611=DIRECTION('',(1.E0,0.E0,0.E0));
#8612=VECTOR('',#8611,2.25E0);
#8613=CARTESIAN_POINT('',(-2.95E0,-6.2E0,3.2E1));
#8614=LINE('',#8613,#8612);
#8615=DIRECTION('',(0.E0,0.E0,1.E0));
#8616=VECTOR('',#8615,9.E-1);
#8617=CARTESIAN_POINT('',(-7.E-1,-6.2E0,3.2E1));
#8618=LINE('',#8617,#8616);
#8619=CARTESIAN_POINT('',(-4.5E-1,-6.2E0,3.29E1));
#8620=DIRECTION('',(0.E0,-1.E0,0.E0));
#8621=DIRECTION('',(0.E0,0.E0,1.E0));
#8622=AXIS2_PLACEMENT_3D('',#8619,#8620,#8621);
#8624=DIRECTION('',(1.E0,0.E0,0.E0));
#8625=VECTOR('',#8624,9.E-1);
#8626=CARTESIAN_POINT('',(-4.5E-1,-6.2E0,3.315E1));
#8627=LINE('',#8626,#8625);
#8628=CARTESIAN_POINT('',(4.5E-1,-6.2E0,3.29E1));
#8629=DIRECTION('',(0.E0,-1.E0,0.E0));
#8630=DIRECTION('',(1.E0,0.E0,0.E0));
#8631=AXIS2_PLACEMENT_3D('',#8628,#8629,#8630);
#8633=DIRECTION('',(0.E0,0.E0,-1.E0));
#8634=VECTOR('',#8633,9.E-1);
#8635=CARTESIAN_POINT('',(7.E-1,-6.2E0,3.29E1));
#8636=LINE('',#8635,#8634);
#8637=DIRECTION('',(1.E0,0.E0,0.E0));
#8638=VECTOR('',#8637,2.25E0);
#8639=CARTESIAN_POINT('',(7.E-1,-6.2E0,3.2E1));
#8640=LINE('',#8639,#8638);
#8641=CARTESIAN_POINT('',(2.95E0,-6.2E0,3.175E1));
#8642=DIRECTION('',(0.E0,-1.E0,0.E0));
#8643=DIRECTION('',(1.E0,0.E0,0.E0));
#8644=AXIS2_PLACEMENT_3D('',#8641,#8642,#8643);
#8646=DIRECTION('',(0.E0,0.E0,-1.E0));
#8647=VECTOR('',#8646,3.E0);
#8648=CARTESIAN_POINT('',(3.2E0,-6.2E0,3.175E1));
#8649=LINE('',#8648,#8647);
#8650=CARTESIAN_POINT('',(2.95E0,-6.2E0,2.875E1));
#8651=DIRECTION('',(0.E0,-1.E0,0.E0));
#8652=DIRECTION('',(0.E0,0.E0,-1.E0));
#8653=AXIS2_PLACEMENT_3D('',#8650,#8651,#8652);
#8655=DIRECTION('',(-1.E0,0.E0,0.E0));
#8656=VECTOR('',#8655,8.E-1);
#8657=CARTESIAN_POINT('',(2.95E0,-6.2E0,2.85E1));
#8658=LINE('',#8657,#8656);
#8659=DIRECTION('',(0.E0,0.E0,-1.E0));
#8660=VECTOR('',#8659,2.E0);
#8661=CARTESIAN_POINT('',(2.15E0,-6.2E0,2.85E1));
#8662=LINE('',#8661,#8660);
#8663=DIRECTION('',(1.E0,0.E0,0.E0));
#8664=VECTOR('',#8663,3.E-1);
#8665=CARTESIAN_POINT('',(2.15E0,-6.2E0,2.65E1));
#8666=LINE('',#8665,#8664);
#8667=CARTESIAN_POINT('',(2.45E0,-6.2E0,2.625E1));
#8668=DIRECTION('',(0.E0,-1.E0,0.E0));
#8669=DIRECTION('',(1.E0,0.E0,0.E0));
#8670=AXIS2_PLACEMENT_3D('',#8667,#8668,#8669);
#8672=DIRECTION('',(0.E0,0.E0,-1.E0));
#8673=VECTOR('',#8672,5.25E1);
#8674=CARTESIAN_POINT('',(2.7E0,-6.2E0,2.625E1));
#8675=LINE('',#8674,#8673);
#8676=CARTESIAN_POINT('',(2.45E0,-6.2E0,-2.625E1));
#8677=DIRECTION('',(0.E0,-1.E0,0.E0));
#8678=DIRECTION('',(0.E0,0.E0,-1.E0));
#8679=AXIS2_PLACEMENT_3D('',#8676,#8677,#8678);
#8681=DIRECTION('',(-1.E0,0.E0,0.E0));
#8682=VECTOR('',#8681,3.E-1);
#8683=CARTESIAN_POINT('',(2.45E0,-6.2E0,-2.65E1));
#8684=LINE('',#8683,#8682);
#8685=DIRECTION('',(0.E0,0.E0,-1.E0));
#8686=VECTOR('',#8685,2.E0);
#8687=CARTESIAN_POINT('',(2.15E0,-6.2E0,-2.65E1));
#8688=LINE('',#8687,#8686);
#8689=DIRECTION('',(1.E0,0.E0,0.E0));
#8690=VECTOR('',#8689,8.E-1);
#8691=CARTESIAN_POINT('',(2.15E0,-6.2E0,-2.85E1));
#8692=LINE('',#8691,#8690);
#8693=DIRECTION('',(-1.E0,0.E0,0.E0));
#8694=VECTOR('',#8693,2.5E0);
#8695=CARTESIAN_POINT('',(1.25E0,-6.2E0,-6.E0));
#8696=LINE('',#8695,#8694);
#8697=DIRECTION('',(0.E0,0.E0,-1.E0));
#8698=VECTOR('',#8697,1.2E1);
#8699=CARTESIAN_POINT('',(1.25E0,-6.2E0,6.E0));
#8700=LINE('',#8699,#8698);
#8701=DIRECTION('',(1.E0,0.E0,0.E0));
#8702=VECTOR('',#8701,2.5E0);
#8703=CARTESIAN_POINT('',(-1.25E0,-6.2E0,6.E0));
#8704=LINE('',#8703,#8702);
#8705=DIRECTION('',(0.E0,0.E0,1.E0));
#8706=VECTOR('',#8705,1.2E1);
#8707=CARTESIAN_POINT('',(-1.25E0,-6.2E0,-6.E0));
#8708=LINE('',#8707,#8706);
#8709=DIRECTION('',(-1.E0,0.E0,0.E0));
#8710=VECTOR('',#8709,2.4E0);
#8711=CARTESIAN_POINT('',(1.2E0,-6.2E0,1.7E1));
#8712=LINE('',#8711,#8710);
#8713=DIRECTION('',(1.E0,0.E0,-1.421085471520E-14));
#8714=VECTOR('',#8713,5.E-1);
#8715=CARTESIAN_POINT('',(7.E-1,-6.2E0,2.49E1));
#8716=LINE('',#8715,#8714);
#8717=DIRECTION('',(-1.E0,0.E0,0.E0));
#8718=VECTOR('',#8717,1.4E0);
#8719=CARTESIAN_POINT('',(7.E-1,-6.2E0,2.49E1));
#8720=LINE('',#8719,#8718);
#8721=DIRECTION('',(1.E0,0.E0,1.421085471520E-14));
#8722=VECTOR('',#8721,5.E-1);
#8723=CARTESIAN_POINT('',(-1.2E0,-6.2E0,2.49E1));
#8724=LINE('',#8723,#8722);
#8725=DIRECTION('',(1.E0,0.E0,0.E0));
#8726=VECTOR('',#8725,2.4E0);
#8727=CARTESIAN_POINT('',(-1.2E0,-6.2E0,-1.7E1));
#8728=LINE('',#8727,#8726);
#8729=DIRECTION('',(-1.E0,0.E0,1.421085471520E-14));
#8730=VECTOR('',#8729,5.E-1);
#8731=CARTESIAN_POINT('',(-7.E-1,-6.2E0,-2.49E1));
#8732=LINE('',#8731,#8730);
#8733=DIRECTION('',(-1.E0,0.E0,0.E0));
#8734=VECTOR('',#8733,1.4E0);
#8735=CARTESIAN_POINT('',(7.E-1,-6.2E0,-2.49E1));
#8736=LINE('',#8735,#8734);
#8737=DIRECTION('',(-1.E0,0.E0,-1.421085471520E-14));
#8738=VECTOR('',#8737,5.E-1);
#8739=CARTESIAN_POINT('',(1.2E0,-6.2E0,-2.49E1));
#8740=LINE('',#8739,#8738);
#8741=DIRECTION('',(0.E0,-1.E0,0.E0));
#8742=VECTOR('',#8741,5.E-1);
#8743=CARTESIAN_POINT('',(2.95E0,-5.7E0,-2.85E1));
#8744=LINE('',#8743,#8742);
#8745=DIRECTION('',(0.E0,1.E0,0.E0));
#8746=VECTOR('',#8745,5.E-1);
#8747=CARTESIAN_POINT('',(2.15E0,-6.2E0,-2.85E1));
#8748=LINE('',#8747,#8746);
#8749=DIRECTION('',(0.E0,1.E0,0.E0));
#8750=VECTOR('',#8749,5.E-1);
#8751=CARTESIAN_POINT('',(2.15E0,-6.2E0,-2.65E1));
#8752=LINE('',#8751,#8750);
#8753=DIRECTION('',(0.E0,-1.E0,0.E0));
#8754=VECTOR('',#8753,5.E-1);
#8755=CARTESIAN_POINT('',(2.45E0,-5.7E0,-2.65E1));
#8756=LINE('',#8755,#8754);
#8757=DIRECTION('',(0.E0,-1.E0,0.E0));
#8758=VECTOR('',#8757,5.E-1);
#8759=CARTESIAN_POINT('',(2.7E0,-5.7E0,-2.625E1));
#8760=LINE('',#8759,#8758);
#8761=DIRECTION('',(0.E0,-1.E0,0.E0));
#8762=VECTOR('',#8761,5.E-1);
#8763=CARTESIAN_POINT('',(2.7E0,-5.7E0,2.625E1));
#8764=LINE('',#8763,#8762);
#8765=DIRECTION('',(0.E0,-1.E0,0.E0));
#8766=VECTOR('',#8765,5.E-1);
#8767=CARTESIAN_POINT('',(2.45E0,-5.7E0,2.65E1));
#8768=LINE('',#8767,#8766);
#8769=DIRECTION('',(0.E0,1.E0,0.E0));
#8770=VECTOR('',#8769,5.E-1);
#8771=CARTESIAN_POINT('',(2.15E0,-6.2E0,2.65E1));
#8772=LINE('',#8771,#8770);
#8773=DIRECTION('',(0.E0,1.E0,0.E0));
#8774=VECTOR('',#8773,5.E-1);
#8775=CARTESIAN_POINT('',(2.15E0,-6.2E0,2.85E1));
#8776=LINE('',#8775,#8774);
#8777=DIRECTION('',(0.E0,-1.E0,0.E0));
#8778=VECTOR('',#8777,5.E-1);
#8779=CARTESIAN_POINT('',(2.95E0,-5.7E0,2.85E1));
#8780=LINE('',#8779,#8778);
#8781=DIRECTION('',(0.E0,-1.E0,0.E0));
#8782=VECTOR('',#8781,5.E-1);
#8783=CARTESIAN_POINT('',(3.2E0,-5.7E0,2.875E1));
#8784=LINE('',#8783,#8782);
#8785=DIRECTION('',(0.E0,-1.E0,0.E0));
#8786=VECTOR('',#8785,5.E-1);
#8787=CARTESIAN_POINT('',(3.2E0,-5.7E0,3.175E1));
#8788=LINE('',#8787,#8786);
#8789=DIRECTION('',(0.E0,-1.E0,0.E0));
#8790=VECTOR('',#8789,5.E-1);
#8791=CARTESIAN_POINT('',(2.95E0,-5.7E0,3.2E1));
#8792=LINE('',#8791,#8790);
#8793=DIRECTION('',(0.E0,1.E0,0.E0));
#8794=VECTOR('',#8793,5.E-1);
#8795=CARTESIAN_POINT('',(7.E-1,-6.2E0,3.2E1));
#8796=LINE('',#8795,#8794);
#8797=DIRECTION('',(0.E0,-1.E0,0.E0));
#8798=VECTOR('',#8797,5.E-1);
#8799=CARTESIAN_POINT('',(7.E-1,-5.7E0,3.29E1));
#8800=LINE('',#8799,#8798);
#8801=DIRECTION('',(0.E0,-1.E0,0.E0));
#8802=VECTOR('',#8801,5.E-1);
#8803=CARTESIAN_POINT('',(4.5E-1,-5.7E0,3.315E1));
#8804=LINE('',#8803,#8802);
#8805=DIRECTION('',(0.E0,-1.E0,0.E0));
#8806=VECTOR('',#8805,5.E-1);
#8807=CARTESIAN_POINT('',(-4.5E-1,-5.7E0,3.315E1));
#8808=LINE('',#8807,#8806);
#8809=DIRECTION('',(0.E0,-1.E0,0.E0));
#8810=VECTOR('',#8809,5.E-1);
#8811=CARTESIAN_POINT('',(-7.E-1,-5.7E0,3.29E1));
#8812=LINE('',#8811,#8810);
#8813=DIRECTION('',(0.E0,1.E0,0.E0));
#8814=VECTOR('',#8813,5.E-1);
#8815=CARTESIAN_POINT('',(-7.E-1,-6.2E0,3.2E1));
#8816=LINE('',#8815,#8814);
#8817=DIRECTION('',(0.E0,-1.E0,0.E0));
#8818=VECTOR('',#8817,5.E-1);
#8819=CARTESIAN_POINT('',(-2.95E0,-5.7E0,3.2E1));
#8820=LINE('',#8819,#8818);
#8821=DIRECTION('',(0.E0,-1.E0,0.E0));
#8822=VECTOR('',#8821,5.E-1);
#8823=CARTESIAN_POINT('',(-3.2E0,-5.7E0,2.875E1));
#8824=LINE('',#8823,#8822);
#8825=DIRECTION('',(0.E0,-1.E0,0.E0));
#8826=VECTOR('',#8825,5.E-1);
#8827=CARTESIAN_POINT('',(-3.2E0,-5.7E0,3.175E1));
#8828=LINE('',#8827,#8826);
#8829=DIRECTION('',(0.E0,-1.E0,0.E0));
#8830=VECTOR('',#8829,5.E-1);
#8831=CARTESIAN_POINT('',(-2.95E0,-5.7E0,2.85E1));
#8832=LINE('',#8831,#8830);
#8833=DIRECTION('',(0.E0,1.E0,0.E0));
#8834=VECTOR('',#8833,5.E-1);
#8835=CARTESIAN_POINT('',(-2.15E0,-6.2E0,2.85E1));
#8836=LINE('',#8835,#8834);
#8837=DIRECTION('',(0.E0,1.E0,0.E0));
#8838=VECTOR('',#8837,5.E-1);
#8839=CARTESIAN_POINT('',(-2.15E0,-6.2E0,2.65E1));
#8840=LINE('',#8839,#8838);
#8841=DIRECTION('',(0.E0,-1.E0,0.E0));
#8842=VECTOR('',#8841,5.E-1);
#8843=CARTESIAN_POINT('',(-2.45E0,-5.7E0,2.65E1));
#8844=LINE('',#8843,#8842);
#8845=DIRECTION('',(0.E0,-1.E0,0.E0));
#8846=VECTOR('',#8845,5.E-1);
#8847=CARTESIAN_POINT('',(-2.7E0,-5.7E0,-2.625E1));
#8848=LINE('',#8847,#8846);
#8849=DIRECTION('',(0.E0,-1.E0,0.E0));
#8850=VECTOR('',#8849,5.E-1);
#8851=CARTESIAN_POINT('',(-2.7E0,-5.7E0,2.625E1));
#8852=LINE('',#8851,#8850);
#8853=DIRECTION('',(0.E0,-1.E0,0.E0));
#8854=VECTOR('',#8853,5.E-1);
#8855=CARTESIAN_POINT('',(-2.45E0,-5.7E0,-2.65E1));
#8856=LINE('',#8855,#8854);
#8857=DIRECTION('',(0.E0,1.E0,0.E0));
#8858=VECTOR('',#8857,5.E-1);
#8859=CARTESIAN_POINT('',(-2.15E0,-6.2E0,-2.65E1));
#8860=LINE('',#8859,#8858);
#8861=DIRECTION('',(0.E0,1.E0,0.E0));
#8862=VECTOR('',#8861,5.E-1);
#8863=CARTESIAN_POINT('',(-2.15E0,-6.2E0,-2.85E1));
#8864=LINE('',#8863,#8862);
#8865=DIRECTION('',(0.E0,-1.E0,0.E0));
#8866=VECTOR('',#8865,5.E-1);
#8867=CARTESIAN_POINT('',(-2.95E0,-5.7E0,-2.85E1));
#8868=LINE('',#8867,#8866);
#8869=DIRECTION('',(0.E0,-1.E0,0.E0));
#8870=VECTOR('',#8869,5.E-1);
#8871=CARTESIAN_POINT('',(-3.2E0,-5.7E0,-3.175E1));
#8872=LINE('',#8871,#8870);
#8873=DIRECTION('',(0.E0,-1.E0,0.E0));
#8874=VECTOR('',#8873,5.E-1);
#8875=CARTESIAN_POINT('',(-3.2E0,-5.7E0,-2.875E1));
#8876=LINE('',#8875,#8874);
#8877=DIRECTION('',(0.E0,-1.E0,0.E0));
#8878=VECTOR('',#8877,5.E-1);
#8879=CARTESIAN_POINT('',(-2.95E0,-5.7E0,-3.2E1));
#8880=LINE('',#8879,#8878);
#8881=DIRECTION('',(0.E0,1.E0,0.E0));
#8882=VECTOR('',#8881,5.E-1);
#8883=CARTESIAN_POINT('',(-7.E-1,-6.2E0,-3.2E1));
#8884=LINE('',#8883,#8882);
#8885=DIRECTION('',(0.E0,-1.E0,0.E0));
#8886=VECTOR('',#8885,5.E-1);
#8887=CARTESIAN_POINT('',(-7.E-1,-5.7E0,-3.29E1));
#8888=LINE('',#8887,#8886);
#8889=DIRECTION('',(0.E0,-1.E0,0.E0));
#8890=VECTOR('',#8889,5.E-1);
#8891=CARTESIAN_POINT('',(4.5E-1,-5.7E0,-3.315E1));
#8892=LINE('',#8891,#8890);
#8893=DIRECTION('',(0.E0,-1.E0,0.E0));
#8894=VECTOR('',#8893,5.E-1);
#8895=CARTESIAN_POINT('',(-4.5E-1,-5.7E0,-3.315E1));
#8896=LINE('',#8895,#8894);
#8897=DIRECTION('',(0.E0,-1.E0,0.E0));
#8898=VECTOR('',#8897,5.E-1);
#8899=CARTESIAN_POINT('',(7.E-1,-5.7E0,-3.29E1));
#8900=LINE('',#8899,#8898);
#8901=DIRECTION('',(0.E0,1.E0,0.E0));
#8902=VECTOR('',#8901,5.E-1);
#8903=CARTESIAN_POINT('',(7.E-1,-6.2E0,-3.2E1));
#8904=LINE('',#8903,#8902);
#8905=DIRECTION('',(0.E0,-1.E0,0.E0));
#8906=VECTOR('',#8905,5.E-1);
#8907=CARTESIAN_POINT('',(2.95E0,-5.7E0,-3.2E1));
#8908=LINE('',#8907,#8906);
#8909=DIRECTION('',(0.E0,-1.E0,0.E0));
#8910=VECTOR('',#8909,5.E-1);
#8911=CARTESIAN_POINT('',(3.2E0,-5.7E0,-2.875E1));
#8912=LINE('',#8911,#8910);
#8913=DIRECTION('',(0.E0,-1.E0,0.E0));
#8914=VECTOR('',#8913,5.E-1);
#8915=CARTESIAN_POINT('',(3.2E0,-5.7E0,-3.175E1));
#8916=LINE('',#8915,#8914);
#8917=CARTESIAN_POINT('',(2.95E0,-5.7E0,-2.875E1));
#8918=DIRECTION('',(0.E0,1.E0,0.E0));
#8919=DIRECTION('',(0.E0,0.E0,1.E0));
#8920=AXIS2_PLACEMENT_3D('',#8917,#8918,#8919);
#8922=DIRECTION('',(1.E0,0.E0,0.E0));
#8923=VECTOR('',#8922,8.E-1);
#8924=CARTESIAN_POINT('',(2.15E0,-5.7E0,-2.85E1));
#8925=LINE('',#8924,#8923);
#8926=DIRECTION('',(0.E0,0.E0,-1.E0));
#8927=VECTOR('',#8926,2.E0);
#8928=CARTESIAN_POINT('',(2.15E0,-5.7E0,-2.65E1));
#8929=LINE('',#8928,#8927);
#8930=DIRECTION('',(-1.E0,0.E0,0.E0));
#8931=VECTOR('',#8930,3.E-1);
#8932=CARTESIAN_POINT('',(2.45E0,-5.7E0,-2.65E1));
#8933=LINE('',#8932,#8931);
#8934=CARTESIAN_POINT('',(2.45E0,-5.7E0,-2.625E1));
#8935=DIRECTION('',(0.E0,1.E0,0.E0));
#8936=DIRECTION('',(1.E0,0.E0,0.E0));
#8937=AXIS2_PLACEMENT_3D('',#8934,#8935,#8936);
#8939=DIRECTION('',(0.E0,0.E0,-1.E0));
#8940=VECTOR('',#8939,5.25E1);
#8941=CARTESIAN_POINT('',(2.7E0,-5.7E0,2.625E1));
#8942=LINE('',#8941,#8940);
#8943=CARTESIAN_POINT('',(2.45E0,-5.7E0,2.625E1));
#8944=DIRECTION('',(0.E0,1.E0,0.E0));
#8945=DIRECTION('',(0.E0,0.E0,1.E0));
#8946=AXIS2_PLACEMENT_3D('',#8943,#8944,#8945);
#8948=DIRECTION('',(1.E0,0.E0,0.E0));
#8949=VECTOR('',#8948,3.E-1);
#8950=CARTESIAN_POINT('',(2.15E0,-5.7E0,2.65E1));
#8951=LINE('',#8950,#8949);
#8952=DIRECTION('',(0.E0,0.E0,-1.E0));
#8953=VECTOR('',#8952,2.E0);
#8954=CARTESIAN_POINT('',(2.15E0,-5.7E0,2.85E1));
#8955=LINE('',#8954,#8953);
#8956=DIRECTION('',(-1.E0,0.E0,0.E0));
#8957=VECTOR('',#8956,8.E-1);
#8958=CARTESIAN_POINT('',(2.95E0,-5.7E0,2.85E1));
#8959=LINE('',#8958,#8957);
#8960=CARTESIAN_POINT('',(2.95E0,-5.7E0,2.875E1));
#8961=DIRECTION('',(0.E0,1.E0,0.E0));
#8962=DIRECTION('',(1.E0,0.E0,0.E0));
#8963=AXIS2_PLACEMENT_3D('',#8960,#8961,#8962);
#8965=DIRECTION('',(0.E0,0.E0,-1.E0));
#8966=VECTOR('',#8965,3.E0);
#8967=CARTESIAN_POINT('',(3.2E0,-5.7E0,3.175E1));
#8968=LINE('',#8967,#8966);
#8969=CARTESIAN_POINT('',(2.95E0,-5.7E0,3.175E1));
#8970=DIRECTION('',(0.E0,1.E0,0.E0));
#8971=DIRECTION('',(0.E0,0.E0,1.E0));
#8972=AXIS2_PLACEMENT_3D('',#8969,#8970,#8971);
#8974=DIRECTION('',(1.E0,0.E0,0.E0));
#8975=VECTOR('',#8974,2.25E0);
#8976=CARTESIAN_POINT('',(7.E-1,-5.7E0,3.2E1));
#8977=LINE('',#8976,#8975);
#8978=DIRECTION('',(0.E0,0.E0,-1.E0));
#8979=VECTOR('',#8978,9.E-1);
#8980=CARTESIAN_POINT('',(7.E-1,-5.7E0,3.29E1));
#8981=LINE('',#8980,#8979);
#8982=CARTESIAN_POINT('',(4.5E-1,-5.7E0,3.29E1));
#8983=DIRECTION('',(0.E0,1.E0,0.E0));
#8984=DIRECTION('',(0.E0,0.E0,1.E0));
#8985=AXIS2_PLACEMENT_3D('',#8982,#8983,#8984);
#8987=DIRECTION('',(1.E0,0.E0,0.E0));
#8988=VECTOR('',#8987,9.E-1);
#8989=CARTESIAN_POINT('',(-4.5E-1,-5.7E0,3.315E1));
#8990=LINE('',#8989,#8988);
#8991=CARTESIAN_POINT('',(-4.5E-1,-5.7E0,3.29E1));
#8992=DIRECTION('',(0.E0,1.E0,0.E0));
#8993=DIRECTION('',(-1.E0,0.E0,0.E0));
#8994=AXIS2_PLACEMENT_3D('',#8991,#8992,#8993);
#8996=DIRECTION('',(0.E0,0.E0,1.E0));
#8997=VECTOR('',#8996,9.E-1);
#8998=CARTESIAN_POINT('',(-7.E-1,-5.7E0,3.2E1));
#8999=LINE('',#8998,#8997);
#9000=DIRECTION('',(1.E0,0.E0,0.E0));
#9001=VECTOR('',#9000,2.25E0);
#9002=CARTESIAN_POINT('',(-2.95E0,-5.7E0,3.2E1));
#9003=LINE('',#9002,#9001);
#9004=CARTESIAN_POINT('',(-2.95E0,-5.7E0,3.175E1));
#9005=DIRECTION('',(0.E0,1.E0,0.E0));
#9006=DIRECTION('',(-1.E0,0.E0,0.E0));
#9007=AXIS2_PLACEMENT_3D('',#9004,#9005,#9006);
#9009=DIRECTION('',(0.E0,0.E0,1.E0));
#9010=VECTOR('',#9009,3.E0);
#9011=CARTESIAN_POINT('',(-3.2E0,-5.7E0,2.875E1));
#9012=LINE('',#9011,#9010);
#9013=CARTESIAN_POINT('',(-2.95E0,-5.7E0,2.875E1));
#9014=DIRECTION('',(0.E0,1.E0,0.E0));
#9015=DIRECTION('',(0.E0,0.E0,-1.E0));
#9016=AXIS2_PLACEMENT_3D('',#9013,#9014,#9015);
#9018=DIRECTION('',(-1.E0,0.E0,0.E0));
#9019=VECTOR('',#9018,8.E-1);
#9020=CARTESIAN_POINT('',(-2.15E0,-5.7E0,2.85E1));
#9021=LINE('',#9020,#9019);
#9022=DIRECTION('',(0.E0,0.E0,1.E0));
#9023=VECTOR('',#9022,2.E0);
#9024=CARTESIAN_POINT('',(-2.15E0,-5.7E0,2.65E1));
#9025=LINE('',#9024,#9023);
#9026=DIRECTION('',(1.E0,0.E0,0.E0));
#9027=VECTOR('',#9026,3.E-1);
#9028=CARTESIAN_POINT('',(-2.45E0,-5.7E0,2.65E1));
#9029=LINE('',#9028,#9027);
#9030=CARTESIAN_POINT('',(-2.45E0,-5.7E0,2.625E1));
#9031=DIRECTION('',(0.E0,1.E0,0.E0));
#9032=DIRECTION('',(-1.E0,0.E0,0.E0));
#9033=AXIS2_PLACEMENT_3D('',#9030,#9031,#9032);
#9035=DIRECTION('',(0.E0,0.E0,1.E0));
#9036=VECTOR('',#9035,5.25E1);
#9037=CARTESIAN_POINT('',(-2.7E0,-5.7E0,-2.625E1));
#9038=LINE('',#9037,#9036);
#9039=CARTESIAN_POINT('',(-2.45E0,-5.7E0,-2.625E1));
#9040=DIRECTION('',(0.E0,1.E0,0.E0));
#9041=DIRECTION('',(0.E0,0.E0,-1.E0));
#9042=AXIS2_PLACEMENT_3D('',#9039,#9040,#9041);
#9044=DIRECTION('',(-1.E0,0.E0,0.E0));
#9045=VECTOR('',#9044,3.E-1);
#9046=CARTESIAN_POINT('',(-2.15E0,-5.7E0,-2.65E1));
#9047=LINE('',#9046,#9045);
#9048=DIRECTION('',(0.E0,0.E0,1.E0));
#9049=VECTOR('',#9048,2.E0);
#9050=CARTESIAN_POINT('',(-2.15E0,-5.7E0,-2.85E1));
#9051=LINE('',#9050,#9049);
#9052=DIRECTION('',(1.E0,0.E0,0.E0));
#9053=VECTOR('',#9052,8.E-1);
#9054=CARTESIAN_POINT('',(-2.95E0,-5.7E0,-2.85E1));
#9055=LINE('',#9054,#9053);
#9056=CARTESIAN_POINT('',(-2.95E0,-5.7E0,-2.875E1));
#9057=DIRECTION('',(0.E0,1.E0,0.E0));
#9058=DIRECTION('',(-1.E0,0.E0,0.E0));
#9059=AXIS2_PLACEMENT_3D('',#9056,#9057,#9058);
#9061=DIRECTION('',(0.E0,0.E0,1.E0));
#9062=VECTOR('',#9061,3.E0);
#9063=CARTESIAN_POINT('',(-3.2E0,-5.7E0,-3.175E1));
#9064=LINE('',#9063,#9062);
#9065=CARTESIAN_POINT('',(-2.95E0,-5.7E0,-3.175E1));
#9066=DIRECTION('',(0.E0,1.E0,0.E0));
#9067=DIRECTION('',(0.E0,0.E0,-1.E0));
#9068=AXIS2_PLACEMENT_3D('',#9065,#9066,#9067);
#9070=DIRECTION('',(-1.E0,0.E0,0.E0));
#9071=VECTOR('',#9070,2.25E0);
#9072=CARTESIAN_POINT('',(-7.E-1,-5.7E0,-3.2E1));
#9073=LINE('',#9072,#9071);
#9074=DIRECTION('',(0.E0,0.E0,1.E0));
#9075=VECTOR('',#9074,9.E-1);
#9076=CARTESIAN_POINT('',(-7.E-1,-5.7E0,-3.29E1));
#9077=LINE('',#9076,#9075);
#9078=CARTESIAN_POINT('',(-4.5E-1,-5.7E0,-3.29E1));
#9079=DIRECTION('',(0.E0,1.E0,0.E0));
#9080=DIRECTION('',(0.E0,0.E0,-1.E0));
#9081=AXIS2_PLACEMENT_3D('',#9078,#9079,#9080);
#9083=DIRECTION('',(-1.E0,0.E0,0.E0));
#9084=VECTOR('',#9083,9.E-1);
#9085=CARTESIAN_POINT('',(4.5E-1,-5.7E0,-3.315E1));
#9086=LINE('',#9085,#9084);
#9087=CARTESIAN_POINT('',(4.5E-1,-5.7E0,-3.29E1));
#9088=DIRECTION('',(0.E0,1.E0,0.E0));
#9089=DIRECTION('',(1.E0,0.E0,0.E0));
#9090=AXIS2_PLACEMENT_3D('',#9087,#9088,#9089);
#9092=DIRECTION('',(0.E0,0.E0,-1.E0));
#9093=VECTOR('',#9092,9.E-1);
#9094=CARTESIAN_POINT('',(7.E-1,-5.7E0,-3.2E1));
#9095=LINE('',#9094,#9093);
#9096=DIRECTION('',(-1.E0,0.E0,0.E0));
#9097=VECTOR('',#9096,2.25E0);
#9098=CARTESIAN_POINT('',(2.95E0,-5.7E0,-3.2E1));
#9099=LINE('',#9098,#9097);
#9100=CARTESIAN_POINT('',(2.95E0,-5.7E0,-3.175E1));
#9101=DIRECTION('',(0.E0,1.E0,0.E0));
#9102=DIRECTION('',(1.E0,0.E0,0.E0));
#9103=AXIS2_PLACEMENT_3D('',#9100,#9101,#9102);
#9105=DIRECTION('',(0.E0,0.E0,-1.E0));
#9106=VECTOR('',#9105,3.E0);
#9107=CARTESIAN_POINT('',(3.2E0,-5.7E0,-2.875E1));
#9108=LINE('',#9107,#9106);
#9109=DIRECTION('',(-1.E0,0.E0,0.E0));
#9110=VECTOR('',#9109,2.5E0);
#9111=CARTESIAN_POINT('',(1.25E0,-5.7E0,-6.E0));
#9112=LINE('',#9111,#9110);
#9113=DIRECTION('',(0.E0,0.E0,1.E0));
#9114=VECTOR('',#9113,1.2E1);
#9115=CARTESIAN_POINT('',(-1.25E0,-5.7E0,-6.E0));
#9116=LINE('',#9115,#9114);
#9117=DIRECTION('',(1.E0,0.E0,0.E0));
#9118=VECTOR('',#9117,2.5E0);
#9119=CARTESIAN_POINT('',(-1.25E0,-5.7E0,6.E0));
#9120=LINE('',#9119,#9118);
#9121=DIRECTION('',(0.E0,0.E0,-1.E0));
#9122=VECTOR('',#9121,1.2E1);
#9123=CARTESIAN_POINT('',(1.25E0,-5.7E0,6.E0));
#9124=LINE('',#9123,#9122);
#9125=DIRECTION('',(-1.E0,0.E0,0.E0));
#9126=VECTOR('',#9125,5.E-1);
#9127=CARTESIAN_POINT('',(1.2E0,-5.7E0,-2.49E1));
#9128=LINE('',#9127,#9126);
#9129=DIRECTION('',(-1.E0,0.E0,0.E0));
#9130=VECTOR('',#9129,5.E-1);
#9131=CARTESIAN_POINT('',(-7.E-1,-5.7E0,-2.49E1));
#9132=LINE('',#9131,#9130);
#9133=DIRECTION('',(1.E0,0.E0,0.E0));
#9134=VECTOR('',#9133,2.4E0);
#9135=CARTESIAN_POINT('',(-1.2E0,-5.7E0,-1.7E1));
#9136=LINE('',#9135,#9134);
#9137=DIRECTION('',(1.E0,0.E0,0.E0));
#9138=VECTOR('',#9137,5.E-1);
#9139=CARTESIAN_POINT('',(-1.2E0,-5.7E0,2.49E1));
#9140=LINE('',#9139,#9138);
#9141=DIRECTION('',(1.E0,0.E0,0.E0));
#9142=VECTOR('',#9141,5.E-1);
#9143=CARTESIAN_POINT('',(7.E-1,-5.7E0,2.49E1));
#9144=LINE('',#9143,#9142);
#9145=DIRECTION('',(-1.E0,0.E0,0.E0));
#9146=VECTOR('',#9145,2.4E0);
#9147=CARTESIAN_POINT('',(1.2E0,-5.7E0,1.7E1));
#9148=LINE('',#9147,#9146);
#9149=DIRECTION('',(0.E0,1.E0,0.E0));
#9150=VECTOR('',#9149,5.E-1);
#9151=CARTESIAN_POINT('',(-1.25E0,-6.2E0,-6.E0));
#9152=LINE('',#9151,#9150);
#9153=DIRECTION('',(0.E0,1.E0,0.E0));
#9154=VECTOR('',#9153,5.E-1);
#9155=CARTESIAN_POINT('',(-1.25E0,-6.2E0,6.E0));
#9156=LINE('',#9155,#9154);
#9157=DIRECTION('',(0.E0,1.E0,0.E0));
#9158=VECTOR('',#9157,5.E-1);
#9159=CARTESIAN_POINT('',(1.25E0,-6.2E0,6.E0));
#9160=LINE('',#9159,#9158);
#9161=DIRECTION('',(0.E0,1.E0,0.E0));
#9162=VECTOR('',#9161,5.E-1);
#9163=CARTESIAN_POINT('',(1.25E0,-6.2E0,-6.E0));
#9164=LINE('',#9163,#9162);
#9165=DIRECTION('',(0.E0,0.E0,-1.E0));
#9166=VECTOR('',#9165,7.9E0);
#9167=CARTESIAN_POINT('',(1.2E0,-6.2E0,-1.7E1));
#9168=LINE('',#9167,#9166);
#9169=DIRECTION('',(0.E0,1.E0,0.E0));
#9170=VECTOR('',#9169,5.E-1);
#9171=CARTESIAN_POINT('',(1.2E0,-6.2E0,-2.49E1));
#9172=LINE('',#9171,#9170);
#9173=DIRECTION('',(0.E0,0.E0,1.E0));
#9174=VECTOR('',#9173,7.9E0);
#9175=CARTESIAN_POINT('',(1.2E0,-5.7E0,-2.49E1));
#9176=LINE('',#9175,#9174);
#9177=DIRECTION('',(0.E0,1.E0,0.E0));
#9178=VECTOR('',#9177,5.E-1);
#9179=CARTESIAN_POINT('',(7.E-1,-6.2E0,-2.49E1));
#9180=LINE('',#9179,#9178);
#9181=DIRECTION('',(0.E0,0.E0,-1.E0));
#9182=VECTOR('',#9181,5.E-1);
#9183=CARTESIAN_POINT('',(7.E-1,-6.2E0,-2.44E1));
#9184=LINE('',#9183,#9182);
#9185=CARTESIAN_POINT('',(7.E-1,-7.685786437627E0,-2.54E1));
#9186=DIRECTION('',(1.E0,0.E0,0.E0));
#9187=DIRECTION('',(0.E0,0.E0,1.E0));
#9188=AXIS2_PLACEMENT_3D('',#9185,#9186,#9187);
#9190=DIRECTION('',(0.E0,0.E0,-1.E0));
#9191=VECTOR('',#9190,5.E-1);
#9192=CARTESIAN_POINT('',(7.E-1,-7.685786437627E0,-2.44E1));
#9193=LINE('',#9192,#9191);
#9194=CARTESIAN_POINT('',(7.E-1,-7.685786437627E0,-2.54E1));
#9195=DIRECTION('',(1.E0,0.E0,0.E0));
#9196=DIRECTION('',(0.E0,0.E0,1.E0));
#9197=AXIS2_PLACEMENT_3D('',#9194,#9195,#9196);
#9199=DIRECTION('',(-1.E0,0.E0,0.E0));
#9200=VECTOR('',#9199,1.4E0);
#9201=CARTESIAN_POINT('',(7.E-1,-7.685786437627E0,-2.44E1));
#9202=LINE('',#9201,#9200);
#9203=DIRECTION('',(-1.E0,0.E0,0.E0));
#9204=VECTOR('',#9203,1.4E0);
#9205=CARTESIAN_POINT('',(7.E-1,-8.392893218813E0,-2.469289321881E1));
#9206=LINE('',#9205,#9204);
#9207=DIRECTION('',(1.E0,0.E0,0.E0));
#9208=VECTOR('',#9207,1.4E0);
#9209=CARTESIAN_POINT('',(-7.E-1,-8.710183470271E0,-2.501018347027E1));
#9210=LINE('',#9209,#9208);
#9211=CARTESIAN_POINT('',(-7.E-1,-9.063736860864E0,-2.465663007968E1));
#9212=DIRECTION('',(-1.E0,0.E0,0.E0));
#9213=DIRECTION('',(0.E0,7.071067811865E-1,-7.071067811865E-1));
#9214=AXIS2_PLACEMENT_3D('',#9211,#9212,#9213);
#9216=DIRECTION('',(0.E0,-7.071067811865E-1,7.071067811865E-1));
#9217=VECTOR('',#9216,5.E-1);
#9218=CARTESIAN_POINT('',(-7.E-1,-8.356630079677E0,-2.536373686086E1));
#9219=LINE('',#9218,#9217);
#9220=CARTESIAN_POINT('',(-7.E-1,-9.063736860864E0,-2.465663007968E1));
#9221=DIRECTION('',(-1.E0,0.E0,0.E0));
#9222=DIRECTION('',(0.E0,7.071067811865E-1,-7.071067811865E-1));
#9223=AXIS2_PLACEMENT_3D('',#9220,#9221,#9222);
#9225=DIRECTION('',(1.E0,0.E0,0.E0));
#9226=VECTOR('',#9225,1.4E0);
#9227=CARTESIAN_POINT('',(-7.E-1,-8.356630079677E0,-2.536373686086E1));
#9228=LINE('',#9227,#9226);
#9229=CARTESIAN_POINT('',(4.5E-1,-1.101538444003E1,-2.501046622556E1));
#9230=DIRECTION('',(0.E0,-3.420201433257E-1,-9.396926207859E-1));
#9231=DIRECTION('',(1.E0,0.E0,0.E0));
#9232=AXIS2_PLACEMENT_3D('',#9229,#9230,#9231);
#9234=DIRECTION('',(1.E0,0.E0,0.E0));
#9235=VECTOR('',#9234,1.4E0);
#9236=CARTESIAN_POINT('',(-7.E-1,-9.405757004189E0,-2.559632270046E1));
#9237=LINE('',#9236,#9235);
#9238=CARTESIAN_POINT('',(-4.5E-1,-1.101538444003E1,-2.501046622556E1));
#9239=DIRECTION('',(0.E0,-3.420201433257E-1,-9.396926207859E-1));
#9240=DIRECTION('',(0.E0,-9.396926207859E-1,3.420201433257E-1));
#9241=AXIS2_PLACEMENT_3D('',#9238,#9239,#9240);
#9243=DIRECTION('',(0.E0,-3.420201433257E-1,-9.396926207859E-1));
#9244=VECTOR('',#9243,5.E-1);
#9245=CARTESIAN_POINT('',(4.5E-1,-1.107929752357E1,-2.445511487933E1));
#9246=LINE('',#9245,#9244);
#9247=DIRECTION('',(1.E0,0.E0,0.E0));
#9248=VECTOR('',#9247,9.E-1);
#9249=CARTESIAN_POINT('',(-4.5E-1,-1.125030759523E1,-2.492496118973E1));
#9250=LINE('',#9249,#9248);
#9251=DIRECTION('',(0.E0,-3.420201433257E-1,-9.396926207859E-1));
#9252=VECTOR('',#9251,5.E-1);
#9253=CARTESIAN_POINT('',(-4.5E-1,-1.107929752357E1,-2.445511487933E1));
#9254=LINE('',#9253,#9252);
#9255=DIRECTION('',(1.E0,0.E0,0.E0));
#9256=VECTOR('',#9255,9.E-1);
#9257=CARTESIAN_POINT('',(-4.5E-1,-1.107929752357E1,-2.445511487933E1));
#9258=LINE('',#9257,#9256);
#9259=DIRECTION('',(0.E0,-3.420201433257E-1,-9.396926207859E-1));
#9260=VECTOR('',#9259,5.E-1);
#9261=CARTESIAN_POINT('',(-7.E-1,-1.084437436837E1,-2.454061991516E1));
#9262=LINE('',#9261,#9260);
#9263=DIRECTION('',(0.E0,-9.396926207859E-1,3.420201433257E-1));
#9264=VECTOR('',#9263,1.712929739193E0);
#9265=CARTESIAN_POINT('',(-7.E-1,-9.405757004189E0,-2.559632270046E1));
#9266=LINE('',#9265,#9264);
#9267=DIRECTION('',(0.E0,3.420201433257E-1,9.396926207859E-1));
#9268=VECTOR('',#9267,5.E-1);
#9269=CARTESIAN_POINT('',(-7.E-1,-9.405757004189E0,-2.559632270046E1));
#9270=LINE('',#9269,#9268);
#9271=DIRECTION('',(0.E0,-9.396926207859E-1,3.420201433257E-1));
#9272=VECTOR('',#9271,1.712929739193E0);
#9273=CARTESIAN_POINT('',(-7.E-1,-9.234746932527E0,-2.512647639007E1));
#9274=LINE('',#9273,#9272);
#9275=CARTESIAN_POINT('',(4.5E-1,-1.084437436837E1,-2.454061991516E1));
#9276=DIRECTION('',(0.E0,3.420201433257E-1,9.396926207859E-1));
#9277=DIRECTION('',(-1.332267629550E-14,-9.396926207859E-1,3.420201433257E-1));
#9278=AXIS2_PLACEMENT_3D('',#9275,#9276,#9277);
#9280=CARTESIAN_POINT('',(-4.5E-1,-1.084437436837E1,-2.454061991516E1));
#9281=DIRECTION('',(0.E0,3.420201433257E-1,9.396926207859E-1));
#9282=DIRECTION('',(-1.E0,0.E0,0.E0));
#9283=AXIS2_PLACEMENT_3D('',#9280,#9281,#9282);
#9285=DIRECTION('',(1.E0,0.E0,0.E0));
#9286=VECTOR('',#9285,1.4E0);
#9287=CARTESIAN_POINT('',(-7.E-1,-9.234746932527E0,-2.512647639007E1));
#9288=LINE('',#9287,#9286);
#9289=DIRECTION('',(0.E0,-3.420201433257E-1,-9.396926207859E-1));
#9290=VECTOR('',#9289,5.E-1);
#9291=CARTESIAN_POINT('',(7.E-1,-1.084437436837E1,-2.454061991516E1));
#9292=LINE('',#9291,#9290);
#9293=DIRECTION('',(0.E0,-9.396926207859E-1,3.420201433257E-1));
#9294=VECTOR('',#9293,1.712929739193E0);
#9295=CARTESIAN_POINT('',(7.E-1,-9.234746932527E0,-2.512647639007E1));
#9296=LINE('',#9295,#9294);
#9297=DIRECTION('',(0.E0,-9.396926207859E-1,3.420201433257E-1));
#9298=VECTOR('',#9297,1.712929739193E0);
#9299=CARTESIAN_POINT('',(7.E-1,-9.405757004189E0,-2.559632270046E1));
#9300=LINE('',#9299,#9298);
#9301=CARTESIAN_POINT('',(7.E-1,-9.063736860864E0,-2.465663007968E1));
#9302=DIRECTION('',(-1.E0,0.E0,0.E0));
#9303=DIRECTION('',(0.E0,7.071067811865E-1,-7.071067811865E-1));
#9304=AXIS2_PLACEMENT_3D('',#9301,#9302,#9303);
#9306=DIRECTION('',(0.E0,3.420201433257E-1,9.396926207859E-1));
#9307=VECTOR('',#9306,5.E-1);
#9308=CARTESIAN_POINT('',(7.E-1,-9.405757004189E0,-2.559632270046E1));
#9309=LINE('',#9308,#9307);
#9310=CARTESIAN_POINT('',(7.E-1,-9.063736860864E0,-2.465663007968E1));
#9311=DIRECTION('',(-1.E0,0.E0,0.E0));
#9312=DIRECTION('',(0.E0,7.071067811865E-1,-7.071067811865E-1));
#9313=AXIS2_PLACEMENT_3D('',#9310,#9311,#9312);
#9315=DIRECTION('',(0.E0,-7.071067811865E-1,7.071067811865E-1));
#9316=VECTOR('',#9315,5.E-1);
#9317=CARTESIAN_POINT('',(7.E-1,-8.356630079677E0,-2.536373686086E1));
#9318=LINE('',#9317,#9316);
#9319=DIRECTION('',(0.E0,-7.071067811865E-1,-7.071067811865E-1));
#9320=VECTOR('',#9319,4.487161768194E-1);
#9321=CARTESIAN_POINT('',(7.E-1,-8.392893218813E0,-2.469289321881E1));
#9322=LINE('',#9321,#9320);
#9323=DIRECTION('',(0.E0,7.071067811865E-1,-7.071067811865E-1));
#9324=VECTOR('',#9323,5.E-1);
#9325=CARTESIAN_POINT('',(7.E-1,-8.392893218813E0,-2.469289321881E1));
#9326=LINE('',#9325,#9324);
#9327=DIRECTION('',(0.E0,-7.071067811865E-1,-7.071067811865E-1));
#9328=VECTOR('',#9327,4.487161768194E-1);
#9329=CARTESIAN_POINT('',(7.E-1,-8.039339828220E0,-2.504644660941E1));
#9330=LINE('',#9329,#9328);
#9331=DIRECTION('',(-1.E0,0.E0,0.E0));
#9332=VECTOR('',#9331,1.4E0);
#9333=CARTESIAN_POINT('',(7.E-1,-8.039339828220E0,-2.504644660941E1));
#9334=LINE('',#9333,#9332);
#9335=DIRECTION('',(-1.E0,0.E0,0.E0));
#9336=VECTOR('',#9335,1.4E0);
#9337=CARTESIAN_POINT('',(7.E-1,-7.685786437627E0,-2.49E1));
#9338=LINE('',#9337,#9336);
#9339=DIRECTION('',(0.E0,-1.E0,0.E0));
#9340=VECTOR('',#9339,1.485786437627E0);
#9341=CARTESIAN_POINT('',(-7.E-1,-6.2E0,-2.49E1));
#9342=LINE('',#9341,#9340);
#9343=DIRECTION('',(0.E0,1.E0,0.E0));
#9344=VECTOR('',#9343,1.485786437627E0);
#9345=CARTESIAN_POINT('',(7.E-1,-7.685786437627E0,-2.49E1));
#9346=LINE('',#9345,#9344);
#9347=DIRECTION('',(0.E0,0.E0,-1.E0));
#9348=VECTOR('',#9347,5.E-1);
#9349=CARTESIAN_POINT('',(-7.E-1,-7.685786437627E0,-2.44E1));
#9350=LINE('',#9349,#9348);
#9351=CARTESIAN_POINT('',(-7.E-1,-7.685786437627E0,-2.54E1));
#9352=DIRECTION('',(1.E0,0.E0,0.E0));
#9353=DIRECTION('',(0.E0,0.E0,1.E0));
#9354=AXIS2_PLACEMENT_3D('',#9351,#9352,#9353);
#9356=DIRECTION('',(0.E0,7.071067811865E-1,-7.071067811865E-1));
#9357=VECTOR('',#9356,5.E-1);
#9358=CARTESIAN_POINT('',(-7.E-1,-8.392893218813E0,-2.469289321881E1));
#9359=LINE('',#9358,#9357);
#9360=CARTESIAN_POINT('',(-7.E-1,-7.685786437627E0,-2.54E1));
#9361=DIRECTION('',(1.E0,0.E0,0.E0));
#9362=DIRECTION('',(0.E0,0.E0,1.E0));
#9363=AXIS2_PLACEMENT_3D('',#9360,#9361,#9362);
#9365=DIRECTION('',(0.E0,-7.071067811865E-1,-7.071067811865E-1));
#9366=VECTOR('',#9365,4.487161768194E-1);
#9367=CARTESIAN_POINT('',(-7.E-1,-8.039339828220E0,-2.504644660941E1));
#9368=LINE('',#9367,#9366);
#9369=DIRECTION('',(0.E0,-7.071067811865E-1,-7.071067811865E-1));
#9370=VECTOR('',#9369,4.487161768194E-1);
#9371=CARTESIAN_POINT('',(-7.E-1,-8.392893218813E0,-2.469289321881E1));
#9372=LINE('',#9371,#9370);
#9373=DIRECTION('',(0.E0,1.E0,0.E0));
#9374=VECTOR('',#9373,5.E-1);
#9375=CARTESIAN_POINT('',(-7.E-1,-6.2E0,-2.49E1));
#9376=LINE('',#9375,#9374);
#9377=DIRECTION('',(0.E0,0.E0,-1.E0));
#9378=VECTOR('',#9377,5.E-1);
#9379=CARTESIAN_POINT('',(-7.E-1,-6.2E0,-2.44E1));
#9380=LINE('',#9379,#9378);
#9381=DIRECTION('',(0.E0,1.E0,0.E0));
#9382=VECTOR('',#9381,5.E-1);
#9383=CARTESIAN_POINT('',(-1.2E0,-6.2E0,-2.49E1));
#9384=LINE('',#9383,#9382);
#9385=DIRECTION('',(0.E0,0.E0,-1.E0));
#9386=VECTOR('',#9385,7.9E0);
#9387=CARTESIAN_POINT('',(-1.2E0,-5.7E0,-1.7E1));
#9388=LINE('',#9387,#9386);
#9389=DIRECTION('',(0.E0,0.E0,1.E0));
#9390=VECTOR('',#9389,7.9E0);
#9391=CARTESIAN_POINT('',(-1.2E0,-6.2E0,-2.49E1));
#9392=LINE('',#9391,#9390);
#9393=DIRECTION('',(0.E0,1.E0,0.E0));
#9394=VECTOR('',#9393,5.E-1);
#9395=CARTESIAN_POINT('',(-1.2E0,-6.2E0,-1.7E1));
#9396=LINE('',#9395,#9394);
#9397=DIRECTION('',(0.E0,1.E0,0.E0));
#9398=VECTOR('',#9397,5.E-1);
#9399=CARTESIAN_POINT('',(1.2E0,-6.2E0,-1.7E1));
#9400=LINE('',#9399,#9398);
#9401=DIRECTION('',(-1.E0,0.E0,0.E0));
#9402=VECTOR('',#9401,1.4E0);
#9403=CARTESIAN_POINT('',(7.E-1,-5.7E0,-2.49E1));
#9404=LINE('',#9403,#9402);
#9405=CARTESIAN_POINT('',(7.E-1,-6.2E0,-2.49E1));
#9406=DIRECTION('',(1.E0,0.E0,0.E0));
#9407=DIRECTION('',(0.E0,1.E0,0.E0));
#9408=AXIS2_PLACEMENT_3D('',#9405,#9406,#9407);
#9410=DIRECTION('',(-1.E0,0.E0,0.E0));
#9411=VECTOR('',#9410,1.4E0);
#9412=CARTESIAN_POINT('',(7.E-1,-6.2E0,-2.44E1));
#9413=LINE('',#9412,#9411);
#9414=CARTESIAN_POINT('',(-7.E-1,-6.2E0,-2.49E1));
#9415=DIRECTION('',(1.E0,0.E0,0.E0));
#9416=DIRECTION('',(0.E0,1.E0,0.E0));
#9417=AXIS2_PLACEMENT_3D('',#9414,#9415,#9416);
#9419=DIRECTION('',(0.E0,-1.E0,0.E0));
#9420=VECTOR('',#9419,1.485786437627E0);
#9421=CARTESIAN_POINT('',(-7.E-1,-6.2E0,-2.44E1));
#9422=LINE('',#9421,#9420);
#9423=DIRECTION('',(0.E0,1.E0,0.E0));
#9424=VECTOR('',#9423,1.485786437627E0);
#9425=CARTESIAN_POINT('',(7.E-1,-7.685786437627E0,-2.44E1));
#9426=LINE('',#9425,#9424);
#9427=DIRECTION('',(0.E0,0.E0,1.E0));
#9428=VECTOR('',#9427,7.9E0);
#9429=CARTESIAN_POINT('',(-1.2E0,-6.2E0,1.7E1));
#9430=LINE('',#9429,#9428);
#9431=DIRECTION('',(0.E0,1.E0,0.E0));
#9432=VECTOR('',#9431,5.E-1);
#9433=CARTESIAN_POINT('',(-1.2E0,-6.2E0,2.49E1));
#9434=LINE('',#9433,#9432);
#9435=DIRECTION('',(0.E0,0.E0,-1.E0));
#9436=VECTOR('',#9435,7.9E0);
#9437=CARTESIAN_POINT('',(-1.2E0,-5.7E0,2.49E1));
#9438=LINE('',#9437,#9436);
#9439=DIRECTION('',(0.E0,1.E0,0.E0));
#9440=VECTOR('',#9439,5.E-1);
#9441=CARTESIAN_POINT('',(-7.E-1,-6.2E0,2.49E1));
#9442=LINE('',#9441,#9440);
#9443=DIRECTION('',(0.E0,0.E0,1.E0));
#9444=VECTOR('',#9443,5.E-1);
#9445=CARTESIAN_POINT('',(-7.E-1,-6.2E0,2.44E1));
#9446=LINE('',#9445,#9444);
#9447=CARTESIAN_POINT('',(-7.E-1,-7.685786437627E0,2.54E1));
#9448=DIRECTION('',(-1.E0,0.E0,0.E0));
#9449=DIRECTION('',(0.E0,0.E0,-1.E0));
#9450=AXIS2_PLACEMENT_3D('',#9447,#9448,#9449);
#9452=DIRECTION('',(0.E0,0.E0,1.E0));
#9453=VECTOR('',#9452,5.E-1);
#9454=CARTESIAN_POINT('',(-7.E-1,-7.685786437627E0,2.44E1));
#9455=LINE('',#9454,#9453);
#9456=CARTESIAN_POINT('',(-7.E-1,-7.685786437627E0,2.54E1));
#9457=DIRECTION('',(-1.E0,0.E0,0.E0));
#9458=DIRECTION('',(0.E0,0.E0,-1.E0));
#9459=AXIS2_PLACEMENT_3D('',#9456,#9457,#9458);
#9461=DIRECTION('',(-1.E0,0.E0,0.E0));
#9462=VECTOR('',#9461,1.4E0);
#9463=CARTESIAN_POINT('',(7.E-1,-7.685786437627E0,2.44E1));
#9464=LINE('',#9463,#9462);
#9465=CARTESIAN_POINT('',(7.E-1,-7.685786437627E0,2.54E1));
#9466=DIRECTION('',(-1.E0,0.E0,0.E0));
#9467=DIRECTION('',(0.E0,0.E0,-1.E0));
#9468=AXIS2_PLACEMENT_3D('',#9465,#9466,#9467);
#9470=DIRECTION('',(0.E0,7.071067811865E-1,7.071067811865E-1));
#9471=VECTOR('',#9470,5.E-1);
#9472=CARTESIAN_POINT('',(7.E-1,-8.392893218813E0,2.469289321881E1));
#9473=LINE('',#9472,#9471);
#9474=CARTESIAN_POINT('',(7.E-1,-7.685786437627E0,2.54E1));
#9475=DIRECTION('',(-1.E0,0.E0,0.E0));
#9476=DIRECTION('',(0.E0,0.E0,-1.E0));
#9477=AXIS2_PLACEMENT_3D('',#9474,#9475,#9476);
#9479=DIRECTION('',(0.E0,-7.071067811865E-1,7.071067811865E-1));
#9480=VECTOR('',#9479,4.487161768194E-1);
#9481=CARTESIAN_POINT('',(7.E-1,-8.039339828220E0,2.504644660941E1));
#9482=LINE('',#9481,#9480);
#9483=DIRECTION('',(0.E0,-7.071067811865E-1,7.071067811865E-1));
#9484=VECTOR('',#9483,4.487161768194E-1);
#9485=CARTESIAN_POINT('',(7.E-1,-8.392893218813E0,2.469289321881E1));
#9486=LINE('',#9485,#9484);
#9487=CARTESIAN_POINT('',(7.E-1,-9.063736860864E0,2.465663007968E1));
#9488=DIRECTION('',(1.E0,0.E0,0.E0));
#9489=DIRECTION('',(0.E0,7.071067811865E-1,7.071067811865E-1));
#9490=AXIS2_PLACEMENT_3D('',#9487,#9488,#9489);
#9492=DIRECTION('',(0.E0,-7.071067811865E-1,-7.071067811865E-1));
#9493=VECTOR('',#9492,5.E-1);
#9494=CARTESIAN_POINT('',(7.E-1,-8.356630079677E0,2.536373686086E1));
#9495=LINE('',#9494,#9493);
#9496=CARTESIAN_POINT('',(7.E-1,-9.063736860864E0,2.465663007968E1));
#9497=DIRECTION('',(1.E0,0.E0,0.E0));
#9498=DIRECTION('',(0.E0,7.071067811865E-1,7.071067811865E-1));
#9499=AXIS2_PLACEMENT_3D('',#9496,#9497,#9498);
#9501=DIRECTION('',(1.E0,0.E0,0.E0));
#9502=VECTOR('',#9501,1.4E0);
#9503=CARTESIAN_POINT('',(-7.E-1,-8.356630079677E0,2.536373686086E1));
#9504=LINE('',#9503,#9502);
#9505=CARTESIAN_POINT('',(-7.E-1,-9.063736860864E0,2.465663007968E1));
#9506=DIRECTION('',(1.E0,0.E0,0.E0));
#9507=DIRECTION('',(0.E0,7.071067811865E-1,7.071067811865E-1));
#9508=AXIS2_PLACEMENT_3D('',#9505,#9506,#9507);
#9510=DIRECTION('',(0.E0,3.420201433257E-1,-9.396926207859E-1));
#9511=VECTOR('',#9510,5.E-1);
#9512=CARTESIAN_POINT('',(-7.E-1,-9.405757004189E0,2.559632270046E1));
#9513=LINE('',#9512,#9511);
#9514=CARTESIAN_POINT('',(-7.E-1,-9.063736860864E0,2.465663007968E1));
#9515=DIRECTION('',(1.E0,0.E0,0.E0));
#9516=DIRECTION('',(0.E0,7.071067811865E-1,7.071067811865E-1));
#9517=AXIS2_PLACEMENT_3D('',#9514,#9515,#9516);
#9519=DIRECTION('',(0.E0,-3.420201433257E-1,9.396926207859E-1));
#9520=VECTOR('',#9519,5.E-1);
#9521=CARTESIAN_POINT('',(-7.E-1,-1.084437436837E1,2.454061991516E1));
#9522=LINE('',#9521,#9520);
#9523=DIRECTION('',(0.E0,-9.396926207859E-1,-3.420201433257E-1));
#9524=VECTOR('',#9523,1.712929739193E0);
#9525=CARTESIAN_POINT('',(-7.E-1,-9.234746932527E0,2.512647639007E1));
#9526=LINE('',#9525,#9524);
#9527=DIRECTION('',(0.E0,-9.396926207859E-1,-3.420201433257E-1));
#9528=VECTOR('',#9527,1.712929739193E0);
#9529=CARTESIAN_POINT('',(-7.E-1,-9.405757004189E0,2.559632270046E1));
#9530=LINE('',#9529,#9528);
#9531=CARTESIAN_POINT('',(4.5E-1,-1.101538444003E1,2.501046622556E1));
#9532=DIRECTION('',(0.E0,-3.420201433257E-1,9.396926207859E-1));
#9533=DIRECTION('',(0.E0,-9.396926207859E-1,-3.420201433257E-1));
#9534=AXIS2_PLACEMENT_3D('',#9531,#9532,#9533);
#9536=CARTESIAN_POINT('',(-4.5E-1,-1.101538444003E1,2.501046622556E1));
#9537=DIRECTION('',(0.E0,-3.420201433257E-1,9.396926207859E-1));
#9538=DIRECTION('',(-1.E0,0.E0,0.E0));
#9539=AXIS2_PLACEMENT_3D('',#9536,#9537,#9538);
#9541=DIRECTION('',(1.E0,0.E0,0.E0));
#9542=VECTOR('',#9541,1.4E0);
#9543=CARTESIAN_POINT('',(-7.E-1,-9.405757004189E0,2.559632270046E1));
#9544=LINE('',#9543,#9542);
#9545=DIRECTION('',(0.E0,-3.420201433257E-1,9.396926207859E-1));
#9546=VECTOR('',#9545,5.E-1);
#9547=CARTESIAN_POINT('',(7.E-1,-1.084437436837E1,2.454061991516E1));
#9548=LINE('',#9547,#9546);
#9549=DIRECTION('',(0.E0,-9.396926207859E-1,-3.420201433257E-1));
#9550=VECTOR('',#9549,1.712929739193E0);
#9551=CARTESIAN_POINT('',(7.E-1,-9.405757004189E0,2.559632270046E1));
#9552=LINE('',#9551,#9550);
#9553=DIRECTION('',(0.E0,3.420201433257E-1,-9.396926207859E-1));
#9554=VECTOR('',#9553,5.E-1);
#9555=CARTESIAN_POINT('',(7.E-1,-9.405757004189E0,2.559632270046E1));
#9556=LINE('',#9555,#9554);
#9557=DIRECTION('',(0.E0,-9.396926207859E-1,-3.420201433257E-1));
#9558=VECTOR('',#9557,1.712929739193E0);
#9559=CARTESIAN_POINT('',(7.E-1,-9.234746932527E0,2.512647639007E1));
#9560=LINE('',#9559,#9558);
#9561=CARTESIAN_POINT('',(4.5E-1,-1.084437436837E1,2.454061991516E1));
#9562=DIRECTION('',(0.E0,3.420201433257E-1,-9.396926207859E-1));
#9563=DIRECTION('',(1.E0,0.E0,0.E0));
#9564=AXIS2_PLACEMENT_3D('',#9561,#9562,#9563);
#9566=DIRECTION('',(1.E0,0.E0,0.E0));
#9567=VECTOR('',#9566,1.4E0);
#9568=CARTESIAN_POINT('',(-7.E-1,-9.234746932527E0,2.512647639007E1));
#9569=LINE('',#9568,#9567);
#9570=CARTESIAN_POINT('',(-4.5E-1,-1.084437436837E1,2.454061991516E1));
#9571=DIRECTION('',(0.E0,3.420201433257E-1,-9.396926207859E-1));
#9572=DIRECTION('',(0.E0,-9.396926207859E-1,-3.420201433257E-1));
#9573=AXIS2_PLACEMENT_3D('',#9570,#9571,#9572);
#9575=DIRECTION('',(1.E0,0.E0,0.E0));
#9576=VECTOR('',#9575,1.4E0);
#9577=CARTESIAN_POINT('',(-7.E-1,-8.710183470271E0,2.501018347027E1));
#9578=LINE('',#9577,#9576);
#9579=DIRECTION('',(-1.E0,0.E0,0.E0));
#9580=VECTOR('',#9579,1.4E0);
#9581=CARTESIAN_POINT('',(7.E-1,-8.392893218813E0,2.469289321881E1));
#9582=LINE('',#9581,#9580);
#9583=DIRECTION('',(0.E0,-7.071067811865E-1,-7.071067811865E-1));
#9584=VECTOR('',#9583,5.E-1);
#9585=CARTESIAN_POINT('',(-7.E-1,-8.356630079677E0,2.536373686086E1));
#9586=LINE('',#9585,#9584);
#9587=DIRECTION('',(0.E0,-7.071067811865E-1,7.071067811865E-1));
#9588=VECTOR('',#9587,4.487161768194E-1);
#9589=CARTESIAN_POINT('',(-7.E-1,-8.392893218813E0,2.469289321881E1));
#9590=LINE('',#9589,#9588);
#9591=DIRECTION('',(0.E0,7.071067811865E-1,7.071067811865E-1));
#9592=VECTOR('',#9591,5.E-1);
#9593=CARTESIAN_POINT('',(-7.E-1,-8.392893218813E0,2.469289321881E1));
#9594=LINE('',#9593,#9592);
#9595=DIRECTION('',(0.E0,-7.071067811865E-1,7.071067811865E-1));
#9596=VECTOR('',#9595,4.487161768194E-1);
#9597=CARTESIAN_POINT('',(-7.E-1,-8.039339828220E0,2.504644660941E1));
#9598=LINE('',#9597,#9596);
#9599=DIRECTION('',(-1.E0,0.E0,0.E0));
#9600=VECTOR('',#9599,1.4E0);
#9601=CARTESIAN_POINT('',(7.E-1,-8.039339828220E0,2.504644660941E1));
#9602=LINE('',#9601,#9600);
#9603=DIRECTION('',(-1.E0,0.E0,0.E0));
#9604=VECTOR('',#9603,1.4E0);
#9605=CARTESIAN_POINT('',(7.E-1,-7.685786437627E0,2.49E1));
#9606=LINE('',#9605,#9604);
#9607=DIRECTION('',(0.E0,-1.E0,0.E0));
#9608=VECTOR('',#9607,1.485786437627E0);
#9609=CARTESIAN_POINT('',(7.E-1,-6.2E0,2.49E1));
#9610=LINE('',#9609,#9608);
#9611=DIRECTION('',(0.E0,1.E0,0.E0));
#9612=VECTOR('',#9611,1.485786437627E0);
#9613=CARTESIAN_POINT('',(-7.E-1,-7.685786437627E0,2.49E1));
#9614=LINE('',#9613,#9612);
#9615=DIRECTION('',(0.E0,0.E0,1.E0));
#9616=VECTOR('',#9615,5.E-1);
#9617=CARTESIAN_POINT('',(7.E-1,-7.685786437627E0,2.44E1));
#9618=LINE('',#9617,#9616);
#9619=DIRECTION('',(0.E0,1.E0,0.E0));
#9620=VECTOR('',#9619,5.E-1);
#9621=CARTESIAN_POINT('',(7.E-1,-6.2E0,2.49E1));
#9622=LINE('',#9621,#9620);
#9623=DIRECTION('',(0.E0,0.E0,1.E0));
#9624=VECTOR('',#9623,5.E-1);
#9625=CARTESIAN_POINT('',(7.E-1,-6.2E0,2.44E1));
#9626=LINE('',#9625,#9624);
#9627=DIRECTION('',(0.E0,1.E0,0.E0));
#9628=VECTOR('',#9627,5.E-1);
#9629=CARTESIAN_POINT('',(1.2E0,-6.2E0,2.49E1));
#9630=LINE('',#9629,#9628);
#9631=DIRECTION('',(0.E0,0.E0,1.E0));
#9632=VECTOR('',#9631,7.9E0);
#9633=CARTESIAN_POINT('',(1.2E0,-5.7E0,1.7E1));
#9634=LINE('',#9633,#9632);
#9635=DIRECTION('',(0.E0,0.E0,-1.E0));
#9636=VECTOR('',#9635,7.9E0);
#9637=CARTESIAN_POINT('',(1.2E0,-6.2E0,2.49E1));
#9638=LINE('',#9637,#9636);
#9639=DIRECTION('',(0.E0,1.E0,0.E0));
#9640=VECTOR('',#9639,5.E-1);
#9641=CARTESIAN_POINT('',(1.2E0,-6.2E0,1.7E1));
#9642=LINE('',#9641,#9640);
#9643=DIRECTION('',(0.E0,1.E0,0.E0));
#9644=VECTOR('',#9643,5.E-1);
#9645=CARTESIAN_POINT('',(-1.2E0,-6.2E0,1.7E1));
#9646=LINE('',#9645,#9644);
#9647=DIRECTION('',(-1.E0,0.E0,0.E0));
#9648=VECTOR('',#9647,1.4E0);
#9649=CARTESIAN_POINT('',(7.E-1,-5.7E0,2.49E1));
#9650=LINE('',#9649,#9648);
#9651=CARTESIAN_POINT('',(-7.E-1,-6.2E0,2.49E1));
#9652=DIRECTION('',(-1.E0,0.E0,0.E0));
#9653=DIRECTION('',(0.E0,1.E0,0.E0));
#9654=AXIS2_PLACEMENT_3D('',#9651,#9652,#9653);
#9656=DIRECTION('',(-1.E0,0.E0,0.E0));
#9657=VECTOR('',#9656,1.4E0);
#9658=CARTESIAN_POINT('',(7.E-1,-6.2E0,2.44E1));
#9659=LINE('',#9658,#9657);
#9660=CARTESIAN_POINT('',(7.E-1,-6.2E0,2.49E1));
#9661=DIRECTION('',(-1.E0,0.E0,0.E0));
#9662=DIRECTION('',(0.E0,1.E0,0.E0));
#9663=AXIS2_PLACEMENT_3D('',#9660,#9661,#9662);
#9665=DIRECTION('',(0.E0,1.E0,0.E0));
#9666=VECTOR('',#9665,1.485786437627E0);
#9667=CARTESIAN_POINT('',(7.E-1,-7.685786437627E0,2.44E1));
#9668=LINE('',#9667,#9666);
#9669=DIRECTION('',(0.E0,-1.E0,0.E0));
#9670=VECTOR('',#9669,1.485786437627E0);
#9671=CARTESIAN_POINT('',(-7.E-1,-6.2E0,2.44E1));
#9672=LINE('',#9671,#9670);
#9673=DIRECTION('',(0.E0,-3.420201433257E-1,9.396926207859E-1));
#9674=VECTOR('',#9673,5.E-1);
#9675=CARTESIAN_POINT('',(4.5E-1,-1.107929752357E1,2.445511487933E1));
#9676=LINE('',#9675,#9674);
#9677=DIRECTION('',(1.E0,0.E0,0.E0));
#9678=VECTOR('',#9677,9.E-1);
#9679=CARTESIAN_POINT('',(-4.5E-1,-1.107929752357E1,2.445511487933E1));
#9680=LINE('',#9679,#9678);
#9681=DIRECTION('',(0.E0,-3.420201433257E-1,9.396926207859E-1));
#9682=VECTOR('',#9681,5.E-1);
#9683=CARTESIAN_POINT('',(-4.5E-1,-1.107929752357E1,2.445511487933E1));
#9684=LINE('',#9683,#9682);
#9685=DIRECTION('',(1.E0,0.E0,0.E0));
#9686=VECTOR('',#9685,9.E-1);
#9687=CARTESIAN_POINT('',(-4.5E-1,-1.125030759523E1,2.492496118973E1));
#9688=LINE('',#9687,#9686);
#9689=CARTESIAN_POINT('',(-2.15E0,-6.2E0,-2.85E1));
#9690=CARTESIAN_POINT('',(-2.15E0,-6.2E0,-2.65E1));
#9691=VERTEX_POINT('',#9689);
#9692=VERTEX_POINT('',#9690);
#9693=CARTESIAN_POINT('',(-2.15E0,-6.2E0,2.65E1));
#9694=CARTESIAN_POINT('',(-2.15E0,-6.2E0,2.85E1));
#9695=VERTEX_POINT('',#9693);
#9696=VERTEX_POINT('',#9694);
#9697=CARTESIAN_POINT('',(2.15E0,-6.2E0,2.85E1));
#9698=CARTESIAN_POINT('',(2.15E0,-6.2E0,2.65E1));
#9699=VERTEX_POINT('',#9697);
#9700=VERTEX_POINT('',#9698);
#9701=CARTESIAN_POINT('',(2.15E0,-6.2E0,-2.65E1));
#9702=CARTESIAN_POINT('',(2.15E0,-6.2E0,-2.85E1));
#9703=VERTEX_POINT('',#9701);
#9704=VERTEX_POINT('',#9702);
#9705=CARTESIAN_POINT('',(-2.15E0,-5.7E0,-2.85E1));
#9706=CARTESIAN_POINT('',(-2.15E0,-5.7E0,-2.65E1));
#9707=VERTEX_POINT('',#9705);
#9708=VERTEX_POINT('',#9706);
#9709=CARTESIAN_POINT('',(-2.15E0,-5.7E0,2.65E1));
#9710=CARTESIAN_POINT('',(-2.15E0,-5.7E0,2.85E1));
#9711=VERTEX_POINT('',#9709);
#9712=VERTEX_POINT('',#9710);
#9713=CARTESIAN_POINT('',(2.15E0,-5.7E0,2.85E1));
#9714=CARTESIAN_POINT('',(2.15E0,-5.7E0,2.65E1));
#9715=VERTEX_POINT('',#9713);
#9716=VERTEX_POINT('',#9714);
#9717=CARTESIAN_POINT('',(2.15E0,-5.7E0,-2.65E1));
#9718=CARTESIAN_POINT('',(2.15E0,-5.7E0,-2.85E1));
#9719=VERTEX_POINT('',#9717);
#9720=VERTEX_POINT('',#9718);
#9721=CARTESIAN_POINT('',(-7.E-1,-6.2E0,-3.2E1));
#9722=CARTESIAN_POINT('',(-7.E-1,-5.7E0,-3.2E1));
#9723=VERTEX_POINT('',#9721);
#9724=VERTEX_POINT('',#9722);
#9725=CARTESIAN_POINT('',(-7.E-1,-6.2E0,3.2E1));
#9726=CARTESIAN_POINT('',(-7.E-1,-5.7E0,3.2E1));
#9727=VERTEX_POINT('',#9725);
#9728=VERTEX_POINT('',#9726);
#9729=CARTESIAN_POINT('',(7.E-1,-6.2E0,3.2E1));
#9730=CARTESIAN_POINT('',(7.E-1,-5.7E0,3.2E1));
#9731=VERTEX_POINT('',#9729);
#9732=VERTEX_POINT('',#9730);
#9733=CARTESIAN_POINT('',(7.E-1,-6.2E0,-3.2E1));
#9734=CARTESIAN_POINT('',(7.E-1,-5.7E0,-3.2E1));
#9735=VERTEX_POINT('',#9733);
#9736=VERTEX_POINT('',#9734);
#9737=CARTESIAN_POINT('',(3.2E0,-6.2E0,-2.875E1));
#9738=CARTESIAN_POINT('',(2.95E0,-6.2E0,-2.85E1));
#9739=VERTEX_POINT('',#9737);
#9740=VERTEX_POINT('',#9738);
#9741=CARTESIAN_POINT('',(2.95E0,-5.7E0,-2.85E1));
#9742=VERTEX_POINT('',#9741);
#9743=CARTESIAN_POINT('',(3.2E0,-5.7E0,-2.875E1));
#9744=VERTEX_POINT('',#9743);
#9745=CARTESIAN_POINT('',(2.45E0,-6.2E0,-2.65E1));
#9746=CARTESIAN_POINT('',(2.7E0,-6.2E0,-2.625E1));
#9747=VERTEX_POINT('',#9745);
#9748=VERTEX_POINT('',#9746);
#9749=CARTESIAN_POINT('',(2.7E0,-5.7E0,-2.625E1));
#9750=VERTEX_POINT('',#9749);
#9751=CARTESIAN_POINT('',(2.45E0,-5.7E0,-2.65E1));
#9752=VERTEX_POINT('',#9751);
#9753=CARTESIAN_POINT('',(2.95E0,-6.2E0,-3.2E1));
#9754=CARTESIAN_POINT('',(3.2E0,-6.2E0,-3.175E1));
#9755=VERTEX_POINT('',#9753);
#9756=VERTEX_POINT('',#9754);
#9757=CARTESIAN_POINT('',(3.2E0,-5.7E0,-3.175E1));
#9758=VERTEX_POINT('',#9757);
#9759=CARTESIAN_POINT('',(2.95E0,-5.7E0,-3.2E1));
#9760=VERTEX_POINT('',#9759);
#9761=CARTESIAN_POINT('',(4.5E-1,-6.2E0,-3.315E1));
#9762=CARTESIAN_POINT('',(7.E-1,-6.2E0,-3.29E1));
#9763=VERTEX_POINT('',#9761);
#9764=VERTEX_POINT('',#9762);
#9765=CARTESIAN_POINT('',(7.E-1,-5.7E0,-3.29E1));
#9766=VERTEX_POINT('',#9765);
#9767=CARTESIAN_POINT('',(4.5E-1,-5.7E0,-3.315E1));
#9768=VERTEX_POINT('',#9767);
#9769=CARTESIAN_POINT('',(-7.E-1,-6.2E0,-3.29E1));
#9770=CARTESIAN_POINT('',(-4.5E-1,-6.2E0,-3.315E1));
#9771=VERTEX_POINT('',#9769);
#9772=VERTEX_POINT('',#9770);
#9773=CARTESIAN_POINT('',(-4.5E-1,-5.7E0,-3.315E1));
#9774=VERTEX_POINT('',#9773);
#9775=CARTESIAN_POINT('',(-7.E-1,-5.7E0,-3.29E1));
#9776=VERTEX_POINT('',#9775);
#9777=CARTESIAN_POINT('',(-3.2E0,-6.2E0,-3.175E1));
#9778=CARTESIAN_POINT('',(-2.95E0,-6.2E0,-3.2E1));
#9779=VERTEX_POINT('',#9777);
#9780=VERTEX_POINT('',#9778);
#9781=CARTESIAN_POINT('',(-2.95E0,-5.7E0,-3.2E1));
#9782=VERTEX_POINT('',#9781);
#9783=CARTESIAN_POINT('',(-3.2E0,-5.7E0,-3.175E1));
#9784=VERTEX_POINT('',#9783);
#9785=CARTESIAN_POINT('',(-2.95E0,-6.2E0,-2.85E1));
#9786=CARTESIAN_POINT('',(-3.2E0,-6.2E0,-2.875E1));
#9787=VERTEX_POINT('',#9785);
#9788=VERTEX_POINT('',#9786);
#9789=CARTESIAN_POINT('',(-3.2E0,-5.7E0,-2.875E1));
#9790=VERTEX_POINT('',#9789);
#9791=CARTESIAN_POINT('',(-2.95E0,-5.7E0,-2.85E1));
#9792=VERTEX_POINT('',#9791);
#9793=CARTESIAN_POINT('',(-2.7E0,-6.2E0,-2.625E1));
#9794=CARTESIAN_POINT('',(-2.45E0,-6.2E0,-2.65E1));
#9795=VERTEX_POINT('',#9793);
#9796=VERTEX_POINT('',#9794);
#9797=CARTESIAN_POINT('',(-2.45E0,-5.7E0,-2.65E1));
#9798=VERTEX_POINT('',#9797);
#9799=CARTESIAN_POINT('',(-2.7E0,-5.7E0,-2.625E1));
#9800=VERTEX_POINT('',#9799);
#9801=CARTESIAN_POINT('',(-2.45E0,-6.2E0,2.65E1));
#9802=CARTESIAN_POINT('',(-2.7E0,-6.2E0,2.625E1));
#9803=VERTEX_POINT('',#9801);
#9804=VERTEX_POINT('',#9802);
#9805=CARTESIAN_POINT('',(-2.7E0,-5.7E0,2.625E1));
#9806=VERTEX_POINT('',#9805);
#9807=CARTESIAN_POINT('',(-2.45E0,-5.7E0,2.65E1));
#9808=VERTEX_POINT('',#9807);
#9809=CARTESIAN_POINT('',(2.7E0,-6.2E0,2.625E1));
#9810=CARTESIAN_POINT('',(2.45E0,-6.2E0,2.65E1));
#9811=VERTEX_POINT('',#9809);
#9812=VERTEX_POINT('',#9810);
#9813=CARTESIAN_POINT('',(2.45E0,-5.7E0,2.65E1));
#9814=VERTEX_POINT('',#9813);
#9815=CARTESIAN_POINT('',(2.7E0,-5.7E0,2.625E1));
#9816=VERTEX_POINT('',#9815);
#9817=CARTESIAN_POINT('',(2.95E0,-6.2E0,2.85E1));
#9818=CARTESIAN_POINT('',(3.2E0,-6.2E0,2.875E1));
#9819=VERTEX_POINT('',#9817);
#9820=VERTEX_POINT('',#9818);
#9821=CARTESIAN_POINT('',(3.2E0,-5.7E0,2.875E1));
#9822=VERTEX_POINT('',#9821);
#9823=CARTESIAN_POINT('',(2.95E0,-5.7E0,2.85E1));
#9824=VERTEX_POINT('',#9823);
#9825=CARTESIAN_POINT('',(-3.2E0,-6.2E0,2.875E1));
#9826=CARTESIAN_POINT('',(-2.95E0,-6.2E0,2.85E1));
#9827=VERTEX_POINT('',#9825);
#9828=VERTEX_POINT('',#9826);
#9829=CARTESIAN_POINT('',(-2.95E0,-5.7E0,2.85E1));
#9830=VERTEX_POINT('',#9829);
#9831=CARTESIAN_POINT('',(-3.2E0,-5.7E0,2.875E1));
#9832=VERTEX_POINT('',#9831);
#9833=CARTESIAN_POINT('',(-2.95E0,-6.2E0,3.2E1));
#9834=CARTESIAN_POINT('',(-3.2E0,-6.2E0,3.175E1));
#9835=VERTEX_POINT('',#9833);
#9836=VERTEX_POINT('',#9834);
#9837=CARTESIAN_POINT('',(-3.2E0,-5.7E0,3.175E1));
#9838=VERTEX_POINT('',#9837);
#9839=CARTESIAN_POINT('',(-2.95E0,-5.7E0,3.2E1));
#9840=VERTEX_POINT('',#9839);
#9841=CARTESIAN_POINT('',(3.2E0,-6.2E0,3.175E1));
#9842=CARTESIAN_POINT('',(2.95E0,-6.2E0,3.2E1));
#9843=VERTEX_POINT('',#9841);
#9844=VERTEX_POINT('',#9842);
#9845=CARTESIAN_POINT('',(2.95E0,-5.7E0,3.2E1));
#9846=VERTEX_POINT('',#9845);
#9847=CARTESIAN_POINT('',(3.2E0,-5.7E0,3.175E1));
#9848=VERTEX_POINT('',#9847);
#9849=CARTESIAN_POINT('',(7.E-1,-6.2E0,3.29E1));
#9850=CARTESIAN_POINT('',(4.5E-1,-6.2E0,3.315E1));
#9851=VERTEX_POINT('',#9849);
#9852=VERTEX_POINT('',#9850);
#9853=CARTESIAN_POINT('',(4.5E-1,-5.7E0,3.315E1));
#9854=VERTEX_POINT('',#9853);
#9855=CARTESIAN_POINT('',(7.E-1,-5.7E0,3.29E1));
#9856=VERTEX_POINT('',#9855);
#9857=CARTESIAN_POINT('',(-4.5E-1,-6.2E0,3.315E1));
#9858=CARTESIAN_POINT('',(-7.E-1,-6.2E0,3.29E1));
#9859=VERTEX_POINT('',#9857);
#9860=VERTEX_POINT('',#9858);
#9861=CARTESIAN_POINT('',(-7.E-1,-5.7E0,3.29E1));
#9862=VERTEX_POINT('',#9861);
#9863=CARTESIAN_POINT('',(-4.5E-1,-5.7E0,3.315E1));
#9864=VERTEX_POINT('',#9863);
#9865=CARTESIAN_POINT('',(1.25E0,-6.2E0,-6.E0));
#9866=CARTESIAN_POINT('',(-1.25E0,-6.2E0,-6.E0));
#9867=VERTEX_POINT('',#9865);
#9868=VERTEX_POINT('',#9866);
#9869=CARTESIAN_POINT('',(-1.25E0,-6.2E0,6.E0));
#9870=VERTEX_POINT('',#9869);
#9871=CARTESIAN_POINT('',(1.25E0,-6.2E0,6.E0));
#9872=VERTEX_POINT('',#9871);
#9873=CARTESIAN_POINT('',(1.25E0,-5.7E0,-6.E0));
#9874=CARTESIAN_POINT('',(-1.25E0,-5.7E0,-6.E0));
#9875=VERTEX_POINT('',#9873);
#9876=VERTEX_POINT('',#9874);
#9877=CARTESIAN_POINT('',(-1.25E0,-5.7E0,6.E0));
#9878=VERTEX_POINT('',#9877);
#9879=CARTESIAN_POINT('',(1.25E0,-5.7E0,6.E0));
#9880=VERTEX_POINT('',#9879);
#9881=CARTESIAN_POINT('',(-1.2E0,-6.2E0,-1.7E1));
#9882=CARTESIAN_POINT('',(1.2E0,-6.2E0,-1.7E1));
#9883=VERTEX_POINT('',#9881);
#9884=VERTEX_POINT('',#9882);
#9885=CARTESIAN_POINT('',(1.2E0,-6.2E0,1.7E1));
#9886=CARTESIAN_POINT('',(-1.2E0,-6.2E0,1.7E1));
#9887=VERTEX_POINT('',#9885);
#9888=VERTEX_POINT('',#9886);
#9889=CARTESIAN_POINT('',(-1.2E0,-5.7E0,-1.7E1));
#9890=CARTESIAN_POINT('',(1.2E0,-5.7E0,-1.7E1));
#9891=VERTEX_POINT('',#9889);
#9892=VERTEX_POINT('',#9890);
#9893=CARTESIAN_POINT('',(1.2E0,-5.7E0,1.7E1));
#9894=CARTESIAN_POINT('',(-1.2E0,-5.7E0,1.7E1));
#9895=VERTEX_POINT('',#9893);
#9896=VERTEX_POINT('',#9894);
#9897=CARTESIAN_POINT('',(7.E-1,-6.2E0,-2.44E1));
#9898=CARTESIAN_POINT('',(-7.E-1,-6.2E0,-2.44E1));
#9899=VERTEX_POINT('',#9897);
#9900=VERTEX_POINT('',#9898);
#9901=CARTESIAN_POINT('',(-7.E-1,-6.2E0,-2.49E1));
#9902=VERTEX_POINT('',#9901);
#9903=CARTESIAN_POINT('',(7.E-1,-6.2E0,-2.49E1));
#9904=VERTEX_POINT('',#9903);
#9905=CARTESIAN_POINT('',(-7.E-1,-7.685786437627E0,-2.44E1));
#9906=VERTEX_POINT('',#9905);
#9907=CARTESIAN_POINT('',(7.E-1,-7.685786437627E0,-2.44E1));
#9908=VERTEX_POINT('',#9907);
#9909=CARTESIAN_POINT('',(7.E-1,-8.392893218813E0,-2.469289321881E1));
#9910=VERTEX_POINT('',#9909);
#9911=CARTESIAN_POINT('',(-7.E-1,-8.392893218813E0,-2.469289321881E1));
#9912=VERTEX_POINT('',#9911);
#9913=CARTESIAN_POINT('',(-7.E-1,-7.685786437627E0,-2.49E1));
#9914=VERTEX_POINT('',#9913);
#9915=CARTESIAN_POINT('',(7.E-1,-7.685786437627E0,-2.49E1));
#9916=VERTEX_POINT('',#9915);
#9917=CARTESIAN_POINT('',(7.E-1,-8.039339828220E0,-2.504644660941E1));
#9918=VERTEX_POINT('',#9917);
#9919=CARTESIAN_POINT('',(-7.E-1,-8.039339828220E0,-2.504644660941E1));
#9920=VERTEX_POINT('',#9919);
#9921=CARTESIAN_POINT('',(7.E-1,-8.356630079677E0,-2.536373686086E1));
#9922=VERTEX_POINT('',#9921);
#9923=CARTESIAN_POINT('',(-7.E-1,-8.356630079677E0,-2.536373686086E1));
#9924=VERTEX_POINT('',#9923);
#9925=CARTESIAN_POINT('',(-7.E-1,-9.405757004189E0,-2.559632270046E1));
#9926=VERTEX_POINT('',#9925);
#9927=CARTESIAN_POINT('',(7.E-1,-9.405757004189E0,-2.559632270046E1));
#9928=VERTEX_POINT('',#9927);
#9929=CARTESIAN_POINT('',(7.E-1,-8.710183470271E0,-2.501018347027E1));
#9930=VERTEX_POINT('',#9929);
#9931=CARTESIAN_POINT('',(-7.E-1,-8.710183470271E0,-2.501018347027E1));
#9932=VERTEX_POINT('',#9931);
#9933=CARTESIAN_POINT('',(-7.E-1,-9.234746932527E0,-2.512647639007E1));
#9934=VERTEX_POINT('',#9933);
#9935=CARTESIAN_POINT('',(7.E-1,-9.234746932527E0,-2.512647639007E1));
#9936=VERTEX_POINT('',#9935);
#9937=CARTESIAN_POINT('',(-7.E-1,-6.2E0,2.44E1));
#9938=CARTESIAN_POINT('',(-7.E-1,-6.2E0,2.49E1));
#9939=VERTEX_POINT('',#9937);
#9940=VERTEX_POINT('',#9938);
#9941=CARTESIAN_POINT('',(7.E-1,-7.685786437627E0,2.44E1));
#9942=CARTESIAN_POINT('',(7.E-1,-8.392893218813E0,2.469289321881E1));
#9943=VERTEX_POINT('',#9941);
#9944=VERTEX_POINT('',#9942);
#9945=CARTESIAN_POINT('',(-7.E-1,-7.685786437627E0,2.44E1));
#9946=CARTESIAN_POINT('',(-7.E-1,-8.392893218813E0,2.469289321881E1));
#9947=VERTEX_POINT('',#9945);
#9948=VERTEX_POINT('',#9946);
#9949=CARTESIAN_POINT('',(7.E-1,-7.685786437627E0,2.49E1));
#9950=CARTESIAN_POINT('',(7.E-1,-8.039339828220E0,2.504644660941E1));
#9951=VERTEX_POINT('',#9949);
#9952=VERTEX_POINT('',#9950);
#9953=CARTESIAN_POINT('',(-7.E-1,-7.685786437627E0,2.49E1));
#9954=CARTESIAN_POINT('',(-7.E-1,-8.039339828220E0,2.504644660941E1));
#9955=VERTEX_POINT('',#9953);
#9956=VERTEX_POINT('',#9954);
#9957=CARTESIAN_POINT('',(-7.E-1,-8.356630079677E0,2.536373686086E1));
#9958=CARTESIAN_POINT('',(-7.E-1,-9.405757004189E0,2.559632270046E1));
#9959=VERTEX_POINT('',#9957);
#9960=VERTEX_POINT('',#9958);
#9961=CARTESIAN_POINT('',(7.E-1,-8.356630079677E0,2.536373686086E1));
#9962=CARTESIAN_POINT('',(7.E-1,-9.405757004189E0,2.559632270046E1));
#9963=VERTEX_POINT('',#9961);
#9964=VERTEX_POINT('',#9962);
#9965=CARTESIAN_POINT('',(-7.E-1,-8.710183470271E0,2.501018347027E1));
#9966=CARTESIAN_POINT('',(-7.E-1,-9.234746932527E0,2.512647639007E1));
#9967=VERTEX_POINT('',#9965);
#9968=VERTEX_POINT('',#9966);
#9969=CARTESIAN_POINT('',(7.E-1,-8.710183470271E0,2.501018347027E1));
#9970=CARTESIAN_POINT('',(7.E-1,-9.234746932527E0,2.512647639007E1));
#9971=VERTEX_POINT('',#9969);
#9972=VERTEX_POINT('',#9970);
#9973=CARTESIAN_POINT('',(7.E-1,-6.2E0,2.44E1));
#9974=VERTEX_POINT('',#9973);
#9975=CARTESIAN_POINT('',(7.E-1,-6.2E0,2.49E1));
#9976=VERTEX_POINT('',#9975);
#9977=CARTESIAN_POINT('',(7.E-1,-1.101538444003E1,-2.501046622556E1));
#9978=CARTESIAN_POINT('',(4.5E-1,-1.125030759523E1,-2.492496118973E1));
#9979=VERTEX_POINT('',#9977);
#9980=VERTEX_POINT('',#9978);
#9981=CARTESIAN_POINT('',(4.5E-1,-1.107929752357E1,-2.445511487933E1));
#9982=VERTEX_POINT('',#9981);
#9983=CARTESIAN_POINT('',(7.E-1,-1.084437436837E1,-2.454061991516E1));
#9984=VERTEX_POINT('',#9983);
#9985=CARTESIAN_POINT('',(-4.5E-1,-1.125030759523E1,-2.492496118973E1));
#9986=CARTESIAN_POINT('',(-7.E-1,-1.101538444003E1,-2.501046622556E1));
#9987=VERTEX_POINT('',#9985);
#9988=VERTEX_POINT('',#9986);
#9989=CARTESIAN_POINT('',(-7.E-1,-1.084437436837E1,-2.454061991516E1));
#9990=VERTEX_POINT('',#9989);
#9991=CARTESIAN_POINT('',(-4.5E-1,-1.107929752357E1,-2.445511487933E1));
#9992=VERTEX_POINT('',#9991);
#9993=CARTESIAN_POINT('',(4.5E-1,-1.125030759523E1,2.492496118973E1));
#9994=CARTESIAN_POINT('',(7.E-1,-1.101538444003E1,2.501046622556E1));
#9995=VERTEX_POINT('',#9993);
#9996=VERTEX_POINT('',#9994);
#9997=CARTESIAN_POINT('',(7.E-1,-1.084437436837E1,2.454061991516E1));
#9998=VERTEX_POINT('',#9997);
#9999=CARTESIAN_POINT('',(4.5E-1,-1.107929752357E1,2.445511487933E1));
#10000=VERTEX_POINT('',#9999);
#10001=CARTESIAN_POINT('',(-7.E-1,-1.101538444003E1,2.501046622556E1));
#10002=CARTESIAN_POINT('',(-4.5E-1,-1.125030759523E1,2.492496118973E1));
#10003=VERTEX_POINT('',#10001);
#10004=VERTEX_POINT('',#10002);
#10005=CARTESIAN_POINT('',(-4.5E-1,-1.107929752357E1,2.445511487933E1));
#10006=VERTEX_POINT('',#10005);
#10007=CARTESIAN_POINT('',(-7.E-1,-1.084437436837E1,2.454061991516E1));
#10008=VERTEX_POINT('',#10007);
#10009=CARTESIAN_POINT('',(-1.2E0,-6.2E0,2.49E1));
#10010=VERTEX_POINT('',#10009);
#10011=CARTESIAN_POINT('',(1.2E0,-6.2E0,2.49E1));
#10012=VERTEX_POINT('',#10011);
#10013=CARTESIAN_POINT('',(1.2E0,-6.2E0,-2.49E1));
#10014=VERTEX_POINT('',#10013);
#10015=CARTESIAN_POINT('',(-1.2E0,-6.2E0,-2.49E1));
#10016=VERTEX_POINT('',#10015);
#10017=CARTESIAN_POINT('',(-1.2E0,-5.7E0,2.49E1));
#10018=CARTESIAN_POINT('',(-7.E-1,-5.7E0,2.49E1));
#10019=VERTEX_POINT('',#10017);
#10020=VERTEX_POINT('',#10018);
#10021=CARTESIAN_POINT('',(7.E-1,-5.7E0,2.49E1));
#10022=CARTESIAN_POINT('',(1.2E0,-5.7E0,2.49E1));
#10023=VERTEX_POINT('',#10021);
#10024=VERTEX_POINT('',#10022);
#10025=CARTESIAN_POINT('',(1.2E0,-5.7E0,-2.49E1));
#10026=CARTESIAN_POINT('',(7.E-1,-5.7E0,-2.49E1));
#10027=VERTEX_POINT('',#10025);
#10028=VERTEX_POINT('',#10026);
#10029=CARTESIAN_POINT('',(-7.E-1,-5.7E0,-2.49E1));
#10030=CARTESIAN_POINT('',(-1.2E0,-5.7E0,-2.49E1));
#10031=VERTEX_POINT('',#10029);
#10032=VERTEX_POINT('',#10030);
#10033=CARTESIAN_POINT('',(0.E0,-6.2E0,0.E0));
#10034=DIRECTION('',(0.E0,1.E0,0.E0));
#10035=DIRECTION('',(0.E0,0.E0,1.E0));
#10036=AXIS2_PLACEMENT_3D('',#10033,#10034,#10035);
#10037=PLANE('',#10036);
#10039=ORIENTED_EDGE('',*,*,#10038,.F.);
#10041=ORIENTED_EDGE('',*,*,#10040,.T.);
#10043=ORIENTED_EDGE('',*,*,#10042,.F.);
#10045=ORIENTED_EDGE('',*,*,#10044,.T.);
#10047=ORIENTED_EDGE('',*,*,#10046,.T.);
#10049=ORIENTED_EDGE('',*,*,#10048,.F.);
#10051=ORIENTED_EDGE('',*,*,#10050,.T.);
#10053=ORIENTED_EDGE('',*,*,#10052,.F.);
#10055=ORIENTED_EDGE('',*,*,#10054,.T.);
#10057=ORIENTED_EDGE('',*,*,#10056,.T.);
#10059=ORIENTED_EDGE('',*,*,#10058,.F.);
#10061=ORIENTED_EDGE('',*,*,#10060,.T.);
#10063=ORIENTED_EDGE('',*,*,#10062,.F.);
#10065=ORIENTED_EDGE('',*,*,#10064,.T.);
#10067=ORIENTED_EDGE('',*,*,#10066,.T.);
#10069=ORIENTED_EDGE('',*,*,#10068,.T.);
#10071=ORIENTED_EDGE('',*,*,#10070,.F.);
#10073=ORIENTED_EDGE('',*,*,#10072,.T.);
#10075=ORIENTED_EDGE('',*,*,#10074,.F.);
#10077=ORIENTED_EDGE('',*,*,#10076,.T.);
#10079=ORIENTED_EDGE('',*,*,#10078,.T.);
#10081=ORIENTED_EDGE('',*,*,#10080,.T.);
#10083=ORIENTED_EDGE('',*,*,#10082,.F.);
#10085=ORIENTED_EDGE('',*,*,#10084,.T.);
#10087=ORIENTED_EDGE('',*,*,#10086,.F.);
#10089=ORIENTED_EDGE('',*,*,#10088,.T.);
#10091=ORIENTED_EDGE('',*,*,#10090,.T.);
#10093=ORIENTED_EDGE('',*,*,#10092,.F.);
#10095=ORIENTED_EDGE('',*,*,#10094,.T.);
#10097=ORIENTED_EDGE('',*,*,#10096,.F.);
#10099=ORIENTED_EDGE('',*,*,#10098,.T.);
#10101=ORIENTED_EDGE('',*,*,#10100,.T.);
#10103=ORIENTED_EDGE('',*,*,#10102,.F.);
#10105=ORIENTED_EDGE('',*,*,#10104,.T.);
#10107=ORIENTED_EDGE('',*,*,#10106,.F.);
#10109=ORIENTED_EDGE('',*,*,#10108,.T.);
#10111=ORIENTED_EDGE('',*,*,#10110,.T.);
#10113=ORIENTED_EDGE('',*,*,#10112,.T.);
#10115=ORIENTED_EDGE('',*,*,#10114,.F.);
#10117=ORIENTED_EDGE('',*,*,#10116,.T.);
#10119=ORIENTED_EDGE('',*,*,#10118,.F.);
#10121=ORIENTED_EDGE('',*,*,#10120,.T.);
#10123=ORIENTED_EDGE('',*,*,#10122,.T.);
#10125=ORIENTED_EDGE('',*,*,#10124,.T.);
#10126=EDGE_LOOP('',(#10039,#10041,#10043,#10045,#10047,#10049,#10051,#10053,
#10055,#10057,#10059,#10061,#10063,#10065,#10067,#10069,#10071,#10073,#10075,
#10077,#10079,#10081,#10083,#10085,#10087,#10089,#10091,#10093,#10095,#10097,
#10099,#10101,#10103,#10105,#10107,#10109,#10111,#10113,#10115,#10117,#10119,
#10121,#10123,#10125));
#10127=FACE_OUTER_BOUND('',#10126,.F.);
#10129=ORIENTED_EDGE('',*,*,#10128,.F.);
#10131=ORIENTED_EDGE('',*,*,#10130,.F.);
#10133=ORIENTED_EDGE('',*,*,#10132,.F.);
#10135=ORIENTED_EDGE('',*,*,#10134,.F.);
#10136=EDGE_LOOP('',(#10129,#10131,#10133,#10135));
#10137=FACE_BOUND('',#10136,.F.);
#10139=ORIENTED_EDGE('',*,*,#10138,.F.);
#10141=ORIENTED_EDGE('',*,*,#10140,.F.);
#10143=ORIENTED_EDGE('',*,*,#10142,.F.);
#10145=ORIENTED_EDGE('',*,*,#10144,.F.);
#10147=ORIENTED_EDGE('',*,*,#10146,.T.);
#10149=ORIENTED_EDGE('',*,*,#10148,.F.);
#10150=EDGE_LOOP('',(#10139,#10141,#10143,#10145,#10147,#10149));
#10151=FACE_BOUND('',#10150,.F.);
#10153=ORIENTED_EDGE('',*,*,#10152,.F.);
#10155=ORIENTED_EDGE('',*,*,#10154,.F.);
#10157=ORIENTED_EDGE('',*,*,#10156,.F.);
#10159=ORIENTED_EDGE('',*,*,#10158,.F.);
#10161=ORIENTED_EDGE('',*,*,#10160,.F.);
#10163=ORIENTED_EDGE('',*,*,#10162,.F.);
#10164=EDGE_LOOP('',(#10153,#10155,#10157,#10159,#10161,#10163));
#10165=FACE_BOUND('',#10164,.F.);
#10166=ADVANCED_FACE('',(#10127,#10137,#10151,#10165),#10037,.F.);
#10167=CARTESIAN_POINT('',(2.95E0,-5.0482E0,-2.875E1));
#10168=DIRECTION('',(0.E0,-1.E0,0.E0));
#10169=DIRECTION('',(1.E0,0.E0,0.E0));
#10170=AXIS2_PLACEMENT_3D('',#10167,#10168,#10169);
#10171=CYLINDRICAL_SURFACE('',#10170,2.5E-1);
#10172=ORIENTED_EDGE('',*,*,#10038,.T.);
#10174=ORIENTED_EDGE('',*,*,#10173,.F.);
#10176=ORIENTED_EDGE('',*,*,#10175,.T.);
#10178=ORIENTED_EDGE('',*,*,#10177,.T.);
#10179=EDGE_LOOP('',(#10172,#10174,#10176,#10178));
#10180=FACE_OUTER_BOUND('',#10179,.F.);
#10181=ADVANCED_FACE('',(#10180),#10171,.T.);
#10182=CARTESIAN_POINT('',(2.675E0,-5.95E0,-2.85E1));
#10183=DIRECTION('',(0.E0,0.E0,-1.E0));
#10184=DIRECTION('',(1.E0,0.E0,0.E0));
#10185=AXIS2_PLACEMENT_3D('',#10182,#10183,#10184);
#10186=PLANE('',#10185);
#10187=ORIENTED_EDGE('',*,*,#10173,.T.);
#10188=ORIENTED_EDGE('',*,*,#10124,.F.);
#10190=ORIENTED_EDGE('',*,*,#10189,.T.);
#10192=ORIENTED_EDGE('',*,*,#10191,.T.);
#10193=EDGE_LOOP('',(#10187,#10188,#10190,#10192));
#10194=FACE_OUTER_BOUND('',#10193,.F.);
#10195=ADVANCED_FACE('',(#10194),#10186,.F.);
#10196=CARTESIAN_POINT('',(2.15E0,-5.95E0,-2.75E1));
#10197=DIRECTION('',(-1.E0,0.E0,0.E0));
#10198=DIRECTION('',(0.E0,0.E0,-1.E0));
#10199=AXIS2_PLACEMENT_3D('',#10196,#10197,#10198);
#10200=PLANE('',#10199);
#10201=ORIENTED_EDGE('',*,*,#10122,.F.);
#10203=ORIENTED_EDGE('',*,*,#10202,.T.);
#10205=ORIENTED_EDGE('',*,*,#10204,.T.);
#10206=ORIENTED_EDGE('',*,*,#10189,.F.);
#10207=EDGE_LOOP('',(#10201,#10203,#10205,#10206));
#10208=FACE_OUTER_BOUND('',#10207,.F.);
#10209=ADVANCED_FACE('',(#10208),#10200,.F.);
#10210=CARTESIAN_POINT('',(2.425E0,-5.95E0,-2.65E1));
#10211=DIRECTION('',(0.E0,0.E0,1.E0));
#10212=DIRECTION('',(-1.E0,0.E0,0.E0));
#10213=AXIS2_PLACEMENT_3D('',#10210,#10211,#10212);
#10214=PLANE('',#10213);
#10216=ORIENTED_EDGE('',*,*,#10215,.F.);
#10218=ORIENTED_EDGE('',*,*,#10217,.T.);
#10219=ORIENTED_EDGE('',*,*,#10202,.F.);
#10220=ORIENTED_EDGE('',*,*,#10120,.F.);
#10221=EDGE_LOOP('',(#10216,#10218,#10219,#10220));
#10222=FACE_OUTER_BOUND('',#10221,.F.);
#10223=ADVANCED_FACE('',(#10222),#10214,.F.);
#10224=CARTESIAN_POINT('',(2.45E0,-5.0482E0,-2.625E1));
#10225=DIRECTION('',(0.E0,-1.E0,0.E0));
#10226=DIRECTION('',(0.E0,0.E0,-1.E0));
#10227=AXIS2_PLACEMENT_3D('',#10224,#10225,#10226);
#10228=CYLINDRICAL_SURFACE('',#10227,2.5E-1);
#10229=ORIENTED_EDGE('',*,*,#10118,.T.);
#10231=ORIENTED_EDGE('',*,*,#10230,.F.);
#10233=ORIENTED_EDGE('',*,*,#10232,.T.);
#10234=ORIENTED_EDGE('',*,*,#10215,.T.);
#10235=EDGE_LOOP('',(#10229,#10231,#10233,#10234));
#10236=FACE_OUTER_BOUND('',#10235,.F.);
#10237=ADVANCED_FACE('',(#10236),#10228,.T.);
#10238=CARTESIAN_POINT('',(2.7E0,-5.95E0,0.E0));
#10239=DIRECTION('',(-1.E0,0.E0,0.E0));
#10240=DIRECTION('',(0.E0,0.E0,-1.E0));
#10241=AXIS2_PLACEMENT_3D('',#10238,#10239,#10240);
#10242=PLANE('',#10241);
#10243=ORIENTED_EDGE('',*,*,#10230,.T.);
#10244=ORIENTED_EDGE('',*,*,#10116,.F.);
#10246=ORIENTED_EDGE('',*,*,#10245,.F.);
#10248=ORIENTED_EDGE('',*,*,#10247,.T.);
#10249=EDGE_LOOP('',(#10243,#10244,#10246,#10248));
#10250=FACE_OUTER_BOUND('',#10249,.F.);
#10251=ADVANCED_FACE('',(#10250),#10242,.F.);
#10252=CARTESIAN_POINT('',(2.45E0,-5.0482E0,2.625E1));
#10253=DIRECTION('',(0.E0,-1.E0,0.E0));
#10254=DIRECTION('',(1.E0,0.E0,0.E0));
#10255=AXIS2_PLACEMENT_3D('',#10252,#10253,#10254);
#10256=CYLINDRICAL_SURFACE('',#10255,2.5E-1);
#10257=ORIENTED_EDGE('',*,*,#10114,.T.);
#10259=ORIENTED_EDGE('',*,*,#10258,.F.);
#10261=ORIENTED_EDGE('',*,*,#10260,.T.);
#10262=ORIENTED_EDGE('',*,*,#10245,.T.);
#10263=EDGE_LOOP('',(#10257,#10259,#10261,#10262));
#10264=FACE_OUTER_BOUND('',#10263,.F.);
#10265=ADVANCED_FACE('',(#10264),#10256,.T.);
#10266=CARTESIAN_POINT('',(2.425E0,-5.95E0,2.65E1));
#10267=DIRECTION('',(0.E0,0.E0,-1.E0));
#10268=DIRECTION('',(1.E0,0.E0,0.E0));
#10269=AXIS2_PLACEMENT_3D('',#10266,#10267,#10268);
#10270=PLANE('',#10269);
#10271=ORIENTED_EDGE('',*,*,#10258,.T.);
#10272=ORIENTED_EDGE('',*,*,#10112,.F.);
#10274=ORIENTED_EDGE('',*,*,#10273,.T.);
#10276=ORIENTED_EDGE('',*,*,#10275,.T.);
#10277=EDGE_LOOP('',(#10271,#10272,#10274,#10276));
#10278=FACE_OUTER_BOUND('',#10277,.F.);
#10279=ADVANCED_FACE('',(#10278),#10270,.F.);
#10280=CARTESIAN_POINT('',(2.15E0,-5.95E0,2.75E1));
#10281=DIRECTION('',(-1.E0,0.E0,0.E0));
#10282=DIRECTION('',(0.E0,0.E0,-1.E0));
#10283=AXIS2_PLACEMENT_3D('',#10280,#10281,#10282);
#10284=PLANE('',#10283);
#10285=ORIENTED_EDGE('',*,*,#10110,.F.);
#10287=ORIENTED_EDGE('',*,*,#10286,.T.);
#10289=ORIENTED_EDGE('',*,*,#10288,.T.);
#10290=ORIENTED_EDGE('',*,*,#10273,.F.);
#10291=EDGE_LOOP('',(#10285,#10287,#10289,#10290));
#10292=FACE_OUTER_BOUND('',#10291,.F.);
#10293=ADVANCED_FACE('',(#10292),#10284,.F.);
#10294=CARTESIAN_POINT('',(2.675E0,-5.95E0,2.85E1));
#10295=DIRECTION('',(0.E0,0.E0,1.E0));
#10296=DIRECTION('',(-1.E0,0.E0,0.E0));
#10297=AXIS2_PLACEMENT_3D('',#10294,#10295,#10296);
#10298=PLANE('',#10297);
#10300=ORIENTED_EDGE('',*,*,#10299,.F.);
#10302=ORIENTED_EDGE('',*,*,#10301,.T.);
#10303=ORIENTED_EDGE('',*,*,#10286,.F.);
#10304=ORIENTED_EDGE('',*,*,#10108,.F.);
#10305=EDGE_LOOP('',(#10300,#10302,#10303,#10304));
#10306=FACE_OUTER_BOUND('',#10305,.F.);
#10307=ADVANCED_FACE('',(#10306),#10298,.F.);
#10308=CARTESIAN_POINT('',(2.95E0,-5.0482E0,2.875E1));
#10309=DIRECTION('',(0.E0,-1.E0,0.E0));
#10310=DIRECTION('',(0.E0,0.E0,-1.E0));
#10311=AXIS2_PLACEMENT_3D('',#10308,#10309,#10310);
#10312=CYLINDRICAL_SURFACE('',#10311,2.5E-1);
#10313=ORIENTED_EDGE('',*,*,#10106,.T.);
#10315=ORIENTED_EDGE('',*,*,#10314,.F.);
#10317=ORIENTED_EDGE('',*,*,#10316,.T.);
#10318=ORIENTED_EDGE('',*,*,#10299,.T.);
#10319=EDGE_LOOP('',(#10313,#10315,#10317,#10318));
#10320=FACE_OUTER_BOUND('',#10319,.F.);
#10321=ADVANCED_FACE('',(#10320),#10312,.T.);
#10322=CARTESIAN_POINT('',(3.2E0,-5.95E0,3.025E1));
#10323=DIRECTION('',(-1.E0,0.E0,0.E0));
#10324=DIRECTION('',(0.E0,0.E0,-1.E0));
#10325=AXIS2_PLACEMENT_3D('',#10322,#10323,#10324);
#10326=PLANE('',#10325);
#10327=ORIENTED_EDGE('',*,*,#10314,.T.);
#10328=ORIENTED_EDGE('',*,*,#10104,.F.);
#10330=ORIENTED_EDGE('',*,*,#10329,.F.);
#10332=ORIENTED_EDGE('',*,*,#10331,.T.);
#10333=EDGE_LOOP('',(#10327,#10328,#10330,#10332));
#10334=FACE_OUTER_BOUND('',#10333,.F.);
#10335=ADVANCED_FACE('',(#10334),#10326,.F.);
#10336=CARTESIAN_POINT('',(2.95E0,-5.0482E0,3.175E1));
#10337=DIRECTION('',(0.E0,-1.E0,0.E0));
#10338=DIRECTION('',(1.E0,0.E0,0.E0));
#10339=AXIS2_PLACEMENT_3D('',#10336,#10337,#10338);
#10340=CYLINDRICAL_SURFACE('',#10339,2.5E-1);
#10341=ORIENTED_EDGE('',*,*,#10102,.T.);
#10343=ORIENTED_EDGE('',*,*,#10342,.F.);
#10345=ORIENTED_EDGE('',*,*,#10344,.T.);
#10346=ORIENTED_EDGE('',*,*,#10329,.T.);
#10347=EDGE_LOOP('',(#10341,#10343,#10345,#10346));
#10348=FACE_OUTER_BOUND('',#10347,.F.);
#10349=ADVANCED_FACE('',(#10348),#10340,.T.);
#10350=CARTESIAN_POINT('',(1.95E0,-5.95E0,3.2E1));
#10351=DIRECTION('',(0.E0,0.E0,-1.E0));
#10352=DIRECTION('',(1.E0,0.E0,0.E0));
#10353=AXIS2_PLACEMENT_3D('',#10350,#10351,#10352);
#10354=PLANE('',#10353);
#10355=ORIENTED_EDGE('',*,*,#10342,.T.);
#10356=ORIENTED_EDGE('',*,*,#10100,.F.);
#10358=ORIENTED_EDGE('',*,*,#10357,.T.);
#10360=ORIENTED_EDGE('',*,*,#10359,.T.);
#10361=EDGE_LOOP('',(#10355,#10356,#10358,#10360));
#10362=FACE_OUTER_BOUND('',#10361,.F.);
#10363=ADVANCED_FACE('',(#10362),#10354,.F.);
#10364=CARTESIAN_POINT('',(7.E-1,-5.95E0,3.2575E1));
#10365=DIRECTION('',(-1.E0,0.E0,0.E0));
#10366=DIRECTION('',(0.E0,0.E0,-1.E0));
#10367=AXIS2_PLACEMENT_3D('',#10364,#10365,#10366);
#10368=PLANE('',#10367);
#10370=ORIENTED_EDGE('',*,*,#10369,.F.);
#10372=ORIENTED_EDGE('',*,*,#10371,.T.);
#10373=ORIENTED_EDGE('',*,*,#10357,.F.);
#10374=ORIENTED_EDGE('',*,*,#10098,.F.);
#10375=EDGE_LOOP('',(#10370,#10372,#10373,#10374));
#10376=FACE_OUTER_BOUND('',#10375,.F.);
#10377=ADVANCED_FACE('',(#10376),#10368,.F.);
#10378=CARTESIAN_POINT('',(4.5E-1,-5.0482E0,3.29E1));
#10379=DIRECTION('',(0.E0,-1.E0,0.E0));
#10380=DIRECTION('',(1.E0,0.E0,0.E0));
#10381=AXIS2_PLACEMENT_3D('',#10378,#10379,#10380);
#10382=CYLINDRICAL_SURFACE('',#10381,2.5E-1);
#10383=ORIENTED_EDGE('',*,*,#10096,.T.);
#10385=ORIENTED_EDGE('',*,*,#10384,.F.);
#10387=ORIENTED_EDGE('',*,*,#10386,.T.);
#10388=ORIENTED_EDGE('',*,*,#10369,.T.);
#10389=EDGE_LOOP('',(#10383,#10385,#10387,#10388));
#10390=FACE_OUTER_BOUND('',#10389,.F.);
#10391=ADVANCED_FACE('',(#10390),#10382,.T.);
#10392=CARTESIAN_POINT('',(0.E0,-5.95E0,3.315E1));
#10393=DIRECTION('',(0.E0,0.E0,-1.E0));
#10394=DIRECTION('',(1.E0,0.E0,0.E0));
#10395=AXIS2_PLACEMENT_3D('',#10392,#10393,#10394);
#10396=PLANE('',#10395);
#10397=ORIENTED_EDGE('',*,*,#10384,.T.);
#10398=ORIENTED_EDGE('',*,*,#10094,.F.);
#10400=ORIENTED_EDGE('',*,*,#10399,.F.);
#10402=ORIENTED_EDGE('',*,*,#10401,.T.);
#10403=EDGE_LOOP('',(#10397,#10398,#10400,#10402));
#10404=FACE_OUTER_BOUND('',#10403,.F.);
#10405=ADVANCED_FACE('',(#10404),#10396,.F.);
#10406=CARTESIAN_POINT('',(-4.5E-1,-5.0482E0,3.29E1));
#10407=DIRECTION('',(0.E0,-1.E0,0.E0));
#10408=DIRECTION('',(0.E0,0.E0,1.E0));
#10409=AXIS2_PLACEMENT_3D('',#10406,#10407,#10408);
#10410=CYLINDRICAL_SURFACE('',#10409,2.5E-1);
#10411=ORIENTED_EDGE('',*,*,#10092,.T.);
#10413=ORIENTED_EDGE('',*,*,#10412,.F.);
#10415=ORIENTED_EDGE('',*,*,#10414,.T.);
#10416=ORIENTED_EDGE('',*,*,#10399,.T.);
#10417=EDGE_LOOP('',(#10411,#10413,#10415,#10416));
#10418=FACE_OUTER_BOUND('',#10417,.F.);
#10419=ADVANCED_FACE('',(#10418),#10410,.T.);
#10420=CARTESIAN_POINT('',(-7.E-1,-5.95E0,3.2575E1));
#10421=DIRECTION('',(1.E0,0.E0,0.E0));
#10422=DIRECTION('',(0.E0,0.E0,1.E0));
#10423=AXIS2_PLACEMENT_3D('',#10420,#10421,#10422);
#10424=PLANE('',#10423);
#10425=ORIENTED_EDGE('',*,*,#10412,.T.);
#10426=ORIENTED_EDGE('',*,*,#10090,.F.);
#10428=ORIENTED_EDGE('',*,*,#10427,.T.);
#10430=ORIENTED_EDGE('',*,*,#10429,.T.);
#10431=EDGE_LOOP('',(#10425,#10426,#10428,#10430));
#10432=FACE_OUTER_BOUND('',#10431,.F.);
#10433=ADVANCED_FACE('',(#10432),#10424,.F.);
#10434=CARTESIAN_POINT('',(-1.95E0,-5.95E0,3.2E1));
#10435=DIRECTION('',(0.E0,0.E0,-1.E0));
#10436=DIRECTION('',(1.E0,0.E0,0.E0));
#10437=AXIS2_PLACEMENT_3D('',#10434,#10435,#10436);
#10438=PLANE('',#10437);
#10440=ORIENTED_EDGE('',*,*,#10439,.F.);
#10442=ORIENTED_EDGE('',*,*,#10441,.T.);
#10443=ORIENTED_EDGE('',*,*,#10427,.F.);
#10444=ORIENTED_EDGE('',*,*,#10088,.F.);
#10445=EDGE_LOOP('',(#10440,#10442,#10443,#10444));
#10446=FACE_OUTER_BOUND('',#10445,.F.);
#10447=ADVANCED_FACE('',(#10446),#10438,.F.);
#10448=CARTESIAN_POINT('',(-2.95E0,-5.0482E0,3.175E1));
#10449=DIRECTION('',(0.E0,-1.E0,0.E0));
#10450=DIRECTION('',(0.E0,0.E0,1.E0));
#10451=AXIS2_PLACEMENT_3D('',#10448,#10449,#10450);
#10452=CYLINDRICAL_SURFACE('',#10451,2.5E-1);
#10453=ORIENTED_EDGE('',*,*,#10086,.T.);
#10455=ORIENTED_EDGE('',*,*,#10454,.F.);
#10457=ORIENTED_EDGE('',*,*,#10456,.T.);
#10458=ORIENTED_EDGE('',*,*,#10439,.T.);
#10459=EDGE_LOOP('',(#10453,#10455,#10457,#10458));
#10460=FACE_OUTER_BOUND('',#10459,.F.);
#10461=ADVANCED_FACE('',(#10460),#10452,.T.);
#10462=CARTESIAN_POINT('',(-3.2E0,-5.95E0,3.025E1));
#10463=DIRECTION('',(1.E0,0.E0,0.E0));
#10464=DIRECTION('',(0.E0,0.E0,1.E0));
#10465=AXIS2_PLACEMENT_3D('',#10462,#10463,#10464);
#10466=PLANE('',#10465);
#10468=ORIENTED_EDGE('',*,*,#10467,.F.);
#10470=ORIENTED_EDGE('',*,*,#10469,.T.);
#10471=ORIENTED_EDGE('',*,*,#10454,.T.);
#10472=ORIENTED_EDGE('',*,*,#10084,.F.);
#10473=EDGE_LOOP('',(#10468,#10470,#10471,#10472));
#10474=FACE_OUTER_BOUND('',#10473,.F.);
#10475=ADVANCED_FACE('',(#10474),#10466,.F.);
#10476=CARTESIAN_POINT('',(-2.95E0,-5.0482E0,2.875E1));
#10477=DIRECTION('',(0.E0,-1.E0,0.E0));
#10478=DIRECTION('',(-1.E0,0.E0,0.E0));
#10479=AXIS2_PLACEMENT_3D('',#10476,#10477,#10478);
#10480=CYLINDRICAL_SURFACE('',#10479,2.5E-1);
#10481=ORIENTED_EDGE('',*,*,#10082,.T.);
#10483=ORIENTED_EDGE('',*,*,#10482,.F.);
#10485=ORIENTED_EDGE('',*,*,#10484,.T.);
#10486=ORIENTED_EDGE('',*,*,#10467,.T.);
#10487=EDGE_LOOP('',(#10481,#10483,#10485,#10486));
#10488=FACE_OUTER_BOUND('',#10487,.F.);
#10489=ADVANCED_FACE('',(#10488),#10480,.T.);
#10490=CARTESIAN_POINT('',(-2.675E0,-5.95E0,2.85E1));
#10491=DIRECTION('',(0.E0,0.E0,1.E0));
#10492=DIRECTION('',(-1.E0,0.E0,0.E0));
#10493=AXIS2_PLACEMENT_3D('',#10490,#10491,#10492);
#10494=PLANE('',#10493);
#10495=ORIENTED_EDGE('',*,*,#10482,.T.);
#10496=ORIENTED_EDGE('',*,*,#10080,.F.);
#10498=ORIENTED_EDGE('',*,*,#10497,.T.);
#10500=ORIENTED_EDGE('',*,*,#10499,.T.);
#10501=EDGE_LOOP('',(#10495,#10496,#10498,#10500));
#10502=FACE_OUTER_BOUND('',#10501,.F.);
#10503=ADVANCED_FACE('',(#10502),#10494,.F.);
#10504=CARTESIAN_POINT('',(-2.15E0,-5.95E0,2.75E1));
#10505=DIRECTION('',(1.E0,0.E0,0.E0));
#10506=DIRECTION('',(0.E0,0.E0,1.E0));
#10507=AXIS2_PLACEMENT_3D('',#10504,#10505,#10506);
#10508=PLANE('',#10507);
#10509=ORIENTED_EDGE('',*,*,#10078,.F.);
#10511=ORIENTED_EDGE('',*,*,#10510,.T.);
#10513=ORIENTED_EDGE('',*,*,#10512,.T.);
#10514=ORIENTED_EDGE('',*,*,#10497,.F.);
#10515=EDGE_LOOP('',(#10509,#10511,#10513,#10514));
#10516=FACE_OUTER_BOUND('',#10515,.F.);
#10517=ADVANCED_FACE('',(#10516),#10508,.F.);
#10518=CARTESIAN_POINT('',(-2.425E0,-5.95E0,2.65E1));
#10519=DIRECTION('',(0.E0,0.E0,-1.E0));
#10520=DIRECTION('',(1.E0,0.E0,0.E0));
#10521=AXIS2_PLACEMENT_3D('',#10518,#10519,#10520);
#10522=PLANE('',#10521);
#10524=ORIENTED_EDGE('',*,*,#10523,.F.);
#10526=ORIENTED_EDGE('',*,*,#10525,.T.);
#10527=ORIENTED_EDGE('',*,*,#10510,.F.);
#10528=ORIENTED_EDGE('',*,*,#10076,.F.);
#10529=EDGE_LOOP('',(#10524,#10526,#10527,#10528));
#10530=FACE_OUTER_BOUND('',#10529,.F.);
#10531=ADVANCED_FACE('',(#10530),#10522,.F.);
#10532=CARTESIAN_POINT('',(-2.45E0,-5.0482E0,2.625E1));
#10533=DIRECTION('',(0.E0,-1.E0,0.E0));
#10534=DIRECTION('',(0.E0,0.E0,1.E0));
#10535=AXIS2_PLACEMENT_3D('',#10532,#10533,#10534);
#10536=CYLINDRICAL_SURFACE('',#10535,2.5E-1);
#10537=ORIENTED_EDGE('',*,*,#10074,.T.);
#10539=ORIENTED_EDGE('',*,*,#10538,.F.);
#10541=ORIENTED_EDGE('',*,*,#10540,.T.);
#10542=ORIENTED_EDGE('',*,*,#10523,.T.);
#10543=EDGE_LOOP('',(#10537,#10539,#10541,#10542));
#10544=FACE_OUTER_BOUND('',#10543,.F.);
#10545=ADVANCED_FACE('',(#10544),#10536,.T.);
#10546=CARTESIAN_POINT('',(-2.7E0,-5.95E0,0.E0));
#10547=DIRECTION('',(1.E0,0.E0,0.E0));
#10548=DIRECTION('',(0.E0,0.E0,1.E0));
#10549=AXIS2_PLACEMENT_3D('',#10546,#10547,#10548);
#10550=PLANE('',#10549);
#10552=ORIENTED_EDGE('',*,*,#10551,.F.);
#10554=ORIENTED_EDGE('',*,*,#10553,.T.);
#10555=ORIENTED_EDGE('',*,*,#10538,.T.);
#10556=ORIENTED_EDGE('',*,*,#10072,.F.);
#10557=EDGE_LOOP('',(#10552,#10554,#10555,#10556));
#10558=FACE_OUTER_BOUND('',#10557,.F.);
#10559=ADVANCED_FACE('',(#10558),#10550,.F.);
#10560=CARTESIAN_POINT('',(-2.45E0,-5.0482E0,-2.625E1));
#10561=DIRECTION('',(0.E0,-1.E0,0.E0));
#10562=DIRECTION('',(-1.E0,0.E0,0.E0));
#10563=AXIS2_PLACEMENT_3D('',#10560,#10561,#10562);
#10564=CYLINDRICAL_SURFACE('',#10563,2.5E-1);
#10565=ORIENTED_EDGE('',*,*,#10070,.T.);
#10567=ORIENTED_EDGE('',*,*,#10566,.F.);
#10569=ORIENTED_EDGE('',*,*,#10568,.T.);
#10570=ORIENTED_EDGE('',*,*,#10551,.T.);
#10571=EDGE_LOOP('',(#10565,#10567,#10569,#10570));
#10572=FACE_OUTER_BOUND('',#10571,.F.);
#10573=ADVANCED_FACE('',(#10572),#10564,.T.);
#10574=CARTESIAN_POINT('',(-2.425E0,-5.95E0,-2.65E1));
#10575=DIRECTION('',(0.E0,0.E0,1.E0));
#10576=DIRECTION('',(-1.E0,0.E0,0.E0));
#10577=AXIS2_PLACEMENT_3D('',#10574,#10575,#10576);
#10578=PLANE('',#10577);
#10579=ORIENTED_EDGE('',*,*,#10566,.T.);
#10580=ORIENTED_EDGE('',*,*,#10068,.F.);
#10582=ORIENTED_EDGE('',*,*,#10581,.T.);
#10584=ORIENTED_EDGE('',*,*,#10583,.T.);
#10585=EDGE_LOOP('',(#10579,#10580,#10582,#10584));
#10586=FACE_OUTER_BOUND('',#10585,.F.);
#10587=ADVANCED_FACE('',(#10586),#10578,.F.);
#10588=CARTESIAN_POINT('',(-2.15E0,-5.95E0,-2.75E1));
#10589=DIRECTION('',(1.E0,0.E0,0.E0));
#10590=DIRECTION('',(0.E0,0.E0,1.E0));
#10591=AXIS2_PLACEMENT_3D('',#10588,#10589,#10590);
#10592=PLANE('',#10591);
#10593=ORIENTED_EDGE('',*,*,#10066,.F.);
#10595=ORIENTED_EDGE('',*,*,#10594,.T.);
#10597=ORIENTED_EDGE('',*,*,#10596,.T.);
#10598=ORIENTED_EDGE('',*,*,#10581,.F.);
#10599=EDGE_LOOP('',(#10593,#10595,#10597,#10598));
#10600=FACE_OUTER_BOUND('',#10599,.F.);
#10601=ADVANCED_FACE('',(#10600),#10592,.F.);
#10602=CARTESIAN_POINT('',(-2.675E0,-5.95E0,-2.85E1));
#10603=DIRECTION('',(0.E0,0.E0,-1.E0));
#10604=DIRECTION('',(1.E0,0.E0,0.E0));
#10605=AXIS2_PLACEMENT_3D('',#10602,#10603,#10604);
#10606=PLANE('',#10605);
#10608=ORIENTED_EDGE('',*,*,#10607,.F.);
#10610=ORIENTED_EDGE('',*,*,#10609,.T.);
#10611=ORIENTED_EDGE('',*,*,#10594,.F.);
#10612=ORIENTED_EDGE('',*,*,#10064,.F.);
#10613=EDGE_LOOP('',(#10608,#10610,#10611,#10612));
#10614=FACE_OUTER_BOUND('',#10613,.F.);
#10615=ADVANCED_FACE('',(#10614),#10606,.F.);
#10616=CARTESIAN_POINT('',(-2.95E0,-5.0482E0,-2.875E1));
#10617=DIRECTION('',(0.E0,-1.E0,0.E0));
#10618=DIRECTION('',(0.E0,0.E0,1.E0));
#10619=AXIS2_PLACEMENT_3D('',#10616,#10617,#10618);
#10620=CYLINDRICAL_SURFACE('',#10619,2.5E-1);
#10621=ORIENTED_EDGE('',*,*,#10062,.T.);
#10623=ORIENTED_EDGE('',*,*,#10622,.F.);
#10625=ORIENTED_EDGE('',*,*,#10624,.T.);
#10626=ORIENTED_EDGE('',*,*,#10607,.T.);
#10627=EDGE_LOOP('',(#10621,#10623,#10625,#10626));
#10628=FACE_OUTER_BOUND('',#10627,.F.);
#10629=ADVANCED_FACE('',(#10628),#10620,.T.);
#10630=CARTESIAN_POINT('',(-3.2E0,-5.95E0,-3.025E1));
#10631=DIRECTION('',(1.E0,0.E0,0.E0));
#10632=DIRECTION('',(0.E0,0.E0,1.E0));
#10633=AXIS2_PLACEMENT_3D('',#10630,#10631,#10632);
#10634=PLANE('',#10633);
#10636=ORIENTED_EDGE('',*,*,#10635,.F.);
#10638=ORIENTED_EDGE('',*,*,#10637,.T.);
#10639=ORIENTED_EDGE('',*,*,#10622,.T.);
#10640=ORIENTED_EDGE('',*,*,#10060,.F.);
#10641=EDGE_LOOP('',(#10636,#10638,#10639,#10640));
#10642=FACE_OUTER_BOUND('',#10641,.F.);
#10643=ADVANCED_FACE('',(#10642),#10634,.F.);
#10644=CARTESIAN_POINT('',(-2.95E0,-5.0482E0,-3.175E1));
#10645=DIRECTION('',(0.E0,-1.E0,0.E0));
#10646=DIRECTION('',(-1.E0,0.E0,0.E0));
#10647=AXIS2_PLACEMENT_3D('',#10644,#10645,#10646);
#10648=CYLINDRICAL_SURFACE('',#10647,2.5E-1);
#10649=ORIENTED_EDGE('',*,*,#10058,.T.);
#10651=ORIENTED_EDGE('',*,*,#10650,.F.);
#10653=ORIENTED_EDGE('',*,*,#10652,.T.);
#10654=ORIENTED_EDGE('',*,*,#10635,.T.);
#10655=EDGE_LOOP('',(#10649,#10651,#10653,#10654));
#10656=FACE_OUTER_BOUND('',#10655,.F.);
#10657=ADVANCED_FACE('',(#10656),#10648,.T.);
#10658=CARTESIAN_POINT('',(-1.95E0,-5.95E0,-3.2E1));
#10659=DIRECTION('',(0.E0,0.E0,1.E0));
#10660=DIRECTION('',(-1.E0,0.E0,0.E0));
#10661=AXIS2_PLACEMENT_3D('',#10658,#10659,#10660);
#10662=PLANE('',#10661);
#10663=ORIENTED_EDGE('',*,*,#10650,.T.);
#10664=ORIENTED_EDGE('',*,*,#10056,.F.);
#10666=ORIENTED_EDGE('',*,*,#10665,.T.);
#10668=ORIENTED_EDGE('',*,*,#10667,.T.);
#10669=EDGE_LOOP('',(#10663,#10664,#10666,#10668));
#10670=FACE_OUTER_BOUND('',#10669,.F.);
#10671=ADVANCED_FACE('',(#10670),#10662,.F.);
#10672=CARTESIAN_POINT('',(-7.E-1,-5.95E0,-3.2575E1));
#10673=DIRECTION('',(1.E0,0.E0,0.E0));
#10674=DIRECTION('',(0.E0,0.E0,1.E0));
#10675=AXIS2_PLACEMENT_3D('',#10672,#10673,#10674);
#10676=PLANE('',#10675);
#10678=ORIENTED_EDGE('',*,*,#10677,.F.);
#10680=ORIENTED_EDGE('',*,*,#10679,.T.);
#10681=ORIENTED_EDGE('',*,*,#10665,.F.);
#10682=ORIENTED_EDGE('',*,*,#10054,.F.);
#10683=EDGE_LOOP('',(#10678,#10680,#10681,#10682));
#10684=FACE_OUTER_BOUND('',#10683,.F.);
#10685=ADVANCED_FACE('',(#10684),#10676,.F.);
#10686=CARTESIAN_POINT('',(-4.5E-1,-5.0482E0,-3.29E1));
#10687=DIRECTION('',(0.E0,-1.E0,0.E0));
#10688=DIRECTION('',(-1.E0,0.E0,0.E0));
#10689=AXIS2_PLACEMENT_3D('',#10686,#10687,#10688);
#10690=CYLINDRICAL_SURFACE('',#10689,2.5E-1);
#10691=ORIENTED_EDGE('',*,*,#10052,.T.);
#10693=ORIENTED_EDGE('',*,*,#10692,.F.);
#10695=ORIENTED_EDGE('',*,*,#10694,.T.);
#10696=ORIENTED_EDGE('',*,*,#10677,.T.);
#10697=EDGE_LOOP('',(#10691,#10693,#10695,#10696));
#10698=FACE_OUTER_BOUND('',#10697,.F.);
#10699=ADVANCED_FACE('',(#10698),#10690,.T.);
#10700=CARTESIAN_POINT('',(0.E0,-5.95E0,-3.315E1));
#10701=DIRECTION('',(0.E0,0.E0,1.E0));
#10702=DIRECTION('',(-1.E0,0.E0,0.E0));
#10703=AXIS2_PLACEMENT_3D('',#10700,#10701,#10702);
#10704=PLANE('',#10703);
#10706=ORIENTED_EDGE('',*,*,#10705,.F.);
#10708=ORIENTED_EDGE('',*,*,#10707,.T.);
#10709=ORIENTED_EDGE('',*,*,#10692,.T.);
#10710=ORIENTED_EDGE('',*,*,#10050,.F.);
#10711=EDGE_LOOP('',(#10706,#10708,#10709,#10710));
#10712=FACE_OUTER_BOUND('',#10711,.F.);
#10713=ADVANCED_FACE('',(#10712),#10704,.F.);
#10714=CARTESIAN_POINT('',(4.5E-1,-5.0482E0,-3.29E1));
#10715=DIRECTION('',(0.E0,-1.E0,0.E0));
#10716=DIRECTION('',(0.E0,0.E0,-1.E0));
#10717=AXIS2_PLACEMENT_3D('',#10714,#10715,#10716);
#10718=CYLINDRICAL_SURFACE('',#10717,2.5E-1);
#10719=ORIENTED_EDGE('',*,*,#10048,.T.);
#10721=ORIENTED_EDGE('',*,*,#10720,.F.);
#10723=ORIENTED_EDGE('',*,*,#10722,.T.);
#10724=ORIENTED_EDGE('',*,*,#10705,.T.);
#10725=EDGE_LOOP('',(#10719,#10721,#10723,#10724));
#10726=FACE_OUTER_BOUND('',#10725,.F.);
#10727=ADVANCED_FACE('',(#10726),#10718,.T.);
#10728=CARTESIAN_POINT('',(7.E-1,-5.95E0,-3.2575E1));
#10729=DIRECTION('',(-1.E0,0.E0,0.E0));
#10730=DIRECTION('',(0.E0,0.E0,-1.E0));
#10731=AXIS2_PLACEMENT_3D('',#10728,#10729,#10730);
#10732=PLANE('',#10731);
#10733=ORIENTED_EDGE('',*,*,#10720,.T.);
#10734=ORIENTED_EDGE('',*,*,#10046,.F.);
#10736=ORIENTED_EDGE('',*,*,#10735,.T.);
#10738=ORIENTED_EDGE('',*,*,#10737,.T.);
#10739=EDGE_LOOP('',(#10733,#10734,#10736,#10738));
#10740=FACE_OUTER_BOUND('',#10739,.F.);
#10741=ADVANCED_FACE('',(#10740),#10732,.F.);
#10742=CARTESIAN_POINT('',(1.95E0,-5.95E0,-3.2E1));
#10743=DIRECTION('',(0.E0,0.E0,1.E0));
#10744=DIRECTION('',(-1.E0,0.E0,0.E0));
#10745=AXIS2_PLACEMENT_3D('',#10742,#10743,#10744);
#10746=PLANE('',#10745);
#10748=ORIENTED_EDGE('',*,*,#10747,.F.);
#10750=ORIENTED_EDGE('',*,*,#10749,.T.);
#10751=ORIENTED_EDGE('',*,*,#10735,.F.);
#10752=ORIENTED_EDGE('',*,*,#10044,.F.);
#10753=EDGE_LOOP('',(#10748,#10750,#10751,#10752));
#10754=FACE_OUTER_BOUND('',#10753,.F.);
#10755=ADVANCED_FACE('',(#10754),#10746,.F.);
#10756=CARTESIAN_POINT('',(2.95E0,-5.0482E0,-3.175E1));
#10757=DIRECTION('',(0.E0,-1.E0,0.E0));
#10758=DIRECTION('',(0.E0,0.E0,-1.E0));
#10759=AXIS2_PLACEMENT_3D('',#10756,#10757,#10758);
#10760=CYLINDRICAL_SURFACE('',#10759,2.5E-1);
#10761=ORIENTED_EDGE('',*,*,#10042,.T.);
#10763=ORIENTED_EDGE('',*,*,#10762,.F.);
#10765=ORIENTED_EDGE('',*,*,#10764,.T.);
#10766=ORIENTED_EDGE('',*,*,#10747,.T.);
#10767=EDGE_LOOP('',(#10761,#10763,#10765,#10766));
#10768=FACE_OUTER_BOUND('',#10767,.F.);
#10769=ADVANCED_FACE('',(#10768),#10760,.T.);
#10770=CARTESIAN_POINT('',(3.2E0,-5.95E0,-3.025E1));
#10771=DIRECTION('',(-1.E0,0.E0,0.E0));
#10772=DIRECTION('',(0.E0,0.E0,-1.E0));
#10773=AXIS2_PLACEMENT_3D('',#10770,#10771,#10772);
#10774=PLANE('',#10773);
#10775=ORIENTED_EDGE('',*,*,#10177,.F.);
#10777=ORIENTED_EDGE('',*,*,#10776,.T.);
#10778=ORIENTED_EDGE('',*,*,#10762,.T.);
#10779=ORIENTED_EDGE('',*,*,#10040,.F.);
#10780=EDGE_LOOP('',(#10775,#10777,#10778,#10779));
#10781=FACE_OUTER_BOUND('',#10780,.F.);
#10782=ADVANCED_FACE('',(#10781),#10774,.F.);
#10783=CARTESIAN_POINT('',(0.E0,-5.7E0,0.E0));
#10784=DIRECTION('',(0.E0,1.E0,0.E0));
#10785=DIRECTION('',(0.E0,0.E0,1.E0));
#10786=AXIS2_PLACEMENT_3D('',#10783,#10784,#10785);
#10787=PLANE('',#10786);
#10788=ORIENTED_EDGE('',*,*,#10175,.F.);
#10789=ORIENTED_EDGE('',*,*,#10191,.F.);
#10790=ORIENTED_EDGE('',*,*,#10204,.F.);
#10791=ORIENTED_EDGE('',*,*,#10217,.F.);
#10792=ORIENTED_EDGE('',*,*,#10232,.F.);
#10793=ORIENTED_EDGE('',*,*,#10247,.F.);
#10794=ORIENTED_EDGE('',*,*,#10260,.F.);
#10795=ORIENTED_EDGE('',*,*,#10275,.F.);
#10796=ORIENTED_EDGE('',*,*,#10288,.F.);
#10797=ORIENTED_EDGE('',*,*,#10301,.F.);
#10798=ORIENTED_EDGE('',*,*,#10316,.F.);
#10799=ORIENTED_EDGE('',*,*,#10331,.F.);
#10800=ORIENTED_EDGE('',*,*,#10344,.F.);
#10801=ORIENTED_EDGE('',*,*,#10359,.F.);
#10802=ORIENTED_EDGE('',*,*,#10371,.F.);
#10803=ORIENTED_EDGE('',*,*,#10386,.F.);
#10804=ORIENTED_EDGE('',*,*,#10401,.F.);
#10805=ORIENTED_EDGE('',*,*,#10414,.F.);
#10806=ORIENTED_EDGE('',*,*,#10429,.F.);
#10807=ORIENTED_EDGE('',*,*,#10441,.F.);
#10808=ORIENTED_EDGE('',*,*,#10456,.F.);
#10809=ORIENTED_EDGE('',*,*,#10469,.F.);
#10810=ORIENTED_EDGE('',*,*,#10484,.F.);
#10811=ORIENTED_EDGE('',*,*,#10499,.F.);
#10812=ORIENTED_EDGE('',*,*,#10512,.F.);
#10813=ORIENTED_EDGE('',*,*,#10525,.F.);
#10814=ORIENTED_EDGE('',*,*,#10540,.F.);
#10815=ORIENTED_EDGE('',*,*,#10553,.F.);
#10816=ORIENTED_EDGE('',*,*,#10568,.F.);
#10817=ORIENTED_EDGE('',*,*,#10583,.F.);
#10818=ORIENTED_EDGE('',*,*,#10596,.F.);
#10819=ORIENTED_EDGE('',*,*,#10609,.F.);
#10820=ORIENTED_EDGE('',*,*,#10624,.F.);
#10821=ORIENTED_EDGE('',*,*,#10637,.F.);
#10822=ORIENTED_EDGE('',*,*,#10652,.F.);
#10823=ORIENTED_EDGE('',*,*,#10667,.F.);
#10824=ORIENTED_EDGE('',*,*,#10679,.F.);
#10825=ORIENTED_EDGE('',*,*,#10694,.F.);
#10826=ORIENTED_EDGE('',*,*,#10707,.F.);
#10827=ORIENTED_EDGE('',*,*,#10722,.F.);
#10828=ORIENTED_EDGE('',*,*,#10737,.F.);
#10829=ORIENTED_EDGE('',*,*,#10749,.F.);
#10830=ORIENTED_EDGE('',*,*,#10764,.F.);
#10831=ORIENTED_EDGE('',*,*,#10776,.F.);
#10832=EDGE_LOOP('',(#10788,#10789,#10790,#10791,#10792,#10793,#10794,#10795,
#10796,#10797,#10798,#10799,#10800,#10801,#10802,#10803,#10804,#10805,#10806,
#10807,#10808,#10809,#10810,#10811,#10812,#10813,#10814,#10815,#10816,#10817,
#10818,#10819,#10820,#10821,#10822,#10823,#10824,#10825,#10826,#10827,#10828,
#10829,#10830,#10831));
#10833=FACE_OUTER_BOUND('',#10832,.F.);
#10835=ORIENTED_EDGE('',*,*,#10834,.T.);
#10837=ORIENTED_EDGE('',*,*,#10836,.T.);
#10839=ORIENTED_EDGE('',*,*,#10838,.T.);
#10841=ORIENTED_EDGE('',*,*,#10840,.T.);
#10842=EDGE_LOOP('',(#10835,#10837,#10839,#10841));
#10843=FACE_BOUND('',#10842,.F.);
#10845=ORIENTED_EDGE('',*,*,#10844,.F.);
#10847=ORIENTED_EDGE('',*,*,#10846,.T.);
#10849=ORIENTED_EDGE('',*,*,#10848,.T.);
#10851=ORIENTED_EDGE('',*,*,#10850,.T.);
#10853=ORIENTED_EDGE('',*,*,#10852,.F.);
#10855=ORIENTED_EDGE('',*,*,#10854,.T.);
#10856=EDGE_LOOP('',(#10845,#10847,#10849,#10851,#10853,#10855));
#10857=FACE_BOUND('',#10856,.F.);
#10859=ORIENTED_EDGE('',*,*,#10858,.F.);
#10861=ORIENTED_EDGE('',*,*,#10860,.T.);
#10863=ORIENTED_EDGE('',*,*,#10862,.F.);
#10865=ORIENTED_EDGE('',*,*,#10864,.T.);
#10867=ORIENTED_EDGE('',*,*,#10866,.F.);
#10869=ORIENTED_EDGE('',*,*,#10868,.T.);
#10870=EDGE_LOOP('',(#10859,#10861,#10863,#10865,#10867,#10869));
#10871=FACE_BOUND('',#10870,.F.);
#10872=ADVANCED_FACE('',(#10833,#10843,#10857,#10871),#10787,.T.);
#10873=CARTESIAN_POINT('',(0.E0,-5.95E0,-6.E0));
#10874=DIRECTION('',(0.E0,0.E0,1.E0));
#10875=DIRECTION('',(-1.E0,0.E0,0.E0));
#10876=AXIS2_PLACEMENT_3D('',#10873,#10874,#10875);
#10877=PLANE('',#10876);
#10878=ORIENTED_EDGE('',*,*,#10128,.T.);
#10880=ORIENTED_EDGE('',*,*,#10879,.T.);
#10881=ORIENTED_EDGE('',*,*,#10834,.F.);
#10883=ORIENTED_EDGE('',*,*,#10882,.F.);
#10884=EDGE_LOOP('',(#10878,#10880,#10881,#10883));
#10885=FACE_OUTER_BOUND('',#10884,.F.);
#10886=ADVANCED_FACE('',(#10885),#10877,.T.);
#10887=CARTESIAN_POINT('',(-1.25E0,-5.95E0,0.E0));
#10888=DIRECTION('',(1.E0,0.E0,0.E0));
#10889=DIRECTION('',(0.E0,0.E0,1.E0));
#10890=AXIS2_PLACEMENT_3D('',#10887,#10888,#10889);
#10891=PLANE('',#10890);
#10892=ORIENTED_EDGE('',*,*,#10134,.T.);
#10894=ORIENTED_EDGE('',*,*,#10893,.T.);
#10895=ORIENTED_EDGE('',*,*,#10836,.F.);
#10896=ORIENTED_EDGE('',*,*,#10879,.F.);
#10897=EDGE_LOOP('',(#10892,#10894,#10895,#10896));
#10898=FACE_OUTER_BOUND('',#10897,.F.);
#10899=ADVANCED_FACE('',(#10898),#10891,.T.);
#10900=CARTESIAN_POINT('',(0.E0,-5.95E0,6.E0));
#10901=DIRECTION('',(0.E0,0.E0,-1.E0));
#10902=DIRECTION('',(1.E0,0.E0,0.E0));
#10903=AXIS2_PLACEMENT_3D('',#10900,#10901,#10902);
#10904=PLANE('',#10903);
#10905=ORIENTED_EDGE('',*,*,#10132,.T.);
#10907=ORIENTED_EDGE('',*,*,#10906,.T.);
#10908=ORIENTED_EDGE('',*,*,#10838,.F.);
#10909=ORIENTED_EDGE('',*,*,#10893,.F.);
#10910=EDGE_LOOP('',(#10905,#10907,#10908,#10909));
#10911=FACE_OUTER_BOUND('',#10910,.F.);
#10912=ADVANCED_FACE('',(#10911),#10904,.T.);
#10913=CARTESIAN_POINT('',(1.25E0,-5.95E0,0.E0));
#10914=DIRECTION('',(-1.E0,0.E0,0.E0));
#10915=DIRECTION('',(0.E0,0.E0,-1.E0));
#10916=AXIS2_PLACEMENT_3D('',#10913,#10914,#10915);
#10917=PLANE('',#10916);
#10918=ORIENTED_EDGE('',*,*,#10130,.T.);
#10919=ORIENTED_EDGE('',*,*,#10882,.T.);
#10920=ORIENTED_EDGE('',*,*,#10840,.F.);
#10921=ORIENTED_EDGE('',*,*,#10906,.F.);
#10922=EDGE_LOOP('',(#10918,#10919,#10920,#10921));
#10923=FACE_OUTER_BOUND('',#10922,.F.);
#10924=ADVANCED_FACE('',(#10923),#10917,.T.);
#10925=CARTESIAN_POINT('',(1.2E0,-5.95E0,-2.07E1));
#10926=DIRECTION('',(-1.E0,0.E0,0.E0));
#10927=DIRECTION('',(0.E0,0.E0,-1.E0));
#10928=AXIS2_PLACEMENT_3D('',#10925,#10926,#10927);
#10929=PLANE('',#10928);
#10930=ORIENTED_EDGE('',*,*,#10152,.T.);
#10932=ORIENTED_EDGE('',*,*,#10931,.T.);
#10933=ORIENTED_EDGE('',*,*,#10844,.T.);
#10935=ORIENTED_EDGE('',*,*,#10934,.F.);
#10936=EDGE_LOOP('',(#10930,#10932,#10933,#10935));
#10937=FACE_OUTER_BOUND('',#10936,.F.);
#10938=ADVANCED_FACE('',(#10937),#10929,.T.);
#10939=CARTESIAN_POINT('',(9.5E-1,-5.95E0,-2.49E1));
#10940=DIRECTION('',(0.E0,0.E0,1.E0));
#10941=DIRECTION('',(-1.E0,0.E0,0.E0));
#10942=AXIS2_PLACEMENT_3D('',#10939,#10940,#10941);
#10943=PLANE('',#10942);
#10944=ORIENTED_EDGE('',*,*,#10162,.T.);
#10946=ORIENTED_EDGE('',*,*,#10945,.T.);
#10947=ORIENTED_EDGE('',*,*,#10846,.F.);
#10948=ORIENTED_EDGE('',*,*,#10931,.F.);
#10949=EDGE_LOOP('',(#10944,#10946,#10947,#10948));
#10950=FACE_OUTER_BOUND('',#10949,.F.);
#10951=ADVANCED_FACE('',(#10950),#10943,.T.);
#10952=CARTESIAN_POINT('',(7.E-1,-6.023223304703E0,-2.472322330470E1));
#10953=DIRECTION('',(1.E0,0.E0,0.E0));
#10954=DIRECTION('',(0.E0,0.E0,1.E0));
#10955=AXIS2_PLACEMENT_3D('',#10952,#10953,#10954);
#10956=PLANE('',#10955);
#10958=ORIENTED_EDGE('',*,*,#10957,.F.);
#10960=ORIENTED_EDGE('',*,*,#10959,.F.);
#10961=ORIENTED_EDGE('',*,*,#10945,.F.);
#10962=EDGE_LOOP('',(#10958,#10960,#10961));
#10963=FACE_OUTER_BOUND('',#10962,.F.);
#10964=ADVANCED_FACE('',(#10963),#10956,.T.);
#10965=CARTESIAN_POINT('',(7.E-1,-7.15E0,-2.465E1));
#10966=DIRECTION('',(1.E0,0.E0,0.E0));
#10967=DIRECTION('',(0.E0,1.E0,0.E0));
#10968=AXIS2_PLACEMENT_3D('',#10965,#10966,#10967);
#10969=PLANE('',#10968);
#10971=ORIENTED_EDGE('',*,*,#10970,.F.);
#10973=ORIENTED_EDGE('',*,*,#10972,.T.);
#10974=ORIENTED_EDGE('',*,*,#10957,.T.);
#10976=ORIENTED_EDGE('',*,*,#10975,.F.);
#10977=EDGE_LOOP('',(#10971,#10973,#10974,#10976));
#10978=FACE_OUTER_BOUND('',#10977,.F.);
#10979=ADVANCED_FACE('',(#10978),#10969,.T.);
#10980=CARTESIAN_POINT('',(7.E-1,-7.972799011901E0,-2.470709035062E1));
#10981=DIRECTION('',(-1.E0,0.E0,0.E0));
#10982=DIRECTION('',(0.E0,-1.E0,0.E0));
#10983=AXIS2_PLACEMENT_3D('',#10980,#10981,#10982);
#10984=PLANE('',#10983);
#10986=ORIENTED_EDGE('',*,*,#10985,.F.);
#10987=ORIENTED_EDGE('',*,*,#10970,.T.);
#10989=ORIENTED_EDGE('',*,*,#10988,.T.);
#10991=ORIENTED_EDGE('',*,*,#10990,.F.);
#10992=EDGE_LOOP('',(#10986,#10987,#10989,#10991));
#10993=FACE_OUTER_BOUND('',#10992,.F.);
#10994=ADVANCED_FACE('',(#10993),#10984,.F.);
#10995=CARTESIAN_POINT('',(7.E-1,-7.685786437627E0,-2.54E1));
#10996=DIRECTION('',(-1.E0,0.E0,0.E0));
#10997=DIRECTION('',(0.E0,-1.E0,0.E0));
#10998=AXIS2_PLACEMENT_3D('',#10995,#10996,#10997);
#10999=CYLINDRICAL_SURFACE('',#10998,1.E0);
#11000=ORIENTED_EDGE('',*,*,#10985,.T.);
#11002=ORIENTED_EDGE('',*,*,#11001,.T.);
#11004=ORIENTED_EDGE('',*,*,#11003,.F.);
#11006=ORIENTED_EDGE('',*,*,#11005,.F.);
#11007=EDGE_LOOP('',(#11000,#11002,#11004,#11006));
#11008=FACE_OUTER_BOUND('',#11007,.F.);
#11009=ADVANCED_FACE('',(#11008),#10999,.T.);
#11010=CARTESIAN_POINT('',(7.E-1,-8.392893218813E0,-2.469289321881E1));
#11011=DIRECTION('',(0.E0,7.071067811865E-1,-7.071067811865E-1));
#11012=DIRECTION('',(0.E0,-7.071067811865E-1,-7.071067811865E-1));
#11013=AXIS2_PLACEMENT_3D('',#11010,#11011,#11012);
#11014=PLANE('',#11013);
#11016=ORIENTED_EDGE('',*,*,#11015,.F.);
#11018=ORIENTED_EDGE('',*,*,#11017,.F.);
#11019=ORIENTED_EDGE('',*,*,#11001,.F.);
#11021=ORIENTED_EDGE('',*,*,#11020,.T.);
#11022=EDGE_LOOP('',(#11016,#11018,#11019,#11021));
#11023=FACE_OUTER_BOUND('',#11022,.F.);
#11024=ADVANCED_FACE('',(#11023),#11014,.F.);
#11025=CARTESIAN_POINT('',(-7.E-1,-9.063736860864E0,-2.465663007968E1));
#11026=DIRECTION('',(1.E0,0.E0,0.E0));
#11027=DIRECTION('',(0.E0,-7.071067811865E-1,-7.071067811865E-1));
#11028=AXIS2_PLACEMENT_3D('',#11025,#11026,#11027);
#11029=CYLINDRICAL_SURFACE('',#11028,5.E-1);
#11031=ORIENTED_EDGE('',*,*,#11030,.F.);
#11032=ORIENTED_EDGE('',*,*,#11015,.T.);
#11034=ORIENTED_EDGE('',*,*,#11033,.T.);
#11036=ORIENTED_EDGE('',*,*,#11035,.F.);
#11037=EDGE_LOOP('',(#11031,#11032,#11034,#11036));
#11038=FACE_OUTER_BOUND('',#11037,.F.);
#11039=ADVANCED_FACE('',(#11038),#11029,.F.);
#11040=CARTESIAN_POINT('',(-7.E-1,-8.901407150410E0,-2.538885208502E1));
#11041=DIRECTION('',(1.E0,0.E0,0.E0));
#11042=DIRECTION('',(0.E0,-7.071067811865E-1,-7.071067811865E-1));
#11043=AXIS2_PLACEMENT_3D('',#11040,#11041,#11042);
#11044=PLANE('',#11043);
#11046=ORIENTED_EDGE('',*,*,#11045,.F.);
#11048=ORIENTED_EDGE('',*,*,#11047,.T.);
#11049=ORIENTED_EDGE('',*,*,#11030,.T.);
#11051=ORIENTED_EDGE('',*,*,#11050,.F.);
#11052=EDGE_LOOP('',(#11046,#11048,#11049,#11051));
#11053=FACE_OUTER_BOUND('',#11052,.F.);
#11054=ADVANCED_FACE('',(#11053),#11044,.F.);
#11055=CARTESIAN_POINT('',(-7.E-1,-9.063736860864E0,-2.465663007968E1));
#11056=DIRECTION('',(1.E0,0.E0,0.E0));
#11057=DIRECTION('',(0.E0,-7.071067811865E-1,-7.071067811865E-1));
#11058=AXIS2_PLACEMENT_3D('',#11055,#11056,#11057);
#11059=CYLINDRICAL_SURFACE('',#11058,1.E0);
#11060=ORIENTED_EDGE('',*,*,#11045,.T.);
#11062=ORIENTED_EDGE('',*,*,#11061,.T.);
#11064=ORIENTED_EDGE('',*,*,#11063,.F.);
#11066=ORIENTED_EDGE('',*,*,#11065,.F.);
#11067=EDGE_LOOP('',(#11060,#11062,#11064,#11066));
#11068=FACE_OUTER_BOUND('',#11067,.F.);
#11069=ADVANCED_FACE('',(#11068),#11059,.T.);
#11070=CARTESIAN_POINT('',(-7.E-1,-9.405757004189E0,-2.559632270046E1));
#11071=DIRECTION('',(0.E0,3.420201433257E-1,9.396926207859E-1));
#11072=DIRECTION('',(0.E0,-9.396926207859E-1,3.420201433257E-1));
#11073=AXIS2_PLACEMENT_3D('',#11070,#11071,#11072);
#11074=PLANE('',#11073);
#11076=ORIENTED_EDGE('',*,*,#11075,.F.);
#11078=ORIENTED_EDGE('',*,*,#11077,.F.);
#11079=ORIENTED_EDGE('',*,*,#11061,.F.);
#11081=ORIENTED_EDGE('',*,*,#11080,.T.);
#11083=ORIENTED_EDGE('',*,*,#11082,.F.);
#11085=ORIENTED_EDGE('',*,*,#11084,.T.);
#11086=EDGE_LOOP('',(#11076,#11078,#11079,#11081,#11083,#11085));
#11087=FACE_OUTER_BOUND('',#11086,.F.);
#11088=ADVANCED_FACE('',(#11087),#11074,.F.);
#11089=CARTESIAN_POINT('',(4.5E-1,1.535380981142E0,9.472478365993E0));
#11090=DIRECTION('',(0.E0,-3.420201433257E-1,-9.396926207859E-1));
#11091=DIRECTION('',(1.E0,0.E0,0.E0));
#11092=AXIS2_PLACEMENT_3D('',#11089,#11090,#11091);
#11093=CYLINDRICAL_SURFACE('',#11092,2.5E-1);
#11094=ORIENTED_EDGE('',*,*,#11075,.T.);
#11096=ORIENTED_EDGE('',*,*,#11095,.F.);
#11098=ORIENTED_EDGE('',*,*,#11097,.T.);
#11100=ORIENTED_EDGE('',*,*,#11099,.T.);
#11101=EDGE_LOOP('',(#11094,#11096,#11098,#11100));
#11102=FACE_OUTER_BOUND('',#11101,.F.);
#11103=ADVANCED_FACE('',(#11102),#11093,.T.);
#11104=CARTESIAN_POINT('',(0.E0,-1.116480255940E1,-2.469003803453E1));
#11105=DIRECTION('',(0.E0,9.396926207859E-1,-3.420201433257E-1));
#11106=DIRECTION('',(1.E0,0.E0,0.E0));
#11107=AXIS2_PLACEMENT_3D('',#11104,#11105,#11106);
#11108=PLANE('',#11107);
#11109=ORIENTED_EDGE('',*,*,#11095,.T.);
#11110=ORIENTED_EDGE('',*,*,#11084,.F.);
#11112=ORIENTED_EDGE('',*,*,#11111,.F.);
#11114=ORIENTED_EDGE('',*,*,#11113,.T.);
#11115=EDGE_LOOP('',(#11109,#11110,#11112,#11114));
#11116=FACE_OUTER_BOUND('',#11115,.F.);
#11117=ADVANCED_FACE('',(#11116),#11108,.F.);
#11118=CARTESIAN_POINT('',(-4.5E-1,1.535380981142E0,9.472478365993E0));
#11119=DIRECTION('',(0.E0,-3.420201433257E-1,-9.396926207859E-1));
#11120=DIRECTION('',(0.E0,-9.396926207859E-1,3.420201433257E-1));
#11121=AXIS2_PLACEMENT_3D('',#11118,#11119,#11120);
#11122=CYLINDRICAL_SURFACE('',#11121,2.5E-1);
#11123=ORIENTED_EDGE('',*,*,#11082,.T.);
#11125=ORIENTED_EDGE('',*,*,#11124,.F.);
#11127=ORIENTED_EDGE('',*,*,#11126,.T.);
#11128=ORIENTED_EDGE('',*,*,#11111,.T.);
#11129=EDGE_LOOP('',(#11123,#11125,#11127,#11128));
#11130=FACE_OUTER_BOUND('',#11129,.F.);
#11131=ADVANCED_FACE('',(#11130),#11122,.T.);
#11132=CARTESIAN_POINT('',(-7.E-1,-1.024252726388E1,-2.502571878990E1));
#11133=DIRECTION('',(1.E0,0.E0,0.E0));
#11134=DIRECTION('',(0.E0,-9.396926207859E-1,3.420201433257E-1));
#11135=AXIS2_PLACEMENT_3D('',#11132,#11133,#11134);
#11136=PLANE('',#11135);
#11137=ORIENTED_EDGE('',*,*,#11124,.T.);
#11138=ORIENTED_EDGE('',*,*,#11080,.F.);
#11139=ORIENTED_EDGE('',*,*,#11050,.T.);
#11141=ORIENTED_EDGE('',*,*,#11140,.T.);
#11142=EDGE_LOOP('',(#11137,#11138,#11139,#11141));
#11143=FACE_OUTER_BOUND('',#11142,.F.);
#11144=ADVANCED_FACE('',(#11143),#11136,.F.);
#11145=CARTESIAN_POINT('',(-7.E-1,-9.234746932527E0,-2.512647639007E1));
#11146=DIRECTION('',(0.E0,3.420201433257E-1,9.396926207859E-1));
#11147=DIRECTION('',(0.E0,-9.396926207859E-1,3.420201433257E-1));
#11148=AXIS2_PLACEMENT_3D('',#11145,#11146,#11147);
#11149=PLANE('',#11148);
#11150=ORIENTED_EDGE('',*,*,#11097,.F.);
#11151=ORIENTED_EDGE('',*,*,#11113,.F.);
#11152=ORIENTED_EDGE('',*,*,#11126,.F.);
#11153=ORIENTED_EDGE('',*,*,#11140,.F.);
#11154=ORIENTED_EDGE('',*,*,#11035,.T.);
#11156=ORIENTED_EDGE('',*,*,#11155,.T.);
#11157=EDGE_LOOP('',(#11150,#11151,#11152,#11153,#11154,#11156));
#11158=FACE_OUTER_BOUND('',#11157,.F.);
#11159=ADVANCED_FACE('',(#11158),#11149,.T.);
#11160=CARTESIAN_POINT('',(7.E-1,-1.024252726388E1,-2.502571878990E1));
#11161=DIRECTION('',(1.E0,0.E0,0.E0));
#11162=DIRECTION('',(0.E0,-9.396926207859E-1,3.420201433257E-1));
#11163=AXIS2_PLACEMENT_3D('',#11160,#11161,#11162);
#11164=PLANE('',#11163);
#11165=ORIENTED_EDGE('',*,*,#11099,.F.);
#11166=ORIENTED_EDGE('',*,*,#11155,.F.);
#11168=ORIENTED_EDGE('',*,*,#11167,.F.);
#11169=ORIENTED_EDGE('',*,*,#11077,.T.);
#11170=EDGE_LOOP('',(#11165,#11166,#11168,#11169));
#11171=FACE_OUTER_BOUND('',#11170,.F.);
#11172=ADVANCED_FACE('',(#11171),#11164,.T.);
#11173=CARTESIAN_POINT('',(7.E-1,-8.901407150410E0,-2.538885208502E1));
#11174=DIRECTION('',(1.E0,0.E0,0.E0));
#11175=DIRECTION('',(0.E0,-7.071067811865E-1,-7.071067811865E-1));
#11176=AXIS2_PLACEMENT_3D('',#11173,#11174,#11175);
#11177=PLANE('',#11176);
#11178=ORIENTED_EDGE('',*,*,#11063,.T.);
#11179=ORIENTED_EDGE('',*,*,#11167,.T.);
#11180=ORIENTED_EDGE('',*,*,#11033,.F.);
#11182=ORIENTED_EDGE('',*,*,#11181,.F.);
#11183=EDGE_LOOP('',(#11178,#11179,#11180,#11182));
#11184=FACE_OUTER_BOUND('',#11183,.F.);
#11185=ADVANCED_FACE('',(#11184),#11177,.T.);
#11186=CARTESIAN_POINT('',(7.E-1,-8.6E0,-2.525355339059E1));
#11187=DIRECTION('',(-1.E0,0.E0,0.E0));
#11188=DIRECTION('',(0.E0,-7.071067811865E-1,-7.071067811865E-1));
#11189=AXIS2_PLACEMENT_3D('',#11186,#11187,#11188);
#11190=PLANE('',#11189);
#11191=ORIENTED_EDGE('',*,*,#11181,.T.);
#11192=ORIENTED_EDGE('',*,*,#11020,.F.);
#11193=ORIENTED_EDGE('',*,*,#10990,.T.);
#11195=ORIENTED_EDGE('',*,*,#11194,.T.);
#11196=EDGE_LOOP('',(#11191,#11192,#11193,#11195));
#11197=FACE_OUTER_BOUND('',#11196,.F.);
#11198=ADVANCED_FACE('',(#11197),#11190,.F.);
#11199=CARTESIAN_POINT('',(7.E-1,-8.039339828220E0,-2.504644660941E1));
#11200=DIRECTION('',(0.E0,7.071067811865E-1,-7.071067811865E-1));
#11201=DIRECTION('',(0.E0,-7.071067811865E-1,-7.071067811865E-1));
#11202=AXIS2_PLACEMENT_3D('',#11199,#11200,#11201);
#11203=PLANE('',#11202);
#11204=ORIENTED_EDGE('',*,*,#11065,.T.);
#11205=ORIENTED_EDGE('',*,*,#11194,.F.);
#11207=ORIENTED_EDGE('',*,*,#11206,.T.);
#11209=ORIENTED_EDGE('',*,*,#11208,.T.);
#11210=EDGE_LOOP('',(#11204,#11205,#11207,#11209));
#11211=FACE_OUTER_BOUND('',#11210,.F.);
#11212=ADVANCED_FACE('',(#11211),#11203,.T.);
#11213=CARTESIAN_POINT('',(7.E-1,-7.685786437627E0,-2.54E1));
#11214=DIRECTION('',(-1.E0,0.E0,0.E0));
#11215=DIRECTION('',(0.E0,-1.E0,0.E0));
#11216=AXIS2_PLACEMENT_3D('',#11213,#11214,#11215);
#11217=CYLINDRICAL_SURFACE('',#11216,5.E-1);
#11218=ORIENTED_EDGE('',*,*,#10988,.F.);
#11220=ORIENTED_EDGE('',*,*,#11219,.T.);
#11222=ORIENTED_EDGE('',*,*,#11221,.T.);
#11223=ORIENTED_EDGE('',*,*,#11206,.F.);
#11224=EDGE_LOOP('',(#11218,#11220,#11222,#11223));
#11225=FACE_OUTER_BOUND('',#11224,.F.);
#11226=ADVANCED_FACE('',(#11225),#11217,.F.);
#11227=CARTESIAN_POINT('',(-1.2E0,-5.7E0,-2.49E1));
#11228=DIRECTION('',(0.E0,0.E0,1.E0));
#11229=DIRECTION('',(-1.E0,0.E0,0.E0));
#11230=AXIS2_PLACEMENT_3D('',#11227,#11228,#11229);
#11231=PLANE('',#11230);
#11232=ORIENTED_EDGE('',*,*,#10160,.T.);
#11234=ORIENTED_EDGE('',*,*,#11233,.T.);
#11235=ORIENTED_EDGE('',*,*,#11219,.F.);
#11236=ORIENTED_EDGE('',*,*,#10975,.T.);
#11237=EDGE_LOOP('',(#11232,#11234,#11235,#11236));
#11238=FACE_OUTER_BOUND('',#11237,.F.);
#11239=ADVANCED_FACE('',(#11238),#11231,.F.);
#11240=CARTESIAN_POINT('',(-7.E-1,-7.15E0,-2.465E1));
#11241=DIRECTION('',(-1.E0,0.E0,0.E0));
#11242=DIRECTION('',(0.E0,-1.E0,0.E0));
#11243=AXIS2_PLACEMENT_3D('',#11240,#11241,#11242);
#11244=PLANE('',#11243);
#11246=ORIENTED_EDGE('',*,*,#11245,.T.);
#11247=ORIENTED_EDGE('',*,*,#11233,.F.);
#11249=ORIENTED_EDGE('',*,*,#11248,.F.);
#11251=ORIENTED_EDGE('',*,*,#11250,.T.);
#11252=EDGE_LOOP('',(#11246,#11247,#11249,#11251));
#11253=FACE_OUTER_BOUND('',#11252,.F.);
#11254=ADVANCED_FACE('',(#11253),#11244,.T.);
#11255=CARTESIAN_POINT('',(-7.E-1,-7.972799011901E0,-2.470709035062E1));
#11256=DIRECTION('',(-1.E0,0.E0,0.E0));
#11257=DIRECTION('',(0.E0,-1.E0,0.E0));
#11258=AXIS2_PLACEMENT_3D('',#11255,#11256,#11257);
#11259=PLANE('',#11258);
#11260=ORIENTED_EDGE('',*,*,#11003,.T.);
#11262=ORIENTED_EDGE('',*,*,#11261,.T.);
#11263=ORIENTED_EDGE('',*,*,#11221,.F.);
#11264=ORIENTED_EDGE('',*,*,#11245,.F.);
#11265=EDGE_LOOP('',(#11260,#11262,#11263,#11264));
#11266=FACE_OUTER_BOUND('',#11265,.F.);
#11267=ADVANCED_FACE('',(#11266),#11259,.T.);
#11268=CARTESIAN_POINT('',(-7.E-1,-8.6E0,-2.525355339059E1));
#11269=DIRECTION('',(-1.E0,0.E0,0.E0));
#11270=DIRECTION('',(0.E0,-7.071067811865E-1,-7.071067811865E-1));
#11271=AXIS2_PLACEMENT_3D('',#11268,#11269,#11270);
#11272=PLANE('',#11271);
#11273=ORIENTED_EDGE('',*,*,#11047,.F.);
#11274=ORIENTED_EDGE('',*,*,#11208,.F.);
#11275=ORIENTED_EDGE('',*,*,#11261,.F.);
#11276=ORIENTED_EDGE('',*,*,#11017,.T.);
#11277=EDGE_LOOP('',(#11273,#11274,#11275,#11276));
#11278=FACE_OUTER_BOUND('',#11277,.F.);
#11279=ADVANCED_FACE('',(#11278),#11272,.T.);
#11280=CARTESIAN_POINT('',(-7.E-1,-6.023223304703E0,-2.472322330470E1));
#11281=DIRECTION('',(1.E0,0.E0,0.E0));
#11282=DIRECTION('',(0.E0,0.E0,1.E0));
#11283=AXIS2_PLACEMENT_3D('',#11280,#11281,#11282);
#11284=PLANE('',#11283);
#11286=ORIENTED_EDGE('',*,*,#11285,.T.);
#11288=ORIENTED_EDGE('',*,*,#11287,.T.);
#11289=ORIENTED_EDGE('',*,*,#11248,.T.);
#11290=EDGE_LOOP('',(#11286,#11288,#11289));
#11291=FACE_OUTER_BOUND('',#11290,.F.);
#11292=ADVANCED_FACE('',(#11291),#11284,.F.);
#11293=CARTESIAN_POINT('',(-9.5E-1,-5.95E0,-2.49E1));
#11294=DIRECTION('',(0.E0,0.E0,1.E0));
#11295=DIRECTION('',(-1.E0,0.E0,0.E0));
#11296=AXIS2_PLACEMENT_3D('',#11293,#11294,#11295);
#11297=PLANE('',#11296);
#11298=ORIENTED_EDGE('',*,*,#10158,.T.);
#11300=ORIENTED_EDGE('',*,*,#11299,.T.);
#11301=ORIENTED_EDGE('',*,*,#10850,.F.);
#11302=ORIENTED_EDGE('',*,*,#11285,.F.);
#11303=EDGE_LOOP('',(#11298,#11300,#11301,#11302));
#11304=FACE_OUTER_BOUND('',#11303,.F.);
#11305=ADVANCED_FACE('',(#11304),#11297,.T.);
#11306=CARTESIAN_POINT('',(-1.2E0,-5.95E0,-2.07E1));
#11307=DIRECTION('',(1.E0,0.E0,0.E0));
#11308=DIRECTION('',(0.E0,0.E0,1.E0));
#11309=AXIS2_PLACEMENT_3D('',#11306,#11307,#11308);
#11310=PLANE('',#11309);
#11311=ORIENTED_EDGE('',*,*,#10852,.T.);
#11312=ORIENTED_EDGE('',*,*,#11299,.F.);
#11313=ORIENTED_EDGE('',*,*,#10156,.T.);
#11315=ORIENTED_EDGE('',*,*,#11314,.T.);
#11316=EDGE_LOOP('',(#11311,#11312,#11313,#11315));
#11317=FACE_OUTER_BOUND('',#11316,.F.);
#11318=ADVANCED_FACE('',(#11317),#11310,.T.);
#11319=CARTESIAN_POINT('',(0.E0,-5.95E0,-1.7E1));
#11320=DIRECTION('',(0.E0,0.E0,-1.E0));
#11321=DIRECTION('',(1.E0,0.E0,0.E0));
#11322=AXIS2_PLACEMENT_3D('',#11319,#11320,#11321);
#11323=PLANE('',#11322);
#11324=ORIENTED_EDGE('',*,*,#10154,.T.);
#11325=ORIENTED_EDGE('',*,*,#10934,.T.);
#11326=ORIENTED_EDGE('',*,*,#10854,.F.);
#11327=ORIENTED_EDGE('',*,*,#11314,.F.);
#11328=EDGE_LOOP('',(#11324,#11325,#11326,#11327));
#11329=FACE_OUTER_BOUND('',#11328,.F.);
#11330=ADVANCED_FACE('',(#11329),#11323,.T.);
#11331=CARTESIAN_POINT('',(7.E-1,-6.2E0,-2.49E1));
#11332=DIRECTION('',(-1.E0,0.E0,0.E0));
#11333=DIRECTION('',(0.E0,0.E0,1.E0));
#11334=AXIS2_PLACEMENT_3D('',#11331,#11332,#11333);
#11335=CYLINDRICAL_SURFACE('',#11334,5.E-1);
#11336=ORIENTED_EDGE('',*,*,#10848,.F.);
#11337=ORIENTED_EDGE('',*,*,#10959,.T.);
#11339=ORIENTED_EDGE('',*,*,#11338,.T.);
#11340=ORIENTED_EDGE('',*,*,#11287,.F.);
#11341=EDGE_LOOP('',(#11336,#11337,#11339,#11340));
#11342=FACE_OUTER_BOUND('',#11341,.F.);
#11343=ADVANCED_FACE('',(#11342),#11335,.T.);
#11344=CARTESIAN_POINT('',(-1.2E0,-5.7E0,-2.44E1));
#11345=DIRECTION('',(0.E0,0.E0,1.E0));
#11346=DIRECTION('',(-1.E0,0.E0,0.E0));
#11347=AXIS2_PLACEMENT_3D('',#11344,#11345,#11346);
#11348=PLANE('',#11347);
#11349=ORIENTED_EDGE('',*,*,#11005,.T.);
#11350=ORIENTED_EDGE('',*,*,#11250,.F.);
#11351=ORIENTED_EDGE('',*,*,#11338,.F.);
#11352=ORIENTED_EDGE('',*,*,#10972,.F.);
#11353=EDGE_LOOP('',(#11349,#11350,#11351,#11352));
#11354=FACE_OUTER_BOUND('',#11353,.F.);
#11355=ADVANCED_FACE('',(#11354),#11348,.T.);
#11356=CARTESIAN_POINT('',(-1.2E0,-5.95E0,2.07E1));
#11357=DIRECTION('',(1.E0,0.E0,0.E0));
#11358=DIRECTION('',(0.E0,0.E0,1.E0));
#11359=AXIS2_PLACEMENT_3D('',#11356,#11357,#11358);
#11360=PLANE('',#11359);
#11361=ORIENTED_EDGE('',*,*,#10138,.T.);
#11363=ORIENTED_EDGE('',*,*,#11362,.T.);
#11364=ORIENTED_EDGE('',*,*,#10858,.T.);
#11366=ORIENTED_EDGE('',*,*,#11365,.F.);
#11367=EDGE_LOOP('',(#11361,#11363,#11364,#11366));
#11368=FACE_OUTER_BOUND('',#11367,.F.);
#11369=ADVANCED_FACE('',(#11368),#11360,.T.);
#11370=CARTESIAN_POINT('',(-9.5E-1,-5.95E0,2.49E1));
#11371=DIRECTION('',(0.E0,0.E0,-1.E0));
#11372=DIRECTION('',(1.E0,0.E0,0.E0));
#11373=AXIS2_PLACEMENT_3D('',#11370,#11371,#11372);
#11374=PLANE('',#11373);
#11375=ORIENTED_EDGE('',*,*,#10148,.T.);
#11377=ORIENTED_EDGE('',*,*,#11376,.T.);
#11378=ORIENTED_EDGE('',*,*,#10860,.F.);
#11379=ORIENTED_EDGE('',*,*,#11362,.F.);
#11380=EDGE_LOOP('',(#11375,#11377,#11378,#11379));
#11381=FACE_OUTER_BOUND('',#11380,.F.);
#11382=ADVANCED_FACE('',(#11381),#11374,.T.);
#11383=CARTESIAN_POINT('',(-7.E-1,-6.023223304703E0,2.472322330470E1));
#11384=DIRECTION('',(-1.E0,0.E0,0.E0));
#11385=DIRECTION('',(0.E0,0.E0,-1.E0));
#11386=AXIS2_PLACEMENT_3D('',#11383,#11384,#11385);
#11387=PLANE('',#11386);
#11389=ORIENTED_EDGE('',*,*,#11388,.F.);
#11391=ORIENTED_EDGE('',*,*,#11390,.F.);
#11392=ORIENTED_EDGE('',*,*,#11376,.F.);
#11393=EDGE_LOOP('',(#11389,#11391,#11392));
#11394=FACE_OUTER_BOUND('',#11393,.F.);
#11395=ADVANCED_FACE('',(#11394),#11387,.T.);
#11396=CARTESIAN_POINT('',(-7.E-1,-7.15E0,2.465E1));
#11397=DIRECTION('',(1.E0,0.E0,0.E0));
#11398=DIRECTION('',(0.E0,-1.E0,0.E0));
#11399=AXIS2_PLACEMENT_3D('',#11396,#11397,#11398);
#11400=PLANE('',#11399);
#11402=ORIENTED_EDGE('',*,*,#11401,.F.);
#11404=ORIENTED_EDGE('',*,*,#11403,.F.);
#11405=ORIENTED_EDGE('',*,*,#11388,.T.);
#11407=ORIENTED_EDGE('',*,*,#11406,.F.);
#11408=EDGE_LOOP('',(#11402,#11404,#11405,#11407));
#11409=FACE_OUTER_BOUND('',#11408,.F.);
#11410=ADVANCED_FACE('',(#11409),#11400,.F.);
#11411=CARTESIAN_POINT('',(-7.E-1,-7.972799011901E0,2.470709035062E1));
#11412=DIRECTION('',(1.E0,0.E0,0.E0));
#11413=DIRECTION('',(0.E0,-1.E0,0.E0));
#11414=AXIS2_PLACEMENT_3D('',#11411,#11412,#11413);
#11415=PLANE('',#11414);
#11417=ORIENTED_EDGE('',*,*,#11416,.F.);
#11418=ORIENTED_EDGE('',*,*,#11401,.T.);
#11420=ORIENTED_EDGE('',*,*,#11419,.T.);
#11422=ORIENTED_EDGE('',*,*,#11421,.F.);
#11423=EDGE_LOOP('',(#11417,#11418,#11420,#11422));
#11424=FACE_OUTER_BOUND('',#11423,.F.);
#11425=ADVANCED_FACE('',(#11424),#11415,.F.);
#11426=CARTESIAN_POINT('',(7.E-1,-7.685786437627E0,2.54E1));
#11427=DIRECTION('',(-1.E0,0.E0,0.E0));
#11428=DIRECTION('',(0.E0,1.E0,0.E0));
#11429=AXIS2_PLACEMENT_3D('',#11426,#11427,#11428);
#11430=CYLINDRICAL_SURFACE('',#11429,1.E0);
#11432=ORIENTED_EDGE('',*,*,#11431,.F.);
#11434=ORIENTED_EDGE('',*,*,#11433,.T.);
#11435=ORIENTED_EDGE('',*,*,#11416,.T.);
#11437=ORIENTED_EDGE('',*,*,#11436,.F.);
#11438=EDGE_LOOP('',(#11432,#11434,#11435,#11437));
#11439=FACE_OUTER_BOUND('',#11438,.F.);
#11440=ADVANCED_FACE('',(#11439),#11430,.T.);
#11441=CARTESIAN_POINT('',(7.E-1,-7.972799011901E0,2.470709035062E1));
#11442=DIRECTION('',(1.E0,0.E0,0.E0));
#11443=DIRECTION('',(0.E0,-1.E0,0.E0));
#11444=AXIS2_PLACEMENT_3D('',#11441,#11442,#11443);
#11445=PLANE('',#11444);
#11446=ORIENTED_EDGE('',*,*,#11431,.T.);
#11448=ORIENTED_EDGE('',*,*,#11447,.T.);
#11450=ORIENTED_EDGE('',*,*,#11449,.F.);
#11452=ORIENTED_EDGE('',*,*,#11451,.F.);
#11453=EDGE_LOOP('',(#11446,#11448,#11450,#11452));
#11454=FACE_OUTER_BOUND('',#11453,.F.);
#11455=ADVANCED_FACE('',(#11454),#11445,.T.);
#11456=CARTESIAN_POINT('',(7.E-1,-8.6E0,2.525355339059E1));
#11457=DIRECTION('',(1.E0,0.E0,0.E0));
#11458=DIRECTION('',(0.E0,-7.071067811865E-1,7.071067811865E-1));
#11459=AXIS2_PLACEMENT_3D('',#11456,#11457,#11458);
#11460=PLANE('',#11459);
#11462=ORIENTED_EDGE('',*,*,#11461,.F.);
#11464=ORIENTED_EDGE('',*,*,#11463,.F.);
#11465=ORIENTED_EDGE('',*,*,#11447,.F.);
#11467=ORIENTED_EDGE('',*,*,#11466,.T.);
#11468=EDGE_LOOP('',(#11462,#11464,#11465,#11467));
#11469=FACE_OUTER_BOUND('',#11468,.F.);
#11470=ADVANCED_FACE('',(#11469),#11460,.T.);
#11471=CARTESIAN_POINT('',(7.E-1,-8.901407150410E0,2.538885208502E1));
#11472=DIRECTION('',(-1.E0,0.E0,0.E0));
#11473=DIRECTION('',(0.E0,-7.071067811865E-1,7.071067811865E-1));
#11474=AXIS2_PLACEMENT_3D('',#11471,#11472,#11473);
#11475=PLANE('',#11474);
#11477=ORIENTED_EDGE('',*,*,#11476,.F.);
#11478=ORIENTED_EDGE('',*,*,#11461,.T.);
#11480=ORIENTED_EDGE('',*,*,#11479,.T.);
#11482=ORIENTED_EDGE('',*,*,#11481,.F.);
#11483=EDGE_LOOP('',(#11477,#11478,#11480,#11482));
#11484=FACE_OUTER_BOUND('',#11483,.F.);
#11485=ADVANCED_FACE('',(#11484),#11475,.F.);
#11486=CARTESIAN_POINT('',(-7.E-1,-9.063736860864E0,2.465663007968E1));
#11487=DIRECTION('',(1.E0,0.E0,0.E0));
#11488=DIRECTION('',(0.E0,7.071067811865E-1,-7.071067811865E-1));
#11489=AXIS2_PLACEMENT_3D('',#11486,#11487,#11488);
#11490=CYLINDRICAL_SURFACE('',#11489,1.E0);
#11492=ORIENTED_EDGE('',*,*,#11491,.F.);
#11494=ORIENTED_EDGE('',*,*,#11493,.T.);
#11495=ORIENTED_EDGE('',*,*,#11476,.T.);
#11497=ORIENTED_EDGE('',*,*,#11496,.F.);
#11498=EDGE_LOOP('',(#11492,#11494,#11495,#11497));
#11499=FACE_OUTER_BOUND('',#11498,.F.);
#11500=ADVANCED_FACE('',(#11499),#11490,.T.);
#11501=CARTESIAN_POINT('',(-7.E-1,-8.901407150410E0,2.538885208502E1));
#11502=DIRECTION('',(-1.E0,0.E0,0.E0));
#11503=DIRECTION('',(0.E0,-7.071067811865E-1,7.071067811865E-1));
#11504=AXIS2_PLACEMENT_3D('',#11501,#11502,#11503);
#11505=PLANE('',#11504);
#11506=ORIENTED_EDGE('',*,*,#11491,.T.);
#11508=ORIENTED_EDGE('',*,*,#11507,.T.);
#11510=ORIENTED_EDGE('',*,*,#11509,.F.);
#11512=ORIENTED_EDGE('',*,*,#11511,.F.);
#11513=EDGE_LOOP('',(#11506,#11508,#11510,#11512));
#11514=FACE_OUTER_BOUND('',#11513,.F.);
#11515=ADVANCED_FACE('',(#11514),#11505,.T.);
#11516=CARTESIAN_POINT('',(-7.E-1,-1.024252726388E1,2.502571878990E1));
#11517=DIRECTION('',(-1.E0,0.E0,0.E0));
#11518=DIRECTION('',(0.E0,-9.396926207859E-1,-3.420201433257E-1));
#11519=AXIS2_PLACEMENT_3D('',#11516,#11517,#11518);
#11520=PLANE('',#11519);
#11522=ORIENTED_EDGE('',*,*,#11521,.F.);
#11524=ORIENTED_EDGE('',*,*,#11523,.F.);
#11525=ORIENTED_EDGE('',*,*,#11507,.F.);
#11527=ORIENTED_EDGE('',*,*,#11526,.T.);
#11528=EDGE_LOOP('',(#11522,#11524,#11525,#11527));
#11529=FACE_OUTER_BOUND('',#11528,.F.);
#11530=ADVANCED_FACE('',(#11529),#11520,.T.);
#11531=CARTESIAN_POINT('',(-4.5E-1,1.535380981142E0,-9.472478365993E0));
#11532=DIRECTION('',(0.E0,-3.420201433257E-1,9.396926207859E-1));
#11533=DIRECTION('',(-1.E0,0.E0,0.E0));
#11534=AXIS2_PLACEMENT_3D('',#11531,#11532,#11533);
#11535=CYLINDRICAL_SURFACE('',#11534,2.5E-1);
#11537=ORIENTED_EDGE('',*,*,#11536,.T.);
#11539=ORIENTED_EDGE('',*,*,#11538,.F.);
#11541=ORIENTED_EDGE('',*,*,#11540,.T.);
#11542=ORIENTED_EDGE('',*,*,#11521,.T.);
#11543=EDGE_LOOP('',(#11537,#11539,#11541,#11542));
#11544=FACE_OUTER_BOUND('',#11543,.F.);
#11545=ADVANCED_FACE('',(#11544),#11535,.T.);
#11546=CARTESIAN_POINT('',(-7.E-1,-9.405757004189E0,2.559632270046E1));
#11547=DIRECTION('',(0.E0,-3.420201433257E-1,9.396926207859E-1));
#11548=DIRECTION('',(0.E0,-9.396926207859E-1,-3.420201433257E-1));
#11549=AXIS2_PLACEMENT_3D('',#11546,#11547,#11548);
#11550=PLANE('',#11549);
#11552=ORIENTED_EDGE('',*,*,#11551,.F.);
#11554=ORIENTED_EDGE('',*,*,#11553,.F.);
#11555=ORIENTED_EDGE('',*,*,#11536,.F.);
#11556=ORIENTED_EDGE('',*,*,#11526,.F.);
#11557=ORIENTED_EDGE('',*,*,#11496,.T.);
#11559=ORIENTED_EDGE('',*,*,#11558,.T.);
#11560=EDGE_LOOP('',(#11552,#11554,#11555,#11556,#11557,#11559));
#11561=FACE_OUTER_BOUND('',#11560,.F.);
#11562=ADVANCED_FACE('',(#11561),#11550,.T.);
#11563=CARTESIAN_POINT('',(4.5E-1,1.535380981142E0,-9.472478365993E0));
#11564=DIRECTION('',(0.E0,-3.420201433257E-1,9.396926207859E-1));
#11565=DIRECTION('',(0.E0,-9.396926207859E-1,-3.420201433257E-1));
#11566=AXIS2_PLACEMENT_3D('',#11563,#11564,#11565);
#11567=CYLINDRICAL_SURFACE('',#11566,2.5E-1);
#11568=ORIENTED_EDGE('',*,*,#11551,.T.);
#11570=ORIENTED_EDGE('',*,*,#11569,.F.);
#11572=ORIENTED_EDGE('',*,*,#11571,.T.);
#11574=ORIENTED_EDGE('',*,*,#11573,.T.);
#11575=EDGE_LOOP('',(#11568,#11570,#11572,#11574));
#11576=FACE_OUTER_BOUND('',#11575,.F.);
#11577=ADVANCED_FACE('',(#11576),#11567,.T.);
#11578=CARTESIAN_POINT('',(7.E-1,-1.024252726388E1,2.502571878990E1));
#11579=DIRECTION('',(-1.E0,0.E0,0.E0));
#11580=DIRECTION('',(0.E0,-9.396926207859E-1,-3.420201433257E-1));
#11581=AXIS2_PLACEMENT_3D('',#11578,#11579,#11580);
#11582=PLANE('',#11581);
#11583=ORIENTED_EDGE('',*,*,#11569,.T.);
#11584=ORIENTED_EDGE('',*,*,#11558,.F.);
#11585=ORIENTED_EDGE('',*,*,#11481,.T.);
#11587=ORIENTED_EDGE('',*,*,#11586,.T.);
#11588=EDGE_LOOP('',(#11583,#11584,#11585,#11587));
#11589=FACE_OUTER_BOUND('',#11588,.F.);
#11590=ADVANCED_FACE('',(#11589),#11582,.F.);
#11591=CARTESIAN_POINT('',(-7.E-1,-9.234746932527E0,2.512647639007E1));
#11592=DIRECTION('',(0.E0,-3.420201433257E-1,9.396926207859E-1));
#11593=DIRECTION('',(0.E0,-9.396926207859E-1,-3.420201433257E-1));
#11594=AXIS2_PLACEMENT_3D('',#11591,#11592,#11593);
#11595=PLANE('',#11594);
#11596=ORIENTED_EDGE('',*,*,#11571,.F.);
#11597=ORIENTED_EDGE('',*,*,#11586,.F.);
#11599=ORIENTED_EDGE('',*,*,#11598,.F.);
#11600=ORIENTED_EDGE('',*,*,#11523,.T.);
#11601=ORIENTED_EDGE('',*,*,#11540,.F.);
#11603=ORIENTED_EDGE('',*,*,#11602,.T.);
#11604=EDGE_LOOP('',(#11596,#11597,#11599,#11600,#11601,#11603));
#11605=FACE_OUTER_BOUND('',#11604,.F.);
#11606=ADVANCED_FACE('',(#11605),#11595,.F.);
#11607=CARTESIAN_POINT('',(-7.E-1,-9.063736860864E0,2.465663007968E1));
#11608=DIRECTION('',(1.E0,0.E0,0.E0));
#11609=DIRECTION('',(0.E0,7.071067811865E-1,-7.071067811865E-1));
#11610=AXIS2_PLACEMENT_3D('',#11607,#11608,#11609);
#11611=CYLINDRICAL_SURFACE('',#11610,5.E-1);
#11612=ORIENTED_EDGE('',*,*,#11509,.T.);
#11613=ORIENTED_EDGE('',*,*,#11598,.T.);
#11614=ORIENTED_EDGE('',*,*,#11479,.F.);
#11616=ORIENTED_EDGE('',*,*,#11615,.F.);
#11617=EDGE_LOOP('',(#11612,#11613,#11614,#11616));
#11618=FACE_OUTER_BOUND('',#11617,.F.);
#11619=ADVANCED_FACE('',(#11618),#11611,.F.);
#11620=CARTESIAN_POINT('',(7.E-1,-8.392893218813E0,2.469289321881E1));
#11621=DIRECTION('',(0.E0,-7.071067811865E-1,-7.071067811865E-1));
#11622=DIRECTION('',(0.E0,-7.071067811865E-1,7.071067811865E-1));
#11623=AXIS2_PLACEMENT_3D('',#11620,#11621,#11622);
#11624=PLANE('',#11623);
#11625=ORIENTED_EDGE('',*,*,#11615,.T.);
#11626=ORIENTED_EDGE('',*,*,#11466,.F.);
#11627=ORIENTED_EDGE('',*,*,#11436,.T.);
#11629=ORIENTED_EDGE('',*,*,#11628,.T.);
#11630=EDGE_LOOP('',(#11625,#11626,#11627,#11629));
#11631=FACE_OUTER_BOUND('',#11630,.F.);
#11632=ADVANCED_FACE('',(#11631),#11624,.T.);
#11633=CARTESIAN_POINT('',(-7.E-1,-8.6E0,2.525355339059E1));
#11634=DIRECTION('',(1.E0,0.E0,0.E0));
#11635=DIRECTION('',(0.E0,-7.071067811865E-1,7.071067811865E-1));
#11636=AXIS2_PLACEMENT_3D('',#11633,#11634,#11635);
#11637=PLANE('',#11636);
#11638=ORIENTED_EDGE('',*,*,#11511,.T.);
#11639=ORIENTED_EDGE('',*,*,#11628,.F.);
#11640=ORIENTED_EDGE('',*,*,#11421,.T.);
#11642=ORIENTED_EDGE('',*,*,#11641,.T.);
#11643=EDGE_LOOP('',(#11638,#11639,#11640,#11642));
#11644=FACE_OUTER_BOUND('',#11643,.F.);
#11645=ADVANCED_FACE('',(#11644),#11637,.F.);
#11646=CARTESIAN_POINT('',(7.E-1,-8.039339828220E0,2.504644660941E1));
#11647=DIRECTION('',(0.E0,-7.071067811865E-1,-7.071067811865E-1));
#11648=DIRECTION('',(0.E0,-7.071067811865E-1,7.071067811865E-1));
#11649=AXIS2_PLACEMENT_3D('',#11646,#11647,#11648);
#11650=PLANE('',#11649);
#11651=ORIENTED_EDGE('',*,*,#11493,.F.);
#11652=ORIENTED_EDGE('',*,*,#11641,.F.);
#11654=ORIENTED_EDGE('',*,*,#11653,.F.);
#11655=ORIENTED_EDGE('',*,*,#11463,.T.);
#11656=EDGE_LOOP('',(#11651,#11652,#11654,#11655));
#11657=FACE_OUTER_BOUND('',#11656,.F.);
#11658=ADVANCED_FACE('',(#11657),#11650,.F.);
#11659=CARTESIAN_POINT('',(7.E-1,-7.685786437627E0,2.54E1));
#11660=DIRECTION('',(-1.E0,0.E0,0.E0));
#11661=DIRECTION('',(0.E0,1.E0,0.E0));
#11662=AXIS2_PLACEMENT_3D('',#11659,#11660,#11661);
#11663=CYLINDRICAL_SURFACE('',#11662,5.E-1);
#11664=ORIENTED_EDGE('',*,*,#11449,.T.);
#11665=ORIENTED_EDGE('',*,*,#11653,.T.);
#11666=ORIENTED_EDGE('',*,*,#11419,.F.);
#11668=ORIENTED_EDGE('',*,*,#11667,.F.);
#11669=EDGE_LOOP('',(#11664,#11665,#11666,#11668));
#11670=FACE_OUTER_BOUND('',#11669,.F.);
#11671=ADVANCED_FACE('',(#11670),#11663,.F.);
#11672=CARTESIAN_POINT('',(-1.2E0,-5.7E0,2.49E1));
#11673=DIRECTION('',(0.E0,0.E0,1.E0));
#11674=DIRECTION('',(-1.E0,0.E0,0.E0));
#11675=AXIS2_PLACEMENT_3D('',#11672,#11673,#11674);
#11676=PLANE('',#11675);
#11677=ORIENTED_EDGE('',*,*,#10146,.F.);
#11679=ORIENTED_EDGE('',*,*,#11678,.T.);
#11680=ORIENTED_EDGE('',*,*,#11667,.T.);
#11681=ORIENTED_EDGE('',*,*,#11406,.T.);
#11682=EDGE_LOOP('',(#11677,#11679,#11680,#11681));
#11683=FACE_OUTER_BOUND('',#11682,.F.);
#11684=ADVANCED_FACE('',(#11683),#11676,.T.);
#11685=CARTESIAN_POINT('',(7.E-1,-7.15E0,2.465E1));
#11686=DIRECTION('',(-1.E0,0.E0,0.E0));
#11687=DIRECTION('',(0.E0,1.E0,0.E0));
#11688=AXIS2_PLACEMENT_3D('',#11685,#11686,#11687);
#11689=PLANE('',#11688);
#11690=ORIENTED_EDGE('',*,*,#11451,.T.);
#11691=ORIENTED_EDGE('',*,*,#11678,.F.);
#11693=ORIENTED_EDGE('',*,*,#11692,.F.);
#11695=ORIENTED_EDGE('',*,*,#11694,.F.);
#11696=EDGE_LOOP('',(#11690,#11691,#11693,#11695));
#11697=FACE_OUTER_BOUND('',#11696,.F.);
#11698=ADVANCED_FACE('',(#11697),#11689,.F.);
#11699=CARTESIAN_POINT('',(7.E-1,-6.023223304703E0,2.472322330470E1));
#11700=DIRECTION('',(-1.E0,0.E0,0.E0));
#11701=DIRECTION('',(0.E0,0.E0,-1.E0));
#11702=AXIS2_PLACEMENT_3D('',#11699,#11700,#11701);
#11703=PLANE('',#11702);
#11705=ORIENTED_EDGE('',*,*,#11704,.T.);
#11707=ORIENTED_EDGE('',*,*,#11706,.T.);
#11708=ORIENTED_EDGE('',*,*,#11692,.T.);
#11709=EDGE_LOOP('',(#11705,#11707,#11708));
#11710=FACE_OUTER_BOUND('',#11709,.F.);
#11711=ADVANCED_FACE('',(#11710),#11703,.F.);
#11712=CARTESIAN_POINT('',(9.5E-1,-5.95E0,2.49E1));
#11713=DIRECTION('',(0.E0,0.E0,-1.E0));
#11714=DIRECTION('',(1.E0,0.E0,0.E0));
#11715=AXIS2_PLACEMENT_3D('',#11712,#11713,#11714);
#11716=PLANE('',#11715);
#11717=ORIENTED_EDGE('',*,*,#10144,.T.);
#11719=ORIENTED_EDGE('',*,*,#11718,.T.);
#11720=ORIENTED_EDGE('',*,*,#10864,.F.);
#11721=ORIENTED_EDGE('',*,*,#11704,.F.);
#11722=EDGE_LOOP('',(#11717,#11719,#11720,#11721));
#11723=FACE_OUTER_BOUND('',#11722,.F.);
#11724=ADVANCED_FACE('',(#11723),#11716,.T.);
#11725=CARTESIAN_POINT('',(1.2E0,-5.95E0,2.07E1));
#11726=DIRECTION('',(-1.E0,0.E0,0.E0));
#11727=DIRECTION('',(0.E0,0.E0,-1.E0));
#11728=AXIS2_PLACEMENT_3D('',#11725,#11726,#11727);
#11729=PLANE('',#11728);
#11730=ORIENTED_EDGE('',*,*,#10866,.T.);
#11731=ORIENTED_EDGE('',*,*,#11718,.F.);
#11732=ORIENTED_EDGE('',*,*,#10142,.T.);
#11734=ORIENTED_EDGE('',*,*,#11733,.T.);
#11735=EDGE_LOOP('',(#11730,#11731,#11732,#11734));
#11736=FACE_OUTER_BOUND('',#11735,.F.);
#11737=ADVANCED_FACE('',(#11736),#11729,.T.);
#11738=CARTESIAN_POINT('',(0.E0,-5.95E0,1.7E1));
#11739=DIRECTION('',(0.E0,0.E0,1.E0));
#11740=DIRECTION('',(-1.E0,0.E0,0.E0));
#11741=AXIS2_PLACEMENT_3D('',#11738,#11739,#11740);
#11742=PLANE('',#11741);
#11743=ORIENTED_EDGE('',*,*,#10140,.T.);
#11744=ORIENTED_EDGE('',*,*,#11365,.T.);
#11745=ORIENTED_EDGE('',*,*,#10868,.F.);
#11746=ORIENTED_EDGE('',*,*,#11733,.F.);
#11747=EDGE_LOOP('',(#11743,#11744,#11745,#11746));
#11748=FACE_OUTER_BOUND('',#11747,.F.);
#11749=ADVANCED_FACE('',(#11748),#11742,.T.);
#11750=CARTESIAN_POINT('',(7.E-1,-6.2E0,2.49E1));
#11751=DIRECTION('',(1.E0,0.E0,0.E0));
#11752=DIRECTION('',(0.E0,0.E0,-1.E0));
#11753=AXIS2_PLACEMENT_3D('',#11750,#11751,#11752);
#11754=CYLINDRICAL_SURFACE('',#11753,5.E-1);
#11755=ORIENTED_EDGE('',*,*,#10862,.T.);
#11756=ORIENTED_EDGE('',*,*,#11390,.T.);
#11758=ORIENTED_EDGE('',*,*,#11757,.F.);
#11759=ORIENTED_EDGE('',*,*,#11706,.F.);
#11760=EDGE_LOOP('',(#11755,#11756,#11758,#11759));
#11761=FACE_OUTER_BOUND('',#11760,.F.);
#11762=ADVANCED_FACE('',(#11761),#11754,.T.);
#11763=CARTESIAN_POINT('',(-1.2E0,-5.7E0,2.44E1));
#11764=DIRECTION('',(0.E0,0.E0,1.E0));
#11765=DIRECTION('',(-1.E0,0.E0,0.E0));
#11766=AXIS2_PLACEMENT_3D('',#11763,#11764,#11765);
#11767=PLANE('',#11766);
#11768=ORIENTED_EDGE('',*,*,#11433,.F.);
#11769=ORIENTED_EDGE('',*,*,#11694,.T.);
#11770=ORIENTED_EDGE('',*,*,#11757,.T.);
#11771=ORIENTED_EDGE('',*,*,#11403,.T.);
#11772=EDGE_LOOP('',(#11768,#11769,#11770,#11771));
#11773=FACE_OUTER_BOUND('',#11772,.F.);
#11774=ADVANCED_FACE('',(#11773),#11767,.F.);
#11775=CARTESIAN_POINT('',(0.E0,-1.116480255940E1,2.469003803453E1));
#11776=DIRECTION('',(0.E0,-9.396926207859E-1,-3.420201433257E-1));
#11777=DIRECTION('',(1.E0,0.E0,0.E0));
#11778=AXIS2_PLACEMENT_3D('',#11775,#11776,#11777);
#11779=PLANE('',#11778);
#11780=ORIENTED_EDGE('',*,*,#11573,.F.);
#11781=ORIENTED_EDGE('',*,*,#11602,.F.);
#11782=ORIENTED_EDGE('',*,*,#11538,.T.);
#11783=ORIENTED_EDGE('',*,*,#11553,.T.);
#11784=EDGE_LOOP('',(#11780,#11781,#11782,#11783));
#11785=FACE_OUTER_BOUND('',#11784,.F.);
#11786=ADVANCED_FACE('',(#11785),#11779,.T.);
#11790=DIMENSIONAL_EXPONENTS(0.E0,0.E0,0.E0,0.E0,0.E0,0.E0,0.E0);
#11792=PLANE_ANGLE_MEASURE_WITH_UNIT(PLANE_ANGLE_MEASURE(1.745329251994E-2),
#11791);
#11793=(CONVERSION_BASED_UNIT('DEGREE',#11792)NAMED_UNIT(*)PLANE_ANGLE_UNIT());
#11795=UNCERTAINTY_MEASURE_WITH_UNIT(LENGTH_MEASURE(9.906E-3),#11789,'closure',
'Maximum model space distance between geometric entities at asserted connectivities');
#11796=(GEOMETRIC_REPRESENTATION_CONTEXT(3)GLOBAL_UNCERTAINTY_ASSIGNED_CONTEXT((
#11795))GLOBAL_UNIT_ASSIGNED_CONTEXT((#11789,#11793,#11794))REPRESENTATION_CONTEXT('ID2','3'));
#11797=CARTESIAN_POINT('',(0.E0,0.E0,0.E0));
#11798=DIRECTION('',(0.E0,0.E0,1.E0));
#11799=DIRECTION('',(1.E0,0.E0,0.E0));
#11802=MECHANICAL_CONTEXT('',#8479,'mechanical');
#11803=PRODUCT('SHIELD','SHIELD','NOT SPECIFIED',(#11802));
#11804=PRODUCT_DEFINITION_FORMATION_WITH_SPECIFIED_SOURCE('7','LAST_VERSION',
#11803,.MADE.);
#11810=CARTESIAN_POINT('',(0.E0,0.E0,0.E0));
#11811=DIRECTION('',(0.E0,0.E0,1.E0));
#11812=DIRECTION('',(1.E0,0.E0,0.E0));
#11813=AXIS2_PLACEMENT_3D('',#11810,#11811,#11812);
#11814=ITEM_DEFINED_TRANSFORMATION('','',#11800,#11813);
#11815=(REPRESENTATION_RELATIONSHIP('','',#11801,#8490)REPRESENTATION_RELATIONSHIP_WITH_TRANSFORMATION(#11814)SHAPE_REPRESENTATION_RELATIONSHIP());
#11816=CONTEXT_DEPENDENT_SHAPE_REPRESENTATION(#11815,#11809);
#11818=DIRECTION('',(1.E0,0.E0,0.E0));
#11819=VECTOR('',#11818,8.25E0);
#11820=CARTESIAN_POINT('',(-4.125E0,-2.5E0,-3.7E1));
#11821=LINE('',#11820,#11819);
#11822=DIRECTION('',(0.E0,0.E0,1.E0));
#11823=VECTOR('',#11822,7.4E1);
#11824=CARTESIAN_POINT('',(4.125E0,-2.5E0,-3.7E1));
#11825=LINE('',#11824,#11823);
#11826=DIRECTION('',(-1.E0,0.E0,0.E0));
#11827=VECTOR('',#11826,8.25E0);
#11828=CARTESIAN_POINT('',(4.125E0,-2.5E0,3.7E1));
#11829=LINE('',#11828,#11827);
#11830=DIRECTION('',(0.E0,0.E0,-1.E0));
#11831=VECTOR('',#11830,7.4E1);
#11832=CARTESIAN_POINT('',(-4.125E0,-2.5E0,3.7E1));
#11833=LINE('',#11832,#11831);
#11834=DIRECTION('',(1.E0,0.E0,0.E0));
#11835=VECTOR('',#11834,8.25E0);
#11836=CARTESIAN_POINT('',(-4.125E0,-3.E0,-3.7E1));
#11837=LINE('',#11836,#11835);
#11838=DIRECTION('',(0.E0,-1.E0,0.E0));
#11839=VECTOR('',#11838,5.E-1);
#11840=CARTESIAN_POINT('',(-4.125E0,-2.5E0,-3.7E1));
#11841=LINE('',#11840,#11839);
#11842=DIRECTION('',(0.E0,0.E0,-1.E0));
#11843=VECTOR('',#11842,5.E-1);
#11844=CARTESIAN_POINT('',(-4.125E0,-3.E0,-3.7E1));
#11845=LINE('',#11844,#11843);
#11846=DIRECTION('',(1.E0,0.E0,0.E0));
#11847=VECTOR('',#11846,8.25E0);
#11848=CARTESIAN_POINT('',(-4.125E0,-3.E0,-3.75E1));
#11849=LINE('',#11848,#11847);
#11850=DIRECTION('',(0.E0,0.E0,1.E0));
#11851=VECTOR('',#11850,5.E-1);
#11852=CARTESIAN_POINT('',(4.125E0,-3.E0,-3.75E1));
#11853=LINE('',#11852,#11851);
#11854=DIRECTION('',(0.E0,0.E0,1.E0));
#11855=VECTOR('',#11854,5.E-1);
#11856=CARTESIAN_POINT('',(4.125E0,-3.E0,3.7E1));
#11857=LINE('',#11856,#11855);
#11858=DIRECTION('',(-1.E0,0.E0,0.E0));
#11859=VECTOR('',#11858,8.25E0);
#11860=CARTESIAN_POINT('',(4.125E0,-3.E0,3.75E1));
#11861=LINE('',#11860,#11859);
#11862=DIRECTION('',(0.E0,0.E0,-1.E0));
#11863=VECTOR('',#11862,5.E-1);
#11864=CARTESIAN_POINT('',(-4.125E0,-3.E0,3.75E1));
#11865=LINE('',#11864,#11863);
#11866=DIRECTION('',(0.E0,0.E0,-1.E0));
#11867=VECTOR('',#11866,4.65E0);
#11868=CARTESIAN_POINT('',(-4.125E0,-5.7E0,2.325E0));
#11869=LINE('',#11868,#11867);
#11870=DIRECTION('',(0.E0,-1.E0,0.E0));
#11871=VECTOR('',#11870,2.2E0);
#11872=CARTESIAN_POINT('',(-4.125E0,-3.5E0,-2.325E0));
#11873=LINE('',#11872,#11871);
#11874=DIRECTION('',(0.E0,0.E0,-1.E0));
#11875=VECTOR('',#11874,1.1075E1);
#11876=CARTESIAN_POINT('',(-4.125E0,-3.5E0,-2.325E0));
#11877=LINE('',#11876,#11875);
#11878=DIRECTION('',(0.E0,1.E0,0.E0));
#11879=VECTOR('',#11878,2.2E0);
#11880=CARTESIAN_POINT('',(-4.125E0,-5.7E0,-1.34E1));
#11881=LINE('',#11880,#11879);
#11882=DIRECTION('',(0.E0,1.E0,0.E0));
#11883=VECTOR('',#11882,2.2E0);
#11884=CARTESIAN_POINT('',(-4.125E0,-5.7E0,-1.65E1));
#11885=LINE('',#11884,#11883);
#11886=DIRECTION('',(0.E0,0.E0,-1.E0));
#11887=VECTOR('',#11886,1.19E1);
#11888=CARTESIAN_POINT('',(-4.125E0,-3.5E0,-1.65E1));
#11889=LINE('',#11888,#11887);
#11890=DIRECTION('',(0.E0,1.E0,0.E0));
#11891=VECTOR('',#11890,2.2E0);
#11892=CARTESIAN_POINT('',(-4.125E0,-5.7E0,-2.84E1));
#11893=LINE('',#11892,#11891);
#11894=DIRECTION('',(0.E0,1.E0,0.E0));
#11895=VECTOR('',#11894,2.2E0);
#11896=CARTESIAN_POINT('',(-4.125E0,-5.7E0,-3.15E1));
#11897=LINE('',#11896,#11895);
#11898=DIRECTION('',(0.E0,0.E0,-1.E0));
#11899=VECTOR('',#11898,6.E0);
#11900=CARTESIAN_POINT('',(-4.125E0,-3.5E0,-3.15E1));
#11901=LINE('',#11900,#11899);
#11902=DIRECTION('',(0.E0,-1.E0,0.E0));
#11903=VECTOR('',#11902,5.E-1);
#11904=CARTESIAN_POINT('',(-4.125E0,-2.5E0,3.7E1));
#11905=LINE('',#11904,#11903);
#11906=DIRECTION('',(0.E0,-1.E0,0.E0));
#11907=VECTOR('',#11906,5.E-1);
#11908=CARTESIAN_POINT('',(-4.125E0,-3.E0,3.75E1));
#11909=LINE('',#11908,#11907);
#11910=DIRECTION('',(0.E0,0.E0,-1.E0));
#11911=VECTOR('',#11910,6.E0);
#11912=CARTESIAN_POINT('',(-4.125E0,-3.5E0,3.75E1));
#11913=LINE('',#11912,#11911);
#11914=DIRECTION('',(0.E0,1.E0,0.E0));
#11915=VECTOR('',#11914,2.2E0);
#11916=CARTESIAN_POINT('',(-4.125E0,-5.7E0,3.15E1));
#11917=LINE('',#11916,#11915);
#11918=DIRECTION('',(0.E0,1.E0,0.E0));
#11919=VECTOR('',#11918,2.2E0);
#11920=CARTESIAN_POINT('',(-4.125E0,-5.7E0,2.84E1));
#11921=LINE('',#11920,#11919);
#11922=DIRECTION('',(0.E0,0.E0,-1.E0));
#11923=VECTOR('',#11922,1.19E1);
#11924=CARTESIAN_POINT('',(-4.125E0,-3.5E0,2.84E1));
#11925=LINE('',#11924,#11923);
#11926=DIRECTION('',(0.E0,1.E0,0.E0));
#11927=VECTOR('',#11926,2.2E0);
#11928=CARTESIAN_POINT('',(-4.125E0,-5.7E0,1.65E1));
#11929=LINE('',#11928,#11927);
#11930=DIRECTION('',(0.E0,1.E0,0.E0));
#11931=VECTOR('',#11930,2.2E0);
#11932=CARTESIAN_POINT('',(-4.125E0,-5.7E0,1.345E1));
#11933=LINE('',#11932,#11931);
#11934=DIRECTION('',(0.E0,0.E0,-1.E0));
#11935=VECTOR('',#11934,1.1125E1);
#11936=CARTESIAN_POINT('',(-4.125E0,-3.5E0,1.345E1));
#11937=LINE('',#11936,#11935);
#11938=DIRECTION('',(0.E0,1.E0,0.E0));
#11939=VECTOR('',#11938,2.2E0);
#11940=CARTESIAN_POINT('',(-4.125E0,-5.7E0,2.325E0));
#11941=LINE('',#11940,#11939);
#11942=DIRECTION('',(1.E0,0.E0,0.E0));
#11943=VECTOR('',#11942,3.675E0);
#11944=CARTESIAN_POINT('',(-4.625E0,-5.7E0,3.2E1));
#11945=LINE('',#11944,#11943);
#11946=DIRECTION('',(0.E0,0.E0,1.E0));
#11947=VECTOR('',#11946,9.E-1);
#11948=CARTESIAN_POINT('',(-7.E-1,-5.7E0,3.225E1));
#11949=LINE('',#11948,#11947);
#11950=DIRECTION('',(1.E0,0.E0,0.E0));
#11951=VECTOR('',#11950,1.4E0);
#11952=CARTESIAN_POINT('',(-7.E-1,-5.7E0,3.315E1));
#11953=LINE('',#11952,#11951);
#11954=DIRECTION('',(0.E0,0.E0,-1.E0));
#11955=VECTOR('',#11954,9.E-1);
#11956=CARTESIAN_POINT('',(7.E-1,-5.7E0,3.315E1));
#11957=LINE('',#11956,#11955);
#11958=DIRECTION('',(-1.E0,0.E0,0.E0));
#11959=VECTOR('',#11958,3.675E0);
#11960=CARTESIAN_POINT('',(4.625E0,-5.7E0,3.2E1));
#11961=LINE('',#11960,#11959);
#11962=DIRECTION('',(0.E0,0.E0,1.E0));
#11963=VECTOR('',#11962,3.1E0);
#11964=CARTESIAN_POINT('',(4.125E0,-5.7E0,2.84E1));
#11965=LINE('',#11964,#11963);
#11966=DIRECTION('',(-1.E0,0.E0,0.E0));
#11967=VECTOR('',#11966,1.E0);
#11968=CARTESIAN_POINT('',(4.125E0,-5.7E0,2.84E1));
#11969=LINE('',#11968,#11967);
#11970=DIRECTION('',(0.E0,0.E0,-1.E0));
#11971=VECTOR('',#11970,1.19E1);
#11972=CARTESIAN_POINT('',(3.125E0,-5.7E0,2.84E1));
#11973=LINE('',#11972,#11971);
#11974=DIRECTION('',(1.E0,0.E0,0.E0));
#11975=VECTOR('',#11974,1.E0);
#11976=CARTESIAN_POINT('',(3.125E0,-5.7E0,1.65E1));
#11977=LINE('',#11976,#11975);
#11978=DIRECTION('',(0.E0,0.E0,1.E0));
#11979=VECTOR('',#11978,3.1E0);
#11980=CARTESIAN_POINT('',(4.125E0,-5.7E0,1.34E1));
#11981=LINE('',#11980,#11979);
#11982=DIRECTION('',(-1.E0,0.E0,0.E0));
#11983=VECTOR('',#11982,1.E0);
#11984=CARTESIAN_POINT('',(4.125E0,-5.7E0,1.34E1));
#11985=LINE('',#11984,#11983);
#11986=DIRECTION('',(0.E0,0.E0,-1.E0));
#11987=VECTOR('',#11986,1.19E1);
#11988=CARTESIAN_POINT('',(3.125E0,-5.7E0,1.34E1));
#11989=LINE('',#11988,#11987);
#11990=DIRECTION('',(1.E0,0.E0,0.E0));
#11991=VECTOR('',#11990,1.E0);
#11992=CARTESIAN_POINT('',(3.125E0,-5.7E0,1.5E0));
#11993=LINE('',#11992,#11991);
#11994=DIRECTION('',(0.E0,0.E0,-1.E0));
#11995=VECTOR('',#11994,3.05E0);
#11996=CARTESIAN_POINT('',(4.125E0,-5.7E0,1.5E0));
#11997=LINE('',#11996,#11995);
#11998=DIRECTION('',(1.E0,0.E0,0.E0));
#11999=VECTOR('',#11998,1.E0);
#12000=CARTESIAN_POINT('',(3.125E0,-5.7E0,-1.55E0));
#12001=LINE('',#12000,#11999);
#12002=DIRECTION('',(0.E0,0.E0,-1.E0));
#12003=VECTOR('',#12002,1.185E1);
#12004=CARTESIAN_POINT('',(3.125E0,-5.7E0,-1.55E0));
#12005=LINE('',#12004,#12003);
#12006=DIRECTION('',(1.E0,0.E0,0.E0));
#12007=VECTOR('',#12006,1.E0);
#12008=CARTESIAN_POINT('',(3.125E0,-5.7E0,-1.34E1));
#12009=LINE('',#12008,#12007);
#12010=DIRECTION('',(0.E0,0.E0,1.E0));
#12011=VECTOR('',#12010,3.1E0);
#12012=CARTESIAN_POINT('',(4.125E0,-5.7E0,-1.65E1));
#12013=LINE('',#12012,#12011);
#12014=DIRECTION('',(-1.E0,0.E0,0.E0));
#12015=VECTOR('',#12014,1.E0);
#12016=CARTESIAN_POINT('',(4.125E0,-5.7E0,-1.65E1));
#12017=LINE('',#12016,#12015);
#12018=DIRECTION('',(0.E0,0.E0,-1.E0));
#12019=VECTOR('',#12018,1.19E1);
#12020=CARTESIAN_POINT('',(3.125E0,-5.7E0,-1.65E1));
#12021=LINE('',#12020,#12019);
#12022=DIRECTION('',(1.E0,0.E0,0.E0));
#12023=VECTOR('',#12022,1.E0);
#12024=CARTESIAN_POINT('',(3.125E0,-5.7E0,-2.84E1));
#12025=LINE('',#12024,#12023);
#12026=DIRECTION('',(0.E0,0.E0,1.E0));
#12027=VECTOR('',#12026,3.1E0);
#12028=CARTESIAN_POINT('',(4.125E0,-5.7E0,-3.15E1));
#12029=LINE('',#12028,#12027);
#12030=DIRECTION('',(-1.E0,0.E0,0.E0));
#12031=VECTOR('',#12030,3.675E0);
#12032=CARTESIAN_POINT('',(4.625E0,-5.7E0,-3.2E1));
#12033=LINE('',#12032,#12031);
#12034=DIRECTION('',(0.E0,0.E0,1.E0));
#12035=VECTOR('',#12034,9.E-1);
#12036=CARTESIAN_POINT('',(7.E-1,-5.7E0,-3.315E1));
#12037=LINE('',#12036,#12035);
#12038=DIRECTION('',(1.E0,0.E0,0.E0));
#12039=VECTOR('',#12038,1.4E0);
#12040=CARTESIAN_POINT('',(-7.E-1,-5.7E0,-3.315E1));
#12041=LINE('',#12040,#12039);
#12042=DIRECTION('',(0.E0,0.E0,-1.E0));
#12043=VECTOR('',#12042,9.E-1);
#12044=CARTESIAN_POINT('',(-7.E-1,-5.7E0,-3.225E1));
#12045=LINE('',#12044,#12043);
#12046=DIRECTION('',(1.E0,0.E0,0.E0));
#12047=VECTOR('',#12046,3.675E0);
#12048=CARTESIAN_POINT('',(-4.625E0,-5.7E0,-3.2E1));
#12049=LINE('',#12048,#12047);
#12050=DIRECTION('',(0.E0,0.E0,-1.E0));
#12051=VECTOR('',#12050,3.1E0);
#12052=CARTESIAN_POINT('',(-4.125E0,-5.7E0,-2.84E1));
#12053=LINE('',#12052,#12051);
#12054=DIRECTION('',(1.E0,0.E0,0.E0));
#12055=VECTOR('',#12054,1.E0);
#12056=CARTESIAN_POINT('',(-4.125E0,-5.7E0,-2.84E1));
#12057=LINE('',#12056,#12055);
#12058=DIRECTION('',(0.E0,0.E0,1.E0));
#12059=VECTOR('',#12058,1.19E1);
#12060=CARTESIAN_POINT('',(-3.125E0,-5.7E0,-2.84E1));
#12061=LINE('',#12060,#12059);
#12062=DIRECTION('',(-1.E0,0.E0,0.E0));
#12063=VECTOR('',#12062,1.E0);
#12064=CARTESIAN_POINT('',(-3.125E0,-5.7E0,-1.65E1));
#12065=LINE('',#12064,#12063);
#12066=DIRECTION('',(0.E0,0.E0,-1.E0));
#12067=VECTOR('',#12066,3.1E0);
#12068=CARTESIAN_POINT('',(-4.125E0,-5.7E0,-1.34E1));
#12069=LINE('',#12068,#12067);
#12070=DIRECTION('',(1.E0,0.E0,0.E0));
#12071=VECTOR('',#12070,1.E0);
#12072=CARTESIAN_POINT('',(-4.125E0,-5.7E0,-1.34E1));
#12073=LINE('',#12072,#12071);
#12074=DIRECTION('',(0.E0,0.E0,1.E0));
#12075=VECTOR('',#12074,1.1075E1);
#12076=CARTESIAN_POINT('',(-3.125E0,-5.7E0,-1.34E1));
#12077=LINE('',#12076,#12075);
#12078=DIRECTION('',(1.E0,0.E0,0.E0));
#12079=VECTOR('',#12078,1.E0);
#12080=CARTESIAN_POINT('',(-4.125E0,-5.7E0,-2.325E0));
#12081=LINE('',#12080,#12079);
#12082=DIRECTION('',(-1.E0,0.E0,0.E0));
#12083=VECTOR('',#12082,1.E0);
#12084=CARTESIAN_POINT('',(-3.125E0,-5.7E0,2.325E0));
#12085=LINE('',#12084,#12083);
#12086=DIRECTION('',(0.E0,0.E0,1.E0));
#12087=VECTOR('',#12086,1.1075E1);
#12088=CARTESIAN_POINT('',(-3.125E0,-5.7E0,2.325E0));
#12089=LINE('',#12088,#12087);
#12090=DIRECTION('',(-1.E0,0.E0,0.E0));
#12091=VECTOR('',#12090,1.E0);
#12092=CARTESIAN_POINT('',(-3.125E0,-5.7E0,1.34E1));
#12093=LINE('',#12092,#12091);
#12094=DIRECTION('',(0.E0,-1.776356839399E-14,1.E0));
#12095=VECTOR('',#12094,5.000000000003E-2);
#12096=CARTESIAN_POINT('',(-4.125E0,-5.7E0,1.34E1));
#12097=LINE('',#12096,#12095);
#12098=DIRECTION('',(0.E0,0.E0,-1.E0));
#12099=VECTOR('',#12098,3.05E0);
#12100=CARTESIAN_POINT('',(-4.125E0,-5.7E0,1.65E1));
#12101=LINE('',#12100,#12099);
#12102=DIRECTION('',(1.E0,0.E0,0.E0));
#12103=VECTOR('',#12102,1.E0);
#12104=CARTESIAN_POINT('',(-4.125E0,-5.7E0,1.65E1));
#12105=LINE('',#12104,#12103);
#12106=DIRECTION('',(0.E0,0.E0,1.E0));
#12107=VECTOR('',#12106,1.19E1);
#12108=CARTESIAN_POINT('',(-3.125E0,-5.7E0,1.65E1));
#12109=LINE('',#12108,#12107);
#12110=DIRECTION('',(-1.E0,0.E0,0.E0));
#12111=VECTOR('',#12110,1.E0);
#12112=CARTESIAN_POINT('',(-3.125E0,-5.7E0,2.84E1));
#12113=LINE('',#12112,#12111);
#12114=DIRECTION('',(0.E0,0.E0,-1.E0));
#12115=VECTOR('',#12114,3.1E0);
#12116=CARTESIAN_POINT('',(-4.125E0,-5.7E0,3.15E1));
#12117=LINE('',#12116,#12115);
#12118=DIRECTION('',(1.E0,0.E0,0.E0));
#12119=VECTOR('',#12118,9.25E0);
#12120=CARTESIAN_POINT('',(-4.625E0,-5.7E0,-3.69E1));
#12121=LINE('',#12120,#12119);
#12122=DIRECTION('',(1.E0,0.E0,0.E0));
#12123=VECTOR('',#12122,2.925E0);
#12124=CARTESIAN_POINT('',(-4.625E0,-5.7E0,-3.3E1));
#12125=LINE('',#12124,#12123);
#12126=DIRECTION('',(0.E0,0.E0,1.E0));
#12127=VECTOR('',#12126,9.E-1);
#12128=CARTESIAN_POINT('',(-1.7E0,-5.7E0,-3.39E1));
#12129=LINE('',#12128,#12127);
#12130=DIRECTION('',(-1.E0,0.E0,0.E0));
#12131=VECTOR('',#12130,2.9E0);
#12132=CARTESIAN_POINT('',(1.45E0,-5.7E0,-3.415E1));
#12133=LINE('',#12132,#12131);
#12134=DIRECTION('',(0.E0,0.E0,-1.E0));
#12135=VECTOR('',#12134,9.E-1);
#12136=CARTESIAN_POINT('',(1.7E0,-5.7E0,-3.3E1));
#12137=LINE('',#12136,#12135);
#12138=DIRECTION('',(-1.E0,0.E0,0.E0));
#12139=VECTOR('',#12138,2.925E0);
#12140=CARTESIAN_POINT('',(4.625E0,-5.7E0,-3.3E1));
#12141=LINE('',#12140,#12139);
#12142=DIRECTION('',(1.E0,0.E0,0.E0));
#12143=VECTOR('',#12142,9.25E0);
#12144=CARTESIAN_POINT('',(-4.625E0,-5.7E0,3.69E1));
#12145=LINE('',#12144,#12143);
#12146=DIRECTION('',(-1.E0,0.E0,0.E0));
#12147=VECTOR('',#12146,2.925E0);
#12148=CARTESIAN_POINT('',(4.625E0,-5.7E0,3.3E1));
#12149=LINE('',#12148,#12147);
#12150=DIRECTION('',(0.E0,0.E0,1.E0));
#12151=VECTOR('',#12150,9.E-1);
#12152=CARTESIAN_POINT('',(1.7E0,-5.7E0,3.3E1));
#12153=LINE('',#12152,#12151);
#12154=DIRECTION('',(-1.E0,0.E0,0.E0));
#12155=VECTOR('',#12154,2.9E0);
#12156=CARTESIAN_POINT('',(1.45E0,-5.7E0,3.415E1));
#12157=LINE('',#12156,#12155);
#12158=DIRECTION('',(0.E0,0.E0,-1.E0));
#12159=VECTOR('',#12158,9.E-1);
#12160=CARTESIAN_POINT('',(-1.7E0,-5.7E0,3.39E1));
#12161=LINE('',#12160,#12159);
#12162=DIRECTION('',(1.E0,0.E0,0.E0));
#12163=VECTOR('',#12162,2.925E0);
#12164=CARTESIAN_POINT('',(-4.625E0,-5.7E0,3.3E1));
#12165=LINE('',#12164,#12163);
#12166=DIRECTION('',(0.E0,1.E0,0.E0));
#12167=VECTOR('',#12166,1.E0);
#12168=CARTESIAN_POINT('',(-9.5E-1,-6.7E0,3.2E1));
#12169=LINE('',#12168,#12167);
#12170=DIRECTION('',(0.E0,-1.E0,0.E0));
#12171=VECTOR('',#12170,1.E0);
#12172=CARTESIAN_POINT('',(-4.625E0,-5.7E0,3.2E1));
#12173=LINE('',#12172,#12171);
#12174=CARTESIAN_POINT('',(-9.5E-1,-5.7E0,3.225E1));
#12175=DIRECTION('',(0.E0,1.E0,0.E0));
#12176=DIRECTION('',(1.E0,0.E0,0.E0));
#12177=AXIS2_PLACEMENT_3D('',#12174,#12175,#12176);
#12179=CARTESIAN_POINT('',(-1.45E0,-6.7E0,3.39E1));
#12180=DIRECTION('',(0.E0,-1.E0,0.E0));
#12181=DIRECTION('',(0.E0,0.E0,1.E0));
#12182=AXIS2_PLACEMENT_3D('',#12179,#12180,#12181);
#12184=DIRECTION('',(-1.E0,0.E0,0.E0));
#12185=VECTOR('',#12184,2.9E0);
#12186=CARTESIAN_POINT('',(1.45E0,-6.7E0,3.415E1));
#12187=LINE('',#12186,#12185);
#12188=CARTESIAN_POINT('',(1.45E0,-6.7E0,3.39E1));
#12189=DIRECTION('',(0.E0,-1.E0,0.E0));
#12190=DIRECTION('',(1.E0,0.E0,2.842170943040E-14));
#12191=AXIS2_PLACEMENT_3D('',#12188,#12189,#12190);
#12193=DIRECTION('',(0.E0,0.E0,1.E0));
#12194=VECTOR('',#12193,9.E-1);
#12195=CARTESIAN_POINT('',(1.7E0,-6.7E0,3.3E1));
#12196=LINE('',#12195,#12194);
#12197=DIRECTION('',(-1.E0,0.E0,0.E0));
#12198=VECTOR('',#12197,2.925E0);
#12199=CARTESIAN_POINT('',(4.625E0,-6.7E0,3.3E1));
#12200=LINE('',#12199,#12198);
#12201=DIRECTION('',(0.E0,0.E0,1.E0));
#12202=VECTOR('',#12201,1.E0);
#12203=CARTESIAN_POINT('',(4.625E0,-6.7E0,3.2E1));
#12204=LINE('',#12203,#12202);
#12205=DIRECTION('',(1.E0,0.E0,0.E0));
#12206=VECTOR('',#12205,3.675E0);
#12207=CARTESIAN_POINT('',(9.5E-1,-6.7E0,3.2E1));
#12208=LINE('',#12207,#12206);
#12209=CARTESIAN_POINT('',(9.5E-1,-6.7E0,3.225E1));
#12210=DIRECTION('',(0.E0,-1.E0,0.E0));
#12211=DIRECTION('',(-1.E0,0.E0,0.E0));
#12212=AXIS2_PLACEMENT_3D('',#12209,#12210,#12211);
#12214=DIRECTION('',(0.E0,0.E0,-1.E0));
#12215=VECTOR('',#12214,9.E-1);
#12216=CARTESIAN_POINT('',(7.E-1,-6.7E0,3.315E1));
#12217=LINE('',#12216,#12215);
#12218=DIRECTION('',(1.E0,0.E0,0.E0));
#12219=VECTOR('',#12218,1.4E0);
#12220=CARTESIAN_POINT('',(-7.E-1,-6.7E0,3.315E1));
#12221=LINE('',#12220,#12219);
#12222=DIRECTION('',(0.E0,0.E0,1.E0));
#12223=VECTOR('',#12222,9.E-1);
#12224=CARTESIAN_POINT('',(-7.E-1,-6.7E0,3.225E1));
#12225=LINE('',#12224,#12223);
#12226=CARTESIAN_POINT('',(-9.5E-1,-6.7E0,3.225E1));
#12227=DIRECTION('',(0.E0,-1.E0,0.E0));
#12228=DIRECTION('',(0.E0,0.E0,-1.E0));
#12229=AXIS2_PLACEMENT_3D('',#12226,#12227,#12228);
#12231=DIRECTION('',(1.E0,0.E0,0.E0));
#12232=VECTOR('',#12231,3.675E0);
#12233=CARTESIAN_POINT('',(-4.625E0,-6.7E0,3.2E1));
#12234=LINE('',#12233,#12232);
#12235=DIRECTION('',(0.E0,0.E0,-1.E0));
#12236=VECTOR('',#12235,1.E0);
#12237=CARTESIAN_POINT('',(-4.625E0,-6.7E0,3.3E1));
#12238=LINE('',#12237,#12236);
#12239=DIRECTION('',(-1.E0,0.E0,0.E0));
#12240=VECTOR('',#12239,2.925E0);
#12241=CARTESIAN_POINT('',(-1.7E0,-6.7E0,3.3E1));
#12242=LINE('',#12241,#12240);
#12243=DIRECTION('',(0.E0,0.E0,-1.E0));
#12244=VECTOR('',#12243,9.E-1);
#12245=CARTESIAN_POINT('',(-1.7E0,-6.7E0,3.39E1));
#12246=LINE('',#12245,#12244);
#12247=CARTESIAN_POINT('',(-1.45E0,-5.7E0,3.39E1));
#12248=DIRECTION('',(0.E0,1.E0,0.E0));
#12249=DIRECTION('',(-1.E0,0.E0,0.E0));
#12250=AXIS2_PLACEMENT_3D('',#12247,#12248,#12249);
#12252=DIRECTION('',(0.E0,1.E0,0.E0));
#12253=VECTOR('',#12252,1.E0);
#12254=CARTESIAN_POINT('',(-1.45E0,-6.7E0,3.415E1));
#12255=LINE('',#12254,#12253);
#12256=DIRECTION('',(0.E0,1.E0,0.E0));
#12257=VECTOR('',#12256,1.E0);
#12258=CARTESIAN_POINT('',(1.45E0,-6.7E0,3.415E1));
#12259=LINE('',#12258,#12257);
#12260=CARTESIAN_POINT('',(1.45E0,-5.7E0,3.39E1));
#12261=DIRECTION('',(0.E0,1.E0,0.E0));
#12262=DIRECTION('',(0.E0,0.E0,1.E0));
#12263=AXIS2_PLACEMENT_3D('',#12260,#12261,#12262);
#12265=DIRECTION('',(0.E0,1.E0,0.E0));
#12266=VECTOR('',#12265,1.E0);
#12267=CARTESIAN_POINT('',(1.7E0,-6.7E0,3.39E1));
#12268=LINE('',#12267,#12266);
#12269=DIRECTION('',(0.E0,-1.E0,0.E0));
#12270=VECTOR('',#12269,1.E0);
#12271=CARTESIAN_POINT('',(1.7E0,-5.7E0,3.3E1));
#12272=LINE('',#12271,#12270);
#12273=DIRECTION('',(0.E0,-1.E0,0.E0));
#12274=VECTOR('',#12273,1.E0);
#12275=CARTESIAN_POINT('',(4.625E0,-5.7E0,3.3E1));
#12276=LINE('',#12275,#12274);
#12277=DIRECTION('',(0.E0,0.E0,-1.E0));
#12278=VECTOR('',#12277,6.E-1);
#12279=CARTESIAN_POINT('',(4.625E0,-4.6E0,3.75E1));
#12280=LINE('',#12279,#12278);
#12281=DIRECTION('',(0.E0,-1.E0,0.E0));
#12282=VECTOR('',#12281,2.2E0);
#12283=CARTESIAN_POINT('',(4.625E0,-3.5E0,3.15E1));
#12284=LINE('',#12283,#12282);
#12285=DIRECTION('',(0.E0,0.E0,1.E0));
#12286=VECTOR('',#12285,5.E-1);
#12287=CARTESIAN_POINT('',(4.625E0,-5.7E0,3.15E1));
#12288=LINE('',#12287,#12286);
#12289=DIRECTION('',(0.E0,-1.E0,0.E0));
#12290=VECTOR('',#12289,1.E0);
#12291=CARTESIAN_POINT('',(4.625E0,-5.7E0,3.2E1));
#12292=LINE('',#12291,#12290);
#12293=DIRECTION('',(0.E0,0.E0,1.E0));
#12294=VECTOR('',#12293,3.9E0);
#12295=CARTESIAN_POINT('',(4.625E0,-5.7E0,3.3E1));
#12296=LINE('',#12295,#12294);
#12297=DIRECTION('',(0.E0,-1.E0,0.E0));
#12298=VECTOR('',#12297,1.1E0);
#12299=CARTESIAN_POINT('',(4.625E0,-4.6E0,3.69E1));
#12300=LINE('',#12299,#12298);
#12301=DIRECTION('',(-1.E0,0.E0,0.E0));
#12302=VECTOR('',#12301,9.25E0);
#12303=CARTESIAN_POINT('',(4.625E0,-4.6E0,3.75E1));
#12304=LINE('',#12303,#12302);
#12305=DIRECTION('',(0.E0,-1.E0,0.E0));
#12306=VECTOR('',#12305,5.E-1);
#12307=CARTESIAN_POINT('',(4.125E0,-3.E0,3.75E1));
#12308=LINE('',#12307,#12306);
#12309=DIRECTION('',(0.E0,-1.E0,0.E0));
#12310=VECTOR('',#12309,1.1E0);
#12311=CARTESIAN_POINT('',(4.625E0,-3.5E0,3.75E1));
#12312=LINE('',#12311,#12310);
#12313=DIRECTION('',(0.E0,0.E0,-1.E0));
#12314=VECTOR('',#12313,6.E-1);
#12315=CARTESIAN_POINT('',(-4.625E0,-4.6E0,3.75E1));
#12316=LINE('',#12315,#12314);
#12317=DIRECTION('',(0.E0,-1.E0,0.E0));
#12318=VECTOR('',#12317,1.1E0);
#12319=CARTESIAN_POINT('',(-4.625E0,-4.6E0,3.69E1));
#12320=LINE('',#12319,#12318);
#12321=DIRECTION('',(0.E0,0.E0,-1.E0));
#12322=VECTOR('',#12321,3.9E0);
#12323=CARTESIAN_POINT('',(-4.625E0,-5.7E0,3.69E1));
#12324=LINE('',#12323,#12322);
#12325=DIRECTION('',(0.E0,-1.E0,0.E0));
#12326=VECTOR('',#12325,1.E0);
#12327=CARTESIAN_POINT('',(-4.625E0,-5.7E0,3.3E1));
#12328=LINE('',#12327,#12326);
#12329=DIRECTION('',(0.E0,0.E0,-1.E0));
#12330=VECTOR('',#12329,5.E-1);
#12331=CARTESIAN_POINT('',(-4.625E0,-5.7E0,3.2E1));
#12332=LINE('',#12331,#12330);
#12333=DIRECTION('',(0.E0,-1.E0,0.E0));
#12334=VECTOR('',#12333,1.1E0);
#12335=CARTESIAN_POINT('',(-4.625E0,-3.5E0,3.75E1));
#12336=LINE('',#12335,#12334);
#12337=DIRECTION('',(1.E0,0.E0,0.E0));
#12338=VECTOR('',#12337,9.25E0);
#12339=CARTESIAN_POINT('',(-4.625E0,-4.6E0,3.69E1));
#12340=LINE('',#12339,#12338);
#12341=DIRECTION('',(0.E0,-1.E0,0.E0));
#12342=VECTOR('',#12341,1.E0);
#12343=CARTESIAN_POINT('',(-1.7E0,-5.7E0,3.3E1));
#12344=LINE('',#12343,#12342);
#12345=DIRECTION('',(0.E0,1.E0,0.E0));
#12346=VECTOR('',#12345,1.E0);
#12347=CARTESIAN_POINT('',(-1.7E0,-6.7E0,3.39E1));
#12348=LINE('',#12347,#12346);
#12349=DIRECTION('',(1.E0,0.E0,0.E0));
#12350=VECTOR('',#12349,5.E-1);
#12351=CARTESIAN_POINT('',(-4.625E0,-5.7E0,3.15E1));
#12352=LINE('',#12351,#12350);
#12353=DIRECTION('',(0.E0,-1.E0,0.E0));
#12354=VECTOR('',#12353,2.2E0);
#12355=CARTESIAN_POINT('',(-4.625E0,-3.5E0,3.15E1));
#12356=LINE('',#12355,#12354);
#12357=DIRECTION('',(1.E0,0.E0,0.E0));
#12358=VECTOR('',#12357,5.E-1);
#12359=CARTESIAN_POINT('',(4.125E0,-3.5E0,-3.75E1));
#12360=LINE('',#12359,#12358);
#12361=DIRECTION('',(0.E0,0.E0,1.E0));
#12362=VECTOR('',#12361,6.E0);
#12363=CARTESIAN_POINT('',(4.625E0,-3.5E0,-3.75E1));
#12364=LINE('',#12363,#12362);
#12365=DIRECTION('',(-1.E0,0.E0,0.E0));
#12366=VECTOR('',#12365,5.E-1);
#12367=CARTESIAN_POINT('',(4.625E0,-3.5E0,-3.15E1));
#12368=LINE('',#12367,#12366);
#12369=DIRECTION('',(1.E0,0.E0,0.E0));
#12370=VECTOR('',#12369,5.E-1);
#12371=CARTESIAN_POINT('',(4.125E0,-3.5E0,-2.84E1));
#12372=LINE('',#12371,#12370);
#12373=DIRECTION('',(0.E0,0.E0,1.E0));
#12374=VECTOR('',#12373,1.19E1);
#12375=CARTESIAN_POINT('',(4.625E0,-3.5E0,-2.84E1));
#12376=LINE('',#12375,#12374);
#12377=DIRECTION('',(-1.E0,0.E0,0.E0));
#12378=VECTOR('',#12377,5.E-1);
#12379=CARTESIAN_POINT('',(4.625E0,-3.5E0,-1.65E1));
#12380=LINE('',#12379,#12378);
#12381=DIRECTION('',(1.E0,0.E0,0.E0));
#12382=VECTOR('',#12381,5.E-1);
#12383=CARTESIAN_POINT('',(4.125E0,-3.5E0,-1.34E1));
#12384=LINE('',#12383,#12382);
#12385=DIRECTION('',(0.E0,0.E0,1.E0));
#12386=VECTOR('',#12385,1.185E1);
#12387=CARTESIAN_POINT('',(4.625E0,-3.5E0,-1.34E1));
#12388=LINE('',#12387,#12386);
#12389=DIRECTION('',(-1.E0,0.E0,0.E0));
#12390=VECTOR('',#12389,5.E-1);
#12391=CARTESIAN_POINT('',(4.625E0,-3.5E0,-1.55E0));
#12392=LINE('',#12391,#12390);
#12393=DIRECTION('',(1.E0,0.E0,0.E0));
#12394=VECTOR('',#12393,5.E-1);
#12395=CARTESIAN_POINT('',(4.125E0,-3.5E0,1.5E0));
#12396=LINE('',#12395,#12394);
#12397=DIRECTION('',(0.E0,0.E0,1.E0));
#12398=VECTOR('',#12397,1.19E1);
#12399=CARTESIAN_POINT('',(4.625E0,-3.5E0,1.5E0));
#12400=LINE('',#12399,#12398);
#12401=DIRECTION('',(-1.E0,0.E0,0.E0));
#12402=VECTOR('',#12401,5.E-1);
#12403=CARTESIAN_POINT('',(4.625E0,-3.5E0,1.34E1));
#12404=LINE('',#12403,#12402);
#12405=DIRECTION('',(1.E0,0.E0,0.E0));
#12406=VECTOR('',#12405,5.E-1);
#12407=CARTESIAN_POINT('',(4.125E0,-3.5E0,1.65E1));
#12408=LINE('',#12407,#12406);
#12409=DIRECTION('',(0.E0,0.E0,1.E0));
#12410=VECTOR('',#12409,1.19E1);
#12411=CARTESIAN_POINT('',(4.625E0,-3.5E0,1.65E1));
#12412=LINE('',#12411,#12410);
#12413=DIRECTION('',(-1.E0,0.E0,0.E0));
#12414=VECTOR('',#12413,5.E-1);
#12415=CARTESIAN_POINT('',(4.625E0,-3.5E0,2.84E1));
#12416=LINE('',#12415,#12414);
#12417=DIRECTION('',(1.E0,0.E0,0.E0));
#12418=VECTOR('',#12417,5.E-1);
#12419=CARTESIAN_POINT('',(4.125E0,-3.5E0,3.15E1));
#12420=LINE('',#12419,#12418);
#12421=DIRECTION('',(0.E0,0.E0,1.E0));
#12422=VECTOR('',#12421,6.E0);
#12423=CARTESIAN_POINT('',(4.625E0,-3.5E0,3.15E1));
#12424=LINE('',#12423,#12422);
#12425=DIRECTION('',(-1.E0,0.E0,0.E0));
#12426=VECTOR('',#12425,5.E-1);
#12427=CARTESIAN_POINT('',(4.625E0,-3.5E0,3.75E1));
#12428=LINE('',#12427,#12426);
#12429=DIRECTION('',(-1.E0,0.E0,0.E0));
#12430=VECTOR('',#12429,5.E-1);
#12431=CARTESIAN_POINT('',(-4.125E0,-3.5E0,3.75E1));
#12432=LINE('',#12431,#12430);
#12433=DIRECTION('',(0.E0,0.E0,-1.E0));
#12434=VECTOR('',#12433,6.E0);
#12435=CARTESIAN_POINT('',(-4.625E0,-3.5E0,3.75E1));
#12436=LINE('',#12435,#12434);
#12437=DIRECTION('',(1.E0,0.E0,0.E0));
#12438=VECTOR('',#12437,5.E-1);
#12439=CARTESIAN_POINT('',(-4.625E0,-3.5E0,3.15E1));
#12440=LINE('',#12439,#12438);
#12441=DIRECTION('',(-1.E0,0.E0,0.E0));
#12442=VECTOR('',#12441,5.E-1);
#12443=CARTESIAN_POINT('',(-4.125E0,-3.5E0,2.84E1));
#12444=LINE('',#12443,#12442);
#12445=DIRECTION('',(0.E0,0.E0,-1.E0));
#12446=VECTOR('',#12445,1.19E1);
#12447=CARTESIAN_POINT('',(-4.625E0,-3.5E0,2.84E1));
#12448=LINE('',#12447,#12446);
#12449=DIRECTION('',(1.E0,0.E0,0.E0));
#12450=VECTOR('',#12449,5.E-1);
#12451=CARTESIAN_POINT('',(-4.625E0,-3.5E0,1.65E1));
#12452=LINE('',#12451,#12450);
#12453=DIRECTION('',(-1.E0,0.E0,0.E0));
#12454=VECTOR('',#12453,5.E-1);
#12455=CARTESIAN_POINT('',(-4.125E0,-3.5E0,-1.65E1));
#12456=LINE('',#12455,#12454);
#12457=DIRECTION('',(0.E0,0.E0,-1.E0));
#12458=VECTOR('',#12457,1.19E1);
#12459=CARTESIAN_POINT('',(-4.625E0,-3.5E0,-1.65E1));
#12460=LINE('',#12459,#12458);
#12461=DIRECTION('',(1.E0,0.E0,0.E0));
#12462=VECTOR('',#12461,5.E-1);
#12463=CARTESIAN_POINT('',(-4.625E0,-3.5E0,-2.84E1));
#12464=LINE('',#12463,#12462);
#12465=DIRECTION('',(-1.E0,0.E0,0.E0));
#12466=VECTOR('',#12465,5.E-1);
#12467=CARTESIAN_POINT('',(-4.125E0,-3.5E0,-3.15E1));
#12468=LINE('',#12467,#12466);
#12469=DIRECTION('',(0.E0,0.E0,-1.E0));
#12470=VECTOR('',#12469,6.E0);
#12471=CARTESIAN_POINT('',(-4.625E0,-3.5E0,-3.15E1));
#12472=LINE('',#12471,#12470);
#12473=DIRECTION('',(1.E0,0.E0,0.E0));
#12474=VECTOR('',#12473,5.E-1);
#12475=CARTESIAN_POINT('',(-4.625E0,-3.5E0,-3.75E1));
#12476=LINE('',#12475,#12474);
#12477=DIRECTION('',(1.E0,0.E0,0.E0));
#12478=VECTOR('',#12477,5.E-1);
#12479=CARTESIAN_POINT('',(-4.625E0,-3.5E0,2.325E0));
#12480=LINE('',#12479,#12478);
#12481=DIRECTION('',(-1.E0,0.E0,0.E0));
#12482=VECTOR('',#12481,5.E-1);
#12483=CARTESIAN_POINT('',(-4.125E0,-3.5E0,1.345E1));
#12484=LINE('',#12483,#12482);
#12485=DIRECTION('',(0.E0,0.E0,-1.E0));
#12486=VECTOR('',#12485,1.1125E1);
#12487=CARTESIAN_POINT('',(-4.625E0,-3.5E0,1.345E1));
#12488=LINE('',#12487,#12486);
#12489=DIRECTION('',(1.E0,0.E0,0.E0));
#12490=VECTOR('',#12489,5.E-1);
#12491=CARTESIAN_POINT('',(-4.625E0,-3.5E0,-2.325E0));
#12492=LINE('',#12491,#12490);
#12493=DIRECTION('',(0.E0,0.E0,-1.E0));
#12494=VECTOR('',#12493,1.1075E1);
#12495=CARTESIAN_POINT('',(-4.625E0,-3.5E0,-2.325E0));
#12496=LINE('',#12495,#12494);
#12497=DIRECTION('',(1.E0,0.E0,0.E0));
#12498=VECTOR('',#12497,5.E-1);
#12499=CARTESIAN_POINT('',(-4.625E0,-3.5E0,-1.34E1));
#12500=LINE('',#12499,#12498);
#12501=DIRECTION('',(0.E0,1.E0,0.E0));
#12502=VECTOR('',#12501,2.2E0);
#12503=CARTESIAN_POINT('',(4.125E0,-5.7E0,1.5E0));
#12504=LINE('',#12503,#12502);
#12505=DIRECTION('',(0.E0,0.E0,1.E0));
#12506=VECTOR('',#12505,1.19E1);
#12507=CARTESIAN_POINT('',(4.125E0,-3.5E0,1.5E0));
#12508=LINE('',#12507,#12506);
#12509=DIRECTION('',(0.E0,1.E0,0.E0));
#12510=VECTOR('',#12509,2.2E0);
#12511=CARTESIAN_POINT('',(4.125E0,-5.7E0,1.34E1));
#12512=LINE('',#12511,#12510);
#12513=DIRECTION('',(0.E0,1.E0,0.E0));
#12514=VECTOR('',#12513,2.2E0);
#12515=CARTESIAN_POINT('',(4.125E0,-5.7E0,1.65E1));
#12516=LINE('',#12515,#12514);
#12517=DIRECTION('',(0.E0,0.E0,1.E0));
#12518=VECTOR('',#12517,1.19E1);
#12519=CARTESIAN_POINT('',(4.125E0,-3.5E0,1.65E1));
#12520=LINE('',#12519,#12518);
#12521=DIRECTION('',(0.E0,1.E0,0.E0));
#12522=VECTOR('',#12521,2.2E0);
#12523=CARTESIAN_POINT('',(4.125E0,-5.7E0,2.84E1));
#12524=LINE('',#12523,#12522);
#12525=DIRECTION('',(0.E0,1.E0,0.E0));
#12526=VECTOR('',#12525,2.2E0);
#12527=CARTESIAN_POINT('',(4.125E0,-5.7E0,3.15E1));
#12528=LINE('',#12527,#12526);
#12529=DIRECTION('',(0.E0,0.E0,1.E0));
#12530=VECTOR('',#12529,6.E0);
#12531=CARTESIAN_POINT('',(4.125E0,-3.5E0,3.15E1));
#12532=LINE('',#12531,#12530);
#12533=DIRECTION('',(0.E0,-1.E0,0.E0));
#12534=VECTOR('',#12533,5.E-1);
#12535=CARTESIAN_POINT('',(4.125E0,-2.5E0,-3.7E1));
#12536=LINE('',#12535,#12534);
#12537=DIRECTION('',(0.E0,-1.E0,0.E0));
#12538=VECTOR('',#12537,5.E-1);
#12539=CARTESIAN_POINT('',(4.125E0,-3.E0,-3.75E1));
#12540=LINE('',#12539,#12538);
#12541=DIRECTION('',(0.E0,0.E0,1.E0));
#12542=VECTOR('',#12541,6.E0);
#12543=CARTESIAN_POINT('',(4.125E0,-3.5E0,-3.75E1));
#12544=LINE('',#12543,#12542);
#12545=DIRECTION('',(0.E0,1.E0,0.E0));
#12546=VECTOR('',#12545,2.2E0);
#12547=CARTESIAN_POINT('',(4.125E0,-5.7E0,-3.15E1));
#12548=LINE('',#12547,#12546);
#12549=DIRECTION('',(0.E0,1.E0,0.E0));
#12550=VECTOR('',#12549,2.2E0);
#12551=CARTESIAN_POINT('',(4.125E0,-5.7E0,-2.84E1));
#12552=LINE('',#12551,#12550);
#12553=DIRECTION('',(0.E0,0.E0,1.E0));
#12554=VECTOR('',#12553,1.19E1);
#12555=CARTESIAN_POINT('',(4.125E0,-3.5E0,-2.84E1));
#12556=LINE('',#12555,#12554);
#12557=DIRECTION('',(0.E0,1.E0,0.E0));
#12558=VECTOR('',#12557,2.2E0);
#12559=CARTESIAN_POINT('',(4.125E0,-5.7E0,-1.65E1));
#12560=LINE('',#12559,#12558);
#12561=DIRECTION('',(0.E0,1.E0,0.E0));
#12562=VECTOR('',#12561,2.2E0);
#12563=CARTESIAN_POINT('',(4.125E0,-5.7E0,-1.34E1));
#12564=LINE('',#12563,#12562);
#12565=DIRECTION('',(0.E0,0.E0,1.E0));
#12566=VECTOR('',#12565,1.185E1);
#12567=CARTESIAN_POINT('',(4.125E0,-3.5E0,-1.34E1));
#12568=LINE('',#12567,#12566);
#12569=DIRECTION('',(0.E0,-1.E0,0.E0));
#12570=VECTOR('',#12569,2.2E0);
#12571=CARTESIAN_POINT('',(4.125E0,-3.5E0,-1.55E0));
#12572=LINE('',#12571,#12570);
#12573=DIRECTION('',(1.E0,0.E0,0.E0));
#12574=VECTOR('',#12573,1.5E0);
#12575=CARTESIAN_POINT('',(3.125E0,-6.45E0,1.5E0));
#12576=LINE('',#12575,#12574);
#12577=DIRECTION('',(0.E0,-1.E0,0.E0));
#12578=VECTOR('',#12577,7.5E-1);
#12579=CARTESIAN_POINT('',(3.125E0,-5.7E0,1.5E0));
#12580=LINE('',#12579,#12578);
#12581=DIRECTION('',(0.E0,-7.071067811866E-1,-7.071067811865E-1));
#12582=VECTOR('',#12581,3.535533905933E-1);
#12583=CARTESIAN_POINT('',(4.625E0,-6.45E0,1.34E1));
#12584=LINE('',#12583,#12582);
#12585=DIRECTION('',(0.E0,-1.E0,0.E0));
#12586=VECTOR('',#12585,2.95E0);
#12587=CARTESIAN_POINT('',(4.625E0,-3.5E0,1.5E0));
#12588=LINE('',#12587,#12586);
#12589=DIRECTION('',(0.E0,7.071067811865E-1,-7.071067811866E-1));
#12590=VECTOR('',#12589,3.535533905933E-1);
#12591=CARTESIAN_POINT('',(4.625E0,-6.7E0,1.75E0));
#12592=LINE('',#12591,#12590);
#12593=DIRECTION('',(-1.E0,0.E0,0.E0));
#12594=VECTOR('',#12593,1.5E0);
#12595=CARTESIAN_POINT('',(4.625E0,-6.45E0,1.34E1));
#12596=LINE('',#12595,#12594);
#12597=DIRECTION('',(0.E0,-1.E0,0.E0));
#12598=VECTOR('',#12597,2.95E0);
#12599=CARTESIAN_POINT('',(4.625E0,-3.5E0,1.34E1));
#12600=LINE('',#12599,#12598);
#12601=DIRECTION('',(0.E0,7.071067811866E-1,7.071067811865E-1));
#12602=VECTOR('',#12601,3.535533905933E-1);
#12603=CARTESIAN_POINT('',(3.125E0,-6.7E0,1.315E1));
#12604=LINE('',#12603,#12602);
#12605=DIRECTION('',(0.E0,-7.071067811865E-1,7.071067811866E-1));
#12606=VECTOR('',#12605,3.535533905933E-1);
#12607=CARTESIAN_POINT('',(3.125E0,-6.45E0,1.5E0));
#12608=LINE('',#12607,#12606);
#12609=DIRECTION('',(0.E0,-1.E0,0.E0));
#12610=VECTOR('',#12609,7.5E-1);
#12611=CARTESIAN_POINT('',(3.125E0,-5.7E0,1.34E1));
#12612=LINE('',#12611,#12610);
#12613=DIRECTION('',(-1.E0,0.E0,0.E0));
#12614=VECTOR('',#12613,1.5E0);
#12615=CARTESIAN_POINT('',(-3.125E0,-6.7E0,2.815E1));
#12616=LINE('',#12615,#12614);
#12617=DIRECTION('',(0.E0,0.E0,1.E0));
#12618=VECTOR('',#12617,1.14E1);
#12619=CARTESIAN_POINT('',(-3.125E0,-6.7E0,1.675E1));
#12620=LINE('',#12619,#12618);
#12621=DIRECTION('',(1.E0,0.E0,0.E0));
#12622=VECTOR('',#12621,1.5E0);
#12623=CARTESIAN_POINT('',(-4.625E0,-6.7E0,1.675E1));
#12624=LINE('',#12623,#12622);
#12625=DIRECTION('',(0.E0,0.E0,-1.E0));
#12626=VECTOR('',#12625,1.14E1);
#12627=CARTESIAN_POINT('',(-4.625E0,-6.7E0,2.815E1));
#12628=LINE('',#12627,#12626);
#12629=DIRECTION('',(-1.E0,0.E0,0.E0));
#12630=VECTOR('',#12629,1.5E0);
#12631=CARTESIAN_POINT('',(4.625E0,-6.7E0,2.815E1));
#12632=LINE('',#12631,#12630);
#12633=DIRECTION('',(0.E0,0.E0,1.E0));
#12634=VECTOR('',#12633,1.14E1);
#12635=CARTESIAN_POINT('',(4.625E0,-6.7E0,1.675E1));
#12636=LINE('',#12635,#12634);
#12637=DIRECTION('',(1.E0,0.E0,0.E0));
#12638=VECTOR('',#12637,1.5E0);
#12639=CARTESIAN_POINT('',(3.125E0,-6.7E0,1.675E1));
#12640=LINE('',#12639,#12638);
#12641=DIRECTION('',(0.E0,0.E0,-1.E0));
#12642=VECTOR('',#12641,1.14E1);
#12643=CARTESIAN_POINT('',(3.125E0,-6.7E0,2.815E1));
#12644=LINE('',#12643,#12642);
#12645=DIRECTION('',(-1.E0,0.E0,0.E0));
#12646=VECTOR('',#12645,5.E-1);
#12647=CARTESIAN_POINT('',(-4.125E0,-6.7E0,1.32E1));
#12648=LINE('',#12647,#12646);
#12649=DIRECTION('',(0.E0,0.E0,1.E0));
#12650=VECTOR('',#12649,2.E-1);
#12651=CARTESIAN_POINT('',(-4.125E0,-6.7E0,1.32E1));
#12652=LINE('',#12651,#12650);
#12653=DIRECTION('',(-1.E0,0.E0,0.E0));
#12654=VECTOR('',#12653,1.E0);
#12655=CARTESIAN_POINT('',(-3.125E0,-6.7E0,1.34E1));
#12656=LINE('',#12655,#12654);
#12657=DIRECTION('',(0.E0,0.E0,1.E0));
#12658=VECTOR('',#12657,1.0825E1);
#12659=CARTESIAN_POINT('',(-3.125E0,-6.7E0,2.575E0));
#12660=LINE('',#12659,#12658);
#12661=DIRECTION('',(1.E0,0.E0,0.E0));
#12662=VECTOR('',#12661,1.5E0);
#12663=CARTESIAN_POINT('',(-4.625E0,-6.7E0,2.575E0));
#12664=LINE('',#12663,#12662);
#12665=DIRECTION('',(0.E0,0.E0,-1.E0));
#12666=VECTOR('',#12665,1.0625E1);
#12667=CARTESIAN_POINT('',(-4.625E0,-6.7E0,1.32E1));
#12668=LINE('',#12667,#12666);
#12669=DIRECTION('',(-1.E0,0.E0,0.E0));
#12670=VECTOR('',#12669,1.5E0);
#12671=CARTESIAN_POINT('',(4.625E0,-6.7E0,1.315E1));
#12672=LINE('',#12671,#12670);
#12673=DIRECTION('',(0.E0,0.E0,1.E0));
#12674=VECTOR('',#12673,1.14E1);
#12675=CARTESIAN_POINT('',(4.625E0,-6.7E0,1.75E0));
#12676=LINE('',#12675,#12674);
#12677=DIRECTION('',(1.E0,0.E0,0.E0));
#12678=VECTOR('',#12677,1.5E0);
#12679=CARTESIAN_POINT('',(3.125E0,-6.7E0,1.75E0));
#12680=LINE('',#12679,#12678);
#12681=DIRECTION('',(0.E0,0.E0,-1.E0));
#12682=VECTOR('',#12681,1.14E1);
#12683=CARTESIAN_POINT('',(3.125E0,-6.7E0,1.315E1));
#12684=LINE('',#12683,#12682);
#12685=DIRECTION('',(1.E0,0.E0,0.E0));
#12686=VECTOR('',#12685,1.5E0);
#12687=CARTESIAN_POINT('',(-4.625E0,-6.7E0,-1.315E1));
#12688=LINE('',#12687,#12686);
#12689=DIRECTION('',(0.E0,0.E0,-1.E0));
#12690=VECTOR('',#12689,1.0575E1);
#12691=CARTESIAN_POINT('',(-4.625E0,-6.7E0,-2.575E0));
#12692=LINE('',#12691,#12690);
#12693=DIRECTION('',(-1.E0,0.E0,0.E0));
#12694=VECTOR('',#12693,1.5E0);
#12695=CARTESIAN_POINT('',(-3.125E0,-6.7E0,-2.575E0));
#12696=LINE('',#12695,#12694);
#12697=DIRECTION('',(0.E0,0.E0,1.E0));
#12698=VECTOR('',#12697,1.0575E1);
#12699=CARTESIAN_POINT('',(-3.125E0,-6.7E0,-1.315E1));
#12700=LINE('',#12699,#12698);
#12701=DIRECTION('',(1.E0,0.E0,0.E0));
#12702=VECTOR('',#12701,1.5E0);
#12703=CARTESIAN_POINT('',(3.125E0,-6.7E0,-1.315E1));
#12704=LINE('',#12703,#12702);
#12705=DIRECTION('',(0.E0,0.E0,-1.E0));
#12706=VECTOR('',#12705,1.135E1);
#12707=CARTESIAN_POINT('',(3.125E0,-6.7E0,-1.8E0));
#12708=LINE('',#12707,#12706);
#12709=DIRECTION('',(1.E0,0.E0,0.E0));
#12710=VECTOR('',#12709,1.5E0);
#12711=CARTESIAN_POINT('',(3.125E0,-6.7E0,-1.8E0));
#12712=LINE('',#12711,#12710);
#12713=DIRECTION('',(0.E0,0.E0,1.E0));
#12714=VECTOR('',#12713,1.135E1);
#12715=CARTESIAN_POINT('',(4.625E0,-6.7E0,-1.315E1));
#12716=LINE('',#12715,#12714);
#12717=DIRECTION('',(-1.E0,0.E0,0.E0));
#12718=VECTOR('',#12717,1.E0);
#12719=CARTESIAN_POINT('',(4.375E0,-6.7E0,-1.675E1));
#12720=LINE('',#12719,#12718);
#12721=DIRECTION('',(0.E0,0.E0,1.E0));
#12722=VECTOR('',#12721,1.14E1);
#12723=CARTESIAN_POINT('',(4.375E0,-6.7E0,-2.815E1));
#12724=LINE('',#12723,#12722);
#12725=DIRECTION('',(1.E0,0.E0,0.E0));
#12726=VECTOR('',#12725,1.E0);
#12727=CARTESIAN_POINT('',(3.375E0,-6.7E0,-2.815E1));
#12728=LINE('',#12727,#12726);
#12729=DIRECTION('',(0.E0,0.E0,-1.E0));
#12730=VECTOR('',#12729,1.14E1);
#12731=CARTESIAN_POINT('',(3.375E0,-6.7E0,-1.675E1));
#12732=LINE('',#12731,#12730);
#12733=DIRECTION('',(-1.E0,0.E0,0.E0));
#12734=VECTOR('',#12733,1.5E0);
#12735=CARTESIAN_POINT('',(-3.125E0,-6.7E0,-1.675E1));
#12736=LINE('',#12735,#12734);
#12737=DIRECTION('',(0.E0,0.E0,1.E0));
#12738=VECTOR('',#12737,1.14E1);
#12739=CARTESIAN_POINT('',(-3.125E0,-6.7E0,-2.815E1));
#12740=LINE('',#12739,#12738);
#12741=DIRECTION('',(1.E0,0.E0,0.E0));
#12742=VECTOR('',#12741,1.5E0);
#12743=CARTESIAN_POINT('',(-4.625E0,-6.7E0,-2.815E1));
#12744=LINE('',#12743,#12742);
#12745=DIRECTION('',(0.E0,0.E0,-1.E0));
#12746=VECTOR('',#12745,1.14E1);
#12747=CARTESIAN_POINT('',(-4.625E0,-6.7E0,-1.675E1));
#12748=LINE('',#12747,#12746);
#12749=DIRECTION('',(0.E0,7.071067811865E-1,7.071067811865E-1));
#12750=VECTOR('',#12749,3.535533905933E-1);
#12751=CARTESIAN_POINT('',(-4.625E0,-6.7E0,2.815E1));
#12752=LINE('',#12751,#12750);
#12753=DIRECTION('',(0.E0,-7.071067811866E-1,7.071067811865E-1));
#12754=VECTOR('',#12753,3.535533905933E-1);
#12755=CARTESIAN_POINT('',(-4.625E0,-6.45E0,1.65E1));
#12756=LINE('',#12755,#12754);
#12757=DIRECTION('',(0.E0,-1.E0,0.E0));
#12758=VECTOR('',#12757,2.95E0);
#12759=CARTESIAN_POINT('',(-4.625E0,-3.5E0,2.84E1));
#12760=LINE('',#12759,#12758);
#12761=DIRECTION('',(1.E0,0.E0,0.E0));
#12762=VECTOR('',#12761,1.5E0);
#12763=CARTESIAN_POINT('',(-4.625E0,-6.45E0,1.65E1));
#12764=LINE('',#12763,#12762);
#12765=DIRECTION('',(0.E0,-1.E0,0.E0));
#12766=VECTOR('',#12765,2.95E0);
#12767=CARTESIAN_POINT('',(-4.625E0,-3.5E0,1.65E1));
#12768=LINE('',#12767,#12766);
#12769=DIRECTION('',(0.E0,-7.071067811865E-1,-7.071067811865E-1));
#12770=VECTOR('',#12769,3.535533905933E-1);
#12771=CARTESIAN_POINT('',(-3.125E0,-6.45E0,2.84E1));
#12772=LINE('',#12771,#12770);
#12773=DIRECTION('',(0.E0,-1.E0,0.E0));
#12774=VECTOR('',#12773,7.5E-1);
#12775=CARTESIAN_POINT('',(-3.125E0,-5.7E0,1.65E1));
#12776=LINE('',#12775,#12774);
#12777=DIRECTION('',(0.E0,7.071067811866E-1,-7.071067811865E-1));
#12778=VECTOR('',#12777,3.535533905933E-1);
#12779=CARTESIAN_POINT('',(-3.125E0,-6.7E0,1.675E1));
#12780=LINE('',#12779,#12778);
#12781=DIRECTION('',(-1.E0,0.E0,0.E0));
#12782=VECTOR('',#12781,1.5E0);
#12783=CARTESIAN_POINT('',(-3.125E0,-6.45E0,2.84E1));
#12784=LINE('',#12783,#12782);
#12785=DIRECTION('',(0.E0,-1.E0,0.E0));
#12786=VECTOR('',#12785,7.5E-1);
#12787=CARTESIAN_POINT('',(-3.125E0,-5.7E0,2.84E1));
#12788=LINE('',#12787,#12786);
#12789=DIRECTION('',(-1.E0,0.E0,0.E0));
#12790=VECTOR('',#12789,1.5E0);
#12791=CARTESIAN_POINT('',(4.625E0,-6.45E0,2.84E1));
#12792=LINE('',#12791,#12790);
#12793=DIRECTION('',(0.E0,-1.E0,0.E0));
#12794=VECTOR('',#12793,2.95E0);
#12795=CARTESIAN_POINT('',(4.625E0,-3.5E0,2.84E1));
#12796=LINE('',#12795,#12794);
#12797=DIRECTION('',(0.E0,7.071067811865E-1,7.071067811865E-1));
#12798=VECTOR('',#12797,3.535533905933E-1);
#12799=CARTESIAN_POINT('',(3.125E0,-6.7E0,2.815E1));
#12800=LINE('',#12799,#12798);
#12801=DIRECTION('',(0.E0,-7.071067811866E-1,7.071067811865E-1));
#12802=VECTOR('',#12801,3.535533905933E-1);
#12803=CARTESIAN_POINT('',(3.125E0,-6.45E0,1.65E1));
#12804=LINE('',#12803,#12802);
#12805=DIRECTION('',(0.E0,-1.E0,0.E0));
#12806=VECTOR('',#12805,7.5E-1);
#12807=CARTESIAN_POINT('',(3.125E0,-5.7E0,2.84E1));
#12808=LINE('',#12807,#12806);
#12809=DIRECTION('',(0.E0,-7.071067811865E-1,-7.071067811865E-1));
#12810=VECTOR('',#12809,3.535533905933E-1);
#12811=CARTESIAN_POINT('',(4.625E0,-6.45E0,2.84E1));
#12812=LINE('',#12811,#12810);
#12813=DIRECTION('',(0.E0,-1.E0,0.E0));
#12814=VECTOR('',#12813,2.95E0);
#12815=CARTESIAN_POINT('',(4.625E0,-3.5E0,1.65E1));
#12816=LINE('',#12815,#12814);
#12817=DIRECTION('',(0.E0,7.071067811866E-1,-7.071067811865E-1));
#12818=VECTOR('',#12817,3.535533905933E-1);
#12819=CARTESIAN_POINT('',(4.625E0,-6.7E0,1.675E1));
#12820=LINE('',#12819,#12818);
#12821=DIRECTION('',(1.E0,0.E0,0.E0));
#12822=VECTOR('',#12821,1.5E0);
#12823=CARTESIAN_POINT('',(3.125E0,-6.45E0,1.65E1));
#12824=LINE('',#12823,#12822);
#12825=DIRECTION('',(0.E0,-1.E0,0.E0));
#12826=VECTOR('',#12825,7.5E-1);
#12827=CARTESIAN_POINT('',(3.125E0,-5.7E0,1.65E1));
#12828=LINE('',#12827,#12826);
#12829=DIRECTION('',(0.E0,-7.071067811865E-1,-7.071067811866E-1));
#12830=VECTOR('',#12829,2.828427124746E-1);
#12831=CARTESIAN_POINT('',(-4.125E0,-6.5E0,1.34E1));
#12832=LINE('',#12831,#12830);
#12833=DIRECTION('',(0.E0,7.071067811866E-1,7.071067811865E-1));
#12834=VECTOR('',#12833,3.535533905933E-1);
#12835=CARTESIAN_POINT('',(-4.625E0,-6.7E0,1.32E1));
#12836=LINE('',#12835,#12834);
#12837=DIRECTION('',(0.E0,-7.071067811866E-1,7.071067811865E-1));
#12838=VECTOR('',#12837,3.535533905933E-1);
#12839=CARTESIAN_POINT('',(-4.625E0,-6.45E0,2.325E0));
#12840=LINE('',#12839,#12838);
#12841=DIRECTION('',(0.E0,-1.E0,0.E0));
#12842=VECTOR('',#12841,2.95E0);
#12843=CARTESIAN_POINT('',(-4.625E0,-3.5E0,1.345E1));
#12844=LINE('',#12843,#12842);
#12845=DIRECTION('',(0.E0,7.071067811866E-1,-7.071067811865E-1));
#12846=VECTOR('',#12845,3.535533905933E-1);
#12847=CARTESIAN_POINT('',(-3.125E0,-6.7E0,2.575E0));
#12848=LINE('',#12847,#12846);
#12849=DIRECTION('',(0.E0,-1.E0,0.E0));
#12850=VECTOR('',#12849,7.5E-1);
#12851=CARTESIAN_POINT('',(-3.125E0,-5.7E0,2.325E0));
#12852=LINE('',#12851,#12850);
#12853=DIRECTION('',(0.E0,-1.E0,0.E0));
#12854=VECTOR('',#12853,2.E-1);
#12855=CARTESIAN_POINT('',(-4.125E0,-6.5E0,1.34E1));
#12856=LINE('',#12855,#12854);
#12857=DIRECTION('',(0.E0,-1.E0,0.E0));
#12858=VECTOR('',#12857,1.E0);
#12859=CARTESIAN_POINT('',(-3.125E0,-5.7E0,1.34E1));
#12860=LINE('',#12859,#12858);
#12861=DIRECTION('',(0.E0,-7.071067811866E-1,-7.071067811865E-1));
#12862=VECTOR('',#12861,7.071067811869E-2);
#12863=CARTESIAN_POINT('',(-4.125E0,-6.45E0,1.345E1));
#12864=LINE('',#12863,#12862);
#12865=DIRECTION('',(0.E0,-1.E0,0.E0));
#12866=VECTOR('',#12865,8.E-1);
#12867=CARTESIAN_POINT('',(-4.125E0,-5.7E0,1.34E1));
#12868=LINE('',#12867,#12866);
#12869=DIRECTION('',(-1.E0,0.E0,0.E0));
#12870=VECTOR('',#12869,5.E-1);
#12871=CARTESIAN_POINT('',(-4.125E0,-6.45E0,1.345E1));
#12872=LINE('',#12871,#12870);
#12873=DIRECTION('',(0.E0,-1.E0,0.E0));
#12874=VECTOR('',#12873,7.5E-1);
#12875=CARTESIAN_POINT('',(-4.125E0,-5.7E0,1.345E1));
#12876=LINE('',#12875,#12874);
#12877=DIRECTION('',(1.E0,0.E0,0.E0));
#12878=VECTOR('',#12877,1.5E0);
#12879=CARTESIAN_POINT('',(-4.625E0,-6.45E0,2.325E0));
#12880=LINE('',#12879,#12878);
#12881=DIRECTION('',(0.E0,-1.E0,0.E0));
#12882=VECTOR('',#12881,2.95E0);
#12883=CARTESIAN_POINT('',(-4.625E0,-3.5E0,2.325E0));
#12884=LINE('',#12883,#12882);
#12885=DIRECTION('',(1.E0,0.E0,0.E0));
#12886=VECTOR('',#12885,1.5E0);
#12887=CARTESIAN_POINT('',(-4.625E0,-6.45E0,-1.34E1));
#12888=LINE('',#12887,#12886);
#12889=DIRECTION('',(0.E0,-1.E0,0.E0));
#12890=VECTOR('',#12889,2.95E0);
#12891=CARTESIAN_POINT('',(-4.625E0,-3.5E0,-1.34E1));
#12892=LINE('',#12891,#12890);
#12893=DIRECTION('',(0.E0,7.071067811865E-1,-7.071067811865E-1));
#12894=VECTOR('',#12893,3.535533905933E-1);
#12895=CARTESIAN_POINT('',(-3.125E0,-6.7E0,-1.315E1));
#12896=LINE('',#12895,#12894);
#12897=DIRECTION('',(0.E0,-7.071067811866E-1,-7.071067811865E-1));
#12898=VECTOR('',#12897,3.535533905933E-1);
#12899=CARTESIAN_POINT('',(-3.125E0,-6.45E0,-2.325E0));
#12900=LINE('',#12899,#12898);
#12901=DIRECTION('',(0.E0,-1.E0,0.E0));
#12902=VECTOR('',#12901,7.5E-1);
#12903=CARTESIAN_POINT('',(-3.125E0,-5.7E0,-2.325E0));
#12904=LINE('',#12903,#12902);
#12905=DIRECTION('',(0.E0,-1.E0,0.E0));
#12906=VECTOR('',#12905,7.5E-1);
#12907=CARTESIAN_POINT('',(-3.125E0,-5.7E0,-1.34E1));
#12908=LINE('',#12907,#12906);
#12909=DIRECTION('',(0.E0,-7.071067811866E-1,7.071067811865E-1));
#12910=VECTOR('',#12909,3.535533905933E-1);
#12911=CARTESIAN_POINT('',(-4.625E0,-6.45E0,-1.34E1));
#12912=LINE('',#12911,#12910);
#12913=DIRECTION('',(0.E0,7.071067811866E-1,7.071067811865E-1));
#12914=VECTOR('',#12913,3.535533905933E-1);
#12915=CARTESIAN_POINT('',(-4.625E0,-6.7E0,-2.575E0));
#12916=LINE('',#12915,#12914);
#12917=DIRECTION('',(-1.E0,0.E0,0.E0));
#12918=VECTOR('',#12917,1.5E0);
#12919=CARTESIAN_POINT('',(-3.125E0,-6.45E0,-2.325E0));
#12920=LINE('',#12919,#12918);
#12921=DIRECTION('',(0.E0,1.E0,0.E0));
#12922=VECTOR('',#12921,2.95E0);
#12923=CARTESIAN_POINT('',(-4.625E0,-6.45E0,-2.325E0));
#12924=LINE('',#12923,#12922);
#12925=DIRECTION('',(0.E0,7.071067811866E-1,-7.071067811865E-1));
#12926=VECTOR('',#12925,3.535533905933E-1);
#12927=CARTESIAN_POINT('',(4.625E0,-6.7E0,-1.315E1));
#12928=LINE('',#12927,#12926);
#12929=DIRECTION('',(0.E0,-7.071067811865E-1,-7.071067811865E-1));
#12930=VECTOR('',#12929,3.535533905933E-1);
#12931=CARTESIAN_POINT('',(4.625E0,-6.45E0,-1.55E0));
#12932=LINE('',#12931,#12930);
#12933=DIRECTION('',(0.E0,-1.E0,0.E0));
#12934=VECTOR('',#12933,2.95E0);
#12935=CARTESIAN_POINT('',(4.625E0,-3.5E0,-1.34E1));
#12936=LINE('',#12935,#12934);
#12937=DIRECTION('',(0.E0,-7.071067811866E-1,7.071067811865E-1));
#12938=VECTOR('',#12937,3.535533905933E-1);
#12939=CARTESIAN_POINT('',(3.125E0,-6.45E0,-1.34E1));
#12940=LINE('',#12939,#12938);
#12941=DIRECTION('',(0.E0,-1.E0,0.E0));
#12942=VECTOR('',#12941,7.5E-1);
#12943=CARTESIAN_POINT('',(3.125E0,-5.7E0,-1.55E0));
#12944=LINE('',#12943,#12942);
#12945=DIRECTION('',(0.E0,7.071067811865E-1,7.071067811865E-1));
#12946=VECTOR('',#12945,3.535533905933E-1);
#12947=CARTESIAN_POINT('',(3.125E0,-6.7E0,-1.8E0));
#12948=LINE('',#12947,#12946);
#12949=DIRECTION('',(1.E0,0.E0,0.E0));
#12950=VECTOR('',#12949,1.5E0);
#12951=CARTESIAN_POINT('',(3.125E0,-6.45E0,-1.34E1));
#12952=LINE('',#12951,#12950);
#12953=DIRECTION('',(0.E0,-1.E0,0.E0));
#12954=VECTOR('',#12953,7.5E-1);
#12955=CARTESIAN_POINT('',(3.125E0,-5.7E0,-1.34E1));
#12956=LINE('',#12955,#12954);
#12957=DIRECTION('',(0.E0,-1.E0,0.E0));
#12958=VECTOR('',#12957,2.95E0);
#12959=CARTESIAN_POINT('',(4.625E0,-3.5E0,-1.55E0));
#12960=LINE('',#12959,#12958);
#12961=DIRECTION('',(1.E0,0.E0,0.E0));
#12962=VECTOR('',#12961,1.5E0);
#12963=CARTESIAN_POINT('',(3.125E0,-6.45E0,-1.55E0));
#12964=LINE('',#12963,#12962);
#12965=DIRECTION('',(5.773502691896E-1,5.773502691896E-1,5.773502691896E-1));
#12966=VECTOR('',#12965,4.330127018922E-1);
#12967=CARTESIAN_POINT('',(4.375E0,-6.7E0,-1.675E1));
#12968=LINE('',#12967,#12966);
#12969=DIRECTION('',(-1.E0,0.E0,0.E0));
#12970=VECTOR('',#12969,1.5E0);
#12971=CARTESIAN_POINT('',(4.625E0,-6.45E0,-1.65E1));
#12972=LINE('',#12971,#12970);
#12973=DIRECTION('',(0.E0,-1.E0,0.E0));
#12974=VECTOR('',#12973,2.95E0);
#12975=CARTESIAN_POINT('',(4.625E0,-3.5E0,-1.65E1));
#12976=LINE('',#12975,#12974);
#12977=DIRECTION('',(0.E0,-1.E0,0.E0));
#12978=VECTOR('',#12977,7.5E-1);
#12979=CARTESIAN_POINT('',(3.125E0,-5.7E0,-1.65E1));
#12980=LINE('',#12979,#12978);
#12981=DIRECTION('',(0.E0,0.E0,-1.E0));
#12982=VECTOR('',#12981,1.19E1);
#12983=CARTESIAN_POINT('',(3.125E0,-6.45E0,-1.65E1));
#12984=LINE('',#12983,#12982);
#12985=DIRECTION('',(-5.773502691896E-1,5.773502691896E-1,5.773502691896E-1));
#12986=VECTOR('',#12985,4.330127018922E-1);
#12987=CARTESIAN_POINT('',(3.375E0,-6.7E0,-1.675E1));
#12988=LINE('',#12987,#12986);
#12989=DIRECTION('',(5.773502691896E-1,-5.773502691896E-1,5.773502691896E-1));
#12990=VECTOR('',#12989,4.330127018922E-1);
#12991=CARTESIAN_POINT('',(3.125E0,-6.45E0,-2.84E1));
#12992=LINE('',#12991,#12990);
#12993=DIRECTION('',(1.E0,0.E0,0.E0));
#12994=VECTOR('',#12993,1.5E0);
#12995=CARTESIAN_POINT('',(3.125E0,-6.45E0,-2.84E1));
#12996=LINE('',#12995,#12994);
#12997=DIRECTION('',(0.E0,-1.E0,0.E0));
#12998=VECTOR('',#12997,7.5E-1);
#12999=CARTESIAN_POINT('',(3.125E0,-5.7E0,-2.84E1));
#13000=LINE('',#12999,#12998);
#13001=DIRECTION('',(0.E0,-1.E0,0.E0));
#13002=VECTOR('',#13001,2.95E0);
#13003=CARTESIAN_POINT('',(4.625E0,-3.5E0,-2.84E1));
#13004=LINE('',#13003,#13002);
#13005=DIRECTION('',(0.E0,0.E0,1.E0));
#13006=VECTOR('',#13005,1.19E1);
#13007=CARTESIAN_POINT('',(4.625E0,-6.45E0,-2.84E1));
#13008=LINE('',#13007,#13006);
#13009=DIRECTION('',(5.773502691896E-1,5.773502691896E-1,-5.773502691896E-1));
#13010=VECTOR('',#13009,4.330127018922E-1);
#13011=CARTESIAN_POINT('',(4.375E0,-6.7E0,-2.815E1));
#13012=LINE('',#13011,#13010);
#13013=DIRECTION('',(0.E0,7.071067811865E-1,7.071067811865E-1));
#13014=VECTOR('',#13013,3.535533905933E-1);
#13015=CARTESIAN_POINT('',(-4.625E0,-6.7E0,-1.675E1));
#13016=LINE('',#13015,#13014);
#13017=DIRECTION('',(0.E0,-7.071067811865E-1,7.071067811865E-1));
#13018=VECTOR('',#13017,3.535533905933E-1);
#13019=CARTESIAN_POINT('',(-4.625E0,-6.45E0,-2.84E1));
#13020=LINE('',#13019,#13018);
#13021=DIRECTION('',(0.E0,-1.E0,0.E0));
#13022=VECTOR('',#13021,2.95E0);
#13023=CARTESIAN_POINT('',(-4.625E0,-3.5E0,-1.65E1));
#13024=LINE('',#13023,#13022);
#13025=DIRECTION('',(1.E0,0.E0,0.E0));
#13026=VECTOR('',#13025,1.5E0);
#13027=CARTESIAN_POINT('',(-4.625E0,-6.45E0,-2.84E1));
#13028=LINE('',#13027,#13026);
#13029=DIRECTION('',(0.E0,-1.E0,0.E0));
#13030=VECTOR('',#13029,2.95E0);
#13031=CARTESIAN_POINT('',(-4.625E0,-3.5E0,-2.84E1));
#13032=LINE('',#13031,#13030);
#13033=DIRECTION('',(0.E0,-7.071067811865E-1,-7.071067811865E-1));
#13034=VECTOR('',#13033,3.535533905933E-1);
#13035=CARTESIAN_POINT('',(-3.125E0,-6.45E0,-1.65E1));
#13036=LINE('',#13035,#13034);
#13037=DIRECTION('',(0.E0,-1.E0,0.E0));
#13038=VECTOR('',#13037,7.5E-1);
#13039=CARTESIAN_POINT('',(-3.125E0,-5.7E0,-2.84E1));
#13040=LINE('',#13039,#13038);
#13041=DIRECTION('',(0.E0,7.071067811865E-1,-7.071067811865E-1));
#13042=VECTOR('',#13041,3.535533905933E-1);
#13043=CARTESIAN_POINT('',(-3.125E0,-6.7E0,-2.815E1));
#13044=LINE('',#13043,#13042);
#13045=DIRECTION('',(-1.E0,0.E0,0.E0));
#13046=VECTOR('',#13045,1.5E0);
#13047=CARTESIAN_POINT('',(-3.125E0,-6.45E0,-1.65E1));
#13048=LINE('',#13047,#13046);
#13049=DIRECTION('',(0.E0,-1.E0,0.E0));
#13050=VECTOR('',#13049,7.5E-1);
#13051=CARTESIAN_POINT('',(-3.125E0,-5.7E0,-1.65E1));
#13052=LINE('',#13051,#13050);
#13053=DIRECTION('',(1.E0,0.E0,0.E0));
#13054=VECTOR('',#13053,5.E-1);
#13055=CARTESIAN_POINT('',(4.125E0,-5.7E0,3.15E1));
#13056=LINE('',#13055,#13054);
#13057=DIRECTION('',(-1.E0,0.E0,0.E0));
#13058=VECTOR('',#13057,8.25E0);
#13059=CARTESIAN_POINT('',(4.125E0,-3.E0,3.7E1));
#13060=LINE('',#13059,#13058);
#13061=DIRECTION('',(0.E0,-1.E0,0.E0));
#13062=VECTOR('',#13061,5.E-1);
#13063=CARTESIAN_POINT('',(4.125E0,-2.5E0,3.7E1));
#13064=LINE('',#13063,#13062);
#13065=DIRECTION('',(1.E0,0.E0,0.E0));
#13066=VECTOR('',#13065,9.25E0);
#13067=CARTESIAN_POINT('',(-4.625E0,-4.6E0,-3.75E1));
#13068=LINE('',#13067,#13066);
#13069=DIRECTION('',(0.E0,-1.E0,0.E0));
#13070=VECTOR('',#13069,5.E-1);
#13071=CARTESIAN_POINT('',(-4.125E0,-3.E0,-3.75E1));
#13072=LINE('',#13071,#13070);
#13073=DIRECTION('',(0.E0,-1.E0,0.E0));
#13074=VECTOR('',#13073,1.1E0);
#13075=CARTESIAN_POINT('',(-4.625E0,-3.5E0,-3.75E1));
#13076=LINE('',#13075,#13074);
#13077=DIRECTION('',(1.E0,0.E0,0.E0));
#13078=VECTOR('',#13077,9.25E0);
#13079=CARTESIAN_POINT('',(-4.625E0,-4.6E0,-3.69E1));
#13080=LINE('',#13079,#13078);
#13081=DIRECTION('',(0.E0,1.E0,0.E0));
#13082=VECTOR('',#13081,1.1E0);
#13083=CARTESIAN_POINT('',(-4.625E0,-5.7E0,-3.69E1));
#13084=LINE('',#13083,#13082);
#13085=DIRECTION('',(0.E0,0.E0,1.E0));
#13086=VECTOR('',#13085,6.E-1);
#13087=CARTESIAN_POINT('',(-4.625E0,-4.6E0,-3.75E1));
#13088=LINE('',#13087,#13086);
#13089=DIRECTION('',(0.E0,-1.E0,0.E0));
#13090=VECTOR('',#13089,2.2E0);
#13091=CARTESIAN_POINT('',(-4.625E0,-3.5E0,-3.15E1));
#13092=LINE('',#13091,#13090);
#13093=DIRECTION('',(0.E0,0.E0,-1.E0));
#13094=VECTOR('',#13093,5.E-1);
#13095=CARTESIAN_POINT('',(-4.625E0,-5.7E0,-3.15E1));
#13096=LINE('',#13095,#13094);
#13097=DIRECTION('',(0.E0,-1.E0,0.E0));
#13098=VECTOR('',#13097,1.E0);
#13099=CARTESIAN_POINT('',(-4.625E0,-5.7E0,-3.3E1));
#13100=LINE('',#13099,#13098);
#13101=DIRECTION('',(0.E0,0.E0,-1.E0));
#13102=VECTOR('',#13101,3.9E0);
#13103=CARTESIAN_POINT('',(-4.625E0,-5.7E0,-3.3E1));
#13104=LINE('',#13103,#13102);
#13105=DIRECTION('',(0.E0,1.E0,0.E0));
#13106=VECTOR('',#13105,1.1E0);
#13107=CARTESIAN_POINT('',(4.625E0,-5.7E0,-3.69E1));
#13108=LINE('',#13107,#13106);
#13109=DIRECTION('',(0.E0,0.E0,1.E0));
#13110=VECTOR('',#13109,3.9E0);
#13111=CARTESIAN_POINT('',(4.625E0,-5.7E0,-3.69E1));
#13112=LINE('',#13111,#13110);
#13113=DIRECTION('',(0.E0,-1.E0,0.E0));
#13114=VECTOR('',#13113,1.E0);
#13115=CARTESIAN_POINT('',(4.625E0,-5.7E0,-3.2E1));
#13116=LINE('',#13115,#13114);
#13117=DIRECTION('',(0.E0,0.E0,1.E0));
#13118=VECTOR('',#13117,5.E-1);
#13119=CARTESIAN_POINT('',(4.625E0,-5.7E0,-3.2E1));
#13120=LINE('',#13119,#13118);
#13121=DIRECTION('',(0.E0,-1.E0,0.E0));
#13122=VECTOR('',#13121,1.1E0);
#13123=CARTESIAN_POINT('',(4.625E0,-3.5E0,-3.75E1));
#13124=LINE('',#13123,#13122);
#13125=DIRECTION('',(0.E0,0.E0,1.E0));
#13126=VECTOR('',#13125,6.E-1);
#13127=CARTESIAN_POINT('',(4.625E0,-4.6E0,-3.75E1));
#13128=LINE('',#13127,#13126);
#13129=DIRECTION('',(0.E0,-1.E0,0.E0));
#13130=VECTOR('',#13129,1.E0);
#13131=CARTESIAN_POINT('',(4.625E0,-5.7E0,-3.3E1));
#13132=LINE('',#13131,#13130);
#13133=DIRECTION('',(0.E0,-1.E0,0.E0));
#13134=VECTOR('',#13133,1.E0);
#13135=CARTESIAN_POINT('',(1.7E0,-5.7E0,-3.39E1));
#13136=LINE('',#13135,#13134);
#13137=DIRECTION('',(0.E0,-1.E0,0.E0));
#13138=VECTOR('',#13137,1.E0);
#13139=CARTESIAN_POINT('',(1.7E0,-5.7E0,-3.3E1));
#13140=LINE('',#13139,#13138);
#13141=CARTESIAN_POINT('',(1.45E0,-5.7E0,-3.39E1));
#13142=DIRECTION('',(0.E0,1.E0,0.E0));
#13143=DIRECTION('',(1.E0,0.E0,0.E0));
#13144=AXIS2_PLACEMENT_3D('',#13141,#13142,#13143);
#13146=CARTESIAN_POINT('',(-9.5E-1,-6.7E0,-3.225E1));
#13147=DIRECTION('',(0.E0,-1.E0,0.E0));
#13148=DIRECTION('',(1.E0,0.E0,0.E0));
#13149=AXIS2_PLACEMENT_3D('',#13146,#13147,#13148);
#13151=DIRECTION('',(0.E0,0.E0,-1.E0));
#13152=VECTOR('',#13151,9.E-1);
#13153=CARTESIAN_POINT('',(-7.E-1,-6.7E0,-3.225E1));
#13154=LINE('',#13153,#13152);
#13155=DIRECTION('',(1.E0,0.E0,0.E0));
#13156=VECTOR('',#13155,1.4E0);
#13157=CARTESIAN_POINT('',(-7.E-1,-6.7E0,-3.315E1));
#13158=LINE('',#13157,#13156);
#13159=DIRECTION('',(0.E0,0.E0,1.E0));
#13160=VECTOR('',#13159,9.E-1);
#13161=CARTESIAN_POINT('',(7.E-1,-6.7E0,-3.315E1));
#13162=LINE('',#13161,#13160);
#13163=CARTESIAN_POINT('',(9.5E-1,-6.7E0,-3.225E1));
#13164=DIRECTION('',(0.E0,-1.E0,0.E0));
#13165=DIRECTION('',(0.E0,0.E0,1.E0));
#13166=AXIS2_PLACEMENT_3D('',#13163,#13164,#13165);
#13168=DIRECTION('',(1.E0,0.E0,0.E0));
#13169=VECTOR('',#13168,3.675E0);
#13170=CARTESIAN_POINT('',(9.5E-1,-6.7E0,-3.2E1));
#13171=LINE('',#13170,#13169);
#13172=DIRECTION('',(0.E0,0.E0,-1.E0));
#13173=VECTOR('',#13172,1.E0);
#13174=CARTESIAN_POINT('',(4.625E0,-6.7E0,-3.2E1));
#13175=LINE('',#13174,#13173);
#13176=DIRECTION('',(-1.E0,0.E0,0.E0));
#13177=VECTOR('',#13176,2.925E0);
#13178=CARTESIAN_POINT('',(4.625E0,-6.7E0,-3.3E1));
#13179=LINE('',#13178,#13177);
#13180=DIRECTION('',(0.E0,0.E0,-1.E0));
#13181=VECTOR('',#13180,9.E-1);
#13182=CARTESIAN_POINT('',(1.7E0,-6.7E0,-3.3E1));
#13183=LINE('',#13182,#13181);
#13184=CARTESIAN_POINT('',(1.45E0,-6.7E0,-3.39E1));
#13185=DIRECTION('',(0.E0,-1.E0,0.E0));
#13186=DIRECTION('',(0.E0,0.E0,-1.E0));
#13187=AXIS2_PLACEMENT_3D('',#13184,#13185,#13186);
#13189=DIRECTION('',(-1.E0,0.E0,0.E0));
#13190=VECTOR('',#13189,2.9E0);
#13191=CARTESIAN_POINT('',(1.45E0,-6.7E0,-3.415E1));
#13192=LINE('',#13191,#13190);
#13193=CARTESIAN_POINT('',(-1.45E0,-6.7E0,-3.39E1));
#13194=DIRECTION('',(0.E0,-1.E0,0.E0));
#13195=DIRECTION('',(-1.E0,0.E0,-2.842170943040E-14));
#13196=AXIS2_PLACEMENT_3D('',#13193,#13194,#13195);
#13198=DIRECTION('',(0.E0,0.E0,1.E0));
#13199=VECTOR('',#13198,9.E-1);
#13200=CARTESIAN_POINT('',(-1.7E0,-6.7E0,-3.39E1));
#13201=LINE('',#13200,#13199);
#13202=DIRECTION('',(-1.E0,0.E0,0.E0));
#13203=VECTOR('',#13202,2.925E0);
#13204=CARTESIAN_POINT('',(-1.7E0,-6.7E0,-3.3E1));
#13205=LINE('',#13204,#13203);
#13206=DIRECTION('',(0.E0,0.E0,1.E0));
#13207=VECTOR('',#13206,1.E0);
#13208=CARTESIAN_POINT('',(-4.625E0,-6.7E0,-3.3E1));
#13209=LINE('',#13208,#13207);
#13210=DIRECTION('',(1.E0,0.E0,0.E0));
#13211=VECTOR('',#13210,3.675E0);
#13212=CARTESIAN_POINT('',(-4.625E0,-6.7E0,-3.2E1));
#13213=LINE('',#13212,#13211);
#13214=CARTESIAN_POINT('',(-9.5E-1,-5.7E0,-3.225E1));
#13215=DIRECTION('',(0.E0,1.E0,0.E0));
#13216=DIRECTION('',(0.E0,0.E0,1.E0));
#13217=AXIS2_PLACEMENT_3D('',#13214,#13215,#13216);
#13219=DIRECTION('',(0.E0,-1.E0,0.E0));
#13220=VECTOR('',#13219,1.E0);
#13221=CARTESIAN_POINT('',(-9.5E-1,-5.7E0,-3.2E1));
#13222=LINE('',#13221,#13220);
#13223=DIRECTION('',(0.E0,-1.E0,0.E0));
#13224=VECTOR('',#13223,1.E0);
#13225=CARTESIAN_POINT('',(-4.625E0,-5.7E0,-3.2E1));
#13226=LINE('',#13225,#13224);
#13227=DIRECTION('',(0.E0,-1.E0,0.E0));
#13228=VECTOR('',#13227,1.E0);
#13229=CARTESIAN_POINT('',(-7.E-1,-5.7E0,-3.225E1));
#13230=LINE('',#13229,#13228);
#13231=DIRECTION('',(0.E0,-1.E0,0.E0));
#13232=VECTOR('',#13231,1.E0);
#13233=CARTESIAN_POINT('',(-7.E-1,-5.7E0,-3.315E1));
#13234=LINE('',#13233,#13232);
#13235=DIRECTION('',(0.E0,-1.E0,0.E0));
#13236=VECTOR('',#13235,1.E0);
#13237=CARTESIAN_POINT('',(7.E-1,-5.7E0,-3.225E1));
#13238=LINE('',#13237,#13236);
#13239=DIRECTION('',(0.E0,-1.E0,0.E0));
#13240=VECTOR('',#13239,1.E0);
#13241=CARTESIAN_POINT('',(7.E-1,-5.7E0,-3.315E1));
#13242=LINE('',#13241,#13240);
#13243=CARTESIAN_POINT('',(9.5E-1,-5.7E0,-3.225E1));
#13244=DIRECTION('',(0.E0,1.E0,0.E0));
#13245=DIRECTION('',(-1.E0,0.E0,0.E0));
#13246=AXIS2_PLACEMENT_3D('',#13243,#13244,#13245);
#13248=DIRECTION('',(0.E0,-1.E0,0.E0));
#13249=VECTOR('',#13248,1.E0);
#13250=CARTESIAN_POINT('',(9.5E-1,-5.7E0,-3.2E1));
#13251=LINE('',#13250,#13249);
#13252=DIRECTION('',(0.E0,-1.E0,0.E0));
#13253=VECTOR('',#13252,1.E0);
#13254=CARTESIAN_POINT('',(1.45E0,-5.7E0,-3.415E1));
#13255=LINE('',#13254,#13253);
#13256=DIRECTION('',(0.E0,-1.E0,0.E0));
#13257=VECTOR('',#13256,1.E0);
#13258=CARTESIAN_POINT('',(-1.45E0,-5.7E0,-3.415E1));
#13259=LINE('',#13258,#13257);
#13260=CARTESIAN_POINT('',(-1.45E0,-5.7E0,-3.39E1));
#13261=DIRECTION('',(0.E0,1.E0,0.E0));
#13262=DIRECTION('',(0.E0,0.E0,-1.E0));
#13263=AXIS2_PLACEMENT_3D('',#13260,#13261,#13262);
#13265=DIRECTION('',(0.E0,-1.E0,0.E0));
#13266=VECTOR('',#13265,1.E0);
#13267=CARTESIAN_POINT('',(-1.7E0,-5.7E0,-3.39E1));
#13268=LINE('',#13267,#13266);
#13269=DIRECTION('',(0.E0,-1.E0,0.E0));
#13270=VECTOR('',#13269,1.E0);
#13271=CARTESIAN_POINT('',(-1.7E0,-5.7E0,-3.3E1));
#13272=LINE('',#13271,#13270);
#13273=DIRECTION('',(-1.E0,0.E0,0.E0));
#13274=VECTOR('',#13273,5.E-1);
#13275=CARTESIAN_POINT('',(4.625E0,-5.7E0,-3.15E1));
#13276=LINE('',#13275,#13274);
#13277=DIRECTION('',(0.E0,-1.E0,0.E0));
#13278=VECTOR('',#13277,2.2E0);
#13279=CARTESIAN_POINT('',(4.625E0,-3.5E0,-3.15E1));
#13280=LINE('',#13279,#13278);
#13281=DIRECTION('',(-1.E0,0.E0,0.E0));
#13282=VECTOR('',#13281,5.E-1);
#13283=CARTESIAN_POINT('',(-4.125E0,-5.7E0,-3.15E1));
#13284=LINE('',#13283,#13282);
#13285=DIRECTION('',(0.E0,1.E0,0.E0));
#13286=VECTOR('',#13285,1.E0);
#13287=CARTESIAN_POINT('',(9.5E-1,-6.7E0,3.2E1));
#13288=LINE('',#13287,#13286);
#13289=CARTESIAN_POINT('',(9.5E-1,-5.7E0,3.225E1));
#13290=DIRECTION('',(0.E0,1.E0,0.E0));
#13291=DIRECTION('',(0.E0,0.E0,-1.E0));
#13292=AXIS2_PLACEMENT_3D('',#13289,#13290,#13291);
#13294=DIRECTION('',(0.E0,1.E0,0.E0));
#13295=VECTOR('',#13294,1.E0);
#13296=CARTESIAN_POINT('',(7.E-1,-6.7E0,3.225E1));
#13297=LINE('',#13296,#13295);
#13298=DIRECTION('',(0.E0,-1.E0,0.E0));
#13299=VECTOR('',#13298,1.E0);
#13300=CARTESIAN_POINT('',(7.E-1,-5.7E0,3.315E1));
#13301=LINE('',#13300,#13299);
#13302=DIRECTION('',(0.E0,-1.E0,0.E0));
#13303=VECTOR('',#13302,1.E0);
#13304=CARTESIAN_POINT('',(-7.E-1,-5.7E0,3.315E1));
#13305=LINE('',#13304,#13303);
#13306=DIRECTION('',(0.E0,1.E0,0.E0));
#13307=VECTOR('',#13306,1.E0);
#13308=CARTESIAN_POINT('',(-7.E-1,-6.7E0,3.225E1));
#13309=LINE('',#13308,#13307);
#13310=CARTESIAN_POINT('',(-4.125E0,-2.5E0,-3.7E1));
#13311=CARTESIAN_POINT('',(4.125E0,-2.5E0,-3.7E1));
#13312=VERTEX_POINT('',#13310);
#13313=VERTEX_POINT('',#13311);
#13314=CARTESIAN_POINT('',(4.125E0,-2.5E0,3.7E1));
#13315=VERTEX_POINT('',#13314);
#13316=CARTESIAN_POINT('',(-4.125E0,-2.5E0,3.7E1));
#13317=VERTEX_POINT('',#13316);
#13318=CARTESIAN_POINT('',(-4.125E0,-3.E0,-3.75E1));
#13319=CARTESIAN_POINT('',(4.125E0,-3.E0,-3.75E1));
#13320=VERTEX_POINT('',#13318);
#13321=VERTEX_POINT('',#13319);
#13322=CARTESIAN_POINT('',(4.125E0,-3.E0,3.75E1));
#13323=CARTESIAN_POINT('',(-4.125E0,-3.E0,3.75E1));
#13324=VERTEX_POINT('',#13322);
#13325=VERTEX_POINT('',#13323);
#13326=CARTESIAN_POINT('',(-4.125E0,-3.E0,-3.7E1));
#13327=CARTESIAN_POINT('',(4.125E0,-3.E0,-3.7E1));
#13328=VERTEX_POINT('',#13326);
#13329=VERTEX_POINT('',#13327);
#13330=CARTESIAN_POINT('',(4.125E0,-3.E0,3.7E1));
#13331=CARTESIAN_POINT('',(-4.125E0,-3.E0,3.7E1));
#13332=VERTEX_POINT('',#13330);
#13333=VERTEX_POINT('',#13331);
#13334=CARTESIAN_POINT('',(4.625E0,-3.5E0,3.15E1));
#13335=CARTESIAN_POINT('',(4.625E0,-3.5E0,3.75E1));
#13336=VERTEX_POINT('',#13334);
#13337=VERTEX_POINT('',#13335);
#13338=CARTESIAN_POINT('',(-4.625E0,-3.5E0,3.75E1));
#13339=CARTESIAN_POINT('',(-4.625E0,-3.5E0,3.15E1));
#13340=VERTEX_POINT('',#13338);
#13341=VERTEX_POINT('',#13339);
#13342=CARTESIAN_POINT('',(4.625E0,-3.5E0,1.65E1));
#13343=CARTESIAN_POINT('',(4.625E0,-3.5E0,2.84E1));
#13344=VERTEX_POINT('',#13342);
#13345=VERTEX_POINT('',#13343);
#13346=CARTESIAN_POINT('',(-4.625E0,-3.5E0,2.84E1));
#13347=CARTESIAN_POINT('',(-4.625E0,-3.5E0,1.65E1));
#13348=VERTEX_POINT('',#13346);
#13349=VERTEX_POINT('',#13347);
#13350=CARTESIAN_POINT('',(4.625E0,-3.5E0,1.5E0));
#13351=CARTESIAN_POINT('',(4.625E0,-3.5E0,1.34E1));
#13352=VERTEX_POINT('',#13350);
#13353=VERTEX_POINT('',#13351);
#13354=CARTESIAN_POINT('',(4.625E0,-3.5E0,-1.34E1));
#13355=CARTESIAN_POINT('',(4.625E0,-3.5E0,-1.55E0));
#13356=VERTEX_POINT('',#13354);
#13357=VERTEX_POINT('',#13355);
#13358=CARTESIAN_POINT('',(4.625E0,-3.5E0,-2.84E1));
#13359=CARTESIAN_POINT('',(4.625E0,-3.5E0,-1.65E1));
#13360=VERTEX_POINT('',#13358);
#13361=VERTEX_POINT('',#13359);
#13362=CARTESIAN_POINT('',(-4.625E0,-3.5E0,-1.65E1));
#13363=CARTESIAN_POINT('',(-4.625E0,-3.5E0,-2.84E1));
#13364=VERTEX_POINT('',#13362);
#13365=VERTEX_POINT('',#13363);
#13366=CARTESIAN_POINT('',(4.625E0,-3.5E0,-3.75E1));
#13367=CARTESIAN_POINT('',(4.625E0,-3.5E0,-3.15E1));
#13368=VERTEX_POINT('',#13366);
#13369=VERTEX_POINT('',#13367);
#13370=CARTESIAN_POINT('',(-4.625E0,-3.5E0,-3.15E1));
#13371=CARTESIAN_POINT('',(-4.625E0,-3.5E0,-3.75E1));
#13372=VERTEX_POINT('',#13370);
#13373=VERTEX_POINT('',#13371);
#13374=CARTESIAN_POINT('',(4.125E0,-3.5E0,-3.75E1));
#13375=CARTESIAN_POINT('',(4.125E0,-3.5E0,-3.15E1));
#13376=VERTEX_POINT('',#13374);
#13377=VERTEX_POINT('',#13375);
#13378=CARTESIAN_POINT('',(4.125E0,-3.5E0,-2.84E1));
#13379=CARTESIAN_POINT('',(4.125E0,-3.5E0,-1.65E1));
#13380=VERTEX_POINT('',#13378);
#13381=VERTEX_POINT('',#13379);
#13382=CARTESIAN_POINT('',(4.125E0,-3.5E0,-1.34E1));
#13383=CARTESIAN_POINT('',(4.125E0,-3.5E0,-1.55E0));
#13384=VERTEX_POINT('',#13382);
#13385=VERTEX_POINT('',#13383);
#13386=CARTESIAN_POINT('',(4.125E0,-3.5E0,1.5E0));
#13387=CARTESIAN_POINT('',(4.125E0,-3.5E0,1.34E1));
#13388=VERTEX_POINT('',#13386);
#13389=VERTEX_POINT('',#13387);
#13390=CARTESIAN_POINT('',(4.125E0,-3.5E0,1.65E1));
#13391=CARTESIAN_POINT('',(4.125E0,-3.5E0,2.84E1));
#13392=VERTEX_POINT('',#13390);
#13393=VERTEX_POINT('',#13391);
#13394=CARTESIAN_POINT('',(4.125E0,-3.5E0,3.15E1));
#13395=CARTESIAN_POINT('',(4.125E0,-3.5E0,3.75E1));
#13396=VERTEX_POINT('',#13394);
#13397=VERTEX_POINT('',#13395);
#13398=CARTESIAN_POINT('',(-4.125E0,-3.5E0,3.75E1));
#13399=CARTESIAN_POINT('',(-4.125E0,-3.5E0,3.15E1));
#13400=VERTEX_POINT('',#13398);
#13401=VERTEX_POINT('',#13399);
#13402=CARTESIAN_POINT('',(-4.125E0,-3.5E0,2.84E1));
#13403=CARTESIAN_POINT('',(-4.125E0,-3.5E0,1.65E1));
#13404=VERTEX_POINT('',#13402);
#13405=VERTEX_POINT('',#13403);
#13406=CARTESIAN_POINT('',(-4.125E0,-3.5E0,-1.65E1));
#13407=CARTESIAN_POINT('',(-4.125E0,-3.5E0,-2.84E1));
#13408=VERTEX_POINT('',#13406);
#13409=VERTEX_POINT('',#13407);
#13410=CARTESIAN_POINT('',(-4.125E0,-3.5E0,-3.15E1));
#13411=CARTESIAN_POINT('',(-4.125E0,-3.5E0,-3.75E1));
#13412=VERTEX_POINT('',#13410);
#13413=VERTEX_POINT('',#13411);
#13414=CARTESIAN_POINT('',(-4.125E0,-5.7E0,1.345E1));
#13415=CARTESIAN_POINT('',(-4.125E0,-3.5E0,1.345E1));
#13416=VERTEX_POINT('',#13414);
#13417=VERTEX_POINT('',#13415);
#13418=CARTESIAN_POINT('',(-4.625E0,-3.5E0,1.345E1));
#13419=VERTEX_POINT('',#13418);
#13420=CARTESIAN_POINT('',(-4.625E0,-3.5E0,-1.34E1));
#13421=CARTESIAN_POINT('',(-4.125E0,-3.5E0,-1.34E1));
#13422=VERTEX_POINT('',#13420);
#13423=VERTEX_POINT('',#13421);
#13424=CARTESIAN_POINT('',(4.625E0,-5.7E0,-3.15E1));
#13425=CARTESIAN_POINT('',(4.125E0,-5.7E0,-3.15E1));
#13426=VERTEX_POINT('',#13424);
#13427=VERTEX_POINT('',#13425);
#13428=CARTESIAN_POINT('',(-4.125E0,-5.7E0,-3.15E1));
#13429=CARTESIAN_POINT('',(-4.625E0,-5.7E0,-3.15E1));
#13430=VERTEX_POINT('',#13428);
#13431=VERTEX_POINT('',#13429);
#13432=CARTESIAN_POINT('',(4.125E0,-5.7E0,3.15E1));
#13433=CARTESIAN_POINT('',(4.625E0,-5.7E0,3.15E1));
#13434=VERTEX_POINT('',#13432);
#13435=VERTEX_POINT('',#13433);
#13436=CARTESIAN_POINT('',(-4.625E0,-5.7E0,3.15E1));
#13437=CARTESIAN_POINT('',(-4.125E0,-5.7E0,3.15E1));
#13438=VERTEX_POINT('',#13436);
#13439=VERTEX_POINT('',#13437);
#13440=CARTESIAN_POINT('',(-4.625E0,-6.7E0,2.815E1));
#13441=CARTESIAN_POINT('',(-4.625E0,-6.45E0,2.84E1));
#13442=VERTEX_POINT('',#13440);
#13443=VERTEX_POINT('',#13441);
#13444=CARTESIAN_POINT('',(-3.125E0,-6.45E0,2.84E1));
#13445=VERTEX_POINT('',#13444);
#13446=CARTESIAN_POINT('',(-3.125E0,-6.7E0,2.815E1));
#13447=VERTEX_POINT('',#13446);
#13448=CARTESIAN_POINT('',(4.625E0,-6.45E0,2.84E1));
#13449=CARTESIAN_POINT('',(3.125E0,-6.45E0,2.84E1));
#13450=VERTEX_POINT('',#13448);
#13451=VERTEX_POINT('',#13449);
#13452=CARTESIAN_POINT('',(4.625E0,-6.7E0,2.815E1));
#13453=VERTEX_POINT('',#13452);
#13454=CARTESIAN_POINT('',(3.125E0,-6.7E0,2.815E1));
#13455=VERTEX_POINT('',#13454);
#13456=CARTESIAN_POINT('',(4.625E0,-6.7E0,1.675E1));
#13457=CARTESIAN_POINT('',(4.625E0,-6.45E0,1.65E1));
#13458=VERTEX_POINT('',#13456);
#13459=VERTEX_POINT('',#13457);
#13460=CARTESIAN_POINT('',(3.125E0,-6.45E0,1.65E1));
#13461=VERTEX_POINT('',#13460);
#13462=CARTESIAN_POINT('',(3.125E0,-6.7E0,1.675E1));
#13463=VERTEX_POINT('',#13462);
#13464=CARTESIAN_POINT('',(-4.625E0,-6.45E0,1.65E1));
#13465=CARTESIAN_POINT('',(-3.125E0,-6.45E0,1.65E1));
#13466=VERTEX_POINT('',#13464);
#13467=VERTEX_POINT('',#13465);
#13468=CARTESIAN_POINT('',(-4.625E0,-6.7E0,1.675E1));
#13469=VERTEX_POINT('',#13468);
#13470=CARTESIAN_POINT('',(-3.125E0,-6.7E0,1.675E1));
#13471=VERTEX_POINT('',#13470);
#13472=CARTESIAN_POINT('',(-4.625E0,-6.7E0,1.32E1));
#13473=CARTESIAN_POINT('',(-4.625E0,-6.45E0,1.345E1));
#13474=VERTEX_POINT('',#13472);
#13475=VERTEX_POINT('',#13473);
#13476=CARTESIAN_POINT('',(-4.125E0,-6.45E0,1.345E1));
#13477=VERTEX_POINT('',#13476);
#13478=CARTESIAN_POINT('',(-4.125E0,-6.5E0,1.34E1));
#13479=VERTEX_POINT('',#13478);
#13480=CARTESIAN_POINT('',(-4.125E0,-6.7E0,1.32E1));
#13481=VERTEX_POINT('',#13480);
#13482=CARTESIAN_POINT('',(4.625E0,-6.45E0,1.34E1));
#13483=CARTESIAN_POINT('',(3.125E0,-6.45E0,1.34E1));
#13484=VERTEX_POINT('',#13482);
#13485=VERTEX_POINT('',#13483);
#13486=CARTESIAN_POINT('',(4.625E0,-6.7E0,1.315E1));
#13487=VERTEX_POINT('',#13486);
#13488=CARTESIAN_POINT('',(3.125E0,-6.7E0,1.315E1));
#13489=VERTEX_POINT('',#13488);
#13490=CARTESIAN_POINT('',(4.625E0,-6.7E0,1.75E0));
#13491=CARTESIAN_POINT('',(4.625E0,-6.45E0,1.5E0));
#13492=VERTEX_POINT('',#13490);
#13493=VERTEX_POINT('',#13491);
#13494=CARTESIAN_POINT('',(3.125E0,-6.45E0,1.5E0));
#13495=VERTEX_POINT('',#13494);
#13496=CARTESIAN_POINT('',(3.125E0,-6.7E0,1.75E0));
#13497=VERTEX_POINT('',#13496);
#13498=CARTESIAN_POINT('',(-4.625E0,-6.45E0,-1.34E1));
#13499=CARTESIAN_POINT('',(-3.125E0,-6.45E0,-1.34E1));
#13500=VERTEX_POINT('',#13498);
#13501=VERTEX_POINT('',#13499);
#13502=CARTESIAN_POINT('',(-4.625E0,-6.7E0,-1.315E1));
#13503=VERTEX_POINT('',#13502);
#13504=CARTESIAN_POINT('',(-3.125E0,-6.7E0,-1.315E1));
#13505=VERTEX_POINT('',#13504);
#13506=CARTESIAN_POINT('',(4.625E0,-6.7E0,-1.315E1));
#13507=CARTESIAN_POINT('',(4.625E0,-6.45E0,-1.34E1));
#13508=VERTEX_POINT('',#13506);
#13509=VERTEX_POINT('',#13507);
#13510=CARTESIAN_POINT('',(3.125E0,-6.45E0,-1.34E1));
#13511=VERTEX_POINT('',#13510);
#13512=CARTESIAN_POINT('',(3.125E0,-6.7E0,-1.315E1));
#13513=VERTEX_POINT('',#13512);
#13514=CARTESIAN_POINT('',(4.625E0,-6.45E0,-1.65E1));
#13515=CARTESIAN_POINT('',(3.125E0,-6.45E0,-1.65E1));
#13516=VERTEX_POINT('',#13514);
#13517=VERTEX_POINT('',#13515);
#13518=CARTESIAN_POINT('',(4.375E0,-6.7E0,-1.675E1));
#13519=CARTESIAN_POINT('',(3.375E0,-6.7E0,-1.675E1));
#13520=VERTEX_POINT('',#13518);
#13521=VERTEX_POINT('',#13519);
#13522=CARTESIAN_POINT('',(-4.625E0,-6.7E0,-1.675E1));
#13523=CARTESIAN_POINT('',(-4.625E0,-6.45E0,-1.65E1));
#13524=VERTEX_POINT('',#13522);
#13525=VERTEX_POINT('',#13523);
#13526=CARTESIAN_POINT('',(-3.125E0,-6.45E0,-1.65E1));
#13527=VERTEX_POINT('',#13526);
#13528=CARTESIAN_POINT('',(-3.125E0,-6.7E0,-1.675E1));
#13529=VERTEX_POINT('',#13528);
#13530=CARTESIAN_POINT('',(-4.625E0,-6.45E0,-2.84E1));
#13531=CARTESIAN_POINT('',(-3.125E0,-6.45E0,-2.84E1));
#13532=VERTEX_POINT('',#13530);
#13533=VERTEX_POINT('',#13531);
#13534=CARTESIAN_POINT('',(-4.625E0,-6.7E0,-2.815E1));
#13535=VERTEX_POINT('',#13534);
#13536=CARTESIAN_POINT('',(-3.125E0,-6.7E0,-2.815E1));
#13537=VERTEX_POINT('',#13536);
#13538=CARTESIAN_POINT('',(3.125E0,-6.45E0,-2.84E1));
#13539=CARTESIAN_POINT('',(4.625E0,-6.45E0,-2.84E1));
#13540=VERTEX_POINT('',#13538);
#13541=VERTEX_POINT('',#13539);
#13542=CARTESIAN_POINT('',(3.375E0,-6.7E0,-2.815E1));
#13543=CARTESIAN_POINT('',(4.375E0,-6.7E0,-2.815E1));
#13544=VERTEX_POINT('',#13542);
#13545=VERTEX_POINT('',#13543);
#13546=CARTESIAN_POINT('',(4.625E0,-6.7E0,-1.8E0));
#13547=VERTEX_POINT('',#13546);
#13548=CARTESIAN_POINT('',(4.625E0,-6.45E0,-1.55E0));
#13549=VERTEX_POINT('',#13548);
#13550=CARTESIAN_POINT('',(-7.E-1,-6.7E0,3.315E1));
#13551=CARTESIAN_POINT('',(7.E-1,-6.7E0,3.315E1));
#13552=VERTEX_POINT('',#13550);
#13553=VERTEX_POINT('',#13551);
#13554=CARTESIAN_POINT('',(4.625E0,-6.7E0,3.2E1));
#13555=CARTESIAN_POINT('',(4.625E0,-6.7E0,3.3E1));
#13556=VERTEX_POINT('',#13554);
#13557=VERTEX_POINT('',#13555);
#13558=CARTESIAN_POINT('',(1.7E0,-6.7E0,3.3E1));
#13559=VERTEX_POINT('',#13558);
#13560=CARTESIAN_POINT('',(-1.7E0,-6.7E0,3.3E1));
#13561=CARTESIAN_POINT('',(-4.625E0,-6.7E0,3.3E1));
#13562=VERTEX_POINT('',#13560);
#13563=VERTEX_POINT('',#13561);
#13564=CARTESIAN_POINT('',(-4.625E0,-6.7E0,3.2E1));
#13565=VERTEX_POINT('',#13564);
#13566=CARTESIAN_POINT('',(-7.E-1,-5.7E0,3.315E1));
#13567=CARTESIAN_POINT('',(7.E-1,-5.7E0,3.315E1));
#13568=VERTEX_POINT('',#13566);
#13569=VERTEX_POINT('',#13567);
#13570=CARTESIAN_POINT('',(4.625E0,-5.7E0,3.3E1));
#13571=CARTESIAN_POINT('',(1.7E0,-5.7E0,3.3E1));
#13572=VERTEX_POINT('',#13570);
#13573=VERTEX_POINT('',#13571);
#13574=CARTESIAN_POINT('',(-4.625E0,-5.7E0,3.3E1));
#13575=CARTESIAN_POINT('',(-1.7E0,-5.7E0,3.3E1));
#13576=VERTEX_POINT('',#13574);
#13577=VERTEX_POINT('',#13575);
#13578=CARTESIAN_POINT('',(4.625E0,-5.7E0,3.2E1));
#13579=VERTEX_POINT('',#13578);
#13580=CARTESIAN_POINT('',(-4.625E0,-5.7E0,3.2E1));
#13581=VERTEX_POINT('',#13580);
#13582=CARTESIAN_POINT('',(-7.E-1,-6.7E0,-3.315E1));
#13583=CARTESIAN_POINT('',(7.E-1,-6.7E0,-3.315E1));
#13584=VERTEX_POINT('',#13582);
#13585=VERTEX_POINT('',#13583);
#13586=CARTESIAN_POINT('',(4.625E0,-6.7E0,-3.2E1));
#13587=CARTESIAN_POINT('',(4.625E0,-6.7E0,-3.3E1));
#13588=VERTEX_POINT('',#13586);
#13589=VERTEX_POINT('',#13587);
#13590=CARTESIAN_POINT('',(1.7E0,-6.7E0,-3.3E1));
#13591=VERTEX_POINT('',#13590);
#13592=CARTESIAN_POINT('',(-1.7E0,-6.7E0,-3.3E1));
#13593=CARTESIAN_POINT('',(-4.625E0,-6.7E0,-3.3E1));
#13594=VERTEX_POINT('',#13592);
#13595=VERTEX_POINT('',#13593);
#13596=CARTESIAN_POINT('',(-4.625E0,-6.7E0,-3.2E1));
#13597=VERTEX_POINT('',#13596);
#13598=CARTESIAN_POINT('',(-4.625E0,-5.7E0,-3.2E1));
#13599=VERTEX_POINT('',#13598);
#13600=CARTESIAN_POINT('',(-7.E-1,-5.7E0,-3.315E1));
#13601=VERTEX_POINT('',#13600);
#13602=CARTESIAN_POINT('',(7.E-1,-5.7E0,-3.315E1));
#13603=VERTEX_POINT('',#13602);
#13604=CARTESIAN_POINT('',(4.625E0,-5.7E0,-3.2E1));
#13605=VERTEX_POINT('',#13604);
#13606=CARTESIAN_POINT('',(4.625E0,-5.7E0,-3.3E1));
#13607=VERTEX_POINT('',#13606);
#13608=CARTESIAN_POINT('',(1.7E0,-5.7E0,-3.3E1));
#13609=VERTEX_POINT('',#13608);
#13610=CARTESIAN_POINT('',(-1.7E0,-5.7E0,-3.3E1));
#13611=VERTEX_POINT('',#13610);
#13612=CARTESIAN_POINT('',(-4.625E0,-5.7E0,-3.3E1));
#13613=VERTEX_POINT('',#13612);
#13614=CARTESIAN_POINT('',(4.125E0,-5.7E0,2.84E1));
#13615=CARTESIAN_POINT('',(3.125E0,-5.7E0,2.84E1));
#13616=VERTEX_POINT('',#13614);
#13617=VERTEX_POINT('',#13615);
#13618=CARTESIAN_POINT('',(3.125E0,-5.7E0,1.65E1));
#13619=VERTEX_POINT('',#13618);
#13620=CARTESIAN_POINT('',(4.125E0,-5.7E0,1.65E1));
#13621=VERTEX_POINT('',#13620);
#13622=CARTESIAN_POINT('',(4.125E0,-5.7E0,1.34E1));
#13623=CARTESIAN_POINT('',(3.125E0,-5.7E0,1.34E1));
#13624=VERTEX_POINT('',#13622);
#13625=VERTEX_POINT('',#13623);
#13626=CARTESIAN_POINT('',(3.125E0,-5.7E0,1.5E0));
#13627=VERTEX_POINT('',#13626);
#13628=CARTESIAN_POINT('',(4.125E0,-5.7E0,1.5E0));
#13629=VERTEX_POINT('',#13628);
#13630=CARTESIAN_POINT('',(-4.125E0,-5.7E0,1.65E1));
#13631=CARTESIAN_POINT('',(-3.125E0,-5.7E0,1.65E1));
#13632=VERTEX_POINT('',#13630);
#13633=VERTEX_POINT('',#13631);
#13634=CARTESIAN_POINT('',(-3.125E0,-5.7E0,2.84E1));
#13635=VERTEX_POINT('',#13634);
#13636=CARTESIAN_POINT('',(-4.125E0,-5.7E0,2.84E1));
#13637=VERTEX_POINT('',#13636);
#13638=CARTESIAN_POINT('',(-3.125E0,-5.7E0,1.34E1));
#13639=CARTESIAN_POINT('',(-4.125E0,-5.7E0,1.34E1));
#13640=VERTEX_POINT('',#13638);
#13641=VERTEX_POINT('',#13639);
#13642=CARTESIAN_POINT('',(4.125E0,-5.7E0,-1.65E1));
#13643=CARTESIAN_POINT('',(3.125E0,-5.7E0,-1.65E1));
#13644=VERTEX_POINT('',#13642);
#13645=VERTEX_POINT('',#13643);
#13646=CARTESIAN_POINT('',(3.125E0,-5.7E0,-2.84E1));
#13647=VERTEX_POINT('',#13646);
#13648=CARTESIAN_POINT('',(4.125E0,-5.7E0,-2.84E1));
#13649=VERTEX_POINT('',#13648);
#13650=CARTESIAN_POINT('',(3.125E0,-5.7E0,-1.34E1));
#13651=CARTESIAN_POINT('',(4.125E0,-5.7E0,-1.34E1));
#13652=VERTEX_POINT('',#13650);
#13653=VERTEX_POINT('',#13651);
#13654=CARTESIAN_POINT('',(-4.125E0,-5.7E0,-2.84E1));
#13655=CARTESIAN_POINT('',(-3.125E0,-5.7E0,-2.84E1));
#13656=VERTEX_POINT('',#13654);
#13657=VERTEX_POINT('',#13655);
#13658=CARTESIAN_POINT('',(-3.125E0,-5.7E0,-1.65E1));
#13659=VERTEX_POINT('',#13658);
#13660=CARTESIAN_POINT('',(-4.125E0,-5.7E0,-1.65E1));
#13661=VERTEX_POINT('',#13660);
#13662=CARTESIAN_POINT('',(-4.125E0,-5.7E0,-1.34E1));
#13663=CARTESIAN_POINT('',(-3.125E0,-5.7E0,-1.34E1));
#13664=VERTEX_POINT('',#13662);
#13665=VERTEX_POINT('',#13663);
#13666=CARTESIAN_POINT('',(-3.125E0,-6.7E0,1.34E1));
#13667=VERTEX_POINT('',#13666);
#13668=CARTESIAN_POINT('',(-4.125E0,-6.7E0,1.34E1));
#13669=VERTEX_POINT('',#13668);
#13670=CARTESIAN_POINT('',(-1.45E0,-6.7E0,3.415E1));
#13671=CARTESIAN_POINT('',(-1.45E0,-5.7E0,3.415E1));
#13672=VERTEX_POINT('',#13670);
#13673=VERTEX_POINT('',#13671);
#13674=CARTESIAN_POINT('',(-1.7E0,-6.7E0,3.39E1));
#13675=VERTEX_POINT('',#13674);
#13676=CARTESIAN_POINT('',(-1.7E0,-5.7E0,3.39E1));
#13677=VERTEX_POINT('',#13676);
#13678=CARTESIAN_POINT('',(1.7E0,-6.7E0,3.39E1));
#13679=CARTESIAN_POINT('',(1.7E0,-5.7E0,3.39E1));
#13680=VERTEX_POINT('',#13678);
#13681=VERTEX_POINT('',#13679);
#13682=CARTESIAN_POINT('',(1.45E0,-6.7E0,3.415E1));
#13683=VERTEX_POINT('',#13682);
#13684=CARTESIAN_POINT('',(1.45E0,-5.7E0,3.415E1));
#13685=VERTEX_POINT('',#13684);
#13686=CARTESIAN_POINT('',(-9.5E-1,-6.7E0,3.2E1));
#13687=CARTESIAN_POINT('',(-9.5E-1,-5.7E0,3.2E1));
#13688=VERTEX_POINT('',#13686);
#13689=VERTEX_POINT('',#13687);
#13690=CARTESIAN_POINT('',(-7.E-1,-6.7E0,3.225E1));
#13691=VERTEX_POINT('',#13690);
#13692=CARTESIAN_POINT('',(-7.E-1,-5.7E0,3.225E1));
#13693=VERTEX_POINT('',#13692);
#13694=CARTESIAN_POINT('',(7.E-1,-6.7E0,3.225E1));
#13695=CARTESIAN_POINT('',(7.E-1,-5.7E0,3.225E1));
#13696=VERTEX_POINT('',#13694);
#13697=VERTEX_POINT('',#13695);
#13698=CARTESIAN_POINT('',(9.5E-1,-6.7E0,3.2E1));
#13699=VERTEX_POINT('',#13698);
#13700=CARTESIAN_POINT('',(9.5E-1,-5.7E0,3.2E1));
#13701=VERTEX_POINT('',#13700);
#13702=CARTESIAN_POINT('',(-7.E-1,-6.7E0,-3.225E1));
#13703=CARTESIAN_POINT('',(-9.5E-1,-6.7E0,-3.2E1));
#13704=VERTEX_POINT('',#13702);
#13705=VERTEX_POINT('',#13703);
#13706=CARTESIAN_POINT('',(-9.5E-1,-5.7E0,-3.2E1));
#13707=VERTEX_POINT('',#13706);
#13708=CARTESIAN_POINT('',(-7.E-1,-5.7E0,-3.225E1));
#13709=VERTEX_POINT('',#13708);
#13710=CARTESIAN_POINT('',(9.5E-1,-6.7E0,-3.2E1));
#13711=CARTESIAN_POINT('',(7.E-1,-6.7E0,-3.225E1));
#13712=VERTEX_POINT('',#13710);
#13713=VERTEX_POINT('',#13711);
#13714=CARTESIAN_POINT('',(7.E-1,-5.7E0,-3.225E1));
#13715=VERTEX_POINT('',#13714);
#13716=CARTESIAN_POINT('',(9.5E-1,-5.7E0,-3.2E1));
#13717=VERTEX_POINT('',#13716);
#13718=CARTESIAN_POINT('',(1.45E0,-6.7E0,-3.415E1));
#13719=CARTESIAN_POINT('',(1.7E0,-6.7E0,-3.39E1));
#13720=VERTEX_POINT('',#13718);
#13721=VERTEX_POINT('',#13719);
#13722=CARTESIAN_POINT('',(1.7E0,-5.7E0,-3.39E1));
#13723=VERTEX_POINT('',#13722);
#13724=CARTESIAN_POINT('',(1.45E0,-5.7E0,-3.415E1));
#13725=VERTEX_POINT('',#13724);
#13726=CARTESIAN_POINT('',(-1.7E0,-6.7E0,-3.39E1));
#13727=CARTESIAN_POINT('',(-1.45E0,-6.7E0,-3.415E1));
#13728=VERTEX_POINT('',#13726);
#13729=VERTEX_POINT('',#13727);
#13730=CARTESIAN_POINT('',(-1.45E0,-5.7E0,-3.415E1));
#13731=VERTEX_POINT('',#13730);
#13732=CARTESIAN_POINT('',(-1.7E0,-5.7E0,-3.39E1));
#13733=VERTEX_POINT('',#13732);
#13734=CARTESIAN_POINT('',(-4.625E0,-4.6E0,-3.75E1));
#13735=CARTESIAN_POINT('',(4.625E0,-4.6E0,-3.75E1));
#13736=VERTEX_POINT('',#13734);
#13737=VERTEX_POINT('',#13735);
#13738=CARTESIAN_POINT('',(4.625E0,-4.6E0,3.75E1));
#13739=CARTESIAN_POINT('',(-4.625E0,-4.6E0,3.75E1));
#13740=VERTEX_POINT('',#13738);
#13741=VERTEX_POINT('',#13739);
#13742=CARTESIAN_POINT('',(-4.625E0,-5.7E0,-3.69E1));
#13743=CARTESIAN_POINT('',(4.625E0,-5.7E0,-3.69E1));
#13744=VERTEX_POINT('',#13742);
#13745=VERTEX_POINT('',#13743);
#13746=CARTESIAN_POINT('',(-4.625E0,-5.7E0,3.69E1));
#13747=CARTESIAN_POINT('',(4.625E0,-5.7E0,3.69E1));
#13748=VERTEX_POINT('',#13746);
#13749=VERTEX_POINT('',#13747);
#13750=CARTESIAN_POINT('',(4.625E0,-4.6E0,3.69E1));
#13751=VERTEX_POINT('',#13750);
#13752=CARTESIAN_POINT('',(-4.625E0,-4.6E0,3.69E1));
#13753=VERTEX_POINT('',#13752);
#13754=CARTESIAN_POINT('',(4.625E0,-4.6E0,-3.69E1));
#13755=VERTEX_POINT('',#13754);
#13756=CARTESIAN_POINT('',(-4.625E0,-4.6E0,-3.69E1));
#13757=VERTEX_POINT('',#13756);
#13758=CARTESIAN_POINT('',(-3.125E0,-5.7E0,2.325E0));
#13759=VERTEX_POINT('',#13758);
#13760=CARTESIAN_POINT('',(-3.125E0,-5.7E0,-2.325E0));
#13761=VERTEX_POINT('',#13760);
#13762=CARTESIAN_POINT('',(-4.625E0,-3.5E0,2.325E0));
#13763=CARTESIAN_POINT('',(-4.125E0,-3.5E0,2.325E0));
#13764=VERTEX_POINT('',#13762);
#13765=VERTEX_POINT('',#13763);
#13766=CARTESIAN_POINT('',(-4.625E0,-3.5E0,-2.325E0));
#13767=CARTESIAN_POINT('',(-4.125E0,-3.5E0,-2.325E0));
#13768=VERTEX_POINT('',#13766);
#13769=VERTEX_POINT('',#13767);
#13770=CARTESIAN_POINT('',(-4.125E0,-5.7E0,2.325E0));
#13771=VERTEX_POINT('',#13770);
#13772=CARTESIAN_POINT('',(-4.125E0,-5.7E0,-2.325E0));
#13773=VERTEX_POINT('',#13772);
#13774=CARTESIAN_POINT('',(-4.625E0,-6.7E0,-2.575E0));
#13775=CARTESIAN_POINT('',(-4.625E0,-6.45E0,-2.325E0));
#13776=VERTEX_POINT('',#13774);
#13777=VERTEX_POINT('',#13775);
#13778=CARTESIAN_POINT('',(-3.125E0,-6.45E0,-2.325E0));
#13779=VERTEX_POINT('',#13778);
#13780=CARTESIAN_POINT('',(-3.125E0,-6.7E0,-2.575E0));
#13781=VERTEX_POINT('',#13780);
#13782=CARTESIAN_POINT('',(-3.125E0,-6.7E0,2.575E0));
#13783=CARTESIAN_POINT('',(-3.125E0,-6.45E0,2.325E0));
#13784=VERTEX_POINT('',#13782);
#13785=VERTEX_POINT('',#13783);
#13786=CARTESIAN_POINT('',(-4.625E0,-6.45E0,2.325E0));
#13787=VERTEX_POINT('',#13786);
#13788=CARTESIAN_POINT('',(-4.625E0,-6.7E0,2.575E0));
#13789=VERTEX_POINT('',#13788);
#13790=CARTESIAN_POINT('',(3.125E0,-5.7E0,-1.55E0));
#13791=VERTEX_POINT('',#13790);
#13792=CARTESIAN_POINT('',(4.125E0,-5.7E0,-1.55E0));
#13793=VERTEX_POINT('',#13792);
#13794=CARTESIAN_POINT('',(3.125E0,-6.7E0,-1.8E0));
#13795=VERTEX_POINT('',#13794);
#13796=CARTESIAN_POINT('',(3.125E0,-6.45E0,-1.55E0));
#13797=VERTEX_POINT('',#13796);
#13798=CARTESIAN_POINT('',(0.E0,-2.5E0,0.E0));
#13799=DIRECTION('',(0.E0,-1.E0,0.E0));
#13800=DIRECTION('',(0.E0,0.E0,1.E0));
#13801=AXIS2_PLACEMENT_3D('',#13798,#13799,#13800);
#13802=PLANE('',#13801);
#13804=ORIENTED_EDGE('',*,*,#13803,.T.);
#13806=ORIENTED_EDGE('',*,*,#13805,.T.);
#13808=ORIENTED_EDGE('',*,*,#13807,.T.);
#13810=ORIENTED_EDGE('',*,*,#13809,.T.);
#13811=EDGE_LOOP('',(#13804,#13806,#13808,#13810));
#13812=FACE_OUTER_BOUND('',#13811,.F.);
#13813=ADVANCED_FACE('',(#13812),#13802,.F.);
#13814=CARTESIAN_POINT('',(-4.125E0,-2.5E0,-3.7E1));
#13815=DIRECTION('',(0.E0,0.E0,-1.E0));
#13816=DIRECTION('',(1.E0,0.E0,0.E0));
#13817=AXIS2_PLACEMENT_3D('',#13814,#13815,#13816);
#13818=PLANE('',#13817);
#13820=ORIENTED_EDGE('',*,*,#13819,.T.);
#13822=ORIENTED_EDGE('',*,*,#13821,.F.);
#13823=ORIENTED_EDGE('',*,*,#13803,.F.);
#13825=ORIENTED_EDGE('',*,*,#13824,.T.);
#13826=EDGE_LOOP('',(#13820,#13822,#13823,#13825));
#13827=FACE_OUTER_BOUND('',#13826,.F.);
#13828=ADVANCED_FACE('',(#13827),#13818,.T.);
#13829=CARTESIAN_POINT('',(0.E0,-3.E0,0.E0));
#13830=DIRECTION('',(0.E0,-1.E0,0.E0));
#13831=DIRECTION('',(0.E0,0.E0,1.E0));
#13832=AXIS2_PLACEMENT_3D('',#13829,#13830,#13831);
#13833=PLANE('',#13832);
#13834=ORIENTED_EDGE('',*,*,#13819,.F.);
#13836=ORIENTED_EDGE('',*,*,#13835,.T.);
#13838=ORIENTED_EDGE('',*,*,#13837,.T.);
#13840=ORIENTED_EDGE('',*,*,#13839,.T.);
#13841=EDGE_LOOP('',(#13834,#13836,#13838,#13840));
#13842=FACE_OUTER_BOUND('',#13841,.F.);
#13843=ADVANCED_FACE('',(#13842),#13833,.F.);
#13844=CARTESIAN_POINT('',(0.E0,-3.E0,0.E0));
#13845=DIRECTION('',(0.E0,-1.E0,0.E0));
#13846=DIRECTION('',(0.E0,0.E0,1.E0));
#13847=AXIS2_PLACEMENT_3D('',#13844,#13845,#13846);
#13848=PLANE('',#13847);
#13850=ORIENTED_EDGE('',*,*,#13849,.F.);
#13852=ORIENTED_EDGE('',*,*,#13851,.T.);
#13854=ORIENTED_EDGE('',*,*,#13853,.T.);
#13856=ORIENTED_EDGE('',*,*,#13855,.T.);
#13857=EDGE_LOOP('',(#13850,#13852,#13854,#13856));
#13858=FACE_OUTER_BOUND('',#13857,.F.);
#13859=ADVANCED_FACE('',(#13858),#13848,.F.);
#13860=CARTESIAN_POINT('',(-4.125E0,-2.5E0,3.7E1));
#13861=DIRECTION('',(-1.E0,0.E0,0.E0));
#13862=DIRECTION('',(0.E0,0.E0,-1.E0));
#13863=AXIS2_PLACEMENT_3D('',#13860,#13861,#13862);
#13864=PLANE('',#13863);
#13866=ORIENTED_EDGE('',*,*,#13865,.T.);
#13868=ORIENTED_EDGE('',*,*,#13867,.F.);
#13870=ORIENTED_EDGE('',*,*,#13869,.T.);
#13872=ORIENTED_EDGE('',*,*,#13871,.F.);
#13874=ORIENTED_EDGE('',*,*,#13873,.T.);
#13876=ORIENTED_EDGE('',*,*,#13875,.T.);
#13878=ORIENTED_EDGE('',*,*,#13877,.T.);
#13880=ORIENTED_EDGE('',*,*,#13879,.F.);
#13882=ORIENTED_EDGE('',*,*,#13881,.T.);
#13884=ORIENTED_EDGE('',*,*,#13883,.T.);
#13886=ORIENTED_EDGE('',*,*,#13885,.T.);
#13888=ORIENTED_EDGE('',*,*,#13887,.F.);
#13889=ORIENTED_EDGE('',*,*,#13835,.F.);
#13890=ORIENTED_EDGE('',*,*,#13824,.F.);
#13891=ORIENTED_EDGE('',*,*,#13809,.F.);
#13893=ORIENTED_EDGE('',*,*,#13892,.T.);
#13894=ORIENTED_EDGE('',*,*,#13855,.F.);
#13896=ORIENTED_EDGE('',*,*,#13895,.T.);
#13898=ORIENTED_EDGE('',*,*,#13897,.T.);
#13900=ORIENTED_EDGE('',*,*,#13899,.F.);
#13902=ORIENTED_EDGE('',*,*,#13901,.T.);
#13904=ORIENTED_EDGE('',*,*,#13903,.T.);
#13906=ORIENTED_EDGE('',*,*,#13905,.T.);
#13908=ORIENTED_EDGE('',*,*,#13907,.F.);
#13910=ORIENTED_EDGE('',*,*,#13909,.T.);
#13912=ORIENTED_EDGE('',*,*,#13911,.T.);
#13914=ORIENTED_EDGE('',*,*,#13913,.T.);
#13916=ORIENTED_EDGE('',*,*,#13915,.F.);
#13917=EDGE_LOOP('',(#13866,#13868,#13870,#13872,#13874,#13876,#13878,#13880,
#13882,#13884,#13886,#13888,#13889,#13890,#13891,#13893,#13894,#13896,#13898,
#13900,#13902,#13904,#13906,#13908,#13910,#13912,#13914,#13916));
#13918=FACE_OUTER_BOUND('',#13917,.F.);
#13919=ADVANCED_FACE('',(#13918),#13864,.T.);
#13920=CARTESIAN_POINT('',(0.E0,-5.7E0,0.E0));
#13921=DIRECTION('',(0.E0,1.E0,0.E0));
#13922=DIRECTION('',(0.E0,0.E0,1.E0));
#13923=AXIS2_PLACEMENT_3D('',#13920,#13921,#13922);
#13924=PLANE('',#13923);
#13926=ORIENTED_EDGE('',*,*,#13925,.T.);
#13928=ORIENTED_EDGE('',*,*,#13927,.F.);
#13930=ORIENTED_EDGE('',*,*,#13929,.T.);
#13932=ORIENTED_EDGE('',*,*,#13931,.T.);
#13934=ORIENTED_EDGE('',*,*,#13933,.T.);
#13936=ORIENTED_EDGE('',*,*,#13935,.F.);
#13938=ORIENTED_EDGE('',*,*,#13937,.F.);
#13940=ORIENTED_EDGE('',*,*,#13939,.F.);
#13942=ORIENTED_EDGE('',*,*,#13941,.F.);
#13944=ORIENTED_EDGE('',*,*,#13943,.F.);
#13946=ORIENTED_EDGE('',*,*,#13945,.T.);
#13948=ORIENTED_EDGE('',*,*,#13947,.T.);
#13950=ORIENTED_EDGE('',*,*,#13949,.T.);
#13952=ORIENTED_EDGE('',*,*,#13951,.F.);
#13954=ORIENTED_EDGE('',*,*,#13953,.T.);
#13956=ORIENTED_EDGE('',*,*,#13955,.T.);
#13958=ORIENTED_EDGE('',*,*,#13957,.T.);
#13960=ORIENTED_EDGE('',*,*,#13959,.T.);
#13962=ORIENTED_EDGE('',*,*,#13961,.F.);
#13964=ORIENTED_EDGE('',*,*,#13963,.T.);
#13966=ORIENTED_EDGE('',*,*,#13965,.T.);
#13968=ORIENTED_EDGE('',*,*,#13967,.F.);
#13970=ORIENTED_EDGE('',*,*,#13969,.T.);
#13972=ORIENTED_EDGE('',*,*,#13971,.T.);
#13974=ORIENTED_EDGE('',*,*,#13973,.T.);
#13976=ORIENTED_EDGE('',*,*,#13975,.F.);
#13978=ORIENTED_EDGE('',*,*,#13977,.F.);
#13980=ORIENTED_EDGE('',*,*,#13979,.F.);
#13982=ORIENTED_EDGE('',*,*,#13981,.T.);
#13984=ORIENTED_EDGE('',*,*,#13983,.F.);
#13986=ORIENTED_EDGE('',*,*,#13985,.F.);
#13988=ORIENTED_EDGE('',*,*,#13987,.F.);
#13990=ORIENTED_EDGE('',*,*,#13989,.F.);
#13992=ORIENTED_EDGE('',*,*,#13991,.F.);
#13994=ORIENTED_EDGE('',*,*,#13993,.F.);
#13996=ORIENTED_EDGE('',*,*,#13995,.F.);
#13998=ORIENTED_EDGE('',*,*,#13997,.F.);
#13999=ORIENTED_EDGE('',*,*,#13881,.F.);
#14001=ORIENTED_EDGE('',*,*,#14000,.T.);
#14003=ORIENTED_EDGE('',*,*,#14002,.T.);
#14005=ORIENTED_EDGE('',*,*,#14004,.T.);
#14006=ORIENTED_EDGE('',*,*,#13873,.F.);
#14008=ORIENTED_EDGE('',*,*,#14007,.T.);
#14010=ORIENTED_EDGE('',*,*,#14009,.T.);
#14012=ORIENTED_EDGE('',*,*,#14011,.F.);
#14013=ORIENTED_EDGE('',*,*,#13865,.F.);
#14015=ORIENTED_EDGE('',*,*,#14014,.F.);
#14017=ORIENTED_EDGE('',*,*,#14016,.T.);
#14019=ORIENTED_EDGE('',*,*,#14018,.T.);
#14021=ORIENTED_EDGE('',*,*,#14020,.T.);
#14022=ORIENTED_EDGE('',*,*,#13909,.F.);
#14024=ORIENTED_EDGE('',*,*,#14023,.T.);
#14026=ORIENTED_EDGE('',*,*,#14025,.T.);
#14028=ORIENTED_EDGE('',*,*,#14027,.T.);
#14029=ORIENTED_EDGE('',*,*,#13901,.F.);
#14031=ORIENTED_EDGE('',*,*,#14030,.F.);
#14033=ORIENTED_EDGE('',*,*,#14032,.F.);
#14034=EDGE_LOOP('',(#13926,#13928,#13930,#13932,#13934,#13936,#13938,#13940,
#13942,#13944,#13946,#13948,#13950,#13952,#13954,#13956,#13958,#13960,#13962,
#13964,#13966,#13968,#13970,#13972,#13974,#13976,#13978,#13980,#13982,#13984,
#13986,#13988,#13990,#13992,#13994,#13996,#13998,#13999,#14001,#14003,#14005,
#14006,#14008,#14010,#14012,#14013,#14015,#14017,#14019,#14021,#14022,#14024,
#14026,#14028,#14029,#14031,#14033));
#14035=FACE_OUTER_BOUND('',#14034,.F.);
#14036=ADVANCED_FACE('',(#14035),#13924,.F.);
#14037=CARTESIAN_POINT('',(0.E0,-5.7E0,0.E0));
#14038=DIRECTION('',(0.E0,1.E0,0.E0));
#14039=DIRECTION('',(0.E0,0.E0,1.E0));
#14040=AXIS2_PLACEMENT_3D('',#14037,#14038,#14039);
#14041=PLANE('',#14040);
#14043=ORIENTED_EDGE('',*,*,#14042,.F.);
#14045=ORIENTED_EDGE('',*,*,#14044,.F.);
#14047=ORIENTED_EDGE('',*,*,#14046,.T.);
#14049=ORIENTED_EDGE('',*,*,#14048,.F.);
#14051=ORIENTED_EDGE('',*,*,#14050,.F.);
#14053=ORIENTED_EDGE('',*,*,#14052,.F.);
#14055=ORIENTED_EDGE('',*,*,#14054,.F.);
#14057=ORIENTED_EDGE('',*,*,#14056,.F.);
#14059=ORIENTED_EDGE('',*,*,#14058,.F.);
#14061=ORIENTED_EDGE('',*,*,#14060,.F.);
#14062=EDGE_LOOP('',(#14043,#14045,#14047,#14049,#14051,#14053,#14055,#14057,
#14059,#14061));
#14063=FACE_OUTER_BOUND('',#14062,.F.);
#14064=ADVANCED_FACE('',(#14063),#14041,.F.);
#14065=CARTESIAN_POINT('',(0.E0,-5.7E0,0.E0));
#14066=DIRECTION('',(0.E0,1.E0,0.E0));
#14067=DIRECTION('',(0.E0,0.E0,1.E0));
#14068=AXIS2_PLACEMENT_3D('',#14065,#14066,#14067);
#14069=PLANE('',#14068);
#14071=ORIENTED_EDGE('',*,*,#14070,.T.);
#14073=ORIENTED_EDGE('',*,*,#14072,.F.);
#14075=ORIENTED_EDGE('',*,*,#14074,.T.);
#14077=ORIENTED_EDGE('',*,*,#14076,.T.);
#14079=ORIENTED_EDGE('',*,*,#14078,.F.);
#14081=ORIENTED_EDGE('',*,*,#14080,.T.);
#14083=ORIENTED_EDGE('',*,*,#14082,.F.);
#14085=ORIENTED_EDGE('',*,*,#14084,.T.);
#14087=ORIENTED_EDGE('',*,*,#14086,.F.);
#14089=ORIENTED_EDGE('',*,*,#14088,.F.);
#14090=EDGE_LOOP('',(#14071,#14073,#14075,#14077,#14079,#14081,#14083,#14085,
#14087,#14089));
#14091=FACE_OUTER_BOUND('',#14090,.F.);
#14092=ADVANCED_FACE('',(#14091),#14069,.F.);
#14093=CARTESIAN_POINT('',(-4.625E0,-5.7E0,3.2E1));
#14094=DIRECTION('',(0.E0,0.E0,-1.E0));
#14095=DIRECTION('',(1.E0,0.E0,0.E0));
#14096=AXIS2_PLACEMENT_3D('',#14093,#14094,#14095);
#14097=PLANE('',#14096);
#14099=ORIENTED_EDGE('',*,*,#14098,.T.);
#14100=ORIENTED_EDGE('',*,*,#13925,.F.);
#14102=ORIENTED_EDGE('',*,*,#14101,.T.);
#14104=ORIENTED_EDGE('',*,*,#14103,.T.);
#14105=EDGE_LOOP('',(#14099,#14100,#14102,#14104));
#14106=FACE_OUTER_BOUND('',#14105,.F.);
#14107=ADVANCED_FACE('',(#14106),#14097,.T.);
#14108=CARTESIAN_POINT('',(-9.5E-1,-1.217512E1,3.225E1));
#14109=DIRECTION('',(0.E0,1.E0,0.E0));
#14110=DIRECTION('',(1.E0,0.E0,0.E0));
#14111=AXIS2_PLACEMENT_3D('',#14108,#14109,#14110);
#14112=CYLINDRICAL_SURFACE('',#14111,2.5E-1);
#14113=ORIENTED_EDGE('',*,*,#14098,.F.);
#14115=ORIENTED_EDGE('',*,*,#14114,.T.);
#14117=ORIENTED_EDGE('',*,*,#14116,.T.);
#14118=ORIENTED_EDGE('',*,*,#13927,.T.);
#14119=EDGE_LOOP('',(#14113,#14115,#14117,#14118));
#14120=FACE_OUTER_BOUND('',#14119,.F.);
#14121=ADVANCED_FACE('',(#14120),#14112,.T.);
#14122=CARTESIAN_POINT('',(-4.625E0,-6.7E0,-3.055E1));
#14123=DIRECTION('',(0.E0,-1.E0,0.E0));
#14124=DIRECTION('',(0.E0,0.E0,-1.E0));
#14125=AXIS2_PLACEMENT_3D('',#14122,#14123,#14124);
#14126=PLANE('',#14125);
#14128=ORIENTED_EDGE('',*,*,#14127,.F.);
#14130=ORIENTED_EDGE('',*,*,#14129,.F.);
#14132=ORIENTED_EDGE('',*,*,#14131,.F.);
#14134=ORIENTED_EDGE('',*,*,#14133,.F.);
#14136=ORIENTED_EDGE('',*,*,#14135,.F.);
#14138=ORIENTED_EDGE('',*,*,#14137,.F.);
#14140=ORIENTED_EDGE('',*,*,#14139,.F.);
#14142=ORIENTED_EDGE('',*,*,#14141,.F.);
#14144=ORIENTED_EDGE('',*,*,#14143,.F.);
#14146=ORIENTED_EDGE('',*,*,#14145,.F.);
#14148=ORIENTED_EDGE('',*,*,#14147,.F.);
#14149=ORIENTED_EDGE('',*,*,#14114,.F.);
#14150=ORIENTED_EDGE('',*,*,#14103,.F.);
#14152=ORIENTED_EDGE('',*,*,#14151,.F.);
#14154=ORIENTED_EDGE('',*,*,#14153,.F.);
#14156=ORIENTED_EDGE('',*,*,#14155,.F.);
#14157=EDGE_LOOP('',(#14128,#14130,#14132,#14134,#14136,#14138,#14140,#14142,
#14144,#14146,#14148,#14149,#14150,#14152,#14154,#14156));
#14158=FACE_OUTER_BOUND('',#14157,.F.);
#14159=ADVANCED_FACE('',(#14158),#14126,.T.);
#14160=CARTESIAN_POINT('',(-1.45E0,-1.217512E1,3.39E1));
#14161=DIRECTION('',(0.E0,1.E0,0.E0));
#14162=DIRECTION('',(-1.E0,0.E0,0.E0));
#14163=AXIS2_PLACEMENT_3D('',#14160,#14161,#14162);
#14164=CYLINDRICAL_SURFACE('',#14163,2.5E-1);
#14166=ORIENTED_EDGE('',*,*,#14165,.F.);
#14167=ORIENTED_EDGE('',*,*,#14127,.T.);
#14169=ORIENTED_EDGE('',*,*,#14168,.T.);
#14170=ORIENTED_EDGE('',*,*,#14082,.T.);
#14171=EDGE_LOOP('',(#14166,#14167,#14169,#14170));
#14172=FACE_OUTER_BOUND('',#14171,.F.);
#14173=ADVANCED_FACE('',(#14172),#14164,.T.);
#14174=CARTESIAN_POINT('',(1.7E0,-5.7E0,3.415E1));
#14175=DIRECTION('',(0.E0,0.E0,1.E0));
#14176=DIRECTION('',(-1.E0,0.E0,0.E0));
#14177=AXIS2_PLACEMENT_3D('',#14174,#14175,#14176);
#14178=PLANE('',#14177);
#14179=ORIENTED_EDGE('',*,*,#14165,.T.);
#14180=ORIENTED_EDGE('',*,*,#14080,.F.);
#14182=ORIENTED_EDGE('',*,*,#14181,.F.);
#14183=ORIENTED_EDGE('',*,*,#14129,.T.);
#14184=EDGE_LOOP('',(#14179,#14180,#14182,#14183));
#14185=FACE_OUTER_BOUND('',#14184,.F.);
#14186=ADVANCED_FACE('',(#14185),#14178,.T.);
#14187=CARTESIAN_POINT('',(1.45E0,-1.217512E1,3.39E1));
#14188=DIRECTION('',(0.E0,1.E0,0.E0));
#14189=DIRECTION('',(0.E0,0.E0,1.E0));
#14190=AXIS2_PLACEMENT_3D('',#14187,#14188,#14189);
#14191=CYLINDRICAL_SURFACE('',#14190,2.5E-1);
#14193=ORIENTED_EDGE('',*,*,#14192,.F.);
#14194=ORIENTED_EDGE('',*,*,#14131,.T.);
#14195=ORIENTED_EDGE('',*,*,#14181,.T.);
#14196=ORIENTED_EDGE('',*,*,#14078,.T.);
#14197=EDGE_LOOP('',(#14193,#14194,#14195,#14196));
#14198=FACE_OUTER_BOUND('',#14197,.F.);
#14199=ADVANCED_FACE('',(#14198),#14191,.T.);
#14200=CARTESIAN_POINT('',(1.7E0,-5.7E0,3.3E1));
#14201=DIRECTION('',(1.E0,0.E0,0.E0));
#14202=DIRECTION('',(0.E0,0.E0,1.E0));
#14203=AXIS2_PLACEMENT_3D('',#14200,#14201,#14202);
#14204=PLANE('',#14203);
#14205=ORIENTED_EDGE('',*,*,#14192,.T.);
#14206=ORIENTED_EDGE('',*,*,#14076,.F.);
#14208=ORIENTED_EDGE('',*,*,#14207,.T.);
#14209=ORIENTED_EDGE('',*,*,#14133,.T.);
#14210=EDGE_LOOP('',(#14205,#14206,#14208,#14209));
#14211=FACE_OUTER_BOUND('',#14210,.F.);
#14212=ADVANCED_FACE('',(#14211),#14204,.T.);
#14213=CARTESIAN_POINT('',(4.625E0,-5.7E0,3.3E1));
#14214=DIRECTION('',(0.E0,0.E0,1.E0));
#14215=DIRECTION('',(-1.E0,0.E0,0.E0));
#14216=AXIS2_PLACEMENT_3D('',#14213,#14214,#14215);
#14217=PLANE('',#14216);
#14218=ORIENTED_EDGE('',*,*,#14074,.F.);
#14220=ORIENTED_EDGE('',*,*,#14219,.T.);
#14221=ORIENTED_EDGE('',*,*,#14135,.T.);
#14222=ORIENTED_EDGE('',*,*,#14207,.F.);
#14223=EDGE_LOOP('',(#14218,#14220,#14221,#14222));
#14224=FACE_OUTER_BOUND('',#14223,.F.);
#14225=ADVANCED_FACE('',(#14224),#14217,.T.);
#14226=CARTESIAN_POINT('',(4.625E0,-3.5E0,3.15E1));
#14227=DIRECTION('',(1.E0,0.E0,0.E0));
#14228=DIRECTION('',(0.E0,0.E0,1.E0));
#14229=AXIS2_PLACEMENT_3D('',#14226,#14227,#14228);
#14230=PLANE('',#14229);
#14232=ORIENTED_EDGE('',*,*,#14231,.F.);
#14234=ORIENTED_EDGE('',*,*,#14233,.F.);
#14236=ORIENTED_EDGE('',*,*,#14235,.F.);
#14238=ORIENTED_EDGE('',*,*,#14237,.T.);
#14239=ORIENTED_EDGE('',*,*,#13939,.T.);
#14241=ORIENTED_EDGE('',*,*,#14240,.T.);
#14242=ORIENTED_EDGE('',*,*,#14137,.T.);
#14243=ORIENTED_EDGE('',*,*,#14219,.F.);
#14244=ORIENTED_EDGE('',*,*,#14072,.T.);
#14246=ORIENTED_EDGE('',*,*,#14245,.F.);
#14247=EDGE_LOOP('',(#14232,#14234,#14236,#14238,#14239,#14241,#14242,#14243,
#14244,#14246));
#14248=FACE_OUTER_BOUND('',#14247,.F.);
#14249=ADVANCED_FACE('',(#14248),#14230,.T.);
#14250=CARTESIAN_POINT('',(-4.625E0,-4.6E0,3.75E1));
#14251=DIRECTION('',(0.E0,1.E0,0.E0));
#14252=DIRECTION('',(0.E0,0.E0,-1.E0));
#14253=AXIS2_PLACEMENT_3D('',#14250,#14251,#14252);
#14254=PLANE('',#14253);
#14256=ORIENTED_EDGE('',*,*,#14255,.F.);
#14257=ORIENTED_EDGE('',*,*,#14231,.T.);
#14259=ORIENTED_EDGE('',*,*,#14258,.F.);
#14261=ORIENTED_EDGE('',*,*,#14260,.F.);
#14262=EDGE_LOOP('',(#14256,#14257,#14259,#14261));
#14263=FACE_OUTER_BOUND('',#14262,.F.);
#14264=ADVANCED_FACE('',(#14263),#14254,.F.);
#14265=CARTESIAN_POINT('',(4.125E0,-3.E0,3.75E1));
#14266=DIRECTION('',(0.E0,0.E0,1.E0));
#14267=DIRECTION('',(-1.E0,0.E0,0.E0));
#14268=AXIS2_PLACEMENT_3D('',#14265,#14266,#14267);
#14269=PLANE('',#14268);
#14270=ORIENTED_EDGE('',*,*,#14255,.T.);
#14272=ORIENTED_EDGE('',*,*,#14271,.F.);
#14274=ORIENTED_EDGE('',*,*,#14273,.F.);
#14275=ORIENTED_EDGE('',*,*,#13895,.F.);
#14276=ORIENTED_EDGE('',*,*,#13853,.F.);
#14278=ORIENTED_EDGE('',*,*,#14277,.T.);
#14280=ORIENTED_EDGE('',*,*,#14279,.F.);
#14281=ORIENTED_EDGE('',*,*,#14233,.T.);
#14282=EDGE_LOOP('',(#14270,#14272,#14274,#14275,#14276,#14278,#14280,#14281));
#14283=FACE_OUTER_BOUND('',#14282,.F.);
#14284=ADVANCED_FACE('',(#14283),#14269,.T.);
#14285=CARTESIAN_POINT('',(-4.625E0,-3.5E0,3.75E1));
#14286=DIRECTION('',(-1.E0,0.E0,0.E0));
#14287=DIRECTION('',(0.E0,0.E0,-1.E0));
#14288=AXIS2_PLACEMENT_3D('',#14285,#14286,#14287);
#14289=PLANE('',#14288);
#14290=ORIENTED_EDGE('',*,*,#14260,.T.);
#14292=ORIENTED_EDGE('',*,*,#14291,.T.);
#14293=ORIENTED_EDGE('',*,*,#14088,.T.);
#14295=ORIENTED_EDGE('',*,*,#14294,.T.);
#14296=ORIENTED_EDGE('',*,*,#14151,.T.);
#14297=ORIENTED_EDGE('',*,*,#14101,.F.);
#14298=ORIENTED_EDGE('',*,*,#14032,.T.);
#14300=ORIENTED_EDGE('',*,*,#14299,.F.);
#14302=ORIENTED_EDGE('',*,*,#14301,.F.);
#14303=ORIENTED_EDGE('',*,*,#14271,.T.);
#14304=EDGE_LOOP('',(#14290,#14292,#14293,#14295,#14296,#14297,#14298,#14300,
#14302,#14303));
#14305=FACE_OUTER_BOUND('',#14304,.F.);
#14306=ADVANCED_FACE('',(#14305),#14289,.T.);
#14307=CARTESIAN_POINT('',(-4.625E0,-4.6E0,3.69E1));
#14308=DIRECTION('',(0.E0,0.E0,-1.E0));
#14309=DIRECTION('',(0.E0,-1.E0,0.E0));
#14310=AXIS2_PLACEMENT_3D('',#14307,#14308,#14309);
#14311=PLANE('',#14310);
#14312=ORIENTED_EDGE('',*,*,#14070,.F.);
#14313=ORIENTED_EDGE('',*,*,#14291,.F.);
#14314=ORIENTED_EDGE('',*,*,#14258,.T.);
#14315=ORIENTED_EDGE('',*,*,#14245,.T.);
#14316=EDGE_LOOP('',(#14312,#14313,#14314,#14315));
#14317=FACE_OUTER_BOUND('',#14316,.F.);
#14318=ADVANCED_FACE('',(#14317),#14311,.F.);
#14319=CARTESIAN_POINT('',(-1.7E0,-5.7E0,3.3E1));
#14320=DIRECTION('',(0.E0,0.E0,1.E0));
#14321=DIRECTION('',(-1.E0,0.E0,0.E0));
#14322=AXIS2_PLACEMENT_3D('',#14319,#14320,#14321);
#14323=PLANE('',#14322);
#14324=ORIENTED_EDGE('',*,*,#14086,.T.);
#14326=ORIENTED_EDGE('',*,*,#14325,.T.);
#14327=ORIENTED_EDGE('',*,*,#14153,.T.);
#14328=ORIENTED_EDGE('',*,*,#14294,.F.);
#14329=EDGE_LOOP('',(#14324,#14326,#14327,#14328));
#14330=FACE_OUTER_BOUND('',#14329,.F.);
#14331=ADVANCED_FACE('',(#14330),#14323,.T.);
#14332=CARTESIAN_POINT('',(-1.7E0,-5.7E0,3.415E1));
#14333=DIRECTION('',(-1.E0,0.E0,0.E0));
#14334=DIRECTION('',(0.E0,0.E0,-1.E0));
#14335=AXIS2_PLACEMENT_3D('',#14332,#14333,#14334);
#14336=PLANE('',#14335);
#14337=ORIENTED_EDGE('',*,*,#14168,.F.);
#14338=ORIENTED_EDGE('',*,*,#14155,.T.);
#14339=ORIENTED_EDGE('',*,*,#14325,.F.);
#14340=ORIENTED_EDGE('',*,*,#14084,.F.);
#14341=EDGE_LOOP('',(#14337,#14338,#14339,#14340));
#14342=FACE_OUTER_BOUND('',#14341,.F.);
#14343=ADVANCED_FACE('',(#14342),#14336,.T.);
#14344=CARTESIAN_POINT('',(-4.625E0,-3.5E0,3.15E1));
#14345=DIRECTION('',(0.E0,0.E0,-1.E0));
#14346=DIRECTION('',(1.E0,0.E0,0.E0));
#14347=AXIS2_PLACEMENT_3D('',#14344,#14345,#14346);
#14348=PLANE('',#14347);
#14349=ORIENTED_EDGE('',*,*,#14030,.T.);
#14350=ORIENTED_EDGE('',*,*,#13899,.T.);
#14352=ORIENTED_EDGE('',*,*,#14351,.F.);
#14353=ORIENTED_EDGE('',*,*,#14299,.T.);
#14354=EDGE_LOOP('',(#14349,#14350,#14352,#14353));
#14355=FACE_OUTER_BOUND('',#14354,.F.);
#14356=ADVANCED_FACE('',(#14355),#14348,.T.);
#14357=CARTESIAN_POINT('',(0.E0,-3.5E0,0.E0));
#14358=DIRECTION('',(0.E0,-1.E0,0.E0));
#14359=DIRECTION('',(0.E0,0.E0,1.E0));
#14360=AXIS2_PLACEMENT_3D('',#14357,#14358,#14359);
#14361=PLANE('',#14360);
#14363=ORIENTED_EDGE('',*,*,#14362,.F.);
#14365=ORIENTED_EDGE('',*,*,#14364,.T.);
#14367=ORIENTED_EDGE('',*,*,#14366,.T.);
#14369=ORIENTED_EDGE('',*,*,#14368,.T.);
#14370=EDGE_LOOP('',(#14363,#14365,#14367,#14369));
#14371=FACE_OUTER_BOUND('',#14370,.F.);
#14372=ADVANCED_FACE('',(#14371),#14361,.F.);
#14373=CARTESIAN_POINT('',(0.E0,-3.5E0,0.E0));
#14374=DIRECTION('',(0.E0,-1.E0,0.E0));
#14375=DIRECTION('',(0.E0,0.E0,1.E0));
#14376=AXIS2_PLACEMENT_3D('',#14373,#14374,#14375);
#14377=PLANE('',#14376);
#14379=ORIENTED_EDGE('',*,*,#14378,.F.);
#14381=ORIENTED_EDGE('',*,*,#14380,.T.);
#14383=ORIENTED_EDGE('',*,*,#14382,.T.);
#14385=ORIENTED_EDGE('',*,*,#14384,.T.);
#14386=EDGE_LOOP('',(#14379,#14381,#14383,#14385));
#14387=FACE_OUTER_BOUND('',#14386,.F.);
#14388=ADVANCED_FACE('',(#14387),#14377,.F.);
#14389=CARTESIAN_POINT('',(0.E0,-3.5E0,0.E0));
#14390=DIRECTION('',(0.E0,-1.E0,0.E0));
#14391=DIRECTION('',(0.E0,0.E0,1.E0));
#14392=AXIS2_PLACEMENT_3D('',#14389,#14390,#14391);
#14393=PLANE('',#14392);
#14395=ORIENTED_EDGE('',*,*,#14394,.F.);
#14397=ORIENTED_EDGE('',*,*,#14396,.T.);
#14399=ORIENTED_EDGE('',*,*,#14398,.T.);
#14401=ORIENTED_EDGE('',*,*,#14400,.T.);
#14402=EDGE_LOOP('',(#14395,#14397,#14399,#14401));
#14403=FACE_OUTER_BOUND('',#14402,.F.);
#14404=ADVANCED_FACE('',(#14403),#14393,.F.);
#14405=CARTESIAN_POINT('',(0.E0,-3.5E0,0.E0));
#14406=DIRECTION('',(0.E0,-1.E0,0.E0));
#14407=DIRECTION('',(0.E0,0.E0,1.E0));
#14408=AXIS2_PLACEMENT_3D('',#14405,#14406,#14407);
#14409=PLANE('',#14408);
#14411=ORIENTED_EDGE('',*,*,#14410,.F.);
#14413=ORIENTED_EDGE('',*,*,#14412,.T.);
#14415=ORIENTED_EDGE('',*,*,#14414,.T.);
#14417=ORIENTED_EDGE('',*,*,#14416,.T.);
#14418=EDGE_LOOP('',(#14411,#14413,#14415,#14417));
#14419=FACE_OUTER_BOUND('',#14418,.F.);
#14420=ADVANCED_FACE('',(#14419),#14409,.F.);
#14421=CARTESIAN_POINT('',(0.E0,-3.5E0,0.E0));
#14422=DIRECTION('',(0.E0,-1.E0,0.E0));
#14423=DIRECTION('',(0.E0,0.E0,1.E0));
#14424=AXIS2_PLACEMENT_3D('',#14421,#14422,#14423);
#14425=PLANE('',#14424);
#14427=ORIENTED_EDGE('',*,*,#14426,.F.);
#14429=ORIENTED_EDGE('',*,*,#14428,.T.);
#14431=ORIENTED_EDGE('',*,*,#14430,.T.);
#14433=ORIENTED_EDGE('',*,*,#14432,.T.);
#14434=EDGE_LOOP('',(#14427,#14429,#14431,#14433));
#14435=FACE_OUTER_BOUND('',#14434,.F.);
#14436=ADVANCED_FACE('',(#14435),#14425,.F.);
#14437=CARTESIAN_POINT('',(0.E0,-3.5E0,0.E0));
#14438=DIRECTION('',(0.E0,-1.E0,0.E0));
#14439=DIRECTION('',(0.E0,0.E0,1.E0));
#14440=AXIS2_PLACEMENT_3D('',#14437,#14438,#14439);
#14441=PLANE('',#14440);
#14443=ORIENTED_EDGE('',*,*,#14442,.F.);
#14445=ORIENTED_EDGE('',*,*,#14444,.T.);
#14446=ORIENTED_EDGE('',*,*,#14235,.T.);
#14447=ORIENTED_EDGE('',*,*,#14279,.T.);
#14448=EDGE_LOOP('',(#14443,#14445,#14446,#14447));
#14449=FACE_OUTER_BOUND('',#14448,.F.);
#14450=ADVANCED_FACE('',(#14449),#14441,.F.);
#14451=CARTESIAN_POINT('',(0.E0,-3.5E0,0.E0));
#14452=DIRECTION('',(0.E0,-1.E0,0.E0));
#14453=DIRECTION('',(0.E0,0.E0,1.E0));
#14454=AXIS2_PLACEMENT_3D('',#14451,#14452,#14453);
#14455=PLANE('',#14454);
#14456=ORIENTED_EDGE('',*,*,#13897,.F.);
#14457=ORIENTED_EDGE('',*,*,#14273,.T.);
#14458=ORIENTED_EDGE('',*,*,#14301,.T.);
#14459=ORIENTED_EDGE('',*,*,#14351,.T.);
#14460=EDGE_LOOP('',(#14456,#14457,#14458,#14459));
#14461=FACE_OUTER_BOUND('',#14460,.F.);
#14462=ADVANCED_FACE('',(#14461),#14455,.F.);
#14463=CARTESIAN_POINT('',(0.E0,-3.5E0,0.E0));
#14464=DIRECTION('',(0.E0,-1.E0,0.E0));
#14465=DIRECTION('',(0.E0,0.E0,1.E0));
#14466=AXIS2_PLACEMENT_3D('',#14463,#14464,#14465);
#14467=PLANE('',#14466);
#14468=ORIENTED_EDGE('',*,*,#13905,.F.);
#14470=ORIENTED_EDGE('',*,*,#14469,.T.);
#14472=ORIENTED_EDGE('',*,*,#14471,.T.);
#14474=ORIENTED_EDGE('',*,*,#14473,.T.);
#14475=EDGE_LOOP('',(#14468,#14470,#14472,#14474));
#14476=FACE_OUTER_BOUND('',#14475,.F.);
#14477=ADVANCED_FACE('',(#14476),#14467,.F.);
#14478=CARTESIAN_POINT('',(0.E0,-3.5E0,0.E0));
#14479=DIRECTION('',(0.E0,-1.E0,0.E0));
#14480=DIRECTION('',(0.E0,0.E0,1.E0));
#14481=AXIS2_PLACEMENT_3D('',#14478,#14479,#14480);
#14482=PLANE('',#14481);
#14483=ORIENTED_EDGE('',*,*,#13877,.F.);
#14485=ORIENTED_EDGE('',*,*,#14484,.T.);
#14487=ORIENTED_EDGE('',*,*,#14486,.T.);
#14489=ORIENTED_EDGE('',*,*,#14488,.T.);
#14490=EDGE_LOOP('',(#14483,#14485,#14487,#14489));
#14491=FACE_OUTER_BOUND('',#14490,.F.);
#14492=ADVANCED_FACE('',(#14491),#14482,.F.);
#14493=CARTESIAN_POINT('',(0.E0,-3.5E0,0.E0));
#14494=DIRECTION('',(0.E0,-1.E0,0.E0));
#14495=DIRECTION('',(0.E0,0.E0,1.E0));
#14496=AXIS2_PLACEMENT_3D('',#14493,#14494,#14495);
#14497=PLANE('',#14496);
#14498=ORIENTED_EDGE('',*,*,#13885,.F.);
#14500=ORIENTED_EDGE('',*,*,#14499,.T.);
#14502=ORIENTED_EDGE('',*,*,#14501,.T.);
#14504=ORIENTED_EDGE('',*,*,#14503,.T.);
#14505=EDGE_LOOP('',(#14498,#14500,#14502,#14504));
#14506=FACE_OUTER_BOUND('',#14505,.F.);
#14507=ADVANCED_FACE('',(#14506),#14497,.F.);
#14508=CARTESIAN_POINT('',(0.E0,-3.5E0,0.E0));
#14509=DIRECTION('',(0.E0,-1.E0,0.E0));
#14510=DIRECTION('',(0.E0,0.E0,1.E0));
#14511=AXIS2_PLACEMENT_3D('',#14508,#14509,#14510);
#14512=PLANE('',#14511);
#14514=ORIENTED_EDGE('',*,*,#14513,.T.);
#14515=ORIENTED_EDGE('',*,*,#13913,.F.);
#14517=ORIENTED_EDGE('',*,*,#14516,.T.);
#14519=ORIENTED_EDGE('',*,*,#14518,.T.);
#14520=EDGE_LOOP('',(#14514,#14515,#14517,#14519));
#14521=FACE_OUTER_BOUND('',#14520,.F.);
#14522=ADVANCED_FACE('',(#14521),#14512,.F.);
#14523=CARTESIAN_POINT('',(0.E0,-3.5E0,0.E0));
#14524=DIRECTION('',(0.E0,-1.E0,0.E0));
#14525=DIRECTION('',(0.E0,0.E0,1.E0));
#14526=AXIS2_PLACEMENT_3D('',#14523,#14524,#14525);
#14527=PLANE('',#14526);
#14529=ORIENTED_EDGE('',*,*,#14528,.F.);
#14531=ORIENTED_EDGE('',*,*,#14530,.T.);
#14533=ORIENTED_EDGE('',*,*,#14532,.T.);
#14534=ORIENTED_EDGE('',*,*,#13869,.F.);
#14535=EDGE_LOOP('',(#14529,#14531,#14533,#14534));
#14536=FACE_OUTER_BOUND('',#14535,.F.);
#14537=ADVANCED_FACE('',(#14536),#14527,.F.);
#14538=CARTESIAN_POINT('',(4.125E0,-2.5E0,-3.7E1));
#14539=DIRECTION('',(1.E0,0.E0,0.E0));
#14540=DIRECTION('',(0.E0,0.E0,1.E0));
#14541=AXIS2_PLACEMENT_3D('',#14538,#14539,#14540);
#14542=PLANE('',#14541);
#14543=ORIENTED_EDGE('',*,*,#13959,.F.);
#14545=ORIENTED_EDGE('',*,*,#14544,.T.);
#14546=ORIENTED_EDGE('',*,*,#14410,.T.);
#14548=ORIENTED_EDGE('',*,*,#14547,.F.);
#14549=ORIENTED_EDGE('',*,*,#13951,.T.);
#14551=ORIENTED_EDGE('',*,*,#14550,.T.);
#14552=ORIENTED_EDGE('',*,*,#14426,.T.);
#14554=ORIENTED_EDGE('',*,*,#14553,.F.);
#14555=ORIENTED_EDGE('',*,*,#13943,.T.);
#14557=ORIENTED_EDGE('',*,*,#14556,.T.);
#14558=ORIENTED_EDGE('',*,*,#14442,.T.);
#14559=ORIENTED_EDGE('',*,*,#14277,.F.);
#14560=ORIENTED_EDGE('',*,*,#13851,.F.);
#14562=ORIENTED_EDGE('',*,*,#14561,.F.);
#14563=ORIENTED_EDGE('',*,*,#13805,.F.);
#14564=ORIENTED_EDGE('',*,*,#13821,.T.);
#14565=ORIENTED_EDGE('',*,*,#13839,.F.);
#14567=ORIENTED_EDGE('',*,*,#14566,.T.);
#14568=ORIENTED_EDGE('',*,*,#14362,.T.);
#14570=ORIENTED_EDGE('',*,*,#14569,.F.);
#14571=ORIENTED_EDGE('',*,*,#13975,.T.);
#14573=ORIENTED_EDGE('',*,*,#14572,.T.);
#14574=ORIENTED_EDGE('',*,*,#14378,.T.);
#14576=ORIENTED_EDGE('',*,*,#14575,.F.);
#14577=ORIENTED_EDGE('',*,*,#13967,.T.);
#14579=ORIENTED_EDGE('',*,*,#14578,.T.);
#14580=ORIENTED_EDGE('',*,*,#14394,.T.);
#14582=ORIENTED_EDGE('',*,*,#14581,.T.);
#14583=EDGE_LOOP('',(#14543,#14545,#14546,#14548,#14549,#14551,#14552,#14554,
#14555,#14557,#14558,#14559,#14560,#14562,#14563,#14564,#14565,#14567,#14568,
#14570,#14571,#14573,#14574,#14576,#14577,#14579,#14580,#14582));
#14584=FACE_OUTER_BOUND('',#14583,.F.);
#14585=ADVANCED_FACE('',(#14584),#14542,.T.);
#14586=CARTESIAN_POINT('',(4.125E0,-3.5E0,1.5E0));
#14587=DIRECTION('',(0.E0,0.E0,-1.E0));
#14588=DIRECTION('',(1.E0,0.E0,0.E0));
#14589=AXIS2_PLACEMENT_3D('',#14586,#14587,#14588);
#14590=PLANE('',#14589);
#14592=ORIENTED_EDGE('',*,*,#14591,.T.);
#14594=ORIENTED_EDGE('',*,*,#14593,.F.);
#14595=ORIENTED_EDGE('',*,*,#14412,.F.);
#14596=ORIENTED_EDGE('',*,*,#14544,.F.);
#14597=ORIENTED_EDGE('',*,*,#13957,.F.);
#14599=ORIENTED_EDGE('',*,*,#14598,.T.);
#14600=EDGE_LOOP('',(#14592,#14594,#14595,#14596,#14597,#14599));
#14601=FACE_OUTER_BOUND('',#14600,.F.);
#14602=ADVANCED_FACE('',(#14601),#14590,.T.);
#14603=CARTESIAN_POINT('',(3.875E0,-6.575E0,1.625E0));
#14604=DIRECTION('',(0.E0,-7.071067811866E-1,-7.071067811865E-1));
#14605=DIRECTION('',(0.E0,7.071067811865E-1,-7.071067811866E-1));
#14606=AXIS2_PLACEMENT_3D('',#14603,#14604,#14605);
#14607=PLANE('',#14606);
#14609=ORIENTED_EDGE('',*,*,#14608,.T.);
#14610=ORIENTED_EDGE('',*,*,#14591,.F.);
#14612=ORIENTED_EDGE('',*,*,#14611,.T.);
#14614=ORIENTED_EDGE('',*,*,#14613,.T.);
#14615=EDGE_LOOP('',(#14609,#14610,#14612,#14614));
#14616=FACE_OUTER_BOUND('',#14615,.F.);
#14617=ADVANCED_FACE('',(#14616),#14607,.T.);
#14618=CARTESIAN_POINT('',(4.625E0,-3.5E0,1.5E0));
#14619=DIRECTION('',(1.E0,0.E0,0.E0));
#14620=DIRECTION('',(0.E0,0.E0,1.E0));
#14621=AXIS2_PLACEMENT_3D('',#14618,#14619,#14620);
#14622=PLANE('',#14621);
#14624=ORIENTED_EDGE('',*,*,#14623,.F.);
#14626=ORIENTED_EDGE('',*,*,#14625,.F.);
#14627=ORIENTED_EDGE('',*,*,#14414,.F.);
#14628=ORIENTED_EDGE('',*,*,#14593,.T.);
#14629=ORIENTED_EDGE('',*,*,#14608,.F.);
#14631=ORIENTED_EDGE('',*,*,#14630,.T.);
#14632=EDGE_LOOP('',(#14624,#14626,#14627,#14628,#14629,#14631));
#14633=FACE_OUTER_BOUND('',#14632,.F.);
#14634=ADVANCED_FACE('',(#14633),#14622,.T.);
#14635=CARTESIAN_POINT('',(3.875E0,-6.575E0,1.3275E1));
#14636=DIRECTION('',(0.E0,-7.071067811865E-1,7.071067811866E-1));
#14637=DIRECTION('',(0.E0,7.071067811866E-1,7.071067811865E-1));
#14638=AXIS2_PLACEMENT_3D('',#14635,#14636,#14637);
#14639=PLANE('',#14638);
#14641=ORIENTED_EDGE('',*,*,#14640,.F.);
#14642=ORIENTED_EDGE('',*,*,#14623,.T.);
#14644=ORIENTED_EDGE('',*,*,#14643,.T.);
#14646=ORIENTED_EDGE('',*,*,#14645,.T.);
#14647=EDGE_LOOP('',(#14641,#14642,#14644,#14646));
#14648=FACE_OUTER_BOUND('',#14647,.F.);
#14649=ADVANCED_FACE('',(#14648),#14639,.T.);
#14650=CARTESIAN_POINT('',(4.625E0,-3.5E0,1.34E1));
#14651=DIRECTION('',(0.E0,0.E0,1.E0));
#14652=DIRECTION('',(-1.E0,0.E0,0.E0));
#14653=AXIS2_PLACEMENT_3D('',#14650,#14651,#14652);
#14654=PLANE('',#14653);
#14655=ORIENTED_EDGE('',*,*,#14640,.T.);
#14657=ORIENTED_EDGE('',*,*,#14656,.F.);
#14658=ORIENTED_EDGE('',*,*,#13953,.F.);
#14659=ORIENTED_EDGE('',*,*,#14547,.T.);
#14660=ORIENTED_EDGE('',*,*,#14416,.F.);
#14661=ORIENTED_EDGE('',*,*,#14625,.T.);
#14662=EDGE_LOOP('',(#14655,#14657,#14658,#14659,#14660,#14661));
#14663=FACE_OUTER_BOUND('',#14662,.F.);
#14664=ADVANCED_FACE('',(#14663),#14654,.T.);
#14665=CARTESIAN_POINT('',(3.125E0,-5.7E0,1.34E1));
#14666=DIRECTION('',(-1.E0,0.E0,0.E0));
#14667=DIRECTION('',(0.E0,0.E0,-1.E0));
#14668=AXIS2_PLACEMENT_3D('',#14665,#14666,#14667);
#14669=PLANE('',#14668);
#14670=ORIENTED_EDGE('',*,*,#14645,.F.);
#14672=ORIENTED_EDGE('',*,*,#14671,.T.);
#14673=ORIENTED_EDGE('',*,*,#14611,.F.);
#14674=ORIENTED_EDGE('',*,*,#14598,.F.);
#14675=ORIENTED_EDGE('',*,*,#13955,.F.);
#14676=ORIENTED_EDGE('',*,*,#14656,.T.);
#14677=EDGE_LOOP('',(#14670,#14672,#14673,#14674,#14675,#14676));
#14678=FACE_OUTER_BOUND('',#14677,.F.);
#14679=ADVANCED_FACE('',(#14678),#14669,.T.);
#14680=CARTESIAN_POINT('',(-4.625E0,-6.7E0,-3.055E1));
#14681=DIRECTION('',(0.E0,-1.E0,0.E0));
#14682=DIRECTION('',(0.E0,0.E0,-1.E0));
#14683=AXIS2_PLACEMENT_3D('',#14680,#14681,#14682);
#14684=PLANE('',#14683);
#14686=ORIENTED_EDGE('',*,*,#14685,.F.);
#14688=ORIENTED_EDGE('',*,*,#14687,.F.);
#14690=ORIENTED_EDGE('',*,*,#14689,.F.);
#14692=ORIENTED_EDGE('',*,*,#14691,.F.);
#14693=EDGE_LOOP('',(#14686,#14688,#14690,#14692));
#14694=FACE_OUTER_BOUND('',#14693,.F.);
#14695=ADVANCED_FACE('',(#14694),#14684,.T.);
#14696=CARTESIAN_POINT('',(-4.625E0,-6.7E0,-3.055E1));
#14697=DIRECTION('',(0.E0,-1.E0,0.E0));
#14698=DIRECTION('',(0.E0,0.E0,-1.E0));
#14699=AXIS2_PLACEMENT_3D('',#14696,#14697,#14698);
#14700=PLANE('',#14699);
#14702=ORIENTED_EDGE('',*,*,#14701,.F.);
#14704=ORIENTED_EDGE('',*,*,#14703,.F.);
#14706=ORIENTED_EDGE('',*,*,#14705,.F.);
#14708=ORIENTED_EDGE('',*,*,#14707,.F.);
#14709=EDGE_LOOP('',(#14702,#14704,#14706,#14708));
#14710=FACE_OUTER_BOUND('',#14709,.F.);
#14711=ADVANCED_FACE('',(#14710),#14700,.T.);
#14712=CARTESIAN_POINT('',(-4.625E0,-6.7E0,-3.055E1));
#14713=DIRECTION('',(0.E0,-1.E0,0.E0));
#14714=DIRECTION('',(0.E0,0.E0,-1.E0));
#14715=AXIS2_PLACEMENT_3D('',#14712,#14713,#14714);
#14716=PLANE('',#14715);
#14718=ORIENTED_EDGE('',*,*,#14717,.F.);
#14720=ORIENTED_EDGE('',*,*,#14719,.T.);
#14722=ORIENTED_EDGE('',*,*,#14721,.F.);
#14724=ORIENTED_EDGE('',*,*,#14723,.F.);
#14726=ORIENTED_EDGE('',*,*,#14725,.F.);
#14728=ORIENTED_EDGE('',*,*,#14727,.F.);
#14729=EDGE_LOOP('',(#14718,#14720,#14722,#14724,#14726,#14728));
#14730=FACE_OUTER_BOUND('',#14729,.F.);
#14731=ADVANCED_FACE('',(#14730),#14716,.T.);
#14732=CARTESIAN_POINT('',(-4.625E0,-6.7E0,-3.055E1));
#14733=DIRECTION('',(0.E0,-1.E0,0.E0));
#14734=DIRECTION('',(0.E0,0.E0,-1.E0));
#14735=AXIS2_PLACEMENT_3D('',#14732,#14733,#14734);
#14736=PLANE('',#14735);
#14737=ORIENTED_EDGE('',*,*,#14643,.F.);
#14738=ORIENTED_EDGE('',*,*,#14630,.F.);
#14739=ORIENTED_EDGE('',*,*,#14613,.F.);
#14740=ORIENTED_EDGE('',*,*,#14671,.F.);
#14741=EDGE_LOOP('',(#14737,#14738,#14739,#14740));
#14742=FACE_OUTER_BOUND('',#14741,.F.);
#14743=ADVANCED_FACE('',(#14742),#14736,.T.);
#14744=CARTESIAN_POINT('',(-4.625E0,-6.7E0,-3.055E1));
#14745=DIRECTION('',(0.E0,-1.E0,0.E0));
#14746=DIRECTION('',(0.E0,0.E0,-1.E0));
#14747=AXIS2_PLACEMENT_3D('',#14744,#14745,#14746);
#14748=PLANE('',#14747);
#14750=ORIENTED_EDGE('',*,*,#14749,.F.);
#14752=ORIENTED_EDGE('',*,*,#14751,.F.);
#14754=ORIENTED_EDGE('',*,*,#14753,.F.);
#14756=ORIENTED_EDGE('',*,*,#14755,.F.);
#14757=EDGE_LOOP('',(#14750,#14752,#14754,#14756));
#14758=FACE_OUTER_BOUND('',#14757,.F.);
#14759=ADVANCED_FACE('',(#14758),#14748,.T.);
#14760=CARTESIAN_POINT('',(-4.625E0,-6.7E0,-3.055E1));
#14761=DIRECTION('',(0.E0,-1.E0,0.E0));
#14762=DIRECTION('',(0.E0,0.E0,-1.E0));
#14763=AXIS2_PLACEMENT_3D('',#14760,#14761,#14762);
#14764=PLANE('',#14763);
#14766=ORIENTED_EDGE('',*,*,#14765,.F.);
#14768=ORIENTED_EDGE('',*,*,#14767,.F.);
#14770=ORIENTED_EDGE('',*,*,#14769,.T.);
#14772=ORIENTED_EDGE('',*,*,#14771,.F.);
#14773=EDGE_LOOP('',(#14766,#14768,#14770,#14772));
#14774=FACE_OUTER_BOUND('',#14773,.F.);
#14775=ADVANCED_FACE('',(#14774),#14764,.T.);
#14776=CARTESIAN_POINT('',(-4.625E0,-6.7E0,-3.055E1));
#14777=DIRECTION('',(0.E0,-1.E0,0.E0));
#14778=DIRECTION('',(0.E0,0.E0,-1.E0));
#14779=AXIS2_PLACEMENT_3D('',#14776,#14777,#14778);
#14780=PLANE('',#14779);
#14782=ORIENTED_EDGE('',*,*,#14781,.F.);
#14784=ORIENTED_EDGE('',*,*,#14783,.F.);
#14786=ORIENTED_EDGE('',*,*,#14785,.F.);
#14788=ORIENTED_EDGE('',*,*,#14787,.F.);
#14789=EDGE_LOOP('',(#14782,#14784,#14786,#14788));
#14790=FACE_OUTER_BOUND('',#14789,.F.);
#14791=ADVANCED_FACE('',(#14790),#14780,.T.);
#14792=CARTESIAN_POINT('',(-4.625E0,-6.7E0,-3.055E1));
#14793=DIRECTION('',(0.E0,-1.E0,0.E0));
#14794=DIRECTION('',(0.E0,0.E0,-1.E0));
#14795=AXIS2_PLACEMENT_3D('',#14792,#14793,#14794);
#14796=PLANE('',#14795);
#14798=ORIENTED_EDGE('',*,*,#14797,.F.);
#14800=ORIENTED_EDGE('',*,*,#14799,.F.);
#14802=ORIENTED_EDGE('',*,*,#14801,.F.);
#14804=ORIENTED_EDGE('',*,*,#14803,.F.);
#14805=EDGE_LOOP('',(#14798,#14800,#14802,#14804));
#14806=FACE_OUTER_BOUND('',#14805,.F.);
#14807=ADVANCED_FACE('',(#14806),#14796,.T.);
#14808=CARTESIAN_POINT('',(-3.875E0,-6.575E0,2.8275E1));
#14809=DIRECTION('',(0.E0,-7.071067811865E-1,7.071067811866E-1));
#14810=DIRECTION('',(0.E0,7.071067811866E-1,7.071067811865E-1));
#14811=AXIS2_PLACEMENT_3D('',#14808,#14809,#14810);
#14812=PLANE('',#14811);
#14814=ORIENTED_EDGE('',*,*,#14813,.T.);
#14816=ORIENTED_EDGE('',*,*,#14815,.F.);
#14818=ORIENTED_EDGE('',*,*,#14817,.T.);
#14819=ORIENTED_EDGE('',*,*,#14685,.T.);
#14820=EDGE_LOOP('',(#14814,#14816,#14818,#14819));
#14821=FACE_OUTER_BOUND('',#14820,.F.);
#14822=ADVANCED_FACE('',(#14821),#14812,.T.);
#14823=CARTESIAN_POINT('',(-4.625E0,-3.5E0,2.84E1));
#14824=DIRECTION('',(-1.E0,0.E0,0.E0));
#14825=DIRECTION('',(0.E0,0.E0,-1.E0));
#14826=AXIS2_PLACEMENT_3D('',#14823,#14824,#14825);
#14827=PLANE('',#14826);
#14828=ORIENTED_EDGE('',*,*,#14813,.F.);
#14829=ORIENTED_EDGE('',*,*,#14691,.T.);
#14831=ORIENTED_EDGE('',*,*,#14830,.F.);
#14833=ORIENTED_EDGE('',*,*,#14832,.F.);
#14834=ORIENTED_EDGE('',*,*,#14471,.F.);
#14836=ORIENTED_EDGE('',*,*,#14835,.T.);
#14837=EDGE_LOOP('',(#14828,#14829,#14831,#14833,#14834,#14836));
#14838=FACE_OUTER_BOUND('',#14837,.F.);
#14839=ADVANCED_FACE('',(#14838),#14827,.T.);
#14840=CARTESIAN_POINT('',(-3.875E0,-6.575E0,1.6625E1));
#14841=DIRECTION('',(0.E0,-7.071067811865E-1,-7.071067811866E-1));
#14842=DIRECTION('',(0.E0,7.071067811866E-1,-7.071067811865E-1));
#14843=AXIS2_PLACEMENT_3D('',#14840,#14841,#14842);
#14844=PLANE('',#14843);
#14846=ORIENTED_EDGE('',*,*,#14845,.F.);
#14847=ORIENTED_EDGE('',*,*,#14830,.T.);
#14848=ORIENTED_EDGE('',*,*,#14689,.T.);
#14850=ORIENTED_EDGE('',*,*,#14849,.T.);
#14851=EDGE_LOOP('',(#14846,#14847,#14848,#14850));
#14852=FACE_OUTER_BOUND('',#14851,.F.);
#14853=ADVANCED_FACE('',(#14852),#14844,.T.);
#14854=CARTESIAN_POINT('',(-4.625E0,-3.5E0,1.65E1));
#14855=DIRECTION('',(0.E0,0.E0,-1.E0));
#14856=DIRECTION('',(1.E0,0.E0,0.E0));
#14857=AXIS2_PLACEMENT_3D('',#14854,#14855,#14856);
#14858=PLANE('',#14857);
#14859=ORIENTED_EDGE('',*,*,#14845,.T.);
#14861=ORIENTED_EDGE('',*,*,#14860,.F.);
#14862=ORIENTED_EDGE('',*,*,#14023,.F.);
#14863=ORIENTED_EDGE('',*,*,#13907,.T.);
#14864=ORIENTED_EDGE('',*,*,#14473,.F.);
#14865=ORIENTED_EDGE('',*,*,#14832,.T.);
#14866=EDGE_LOOP('',(#14859,#14861,#14862,#14863,#14864,#14865));
#14867=FACE_OUTER_BOUND('',#14866,.F.);
#14868=ADVANCED_FACE('',(#14867),#14858,.T.);
#14869=CARTESIAN_POINT('',(-3.125E0,-5.7E0,1.65E1));
#14870=DIRECTION('',(1.E0,0.E0,0.E0));
#14871=DIRECTION('',(0.E0,0.E0,1.E0));
#14872=AXIS2_PLACEMENT_3D('',#14869,#14870,#14871);
#14873=PLANE('',#14872);
#14874=ORIENTED_EDGE('',*,*,#14817,.F.);
#14876=ORIENTED_EDGE('',*,*,#14875,.F.);
#14877=ORIENTED_EDGE('',*,*,#14025,.F.);
#14878=ORIENTED_EDGE('',*,*,#14860,.T.);
#14879=ORIENTED_EDGE('',*,*,#14849,.F.);
#14880=ORIENTED_EDGE('',*,*,#14687,.T.);
#14881=EDGE_LOOP('',(#14874,#14876,#14877,#14878,#14879,#14880));
#14882=FACE_OUTER_BOUND('',#14881,.F.);
#14883=ADVANCED_FACE('',(#14882),#14873,.T.);
#14884=CARTESIAN_POINT('',(-4.125E0,-3.5E0,2.84E1));
#14885=DIRECTION('',(0.E0,0.E0,1.E0));
#14886=DIRECTION('',(-1.E0,0.E0,0.E0));
#14887=AXIS2_PLACEMENT_3D('',#14884,#14885,#14886);
#14888=PLANE('',#14887);
#14889=ORIENTED_EDGE('',*,*,#14815,.T.);
#14890=ORIENTED_EDGE('',*,*,#14835,.F.);
#14891=ORIENTED_EDGE('',*,*,#14469,.F.);
#14892=ORIENTED_EDGE('',*,*,#13903,.F.);
#14893=ORIENTED_EDGE('',*,*,#14027,.F.);
#14894=ORIENTED_EDGE('',*,*,#14875,.T.);
#14895=EDGE_LOOP('',(#14889,#14890,#14891,#14892,#14893,#14894));
#14896=FACE_OUTER_BOUND('',#14895,.F.);
#14897=ADVANCED_FACE('',(#14896),#14888,.T.);
#14898=CARTESIAN_POINT('',(3.875E0,-6.575E0,2.8275E1));
#14899=DIRECTION('',(0.E0,-7.071067811865E-1,7.071067811866E-1));
#14900=DIRECTION('',(0.E0,7.071067811866E-1,7.071067811865E-1));
#14901=AXIS2_PLACEMENT_3D('',#14898,#14899,#14900);
#14902=PLANE('',#14901);
#14904=ORIENTED_EDGE('',*,*,#14903,.F.);
#14906=ORIENTED_EDGE('',*,*,#14905,.T.);
#14907=ORIENTED_EDGE('',*,*,#14701,.T.);
#14909=ORIENTED_EDGE('',*,*,#14908,.T.);
#14910=EDGE_LOOP('',(#14904,#14906,#14907,#14909));
#14911=FACE_OUTER_BOUND('',#14910,.F.);
#14912=ADVANCED_FACE('',(#14911),#14902,.T.);
#14913=CARTESIAN_POINT('',(4.625E0,-3.5E0,2.84E1));
#14914=DIRECTION('',(0.E0,0.E0,1.E0));
#14915=DIRECTION('',(-1.E0,0.E0,0.E0));
#14916=AXIS2_PLACEMENT_3D('',#14913,#14914,#14915);
#14917=PLANE('',#14916);
#14918=ORIENTED_EDGE('',*,*,#14903,.T.);
#14920=ORIENTED_EDGE('',*,*,#14919,.F.);
#14921=ORIENTED_EDGE('',*,*,#13945,.F.);
#14922=ORIENTED_EDGE('',*,*,#14553,.T.);
#14923=ORIENTED_EDGE('',*,*,#14432,.F.);
#14925=ORIENTED_EDGE('',*,*,#14924,.T.);
#14926=EDGE_LOOP('',(#14918,#14920,#14921,#14922,#14923,#14925));
#14927=FACE_OUTER_BOUND('',#14926,.F.);
#14928=ADVANCED_FACE('',(#14927),#14917,.T.);
#14929=CARTESIAN_POINT('',(3.125E0,-5.7E0,2.84E1));
#14930=DIRECTION('',(-1.E0,0.E0,0.E0));
#14931=DIRECTION('',(0.E0,0.E0,-1.E0));
#14932=AXIS2_PLACEMENT_3D('',#14929,#14930,#14931);
#14933=PLANE('',#14932);
#14934=ORIENTED_EDGE('',*,*,#14908,.F.);
#14935=ORIENTED_EDGE('',*,*,#14707,.T.);
#14937=ORIENTED_EDGE('',*,*,#14936,.F.);
#14939=ORIENTED_EDGE('',*,*,#14938,.F.);
#14940=ORIENTED_EDGE('',*,*,#13947,.F.);
#14941=ORIENTED_EDGE('',*,*,#14919,.T.);
#14942=EDGE_LOOP('',(#14934,#14935,#14937,#14939,#14940,#14941));
#14943=FACE_OUTER_BOUND('',#14942,.F.);
#14944=ADVANCED_FACE('',(#14943),#14933,.T.);
#14945=CARTESIAN_POINT('',(3.875E0,-6.575E0,1.6625E1));
#14946=DIRECTION('',(0.E0,-7.071067811865E-1,-7.071067811866E-1));
#14947=DIRECTION('',(0.E0,7.071067811866E-1,-7.071067811865E-1));
#14948=AXIS2_PLACEMENT_3D('',#14945,#14946,#14947);
#14949=PLANE('',#14948);
#14951=ORIENTED_EDGE('',*,*,#14950,.T.);
#14953=ORIENTED_EDGE('',*,*,#14952,.F.);
#14954=ORIENTED_EDGE('',*,*,#14936,.T.);
#14955=ORIENTED_EDGE('',*,*,#14705,.T.);
#14956=EDGE_LOOP('',(#14951,#14953,#14954,#14955));
#14957=FACE_OUTER_BOUND('',#14956,.F.);
#14958=ADVANCED_FACE('',(#14957),#14949,.T.);
#14959=CARTESIAN_POINT('',(4.625E0,-3.5E0,1.65E1));
#14960=DIRECTION('',(1.E0,0.E0,0.E0));
#14961=DIRECTION('',(0.E0,0.E0,1.E0));
#14962=AXIS2_PLACEMENT_3D('',#14959,#14960,#14961);
#14963=PLANE('',#14962);
#14964=ORIENTED_EDGE('',*,*,#14905,.F.);
#14965=ORIENTED_EDGE('',*,*,#14924,.F.);
#14966=ORIENTED_EDGE('',*,*,#14430,.F.);
#14968=ORIENTED_EDGE('',*,*,#14967,.T.);
#14969=ORIENTED_EDGE('',*,*,#14950,.F.);
#14970=ORIENTED_EDGE('',*,*,#14703,.T.);
#14971=EDGE_LOOP('',(#14964,#14965,#14966,#14968,#14969,#14970));
#14972=FACE_OUTER_BOUND('',#14971,.F.);
#14973=ADVANCED_FACE('',(#14972),#14963,.T.);
#14974=CARTESIAN_POINT('',(4.125E0,-3.5E0,1.65E1));
#14975=DIRECTION('',(0.E0,0.E0,-1.E0));
#14976=DIRECTION('',(1.E0,0.E0,0.E0));
#14977=AXIS2_PLACEMENT_3D('',#14974,#14975,#14976);
#14978=PLANE('',#14977);
#14979=ORIENTED_EDGE('',*,*,#14952,.T.);
#14980=ORIENTED_EDGE('',*,*,#14967,.F.);
#14981=ORIENTED_EDGE('',*,*,#14428,.F.);
#14982=ORIENTED_EDGE('',*,*,#14550,.F.);
#14983=ORIENTED_EDGE('',*,*,#13949,.F.);
#14984=ORIENTED_EDGE('',*,*,#14938,.T.);
#14985=EDGE_LOOP('',(#14979,#14980,#14981,#14982,#14983,#14984));
#14986=FACE_OUTER_BOUND('',#14985,.F.);
#14987=ADVANCED_FACE('',(#14986),#14978,.T.);
#14988=CARTESIAN_POINT('',(-4.375E0,-6.575E0,1.3325E1));
#14989=DIRECTION('',(0.E0,-7.071067811865E-1,7.071067811866E-1));
#14990=DIRECTION('',(0.E0,7.071067811866E-1,7.071067811865E-1));
#14991=AXIS2_PLACEMENT_3D('',#14988,#14989,#14990);
#14992=PLANE('',#14991);
#14994=ORIENTED_EDGE('',*,*,#14993,.T.);
#14996=ORIENTED_EDGE('',*,*,#14995,.F.);
#14998=ORIENTED_EDGE('',*,*,#14997,.T.);
#15000=ORIENTED_EDGE('',*,*,#14999,.T.);
#15001=ORIENTED_EDGE('',*,*,#14717,.T.);
#15002=EDGE_LOOP('',(#14994,#14996,#14998,#15000,#15001));
#15003=FACE_OUTER_BOUND('',#15002,.F.);
#15004=ADVANCED_FACE('',(#15003),#14992,.T.);
#15005=CARTESIAN_POINT('',(-4.625E0,-3.5E0,1.345E1));
#15006=DIRECTION('',(-1.E0,0.E0,0.E0));
#15007=DIRECTION('',(0.E0,0.E0,-1.E0));
#15008=AXIS2_PLACEMENT_3D('',#15005,#15006,#15007);
#15009=PLANE('',#15008);
#15010=ORIENTED_EDGE('',*,*,#14993,.F.);
#15011=ORIENTED_EDGE('',*,*,#14727,.T.);
#15013=ORIENTED_EDGE('',*,*,#15012,.F.);
#15015=ORIENTED_EDGE('',*,*,#15014,.F.);
#15016=ORIENTED_EDGE('',*,*,#14518,.F.);
#15018=ORIENTED_EDGE('',*,*,#15017,.T.);
#15019=EDGE_LOOP('',(#15010,#15011,#15013,#15015,#15016,#15018));
#15020=FACE_OUTER_BOUND('',#15019,.F.);
#15021=ADVANCED_FACE('',(#15020),#15009,.T.);
#15022=CARTESIAN_POINT('',(-3.875E0,-6.575E0,2.45E0));
#15023=DIRECTION('',(0.E0,-7.071067811865E-1,-7.071067811866E-1));
#15024=DIRECTION('',(0.E0,7.071067811866E-1,-7.071067811865E-1));
#15025=AXIS2_PLACEMENT_3D('',#15022,#15023,#15024);
#15026=PLANE('',#15025);
#15028=ORIENTED_EDGE('',*,*,#15027,.T.);
#15030=ORIENTED_EDGE('',*,*,#15029,.F.);
#15031=ORIENTED_EDGE('',*,*,#15012,.T.);
#15032=ORIENTED_EDGE('',*,*,#14725,.T.);
#15033=EDGE_LOOP('',(#15028,#15030,#15031,#15032));
#15034=FACE_OUTER_BOUND('',#15033,.F.);
#15035=ADVANCED_FACE('',(#15034),#15026,.T.);
#15036=CARTESIAN_POINT('',(-3.125E0,-5.7E0,1.5E0));
#15037=DIRECTION('',(1.E0,0.E0,0.E0));
#15038=DIRECTION('',(0.E0,0.E0,1.E0));
#15039=AXIS2_PLACEMENT_3D('',#15036,#15037,#15038);
#15040=PLANE('',#15039);
#15041=ORIENTED_EDGE('',*,*,#15027,.F.);
#15042=ORIENTED_EDGE('',*,*,#14723,.T.);
#15044=ORIENTED_EDGE('',*,*,#15043,.F.);
#15045=ORIENTED_EDGE('',*,*,#14016,.F.);
#15047=ORIENTED_EDGE('',*,*,#15046,.T.);
#15048=EDGE_LOOP('',(#15041,#15042,#15044,#15045,#15047));
#15049=FACE_OUTER_BOUND('',#15048,.F.);
#15050=ADVANCED_FACE('',(#15049),#15040,.T.);
#15051=CARTESIAN_POINT('',(-3.125E0,-5.7E0,1.34E1));
#15052=DIRECTION('',(0.E0,0.E0,1.E0));
#15053=DIRECTION('',(-1.E0,0.E0,0.E0));
#15054=AXIS2_PLACEMENT_3D('',#15051,#15052,#15053);
#15055=PLANE('',#15054);
#15057=ORIENTED_EDGE('',*,*,#15056,.F.);
#15059=ORIENTED_EDGE('',*,*,#15058,.F.);
#15060=ORIENTED_EDGE('',*,*,#14018,.F.);
#15061=ORIENTED_EDGE('',*,*,#15043,.T.);
#15062=ORIENTED_EDGE('',*,*,#14721,.T.);
#15063=EDGE_LOOP('',(#15057,#15059,#15060,#15061,#15062));
#15064=FACE_OUTER_BOUND('',#15063,.F.);
#15065=ADVANCED_FACE('',(#15064),#15055,.T.);
#15066=CARTESIAN_POINT('',(-4.125E0,-3.5E0,1.55E0));
#15067=DIRECTION('',(1.E0,0.E0,0.E0));
#15068=DIRECTION('',(0.E0,0.E0,1.E0));
#15069=AXIS2_PLACEMENT_3D('',#15066,#15067,#15068);
#15070=PLANE('',#15069);
#15071=ORIENTED_EDGE('',*,*,#15056,.T.);
#15072=ORIENTED_EDGE('',*,*,#14719,.F.);
#15073=ORIENTED_EDGE('',*,*,#14999,.F.);
#15074=EDGE_LOOP('',(#15071,#15072,#15073));
#15075=FACE_OUTER_BOUND('',#15074,.F.);
#15076=ADVANCED_FACE('',(#15075),#15070,.F.);
#15077=CARTESIAN_POINT('',(-4.125E0,-3.5E0,1.55E0));
#15078=DIRECTION('',(1.E0,0.E0,0.E0));
#15079=DIRECTION('',(0.E0,0.E0,1.E0));
#15080=AXIS2_PLACEMENT_3D('',#15077,#15078,#15079);
#15081=PLANE('',#15080);
#15082=ORIENTED_EDGE('',*,*,#14997,.F.);
#15084=ORIENTED_EDGE('',*,*,#15083,.F.);
#15085=ORIENTED_EDGE('',*,*,#14020,.F.);
#15086=ORIENTED_EDGE('',*,*,#15058,.T.);
#15087=EDGE_LOOP('',(#15082,#15084,#15085,#15086));
#15088=FACE_OUTER_BOUND('',#15087,.F.);
#15089=ADVANCED_FACE('',(#15088),#15081,.T.);
#15090=CARTESIAN_POINT('',(-4.125E0,-3.5E0,1.345E1));
#15091=DIRECTION('',(0.E0,0.E0,1.E0));
#15092=DIRECTION('',(-1.E0,0.E0,0.E0));
#15093=AXIS2_PLACEMENT_3D('',#15090,#15091,#15092);
#15094=PLANE('',#15093);
#15095=ORIENTED_EDGE('',*,*,#14995,.T.);
#15096=ORIENTED_EDGE('',*,*,#15017,.F.);
#15097=ORIENTED_EDGE('',*,*,#14516,.F.);
#15098=ORIENTED_EDGE('',*,*,#13911,.F.);
#15099=ORIENTED_EDGE('',*,*,#15083,.T.);
#15100=EDGE_LOOP('',(#15095,#15096,#15097,#15098,#15099));
#15101=FACE_OUTER_BOUND('',#15100,.F.);
#15102=ADVANCED_FACE('',(#15101),#15094,.T.);
#15103=CARTESIAN_POINT('',(-3.125E0,-6.7E0,2.325E0));
#15104=DIRECTION('',(0.E0,0.E0,1.E0));
#15105=DIRECTION('',(-1.E0,0.E0,0.E0));
#15106=AXIS2_PLACEMENT_3D('',#15103,#15104,#15105);
#15107=PLANE('',#15106);
#15108=ORIENTED_EDGE('',*,*,#15029,.T.);
#15109=ORIENTED_EDGE('',*,*,#15046,.F.);
#15110=ORIENTED_EDGE('',*,*,#14014,.T.);
#15111=ORIENTED_EDGE('',*,*,#13915,.T.);
#15112=ORIENTED_EDGE('',*,*,#14513,.F.);
#15113=ORIENTED_EDGE('',*,*,#15014,.T.);
#15114=EDGE_LOOP('',(#15108,#15109,#15110,#15111,#15112,#15113));
#15115=FACE_OUTER_BOUND('',#15114,.F.);
#15116=ADVANCED_FACE('',(#15115),#15107,.F.);
#15117=CARTESIAN_POINT('',(-3.875E0,-6.575E0,-1.3275E1));
#15118=DIRECTION('',(0.E0,-7.071067811865E-1,-7.071067811866E-1));
#15119=DIRECTION('',(0.E0,7.071067811866E-1,-7.071067811865E-1));
#15120=AXIS2_PLACEMENT_3D('',#15117,#15118,#15119);
#15121=PLANE('',#15120);
#15123=ORIENTED_EDGE('',*,*,#15122,.F.);
#15125=ORIENTED_EDGE('',*,*,#15124,.T.);
#15126=ORIENTED_EDGE('',*,*,#14749,.T.);
#15128=ORIENTED_EDGE('',*,*,#15127,.T.);
#15129=EDGE_LOOP('',(#15123,#15125,#15126,#15128));
#15130=FACE_OUTER_BOUND('',#15129,.F.);
#15131=ADVANCED_FACE('',(#15130),#15121,.T.);
#15132=CARTESIAN_POINT('',(-4.625E0,-3.5E0,-1.34E1));
#15133=DIRECTION('',(0.E0,0.E0,-1.E0));
#15134=DIRECTION('',(1.E0,0.E0,0.E0));
#15135=AXIS2_PLACEMENT_3D('',#15132,#15133,#15134);
#15136=PLANE('',#15135);
#15137=ORIENTED_EDGE('',*,*,#15122,.T.);
#15139=ORIENTED_EDGE('',*,*,#15138,.F.);
#15140=ORIENTED_EDGE('',*,*,#14007,.F.);
#15141=ORIENTED_EDGE('',*,*,#13871,.T.);
#15142=ORIENTED_EDGE('',*,*,#14532,.F.);
#15144=ORIENTED_EDGE('',*,*,#15143,.T.);
#15145=EDGE_LOOP('',(#15137,#15139,#15140,#15141,#15142,#15144));
#15146=FACE_OUTER_BOUND('',#15145,.F.);
#15147=ADVANCED_FACE('',(#15146),#15136,.T.);
#15148=CARTESIAN_POINT('',(-3.125E0,-5.7E0,-1.34E1));
#15149=DIRECTION('',(1.E0,0.E0,0.E0));
#15150=DIRECTION('',(0.E0,0.E0,1.E0));
#15151=AXIS2_PLACEMENT_3D('',#15148,#15149,#15150);
#15152=PLANE('',#15151);
#15153=ORIENTED_EDGE('',*,*,#15127,.F.);
#15154=ORIENTED_EDGE('',*,*,#14755,.T.);
#15156=ORIENTED_EDGE('',*,*,#15155,.F.);
#15158=ORIENTED_EDGE('',*,*,#15157,.F.);
#15159=ORIENTED_EDGE('',*,*,#14009,.F.);
#15160=ORIENTED_EDGE('',*,*,#15138,.T.);
#15161=EDGE_LOOP('',(#15153,#15154,#15156,#15158,#15159,#15160));
#15162=FACE_OUTER_BOUND('',#15161,.F.);
#15163=ADVANCED_FACE('',(#15162),#15152,.T.);
#15164=CARTESIAN_POINT('',(-3.875E0,-6.575E0,-2.45E0));
#15165=DIRECTION('',(0.E0,-7.071067811865E-1,7.071067811866E-1));
#15166=DIRECTION('',(0.E0,7.071067811866E-1,7.071067811865E-1));
#15167=AXIS2_PLACEMENT_3D('',#15164,#15165,#15166);
#15168=PLANE('',#15167);
#15170=ORIENTED_EDGE('',*,*,#15169,.T.);
#15172=ORIENTED_EDGE('',*,*,#15171,.F.);
#15173=ORIENTED_EDGE('',*,*,#15155,.T.);
#15174=ORIENTED_EDGE('',*,*,#14753,.T.);
#15175=EDGE_LOOP('',(#15170,#15172,#15173,#15174));
#15176=FACE_OUTER_BOUND('',#15175,.F.);
#15177=ADVANCED_FACE('',(#15176),#15168,.T.);
#15178=CARTESIAN_POINT('',(-4.625E0,-3.5E0,-1.55E0));
#15179=DIRECTION('',(-1.E0,0.E0,0.E0));
#15180=DIRECTION('',(0.E0,0.E0,-1.E0));
#15181=AXIS2_PLACEMENT_3D('',#15178,#15179,#15180);
#15182=PLANE('',#15181);
#15183=ORIENTED_EDGE('',*,*,#15124,.F.);
#15184=ORIENTED_EDGE('',*,*,#15143,.F.);
#15185=ORIENTED_EDGE('',*,*,#14530,.F.);
#15187=ORIENTED_EDGE('',*,*,#15186,.F.);
#15188=ORIENTED_EDGE('',*,*,#15169,.F.);
#15189=ORIENTED_EDGE('',*,*,#14751,.T.);
#15190=EDGE_LOOP('',(#15183,#15184,#15185,#15187,#15188,#15189));
#15191=FACE_OUTER_BOUND('',#15190,.F.);
#15192=ADVANCED_FACE('',(#15191),#15182,.T.);
#15193=CARTESIAN_POINT('',(-4.625E0,-6.7E0,-2.325E0));
#15194=DIRECTION('',(0.E0,0.E0,-1.E0));
#15195=DIRECTION('',(1.E0,0.E0,0.E0));
#15196=AXIS2_PLACEMENT_3D('',#15193,#15194,#15195);
#15197=PLANE('',#15196);
#15198=ORIENTED_EDGE('',*,*,#15171,.T.);
#15199=ORIENTED_EDGE('',*,*,#15186,.T.);
#15200=ORIENTED_EDGE('',*,*,#14528,.T.);
#15201=ORIENTED_EDGE('',*,*,#13867,.T.);
#15202=ORIENTED_EDGE('',*,*,#14011,.T.);
#15203=ORIENTED_EDGE('',*,*,#15157,.T.);
#15204=EDGE_LOOP('',(#15198,#15199,#15200,#15201,#15202,#15203));
#15205=FACE_OUTER_BOUND('',#15204,.F.);
#15206=ADVANCED_FACE('',(#15205),#15197,.F.);
#15207=CARTESIAN_POINT('',(3.875E0,-6.575E0,-1.3275E1));
#15208=DIRECTION('',(0.E0,-7.071067811865E-1,-7.071067811866E-1));
#15209=DIRECTION('',(0.E0,7.071067811866E-1,-7.071067811865E-1));
#15210=AXIS2_PLACEMENT_3D('',#15207,#15208,#15209);
#15211=PLANE('',#15210);
#15213=ORIENTED_EDGE('',*,*,#15212,.T.);
#15215=ORIENTED_EDGE('',*,*,#15214,.F.);
#15217=ORIENTED_EDGE('',*,*,#15216,.T.);
#15218=ORIENTED_EDGE('',*,*,#14765,.T.);
#15219=EDGE_LOOP('',(#15213,#15215,#15217,#15218));
#15220=FACE_OUTER_BOUND('',#15219,.F.);
#15221=ADVANCED_FACE('',(#15220),#15211,.T.);
#15222=CARTESIAN_POINT('',(4.625E0,-3.5E0,-1.34E1));
#15223=DIRECTION('',(1.E0,0.E0,0.E0));
#15224=DIRECTION('',(0.E0,0.E0,1.E0));
#15225=AXIS2_PLACEMENT_3D('',#15222,#15223,#15224);
#15226=PLANE('',#15225);
#15227=ORIENTED_EDGE('',*,*,#15212,.F.);
#15228=ORIENTED_EDGE('',*,*,#14771,.T.);
#15230=ORIENTED_EDGE('',*,*,#15229,.F.);
#15232=ORIENTED_EDGE('',*,*,#15231,.F.);
#15233=ORIENTED_EDGE('',*,*,#14398,.F.);
#15235=ORIENTED_EDGE('',*,*,#15234,.T.);
#15236=EDGE_LOOP('',(#15227,#15228,#15230,#15232,#15233,#15235));
#15237=FACE_OUTER_BOUND('',#15236,.F.);
#15238=ADVANCED_FACE('',(#15237),#15226,.T.);
#15239=CARTESIAN_POINT('',(3.875E0,-6.575E0,-1.675E0));
#15240=DIRECTION('',(0.E0,-7.071067811865E-1,7.071067811865E-1));
#15241=DIRECTION('',(0.E0,-7.071067811865E-1,-7.071067811865E-1));
#15242=AXIS2_PLACEMENT_3D('',#15239,#15240,#15241);
#15243=PLANE('',#15242);
#15244=ORIENTED_EDGE('',*,*,#15229,.T.);
#15245=ORIENTED_EDGE('',*,*,#14769,.F.);
#15247=ORIENTED_EDGE('',*,*,#15246,.T.);
#15249=ORIENTED_EDGE('',*,*,#15248,.T.);
#15250=EDGE_LOOP('',(#15244,#15245,#15247,#15249));
#15251=FACE_OUTER_BOUND('',#15250,.F.);
#15252=ADVANCED_FACE('',(#15251),#15243,.T.);
#15253=CARTESIAN_POINT('',(3.125E0,-5.7E0,-1.5E0));
#15254=DIRECTION('',(-1.E0,0.E0,0.E0));
#15255=DIRECTION('',(0.E0,0.E0,-1.E0));
#15256=AXIS2_PLACEMENT_3D('',#15253,#15254,#15255);
#15257=PLANE('',#15256);
#15258=ORIENTED_EDGE('',*,*,#15216,.F.);
#15260=ORIENTED_EDGE('',*,*,#15259,.F.);
#15261=ORIENTED_EDGE('',*,*,#13963,.F.);
#15263=ORIENTED_EDGE('',*,*,#15262,.T.);
#15264=ORIENTED_EDGE('',*,*,#15246,.F.);
#15265=ORIENTED_EDGE('',*,*,#14767,.T.);
#15266=EDGE_LOOP('',(#15258,#15260,#15261,#15263,#15264,#15265));
#15267=FACE_OUTER_BOUND('',#15266,.F.);
#15268=ADVANCED_FACE('',(#15267),#15257,.T.);
#15269=CARTESIAN_POINT('',(4.125E0,-3.5E0,-1.34E1));
#15270=DIRECTION('',(0.E0,0.E0,-1.E0));
#15271=DIRECTION('',(1.E0,0.E0,0.E0));
#15272=AXIS2_PLACEMENT_3D('',#15269,#15270,#15271);
#15273=PLANE('',#15272);
#15274=ORIENTED_EDGE('',*,*,#15214,.T.);
#15275=ORIENTED_EDGE('',*,*,#15234,.F.);
#15276=ORIENTED_EDGE('',*,*,#14396,.F.);
#15277=ORIENTED_EDGE('',*,*,#14578,.F.);
#15278=ORIENTED_EDGE('',*,*,#13965,.F.);
#15279=ORIENTED_EDGE('',*,*,#15259,.T.);
#15280=EDGE_LOOP('',(#15274,#15275,#15276,#15277,#15278,#15279));
#15281=FACE_OUTER_BOUND('',#15280,.F.);
#15282=ADVANCED_FACE('',(#15281),#15273,.T.);
#15283=CARTESIAN_POINT('',(4.625E0,-3.5E0,-1.55E0));
#15284=DIRECTION('',(0.E0,0.E0,1.E0));
#15285=DIRECTION('',(-1.E0,0.E0,0.E0));
#15286=AXIS2_PLACEMENT_3D('',#15283,#15284,#15285);
#15287=PLANE('',#15286);
#15288=ORIENTED_EDGE('',*,*,#15231,.T.);
#15289=ORIENTED_EDGE('',*,*,#15248,.F.);
#15290=ORIENTED_EDGE('',*,*,#15262,.F.);
#15291=ORIENTED_EDGE('',*,*,#13961,.T.);
#15292=ORIENTED_EDGE('',*,*,#14581,.F.);
#15293=ORIENTED_EDGE('',*,*,#14400,.F.);
#15294=EDGE_LOOP('',(#15288,#15289,#15290,#15291,#15292,#15293));
#15295=FACE_OUTER_BOUND('',#15294,.F.);
#15296=ADVANCED_FACE('',(#15295),#15287,.T.);
#15297=CARTESIAN_POINT('',(3.875E0,-6.575E0,-1.6625E1));
#15298=DIRECTION('',(0.E0,-7.071067811865E-1,7.071067811865E-1));
#15299=DIRECTION('',(0.E0,7.071067811865E-1,7.071067811865E-1));
#15300=AXIS2_PLACEMENT_3D('',#15297,#15298,#15299);
#15301=PLANE('',#15300);
#15303=ORIENTED_EDGE('',*,*,#15302,.F.);
#15305=ORIENTED_EDGE('',*,*,#15304,.F.);
#15306=ORIENTED_EDGE('',*,*,#14781,.T.);
#15308=ORIENTED_EDGE('',*,*,#15307,.T.);
#15309=EDGE_LOOP('',(#15303,#15305,#15306,#15308));
#15310=FACE_OUTER_BOUND('',#15309,.F.);
#15311=ADVANCED_FACE('',(#15310),#15301,.T.);
#15312=CARTESIAN_POINT('',(4.625E0,-3.5E0,-1.65E1));
#15313=DIRECTION('',(0.E0,0.E0,1.E0));
#15314=DIRECTION('',(-1.E0,0.E0,0.E0));
#15315=AXIS2_PLACEMENT_3D('',#15312,#15313,#15314);
#15316=PLANE('',#15315);
#15317=ORIENTED_EDGE('',*,*,#15302,.T.);
#15319=ORIENTED_EDGE('',*,*,#15318,.F.);
#15320=ORIENTED_EDGE('',*,*,#13969,.F.);
#15321=ORIENTED_EDGE('',*,*,#14575,.T.);
#15322=ORIENTED_EDGE('',*,*,#14384,.F.);
#15324=ORIENTED_EDGE('',*,*,#15323,.T.);
#15325=EDGE_LOOP('',(#15317,#15319,#15320,#15321,#15322,#15324));
#15326=FACE_OUTER_BOUND('',#15325,.F.);
#15327=ADVANCED_FACE('',(#15326),#15316,.T.);
#15328=CARTESIAN_POINT('',(3.125E0,-5.7E0,-1.65E1));
#15329=DIRECTION('',(-1.E0,0.E0,0.E0));
#15330=DIRECTION('',(0.E0,0.E0,-1.E0));
#15331=AXIS2_PLACEMENT_3D('',#15328,#15329,#15330);
#15332=PLANE('',#15331);
#15333=ORIENTED_EDGE('',*,*,#15318,.T.);
#15335=ORIENTED_EDGE('',*,*,#15334,.T.);
#15337=ORIENTED_EDGE('',*,*,#15336,.F.);
#15338=ORIENTED_EDGE('',*,*,#13971,.F.);
#15339=EDGE_LOOP('',(#15333,#15335,#15337,#15338));
#15340=FACE_OUTER_BOUND('',#15339,.F.);
#15341=ADVANCED_FACE('',(#15340),#15332,.T.);
#15342=CARTESIAN_POINT('',(3.25E0,-6.575E0,-2.245E1));
#15343=DIRECTION('',(-7.071067811865E-1,-7.071067811865E-1,0.E0));
#15344=DIRECTION('',(-7.071067811865E-1,7.071067811865E-1,0.E0));
#15345=AXIS2_PLACEMENT_3D('',#15342,#15343,#15344);
#15346=PLANE('',#15345);
#15347=ORIENTED_EDGE('',*,*,#15334,.F.);
#15348=ORIENTED_EDGE('',*,*,#15307,.F.);
#15349=ORIENTED_EDGE('',*,*,#14787,.T.);
#15351=ORIENTED_EDGE('',*,*,#15350,.F.);
#15352=EDGE_LOOP('',(#15347,#15348,#15349,#15351));
#15353=FACE_OUTER_BOUND('',#15352,.F.);
#15354=ADVANCED_FACE('',(#15353),#15346,.T.);
#15355=CARTESIAN_POINT('',(3.875E0,-6.575E0,-2.8275E1));
#15356=DIRECTION('',(0.E0,-7.071067811865E-1,-7.071067811865E-1));
#15357=DIRECTION('',(0.E0,7.071067811865E-1,-7.071067811865E-1));
#15358=AXIS2_PLACEMENT_3D('',#15355,#15356,#15357);
#15359=PLANE('',#15358);
#15361=ORIENTED_EDGE('',*,*,#15360,.F.);
#15362=ORIENTED_EDGE('',*,*,#15350,.T.);
#15363=ORIENTED_EDGE('',*,*,#14785,.T.);
#15365=ORIENTED_EDGE('',*,*,#15364,.T.);
#15366=EDGE_LOOP('',(#15361,#15362,#15363,#15365));
#15367=FACE_OUTER_BOUND('',#15366,.F.);
#15368=ADVANCED_FACE('',(#15367),#15359,.T.);
#15369=CARTESIAN_POINT('',(4.125E0,-3.5E0,-2.84E1));
#15370=DIRECTION('',(0.E0,0.E0,-1.E0));
#15371=DIRECTION('',(1.E0,0.E0,0.E0));
#15372=AXIS2_PLACEMENT_3D('',#15369,#15370,#15371);
#15373=PLANE('',#15372);
#15374=ORIENTED_EDGE('',*,*,#15360,.T.);
#15376=ORIENTED_EDGE('',*,*,#15375,.F.);
#15377=ORIENTED_EDGE('',*,*,#14380,.F.);
#15378=ORIENTED_EDGE('',*,*,#14572,.F.);
#15379=ORIENTED_EDGE('',*,*,#13973,.F.);
#15380=ORIENTED_EDGE('',*,*,#15336,.T.);
#15381=EDGE_LOOP('',(#15374,#15376,#15377,#15378,#15379,#15380));
#15382=FACE_OUTER_BOUND('',#15381,.F.);
#15383=ADVANCED_FACE('',(#15382),#15373,.T.);
#15384=CARTESIAN_POINT('',(4.625E0,-3.5E0,-2.84E1));
#15385=DIRECTION('',(1.E0,0.E0,0.E0));
#15386=DIRECTION('',(0.E0,0.E0,1.E0));
#15387=AXIS2_PLACEMENT_3D('',#15384,#15385,#15386);
#15388=PLANE('',#15387);
#15389=ORIENTED_EDGE('',*,*,#15323,.F.);
#15390=ORIENTED_EDGE('',*,*,#14382,.F.);
#15391=ORIENTED_EDGE('',*,*,#15375,.T.);
#15393=ORIENTED_EDGE('',*,*,#15392,.T.);
#15394=EDGE_LOOP('',(#15389,#15390,#15391,#15393));
#15395=FACE_OUTER_BOUND('',#15394,.F.);
#15396=ADVANCED_FACE('',(#15395),#15388,.T.);
#15397=CARTESIAN_POINT('',(4.5E0,-6.575E0,-2.245E1));
#15398=DIRECTION('',(7.071067811865E-1,-7.071067811865E-1,0.E0));
#15399=DIRECTION('',(7.071067811865E-1,7.071067811865E-1,0.E0));
#15400=AXIS2_PLACEMENT_3D('',#15397,#15398,#15399);
#15401=PLANE('',#15400);
#15402=ORIENTED_EDGE('',*,*,#14783,.T.);
#15403=ORIENTED_EDGE('',*,*,#15304,.T.);
#15404=ORIENTED_EDGE('',*,*,#15392,.F.);
#15405=ORIENTED_EDGE('',*,*,#15364,.F.);
#15406=EDGE_LOOP('',(#15402,#15403,#15404,#15405));
#15407=FACE_OUTER_BOUND('',#15406,.F.);
#15408=ADVANCED_FACE('',(#15407),#15401,.T.);
#15409=CARTESIAN_POINT('',(-3.875E0,-6.575E0,-1.6625E1));
#15410=DIRECTION('',(0.E0,-7.071067811865E-1,7.071067811865E-1));
#15411=DIRECTION('',(0.E0,7.071067811865E-1,7.071067811865E-1));
#15412=AXIS2_PLACEMENT_3D('',#15409,#15410,#15411);
#15413=PLANE('',#15412);
#15415=ORIENTED_EDGE('',*,*,#15414,.T.);
#15417=ORIENTED_EDGE('',*,*,#15416,.F.);
#15419=ORIENTED_EDGE('',*,*,#15418,.T.);
#15420=ORIENTED_EDGE('',*,*,#14797,.T.);
#15421=EDGE_LOOP('',(#15415,#15417,#15419,#15420));
#15422=FACE_OUTER_BOUND('',#15421,.F.);
#15423=ADVANCED_FACE('',(#15422),#15413,.T.);
#15424=CARTESIAN_POINT('',(-4.625E0,-3.5E0,-1.65E1));
#15425=DIRECTION('',(-1.E0,0.E0,0.E0));
#15426=DIRECTION('',(0.E0,0.E0,-1.E0));
#15427=AXIS2_PLACEMENT_3D('',#15424,#15425,#15426);
#15428=PLANE('',#15427);
#15429=ORIENTED_EDGE('',*,*,#15414,.F.);
#15430=ORIENTED_EDGE('',*,*,#14803,.T.);
#15432=ORIENTED_EDGE('',*,*,#15431,.F.);
#15434=ORIENTED_EDGE('',*,*,#15433,.F.);
#15435=ORIENTED_EDGE('',*,*,#14486,.F.);
#15437=ORIENTED_EDGE('',*,*,#15436,.T.);
#15438=EDGE_LOOP('',(#15429,#15430,#15432,#15434,#15435,#15437));
#15439=FACE_OUTER_BOUND('',#15438,.F.);
#15440=ADVANCED_FACE('',(#15439),#15428,.T.);
#15441=CARTESIAN_POINT('',(-3.875E0,-6.575E0,-2.8275E1));
#15442=DIRECTION('',(0.E0,-7.071067811865E-1,-7.071067811865E-1));
#15443=DIRECTION('',(0.E0,7.071067811865E-1,-7.071067811865E-1));
#15444=AXIS2_PLACEMENT_3D('',#15441,#15442,#15443);
#15445=PLANE('',#15444);
#15447=ORIENTED_EDGE('',*,*,#15446,.F.);
#15448=ORIENTED_EDGE('',*,*,#15431,.T.);
#15449=ORIENTED_EDGE('',*,*,#14801,.T.);
#15451=ORIENTED_EDGE('',*,*,#15450,.T.);
#15452=EDGE_LOOP('',(#15447,#15448,#15449,#15451));
#15453=FACE_OUTER_BOUND('',#15452,.F.);
#15454=ADVANCED_FACE('',(#15453),#15445,.T.);
#15455=CARTESIAN_POINT('',(-4.625E0,-3.5E0,-2.84E1));
#15456=DIRECTION('',(0.E0,0.E0,-1.E0));
#15457=DIRECTION('',(1.E0,0.E0,0.E0));
#15458=AXIS2_PLACEMENT_3D('',#15455,#15456,#15457);
#15459=PLANE('',#15458);
#15460=ORIENTED_EDGE('',*,*,#15446,.T.);
#15462=ORIENTED_EDGE('',*,*,#15461,.F.);
#15463=ORIENTED_EDGE('',*,*,#14000,.F.);
#15464=ORIENTED_EDGE('',*,*,#13879,.T.);
#15465=ORIENTED_EDGE('',*,*,#14488,.F.);
#15466=ORIENTED_EDGE('',*,*,#15433,.T.);
#15467=EDGE_LOOP('',(#15460,#15462,#15463,#15464,#15465,#15466));
#15468=FACE_OUTER_BOUND('',#15467,.F.);
#15469=ADVANCED_FACE('',(#15468),#15459,.T.);
#15470=CARTESIAN_POINT('',(-3.125E0,-5.7E0,-2.84E1));
#15471=DIRECTION('',(1.E0,0.E0,0.E0));
#15472=DIRECTION('',(0.E0,0.E0,1.E0));
#15473=AXIS2_PLACEMENT_3D('',#15470,#15471,#15472);
#15474=PLANE('',#15473);
#15475=ORIENTED_EDGE('',*,*,#15418,.F.);
#15477=ORIENTED_EDGE('',*,*,#15476,.F.);
#15478=ORIENTED_EDGE('',*,*,#14002,.F.);
#15479=ORIENTED_EDGE('',*,*,#15461,.T.);
#15480=ORIENTED_EDGE('',*,*,#15450,.F.);
#15481=ORIENTED_EDGE('',*,*,#14799,.T.);
#15482=EDGE_LOOP('',(#15475,#15477,#15478,#15479,#15480,#15481));
#15483=FACE_OUTER_BOUND('',#15482,.F.);
#15484=ADVANCED_FACE('',(#15483),#15474,.T.);
#15485=CARTESIAN_POINT('',(-4.125E0,-3.5E0,-1.65E1));
#15486=DIRECTION('',(0.E0,0.E0,1.E0));
#15487=DIRECTION('',(-1.E0,0.E0,0.E0));
#15488=AXIS2_PLACEMENT_3D('',#15485,#15486,#15487);
#15489=PLANE('',#15488);
#15490=ORIENTED_EDGE('',*,*,#15416,.T.);
#15491=ORIENTED_EDGE('',*,*,#15436,.F.);
#15492=ORIENTED_EDGE('',*,*,#14484,.F.);
#15493=ORIENTED_EDGE('',*,*,#13875,.F.);
#15494=ORIENTED_EDGE('',*,*,#14004,.F.);
#15495=ORIENTED_EDGE('',*,*,#15476,.T.);
#15496=EDGE_LOOP('',(#15490,#15491,#15492,#15493,#15494,#15495));
#15497=FACE_OUTER_BOUND('',#15496,.F.);
#15498=ADVANCED_FACE('',(#15497),#15489,.T.);
#15499=CARTESIAN_POINT('',(4.125E0,-3.5E0,3.15E1));
#15500=DIRECTION('',(0.E0,0.E0,-1.E0));
#15501=DIRECTION('',(1.E0,0.E0,0.E0));
#15502=AXIS2_PLACEMENT_3D('',#15499,#15500,#15501);
#15503=PLANE('',#15502);
#15504=ORIENTED_EDGE('',*,*,#13941,.T.);
#15505=ORIENTED_EDGE('',*,*,#14237,.F.);
#15506=ORIENTED_EDGE('',*,*,#14444,.F.);
#15507=ORIENTED_EDGE('',*,*,#14556,.F.);
#15508=EDGE_LOOP('',(#15504,#15505,#15506,#15507));
#15509=FACE_OUTER_BOUND('',#15508,.F.);
#15510=ADVANCED_FACE('',(#15509),#15503,.T.);
#15511=CARTESIAN_POINT('',(4.125E0,-2.5E0,3.7E1));
#15512=DIRECTION('',(0.E0,0.E0,1.E0));
#15513=DIRECTION('',(-1.E0,0.E0,0.E0));
#15514=AXIS2_PLACEMENT_3D('',#15511,#15512,#15513);
#15515=PLANE('',#15514);
#15516=ORIENTED_EDGE('',*,*,#13849,.T.);
#15517=ORIENTED_EDGE('',*,*,#13892,.F.);
#15518=ORIENTED_EDGE('',*,*,#13807,.F.);
#15519=ORIENTED_EDGE('',*,*,#14561,.T.);
#15520=EDGE_LOOP('',(#15516,#15517,#15518,#15519));
#15521=FACE_OUTER_BOUND('',#15520,.F.);
#15522=ADVANCED_FACE('',(#15521),#15515,.T.);
#15523=CARTESIAN_POINT('',(-4.125E0,-3.E0,-3.75E1));
#15524=DIRECTION('',(0.E0,0.E0,-1.E0));
#15525=DIRECTION('',(1.E0,0.E0,0.E0));
#15526=AXIS2_PLACEMENT_3D('',#15523,#15524,#15525);
#15527=PLANE('',#15526);
#15529=ORIENTED_EDGE('',*,*,#15528,.T.);
#15531=ORIENTED_EDGE('',*,*,#15530,.F.);
#15532=ORIENTED_EDGE('',*,*,#14364,.F.);
#15533=ORIENTED_EDGE('',*,*,#14566,.F.);
#15534=ORIENTED_EDGE('',*,*,#13837,.F.);
#15535=ORIENTED_EDGE('',*,*,#13887,.T.);
#15536=ORIENTED_EDGE('',*,*,#14503,.F.);
#15538=ORIENTED_EDGE('',*,*,#15537,.T.);
#15539=EDGE_LOOP('',(#15529,#15531,#15532,#15533,#15534,#15535,#15536,#15538));
#15540=FACE_OUTER_BOUND('',#15539,.F.);
#15541=ADVANCED_FACE('',(#15540),#15527,.T.);
#15542=CARTESIAN_POINT('',(-4.625E0,-4.6E0,-3.69E1));
#15543=DIRECTION('',(0.E0,1.E0,0.E0));
#15544=DIRECTION('',(0.E0,0.E0,-1.E0));
#15545=AXIS2_PLACEMENT_3D('',#15542,#15543,#15544);
#15546=PLANE('',#15545);
#15547=ORIENTED_EDGE('',*,*,#15528,.F.);
#15549=ORIENTED_EDGE('',*,*,#15548,.T.);
#15551=ORIENTED_EDGE('',*,*,#15550,.T.);
#15553=ORIENTED_EDGE('',*,*,#15552,.F.);
#15554=EDGE_LOOP('',(#15547,#15549,#15551,#15553));
#15555=FACE_OUTER_BOUND('',#15554,.F.);
#15556=ADVANCED_FACE('',(#15555),#15546,.F.);
#15557=CARTESIAN_POINT('',(-4.625E0,-3.5E0,-3.15E1));
#15558=DIRECTION('',(-1.E0,0.E0,0.E0));
#15559=DIRECTION('',(0.E0,0.E0,-1.E0));
#15560=AXIS2_PLACEMENT_3D('',#15557,#15558,#15559);
#15561=PLANE('',#15560);
#15563=ORIENTED_EDGE('',*,*,#15562,.T.);
#15564=ORIENTED_EDGE('',*,*,#15548,.F.);
#15565=ORIENTED_EDGE('',*,*,#15537,.F.);
#15566=ORIENTED_EDGE('',*,*,#14501,.F.);
#15568=ORIENTED_EDGE('',*,*,#15567,.T.);
#15569=ORIENTED_EDGE('',*,*,#13995,.T.);
#15571=ORIENTED_EDGE('',*,*,#15570,.T.);
#15573=ORIENTED_EDGE('',*,*,#15572,.F.);
#15575=ORIENTED_EDGE('',*,*,#15574,.F.);
#15576=ORIENTED_EDGE('',*,*,#14044,.T.);
#15577=EDGE_LOOP('',(#15563,#15564,#15565,#15566,#15568,#15569,#15571,#15573,
#15575,#15576));
#15578=FACE_OUTER_BOUND('',#15577,.F.);
#15579=ADVANCED_FACE('',(#15578),#15561,.T.);
#15580=CARTESIAN_POINT('',(-4.625E0,-5.7E0,-3.69E1));
#15581=DIRECTION('',(0.E0,0.E0,1.E0));
#15582=DIRECTION('',(0.E0,1.E0,0.E0));
#15583=AXIS2_PLACEMENT_3D('',#15580,#15581,#15582);
#15584=PLANE('',#15583);
#15585=ORIENTED_EDGE('',*,*,#14042,.T.);
#15587=ORIENTED_EDGE('',*,*,#15586,.T.);
#15588=ORIENTED_EDGE('',*,*,#15550,.F.);
#15589=ORIENTED_EDGE('',*,*,#15562,.F.);
#15590=EDGE_LOOP('',(#15585,#15587,#15588,#15589));
#15591=FACE_OUTER_BOUND('',#15590,.F.);
#15592=ADVANCED_FACE('',(#15591),#15584,.F.);
#15593=CARTESIAN_POINT('',(4.625E0,-3.5E0,-3.75E1));
#15594=DIRECTION('',(1.E0,0.E0,0.E0));
#15595=DIRECTION('',(0.E0,0.E0,1.E0));
#15596=AXIS2_PLACEMENT_3D('',#15593,#15594,#15595);
#15597=PLANE('',#15596);
#15598=ORIENTED_EDGE('',*,*,#15586,.F.);
#15599=ORIENTED_EDGE('',*,*,#14060,.T.);
#15601=ORIENTED_EDGE('',*,*,#15600,.T.);
#15603=ORIENTED_EDGE('',*,*,#15602,.F.);
#15605=ORIENTED_EDGE('',*,*,#15604,.F.);
#15606=ORIENTED_EDGE('',*,*,#13979,.T.);
#15608=ORIENTED_EDGE('',*,*,#15607,.F.);
#15609=ORIENTED_EDGE('',*,*,#14366,.F.);
#15610=ORIENTED_EDGE('',*,*,#15530,.T.);
#15611=ORIENTED_EDGE('',*,*,#15552,.T.);
#15612=EDGE_LOOP('',(#15598,#15599,#15601,#15603,#15605,#15606,#15608,#15609,
#15610,#15611));
#15613=FACE_OUTER_BOUND('',#15612,.F.);
#15614=ADVANCED_FACE('',(#15613),#15597,.T.);
#15615=CARTESIAN_POINT('',(4.625E0,-5.7E0,-3.3E1));
#15616=DIRECTION('',(0.E0,0.E0,1.E0));
#15617=DIRECTION('',(-1.E0,0.E0,0.E0));
#15618=AXIS2_PLACEMENT_3D('',#15615,#15616,#15617);
#15619=PLANE('',#15618);
#15620=ORIENTED_EDGE('',*,*,#15600,.F.);
#15621=ORIENTED_EDGE('',*,*,#14058,.T.);
#15623=ORIENTED_EDGE('',*,*,#15622,.T.);
#15625=ORIENTED_EDGE('',*,*,#15624,.F.);
#15626=EDGE_LOOP('',(#15620,#15621,#15623,#15625));
#15627=FACE_OUTER_BOUND('',#15626,.F.);
#15628=ADVANCED_FACE('',(#15627),#15619,.F.);
#15629=CARTESIAN_POINT('',(1.7E0,-5.7E0,-3.3E1));
#15630=DIRECTION('',(-1.E0,0.E0,0.E0));
#15631=DIRECTION('',(0.E0,0.E0,-1.E0));
#15632=AXIS2_PLACEMENT_3D('',#15629,#15630,#15631);
#15633=PLANE('',#15632);
#15635=ORIENTED_EDGE('',*,*,#15634,.T.);
#15637=ORIENTED_EDGE('',*,*,#15636,.F.);
#15638=ORIENTED_EDGE('',*,*,#15622,.F.);
#15639=ORIENTED_EDGE('',*,*,#14056,.T.);
#15640=EDGE_LOOP('',(#15635,#15637,#15638,#15639));
#15641=FACE_OUTER_BOUND('',#15640,.F.);
#15642=ADVANCED_FACE('',(#15641),#15633,.F.);
#15643=CARTESIAN_POINT('',(1.45E0,2.97512E0,-3.39E1));
#15644=DIRECTION('',(0.E0,-1.E0,0.E0));
#15645=DIRECTION('',(0.E0,0.E0,-1.E0));
#15646=AXIS2_PLACEMENT_3D('',#15643,#15644,#15645);
#15647=CYLINDRICAL_SURFACE('',#15646,2.5E-1);
#15649=ORIENTED_EDGE('',*,*,#15648,.T.);
#15650=ORIENTED_EDGE('',*,*,#15634,.F.);
#15651=ORIENTED_EDGE('',*,*,#14054,.T.);
#15653=ORIENTED_EDGE('',*,*,#15652,.T.);
#15654=EDGE_LOOP('',(#15649,#15650,#15651,#15653));
#15655=FACE_OUTER_BOUND('',#15654,.F.);
#15656=ADVANCED_FACE('',(#15655),#15647,.T.);
#15657=CARTESIAN_POINT('',(-4.625E0,-6.7E0,3.055E1));
#15658=DIRECTION('',(0.E0,1.E0,0.E0));
#15659=DIRECTION('',(0.E0,0.E0,1.E0));
#15660=AXIS2_PLACEMENT_3D('',#15657,#15658,#15659);
#15661=PLANE('',#15660);
#15663=ORIENTED_EDGE('',*,*,#15662,.F.);
#15665=ORIENTED_EDGE('',*,*,#15664,.T.);
#15667=ORIENTED_EDGE('',*,*,#15666,.T.);
#15669=ORIENTED_EDGE('',*,*,#15668,.T.);
#15671=ORIENTED_EDGE('',*,*,#15670,.F.);
#15673=ORIENTED_EDGE('',*,*,#15672,.T.);
#15674=ORIENTED_EDGE('',*,*,#15602,.T.);
#15675=ORIENTED_EDGE('',*,*,#15624,.T.);
#15676=ORIENTED_EDGE('',*,*,#15636,.T.);
#15677=ORIENTED_EDGE('',*,*,#15648,.F.);
#15679=ORIENTED_EDGE('',*,*,#15678,.T.);
#15681=ORIENTED_EDGE('',*,*,#15680,.F.);
#15683=ORIENTED_EDGE('',*,*,#15682,.T.);
#15685=ORIENTED_EDGE('',*,*,#15684,.T.);
#15686=ORIENTED_EDGE('',*,*,#15572,.T.);
#15688=ORIENTED_EDGE('',*,*,#15687,.T.);
#15689=EDGE_LOOP('',(#15663,#15665,#15667,#15669,#15671,#15673,#15674,#15675,
#15676,#15677,#15679,#15681,#15683,#15685,#15686,#15688));
#15690=FACE_OUTER_BOUND('',#15689,.F.);
#15691=ADVANCED_FACE('',(#15690),#15661,.F.);
#15692=CARTESIAN_POINT('',(-9.5E-1,2.97512E0,-3.225E1));
#15693=DIRECTION('',(0.E0,-1.E0,0.E0));
#15694=DIRECTION('',(1.E0,0.E0,0.E0));
#15695=AXIS2_PLACEMENT_3D('',#15692,#15693,#15694);
#15696=CYLINDRICAL_SURFACE('',#15695,2.5E-1);
#15697=ORIENTED_EDGE('',*,*,#15662,.T.);
#15699=ORIENTED_EDGE('',*,*,#15698,.F.);
#15700=ORIENTED_EDGE('',*,*,#13991,.T.);
#15702=ORIENTED_EDGE('',*,*,#15701,.T.);
#15703=EDGE_LOOP('',(#15697,#15699,#15700,#15702));
#15704=FACE_OUTER_BOUND('',#15703,.F.);
#15705=ADVANCED_FACE('',(#15704),#15696,.T.);
#15706=CARTESIAN_POINT('',(-4.625E0,-5.7E0,-3.2E1));
#15707=DIRECTION('',(0.E0,0.E0,-1.E0));
#15708=DIRECTION('',(1.E0,0.E0,0.E0));
#15709=AXIS2_PLACEMENT_3D('',#15706,#15707,#15708);
#15710=PLANE('',#15709);
#15711=ORIENTED_EDGE('',*,*,#15698,.T.);
#15712=ORIENTED_EDGE('',*,*,#15687,.F.);
#15713=ORIENTED_EDGE('',*,*,#15570,.F.);
#15714=ORIENTED_EDGE('',*,*,#13993,.T.);
#15715=EDGE_LOOP('',(#15711,#15712,#15713,#15714));
#15716=FACE_OUTER_BOUND('',#15715,.F.);
#15717=ADVANCED_FACE('',(#15716),#15710,.F.);
#15718=CARTESIAN_POINT('',(-7.E-1,-5.7E0,-3.2E1));
#15719=DIRECTION('',(-1.E0,0.E0,0.E0));
#15720=DIRECTION('',(0.E0,0.E0,-1.E0));
#15721=AXIS2_PLACEMENT_3D('',#15718,#15719,#15720);
#15722=PLANE('',#15721);
#15723=ORIENTED_EDGE('',*,*,#15701,.F.);
#15724=ORIENTED_EDGE('',*,*,#13989,.T.);
#15726=ORIENTED_EDGE('',*,*,#15725,.T.);
#15727=ORIENTED_EDGE('',*,*,#15664,.F.);
#15728=EDGE_LOOP('',(#15723,#15724,#15726,#15727));
#15729=FACE_OUTER_BOUND('',#15728,.F.);
#15730=ADVANCED_FACE('',(#15729),#15722,.F.);
#15731=CARTESIAN_POINT('',(-7.E-1,-5.7E0,-3.315E1));
#15732=DIRECTION('',(0.E0,0.E0,-1.E0));
#15733=DIRECTION('',(1.E0,0.E0,0.E0));
#15734=AXIS2_PLACEMENT_3D('',#15731,#15732,#15733);
#15735=PLANE('',#15734);
#15736=ORIENTED_EDGE('',*,*,#15725,.F.);
#15737=ORIENTED_EDGE('',*,*,#13987,.T.);
#15739=ORIENTED_EDGE('',*,*,#15738,.T.);
#15740=ORIENTED_EDGE('',*,*,#15666,.F.);
#15741=EDGE_LOOP('',(#15736,#15737,#15739,#15740));
#15742=FACE_OUTER_BOUND('',#15741,.F.);
#15743=ADVANCED_FACE('',(#15742),#15735,.F.);
#15744=CARTESIAN_POINT('',(7.E-1,-5.7E0,-3.315E1));
#15745=DIRECTION('',(1.E0,0.E0,0.E0));
#15746=DIRECTION('',(0.E0,0.E0,1.E0));
#15747=AXIS2_PLACEMENT_3D('',#15744,#15745,#15746);
#15748=PLANE('',#15747);
#15750=ORIENTED_EDGE('',*,*,#15749,.T.);
#15751=ORIENTED_EDGE('',*,*,#15668,.F.);
#15752=ORIENTED_EDGE('',*,*,#15738,.F.);
#15753=ORIENTED_EDGE('',*,*,#13985,.T.);
#15754=EDGE_LOOP('',(#15750,#15751,#15752,#15753));
#15755=FACE_OUTER_BOUND('',#15754,.F.);
#15756=ADVANCED_FACE('',(#15755),#15748,.F.);
#15757=CARTESIAN_POINT('',(9.5E-1,2.97512E0,-3.225E1));
#15758=DIRECTION('',(0.E0,-1.E0,0.E0));
#15759=DIRECTION('',(0.E0,0.E0,1.E0));
#15760=AXIS2_PLACEMENT_3D('',#15757,#15758,#15759);
#15761=CYLINDRICAL_SURFACE('',#15760,2.5E-1);
#15762=ORIENTED_EDGE('',*,*,#15670,.T.);
#15763=ORIENTED_EDGE('',*,*,#15749,.F.);
#15764=ORIENTED_EDGE('',*,*,#13983,.T.);
#15766=ORIENTED_EDGE('',*,*,#15765,.T.);
#15767=EDGE_LOOP('',(#15762,#15763,#15764,#15766));
#15768=FACE_OUTER_BOUND('',#15767,.F.);
#15769=ADVANCED_FACE('',(#15768),#15761,.T.);
#15770=CARTESIAN_POINT('',(7.E-1,-5.7E0,-3.2E1));
#15771=DIRECTION('',(0.E0,0.E0,-1.E0));
#15772=DIRECTION('',(1.E0,0.E0,0.E0));
#15773=AXIS2_PLACEMENT_3D('',#15770,#15771,#15772);
#15774=PLANE('',#15773);
#15775=ORIENTED_EDGE('',*,*,#15765,.F.);
#15776=ORIENTED_EDGE('',*,*,#13981,.F.);
#15777=ORIENTED_EDGE('',*,*,#15604,.T.);
#15778=ORIENTED_EDGE('',*,*,#15672,.F.);
#15779=EDGE_LOOP('',(#15775,#15776,#15777,#15778));
#15780=FACE_OUTER_BOUND('',#15779,.F.);
#15781=ADVANCED_FACE('',(#15780),#15774,.F.);
#15782=CARTESIAN_POINT('',(1.7E0,-5.7E0,-3.415E1));
#15783=DIRECTION('',(0.E0,0.E0,1.E0));
#15784=DIRECTION('',(-1.E0,0.E0,0.E0));
#15785=AXIS2_PLACEMENT_3D('',#15782,#15783,#15784);
#15786=PLANE('',#15785);
#15787=ORIENTED_EDGE('',*,*,#15652,.F.);
#15788=ORIENTED_EDGE('',*,*,#14052,.T.);
#15790=ORIENTED_EDGE('',*,*,#15789,.T.);
#15791=ORIENTED_EDGE('',*,*,#15678,.F.);
#15792=EDGE_LOOP('',(#15787,#15788,#15790,#15791));
#15793=FACE_OUTER_BOUND('',#15792,.F.);
#15794=ADVANCED_FACE('',(#15793),#15786,.F.);
#15795=CARTESIAN_POINT('',(-1.45E0,2.97512E0,-3.39E1));
#15796=DIRECTION('',(0.E0,-1.E0,0.E0));
#15797=DIRECTION('',(-1.E0,0.E0,0.E0));
#15798=AXIS2_PLACEMENT_3D('',#15795,#15796,#15797);
#15799=CYLINDRICAL_SURFACE('',#15798,2.5E-1);
#15800=ORIENTED_EDGE('',*,*,#15680,.T.);
#15801=ORIENTED_EDGE('',*,*,#15789,.F.);
#15802=ORIENTED_EDGE('',*,*,#14050,.T.);
#15804=ORIENTED_EDGE('',*,*,#15803,.T.);
#15805=EDGE_LOOP('',(#15800,#15801,#15802,#15804));
#15806=FACE_OUTER_BOUND('',#15805,.F.);
#15807=ADVANCED_FACE('',(#15806),#15799,.T.);
#15808=CARTESIAN_POINT('',(-1.7E0,-5.7E0,-3.415E1));
#15809=DIRECTION('',(1.E0,0.E0,0.E0));
#15810=DIRECTION('',(0.E0,0.E0,1.E0));
#15811=AXIS2_PLACEMENT_3D('',#15808,#15809,#15810);
#15812=PLANE('',#15811);
#15813=ORIENTED_EDGE('',*,*,#15803,.F.);
#15814=ORIENTED_EDGE('',*,*,#14048,.T.);
#15816=ORIENTED_EDGE('',*,*,#15815,.T.);
#15817=ORIENTED_EDGE('',*,*,#15682,.F.);
#15818=EDGE_LOOP('',(#15813,#15814,#15816,#15817));
#15819=FACE_OUTER_BOUND('',#15818,.F.);
#15820=ADVANCED_FACE('',(#15819),#15812,.F.);
#15821=CARTESIAN_POINT('',(-1.7E0,-5.7E0,-3.3E1));
#15822=DIRECTION('',(0.E0,0.E0,1.E0));
#15823=DIRECTION('',(-1.E0,0.E0,0.E0));
#15824=AXIS2_PLACEMENT_3D('',#15821,#15822,#15823);
#15825=PLANE('',#15824);
#15826=ORIENTED_EDGE('',*,*,#15815,.F.);
#15827=ORIENTED_EDGE('',*,*,#14046,.F.);
#15828=ORIENTED_EDGE('',*,*,#15574,.T.);
#15829=ORIENTED_EDGE('',*,*,#15684,.F.);
#15830=EDGE_LOOP('',(#15826,#15827,#15828,#15829));
#15831=FACE_OUTER_BOUND('',#15830,.F.);
#15832=ADVANCED_FACE('',(#15831),#15825,.F.);
#15833=CARTESIAN_POINT('',(4.625E0,-3.5E0,-3.15E1));
#15834=DIRECTION('',(0.E0,0.E0,1.E0));
#15835=DIRECTION('',(-1.E0,0.E0,0.E0));
#15836=AXIS2_PLACEMENT_3D('',#15833,#15834,#15835);
#15837=PLANE('',#15836);
#15838=ORIENTED_EDGE('',*,*,#13977,.T.);
#15839=ORIENTED_EDGE('',*,*,#14569,.T.);
#15840=ORIENTED_EDGE('',*,*,#14368,.F.);
#15841=ORIENTED_EDGE('',*,*,#15607,.T.);
#15842=EDGE_LOOP('',(#15838,#15839,#15840,#15841));
#15843=FACE_OUTER_BOUND('',#15842,.F.);
#15844=ADVANCED_FACE('',(#15843),#15837,.T.);
#15845=CARTESIAN_POINT('',(-4.125E0,-3.5E0,-3.15E1));
#15846=DIRECTION('',(0.E0,0.E0,1.E0));
#15847=DIRECTION('',(-1.E0,0.E0,0.E0));
#15848=AXIS2_PLACEMENT_3D('',#15845,#15846,#15847);
#15849=PLANE('',#15848);
#15850=ORIENTED_EDGE('',*,*,#13997,.T.);
#15851=ORIENTED_EDGE('',*,*,#15567,.F.);
#15852=ORIENTED_EDGE('',*,*,#14499,.F.);
#15853=ORIENTED_EDGE('',*,*,#13883,.F.);
#15854=EDGE_LOOP('',(#15850,#15851,#15852,#15853));
#15855=FACE_OUTER_BOUND('',#15854,.F.);
#15856=ADVANCED_FACE('',(#15855),#15849,.T.);
#15857=CARTESIAN_POINT('',(7.E-1,-5.7E0,3.2E1));
#15858=DIRECTION('',(0.E0,0.E0,-1.E0));
#15859=DIRECTION('',(1.E0,0.E0,0.E0));
#15860=AXIS2_PLACEMENT_3D('',#15857,#15858,#15859);
#15861=PLANE('',#15860);
#15863=ORIENTED_EDGE('',*,*,#15862,.F.);
#15864=ORIENTED_EDGE('',*,*,#14139,.T.);
#15865=ORIENTED_EDGE('',*,*,#14240,.F.);
#15866=ORIENTED_EDGE('',*,*,#13937,.T.);
#15867=EDGE_LOOP('',(#15863,#15864,#15865,#15866));
#15868=FACE_OUTER_BOUND('',#15867,.F.);
#15869=ADVANCED_FACE('',(#15868),#15861,.T.);
#15870=CARTESIAN_POINT('',(9.5E-1,-1.217512E1,3.225E1));
#15871=DIRECTION('',(0.E0,1.E0,0.E0));
#15872=DIRECTION('',(0.E0,0.E0,-1.E0));
#15873=AXIS2_PLACEMENT_3D('',#15870,#15871,#15872);
#15874=CYLINDRICAL_SURFACE('',#15873,2.5E-1);
#15876=ORIENTED_EDGE('',*,*,#15875,.F.);
#15877=ORIENTED_EDGE('',*,*,#14141,.T.);
#15878=ORIENTED_EDGE('',*,*,#15862,.T.);
#15879=ORIENTED_EDGE('',*,*,#13935,.T.);
#15880=EDGE_LOOP('',(#15876,#15877,#15878,#15879));
#15881=FACE_OUTER_BOUND('',#15880,.F.);
#15882=ADVANCED_FACE('',(#15881),#15874,.T.);
#15883=CARTESIAN_POINT('',(7.E-1,-5.7E0,3.315E1));
#15884=DIRECTION('',(-1.E0,0.E0,0.E0));
#15885=DIRECTION('',(0.E0,0.E0,-1.E0));
#15886=AXIS2_PLACEMENT_3D('',#15883,#15884,#15885);
#15887=PLANE('',#15886);
#15888=ORIENTED_EDGE('',*,*,#15875,.T.);
#15889=ORIENTED_EDGE('',*,*,#13933,.F.);
#15891=ORIENTED_EDGE('',*,*,#15890,.T.);
#15892=ORIENTED_EDGE('',*,*,#14143,.T.);
#15893=EDGE_LOOP('',(#15888,#15889,#15891,#15892));
#15894=FACE_OUTER_BOUND('',#15893,.F.);
#15895=ADVANCED_FACE('',(#15894),#15887,.T.);
#15896=CARTESIAN_POINT('',(-7.E-1,-5.7E0,3.315E1));
#15897=DIRECTION('',(0.E0,0.E0,-1.E0));
#15898=DIRECTION('',(1.E0,0.E0,0.E0));
#15899=AXIS2_PLACEMENT_3D('',#15896,#15897,#15898);
#15900=PLANE('',#15899);
#15901=ORIENTED_EDGE('',*,*,#13931,.F.);
#15903=ORIENTED_EDGE('',*,*,#15902,.T.);
#15904=ORIENTED_EDGE('',*,*,#14145,.T.);
#15905=ORIENTED_EDGE('',*,*,#15890,.F.);
#15906=EDGE_LOOP('',(#15901,#15903,#15904,#15905));
#15907=FACE_OUTER_BOUND('',#15906,.F.);
#15908=ADVANCED_FACE('',(#15907),#15900,.T.);
#15909=CARTESIAN_POINT('',(-7.E-1,-5.7E0,3.2E1));
#15910=DIRECTION('',(1.E0,0.E0,0.E0));
#15911=DIRECTION('',(0.E0,0.E0,1.E0));
#15912=AXIS2_PLACEMENT_3D('',#15909,#15910,#15911);
#15913=PLANE('',#15912);
#15914=ORIENTED_EDGE('',*,*,#14116,.F.);
#15915=ORIENTED_EDGE('',*,*,#14147,.T.);
#15916=ORIENTED_EDGE('',*,*,#15902,.F.);
#15917=ORIENTED_EDGE('',*,*,#13929,.F.);
#15918=EDGE_LOOP('',(#15914,#15915,#15916,#15917));
#15919=FACE_OUTER_BOUND('',#15918,.F.);
#15920=ADVANCED_FACE('',(#15919),#15913,.T.);
#15924=DIMENSIONAL_EXPONENTS(0.E0,0.E0,0.E0,0.E0,0.E0,0.E0,0.E0);
#15926=PLANE_ANGLE_MEASURE_WITH_UNIT(PLANE_ANGLE_MEASURE(1.745329251994E-2),
#15925);
#15927=(CONVERSION_BASED_UNIT('DEGREE',#15926)NAMED_UNIT(*)PLANE_ANGLE_UNIT());
#15929=UNCERTAINTY_MEASURE_WITH_UNIT(LENGTH_MEASURE(7.568186211349E-3),#15923,
'closure',
'Maximum model space distance between geometric entities at asserted connectivities');
#15930=(GEOMETRIC_REPRESENTATION_CONTEXT(3)GLOBAL_UNCERTAINTY_ASSIGNED_CONTEXT((
#15929))GLOBAL_UNIT_ASSIGNED_CONTEXT((#15923,#15927,#15928))REPRESENTATION_CONTEXT('ID3','3'));
#15931=CARTESIAN_POINT('',(0.E0,0.E0,0.E0));
#15932=DIRECTION('',(0.E0,0.E0,1.E0));
#15933=DIRECTION('',(1.E0,0.E0,0.E0));
#15936=DESIGN_CONTEXT('',#8479,'design');
#15937=MECHANICAL_CONTEXT('',#8479,'mechanical');
#15938=PRODUCT('BODY','BODY','NOT SPECIFIED',(#15937));
#15939=PRODUCT_DEFINITION_FORMATION_WITH_SPECIFIED_SOURCE('10','LAST_VERSION',
#15938,.MADE.);
#15945=CARTESIAN_POINT('',(0.E0,0.E0,0.E0));
#15946=DIRECTION('',(0.E0,0.E0,1.E0));
#15947=DIRECTION('',(1.E0,0.E0,0.E0));
#15948=AXIS2_PLACEMENT_3D('',#15945,#15946,#15947);
#15949=ITEM_DEFINED_TRANSFORMATION('','',#15934,#15948);
#15950=(REPRESENTATION_RELATIONSHIP('','',#15935,#8490)REPRESENTATION_RELATIONSHIP_WITH_TRANSFORMATION(#15949)SHAPE_REPRESENTATION_RELATIONSHIP());
#15951=CONTEXT_DEPENDENT_SHAPE_REPRESENTATION(#15950,#15944);
#15953=CARTESIAN_POINT('',(-5.5E-1,1.485E1,3.23E1));
#15954=DIRECTION('',(-1.E0,0.E0,0.E0));
#15955=DIRECTION('',(0.E0,0.E0,1.E0));
#15956=AXIS2_PLACEMENT_3D('',#15953,#15954,#15955);
#15958=DIRECTION('',(0.E0,-1.E0,0.E0));
#15959=VECTOR('',#15958,9.4E0);
#15960=CARTESIAN_POINT('',(-5.5E-1,1.485E1,3.245E1));
#15961=LINE('',#15960,#15959);
#15962=DIRECTION('',(0.E0,0.E0,1.E0));
#15963=VECTOR('',#15962,2.E-1);
#15964=CARTESIAN_POINT('',(-5.5E-1,5.3E0,3.26E1));
#15965=LINE('',#15964,#15963);
#15966=CARTESIAN_POINT('',(-5.5E-1,5.15E0,3.28E1));
#15967=DIRECTION('',(-1.E0,0.E0,0.E0));
#15968=DIRECTION('',(0.E0,0.E0,1.E0));
#15969=AXIS2_PLACEMENT_3D('',#15966,#15967,#15968);
#15971=DIRECTION('',(0.E0,-1.E0,0.E0));
#15972=VECTOR('',#15971,7.65E0);
#15973=CARTESIAN_POINT('',(-5.5E-1,5.15E0,3.295E1));
#15974=LINE('',#15973,#15972);
#15975=DIRECTION('',(0.E0,0.E0,-1.E0));
#15976=VECTOR('',#15975,5.E0);
#15977=CARTESIAN_POINT('',(-5.5E-1,-2.5E0,3.295E1));
#15978=LINE('',#15977,#15976);
#15979=DIRECTION('',(0.E0,1.E0,0.E0));
#15980=VECTOR('',#15979,7.65E0);
#15981=CARTESIAN_POINT('',(-5.5E-1,-2.5E0,2.795E1));
#15982=LINE('',#15981,#15980);
#15983=CARTESIAN_POINT('',(-5.5E-1,5.15E0,2.81E1));
#15984=DIRECTION('',(-1.E0,0.E0,0.E0));
#15985=DIRECTION('',(0.E0,1.E0,0.E0));
#15986=AXIS2_PLACEMENT_3D('',#15983,#15984,#15985);
#15988=DIRECTION('',(0.E0,0.E0,1.E0));
#15989=VECTOR('',#15988,2.E-1);
#15990=CARTESIAN_POINT('',(-5.5E-1,5.3E0,2.81E1));
#15991=LINE('',#15990,#15989);
#15992=DIRECTION('',(0.E0,1.E0,0.E0));
#15993=VECTOR('',#15992,9.4E0);
#15994=CARTESIAN_POINT('',(-5.5E-1,5.45E0,2.845E1));
#15995=LINE('',#15994,#15993);
#15996=CARTESIAN_POINT('',(-5.5E-1,1.485E1,2.86E1));
#15997=DIRECTION('',(-1.E0,0.E0,0.E0));
#15998=DIRECTION('',(0.E0,1.E0,0.E0));
#15999=AXIS2_PLACEMENT_3D('',#15996,#15997,#15998);
#16001=DIRECTION('',(0.E0,0.E0,1.E0));
#16002=VECTOR('',#16001,3.7E0);
#16003=CARTESIAN_POINT('',(-5.5E-1,1.5E1,2.86E1));
#16004=LINE('',#16003,#16002);
#16005=DIRECTION('',(-1.E0,0.E0,0.E0));
#16006=VECTOR('',#16005,1.1E0);
#16007=CARTESIAN_POINT('',(5.5E-1,1.5E1,3.23E1));
#16008=LINE('',#16007,#16006);
#16009=DIRECTION('',(-1.E0,0.E0,0.E0));
#16010=VECTOR('',#16009,1.1E0);
#16011=CARTESIAN_POINT('',(5.5E-1,1.5E1,2.86E1));
#16012=LINE('',#16011,#16010);
#16013=DIRECTION('',(-1.E0,0.E0,0.E0));
#16014=VECTOR('',#16013,1.1E0);
#16015=CARTESIAN_POINT('',(5.5E-1,1.485E1,2.845E1));
#16016=LINE('',#16015,#16014);
#16017=DIRECTION('',(1.E0,0.E0,0.E0));
#16018=VECTOR('',#16017,1.1E0);
#16019=CARTESIAN_POINT('',(-5.5E-1,5.45E0,2.845E1));
#16020=LINE('',#16019,#16018);
#16021=CARTESIAN_POINT('',(-5.5E-1,5.45E0,2.83E1));
#16022=DIRECTION('',(1.E0,0.E0,0.E0));
#16023=DIRECTION('',(0.E0,0.E0,1.E0));
#16024=AXIS2_PLACEMENT_3D('',#16021,#16022,#16023);
#16026=CARTESIAN_POINT('',(5.5E-1,5.45E0,2.83E1));
#16027=DIRECTION('',(-1.E0,0.E0,0.E0));
#16028=DIRECTION('',(0.E0,-1.E0,-2.368475785867E-14));
#16029=AXIS2_PLACEMENT_3D('',#16026,#16027,#16028);
#16031=DIRECTION('',(-1.E0,0.E0,0.E0));
#16032=VECTOR('',#16031,1.1E0);
#16033=CARTESIAN_POINT('',(5.5E-1,5.3E0,2.81E1));
#16034=LINE('',#16033,#16032);
#16035=DIRECTION('',(1.E0,0.E0,0.E0));
#16036=VECTOR('',#16035,1.1E0);
#16037=CARTESIAN_POINT('',(-5.5E-1,5.3E0,2.83E1));
#16038=LINE('',#16037,#16036);
#16039=DIRECTION('',(-1.E0,0.E0,0.E0));
#16040=VECTOR('',#16039,1.1E0);
#16041=CARTESIAN_POINT('',(5.5E-1,5.15E0,2.795E1));
#16042=LINE('',#16041,#16040);
#16043=DIRECTION('',(1.E0,0.E0,0.E0));
#16044=VECTOR('',#16043,1.1E0);
#16045=CARTESIAN_POINT('',(-5.5E-1,-2.5E0,2.795E1));
#16046=LINE('',#16045,#16044);
#16047=DIRECTION('',(1.E0,0.E0,0.E0));
#16048=VECTOR('',#16047,1.1E0);
#16049=CARTESIAN_POINT('',(-5.5E-1,-2.5E0,3.295E1));
#16050=LINE('',#16049,#16048);
#16051=DIRECTION('',(-1.E0,0.E0,0.E0));
#16052=VECTOR('',#16051,1.1E0);
#16053=CARTESIAN_POINT('',(5.5E-1,5.15E0,3.295E1));
#16054=LINE('',#16053,#16052);
#16055=DIRECTION('',(-1.E0,0.E0,0.E0));
#16056=VECTOR('',#16055,1.1E0);
#16057=CARTESIAN_POINT('',(5.5E-1,5.3E0,3.28E1));
#16058=LINE('',#16057,#16056);
#16059=DIRECTION('',(1.E0,0.E0,0.E0));
#16060=VECTOR('',#16059,1.1E0);
#16061=CARTESIAN_POINT('',(-5.5E-1,5.3E0,3.26E1));
#16062=LINE('',#16061,#16060);
#16063=CARTESIAN_POINT('',(-5.5E-1,5.45E0,3.26E1));
#16064=DIRECTION('',(1.E0,0.E0,0.E0));
#16065=DIRECTION('',(0.E0,-1.E0,4.736951571734E-14));
#16066=AXIS2_PLACEMENT_3D('',#16063,#16064,#16065);
#16068=CARTESIAN_POINT('',(5.5E-1,5.45E0,3.26E1));
#16069=DIRECTION('',(-1.E0,0.E0,0.E0));
#16070=DIRECTION('',(0.E0,0.E0,-1.E0));
#16071=AXIS2_PLACEMENT_3D('',#16068,#16069,#16070);
#16073=DIRECTION('',(-1.E0,0.E0,0.E0));
#16074=VECTOR('',#16073,1.1E0);
#16075=CARTESIAN_POINT('',(5.5E-1,1.485E1,3.245E1));
#16076=LINE('',#16075,#16074);
#16077=DIRECTION('',(1.E0,0.E0,0.E0));
#16078=VECTOR('',#16077,1.1E0);
#16079=CARTESIAN_POINT('',(-5.5E-1,5.45E0,3.245E1));
#16080=LINE('',#16079,#16078);
#16081=CARTESIAN_POINT('',(5.5E-1,1.485E1,3.23E1));
#16082=DIRECTION('',(1.E0,0.E0,0.E0));
#16083=DIRECTION('',(0.E0,1.E0,0.E0));
#16084=AXIS2_PLACEMENT_3D('',#16081,#16082,#16083);
#16086=DIRECTION('',(0.E0,0.E0,1.E0));
#16087=VECTOR('',#16086,3.7E0);
#16088=CARTESIAN_POINT('',(5.5E-1,1.5E1,2.86E1));
#16089=LINE('',#16088,#16087);
#16090=CARTESIAN_POINT('',(5.5E-1,1.485E1,2.86E1));
#16091=DIRECTION('',(1.E0,0.E0,0.E0));
#16092=DIRECTION('',(0.E0,0.E0,-1.E0));
#16093=AXIS2_PLACEMENT_3D('',#16090,#16091,#16092);
#16095=DIRECTION('',(0.E0,1.E0,0.E0));
#16096=VECTOR('',#16095,9.4E0);
#16097=CARTESIAN_POINT('',(5.5E-1,5.45E0,2.845E1));
#16098=LINE('',#16097,#16096);
#16099=DIRECTION('',(0.E0,0.E0,1.E0));
#16100=VECTOR('',#16099,2.E-1);
#16101=CARTESIAN_POINT('',(5.5E-1,5.3E0,2.81E1));
#16102=LINE('',#16101,#16100);
#16103=CARTESIAN_POINT('',(5.5E-1,5.15E0,2.81E1));
#16104=DIRECTION('',(1.E0,0.E0,0.E0));
#16105=DIRECTION('',(0.E0,0.E0,-1.E0));
#16106=AXIS2_PLACEMENT_3D('',#16103,#16104,#16105);
#16108=DIRECTION('',(0.E0,1.E0,0.E0));
#16109=VECTOR('',#16108,7.65E0);
#16110=CARTESIAN_POINT('',(5.5E-1,-2.5E0,2.795E1));
#16111=LINE('',#16110,#16109);
#16112=DIRECTION('',(0.E0,0.E0,-1.E0));
#16113=VECTOR('',#16112,5.E0);
#16114=CARTESIAN_POINT('',(5.5E-1,-2.5E0,3.295E1));
#16115=LINE('',#16114,#16113);
#16116=DIRECTION('',(0.E0,-1.E0,0.E0));
#16117=VECTOR('',#16116,7.65E0);
#16118=CARTESIAN_POINT('',(5.5E-1,5.15E0,3.295E1));
#16119=LINE('',#16118,#16117);
#16120=CARTESIAN_POINT('',(5.5E-1,5.15E0,3.28E1));
#16121=DIRECTION('',(1.E0,0.E0,0.E0));
#16122=DIRECTION('',(0.E0,1.E0,-4.736951571734E-14));
#16123=AXIS2_PLACEMENT_3D('',#16120,#16121,#16122);
#16125=DIRECTION('',(0.E0,0.E0,1.E0));
#16126=VECTOR('',#16125,2.E-1);
#16127=CARTESIAN_POINT('',(5.5E-1,5.3E0,3.26E1));
#16128=LINE('',#16127,#16126);
#16129=DIRECTION('',(0.E0,-1.E0,0.E0));
#16130=VECTOR('',#16129,9.4E0);
#16131=CARTESIAN_POINT('',(5.5E-1,1.485E1,3.245E1));
#16132=LINE('',#16131,#16130);
#16133=CARTESIAN_POINT('',(-5.5E-1,-2.5E0,3.295E1));
#16134=CARTESIAN_POINT('',(-5.5E-1,-2.5E0,2.795E1));
#16135=VERTEX_POINT('',#16133);
#16136=VERTEX_POINT('',#16134);
#16137=CARTESIAN_POINT('',(5.5E-1,-2.5E0,3.295E1));
#16138=CARTESIAN_POINT('',(5.5E-1,-2.5E0,2.795E1));
#16139=VERTEX_POINT('',#16137);
#16140=VERTEX_POINT('',#16138);
#16141=CARTESIAN_POINT('',(-5.5E-1,5.3E0,3.26E1));
#16142=CARTESIAN_POINT('',(5.5E-1,5.3E0,3.26E1));
#16143=VERTEX_POINT('',#16141);
#16144=VERTEX_POINT('',#16142);
#16145=CARTESIAN_POINT('',(-5.5E-1,5.45E0,3.245E1));
#16146=CARTESIAN_POINT('',(5.5E-1,5.45E0,3.245E1));
#16147=VERTEX_POINT('',#16145);
#16148=VERTEX_POINT('',#16146);
#16149=CARTESIAN_POINT('',(-5.5E-1,5.45E0,2.845E1));
#16150=CARTESIAN_POINT('',(5.5E-1,5.45E0,2.845E1));
#16151=VERTEX_POINT('',#16149);
#16152=VERTEX_POINT('',#16150);
#16153=CARTESIAN_POINT('',(-5.5E-1,5.3E0,2.83E1));
#16154=CARTESIAN_POINT('',(5.5E-1,5.3E0,2.83E1));
#16155=VERTEX_POINT('',#16153);
#16156=VERTEX_POINT('',#16154);
#16157=CARTESIAN_POINT('',(-5.5E-1,1.485E1,3.245E1));
#16158=CARTESIAN_POINT('',(-5.5E-1,1.5E1,3.23E1));
#16159=VERTEX_POINT('',#16157);
#16160=VERTEX_POINT('',#16158);
#16161=CARTESIAN_POINT('',(5.5E-1,1.5E1,3.23E1));
#16162=VERTEX_POINT('',#16161);
#16163=CARTESIAN_POINT('',(5.5E-1,1.485E1,3.245E1));
#16164=VERTEX_POINT('',#16163);
#16165=CARTESIAN_POINT('',(-5.5E-1,1.5E1,2.86E1));
#16166=CARTESIAN_POINT('',(-5.5E-1,1.485E1,2.845E1));
#16167=VERTEX_POINT('',#16165);
#16168=VERTEX_POINT('',#16166);
#16169=CARTESIAN_POINT('',(5.5E-1,1.485E1,2.845E1));
#16170=VERTEX_POINT('',#16169);
#16171=CARTESIAN_POINT('',(5.5E-1,1.5E1,2.86E1));
#16172=VERTEX_POINT('',#16171);
#16173=CARTESIAN_POINT('',(-5.5E-1,5.15E0,3.295E1));
#16174=CARTESIAN_POINT('',(-5.5E-1,5.3E0,3.28E1));
#16175=VERTEX_POINT('',#16173);
#16176=VERTEX_POINT('',#16174);
#16177=CARTESIAN_POINT('',(5.5E-1,5.3E0,3.28E1));
#16178=VERTEX_POINT('',#16177);
#16179=CARTESIAN_POINT('',(5.5E-1,5.15E0,3.295E1));
#16180=VERTEX_POINT('',#16179);
#16181=CARTESIAN_POINT('',(-5.5E-1,5.3E0,2.81E1));
#16182=CARTESIAN_POINT('',(-5.5E-1,5.15E0,2.795E1));
#16183=VERTEX_POINT('',#16181);
#16184=VERTEX_POINT('',#16182);
#16185=CARTESIAN_POINT('',(5.5E-1,5.15E0,2.795E1));
#16186=VERTEX_POINT('',#16185);
#16187=CARTESIAN_POINT('',(5.5E-1,5.3E0,2.81E1));
#16188=VERTEX_POINT('',#16187);
#16189=CARTESIAN_POINT('',(-5.5E-1,0.E0,0.E0));
#16190=DIRECTION('',(1.E0,0.E0,0.E0));
#16191=DIRECTION('',(0.E0,0.E0,-1.E0));
#16192=AXIS2_PLACEMENT_3D('',#16189,#16190,#16191);
#16193=PLANE('',#16192);
#16195=ORIENTED_EDGE('',*,*,#16194,.F.);
#16197=ORIENTED_EDGE('',*,*,#16196,.T.);
#16199=ORIENTED_EDGE('',*,*,#16198,.F.);
#16201=ORIENTED_EDGE('',*,*,#16200,.T.);
#16203=ORIENTED_EDGE('',*,*,#16202,.F.);
#16205=ORIENTED_EDGE('',*,*,#16204,.T.);
#16207=ORIENTED_EDGE('',*,*,#16206,.T.);
#16209=ORIENTED_EDGE('',*,*,#16208,.T.);
#16211=ORIENTED_EDGE('',*,*,#16210,.F.);
#16213=ORIENTED_EDGE('',*,*,#16212,.T.);
#16215=ORIENTED_EDGE('',*,*,#16214,.F.);
#16217=ORIENTED_EDGE('',*,*,#16216,.T.);
#16219=ORIENTED_EDGE('',*,*,#16218,.F.);
#16221=ORIENTED_EDGE('',*,*,#16220,.T.);
#16222=EDGE_LOOP('',(#16195,#16197,#16199,#16201,#16203,#16205,#16207,#16209,
#16211,#16213,#16215,#16217,#16219,#16221));
#16223=FACE_OUTER_BOUND('',#16222,.F.);
#16224=ADVANCED_FACE('',(#16223),#16193,.F.);
#16225=CARTESIAN_POINT('',(1.98396E0,1.485E1,3.23E1));
#16226=DIRECTION('',(-1.E0,0.E0,0.E0));
#16227=DIRECTION('',(0.E0,0.E0,1.E0));
#16228=AXIS2_PLACEMENT_3D('',#16225,#16226,#16227);
#16229=CYLINDRICAL_SURFACE('',#16228,1.5E-1);
#16230=ORIENTED_EDGE('',*,*,#16194,.T.);
#16232=ORIENTED_EDGE('',*,*,#16231,.F.);
#16234=ORIENTED_EDGE('',*,*,#16233,.T.);
#16236=ORIENTED_EDGE('',*,*,#16235,.T.);
#16237=EDGE_LOOP('',(#16230,#16232,#16234,#16236));
#16238=FACE_OUTER_BOUND('',#16237,.F.);
#16239=ADVANCED_FACE('',(#16238),#16229,.T.);
#16240=CARTESIAN_POINT('',(-5.5E-1,1.5E1,2.845E1));
#16241=DIRECTION('',(0.E0,1.E0,0.E0));
#16242=DIRECTION('',(0.E0,0.E0,1.E0));
#16243=AXIS2_PLACEMENT_3D('',#16240,#16241,#16242);
#16244=PLANE('',#16243);
#16245=ORIENTED_EDGE('',*,*,#16231,.T.);
#16246=ORIENTED_EDGE('',*,*,#16220,.F.);
#16248=ORIENTED_EDGE('',*,*,#16247,.F.);
#16250=ORIENTED_EDGE('',*,*,#16249,.T.);
#16251=EDGE_LOOP('',(#16245,#16246,#16248,#16250));
#16252=FACE_OUTER_BOUND('',#16251,.F.);
#16253=ADVANCED_FACE('',(#16252),#16244,.T.);
#16254=CARTESIAN_POINT('',(1.98396E0,1.485E1,2.86E1));
#16255=DIRECTION('',(-1.E0,0.E0,0.E0));
#16256=DIRECTION('',(0.E0,1.E0,0.E0));
#16257=AXIS2_PLACEMENT_3D('',#16254,#16255,#16256);
#16258=CYLINDRICAL_SURFACE('',#16257,1.5E-1);
#16259=ORIENTED_EDGE('',*,*,#16218,.T.);
#16261=ORIENTED_EDGE('',*,*,#16260,.F.);
#16263=ORIENTED_EDGE('',*,*,#16262,.T.);
#16264=ORIENTED_EDGE('',*,*,#16247,.T.);
#16265=EDGE_LOOP('',(#16259,#16261,#16263,#16264));
#16266=FACE_OUTER_BOUND('',#16265,.F.);
#16267=ADVANCED_FACE('',(#16266),#16258,.T.);
#16268=CARTESIAN_POINT('',(-5.5E-1,5.3E0,2.845E1));
#16269=DIRECTION('',(0.E0,0.E0,-1.E0));
#16270=DIRECTION('',(0.E0,1.E0,0.E0));
#16271=AXIS2_PLACEMENT_3D('',#16268,#16269,#16270);
#16272=PLANE('',#16271);
#16273=ORIENTED_EDGE('',*,*,#16260,.T.);
#16274=ORIENTED_EDGE('',*,*,#16216,.F.);
#16276=ORIENTED_EDGE('',*,*,#16275,.T.);
#16278=ORIENTED_EDGE('',*,*,#16277,.T.);
#16279=EDGE_LOOP('',(#16273,#16274,#16276,#16278));
#16280=FACE_OUTER_BOUND('',#16279,.F.);
#16281=ADVANCED_FACE('',(#16280),#16272,.T.);
#16282=CARTESIAN_POINT('',(-1.98396E0,5.45E0,2.83E1));
#16283=DIRECTION('',(1.E0,0.E0,0.E0));
#16284=DIRECTION('',(0.E0,0.E0,1.E0));
#16285=AXIS2_PLACEMENT_3D('',#16282,#16283,#16284);
#16286=CYLINDRICAL_SURFACE('',#16285,1.5E-1);
#16287=ORIENTED_EDGE('',*,*,#16275,.F.);
#16288=ORIENTED_EDGE('',*,*,#16214,.T.);
#16290=ORIENTED_EDGE('',*,*,#16289,.T.);
#16292=ORIENTED_EDGE('',*,*,#16291,.T.);
#16293=EDGE_LOOP('',(#16287,#16288,#16290,#16292));
#16294=FACE_OUTER_BOUND('',#16293,.F.);
#16295=ADVANCED_FACE('',(#16294),#16286,.F.);
#16296=CARTESIAN_POINT('',(-5.5E-1,5.3E0,2.795E1));
#16297=DIRECTION('',(0.E0,1.E0,0.E0));
#16298=DIRECTION('',(0.E0,0.E0,1.E0));
#16299=AXIS2_PLACEMENT_3D('',#16296,#16297,#16298);
#16300=PLANE('',#16299);
#16302=ORIENTED_EDGE('',*,*,#16301,.F.);
#16304=ORIENTED_EDGE('',*,*,#16303,.T.);
#16305=ORIENTED_EDGE('',*,*,#16289,.F.);
#16306=ORIENTED_EDGE('',*,*,#16212,.F.);
#16307=EDGE_LOOP('',(#16302,#16304,#16305,#16306));
#16308=FACE_OUTER_BOUND('',#16307,.F.);
#16309=ADVANCED_FACE('',(#16308),#16300,.T.);
#16310=CARTESIAN_POINT('',(1.98396E0,5.15E0,2.81E1));
#16311=DIRECTION('',(-1.E0,0.E0,0.E0));
#16312=DIRECTION('',(0.E0,1.E0,0.E0));
#16313=AXIS2_PLACEMENT_3D('',#16310,#16311,#16312);
#16314=CYLINDRICAL_SURFACE('',#16313,1.5E-1);
#16315=ORIENTED_EDGE('',*,*,#16210,.T.);
#16317=ORIENTED_EDGE('',*,*,#16316,.F.);
#16319=ORIENTED_EDGE('',*,*,#16318,.T.);
#16320=ORIENTED_EDGE('',*,*,#16301,.T.);
#16321=EDGE_LOOP('',(#16315,#16317,#16319,#16320));
#16322=FACE_OUTER_BOUND('',#16321,.F.);
#16323=ADVANCED_FACE('',(#16322),#16314,.T.);
#16324=CARTESIAN_POINT('',(-5.5E-1,-2.5E0,2.795E1));
#16325=DIRECTION('',(0.E0,0.E0,-1.E0));
#16326=DIRECTION('',(0.E0,1.E0,0.E0));
#16327=AXIS2_PLACEMENT_3D('',#16324,#16325,#16326);
#16328=PLANE('',#16327);
#16329=ORIENTED_EDGE('',*,*,#16316,.T.);
#16330=ORIENTED_EDGE('',*,*,#16208,.F.);
#16332=ORIENTED_EDGE('',*,*,#16331,.T.);
#16334=ORIENTED_EDGE('',*,*,#16333,.T.);
#16335=EDGE_LOOP('',(#16329,#16330,#16332,#16334));
#16336=FACE_OUTER_BOUND('',#16335,.F.);
#16337=ADVANCED_FACE('',(#16336),#16328,.T.);
#16338=CARTESIAN_POINT('',(-5.5E-1,-2.5E0,3.295E1));
#16339=DIRECTION('',(0.E0,-1.E0,0.E0));
#16340=DIRECTION('',(0.E0,0.E0,-1.E0));
#16341=AXIS2_PLACEMENT_3D('',#16338,#16339,#16340);
#16342=PLANE('',#16341);
#16343=ORIENTED_EDGE('',*,*,#16206,.F.);
#16345=ORIENTED_EDGE('',*,*,#16344,.T.);
#16347=ORIENTED_EDGE('',*,*,#16346,.T.);
#16348=ORIENTED_EDGE('',*,*,#16331,.F.);
#16349=EDGE_LOOP('',(#16343,#16345,#16347,#16348));
#16350=FACE_OUTER_BOUND('',#16349,.F.);
#16351=ADVANCED_FACE('',(#16350),#16342,.T.);
#16352=CARTESIAN_POINT('',(-5.5E-1,5.3E0,3.295E1));
#16353=DIRECTION('',(0.E0,0.E0,1.E0));
#16354=DIRECTION('',(0.E0,-1.E0,0.E0));
#16355=AXIS2_PLACEMENT_3D('',#16352,#16353,#16354);
#16356=PLANE('',#16355);
#16358=ORIENTED_EDGE('',*,*,#16357,.F.);
#16360=ORIENTED_EDGE('',*,*,#16359,.T.);
#16361=ORIENTED_EDGE('',*,*,#16344,.F.);
#16362=ORIENTED_EDGE('',*,*,#16204,.F.);
#16363=EDGE_LOOP('',(#16358,#16360,#16361,#16362));
#16364=FACE_OUTER_BOUND('',#16363,.F.);
#16365=ADVANCED_FACE('',(#16364),#16356,.T.);
#16366=CARTESIAN_POINT('',(1.98396E0,5.15E0,3.28E1));
#16367=DIRECTION('',(-1.E0,0.E0,0.E0));
#16368=DIRECTION('',(0.E0,0.E0,1.E0));
#16369=AXIS2_PLACEMENT_3D('',#16366,#16367,#16368);
#16370=CYLINDRICAL_SURFACE('',#16369,1.5E-1);
#16371=ORIENTED_EDGE('',*,*,#16202,.T.);
#16373=ORIENTED_EDGE('',*,*,#16372,.F.);
#16375=ORIENTED_EDGE('',*,*,#16374,.T.);
#16376=ORIENTED_EDGE('',*,*,#16357,.T.);
#16377=EDGE_LOOP('',(#16371,#16373,#16375,#16376));
#16378=FACE_OUTER_BOUND('',#16377,.F.);
#16379=ADVANCED_FACE('',(#16378),#16370,.T.);
#16380=CARTESIAN_POINT('',(-5.5E-1,5.3E0,3.245E1));
#16381=DIRECTION('',(0.E0,1.E0,0.E0));
#16382=DIRECTION('',(0.E0,0.E0,1.E0));
#16383=AXIS2_PLACEMENT_3D('',#16380,#16381,#16382);
#16384=PLANE('',#16383);
#16385=ORIENTED_EDGE('',*,*,#16372,.T.);
#16386=ORIENTED_EDGE('',*,*,#16200,.F.);
#16388=ORIENTED_EDGE('',*,*,#16387,.T.);
#16390=ORIENTED_EDGE('',*,*,#16389,.T.);
#16391=EDGE_LOOP('',(#16385,#16386,#16388,#16390));
#16392=FACE_OUTER_BOUND('',#16391,.F.);
#16393=ADVANCED_FACE('',(#16392),#16384,.T.);
#16394=CARTESIAN_POINT('',(-1.98396E0,5.45E0,3.26E1));
#16395=DIRECTION('',(1.E0,0.E0,0.E0));
#16396=DIRECTION('',(0.E0,-1.E0,4.736951571734E-14));
#16397=AXIS2_PLACEMENT_3D('',#16394,#16395,#16396);
#16398=CYLINDRICAL_SURFACE('',#16397,1.5E-1);
#16399=ORIENTED_EDGE('',*,*,#16387,.F.);
#16400=ORIENTED_EDGE('',*,*,#16198,.T.);
#16402=ORIENTED_EDGE('',*,*,#16401,.T.);
#16404=ORIENTED_EDGE('',*,*,#16403,.T.);
#16405=EDGE_LOOP('',(#16399,#16400,#16402,#16404));
#16406=FACE_OUTER_BOUND('',#16405,.F.);
#16407=ADVANCED_FACE('',(#16406),#16398,.F.);
#16408=CARTESIAN_POINT('',(-5.5E-1,1.5E1,3.245E1));
#16409=DIRECTION('',(0.E0,0.E0,1.E0));
#16410=DIRECTION('',(0.E0,-1.E0,0.E0));
#16411=AXIS2_PLACEMENT_3D('',#16408,#16409,#16410);
#16412=PLANE('',#16411);
#16413=ORIENTED_EDGE('',*,*,#16235,.F.);
#16415=ORIENTED_EDGE('',*,*,#16414,.T.);
#16416=ORIENTED_EDGE('',*,*,#16401,.F.);
#16417=ORIENTED_EDGE('',*,*,#16196,.F.);
#16418=EDGE_LOOP('',(#16413,#16415,#16416,#16417));
#16419=FACE_OUTER_BOUND('',#16418,.F.);
#16420=ADVANCED_FACE('',(#16419),#16412,.T.);
#16421=CARTESIAN_POINT('',(5.5E-1,0.E0,0.E0));
#16422=DIRECTION('',(1.E0,0.E0,0.E0));
#16423=DIRECTION('',(0.E0,0.E0,-1.E0));
#16424=AXIS2_PLACEMENT_3D('',#16421,#16422,#16423);
#16425=PLANE('',#16424);
#16426=ORIENTED_EDGE('',*,*,#16233,.F.);
#16427=ORIENTED_EDGE('',*,*,#16249,.F.);
#16428=ORIENTED_EDGE('',*,*,#16262,.F.);
#16429=ORIENTED_EDGE('',*,*,#16277,.F.);
#16430=ORIENTED_EDGE('',*,*,#16291,.F.);
#16431=ORIENTED_EDGE('',*,*,#16303,.F.);
#16432=ORIENTED_EDGE('',*,*,#16318,.F.);
#16433=ORIENTED_EDGE('',*,*,#16333,.F.);
#16434=ORIENTED_EDGE('',*,*,#16346,.F.);
#16435=ORIENTED_EDGE('',*,*,#16359,.F.);
#16436=ORIENTED_EDGE('',*,*,#16374,.F.);
#16437=ORIENTED_EDGE('',*,*,#16389,.F.);
#16438=ORIENTED_EDGE('',*,*,#16403,.F.);
#16439=ORIENTED_EDGE('',*,*,#16414,.F.);
#16440=EDGE_LOOP('',(#16426,#16427,#16428,#16429,#16430,#16431,#16432,#16433,
#16434,#16435,#16436,#16437,#16438,#16439));
#16441=FACE_OUTER_BOUND('',#16440,.F.);
#16442=ADVANCED_FACE('',(#16441),#16425,.T.);
#16446=DIMENSIONAL_EXPONENTS(0.E0,0.E0,0.E0,0.E0,0.E0,0.E0,0.E0);
#16448=PLANE_ANGLE_MEASURE_WITH_UNIT(PLANE_ANGLE_MEASURE(1.745329251994E-2),
#16447);
#16449=(CONVERSION_BASED_UNIT('DEGREE',#16448)NAMED_UNIT(*)PLANE_ANGLE_UNIT());
#16451=UNCERTAINTY_MEASURE_WITH_UNIT(LENGTH_MEASURE(1.823275633940E-3),#16445,
'closure',
'Maximum model space distance between geometric entities at asserted connectivities');
#16452=(GEOMETRIC_REPRESENTATION_CONTEXT(3)GLOBAL_UNCERTAINTY_ASSIGNED_CONTEXT((
#16451))GLOBAL_UNIT_ASSIGNED_CONTEXT((#16445,#16449,#16450))REPRESENTATION_CONTEXT('ID4','3'));
#16453=CARTESIAN_POINT('',(0.E0,0.E0,0.E0));
#16454=DIRECTION('',(0.E0,0.E0,1.E0));
#16455=DIRECTION('',(1.E0,0.E0,0.E0));
#16458=MECHANICAL_CONTEXT('',#8479,'mechanical');
#16459=PRODUCT('LEVER','LEVER','NOT SPECIFIED',(#16458));
#16460=PRODUCT_DEFINITION_FORMATION_WITH_SPECIFIED_SOURCE('1','LAST_VERSION',
#16459,.MADE.);
#16466=CARTESIAN_POINT('',(0.E0,0.E0,0.E0));
#16467=DIRECTION('',(0.E0,0.E0,1.E0));
#16468=DIRECTION('',(1.E0,0.E0,0.E0));
#16469=AXIS2_PLACEMENT_3D('',#16466,#16467,#16468);
#16470=ITEM_DEFINED_TRANSFORMATION('','',#16456,#16469);
#16471=(REPRESENTATION_RELATIONSHIP('','',#16457,#8490)REPRESENTATION_RELATIONSHIP_WITH_TRANSFORMATION(#16470)SHAPE_REPRESENTATION_RELATIONSHIP());
#16472=CONTEXT_DEPENDENT_SHAPE_REPRESENTATION(#16471,#16465);
#16474=DIRECTION('',(1.E0,0.E0,0.E0));
#16475=VECTOR('',#16474,1.975E0);
#16476=CARTESIAN_POINT('',(-3.875E0,0.E0,3.675E1));
#16477=LINE('',#16476,#16475);
#16478=DIRECTION('',(0.E0,0.E0,-1.E0));
#16479=VECTOR('',#16478,1.25E0);
#16480=CARTESIAN_POINT('',(-1.9E0,0.E0,3.675E1));
#16481=LINE('',#16480,#16479);
#16482=CARTESIAN_POINT('',(0.E0,0.E0,3.55E1));
#16483=DIRECTION('',(0.E0,-1.E0,0.E0));
#16484=DIRECTION('',(-1.E0,0.E0,0.E0));
#16485=AXIS2_PLACEMENT_3D('',#16482,#16483,#16484);
#16487=DIRECTION('',(0.E0,0.E0,1.E0));
#16488=VECTOR('',#16487,1.25E0);
#16489=CARTESIAN_POINT('',(1.9E0,0.E0,3.55E1));
#16490=LINE('',#16489,#16488);
#16491=DIRECTION('',(1.E0,0.E0,0.E0));
#16492=VECTOR('',#16491,1.975E0);
#16493=CARTESIAN_POINT('',(1.9E0,0.E0,3.675E1));
#16494=LINE('',#16493,#16492);
#16495=DIRECTION('',(0.E0,0.E0,-1.E0));
#16496=VECTOR('',#16495,7.35E1);
#16497=CARTESIAN_POINT('',(3.875E0,0.E0,3.675E1));
#16498=LINE('',#16497,#16496);
#16499=DIRECTION('',(-1.E0,0.E0,0.E0));
#16500=VECTOR('',#16499,1.975E0);
#16501=CARTESIAN_POINT('',(3.875E0,0.E0,-3.675E1));
#16502=LINE('',#16501,#16500);
#16503=DIRECTION('',(0.E0,0.E0,1.E0));
#16504=VECTOR('',#16503,1.25E0);
#16505=CARTESIAN_POINT('',(1.9E0,0.E0,-3.675E1));
#16506=LINE('',#16505,#16504);
#16507=CARTESIAN_POINT('',(0.E0,0.E0,-3.55E1));
#16508=DIRECTION('',(0.E0,-1.E0,0.E0));
#16509=DIRECTION('',(1.E0,0.E0,0.E0));
#16510=AXIS2_PLACEMENT_3D('',#16507,#16508,#16509);
#16512=DIRECTION('',(0.E0,0.E0,-1.E0));
#16513=VECTOR('',#16512,1.25E0);
#16514=CARTESIAN_POINT('',(-1.9E0,0.E0,-3.55E1));
#16515=LINE('',#16514,#16513);
#16516=DIRECTION('',(-1.E0,0.E0,0.E0));
#16517=VECTOR('',#16516,1.975E0);
#16518=CARTESIAN_POINT('',(-1.9E0,0.E0,-3.675E1));
#16519=LINE('',#16518,#16517);
#16520=DIRECTION('',(0.E0,0.E0,1.E0));
#16521=VECTOR('',#16520,7.35E1);
#16522=CARTESIAN_POINT('',(-3.875E0,0.E0,-3.675E1));
#16523=LINE('',#16522,#16521);
#16524=DIRECTION('',(0.E0,0.E0,1.E0));
#16525=VECTOR('',#16524,6.69E1);
#16526=CARTESIAN_POINT('',(-1.E-1,0.E0,-3.345E1));
#16527=LINE('',#16526,#16525);
#16528=DIRECTION('',(-1.E0,0.E0,-3.552713678801E-14));
#16529=VECTOR('',#16528,2.E-1);
#16530=CARTESIAN_POINT('',(1.E-1,0.E0,-3.345E1));
#16531=LINE('',#16530,#16529);
#16532=DIRECTION('',(0.E0,0.E0,-1.E0));
#16533=VECTOR('',#16532,6.69E1);
#16534=CARTESIAN_POINT('',(1.E-1,0.E0,3.345E1));
#16535=LINE('',#16534,#16533);
#16536=DIRECTION('',(1.E0,0.E0,0.E0));
#16537=VECTOR('',#16536,2.E-1);
#16538=CARTESIAN_POINT('',(-1.E-1,0.E0,3.345E1));
#16539=LINE('',#16538,#16537);
#16540=DIRECTION('',(0.E0,1.E0,0.E0));
#16541=VECTOR('',#16540,1.E-1);
#16542=CARTESIAN_POINT('',(-3.875E0,0.E0,3.675E1));
#16543=LINE('',#16542,#16541);
#16544=DIRECTION('',(0.E0,1.E0,0.E0));
#16545=VECTOR('',#16544,1.E-1);
#16546=CARTESIAN_POINT('',(-3.875E0,0.E0,-3.675E1));
#16547=LINE('',#16546,#16545);
#16548=DIRECTION('',(0.E0,1.E0,0.E0));
#16549=VECTOR('',#16548,1.E-1);
#16550=CARTESIAN_POINT('',(-1.9E0,0.E0,-3.675E1));
#16551=LINE('',#16550,#16549);
#16552=DIRECTION('',(0.E0,1.E0,0.E0));
#16553=VECTOR('',#16552,1.E-1);
#16554=CARTESIAN_POINT('',(-1.9E0,0.E0,-3.55E1));
#16555=LINE('',#16554,#16553);
#16556=DIRECTION('',(0.E0,1.E0,0.E0));
#16557=VECTOR('',#16556,1.E-1);
#16558=CARTESIAN_POINT('',(1.9E0,0.E0,-3.55E1));
#16559=LINE('',#16558,#16557);
#16560=DIRECTION('',(0.E0,1.E0,0.E0));
#16561=VECTOR('',#16560,1.E-1);
#16562=CARTESIAN_POINT('',(1.9E0,0.E0,-3.675E1));
#16563=LINE('',#16562,#16561);
#16564=DIRECTION('',(0.E0,1.E0,0.E0));
#16565=VECTOR('',#16564,1.E-1);
#16566=CARTESIAN_POINT('',(3.875E0,0.E0,-3.675E1));
#16567=LINE('',#16566,#16565);
#16568=DIRECTION('',(0.E0,1.E0,0.E0));
#16569=VECTOR('',#16568,1.E-1);
#16570=CARTESIAN_POINT('',(3.875E0,0.E0,3.675E1));
#16571=LINE('',#16570,#16569);
#16572=DIRECTION('',(0.E0,1.E0,0.E0));
#16573=VECTOR('',#16572,1.E-1);
#16574=CARTESIAN_POINT('',(1.9E0,0.E0,3.675E1));
#16575=LINE('',#16574,#16573);
#16576=DIRECTION('',(0.E0,1.E0,0.E0));
#16577=VECTOR('',#16576,1.E-1);
#16578=CARTESIAN_POINT('',(1.9E0,0.E0,3.55E1));
#16579=LINE('',#16578,#16577);
#16580=DIRECTION('',(0.E0,1.E0,0.E0));
#16581=VECTOR('',#16580,1.E-1);
#16582=CARTESIAN_POINT('',(-1.9E0,0.E0,3.55E1));
#16583=LINE('',#16582,#16581);
#16584=DIRECTION('',(0.E0,1.E0,0.E0));
#16585=VECTOR('',#16584,1.E-1);
#16586=CARTESIAN_POINT('',(-1.9E0,0.E0,3.675E1));
#16587=LINE('',#16586,#16585);
#16588=DIRECTION('',(1.E0,0.E0,0.E0));
#16589=VECTOR('',#16588,1.975E0);
#16590=CARTESIAN_POINT('',(-3.875E0,1.E-1,3.675E1));
#16591=LINE('',#16590,#16589);
#16592=DIRECTION('',(0.E0,0.E0,1.E0));
#16593=VECTOR('',#16592,7.35E1);
#16594=CARTESIAN_POINT('',(-3.875E0,1.E-1,-3.675E1));
#16595=LINE('',#16594,#16593);
#16596=DIRECTION('',(-1.E0,0.E0,0.E0));
#16597=VECTOR('',#16596,1.975E0);
#16598=CARTESIAN_POINT('',(-1.9E0,1.E-1,-3.675E1));
#16599=LINE('',#16598,#16597);
#16600=DIRECTION('',(0.E0,0.E0,-1.E0));
#16601=VECTOR('',#16600,1.25E0);
#16602=CARTESIAN_POINT('',(-1.9E0,1.E-1,-3.55E1));
#16603=LINE('',#16602,#16601);
#16604=CARTESIAN_POINT('',(0.E0,1.E-1,-3.55E1));
#16605=DIRECTION('',(0.E0,-1.E0,0.E0));
#16606=DIRECTION('',(1.E0,0.E0,0.E0));
#16607=AXIS2_PLACEMENT_3D('',#16604,#16605,#16606);
#16609=DIRECTION('',(0.E0,0.E0,1.E0));
#16610=VECTOR('',#16609,1.25E0);
#16611=CARTESIAN_POINT('',(1.9E0,1.E-1,-3.675E1));
#16612=LINE('',#16611,#16610);
#16613=DIRECTION('',(-1.E0,0.E0,0.E0));
#16614=VECTOR('',#16613,1.975E0);
#16615=CARTESIAN_POINT('',(3.875E0,1.E-1,-3.675E1));
#16616=LINE('',#16615,#16614);
#16617=DIRECTION('',(0.E0,0.E0,-1.E0));
#16618=VECTOR('',#16617,7.35E1);
#16619=CARTESIAN_POINT('',(3.875E0,1.E-1,3.675E1));
#16620=LINE('',#16619,#16618);
#16621=DIRECTION('',(1.E0,0.E0,0.E0));
#16622=VECTOR('',#16621,1.975E0);
#16623=CARTESIAN_POINT('',(1.9E0,1.E-1,3.675E1));
#16624=LINE('',#16623,#16622);
#16625=DIRECTION('',(0.E0,0.E0,1.E0));
#16626=VECTOR('',#16625,1.25E0);
#16627=CARTESIAN_POINT('',(1.9E0,1.E-1,3.55E1));
#16628=LINE('',#16627,#16626);
#16629=CARTESIAN_POINT('',(0.E0,1.E-1,3.55E1));
#16630=DIRECTION('',(0.E0,-1.E0,0.E0));
#16631=DIRECTION('',(-1.E0,0.E0,0.E0));
#16632=AXIS2_PLACEMENT_3D('',#16629,#16630,#16631);
#16634=DIRECTION('',(0.E0,0.E0,-1.E0));
#16635=VECTOR('',#16634,1.25E0);
#16636=CARTESIAN_POINT('',(-1.9E0,1.E-1,3.675E1));
#16637=LINE('',#16636,#16635);
#16638=DIRECTION('',(0.E0,0.E0,1.E0));
#16639=VECTOR('',#16638,6.69E1);
#16640=CARTESIAN_POINT('',(-1.E-1,1.E-1,-3.345E1));
#16641=LINE('',#16640,#16639);
#16642=DIRECTION('',(1.E0,0.E0,0.E0));
#16643=VECTOR('',#16642,2.E-1);
#16644=CARTESIAN_POINT('',(-1.E-1,1.E-1,3.345E1));
#16645=LINE('',#16644,#16643);
#16646=DIRECTION('',(0.E0,0.E0,-1.E0));
#16647=VECTOR('',#16646,6.69E1);
#16648=CARTESIAN_POINT('',(1.E-1,1.E-1,3.345E1));
#16649=LINE('',#16648,#16647);
#16650=DIRECTION('',(-1.E0,0.E0,-3.552713678801E-14));
#16651=VECTOR('',#16650,2.E-1);
#16652=CARTESIAN_POINT('',(1.E-1,1.E-1,-3.345E1));
#16653=LINE('',#16652,#16651);
#16654=DIRECTION('',(0.E0,-1.E0,0.E0));
#16655=VECTOR('',#16654,1.E-1);
#16656=CARTESIAN_POINT('',(-1.E-1,1.E-1,-3.345E1));
#16657=LINE('',#16656,#16655);
#16658=DIRECTION('',(0.E0,-1.E0,0.E0));
#16659=VECTOR('',#16658,1.E-1);
#16660=CARTESIAN_POINT('',(-1.E-1,1.E-1,3.345E1));
#16661=LINE('',#16660,#16659);
#16662=DIRECTION('',(0.E0,-1.E0,0.E0));
#16663=VECTOR('',#16662,1.E-1);
#16664=CARTESIAN_POINT('',(1.E-1,1.E-1,3.345E1));
#16665=LINE('',#16664,#16663);
#16666=DIRECTION('',(0.E0,-1.E0,0.E0));
#16667=VECTOR('',#16666,1.E-1);
#16668=CARTESIAN_POINT('',(1.E-1,1.E-1,-3.345E1));
#16669=LINE('',#16668,#16667);
#16670=CARTESIAN_POINT('',(-3.875E0,0.E0,3.675E1));
#16671=CARTESIAN_POINT('',(-1.9E0,0.E0,3.675E1));
#16672=VERTEX_POINT('',#16670);
#16673=VERTEX_POINT('',#16671);
#16674=CARTESIAN_POINT('',(-1.9E0,0.E0,3.55E1));
#16675=VERTEX_POINT('',#16674);
#16676=CARTESIAN_POINT('',(1.9E0,0.E0,3.55E1));
#16677=VERTEX_POINT('',#16676);
#16678=CARTESIAN_POINT('',(1.9E0,0.E0,3.675E1));
#16679=VERTEX_POINT('',#16678);
#16680=CARTESIAN_POINT('',(3.875E0,0.E0,3.675E1));
#16681=VERTEX_POINT('',#16680);
#16682=CARTESIAN_POINT('',(3.875E0,0.E0,-3.675E1));
#16683=VERTEX_POINT('',#16682);
#16684=CARTESIAN_POINT('',(1.9E0,0.E0,-3.675E1));
#16685=VERTEX_POINT('',#16684);
#16686=CARTESIAN_POINT('',(1.9E0,0.E0,-3.55E1));
#16687=VERTEX_POINT('',#16686);
#16688=CARTESIAN_POINT('',(-1.9E0,0.E0,-3.55E1));
#16689=VERTEX_POINT('',#16688);
#16690=CARTESIAN_POINT('',(-1.9E0,0.E0,-3.675E1));
#16691=VERTEX_POINT('',#16690);
#16692=CARTESIAN_POINT('',(-3.875E0,0.E0,-3.675E1));
#16693=VERTEX_POINT('',#16692);
#16694=CARTESIAN_POINT('',(-3.875E0,1.E-1,3.675E1));
#16695=CARTESIAN_POINT('',(-1.9E0,1.E-1,3.675E1));
#16696=VERTEX_POINT('',#16694);
#16697=VERTEX_POINT('',#16695);
#16698=CARTESIAN_POINT('',(-1.9E0,1.E-1,3.55E1));
#16699=VERTEX_POINT('',#16698);
#16700=CARTESIAN_POINT('',(1.9E0,1.E-1,3.55E1));
#16701=VERTEX_POINT('',#16700);
#16702=CARTESIAN_POINT('',(1.9E0,1.E-1,3.675E1));
#16703=VERTEX_POINT('',#16702);
#16704=CARTESIAN_POINT('',(3.875E0,1.E-1,3.675E1));
#16705=VERTEX_POINT('',#16704);
#16706=CARTESIAN_POINT('',(3.875E0,1.E-1,-3.675E1));
#16707=VERTEX_POINT('',#16706);
#16708=CARTESIAN_POINT('',(1.9E0,1.E-1,-3.675E1));
#16709=VERTEX_POINT('',#16708);
#16710=CARTESIAN_POINT('',(1.9E0,1.E-1,-3.55E1));
#16711=VERTEX_POINT('',#16710);
#16712=CARTESIAN_POINT('',(-1.9E0,1.E-1,-3.55E1));
#16713=VERTEX_POINT('',#16712);
#16714=CARTESIAN_POINT('',(-1.9E0,1.E-1,-3.675E1));
#16715=VERTEX_POINT('',#16714);
#16716=CARTESIAN_POINT('',(-3.875E0,1.E-1,-3.675E1));
#16717=VERTEX_POINT('',#16716);
#16718=CARTESIAN_POINT('',(-1.E-1,0.E0,-3.345E1));
#16719=CARTESIAN_POINT('',(-1.E-1,0.E0,3.345E1));
#16720=VERTEX_POINT('',#16718);
#16721=VERTEX_POINT('',#16719);
#16722=CARTESIAN_POINT('',(1.E-1,0.E0,3.345E1));
#16723=VERTEX_POINT('',#16722);
#16724=CARTESIAN_POINT('',(1.E-1,0.E0,-3.345E1));
#16725=VERTEX_POINT('',#16724);
#16726=CARTESIAN_POINT('',(-1.E-1,1.E-1,-3.345E1));
#16727=CARTESIAN_POINT('',(-1.E-1,1.E-1,3.345E1));
#16728=VERTEX_POINT('',#16726);
#16729=VERTEX_POINT('',#16727);
#16730=CARTESIAN_POINT('',(1.E-1,1.E-1,3.345E1));
#16731=VERTEX_POINT('',#16730);
#16732=CARTESIAN_POINT('',(1.E-1,1.E-1,-3.345E1));
#16733=VERTEX_POINT('',#16732);
#16734=CARTESIAN_POINT('',(0.E0,0.E0,0.E0));
#16735=DIRECTION('',(0.E0,1.E0,0.E0));
#16736=DIRECTION('',(0.E0,0.E0,-1.E0));
#16737=AXIS2_PLACEMENT_3D('',#16734,#16735,#16736);
#16738=PLANE('',#16737);
#16740=ORIENTED_EDGE('',*,*,#16739,.T.);
#16742=ORIENTED_EDGE('',*,*,#16741,.T.);
#16744=ORIENTED_EDGE('',*,*,#16743,.T.);
#16746=ORIENTED_EDGE('',*,*,#16745,.T.);
#16748=ORIENTED_EDGE('',*,*,#16747,.T.);
#16750=ORIENTED_EDGE('',*,*,#16749,.T.);
#16752=ORIENTED_EDGE('',*,*,#16751,.T.);
#16754=ORIENTED_EDGE('',*,*,#16753,.T.);
#16756=ORIENTED_EDGE('',*,*,#16755,.T.);
#16758=ORIENTED_EDGE('',*,*,#16757,.T.);
#16760=ORIENTED_EDGE('',*,*,#16759,.T.);
#16762=ORIENTED_EDGE('',*,*,#16761,.T.);
#16763=EDGE_LOOP('',(#16740,#16742,#16744,#16746,#16748,#16750,#16752,#16754,
#16756,#16758,#16760,#16762));
#16764=FACE_OUTER_BOUND('',#16763,.F.);
#16766=ORIENTED_EDGE('',*,*,#16765,.F.);
#16768=ORIENTED_EDGE('',*,*,#16767,.F.);
#16770=ORIENTED_EDGE('',*,*,#16769,.F.);
#16772=ORIENTED_EDGE('',*,*,#16771,.F.);
#16773=EDGE_LOOP('',(#16766,#16768,#16770,#16772));
#16774=FACE_BOUND('',#16773,.F.);
#16775=ADVANCED_FACE('',(#16764,#16774),#16738,.F.);
#16776=CARTESIAN_POINT('',(-3.875E0,0.E0,3.675E1));
#16777=DIRECTION('',(0.E0,0.E0,1.E0));
#16778=DIRECTION('',(1.E0,0.E0,0.E0));
#16779=AXIS2_PLACEMENT_3D('',#16776,#16777,#16778);
#16780=PLANE('',#16779);
#16781=ORIENTED_EDGE('',*,*,#16739,.F.);
#16783=ORIENTED_EDGE('',*,*,#16782,.T.);
#16785=ORIENTED_EDGE('',*,*,#16784,.T.);
#16787=ORIENTED_EDGE('',*,*,#16786,.F.);
#16788=EDGE_LOOP('',(#16781,#16783,#16785,#16787));
#16789=FACE_OUTER_BOUND('',#16788,.F.);
#16790=ADVANCED_FACE('',(#16789),#16780,.T.);
#16791=CARTESIAN_POINT('',(-3.875E0,0.E0,-3.675E1));
#16792=DIRECTION('',(-1.E0,0.E0,0.E0));
#16793=DIRECTION('',(0.E0,0.E0,1.E0));
#16794=AXIS2_PLACEMENT_3D('',#16791,#16792,#16793);
#16795=PLANE('',#16794);
#16796=ORIENTED_EDGE('',*,*,#16761,.F.);
#16798=ORIENTED_EDGE('',*,*,#16797,.T.);
#16800=ORIENTED_EDGE('',*,*,#16799,.T.);
#16801=ORIENTED_EDGE('',*,*,#16782,.F.);
#16802=EDGE_LOOP('',(#16796,#16798,#16800,#16801));
#16803=FACE_OUTER_BOUND('',#16802,.F.);
#16804=ADVANCED_FACE('',(#16803),#16795,.T.);
#16805=CARTESIAN_POINT('',(-1.9E0,0.E0,-3.675E1));
#16806=DIRECTION('',(0.E0,0.E0,-1.E0));
#16807=DIRECTION('',(-1.E0,0.E0,0.E0));
#16808=AXIS2_PLACEMENT_3D('',#16805,#16806,#16807);
#16809=PLANE('',#16808);
#16810=ORIENTED_EDGE('',*,*,#16759,.F.);
#16812=ORIENTED_EDGE('',*,*,#16811,.T.);
#16814=ORIENTED_EDGE('',*,*,#16813,.T.);
#16815=ORIENTED_EDGE('',*,*,#16797,.F.);
#16816=EDGE_LOOP('',(#16810,#16812,#16814,#16815));
#16817=FACE_OUTER_BOUND('',#16816,.F.);
#16818=ADVANCED_FACE('',(#16817),#16809,.T.);
#16819=CARTESIAN_POINT('',(-1.9E0,0.E0,-3.55E1));
#16820=DIRECTION('',(1.E0,0.E0,0.E0));
#16821=DIRECTION('',(0.E0,0.E0,-1.E0));
#16822=AXIS2_PLACEMENT_3D('',#16819,#16820,#16821);
#16823=PLANE('',#16822);
#16824=ORIENTED_EDGE('',*,*,#16757,.F.);
#16826=ORIENTED_EDGE('',*,*,#16825,.T.);
#16828=ORIENTED_EDGE('',*,*,#16827,.T.);
#16829=ORIENTED_EDGE('',*,*,#16811,.F.);
#16830=EDGE_LOOP('',(#16824,#16826,#16828,#16829));
#16831=FACE_OUTER_BOUND('',#16830,.F.);
#16832=ADVANCED_FACE('',(#16831),#16823,.T.);
#16833=CARTESIAN_POINT('',(0.E0,0.E0,-3.55E1));
#16834=DIRECTION('',(0.E0,1.E0,0.E0));
#16835=DIRECTION('',(0.E0,0.E0,-1.E0));
#16836=AXIS2_PLACEMENT_3D('',#16833,#16834,#16835);
#16837=CYLINDRICAL_SURFACE('',#16836,1.9E0);
#16838=ORIENTED_EDGE('',*,*,#16755,.F.);
#16840=ORIENTED_EDGE('',*,*,#16839,.T.);
#16842=ORIENTED_EDGE('',*,*,#16841,.T.);
#16843=ORIENTED_EDGE('',*,*,#16825,.F.);
#16844=EDGE_LOOP('',(#16838,#16840,#16842,#16843));
#16845=FACE_OUTER_BOUND('',#16844,.F.);
#16846=ADVANCED_FACE('',(#16845),#16837,.F.);
#16847=CARTESIAN_POINT('',(1.9E0,0.E0,-3.675E1));
#16848=DIRECTION('',(-1.E0,0.E0,0.E0));
#16849=DIRECTION('',(0.E0,0.E0,1.E0));
#16850=AXIS2_PLACEMENT_3D('',#16847,#16848,#16849);
#16851=PLANE('',#16850);
#16852=ORIENTED_EDGE('',*,*,#16753,.F.);
#16854=ORIENTED_EDGE('',*,*,#16853,.T.);
#16856=ORIENTED_EDGE('',*,*,#16855,.T.);
#16857=ORIENTED_EDGE('',*,*,#16839,.F.);
#16858=EDGE_LOOP('',(#16852,#16854,#16856,#16857));
#16859=FACE_OUTER_BOUND('',#16858,.F.);
#16860=ADVANCED_FACE('',(#16859),#16851,.T.);
#16861=CARTESIAN_POINT('',(3.875E0,0.E0,-3.675E1));
#16862=DIRECTION('',(0.E0,0.E0,-1.E0));
#16863=DIRECTION('',(-1.E0,0.E0,0.E0));
#16864=AXIS2_PLACEMENT_3D('',#16861,#16862,#16863);
#16865=PLANE('',#16864);
#16866=ORIENTED_EDGE('',*,*,#16751,.F.);
#16868=ORIENTED_EDGE('',*,*,#16867,.T.);
#16870=ORIENTED_EDGE('',*,*,#16869,.T.);
#16871=ORIENTED_EDGE('',*,*,#16853,.F.);
#16872=EDGE_LOOP('',(#16866,#16868,#16870,#16871));
#16873=FACE_OUTER_BOUND('',#16872,.F.);
#16874=ADVANCED_FACE('',(#16873),#16865,.T.);
#16875=CARTESIAN_POINT('',(3.875E0,0.E0,3.675E1));
#16876=DIRECTION('',(1.E0,0.E0,0.E0));
#16877=DIRECTION('',(0.E0,0.E0,-1.E0));
#16878=AXIS2_PLACEMENT_3D('',#16875,#16876,#16877);
#16879=PLANE('',#16878);
#16880=ORIENTED_EDGE('',*,*,#16749,.F.);
#16882=ORIENTED_EDGE('',*,*,#16881,.T.);
#16884=ORIENTED_EDGE('',*,*,#16883,.T.);
#16885=ORIENTED_EDGE('',*,*,#16867,.F.);
#16886=EDGE_LOOP('',(#16880,#16882,#16884,#16885));
#16887=FACE_OUTER_BOUND('',#16886,.F.);
#16888=ADVANCED_FACE('',(#16887),#16879,.T.);
#16889=CARTESIAN_POINT('',(1.9E0,0.E0,3.675E1));
#16890=DIRECTION('',(0.E0,0.E0,1.E0));
#16891=DIRECTION('',(1.E0,0.E0,0.E0));
#16892=AXIS2_PLACEMENT_3D('',#16889,#16890,#16891);
#16893=PLANE('',#16892);
#16894=ORIENTED_EDGE('',*,*,#16747,.F.);
#16896=ORIENTED_EDGE('',*,*,#16895,.T.);
#16898=ORIENTED_EDGE('',*,*,#16897,.T.);
#16899=ORIENTED_EDGE('',*,*,#16881,.F.);
#16900=EDGE_LOOP('',(#16894,#16896,#16898,#16899));
#16901=FACE_OUTER_BOUND('',#16900,.F.);
#16902=ADVANCED_FACE('',(#16901),#16893,.T.);
#16903=CARTESIAN_POINT('',(1.9E0,0.E0,3.55E1));
#16904=DIRECTION('',(-1.E0,0.E0,0.E0));
#16905=DIRECTION('',(0.E0,0.E0,1.E0));
#16906=AXIS2_PLACEMENT_3D('',#16903,#16904,#16905);
#16907=PLANE('',#16906);
#16908=ORIENTED_EDGE('',*,*,#16745,.F.);
#16910=ORIENTED_EDGE('',*,*,#16909,.T.);
#16912=ORIENTED_EDGE('',*,*,#16911,.T.);
#16913=ORIENTED_EDGE('',*,*,#16895,.F.);
#16914=EDGE_LOOP('',(#16908,#16910,#16912,#16913));
#16915=FACE_OUTER_BOUND('',#16914,.F.);
#16916=ADVANCED_FACE('',(#16915),#16907,.T.);
#16917=CARTESIAN_POINT('',(0.E0,0.E0,3.55E1));
#16918=DIRECTION('',(0.E0,1.E0,0.E0));
#16919=DIRECTION('',(0.E0,0.E0,-1.E0));
#16920=AXIS2_PLACEMENT_3D('',#16917,#16918,#16919);
#16921=CYLINDRICAL_SURFACE('',#16920,1.9E0);
#16922=ORIENTED_EDGE('',*,*,#16743,.F.);
#16924=ORIENTED_EDGE('',*,*,#16923,.T.);
#16926=ORIENTED_EDGE('',*,*,#16925,.T.);
#16927=ORIENTED_EDGE('',*,*,#16909,.F.);
#16928=EDGE_LOOP('',(#16922,#16924,#16926,#16927));
#16929=FACE_OUTER_BOUND('',#16928,.F.);
#16930=ADVANCED_FACE('',(#16929),#16921,.F.);
#16931=CARTESIAN_POINT('',(-1.9E0,0.E0,3.675E1));
#16932=DIRECTION('',(1.E0,0.E0,0.E0));
#16933=DIRECTION('',(0.E0,0.E0,-1.E0));
#16934=AXIS2_PLACEMENT_3D('',#16931,#16932,#16933);
#16935=PLANE('',#16934);
#16936=ORIENTED_EDGE('',*,*,#16741,.F.);
#16937=ORIENTED_EDGE('',*,*,#16786,.T.);
#16939=ORIENTED_EDGE('',*,*,#16938,.T.);
#16940=ORIENTED_EDGE('',*,*,#16923,.F.);
#16941=EDGE_LOOP('',(#16936,#16937,#16939,#16940));
#16942=FACE_OUTER_BOUND('',#16941,.F.);
#16943=ADVANCED_FACE('',(#16942),#16935,.T.);
#16944=CARTESIAN_POINT('',(0.E0,1.E-1,0.E0));
#16945=DIRECTION('',(0.E0,1.E0,0.E0));
#16946=DIRECTION('',(0.E0,0.E0,-1.E0));
#16947=AXIS2_PLACEMENT_3D('',#16944,#16945,#16946);
#16948=PLANE('',#16947);
#16949=ORIENTED_EDGE('',*,*,#16784,.F.);
#16950=ORIENTED_EDGE('',*,*,#16799,.F.);
#16951=ORIENTED_EDGE('',*,*,#16813,.F.);
#16952=ORIENTED_EDGE('',*,*,#16827,.F.);
#16953=ORIENTED_EDGE('',*,*,#16841,.F.);
#16954=ORIENTED_EDGE('',*,*,#16855,.F.);
#16955=ORIENTED_EDGE('',*,*,#16869,.F.);
#16956=ORIENTED_EDGE('',*,*,#16883,.F.);
#16957=ORIENTED_EDGE('',*,*,#16897,.F.);
#16958=ORIENTED_EDGE('',*,*,#16911,.F.);
#16959=ORIENTED_EDGE('',*,*,#16925,.F.);
#16960=ORIENTED_EDGE('',*,*,#16938,.F.);
#16961=EDGE_LOOP('',(#16949,#16950,#16951,#16952,#16953,#16954,#16955,#16956,
#16957,#16958,#16959,#16960));
#16962=FACE_OUTER_BOUND('',#16961,.F.);
#16964=ORIENTED_EDGE('',*,*,#16963,.T.);
#16966=ORIENTED_EDGE('',*,*,#16965,.T.);
#16968=ORIENTED_EDGE('',*,*,#16967,.T.);
#16970=ORIENTED_EDGE('',*,*,#16969,.T.);
#16971=EDGE_LOOP('',(#16964,#16966,#16968,#16970));
#16972=FACE_BOUND('',#16971,.F.);
#16973=ADVANCED_FACE('',(#16962,#16972),#16948,.T.);
#16974=CARTESIAN_POINT('',(-1.E-1,1.E-1,-3.345E1));
#16975=DIRECTION('',(-1.E0,0.E0,0.E0));
#16976=DIRECTION('',(0.E0,0.E0,1.E0));
#16977=AXIS2_PLACEMENT_3D('',#16974,#16975,#16976);
#16978=PLANE('',#16977);
#16979=ORIENTED_EDGE('',*,*,#16765,.T.);
#16981=ORIENTED_EDGE('',*,*,#16980,.F.);
#16982=ORIENTED_EDGE('',*,*,#16963,.F.);
#16984=ORIENTED_EDGE('',*,*,#16983,.T.);
#16985=EDGE_LOOP('',(#16979,#16981,#16982,#16984));
#16986=FACE_OUTER_BOUND('',#16985,.F.);
#16987=ADVANCED_FACE('',(#16986),#16978,.F.);
#16988=CARTESIAN_POINT('',(-1.E-1,1.E-1,3.345E1));
#16989=DIRECTION('',(0.E0,0.E0,1.E0));
#16990=DIRECTION('',(1.E0,0.E0,0.E0));
#16991=AXIS2_PLACEMENT_3D('',#16988,#16989,#16990);
#16992=PLANE('',#16991);
#16993=ORIENTED_EDGE('',*,*,#16771,.T.);
#16995=ORIENTED_EDGE('',*,*,#16994,.F.);
#16996=ORIENTED_EDGE('',*,*,#16965,.F.);
#16997=ORIENTED_EDGE('',*,*,#16980,.T.);
#16998=EDGE_LOOP('',(#16993,#16995,#16996,#16997));
#16999=FACE_OUTER_BOUND('',#16998,.F.);
#17000=ADVANCED_FACE('',(#16999),#16992,.F.);
#17001=CARTESIAN_POINT('',(1.E-1,1.E-1,3.345E1));
#17002=DIRECTION('',(1.E0,0.E0,0.E0));
#17003=DIRECTION('',(0.E0,0.E0,-1.E0));
#17004=AXIS2_PLACEMENT_3D('',#17001,#17002,#17003);
#17005=PLANE('',#17004);
#17006=ORIENTED_EDGE('',*,*,#16769,.T.);
#17008=ORIENTED_EDGE('',*,*,#17007,.F.);
#17009=ORIENTED_EDGE('',*,*,#16967,.F.);
#17010=ORIENTED_EDGE('',*,*,#16994,.T.);
#17011=EDGE_LOOP('',(#17006,#17008,#17009,#17010));
#17012=FACE_OUTER_BOUND('',#17011,.F.);
#17013=ADVANCED_FACE('',(#17012),#17005,.F.);
#17014=CARTESIAN_POINT('',(1.E-1,1.E-1,-3.345E1));
#17015=DIRECTION('',(0.E0,0.E0,-1.E0));
#17016=DIRECTION('',(-1.E0,0.E0,0.E0));
#17017=AXIS2_PLACEMENT_3D('',#17014,#17015,#17016);
#17018=PLANE('',#17017);
#17019=ORIENTED_EDGE('',*,*,#16767,.T.);
#17020=ORIENTED_EDGE('',*,*,#16983,.F.);
#17021=ORIENTED_EDGE('',*,*,#16969,.F.);
#17022=ORIENTED_EDGE('',*,*,#17007,.T.);
#17023=EDGE_LOOP('',(#17019,#17020,#17021,#17022));
#17024=FACE_OUTER_BOUND('',#17023,.F.);
#17025=ADVANCED_FACE('',(#17024),#17018,.F.);
#17029=DIMENSIONAL_EXPONENTS(0.E0,0.E0,0.E0,0.E0,0.E0,0.E0,0.E0);
#17031=PLANE_ANGLE_MEASURE_WITH_UNIT(PLANE_ANGLE_MEASURE(1.745329251994E-2),
#17030);
#17032=(CONVERSION_BASED_UNIT('DEGREE',#17031)NAMED_UNIT(*)PLANE_ANGLE_UNIT());
#17034=UNCERTAINTY_MEASURE_WITH_UNIT(LENGTH_MEASURE(7.390457037924E-3),#17028,
'closure',
'Maximum model space distance between geometric entities at asserted connectivities');
#17035=(GEOMETRIC_REPRESENTATION_CONTEXT(3)GLOBAL_UNCERTAINTY_ASSIGNED_CONTEXT((
#17034))GLOBAL_UNIT_ASSIGNED_CONTEXT((#17028,#17032,#17033))REPRESENTATION_CONTEXT('ID5','3'));
#17036=CARTESIAN_POINT('',(0.E0,0.E0,0.E0));
#17037=DIRECTION('',(0.E0,0.E0,1.E0));
#17038=DIRECTION('',(1.E0,0.E0,0.E0));
#17041=DESIGN_CONTEXT('',#8479,'design');
#17042=MECHANICAL_CONTEXT('',#8479,'mechanical');
#17043=PRODUCT('DUST_COVER','DUST_COVER','NOT SPECIFIED',(#17042));
#17044=PRODUCT_DEFINITION_FORMATION_WITH_SPECIFIED_SOURCE('2','LAST_VERSION',
#17043,.MADE.);
#17050=CARTESIAN_POINT('',(0.E0,0.E0,0.E0));
#17051=DIRECTION('',(0.E0,0.E0,1.E0));
#17052=DIRECTION('',(1.E0,0.E0,0.E0));
#17053=AXIS2_PLACEMENT_3D('',#17050,#17051,#17052);
#17054=ITEM_DEFINED_TRANSFORMATION('','',#17039,#17053);
#17055=(REPRESENTATION_RELATIONSHIP('','',#17040,#8490)REPRESENTATION_RELATIONSHIP_WITH_TRANSFORMATION(#17054)SHAPE_REPRESENTATION_RELATIONSHIP());
#17056=CONTEXT_DEPENDENT_SHAPE_REPRESENTATION(#17055,#17049);
#17058=DIRECTION('',(1.E0,0.E0,0.E0));
#17059=VECTOR('',#17058,7.E-1);
#17060=CARTESIAN_POINT('',(0.E0,0.E0,8.E-1));
#17061=LINE('',#17060,#17059);
#17062=CARTESIAN_POINT('',(0.E0,-4.E-1,8.E-1));
#17063=DIRECTION('',(1.E0,0.E0,0.E0));
#17064=DIRECTION('',(0.E0,1.E0,0.E0));
#17065=AXIS2_PLACEMENT_3D('',#17062,#17063,#17064);
#17067=CARTESIAN_POINT('',(7.E-1,-4.E-1,8.E-1));
#17068=DIRECTION('',(-1.E0,0.E0,0.E0));
#17069=DIRECTION('',(0.E0,0.E0,1.E0));
#17070=AXIS2_PLACEMENT_3D('',#17067,#17068,#17069);
#17072=DIRECTION('',(0.E0,1.E0,0.E0));
#17073=VECTOR('',#17072,4.E-1);
#17074=CARTESIAN_POINT('',(0.E0,0.E0,8.E-1));
#17075=LINE('',#17074,#17073);
#17076=DIRECTION('',(0.E0,0.E0,-1.E0));
#17077=VECTOR('',#17076,8.E-1);
#17078=CARTESIAN_POINT('',(0.E0,0.E0,8.E-1));
#17079=LINE('',#17078,#17077);
#17080=DIRECTION('',(0.E0,1.E0,0.E0));
#17081=VECTOR('',#17080,4.E-1);
#17082=CARTESIAN_POINT('',(0.E0,0.E0,0.E0));
#17083=LINE('',#17082,#17081);
#17084=DIRECTION('',(0.E0,0.E0,-1.E0));
#17085=VECTOR('',#17084,8.E-1);
#17086=CARTESIAN_POINT('',(0.E0,4.E-1,8.E-1));
#17087=LINE('',#17086,#17085);
#17088=DIRECTION('',(1.E0,0.E0,0.E0));
#17089=VECTOR('',#17088,7.E-1);
#17090=CARTESIAN_POINT('',(0.E0,0.E0,0.E0));
#17091=LINE('',#17090,#17089);
#17092=DIRECTION('',(0.E0,1.E0,0.E0));
#17093=VECTOR('',#17092,4.E-1);
#17094=CARTESIAN_POINT('',(7.E-1,0.E0,0.E0));
#17095=LINE('',#17094,#17093);
#17096=DIRECTION('',(1.E0,0.E0,0.E0));
#17097=VECTOR('',#17096,7.E-1);
#17098=CARTESIAN_POINT('',(0.E0,4.E-1,0.E0));
#17099=LINE('',#17098,#17097);
#17100=DIRECTION('',(0.E0,1.E0,0.E0));
#17101=VECTOR('',#17100,4.E-1);
#17102=CARTESIAN_POINT('',(7.E-1,0.E0,8.E-1));
#17103=LINE('',#17102,#17101);
#17104=DIRECTION('',(0.E0,0.E0,-1.E0));
#17105=VECTOR('',#17104,8.E-1);
#17106=CARTESIAN_POINT('',(7.E-1,4.E-1,8.E-1));
#17107=LINE('',#17106,#17105);
#17108=DIRECTION('',(0.E0,0.E0,-1.E0));
#17109=VECTOR('',#17108,8.E-1);
#17110=CARTESIAN_POINT('',(7.E-1,0.E0,8.E-1));
#17111=LINE('',#17110,#17109);
#17112=DIRECTION('',(0.E0,0.E0,1.E0));
#17113=VECTOR('',#17112,4.E-1);
#17114=CARTESIAN_POINT('',(7.E-1,-4.E-1,1.2E0));
#17115=LINE('',#17114,#17113);
#17116=DIRECTION('',(0.E0,1.E0,0.E0));
#17117=VECTOR('',#17116,2.E-1);
#17118=CARTESIAN_POINT('',(7.E-1,-6.E-1,1.2E0));
#17119=LINE('',#17118,#17117);
#17120=DIRECTION('',(0.E0,0.E0,1.E0));
#17121=VECTOR('',#17120,4.E-1);
#17122=CARTESIAN_POINT('',(7.E-1,-6.E-1,1.2E0));
#17123=LINE('',#17122,#17121);
#17124=DIRECTION('',(0.E0,1.E0,0.E0));
#17125=VECTOR('',#17124,2.E-1);
#17126=CARTESIAN_POINT('',(7.E-1,-6.E-1,1.6E0));
#17127=LINE('',#17126,#17125);
#17128=DIRECTION('',(-1.E0,0.E0,0.E0));
#17129=VECTOR('',#17128,7.E-1);
#17130=CARTESIAN_POINT('',(7.E-1,-6.E-1,1.2E0));
#17131=LINE('',#17130,#17129);
#17132=DIRECTION('',(1.E0,0.E0,0.E0));
#17133=VECTOR('',#17132,7.E-1);
#17134=CARTESIAN_POINT('',(0.E0,-4.E-1,1.2E0));
#17135=LINE('',#17134,#17133);
#17136=CARTESIAN_POINT('',(7.E-1,-6.E-1,2.E0));
#17137=DIRECTION('',(1.E0,0.E0,0.E0));
#17138=DIRECTION('',(0.E0,-1.E0,0.E0));
#17139=AXIS2_PLACEMENT_3D('',#17136,#17137,#17138);
#17141=CARTESIAN_POINT('',(0.E0,-6.E-1,2.E0));
#17142=DIRECTION('',(-1.E0,0.E0,0.E0));
#17143=DIRECTION('',(0.E0,0.E0,-1.E0));
#17144=AXIS2_PLACEMENT_3D('',#17141,#17142,#17143);
#17146=CARTESIAN_POINT('',(2.E-1,-1.4E0,6.E0));
#17147=DIRECTION('',(0.E0,-1.E0,0.E0));
#17148=DIRECTION('',(0.E0,0.E0,1.E0));
#17149=AXIS2_PLACEMENT_3D('',#17146,#17147,#17148);
#17151=DIRECTION('',(1.E0,0.E0,0.E0));
#17152=VECTOR('',#17151,3.E-1);
#17153=CARTESIAN_POINT('',(2.E-1,-1.4E0,6.2E0));
#17154=LINE('',#17153,#17152);
#17155=CARTESIAN_POINT('',(5.E-1,-1.4E0,6.E0));
#17156=DIRECTION('',(0.E0,-1.E0,0.E0));
#17157=DIRECTION('',(1.E0,0.E0,0.E0));
#17158=AXIS2_PLACEMENT_3D('',#17155,#17156,#17157);
#17160=DIRECTION('',(-1.E0,0.E0,0.E0));
#17161=VECTOR('',#17160,7.E-1);
#17162=CARTESIAN_POINT('',(7.E-1,-1.4E0,2.E0));
#17163=LINE('',#17162,#17161);
#17164=DIRECTION('',(0.E0,-1.E0,0.E0));
#17165=VECTOR('',#17164,4.E-1);
#17166=CARTESIAN_POINT('',(0.E0,-1.E0,6.E0));
#17167=LINE('',#17166,#17165);
#17168=DIRECTION('',(0.E0,0.E0,-1.E0));
#17169=VECTOR('',#17168,4.E0);
#17170=CARTESIAN_POINT('',(0.E0,-1.4E0,6.E0));
#17171=LINE('',#17170,#17169);
#17172=DIRECTION('',(0.E0,1.E0,0.E0));
#17173=VECTOR('',#17172,4.E-1);
#17174=CARTESIAN_POINT('',(0.E0,-1.4E0,2.E0));
#17175=LINE('',#17174,#17173);
#17176=DIRECTION('',(0.E0,0.E0,-1.E0));
#17177=VECTOR('',#17176,4.E0);
#17178=CARTESIAN_POINT('',(0.E0,-1.E0,6.E0));
#17179=LINE('',#17178,#17177);
#17180=DIRECTION('',(0.E0,0.E0,1.E0));
#17181=VECTOR('',#17180,4.E-1);
#17182=CARTESIAN_POINT('',(0.E0,-6.E-1,1.2E0));
#17183=LINE('',#17182,#17181);
#17184=DIRECTION('',(0.E0,1.E0,0.E0));
#17185=VECTOR('',#17184,2.E-1);
#17186=CARTESIAN_POINT('',(0.E0,-6.E-1,1.2E0));
#17187=LINE('',#17186,#17185);
#17188=DIRECTION('',(0.E0,0.E0,1.E0));
#17189=VECTOR('',#17188,4.E-1);
#17190=CARTESIAN_POINT('',(0.E0,-4.E-1,1.2E0));
#17191=LINE('',#17190,#17189);
#17192=DIRECTION('',(0.E0,1.E0,0.E0));
#17193=VECTOR('',#17192,2.E-1);
#17194=CARTESIAN_POINT('',(0.E0,-6.E-1,1.6E0));
#17195=LINE('',#17194,#17193);
#17196=DIRECTION('',(-1.E0,0.E0,0.E0));
#17197=VECTOR('',#17196,7.E-1);
#17198=CARTESIAN_POINT('',(7.E-1,-6.E-1,1.6E0));
#17199=LINE('',#17198,#17197);
#17200=DIRECTION('',(1.E0,0.E0,0.E0));
#17201=VECTOR('',#17200,7.E-1);
#17202=CARTESIAN_POINT('',(0.E0,-4.E-1,1.6E0));
#17203=LINE('',#17202,#17201);
#17204=CARTESIAN_POINT('',(0.E0,-6.E-1,2.E0));
#17205=DIRECTION('',(-1.E0,0.E0,0.E0));
#17206=DIRECTION('',(0.E0,0.E0,-1.E0));
#17207=AXIS2_PLACEMENT_3D('',#17204,#17205,#17206);
#17209=CARTESIAN_POINT('',(7.E-1,-6.E-1,2.E0));
#17210=DIRECTION('',(1.E0,0.E0,0.E0));
#17211=DIRECTION('',(0.E0,-1.E0,0.E0));
#17212=AXIS2_PLACEMENT_3D('',#17209,#17210,#17211);
#17214=CARTESIAN_POINT('',(2.E-1,-1.E0,6.E0));
#17215=DIRECTION('',(0.E0,1.E0,0.E0));
#17216=DIRECTION('',(-1.E0,0.E0,0.E0));
#17217=AXIS2_PLACEMENT_3D('',#17214,#17215,#17216);
#17219=DIRECTION('',(-1.E0,0.E0,0.E0));
#17220=VECTOR('',#17219,7.E-1);
#17221=CARTESIAN_POINT('',(7.E-1,-1.E0,2.E0));
#17222=LINE('',#17221,#17220);
#17223=CARTESIAN_POINT('',(5.E-1,-1.E0,6.E0));
#17224=DIRECTION('',(0.E0,1.E0,0.E0));
#17225=DIRECTION('',(0.E0,0.E0,1.E0));
#17226=AXIS2_PLACEMENT_3D('',#17223,#17224,#17225);
#17228=DIRECTION('',(1.E0,0.E0,0.E0));
#17229=VECTOR('',#17228,3.E-1);
#17230=CARTESIAN_POINT('',(2.E-1,-1.E0,6.2E0));
#17231=LINE('',#17230,#17229);
#17232=DIRECTION('',(0.E0,-1.E0,0.E0));
#17233=VECTOR('',#17232,4.E-1);
#17234=CARTESIAN_POINT('',(7.E-1,-1.E0,6.E0));
#17235=LINE('',#17234,#17233);
#17236=DIRECTION('',(0.E0,0.E0,-1.E0));
#17237=VECTOR('',#17236,4.E0);
#17238=CARTESIAN_POINT('',(7.E-1,-1.E0,6.E0));
#17239=LINE('',#17238,#17237);
#17240=DIRECTION('',(0.E0,0.E0,-1.E0));
#17241=VECTOR('',#17240,4.E0);
#17242=CARTESIAN_POINT('',(7.E-1,-1.4E0,6.E0));
#17243=LINE('',#17242,#17241);
#17244=DIRECTION('',(0.E0,-1.E0,0.E0));
#17245=VECTOR('',#17244,4.E-1);
#17246=CARTESIAN_POINT('',(2.E-1,-1.E0,6.2E0));
#17247=LINE('',#17246,#17245);
#17248=DIRECTION('',(0.E0,-1.E0,0.E0));
#17249=VECTOR('',#17248,4.E-1);
#17250=CARTESIAN_POINT('',(5.E-1,-1.E0,6.2E0));
#17251=LINE('',#17250,#17249);
#17252=DIRECTION('',(0.E0,1.E0,0.E0));
#17253=VECTOR('',#17252,4.E-1);
#17254=CARTESIAN_POINT('',(7.E-1,-1.4E0,2.E0));
#17255=LINE('',#17254,#17253);
#17256=CARTESIAN_POINT('',(7.E-1,-4.E-1,8.E-1));
#17257=DIRECTION('',(-1.E0,0.E0,0.E0));
#17258=DIRECTION('',(0.E0,0.E0,1.E0));
#17259=AXIS2_PLACEMENT_3D('',#17256,#17257,#17258);
#17261=CARTESIAN_POINT('',(0.E0,-4.E-1,8.E-1));
#17262=DIRECTION('',(1.E0,0.E0,0.E0));
#17263=DIRECTION('',(0.E0,1.E0,0.E0));
#17264=AXIS2_PLACEMENT_3D('',#17261,#17262,#17263);
#17266=DIRECTION('',(1.E0,0.E0,0.E0));
#17267=VECTOR('',#17266,7.E-1);
#17268=CARTESIAN_POINT('',(0.E0,4.E-1,8.E-1));
#17269=LINE('',#17268,#17267);
#17270=CARTESIAN_POINT('',(0.E0,0.E0,0.E0));
#17271=CARTESIAN_POINT('',(7.E-1,0.E0,0.E0));
#17272=VERTEX_POINT('',#17270);
#17273=VERTEX_POINT('',#17271);
#17274=CARTESIAN_POINT('',(0.E0,4.E-1,0.E0));
#17275=CARTESIAN_POINT('',(7.E-1,4.E-1,0.E0));
#17276=VERTEX_POINT('',#17274);
#17277=VERTEX_POINT('',#17275);
#17278=CARTESIAN_POINT('',(0.E0,0.E0,8.E-1));
#17279=CARTESIAN_POINT('',(7.E-1,0.E0,8.E-1));
#17280=VERTEX_POINT('',#17278);
#17281=VERTEX_POINT('',#17279);
#17282=CARTESIAN_POINT('',(0.E0,-4.E-1,1.2E0));
#17283=CARTESIAN_POINT('',(7.E-1,-4.E-1,1.2E0));
#17284=VERTEX_POINT('',#17282);
#17285=VERTEX_POINT('',#17283);
#17286=CARTESIAN_POINT('',(7.E-1,-1.4E0,2.E0));
#17287=CARTESIAN_POINT('',(0.E0,-1.4E0,2.E0));
#17288=VERTEX_POINT('',#17286);
#17289=VERTEX_POINT('',#17287);
#17290=CARTESIAN_POINT('',(7.E-1,-6.E-1,1.2E0));
#17291=CARTESIAN_POINT('',(0.E0,-6.E-1,1.2E0));
#17292=VERTEX_POINT('',#17290);
#17293=VERTEX_POINT('',#17291);
#17294=CARTESIAN_POINT('',(0.E0,4.E-1,8.E-1));
#17295=CARTESIAN_POINT('',(7.E-1,4.E-1,8.E-1));
#17296=VERTEX_POINT('',#17294);
#17297=VERTEX_POINT('',#17295);
#17298=CARTESIAN_POINT('',(0.E0,-4.E-1,1.6E0));
#17299=CARTESIAN_POINT('',(7.E-1,-4.E-1,1.6E0));
#17300=VERTEX_POINT('',#17298);
#17301=VERTEX_POINT('',#17299);
#17302=CARTESIAN_POINT('',(7.E-1,-1.E0,2.E0));
#17303=CARTESIAN_POINT('',(0.E0,-1.E0,2.E0));
#17304=VERTEX_POINT('',#17302);
#17305=VERTEX_POINT('',#17303);
#17306=CARTESIAN_POINT('',(7.E-1,-6.E-1,1.6E0));
#17307=CARTESIAN_POINT('',(0.E0,-6.E-1,1.6E0));
#17308=VERTEX_POINT('',#17306);
#17309=VERTEX_POINT('',#17307);
#17310=CARTESIAN_POINT('',(2.E-1,-1.4E0,6.2E0));
#17311=CARTESIAN_POINT('',(0.E0,-1.4E0,6.E0));
#17312=VERTEX_POINT('',#17310);
#17313=VERTEX_POINT('',#17311);
#17314=CARTESIAN_POINT('',(0.E0,-1.E0,6.E0));
#17315=VERTEX_POINT('',#17314);
#17316=CARTESIAN_POINT('',(2.E-1,-1.E0,6.2E0));
#17317=VERTEX_POINT('',#17316);
#17318=CARTESIAN_POINT('',(7.E-1,-1.4E0,6.E0));
#17319=CARTESIAN_POINT('',(5.E-1,-1.4E0,6.2E0));
#17320=VERTEX_POINT('',#17318);
#17321=VERTEX_POINT('',#17319);
#17322=CARTESIAN_POINT('',(5.E-1,-1.E0,6.2E0));
#17323=VERTEX_POINT('',#17322);
#17324=CARTESIAN_POINT('',(7.E-1,-1.E0,6.E0));
#17325=VERTEX_POINT('',#17324);
#17326=CARTESIAN_POINT('',(0.E0,0.E0,1.2E0));
#17327=DIRECTION('',(0.E0,-1.E0,0.E0));
#17328=DIRECTION('',(0.E0,0.E0,-1.E0));
#17329=AXIS2_PLACEMENT_3D('',#17326,#17327,#17328);
#17330=PLANE('',#17329);
#17332=ORIENTED_EDGE('',*,*,#17331,.T.);
#17334=ORIENTED_EDGE('',*,*,#17333,.T.);
#17336=ORIENTED_EDGE('',*,*,#17335,.F.);
#17338=ORIENTED_EDGE('',*,*,#17337,.F.);
#17339=EDGE_LOOP('',(#17332,#17334,#17336,#17338));
#17340=FACE_OUTER_BOUND('',#17339,.F.);
#17341=ADVANCED_FACE('',(#17340),#17330,.T.);
#17342=CARTESIAN_POINT('',(-6.618663197958E0,-4.E-1,8.E-1));
#17343=DIRECTION('',(1.E0,0.E0,0.E0));
#17344=DIRECTION('',(0.E0,1.E0,0.E0));
#17345=AXIS2_PLACEMENT_3D('',#17342,#17343,#17344);
#17346=CYLINDRICAL_SURFACE('',#17345,4.E-1);
#17347=ORIENTED_EDGE('',*,*,#17331,.F.);
#17349=ORIENTED_EDGE('',*,*,#17348,.T.);
#17351=ORIENTED_EDGE('',*,*,#17350,.T.);
#17353=ORIENTED_EDGE('',*,*,#17352,.T.);
#17354=EDGE_LOOP('',(#17347,#17349,#17351,#17353));
#17355=FACE_OUTER_BOUND('',#17354,.F.);
#17356=ADVANCED_FACE('',(#17355),#17346,.F.);
#17357=CARTESIAN_POINT('',(0.E0,2.426406871193E-2,1.224264068712E0));
#17358=DIRECTION('',(1.E0,0.E0,0.E0));
#17359=DIRECTION('',(0.E0,0.E0,1.E0));
#17360=AXIS2_PLACEMENT_3D('',#17357,#17358,#17359);
#17361=PLANE('',#17360);
#17362=ORIENTED_EDGE('',*,*,#17348,.F.);
#17364=ORIENTED_EDGE('',*,*,#17363,.T.);
#17366=ORIENTED_EDGE('',*,*,#17365,.T.);
#17368=ORIENTED_EDGE('',*,*,#17367,.F.);
#17369=EDGE_LOOP('',(#17362,#17364,#17366,#17368));
#17370=FACE_OUTER_BOUND('',#17369,.F.);
#17371=ADVANCED_FACE('',(#17370),#17361,.F.);
#17372=CARTESIAN_POINT('',(0.E0,2.E-1,7.E-1));
#17373=DIRECTION('',(-1.E0,0.E0,0.E0));
#17374=DIRECTION('',(0.E0,0.E0,-1.E0));
#17375=AXIS2_PLACEMENT_3D('',#17372,#17373,#17374);
#17376=PLANE('',#17375);
#17377=ORIENTED_EDGE('',*,*,#17363,.F.);
#17378=ORIENTED_EDGE('',*,*,#17337,.T.);
#17380=ORIENTED_EDGE('',*,*,#17379,.T.);
#17382=ORIENTED_EDGE('',*,*,#17381,.F.);
#17383=EDGE_LOOP('',(#17377,#17378,#17380,#17382));
#17384=FACE_OUTER_BOUND('',#17383,.F.);
#17385=ADVANCED_FACE('',(#17384),#17376,.T.);
#17386=CARTESIAN_POINT('',(3.5E-1,2.E-1,0.E0));
#17387=DIRECTION('',(0.E0,0.E0,-1.E0));
#17388=DIRECTION('',(1.E0,0.E0,0.E0));
#17389=AXIS2_PLACEMENT_3D('',#17386,#17387,#17388);
#17390=PLANE('',#17389);
#17391=ORIENTED_EDGE('',*,*,#17335,.T.);
#17393=ORIENTED_EDGE('',*,*,#17392,.T.);
#17395=ORIENTED_EDGE('',*,*,#17394,.F.);
#17396=ORIENTED_EDGE('',*,*,#17379,.F.);
#17397=EDGE_LOOP('',(#17391,#17393,#17395,#17396));
#17398=FACE_OUTER_BOUND('',#17397,.F.);
#17399=ADVANCED_FACE('',(#17398),#17390,.T.);
#17400=CARTESIAN_POINT('',(7.E-1,2.E-1,7.E-1));
#17401=DIRECTION('',(-1.E0,0.E0,0.E0));
#17402=DIRECTION('',(0.E0,0.E0,-1.E0));
#17403=AXIS2_PLACEMENT_3D('',#17400,#17401,#17402);
#17404=PLANE('',#17403);
#17406=ORIENTED_EDGE('',*,*,#17405,.T.);
#17408=ORIENTED_EDGE('',*,*,#17407,.T.);
#17409=ORIENTED_EDGE('',*,*,#17392,.F.);
#17410=ORIENTED_EDGE('',*,*,#17333,.F.);
#17411=EDGE_LOOP('',(#17406,#17408,#17409,#17410));
#17412=FACE_OUTER_BOUND('',#17411,.F.);
#17413=ADVANCED_FACE('',(#17412),#17404,.F.);
#17414=CARTESIAN_POINT('',(7.E-1,2.426406871193E-2,1.224264068712E0));
#17415=DIRECTION('',(-1.E0,0.E0,0.E0));
#17416=DIRECTION('',(0.E0,1.E0,0.E0));
#17417=AXIS2_PLACEMENT_3D('',#17414,#17415,#17416);
#17418=PLANE('',#17417);
#17419=ORIENTED_EDGE('',*,*,#17352,.F.);
#17421=ORIENTED_EDGE('',*,*,#17420,.T.);
#17423=ORIENTED_EDGE('',*,*,#17422,.T.);
#17424=ORIENTED_EDGE('',*,*,#17405,.F.);
#17425=EDGE_LOOP('',(#17419,#17421,#17423,#17424));
#17426=FACE_OUTER_BOUND('',#17425,.F.);
#17427=ADVANCED_FACE('',(#17426),#17418,.F.);
#17428=CARTESIAN_POINT('',(7.E-1,-5.E-1,1.4E0));
#17429=DIRECTION('',(-1.E0,0.E0,0.E0));
#17430=DIRECTION('',(0.E0,1.E0,0.E0));
#17431=AXIS2_PLACEMENT_3D('',#17428,#17429,#17430);
#17432=PLANE('',#17431);
#17434=ORIENTED_EDGE('',*,*,#17433,.F.);
#17436=ORIENTED_EDGE('',*,*,#17435,.T.);
#17438=ORIENTED_EDGE('',*,*,#17437,.T.);
#17439=ORIENTED_EDGE('',*,*,#17420,.F.);
#17440=EDGE_LOOP('',(#17434,#17436,#17438,#17439));
#17441=FACE_OUTER_BOUND('',#17440,.F.);
#17442=ADVANCED_FACE('',(#17441),#17432,.F.);
#17443=CARTESIAN_POINT('',(0.E0,-1.4E0,1.2E0));
#17444=DIRECTION('',(0.E0,0.E0,-1.E0));
#17445=DIRECTION('',(0.E0,1.E0,0.E0));
#17446=AXIS2_PLACEMENT_3D('',#17443,#17444,#17445);
#17447=PLANE('',#17446);
#17449=ORIENTED_EDGE('',*,*,#17448,.F.);
#17450=ORIENTED_EDGE('',*,*,#17433,.T.);
#17451=ORIENTED_EDGE('',*,*,#17350,.F.);
#17453=ORIENTED_EDGE('',*,*,#17452,.F.);
#17454=EDGE_LOOP('',(#17449,#17450,#17451,#17453));
#17455=FACE_OUTER_BOUND('',#17454,.F.);
#17456=ADVANCED_FACE('',(#17455),#17447,.T.);
#17457=CARTESIAN_POINT('',(6.618663197958E0,-6.E-1,2.E0));
#17458=DIRECTION('',(-1.E0,0.E0,0.E0));
#17459=DIRECTION('',(0.E0,0.E0,-1.E0));
#17460=AXIS2_PLACEMENT_3D('',#17457,#17458,#17459);
#17461=CYLINDRICAL_SURFACE('',#17460,8.E-1);
#17463=ORIENTED_EDGE('',*,*,#17462,.F.);
#17465=ORIENTED_EDGE('',*,*,#17464,.T.);
#17466=ORIENTED_EDGE('',*,*,#17448,.T.);
#17468=ORIENTED_EDGE('',*,*,#17467,.T.);
#17469=EDGE_LOOP('',(#17463,#17465,#17466,#17468));
#17470=FACE_OUTER_BOUND('',#17469,.F.);
#17471=ADVANCED_FACE('',(#17470),#17461,.T.);
#17472=CARTESIAN_POINT('',(0.E0,-1.4E0,6.2E0));
#17473=DIRECTION('',(0.E0,-1.E0,0.E0));
#17474=DIRECTION('',(0.E0,0.E0,-1.E0));
#17475=AXIS2_PLACEMENT_3D('',#17472,#17473,#17474);
#17476=PLANE('',#17475);
#17478=ORIENTED_EDGE('',*,*,#17477,.F.);
#17480=ORIENTED_EDGE('',*,*,#17479,.T.);
#17482=ORIENTED_EDGE('',*,*,#17481,.F.);
#17484=ORIENTED_EDGE('',*,*,#17483,.T.);
#17485=ORIENTED_EDGE('',*,*,#17462,.T.);
#17487=ORIENTED_EDGE('',*,*,#17486,.F.);
#17488=EDGE_LOOP('',(#17478,#17480,#17482,#17484,#17485,#17487));
#17489=FACE_OUTER_BOUND('',#17488,.F.);
#17490=ADVANCED_FACE('',(#17489),#17476,.T.);
#17491=CARTESIAN_POINT('',(2.E-1,2.74648E0,6.E0));
#17492=DIRECTION('',(0.E0,-1.E0,0.E0));
#17493=DIRECTION('',(0.E0,0.E0,1.E0));
#17494=AXIS2_PLACEMENT_3D('',#17491,#17492,#17493);
#17495=CYLINDRICAL_SURFACE('',#17494,2.E-1);
#17496=ORIENTED_EDGE('',*,*,#17477,.T.);
#17498=ORIENTED_EDGE('',*,*,#17497,.F.);
#17500=ORIENTED_EDGE('',*,*,#17499,.T.);
#17502=ORIENTED_EDGE('',*,*,#17501,.T.);
#17503=EDGE_LOOP('',(#17496,#17498,#17500,#17502));
#17504=FACE_OUTER_BOUND('',#17503,.F.);
#17505=ADVANCED_FACE('',(#17504),#17495,.T.);
#17506=CARTESIAN_POINT('',(0.E0,-1.2E0,3.8E0));
#17507=DIRECTION('',(-1.E0,0.E0,0.E0));
#17508=DIRECTION('',(0.E0,0.E0,-1.E0));
#17509=AXIS2_PLACEMENT_3D('',#17506,#17507,#17508);
#17510=PLANE('',#17509);
#17511=ORIENTED_EDGE('',*,*,#17497,.T.);
#17512=ORIENTED_EDGE('',*,*,#17486,.T.);
#17514=ORIENTED_EDGE('',*,*,#17513,.T.);
#17516=ORIENTED_EDGE('',*,*,#17515,.F.);
#17517=EDGE_LOOP('',(#17511,#17512,#17514,#17516));
#17518=FACE_OUTER_BOUND('',#17517,.F.);
#17519=ADVANCED_FACE('',(#17518),#17510,.T.);
#17520=CARTESIAN_POINT('',(0.E0,-1.024264068712E0,1.575735931288E0));
#17521=DIRECTION('',(1.E0,0.E0,0.E0));
#17522=DIRECTION('',(0.E0,-1.E0,0.E0));
#17523=AXIS2_PLACEMENT_3D('',#17520,#17521,#17522);
#17524=PLANE('',#17523);
#17525=ORIENTED_EDGE('',*,*,#17467,.F.);
#17527=ORIENTED_EDGE('',*,*,#17526,.T.);
#17529=ORIENTED_EDGE('',*,*,#17528,.T.);
#17530=ORIENTED_EDGE('',*,*,#17513,.F.);
#17531=EDGE_LOOP('',(#17525,#17527,#17529,#17530));
#17532=FACE_OUTER_BOUND('',#17531,.F.);
#17533=ADVANCED_FACE('',(#17532),#17524,.F.);
#17534=CARTESIAN_POINT('',(0.E0,-5.E-1,1.4E0));
#17535=DIRECTION('',(-1.E0,0.E0,0.E0));
#17536=DIRECTION('',(0.E0,1.E0,0.E0));
#17537=AXIS2_PLACEMENT_3D('',#17534,#17535,#17536);
#17538=PLANE('',#17537);
#17539=ORIENTED_EDGE('',*,*,#17452,.T.);
#17540=ORIENTED_EDGE('',*,*,#17367,.T.);
#17542=ORIENTED_EDGE('',*,*,#17541,.F.);
#17543=ORIENTED_EDGE('',*,*,#17526,.F.);
#17544=EDGE_LOOP('',(#17539,#17540,#17542,#17543));
#17545=FACE_OUTER_BOUND('',#17544,.F.);
#17546=ADVANCED_FACE('',(#17545),#17538,.T.);
#17547=CARTESIAN_POINT('',(0.E0,-1.4E0,1.6E0));
#17548=DIRECTION('',(0.E0,0.E0,-1.E0));
#17549=DIRECTION('',(0.E0,1.E0,0.E0));
#17550=AXIS2_PLACEMENT_3D('',#17547,#17548,#17549);
#17551=PLANE('',#17550);
#17553=ORIENTED_EDGE('',*,*,#17552,.T.);
#17554=ORIENTED_EDGE('',*,*,#17541,.T.);
#17556=ORIENTED_EDGE('',*,*,#17555,.T.);
#17557=ORIENTED_EDGE('',*,*,#17437,.F.);
#17558=EDGE_LOOP('',(#17553,#17554,#17556,#17557));
#17559=FACE_OUTER_BOUND('',#17558,.F.);
#17560=ADVANCED_FACE('',(#17559),#17551,.F.);
#17561=CARTESIAN_POINT('',(6.618663197958E0,-6.E-1,2.E0));
#17562=DIRECTION('',(-1.E0,0.E0,0.E0));
#17563=DIRECTION('',(0.E0,0.E0,-1.E0));
#17564=AXIS2_PLACEMENT_3D('',#17561,#17562,#17563);
#17565=CYLINDRICAL_SURFACE('',#17564,4.E-1);
#17567=ORIENTED_EDGE('',*,*,#17566,.T.);
#17568=ORIENTED_EDGE('',*,*,#17528,.F.);
#17569=ORIENTED_EDGE('',*,*,#17552,.F.);
#17571=ORIENTED_EDGE('',*,*,#17570,.F.);
#17572=EDGE_LOOP('',(#17567,#17568,#17569,#17571));
#17573=FACE_OUTER_BOUND('',#17572,.F.);
#17574=ADVANCED_FACE('',(#17573),#17565,.F.);
#17575=CARTESIAN_POINT('',(0.E0,-1.E0,6.2E0));
#17576=DIRECTION('',(0.E0,-1.E0,0.E0));
#17577=DIRECTION('',(0.E0,0.E0,-1.E0));
#17578=AXIS2_PLACEMENT_3D('',#17575,#17576,#17577);
#17579=PLANE('',#17578);
#17580=ORIENTED_EDGE('',*,*,#17499,.F.);
#17581=ORIENTED_EDGE('',*,*,#17515,.T.);
#17582=ORIENTED_EDGE('',*,*,#17566,.F.);
#17584=ORIENTED_EDGE('',*,*,#17583,.F.);
#17586=ORIENTED_EDGE('',*,*,#17585,.F.);
#17588=ORIENTED_EDGE('',*,*,#17587,.F.);
#17589=EDGE_LOOP('',(#17580,#17581,#17582,#17584,#17586,#17588));
#17590=FACE_OUTER_BOUND('',#17589,.F.);
#17591=ADVANCED_FACE('',(#17590),#17579,.F.);
#17592=CARTESIAN_POINT('',(7.E-1,-1.2E0,3.8E0));
#17593=DIRECTION('',(-1.E0,0.E0,0.E0));
#17594=DIRECTION('',(0.E0,0.E0,-1.E0));
#17595=AXIS2_PLACEMENT_3D('',#17592,#17593,#17594);
#17596=PLANE('',#17595);
#17598=ORIENTED_EDGE('',*,*,#17597,.F.);
#17599=ORIENTED_EDGE('',*,*,#17583,.T.);
#17601=ORIENTED_EDGE('',*,*,#17600,.F.);
#17602=ORIENTED_EDGE('',*,*,#17483,.F.);
#17603=EDGE_LOOP('',(#17598,#17599,#17601,#17602));
#17604=FACE_OUTER_BOUND('',#17603,.F.);
#17605=ADVANCED_FACE('',(#17604),#17596,.F.);
#17606=CARTESIAN_POINT('',(5.E-1,2.74648E0,6.E0));
#17607=DIRECTION('',(0.E0,-1.E0,0.E0));
#17608=DIRECTION('',(1.E0,0.E0,0.E0));
#17609=AXIS2_PLACEMENT_3D('',#17606,#17607,#17608);
#17610=CYLINDRICAL_SURFACE('',#17609,2.E-1);
#17611=ORIENTED_EDGE('',*,*,#17481,.T.);
#17613=ORIENTED_EDGE('',*,*,#17612,.F.);
#17614=ORIENTED_EDGE('',*,*,#17585,.T.);
#17615=ORIENTED_EDGE('',*,*,#17597,.T.);
#17616=EDGE_LOOP('',(#17611,#17613,#17614,#17615));
#17617=FACE_OUTER_BOUND('',#17616,.F.);
#17618=ADVANCED_FACE('',(#17617),#17610,.T.);
#17619=CARTESIAN_POINT('',(3.5E-1,-1.2E0,6.2E0));
#17620=DIRECTION('',(0.E0,0.E0,-1.E0));
#17621=DIRECTION('',(1.E0,0.E0,0.E0));
#17622=AXIS2_PLACEMENT_3D('',#17619,#17620,#17621);
#17623=PLANE('',#17622);
#17624=ORIENTED_EDGE('',*,*,#17501,.F.);
#17625=ORIENTED_EDGE('',*,*,#17587,.T.);
#17626=ORIENTED_EDGE('',*,*,#17612,.T.);
#17627=ORIENTED_EDGE('',*,*,#17479,.F.);
#17628=EDGE_LOOP('',(#17624,#17625,#17626,#17627));
#17629=FACE_OUTER_BOUND('',#17628,.F.);
#17630=ADVANCED_FACE('',(#17629),#17623,.F.);
#17631=CARTESIAN_POINT('',(7.E-1,-1.024264068712E0,1.575735931288E0));
#17632=DIRECTION('',(-1.E0,0.E0,0.E0));
#17633=DIRECTION('',(0.E0,0.E0,-1.E0));
#17634=AXIS2_PLACEMENT_3D('',#17631,#17632,#17633);
#17635=PLANE('',#17634);
#17636=ORIENTED_EDGE('',*,*,#17464,.F.);
#17637=ORIENTED_EDGE('',*,*,#17600,.T.);
#17638=ORIENTED_EDGE('',*,*,#17570,.T.);
#17639=ORIENTED_EDGE('',*,*,#17435,.F.);
#17640=EDGE_LOOP('',(#17636,#17637,#17638,#17639));
#17641=FACE_OUTER_BOUND('',#17640,.F.);
#17642=ADVANCED_FACE('',(#17641),#17635,.F.);
#17643=CARTESIAN_POINT('',(-6.618663197958E0,-4.E-1,8.E-1));
#17644=DIRECTION('',(1.E0,0.E0,0.E0));
#17645=DIRECTION('',(0.E0,1.E0,0.E0));
#17646=AXIS2_PLACEMENT_3D('',#17643,#17644,#17645);
#17647=CYLINDRICAL_SURFACE('',#17646,8.E-1);
#17649=ORIENTED_EDGE('',*,*,#17648,.T.);
#17650=ORIENTED_EDGE('',*,*,#17422,.F.);
#17651=ORIENTED_EDGE('',*,*,#17555,.F.);
#17652=ORIENTED_EDGE('',*,*,#17365,.F.);
#17653=EDGE_LOOP('',(#17649,#17650,#17651,#17652));
#17654=FACE_OUTER_BOUND('',#17653,.F.);
#17655=ADVANCED_FACE('',(#17654),#17647,.T.);
#17656=CARTESIAN_POINT('',(0.E0,4.E-1,1.2E0));
#17657=DIRECTION('',(0.E0,-1.E0,0.E0));
#17658=DIRECTION('',(0.E0,0.E0,-1.E0));
#17659=AXIS2_PLACEMENT_3D('',#17656,#17657,#17658);
#17660=PLANE('',#17659);
#17661=ORIENTED_EDGE('',*,*,#17648,.F.);
#17662=ORIENTED_EDGE('',*,*,#17381,.T.);
#17663=ORIENTED_EDGE('',*,*,#17394,.T.);
#17664=ORIENTED_EDGE('',*,*,#17407,.F.);
#17665=EDGE_LOOP('',(#17661,#17662,#17663,#17664));
#17666=FACE_OUTER_BOUND('',#17665,.F.);
#17667=ADVANCED_FACE('',(#17666),#17660,.F.);
#17671=DIMENSIONAL_EXPONENTS(0.E0,0.E0,0.E0,0.E0,0.E0,0.E0,0.E0);
#17673=PLANE_ANGLE_MEASURE_WITH_UNIT(PLANE_ANGLE_MEASURE(1.745329251994E-2),
#17672);
#17674=(CONVERSION_BASED_UNIT('DEGREE',#17673)NAMED_UNIT(*)PLANE_ANGLE_UNIT());
#17676=UNCERTAINTY_MEASURE_WITH_UNIT(LENGTH_MEASURE(9.906E-3),#17670,'closure',
'Maximum model space distance between geometric entities at asserted connectivities');
#17677=(GEOMETRIC_REPRESENTATION_CONTEXT(3)GLOBAL_UNCERTAINTY_ASSIGNED_CONTEXT((
#17676))GLOBAL_UNIT_ASSIGNED_CONTEXT((#17670,#17674,#17675))REPRESENTATION_CONTEXT('ID6','3'));
#17678=CARTESIAN_POINT('',(0.E0,0.E0,0.E0));
#17679=DIRECTION('',(0.E0,0.E0,1.E0));
#17680=DIRECTION('',(1.E0,0.E0,0.E0));
#17683=MECHANICAL_CONTEXT('',#8479,'mechanical');
#17684=PRODUCT('PIN','PIN','NOT SPECIFIED',(#17683));
#17685=PRODUCT_DEFINITION_FORMATION_WITH_SPECIFIED_SOURCE('2','LAST_VERSION',
#17684,.MADE.);
#17691=CARTESIAN_POINT('',(1.7E0,-4.6E0,-3.71E1));
#17692=DIRECTION('',(0.E0,-1.E0,0.E0));
#17693=DIRECTION('',(-1.E0,0.E0,0.E0));
#17694=AXIS2_PLACEMENT_3D('',#17691,#17692,#17693);
#17695=ITEM_DEFINED_TRANSFORMATION('','',#17681,#17694);
#17696=(REPRESENTATION_RELATIONSHIP('','',#17682,#8490)REPRESENTATION_RELATIONSHIP_WITH_TRANSFORMATION(#17695)SHAPE_REPRESENTATION_RELATIONSHIP());
#17697=CONTEXT_DEPENDENT_SHAPE_REPRESENTATION(#17696,#17690);
#17700=CARTESIAN_POINT('',(4.4E0,-4.6E0,-3.71E1));
#17701=DIRECTION('',(0.E0,-1.E0,0.E0));
#17702=DIRECTION('',(-1.E0,0.E0,0.E0));
#17703=AXIS2_PLACEMENT_3D('',#17700,#17701,#17702);
#17704=ITEM_DEFINED_TRANSFORMATION('','',#17681,#17703);
#17705=(REPRESENTATION_RELATIONSHIP('','',#17682,#8490)REPRESENTATION_RELATIONSHIP_WITH_TRANSFORMATION(#17704)SHAPE_REPRESENTATION_RELATIONSHIP());
#17706=CONTEXT_DEPENDENT_SHAPE_REPRESENTATION(#17705,#17699);
#17709=CARTESIAN_POINT('',(-1.E0,-4.6E0,-3.71E1));
#17710=DIRECTION('',(0.E0,-1.E0,0.E0));
#17711=DIRECTION('',(-1.E0,0.E0,0.E0));
#17712=AXIS2_PLACEMENT_3D('',#17709,#17710,#17711);
#17713=ITEM_DEFINED_TRANSFORMATION('','',#17681,#17712);
#17714=(REPRESENTATION_RELATIONSHIP('','',#17682,#8490)REPRESENTATION_RELATIONSHIP_WITH_TRANSFORMATION(#17713)SHAPE_REPRESENTATION_RELATIONSHIP());
#17715=CONTEXT_DEPENDENT_SHAPE_REPRESENTATION(#17714,#17708);
#17718=CARTESIAN_POINT('',(-3.7E0,-4.6E0,-3.71E1));
#17719=DIRECTION('',(0.E0,-1.E0,0.E0));
#17720=DIRECTION('',(-1.E0,0.E0,0.E0));
#17721=AXIS2_PLACEMENT_3D('',#17718,#17719,#17720);
#17722=ITEM_DEFINED_TRANSFORMATION('','',#17681,#17721);
#17723=(REPRESENTATION_RELATIONSHIP('','',#17682,#8490)REPRESENTATION_RELATIONSHIP_WITH_TRANSFORMATION(#17722)SHAPE_REPRESENTATION_RELATIONSHIP());
#17724=CONTEXT_DEPENDENT_SHAPE_REPRESENTATION(#17723,#17717);
#17727=CARTESIAN_POINT('',(3.7E0,-4.6E0,3.71E1));
#17728=DIRECTION('',(0.E0,-1.E0,0.E0));
#17729=DIRECTION('',(1.E0,0.E0,0.E0));
#17730=AXIS2_PLACEMENT_3D('',#17727,#17728,#17729);
#17731=ITEM_DEFINED_TRANSFORMATION('','',#17681,#17730);
#17732=(REPRESENTATION_RELATIONSHIP('','',#17682,#8490)REPRESENTATION_RELATIONSHIP_WITH_TRANSFORMATION(#17731)SHAPE_REPRESENTATION_RELATIONSHIP());
#17733=CONTEXT_DEPENDENT_SHAPE_REPRESENTATION(#17732,#17726);
#17736=CARTESIAN_POINT('',(-1.7E0,-4.6E0,3.71E1));
#17737=DIRECTION('',(0.E0,-1.E0,0.E0));
#17738=DIRECTION('',(1.E0,0.E0,0.E0));
#17739=AXIS2_PLACEMENT_3D('',#17736,#17737,#17738);
#17740=ITEM_DEFINED_TRANSFORMATION('','',#17681,#17739);
#17741=(REPRESENTATION_RELATIONSHIP('','',#17682,#8490)REPRESENTATION_RELATIONSHIP_WITH_TRANSFORMATION(#17740)SHAPE_REPRESENTATION_RELATIONSHIP());
#17742=CONTEXT_DEPENDENT_SHAPE_REPRESENTATION(#17741,#17735);
#17744=DIMENSIONAL_EXPONENTS(0.E0,0.E0,0.E0,0.E0,0.E0,0.E0,0.E0);
#17746=PLANE_ANGLE_MEASURE_WITH_UNIT(PLANE_ANGLE_MEASURE(1.745329251994E-2),
#17745);
#17747=(CONVERSION_BASED_UNIT('DEGREE',#17746)NAMED_UNIT(*)PLANE_ANGLE_UNIT());
#17749=UNCERTAINTY_MEASURE_WITH_UNIT(LENGTH_MEASURE(8.018032214199E-3),#17743,
'closure',
'Maximum model space distance between geometric entities at asserted connectivities');
#17750=(GEOMETRIC_REPRESENTATION_CONTEXT(3)GLOBAL_UNCERTAINTY_ASSIGNED_CONTEXT((
#17749))GLOBAL_UNIT_ASSIGNED_CONTEXT((#17743,#17747,#17748))REPRESENTATION_CONTEXT('ID7','3'));
#17751=CARTESIAN_POINT('',(0.E0,0.E0,0.E0));
#17752=DIRECTION('',(0.E0,0.E0,1.E0));
#17753=DIRECTION('',(1.E0,0.E0,0.E0));
#17755=DESIGN_CONTEXT('',#8479,'design');
#17756=MECHANICAL_CONTEXT('',#8479,'mechanical');
#17757=PRODUCT('LINEAR_POTENTIOMETER_B103_ASM_ASM',
'LINEAR_POTENTIOMETER_B103_ASM_ASM','NOT SPECIFIED',(#17756));
#17758=PRODUCT_DEFINITION_FORMATION_WITH_SPECIFIED_SOURCE('32','LAST_VERSION',
#17757,.MADE.);
#17760=PRODUCT_CATEGORY('part','');
#17761=PRODUCT_RELATED_PRODUCT_CATEGORY('assembly','',(#17757));
#17762=PRODUCT_CATEGORY_RELATIONSHIP('','',#17760,#17761);
#17763=PRODUCT_CATEGORY('part','');
#17764=PRODUCT_RELATED_PRODUCT_CATEGORY('detail','',(#8483,#11803,#15938,#16459,
#17043,#17684));
#17765=PRODUCT_CATEGORY_RELATIONSHIP('','',#17763,#17764);
#17766=SECURITY_CLASSIFICATION_LEVEL('unclassified');
#17767=SECURITY_CLASSIFICATION('','',#17766);
#17768=CC_DESIGN_SECURITY_CLASSIFICATION(#17767,(#8484,#11804,#15939,#16460,
#17044,#17685,#17758,#8491,#11808,#15943,#16464,#17048,#17689,#17698,#17707,
#17716,#17725,#17734));
#17769=APPROVAL_STATUS('approved');
#17770=APPROVAL(#17769,'');
#17771=CC_DESIGN_APPROVAL(#17770,(#17767,#8484,#11804,#15939,#16460,#17044,
#17685,#17758,#8485,#11805,#15940,#16461,#17045,#17686,#17759));
#17772=CALENDAR_DATE(125,3,3);
#17773=COORDINATED_UNIVERSAL_TIME_OFFSET(1,0,.AHEAD.);
#17774=LOCAL_TIME(18,42,1.5E1,#17773);
#17775=DATE_AND_TIME(#17772,#17774);
#17776=APPROVAL_DATE_TIME(#17775,#17770);
#17777=DATE_TIME_ROLE('creation_date');
#17778=CC_DESIGN_DATE_AND_TIME_ASSIGNMENT(#17775,#17777,(#8485,#11805,#15940,
#16461,#17045,#17686,#17759));
#17779=DATE_TIME_ROLE('classification_date');
#17780=CC_DESIGN_DATE_AND_TIME_ASSIGNMENT(#17775,#17779,(#17767));
#17781=PERSON('UNSPECIFIED','UNSPECIFIED',$,$,$,$);
#17782=ORGANIZATION('UNSPECIFIED','UNSPECIFIED','UNSPECIFIED');
#17783=PERSON_AND_ORGANIZATION(#17781,#17782);
#17784=APPROVAL_ROLE('approver');
#17785=APPROVAL_PERSON_ORGANIZATION(#17783,#17770,#17784);
#17786=PERSON_AND_ORGANIZATION_ROLE('creator');
#17787=CC_DESIGN_PERSON_AND_ORGANIZATION_ASSIGNMENT(#17783,#17786,(#8484,#11804,
#15939,#16460,#17044,#17685,#17758,#8485,#11805,#15940,#16461,#17045,#17686,
#17759));
#17788=PERSON_AND_ORGANIZATION_ROLE('design_supplier');
#17789=CC_DESIGN_PERSON_AND_ORGANIZATION_ASSIGNMENT(#17783,#17788,(#8484,#11804,
#15939,#16460,#17044,#17685,#17758));
#17790=PERSON_AND_ORGANIZATION_ROLE('classification_officer');
#17791=CC_DESIGN_PERSON_AND_ORGANIZATION_ASSIGNMENT(#17783,#17790,(#17767));
#17792=PERSON_AND_ORGANIZATION_ROLE('design_owner');
#17793=CC_DESIGN_PERSON_AND_ORGANIZATION_ASSIGNMENT(#17783,#17792,(#17757,#8483,
#11803,#15938,#16459,#17043,#17684));
#6=CIRCLE('',#5,2.5E-1);
#15=CIRCLE('',#14,2.5E-1);
#79=B_SPLINE_CURVE_WITH_KNOTS('',3,(#72,#73,#74,#75,#76,#77,#78),.UNSPECIFIED.,
.F.,.F.,(4,1,1,1,4),(0.E0,2.5E-1,5.E-1,7.5E-1,1.E0),.UNSPECIFIED.);
#91=B_SPLINE_CURVE_WITH_KNOTS('',3,(#84,#85,#86,#87,#88,#89,#90),.UNSPECIFIED.,
.F.,.F.,(4,1,1,1,4),(0.E0,2.5E-1,5.E-1,7.5E-1,1.E0),.UNSPECIFIED.);
#120=CIRCLE('',#119,8.75E-1);
#125=CIRCLE('',#124,8.75E-1);
#130=CIRCLE('',#129,8.75E-1);
#135=CIRCLE('',#134,8.75E-1);
#144=CIRCLE('',#143,7.5E-1);
#153=CIRCLE('',#152,7.5E-1);
#158=CIRCLE('',#157,2.5E-1);
#179=CIRCLE('',#178,2.5E-1);
#196=CIRCLE('',#195,2.5E-1);
#217=CIRCLE('',#216,2.5E-1);
#230=CIRCLE('',#229,2.5E-1);
#259=CIRCLE('',#258,2.5E-1);
#272=CIRCLE('',#271,2.5E-1);
#293=CIRCLE('',#292,2.5E-1);
#310=CIRCLE('',#309,2.5E-1);
#331=CIRCLE('',#330,2.5E-1);
#348=CIRCLE('',#347,2.5E-1);
#369=CIRCLE('',#368,2.5E-1);
#386=CIRCLE('',#385,2.5E-1);
#403=CIRCLE('',#402,2.5E-1);
#424=CIRCLE('',#423,2.5E-1);
#441=CIRCLE('',#440,2.5E-1);
#462=CIRCLE('',#461,2.5E-1);
#479=CIRCLE('',#478,2.5E-1);
#500=CIRCLE('',#499,2.5E-1);
#513=CIRCLE('',#512,2.5E-1);
#542=CIRCLE('',#541,2.5E-1);
#555=CIRCLE('',#554,2.5E-1);
#576=CIRCLE('',#575,2.5E-1);
#593=CIRCLE('',#592,2.5E-1);
#658=CIRCLE('',#657,1.E0);
#667=CIRCLE('',#666,1.E0);
#672=CIRCLE('',#671,2.5E-1);
#681=CIRCLE('',#680,2.5E-1);
#718=CIRCLE('',#717,2.5E-1);
#739=CIRCLE('',#738,2.5E-1);
#756=CIRCLE('',#755,2.5E-1);
#777=CIRCLE('',#776,2.5E-1);
#794=CIRCLE('',#793,2.5E-1);
#815=CIRCLE('',#814,2.5E-1);
#828=CIRCLE('',#827,2.5E-1);
#857=CIRCLE('',#856,2.5E-1);
#870=CIRCLE('',#869,2.5E-1);
#891=CIRCLE('',#890,2.5E-1);
#908=CIRCLE('',#907,2.5E-1);
#929=CIRCLE('',#928,2.5E-1);
#946=CIRCLE('',#945,2.5E-1);
#963=CIRCLE('',#962,2.5E-1);
#984=CIRCLE('',#983,2.5E-1);
#1001=CIRCLE('',#1000,2.5E-1);
#1022=CIRCLE('',#1021,2.5E-1);
#1035=CIRCLE('',#1034,2.5E-1);
#1064=CIRCLE('',#1063,2.5E-1);
#1077=CIRCLE('',#1076,2.5E-1);
#1098=CIRCLE('',#1097,2.5E-1);
#1115=CIRCLE('',#1114,2.5E-1);
#1136=CIRCLE('',#1135,2.5E-1);
#1153=CIRCLE('',#1152,2.5E-1);
#1210=CIRCLE('',#1209,1.E0);
#1219=CIRCLE('',#1218,1.E0);
#1224=CIRCLE('',#1223,2.5E-1);
#1233=CIRCLE('',#1232,2.5E-1);
#1254=CIRCLE('',#1253,2.5E-1);
#1267=CIRCLE('',#1266,2.5E-1);
#1280=CIRCLE('',#1279,5.E-1);
#1289=CIRCLE('',#1288,5.E-1);
#1366=CIRCLE('',#1365,1.E0);
#1375=CIRCLE('',#1374,1.E0);
#1380=CIRCLE('',#1379,2.5E-1);
#1389=CIRCLE('',#1388,2.5E-1);
#1410=CIRCLE('',#1409,2.5E-1);
#1423=CIRCLE('',#1422,2.5E-1);
#1436=CIRCLE('',#1435,5.E-1);
#1445=CIRCLE('',#1444,5.E-1);
#1518=CIRCLE('',#1517,2.5E-1);
#1527=CIRCLE('',#1526,2.5E-1);
#1540=B_SPLINE_CURVE_WITH_KNOTS('',3,(#1532,#1533,#1534,#1535,#1536,#1537,#1538,
#1539),.UNSPECIFIED.,.F.,.F.,(4,1,1,1,1,4),(0.E0,2.E-1,4.E-1,6.E-1,8.E-1,1.E0),
.UNSPECIFIED.);
#1553=B_SPLINE_CURVE_WITH_KNOTS('',3,(#1545,#1546,#1547,#1548,#1549,#1550,#1551,
#1552),.UNSPECIFIED.,.F.,.F.,(4,1,1,1,1,4),(0.E0,2.E-1,4.E-1,6.E-1,8.E-1,1.E0),
.UNSPECIFIED.);
#1582=CIRCLE('',#1581,2.5E-1);
#1615=CIRCLE('',#1614,2.5E-1);
#1648=CIRCLE('',#1647,8.75E-1);
#1653=CIRCLE('',#1652,8.75E-1);
#1658=CIRCLE('',#1657,8.75E-1);
#1663=CIRCLE('',#1662,8.75E-1);
#1688=CIRCLE('',#1687,2.5E-1);
#1697=CIRCLE('',#1696,2.5E-1);
#1710=CIRCLE('',#1709,7.5E-1);
#1719=CIRCLE('',#1718,7.5E-1);
#1800=CIRCLE('',#1799,1.E0);
#1809=CIRCLE('',#1808,1.E0);
#1814=CIRCLE('',#1813,2.5E-1);
#1823=CIRCLE('',#1822,2.5E-1);
#1844=CIRCLE('',#1843,2.5E-1);
#1857=CIRCLE('',#1856,2.5E-1);
#1870=CIRCLE('',#1869,5.E-1);
#1879=CIRCLE('',#1878,5.E-1);
#1960=CIRCLE('',#1959,1.E0);
#1969=CIRCLE('',#1968,1.E0);
#1974=CIRCLE('',#1973,2.5E-1);
#1987=CIRCLE('',#1986,2.5E-1);
#2060=CIRCLE('',#2059,1.E0);
#2069=CIRCLE('',#2068,1.E0);
#2074=CIRCLE('',#2073,2.5E-1);
#2083=CIRCLE('',#2082,2.5E-1);
#2116=CIRCLE('',#2115,5.E-1);
#2125=CIRCLE('',#2124,5.E-1);
#2130=CIRCLE('',#2129,2.5E-1);
#2143=CIRCLE('',#2142,2.5E-1);
#2184=CIRCLE('',#2183,5.E-1);
#2193=CIRCLE('',#2192,5.E-1);
#2198=CIRCLE('',#2197,2.5E-1);
#2207=CIRCLE('',#2206,2.5E-1);
#2248=CIRCLE('',#2247,1.E0);
#2257=CIRCLE('',#2256,1.E0);
#2262=CIRCLE('',#2261,2.5E-1);
#2275=CIRCLE('',#2274,2.5E-1);
#2300=CIRCLE('',#2299,2.5E-1);
#2309=CIRCLE('',#2308,2.5E-1);
#2326=CIRCLE('',#2325,5.E-1);
#2335=CIRCLE('',#2334,5.E-1);
#2359=B_SPLINE_CURVE_WITH_KNOTS('',3,(#2352,#2353,#2354,#2355,#2356,#2357,
#2358),.UNSPECIFIED.,.F.,.F.,(4,1,1,1,4),(0.E0,2.5E-1,5.E-1,7.5E-1,1.E0),
.UNSPECIFIED.);
#2371=B_SPLINE_CURVE_WITH_KNOTS('',3,(#2364,#2365,#2366,#2367,#2368,#2369,
#2370),.UNSPECIFIED.,.F.,.F.,(4,1,1,1,4),(0.E0,2.5E-1,5.E-1,7.5E-1,1.E0),
.UNSPECIFIED.);
#2387=B_SPLINE_CURVE_WITH_KNOTS('',3,(#2380,#2381,#2382,#2383,#2384,#2385,
#2386),.UNSPECIFIED.,.F.,.F.,(4,1,1,1,4),(0.E0,2.5E-1,5.E-1,7.5E-1,1.E0),
.UNSPECIFIED.);
#2399=B_SPLINE_CURVE_WITH_KNOTS('',3,(#2392,#2393,#2394,#2395,#2396,#2397,
#2398),.UNSPECIFIED.,.F.,.F.,(4,1,1,1,4),(0.E0,2.5E-1,5.E-1,7.5E-1,1.E0),
.UNSPECIFIED.);
#2412=CIRCLE('',#2411,2.5E-1);
#2421=CIRCLE('',#2420,2.5E-1);
#2454=CIRCLE('',#2453,2.5E-1);
#2487=CIRCLE('',#2486,2.5E-1);
#2600=CIRCLE('',#2599,1.E0);
#2609=CIRCLE('',#2608,1.E0);
#2614=CIRCLE('',#2613,2.5E-1);
#2627=CIRCLE('',#2626,2.5E-1);
#2652=CIRCLE('',#2651,2.5E-1);
#2661=CIRCLE('',#2660,2.5E-1);
#2678=CIRCLE('',#2677,5.E-1);
#2687=CIRCLE('',#2686,5.E-1);
#2732=CIRCLE('',#2731,1.E0);
#2741=CIRCLE('',#2740,1.E0);
#2746=CIRCLE('',#2745,2.5E-1);
#2759=CIRCLE('',#2758,2.5E-1);
#2784=CIRCLE('',#2783,2.5E-1);
#2793=CIRCLE('',#2792,2.5E-1);
#2810=CIRCLE('',#2809,5.E-1);
#2819=CIRCLE('',#2818,5.E-1);
#2856=CIRCLE('',#2855,1.E0);
#2865=CIRCLE('',#2864,1.E0);
#2870=CIRCLE('',#2869,2.5E-1);
#2883=CIRCLE('',#2882,2.5E-1);
#2916=CIRCLE('',#2915,5.E-1);
#2925=CIRCLE('',#2924,5.E-1);
#2930=CIRCLE('',#2929,2.5E-1);
#2939=CIRCLE('',#2938,2.5E-1);
#2960=CIRCLE('',#2959,5.E-1);
#2969=CIRCLE('',#2968,5.E-1);
#2974=CIRCLE('',#2973,2.5E-1);
#2987=CIRCLE('',#2986,2.5E-1);
#3873=EDGE_CURVE('',#3566,#3567,#6,.T.);
#3875=EDGE_CURVE('',#3575,#3566,#10,.T.);
#3877=EDGE_CURVE('',#3574,#3575,#15,.T.);
#3879=EDGE_CURVE('',#3025,#3574,#19,.T.);
#3881=EDGE_CURVE('',#3023,#3025,#23,.T.);
#3883=EDGE_CURVE('',#3022,#3023,#27,.T.);
#3885=EDGE_CURVE('',#3022,#3293,#31,.T.);
#3887=EDGE_CURVE('',#3303,#3293,#99,.T.);
#3889=EDGE_CURVE('',#3303,#3031,#63,.T.);
#3891=EDGE_CURVE('',#3029,#3031,#35,.T.);
#3893=EDGE_CURVE('',#3028,#3029,#39,.T.);
#3895=EDGE_CURVE('',#3567,#3028,#43,.T.);
#3906=EDGE_CURVE('',#3569,#3567,#47,.T.);
#3908=EDGE_CURVE('',#3569,#3571,#1582,.T.);
#3910=EDGE_CURVE('',#3571,#3566,#1573,.T.);
#3922=EDGE_CURVE('',#3028,#3040,#51,.T.);
#3924=EDGE_CURVE('',#3569,#3040,#1586,.T.);
#3935=EDGE_CURVE('',#3029,#3041,#55,.T.);
#3937=EDGE_CURVE('',#3040,#3041,#1590,.T.);
#3949=EDGE_CURVE('',#3031,#3043,#59,.T.);
#3951=EDGE_CURVE('',#3041,#3043,#1594,.T.);
#3963=EDGE_CURVE('',#3303,#3307,#67,.T.);
#3965=EDGE_CURVE('',#3307,#3043,#71,.T.);
#4008=EDGE_CURVE('',#3197,#3303,#79,.T.);
#4010=EDGE_CURVE('',#3197,#3201,#83,.T.);
#4012=EDGE_CURVE('',#3201,#3307,#91,.T.);
#4023=EDGE_CURVE('',#3091,#3197,#95,.T.);
#4027=EDGE_CURVE('',#3293,#3091,#1540,.T.);
#4038=EDGE_CURVE('',#3091,#3089,#148,.T.);
#4040=EDGE_CURVE('',#3199,#3089,#2375,.T.);
#4042=EDGE_CURVE('',#3197,#3199,#1714,.T.);
#4046=EDGE_CURVE('',#3006,#3007,#103,.T.);
#4048=EDGE_CURVE('',#3011,#3006,#107,.T.);
#4050=EDGE_CURVE('',#3009,#3011,#111,.T.);
#4052=EDGE_CURVE('',#3007,#3009,#115,.T.);
#4056=EDGE_CURVE('',#3854,#3855,#120,.T.);
#4058=EDGE_CURVE('',#3855,#3854,#125,.T.);
#4062=EDGE_CURVE('',#3862,#3863,#130,.T.);
#4064=EDGE_CURVE('',#3863,#3862,#135,.T.);
#4074=EDGE_CURVE('',#3087,#3070,#139,.T.);
#4076=EDGE_CURVE('',#3070,#3089,#144,.T.);
#4079=EDGE_CURVE('',#3087,#3091,#153,.T.);
#4089=EDGE_CURVE('',#3473,#3475,#158,.T.);
#4091=EDGE_CURVE('',#3473,#3238,#162,.T.);
#4093=EDGE_CURVE('',#3327,#3238,#166,.T.);
#4095=EDGE_CURVE('',#3327,#3325,#1214,.T.);
#4097=EDGE_CURVE('',#3325,#3230,#170,.T.);
#4099=EDGE_CURVE('',#3230,#3479,#174,.T.);
#4101=EDGE_CURVE('',#3478,#3479,#179,.T.);
#4103=EDGE_CURVE('',#3077,#3478,#183,.T.);
#4105=EDGE_CURVE('',#3076,#3077,#187,.T.);
#4107=EDGE_CURVE('',#3627,#3076,#191,.T.);
#4109=EDGE_CURVE('',#3625,#3627,#196,.T.);
#4111=EDGE_CURVE('',#3625,#3222,#200,.T.);
#4113=EDGE_CURVE('',#3311,#3222,#204,.T.);
#4115=EDGE_CURVE('',#3311,#3309,#1370,.T.);
#4117=EDGE_CURVE('',#3309,#3214,#208,.T.);
#4119=EDGE_CURVE('',#3214,#3615,#212,.T.);
#4121=EDGE_CURVE('',#3614,#3615,#217,.T.);
#4123=EDGE_CURVE('',#3130,#3614,#221,.T.);
#4125=EDGE_CURVE('',#3607,#3130,#225,.T.);
#4127=EDGE_CURVE('',#3606,#3607,#230,.T.);
#4129=EDGE_CURVE('',#3073,#3606,#234,.T.);
#4131=EDGE_CURVE('',#3071,#3073,#238,.T.);
#4133=EDGE_CURVE('',#3070,#3071,#242,.T.);
#4136=EDGE_CURVE('',#3085,#3087,#246,.T.);
#4138=EDGE_CURVE('',#3084,#3085,#250,.T.);
#4140=EDGE_CURVE('',#3783,#3084,#254,.T.);
#4142=EDGE_CURVE('',#3782,#3783,#259,.T.);
#4144=EDGE_CURVE('',#3118,#3782,#263,.T.);
#4146=EDGE_CURVE('',#3555,#3118,#267,.T.);
#4148=EDGE_CURVE('',#3553,#3555,#272,.T.);
#4150=EDGE_CURVE('',#3553,#3286,#276,.T.);
#4152=EDGE_CURVE('',#3391,#3286,#280,.T.);
#4154=EDGE_CURVE('',#3389,#3391,#1804,.T.);
#4156=EDGE_CURVE('',#3389,#3278,#284,.T.);
#4158=EDGE_CURVE('',#3278,#3775,#288,.T.);
#4160=EDGE_CURVE('',#3774,#3775,#293,.T.);
#4162=EDGE_CURVE('',#3081,#3774,#297,.T.);
#4164=EDGE_CURVE('',#3080,#3081,#301,.T.);
#4166=EDGE_CURVE('',#3531,#3080,#305,.T.);
#4168=EDGE_CURVE('',#3529,#3531,#310,.T.);
#4170=EDGE_CURVE('',#3529,#3270,#314,.T.);
#4172=EDGE_CURVE('',#3403,#3270,#318,.T.);
#4174=EDGE_CURVE('',#3401,#3403,#2064,.T.);
#4176=EDGE_CURVE('',#3401,#3262,#322,.T.);
#4178=EDGE_CURVE('',#3262,#3535,#326,.T.);
#4180=EDGE_CURVE('',#3534,#3535,#331,.T.);
#4182=EDGE_CURVE('',#3122,#3534,#335,.T.);
#4184=EDGE_CURVE('',#3205,#3122,#339,.T.);
#4186=EDGE_CURVE('',#3515,#3205,#343,.T.);
#4188=EDGE_CURVE('',#3513,#3515,#348,.T.);
#4190=EDGE_CURVE('',#3513,#3254,#352,.T.);
#4192=EDGE_CURVE('',#3459,#3254,#356,.T.);
#4194=EDGE_CURVE('',#3457,#3459,#662,.T.);
#4196=EDGE_CURVE('',#3457,#3246,#360,.T.);
#4198=EDGE_CURVE('',#3246,#3487,#364,.T.);
#4200=EDGE_CURVE('',#3486,#3487,#369,.T.);
#4202=EDGE_CURVE('',#3207,#3486,#373,.T.);
#4204=EDGE_CURVE('',#3126,#3207,#377,.T.);
#4206=EDGE_CURVE('',#3475,#3126,#381,.T.);
#4216=EDGE_CURVE('',#3470,#3471,#386,.T.);
#4218=EDGE_CURVE('',#3473,#3471,#1189,.T.);
#4221=EDGE_CURVE('',#3475,#3470,#613,.T.);
#4232=EDGE_CURVE('',#3470,#3127,#390,.T.);
#4234=EDGE_CURVE('',#3127,#3211,#394,.T.);
#4236=EDGE_CURVE('',#3211,#3491,#398,.T.);
#4238=EDGE_CURVE('',#3489,#3491,#403,.T.);
#4240=EDGE_CURVE('',#3247,#3489,#407,.T.);
#4242=EDGE_CURVE('',#3461,#3247,#411,.T.);
#4244=EDGE_CURVE('',#3461,#3463,#2964,.T.);
#4246=EDGE_CURVE('',#3463,#3255,#415,.T.);
#4248=EDGE_CURVE('',#3511,#3255,#419,.T.);
#4250=EDGE_CURVE('',#3510,#3511,#424,.T.);
#4252=EDGE_CURVE('',#3510,#3209,#428,.T.);
#4254=EDGE_CURVE('',#3209,#3123,#432,.T.);
#4256=EDGE_CURVE('',#3123,#3539,#436,.T.);
#4258=EDGE_CURVE('',#3537,#3539,#441,.T.);
#4260=EDGE_CURVE('',#3263,#3537,#445,.T.);
#4262=EDGE_CURVE('',#3405,#3263,#449,.T.);
#4264=EDGE_CURVE('',#3405,#3407,#2120,.T.);
#4266=EDGE_CURVE('',#3407,#3271,#453,.T.);
#4268=EDGE_CURVE('',#3527,#3271,#457,.T.);
#4270=EDGE_CURVE('',#3526,#3527,#462,.T.);
#4272=EDGE_CURVE('',#3526,#3104,#466,.T.);
#4274=EDGE_CURVE('',#3104,#3105,#470,.T.);
#4276=EDGE_CURVE('',#3105,#3779,#474,.T.);
#4278=EDGE_CURVE('',#3777,#3779,#479,.T.);
#4280=EDGE_CURVE('',#3279,#3777,#483,.T.);
#4282=EDGE_CURVE('',#3393,#3279,#487,.T.);
#4284=EDGE_CURVE('',#3393,#3395,#1874,.T.);
#4286=EDGE_CURVE('',#3395,#3287,#491,.T.);
#4288=EDGE_CURVE('',#3551,#3287,#495,.T.);
#4290=EDGE_CURVE('',#3550,#3551,#500,.T.);
#4292=EDGE_CURVE('',#3550,#3119,#504,.T.);
#4294=EDGE_CURVE('',#3119,#3787,#508,.T.);
#4296=EDGE_CURVE('',#3785,#3787,#513,.T.);
#4298=EDGE_CURVE('',#3785,#3108,#517,.T.);
#4300=EDGE_CURVE('',#3108,#3109,#521,.T.);
#4302=EDGE_CURVE('',#3109,#3111,#525,.T.);
#4304=EDGE_CURVE('',#3111,#3094,#1513,.T.);
#4306=EDGE_CURVE('',#3094,#3095,#529,.T.);
#4308=EDGE_CURVE('',#3095,#3097,#533,.T.);
#4310=EDGE_CURVE('',#3097,#3611,#537,.T.);
#4312=EDGE_CURVE('',#3609,#3611,#542,.T.);
#4314=EDGE_CURVE('',#3609,#3131,#546,.T.);
#4316=EDGE_CURVE('',#3131,#3619,#550,.T.);
#4318=EDGE_CURVE('',#3617,#3619,#555,.T.);
#4320=EDGE_CURVE('',#3215,#3617,#559,.T.);
#4322=EDGE_CURVE('',#3313,#3215,#563,.T.);
#4324=EDGE_CURVE('',#3315,#3313,#1440,.T.);
#4326=EDGE_CURVE('',#3315,#3223,#567,.T.);
#4328=EDGE_CURVE('',#3623,#3223,#571,.T.);
#4330=EDGE_CURVE('',#3622,#3623,#576,.T.);
#4332=EDGE_CURVE('',#3622,#3100,#580,.T.);
#4334=EDGE_CURVE('',#3100,#3101,#584,.T.);
#4336=EDGE_CURVE('',#3101,#3483,#588,.T.);
#4338=EDGE_CURVE('',#3481,#3483,#593,.T.);
#4340=EDGE_CURVE('',#3231,#3481,#597,.T.);
#4342=EDGE_CURVE('',#3329,#3231,#601,.T.);
#4344=EDGE_CURVE('',#3331,#3329,#1284,.T.);
#4346=EDGE_CURVE('',#3331,#3239,#605,.T.);
#4348=EDGE_CURVE('',#3471,#3239,#609,.T.);
#4360=EDGE_CURVE('',#3126,#3127,#617,.T.);
#4371=EDGE_CURVE('',#3207,#3211,#621,.T.);
#4384=EDGE_CURVE('',#3491,#3486,#625,.T.);
#4398=EDGE_CURVE('',#3489,#3487,#629,.T.);
#4412=EDGE_CURVE('',#3246,#3247,#633,.T.);
#4423=EDGE_CURVE('',#3497,#3495,#637,.T.);
#4425=EDGE_CURVE('',#3250,#3495,#1169,.T.);
#4427=EDGE_CURVE('',#3250,#3251,#641,.T.);
#4429=EDGE_CURVE('',#3251,#3497,#722,.T.);
#4439=EDGE_CURVE('',#3457,#3461,#645,.T.);
#4452=EDGE_CURVE('',#3465,#3457,#658,.T.);
#4454=EDGE_CURVE('',#3465,#3467,#649,.T.);
#4456=EDGE_CURVE('',#3467,#3461,#2969,.T.);
#4467=EDGE_CURVE('',#3465,#3454,#653,.T.);
#4471=EDGE_CURVE('',#3454,#3459,#667,.T.);
#4481=EDGE_CURVE('',#3678,#3679,#672,.T.);
#4483=EDGE_CURVE('',#3678,#3687,#676,.T.);
#4485=EDGE_CURVE('',#3686,#3687,#681,.T.);
#4487=EDGE_CURVE('',#3686,#3465,#685,.T.);
#4490=EDGE_CURVE('',#3454,#3679,#689,.T.);
#4501=EDGE_CURVE('',#3681,#3679,#693,.T.);
#4503=EDGE_CURVE('',#3681,#3683,#2974,.T.);
#4505=EDGE_CURVE('',#3683,#3678,#2999,.T.);
#4517=EDGE_CURVE('',#3454,#3455,#697,.T.);
#4519=EDGE_CURVE('',#3455,#3681,#2978,.T.);
#4530=EDGE_CURVE('',#3459,#3463,#701,.T.);
#4532=EDGE_CURVE('',#3455,#3463,#2960,.T.);
#4545=EDGE_CURVE('',#3254,#3255,#705,.T.);
#4556=EDGE_CURVE('',#3505,#3503,#709,.T.);
#4558=EDGE_CURVE('',#3503,#3259,#734,.T.);
#4560=EDGE_CURVE('',#3258,#3259,#2843,.T.);
#4562=EDGE_CURVE('',#3505,#3258,#1157,.T.);
#4572=EDGE_CURVE('',#3513,#3511,#713,.T.);
#4585=EDGE_CURVE('',#3502,#3503,#739,.T.);
#4588=EDGE_CURVE('',#3505,#3507,#1153,.T.);
#4590=EDGE_CURVE('',#3507,#3502,#2175,.T.);
#4600=EDGE_CURVE('',#3497,#3499,#718,.T.);
#4603=EDGE_CURVE('',#3437,#3251,#726,.T.);
#4605=EDGE_CURVE('',#3437,#3439,#2860,.T.);
#4607=EDGE_CURVE('',#3439,#3259,#730,.T.);
#4611=EDGE_CURVE('',#3502,#3148,#743,.T.);
#4613=EDGE_CURVE('',#3148,#3149,#747,.T.);
#4615=EDGE_CURVE('',#3149,#3547,#751,.T.);
#4617=EDGE_CURVE('',#3545,#3547,#756,.T.);
#4619=EDGE_CURVE('',#3267,#3545,#760,.T.);
#4621=EDGE_CURVE('',#3425,#3267,#764,.T.);
#4623=EDGE_CURVE('',#3425,#3427,#1964,.T.);
#4625=EDGE_CURVE('',#3427,#3275,#768,.T.);
#4627=EDGE_CURVE('',#3519,#3275,#772,.T.);
#4629=EDGE_CURVE('',#3518,#3519,#777,.T.);
#4631=EDGE_CURVE('',#3518,#3152,#781,.T.);
#4633=EDGE_CURVE('',#3152,#3153,#785,.T.);
#4635=EDGE_CURVE('',#3153,#3771,#789,.T.);
#4637=EDGE_CURVE('',#3769,#3771,#794,.T.);
#4639=EDGE_CURVE('',#3283,#3769,#798,.T.);
#4641=EDGE_CURVE('',#3413,#3283,#802,.T.);
#4643=EDGE_CURVE('',#3413,#3415,#2252,.T.);
#4645=EDGE_CURVE('',#3415,#3291,#806,.T.);
#4647=EDGE_CURVE('',#3759,#3291,#810,.T.);
#4649=EDGE_CURVE('',#3758,#3759,#815,.T.);
#4651=EDGE_CURVE('',#3758,#3190,#819,.T.);
#4653=EDGE_CURVE('',#3190,#3559,#823,.T.);
#4655=EDGE_CURVE('',#3558,#3559,#828,.T.);
#4657=EDGE_CURVE('',#3558,#3156,#832,.T.);
#4659=EDGE_CURVE('',#3156,#3157,#836,.T.);
#4661=EDGE_CURVE('',#3157,#3159,#840,.T.);
#4663=EDGE_CURVE('',#3159,#3134,#1705,.T.);
#4665=EDGE_CURVE('',#3134,#3135,#844,.T.);
#4667=EDGE_CURVE('',#3135,#3137,#848,.T.);
#4669=EDGE_CURVE('',#3137,#3599,#852,.T.);
#4671=EDGE_CURVE('',#3598,#3599,#857,.T.);
#4673=EDGE_CURVE('',#3598,#3194,#861,.T.);
#4675=EDGE_CURVE('',#3194,#3643,#865,.T.);
#4677=EDGE_CURVE('',#3641,#3643,#870,.T.);
#4679=EDGE_CURVE('',#3219,#3641,#874,.T.);
#4681=EDGE_CURVE('',#3349,#3219,#878,.T.);
#4683=EDGE_CURVE('',#3351,#3349,#2604,.T.);
#4685=EDGE_CURVE('',#3351,#3227,#882,.T.);
#4687=EDGE_CURVE('',#3631,#3227,#886,.T.);
#4689=EDGE_CURVE('',#3630,#3631,#891,.T.);
#4691=EDGE_CURVE('',#3630,#3140,#895,.T.);
#4693=EDGE_CURVE('',#3140,#3141,#899,.T.);
#4695=EDGE_CURVE('',#3141,#3651,#903,.T.);
#4697=EDGE_CURVE('',#3649,#3651,#908,.T.);
#4699=EDGE_CURVE('',#3235,#3649,#912,.T.);
#4701=EDGE_CURVE('',#3361,#3235,#916,.T.);
#4703=EDGE_CURVE('',#3363,#3361,#2736,.T.);
#4705=EDGE_CURVE('',#3363,#3243,#920,.T.);
#4707=EDGE_CURVE('',#3655,#3243,#924,.T.);
#4709=EDGE_CURVE('',#3654,#3655,#929,.T.);
#4711=EDGE_CURVE('',#3654,#3144,#933,.T.);
#4713=EDGE_CURVE('',#3144,#3145,#937,.T.);
#4715=EDGE_CURVE('',#3145,#3499,#941,.T.);
#4725=EDGE_CURVE('',#3494,#3495,#946,.T.);
#4729=EDGE_CURVE('',#3499,#3494,#1173,.T.);
#4740=EDGE_CURVE('',#3173,#3494,#950,.T.);
#4742=EDGE_CURVE('',#3172,#3173,#954,.T.);
#4744=EDGE_CURVE('',#3659,#3172,#958,.T.);
#4746=EDGE_CURVE('',#3657,#3659,#963,.T.);
#4748=EDGE_CURVE('',#3657,#3242,#967,.T.);
#4750=EDGE_CURVE('',#3367,#3242,#971,.T.);
#4752=EDGE_CURVE('',#3367,#3365,#2814,.T.);
#4754=EDGE_CURVE('',#3365,#3234,#975,.T.);
#4756=EDGE_CURVE('',#3234,#3647,#979,.T.);
#4758=EDGE_CURVE('',#3646,#3647,#984,.T.);
#4760=EDGE_CURVE('',#3169,#3646,#988,.T.);
#4762=EDGE_CURVE('',#3168,#3169,#992,.T.);
#4764=EDGE_CURVE('',#3635,#3168,#996,.T.);
#4766=EDGE_CURVE('',#3633,#3635,#1001,.T.);
#4768=EDGE_CURVE('',#3633,#3226,#1005,.T.);
#4770=EDGE_CURVE('',#3355,#3226,#1009,.T.);
#4772=EDGE_CURVE('',#3355,#3353,#2682,.T.);
#4774=EDGE_CURVE('',#3353,#3218,#1013,.T.);
#4776=EDGE_CURVE('',#3218,#3639,#1017,.T.);
#4778=EDGE_CURVE('',#3638,#3639,#1022,.T.);
#4780=EDGE_CURVE('',#3195,#3638,#1026,.T.);
#4782=EDGE_CURVE('',#3603,#3195,#1030,.T.);
#4784=EDGE_CURVE('',#3601,#3603,#1035,.T.);
#4786=EDGE_CURVE('',#3165,#3601,#1039,.T.);
#4788=EDGE_CURVE('',#3163,#3165,#1043,.T.);
#4790=EDGE_CURVE('',#3162,#3163,#1047,.T.);
#4792=EDGE_CURVE('',#3187,#3162,#1683,.T.);
#4794=EDGE_CURVE('',#3185,#3187,#1051,.T.);
#4796=EDGE_CURVE('',#3184,#3185,#1055,.T.);
#4798=EDGE_CURVE('',#3563,#3184,#1059,.T.);
#4800=EDGE_CURVE('',#3561,#3563,#1064,.T.);
#4802=EDGE_CURVE('',#3191,#3561,#1068,.T.);
#4804=EDGE_CURVE('',#3763,#3191,#1072,.T.);
#4806=EDGE_CURVE('',#3761,#3763,#1077,.T.);
#4808=EDGE_CURVE('',#3761,#3290,#1081,.T.);
#4810=EDGE_CURVE('',#3419,#3290,#1085,.T.);
#4812=EDGE_CURVE('',#3417,#3419,#2330,.T.);
#4814=EDGE_CURVE('',#3417,#3282,#1089,.T.);
#4816=EDGE_CURVE('',#3282,#3767,#1093,.T.);
#4818=EDGE_CURVE('',#3766,#3767,#1098,.T.);
#4820=EDGE_CURVE('',#3181,#3766,#1102,.T.);
#4822=EDGE_CURVE('',#3180,#3181,#1106,.T.);
#4824=EDGE_CURVE('',#3523,#3180,#1110,.T.);
#4826=EDGE_CURVE('',#3521,#3523,#1115,.T.);
#4828=EDGE_CURVE('',#3521,#3274,#1119,.T.);
#4830=EDGE_CURVE('',#3431,#3274,#1123,.T.);
#4832=EDGE_CURVE('',#3429,#3431,#2188,.T.);
#4834=EDGE_CURVE('',#3429,#3266,#1127,.T.);
#4836=EDGE_CURVE('',#3266,#3543,#1131,.T.);
#4838=EDGE_CURVE('',#3542,#3543,#1136,.T.);
#4840=EDGE_CURVE('',#3177,#3542,#1140,.T.);
#4842=EDGE_CURVE('',#3176,#3177,#1144,.T.);
#4844=EDGE_CURVE('',#3507,#3176,#1148,.T.);
#4848=EDGE_CURVE('',#3443,#3258,#1161,.T.);
#4850=EDGE_CURVE('',#3441,#3443,#2920,.T.);
#4852=EDGE_CURVE('',#3441,#3250,#1165,.T.);
#4865=EDGE_CURVE('',#3145,#3173,#1177,.T.);
#4877=EDGE_CURVE('',#3144,#3172,#1181,.T.);
#4889=EDGE_CURVE('',#3659,#3654,#1185,.T.);
#4903=EDGE_CURVE('',#3657,#3655,#1193,.T.);
#4917=EDGE_CURVE('',#3238,#3239,#1197,.T.);
#4930=EDGE_CURVE('',#3242,#3243,#2835,.T.);
#4941=EDGE_CURVE('',#3327,#3331,#1201,.T.);
#4954=EDGE_CURVE('',#3334,#3327,#1219,.T.);
#4957=EDGE_CURVE('',#3338,#3331,#1280,.T.);
#4959=EDGE_CURVE('',#3334,#3338,#1249,.T.);
#4969=EDGE_CURVE('',#3334,#3335,#1205,.T.);
#4971=EDGE_CURVE('',#3335,#3325,#1210,.T.);
#4983=EDGE_CURVE('',#3710,#3711,#1224,.T.);
#4985=EDGE_CURVE('',#3719,#3710,#1228,.T.);
#4987=EDGE_CURVE('',#3718,#3719,#1233,.T.);
#4989=EDGE_CURVE('',#3335,#3718,#1237,.T.);
#4992=EDGE_CURVE('',#3711,#3334,#1241,.T.);
#5003=EDGE_CURVE('',#3713,#3711,#1245,.T.);
#5005=EDGE_CURVE('',#3713,#3715,#1254,.T.);
#5007=EDGE_CURVE('',#3715,#3710,#1301,.T.);
#5020=EDGE_CURVE('',#3713,#3338,#1258,.T.);
#5032=EDGE_CURVE('',#3338,#3339,#1275,.T.);
#5034=EDGE_CURVE('',#3339,#3723,#1262,.T.);
#5036=EDGE_CURVE('',#3721,#3723,#1267,.T.);
#5038=EDGE_CURVE('',#3721,#3715,#1271,.T.);
#5051=EDGE_CURVE('',#3339,#3329,#1289,.T.);
#5062=EDGE_CURVE('',#3335,#3339,#1293,.T.);
#5065=EDGE_CURVE('',#3325,#3329,#1309,.T.);
#5075=EDGE_CURVE('',#3723,#3718,#1297,.T.);
#5089=EDGE_CURVE('',#3721,#3719,#1305,.T.);
#5115=EDGE_CURVE('',#3230,#3231,#1317,.T.);
#5126=EDGE_CURVE('',#3481,#3479,#1313,.T.);
#5139=EDGE_CURVE('',#3649,#3647,#1321,.T.);
#5142=EDGE_CURVE('',#3234,#3235,#1325,.T.);
#5156=EDGE_CURVE('',#3483,#3478,#1329,.T.);
#5168=EDGE_CURVE('',#3077,#3101,#1333,.T.);
#5182=EDGE_CURVE('',#3076,#3100,#1341,.T.);
#5192=EDGE_CURVE('',#3627,#3622,#1337,.T.);
#5206=EDGE_CURVE('',#3625,#3623,#1345,.T.);
#5220=EDGE_CURVE('',#3222,#3223,#1353,.T.);
#5231=EDGE_CURVE('',#3633,#3631,#1349,.T.);
#5234=EDGE_CURVE('',#3226,#3227,#2703,.T.);
#5245=EDGE_CURVE('',#3311,#3315,#1357,.T.);
#5258=EDGE_CURVE('',#3318,#3311,#1375,.T.);
#5261=EDGE_CURVE('',#3322,#3315,#1436,.T.);
#5263=EDGE_CURVE('',#3318,#3322,#1405,.T.);
#5273=EDGE_CURVE('',#3318,#3319,#1361,.T.);
#5275=EDGE_CURVE('',#3319,#3309,#1366,.T.);
#5287=EDGE_CURVE('',#3742,#3743,#1380,.T.);
#5289=EDGE_CURVE('',#3751,#3742,#1384,.T.);
#5291=EDGE_CURVE('',#3750,#3751,#1389,.T.);
#5293=EDGE_CURVE('',#3319,#3750,#1393,.T.);
#5296=EDGE_CURVE('',#3743,#3318,#1397,.T.);
#5307=EDGE_CURVE('',#3745,#3743,#1401,.T.);
#5309=EDGE_CURVE('',#3745,#3747,#1410,.T.);
#5311=EDGE_CURVE('',#3747,#3742,#1457,.T.);
#5324=EDGE_CURVE('',#3745,#3322,#1414,.T.);
#5336=EDGE_CURVE('',#3322,#3323,#1431,.T.);
#5338=EDGE_CURVE('',#3323,#3755,#1418,.T.);
#5340=EDGE_CURVE('',#3753,#3755,#1423,.T.);
#5342=EDGE_CURVE('',#3753,#3747,#1427,.T.);
#5355=EDGE_CURVE('',#3323,#3313,#1445,.T.);
#5366=EDGE_CURVE('',#3319,#3323,#1449,.T.);
#5369=EDGE_CURVE('',#3309,#3313,#1465,.T.);
#5379=EDGE_CURVE('',#3755,#3750,#1453,.T.);
#5393=EDGE_CURVE('',#3753,#3751,#1461,.T.);
#5419=EDGE_CURVE('',#3214,#3215,#1473,.T.);
#5430=EDGE_CURVE('',#3617,#3615,#1469,.T.);
#5443=EDGE_CURVE('',#3641,#3639,#1477,.T.);
#5446=EDGE_CURVE('',#3218,#3219,#1481,.T.);
#5460=EDGE_CURVE('',#3619,#3614,#1485,.T.);
#5472=EDGE_CURVE('',#3130,#3131,#1493,.T.);
#5483=EDGE_CURVE('',#3609,#3607,#1489,.T.);
#5499=EDGE_CURVE('',#3611,#3606,#1497,.T.);
#5511=EDGE_CURVE('',#3073,#3097,#1501,.T.);
#5525=EDGE_CURVE('',#3071,#3095,#1505,.T.);
#5538=EDGE_CURVE('',#3070,#3094,#1509,.T.);
#5550=EDGE_CURVE('',#3094,#3113,#1527,.T.);
#5552=EDGE_CURVE('',#3089,#3113,#2391,.T.);
#5563=EDGE_CURVE('',#3111,#3115,#1518,.T.);
#5565=EDGE_CURVE('',#3115,#3113,#1522,.T.);
#5577=EDGE_CURVE('',#3091,#3115,#1531,.T.);
#5580=EDGE_CURVE('',#3087,#3111,#1783,.T.);
#5627=EDGE_CURVE('',#3293,#3297,#1544,.T.);
#5629=EDGE_CURVE('',#3297,#3115,#1553,.T.);
#5641=EDGE_CURVE('',#3022,#3034,#1557,.T.);
#5643=EDGE_CURVE('',#3034,#3297,#1598,.T.);
#5655=EDGE_CURVE('',#3023,#3035,#1561,.T.);
#5657=EDGE_CURVE('',#3034,#3035,#1602,.T.);
#5669=EDGE_CURVE('',#3025,#3037,#1565,.T.);
#5671=EDGE_CURVE('',#3035,#3037,#1606,.T.);
#5682=EDGE_CURVE('',#3579,#3574,#1569,.T.);
#5684=EDGE_CURVE('',#3037,#3579,#1610,.T.);
#5697=EDGE_CURVE('',#3577,#3575,#1577,.T.);
#5699=EDGE_CURVE('',#3577,#3579,#1615,.T.);
#5711=EDGE_CURVE('',#3577,#3571,#1619,.T.);
#5728=EDGE_CURVE('',#3307,#3297,#1627,.T.);
#5744=EDGE_CURVE('',#3115,#3201,#1623,.T.);
#5758=EDGE_CURVE('',#3201,#3203,#1692,.T.);
#5760=EDGE_CURVE('',#3203,#3113,#2403,.T.);
#5765=EDGE_CURVE('',#3014,#3015,#1631,.T.);
#5767=EDGE_CURVE('',#3015,#3017,#1635,.T.);
#5769=EDGE_CURVE('',#3017,#3019,#1639,.T.);
#5771=EDGE_CURVE('',#3019,#3014,#1643,.T.);
#5775=EDGE_CURVE('',#3858,#3859,#1648,.T.);
#5777=EDGE_CURVE('',#3859,#3858,#1653,.T.);
#5781=EDGE_CURVE('',#3866,#3867,#1658,.T.);
#5783=EDGE_CURVE('',#3867,#3866,#1663,.T.);
#5794=EDGE_CURVE('',#3007,#3015,#1667,.T.);
#5797=EDGE_CURVE('',#3006,#3014,#1679,.T.);
#5808=EDGE_CURVE('',#3009,#3017,#1671,.T.);
#5821=EDGE_CURVE('',#3011,#3019,#1675,.T.);
#5846=EDGE_CURVE('',#3162,#3203,#1688,.T.);
#5849=EDGE_CURVE('',#3187,#3201,#1697,.T.);
#5859=EDGE_CURVE('',#3134,#3199,#1719,.T.);
#5861=EDGE_CURVE('',#3199,#3203,#1701,.T.);
#5864=EDGE_CURVE('',#3134,#3162,#2547,.T.);
#5875=EDGE_CURVE('',#3159,#3197,#1710,.T.);
#5888=EDGE_CURVE('',#3159,#3187,#1723,.T.);
#5901=EDGE_CURVE('',#3157,#3185,#1727,.T.);
#5914=EDGE_CURVE('',#3156,#3184,#1731,.T.);
#5926=EDGE_CURVE('',#3563,#3558,#1735,.T.);
#5940=EDGE_CURVE('',#3561,#3559,#1739,.T.);
#5954=EDGE_CURVE('',#3190,#3191,#1743,.T.);
#5965=EDGE_CURVE('',#3763,#3758,#1747,.T.);
#5979=EDGE_CURVE('',#3761,#3759,#1755,.T.);
#5991=EDGE_CURVE('',#3553,#3551,#1751,.T.);
#5994=EDGE_CURVE('',#3286,#3287,#1787,.T.);
#6007=EDGE_CURVE('',#3290,#3291,#2351,.T.);
#6021=EDGE_CURVE('',#3555,#3550,#1759,.T.);
#6033=EDGE_CURVE('',#3118,#3119,#1763,.T.);
#6044=EDGE_CURVE('',#3787,#3782,#1767,.T.);
#6058=EDGE_CURVE('',#3785,#3783,#1771,.T.);
#6072=EDGE_CURVE('',#3084,#3108,#1775,.T.);
#6084=EDGE_CURVE('',#3085,#3109,#1779,.T.);
#6108=EDGE_CURVE('',#3391,#3395,#1791,.T.);
#6121=EDGE_CURVE('',#3374,#3391,#1809,.T.);
#6124=EDGE_CURVE('',#3375,#3395,#1870,.T.);
#6126=EDGE_CURVE('',#3374,#3375,#1839,.T.);
#6136=EDGE_CURVE('',#3397,#3374,#1795,.T.);
#6138=EDGE_CURVE('',#3397,#3389,#1800,.T.);
#6150=EDGE_CURVE('',#3806,#3807,#1814,.T.);
#6152=EDGE_CURVE('',#3806,#3815,#1818,.T.);
#6154=EDGE_CURVE('',#3814,#3815,#1823,.T.);
#6156=EDGE_CURVE('',#3814,#3397,#1827,.T.);
#6159=EDGE_CURVE('',#3374,#3807,#1831,.T.);
#6170=EDGE_CURVE('',#3809,#3807,#1835,.T.);
#6172=EDGE_CURVE('',#3809,#3811,#1844,.T.);
#6174=EDGE_CURVE('',#3811,#3806,#1891,.T.);
#6187=EDGE_CURVE('',#3375,#3809,#1848,.T.);
#6199=EDGE_CURVE('',#3399,#3375,#1865,.T.);
#6201=EDGE_CURVE('',#3819,#3399,#1852,.T.);
#6203=EDGE_CURVE('',#3817,#3819,#1857,.T.);
#6205=EDGE_CURVE('',#3811,#3817,#1861,.T.);
#6218=EDGE_CURVE('',#3399,#3393,#1879,.T.);
#6229=EDGE_CURVE('',#3397,#3399,#1883,.T.);
#6232=EDGE_CURVE('',#3389,#3393,#1899,.T.);
#6242=EDGE_CURVE('',#3819,#3814,#1887,.T.);
#6256=EDGE_CURVE('',#3817,#3815,#1895,.T.);
#6282=EDGE_CURVE('',#3278,#3279,#1915,.T.);
#6293=EDGE_CURVE('',#3769,#3767,#1903,.T.);
#6296=EDGE_CURVE('',#3282,#3283,#1907,.T.);
#6307=EDGE_CURVE('',#3777,#3775,#1911,.T.);
#6323=EDGE_CURVE('',#3771,#3766,#1919,.T.);
#6335=EDGE_CURVE('',#3153,#3181,#1923,.T.);
#6347=EDGE_CURVE('',#3152,#3180,#1927,.T.);
#6359=EDGE_CURVE('',#3523,#3518,#1931,.T.);
#6373=EDGE_CURVE('',#3521,#3519,#1935,.T.);
#6387=EDGE_CURVE('',#3274,#3275,#1947,.T.);
#6398=EDGE_CURVE('',#3529,#3527,#1939,.T.);
#6401=EDGE_CURVE('',#3270,#3271,#2107,.T.);
#6412=EDGE_CURVE('',#3427,#3431,#1943,.T.);
#6425=EDGE_CURVE('',#3433,#3427,#1960,.T.);
#6427=EDGE_CURVE('',#3433,#3435,#1951,.T.);
#6429=EDGE_CURVE('',#3435,#3431,#2193,.T.);
#6440=EDGE_CURVE('',#3386,#3433,#1955,.T.);
#6444=EDGE_CURVE('',#3386,#3425,#1969,.T.);
#6454=EDGE_CURVE('',#3822,#3823,#1974,.T.);
#6456=EDGE_CURVE('',#3433,#3822,#1978,.T.);
#6459=EDGE_CURVE('',#3831,#3386,#1982,.T.);
#6461=EDGE_CURVE('',#3830,#3831,#1987,.T.);
#6463=EDGE_CURVE('',#3823,#3830,#1991,.T.);
#6474=EDGE_CURVE('',#3825,#3823,#1995,.T.);
#6476=EDGE_CURVE('',#3825,#3827,#2198,.T.);
#6478=EDGE_CURVE('',#3827,#3822,#2219,.T.);
#6490=EDGE_CURVE('',#3835,#3830,#1999,.T.);
#6492=EDGE_CURVE('',#3825,#3835,#2202,.T.);
#6503=EDGE_CURVE('',#3833,#3831,#2003,.T.);
#6505=EDGE_CURVE('',#3833,#3835,#2207,.T.);
#6518=EDGE_CURVE('',#3386,#3387,#2007,.T.);
#6520=EDGE_CURVE('',#3833,#3387,#2211,.T.);
#6531=EDGE_CURVE('',#3425,#3429,#2011,.T.);
#6533=EDGE_CURVE('',#3387,#3429,#2184,.T.);
#6546=EDGE_CURVE('',#3266,#3267,#2027,.T.);
#6557=EDGE_CURVE('',#3537,#3535,#2015,.T.);
#6560=EDGE_CURVE('',#3262,#3263,#2019,.T.);
#6571=EDGE_CURVE('',#3545,#3543,#2023,.T.);
#6587=EDGE_CURVE('',#3539,#3534,#2031,.T.);
#6599=EDGE_CURVE('',#3122,#3123,#2035,.T.);
#6610=EDGE_CURVE('',#3205,#3209,#2043,.T.);
#6623=EDGE_CURVE('',#3515,#3510,#2039,.T.);
#6648=EDGE_CURVE('',#3401,#3405,#2047,.T.);
#6661=EDGE_CURVE('',#3409,#3401,#2060,.T.);
#6663=EDGE_CURVE('',#3409,#3411,#2051,.T.);
#6665=EDGE_CURVE('',#3411,#3405,#2125,.T.);
#6676=EDGE_CURVE('',#3409,#3378,#2055,.T.);
#6680=EDGE_CURVE('',#3378,#3403,#2069,.T.);
#6690=EDGE_CURVE('',#3838,#3839,#2074,.T.);
#6692=EDGE_CURVE('',#3838,#3847,#2078,.T.);
#6694=EDGE_CURVE('',#3846,#3847,#2083,.T.);
#6696=EDGE_CURVE('',#3846,#3409,#2087,.T.);
#6699=EDGE_CURVE('',#3378,#3839,#2091,.T.);
#6710=EDGE_CURVE('',#3841,#3839,#2095,.T.);
#6712=EDGE_CURVE('',#3841,#3843,#2130,.T.);
#6714=EDGE_CURVE('',#3843,#3838,#2155,.T.);
#6726=EDGE_CURVE('',#3378,#3379,#2099,.T.);
#6728=EDGE_CURVE('',#3379,#3841,#2134,.T.);
#6739=EDGE_CURVE('',#3403,#3407,#2103,.T.);
#6741=EDGE_CURVE('',#3379,#3407,#2116,.T.);
#6764=EDGE_CURVE('',#3411,#3379,#2111,.T.);
#6780=EDGE_CURVE('',#3851,#3411,#2138,.T.);
#6782=EDGE_CURVE('',#3849,#3851,#2143,.T.);
#6784=EDGE_CURVE('',#3843,#3849,#2147,.T.);
#6794=EDGE_CURVE('',#3851,#3846,#2151,.T.);
#6808=EDGE_CURVE('',#3849,#3847,#2159,.T.);
#6835=EDGE_CURVE('',#3547,#3542,#2163,.T.);
#6847=EDGE_CURVE('',#3149,#3177,#2167,.T.);
#6859=EDGE_CURVE('',#3148,#3176,#2171,.T.);
#6883=EDGE_CURVE('',#3387,#3435,#2179,.T.);
#6901=EDGE_CURVE('',#3435,#3827,#2215,.T.);
#6926=EDGE_CURVE('',#3531,#3526,#2223,.T.);
#6938=EDGE_CURVE('',#3080,#3104,#2227,.T.);
#6950=EDGE_CURVE('',#3081,#3105,#2231,.T.);
#6962=EDGE_CURVE('',#3779,#3774,#2235,.T.);
#6987=EDGE_CURVE('',#3413,#3417,#2239,.T.);
#7000=EDGE_CURVE('',#3382,#3413,#2257,.T.);
#7003=EDGE_CURVE('',#3383,#3417,#2326,.T.);
#7005=EDGE_CURVE('',#3382,#3383,#2295,.T.);
#7015=EDGE_CURVE('',#3382,#3421,#2243,.T.);
#7017=EDGE_CURVE('',#3421,#3415,#2248,.T.);
#7029=EDGE_CURVE('',#3790,#3791,#2262,.T.);
#7031=EDGE_CURVE('',#3421,#3790,#2266,.T.);
#7034=EDGE_CURVE('',#3799,#3382,#2270,.T.);
#7036=EDGE_CURVE('',#3798,#3799,#2275,.T.);
#7038=EDGE_CURVE('',#3791,#3798,#2279,.T.);
#7049=EDGE_CURVE('',#3793,#3791,#2283,.T.);
#7051=EDGE_CURVE('',#3793,#3795,#2300,.T.);
#7053=EDGE_CURVE('',#3795,#3790,#2343,.T.);
#7065=EDGE_CURVE('',#3803,#3798,#2287,.T.);
#7067=EDGE_CURVE('',#3793,#3803,#2304,.T.);
#7078=EDGE_CURVE('',#3801,#3799,#2291,.T.);
#7080=EDGE_CURVE('',#3801,#3803,#2309,.T.);
#7094=EDGE_CURVE('',#3801,#3383,#2313,.T.);
#7108=EDGE_CURVE('',#3383,#3423,#2321,.T.);
#7110=EDGE_CURVE('',#3423,#3795,#2317,.T.);
#7123=EDGE_CURVE('',#3423,#3419,#2335,.T.);
#7134=EDGE_CURVE('',#3421,#3423,#2339,.T.);
#7137=EDGE_CURVE('',#3415,#3419,#2347,.T.);
#7203=EDGE_CURVE('',#3301,#3199,#2359,.T.);
#7205=EDGE_CURVE('',#3301,#3305,#2363,.T.);
#7207=EDGE_CURVE('',#3305,#3203,#2371,.T.);
#7219=EDGE_CURVE('',#3089,#3295,#2387,.T.);
#7221=EDGE_CURVE('',#3301,#3295,#2379,.T.);
#7266=EDGE_CURVE('',#3113,#3299,#2399,.T.);
#7268=EDGE_CURVE('',#3295,#3299,#2515,.T.);
#7280=EDGE_CURVE('',#3305,#3299,#2407,.T.);
#7291=EDGE_CURVE('',#3585,#3587,#2412,.T.);
#7293=EDGE_CURVE('',#3595,#3585,#2416,.T.);
#7295=EDGE_CURVE('',#3593,#3595,#2421,.T.);
#7297=EDGE_CURVE('',#3061,#3593,#2425,.T.);
#7299=EDGE_CURVE('',#3059,#3061,#2429,.T.);
#7301=EDGE_CURVE('',#3058,#3059,#2433,.T.);
#7303=EDGE_CURVE('',#3299,#3058,#2519,.T.);
#7306=EDGE_CURVE('',#3067,#3305,#2437,.T.);
#7308=EDGE_CURVE('',#3065,#3067,#2441,.T.);
#7310=EDGE_CURVE('',#3064,#3065,#2445,.T.);
#7312=EDGE_CURVE('',#3587,#3064,#2449,.T.);
#7322=EDGE_CURVE('',#3582,#3583,#2454,.T.);
#7324=EDGE_CURVE('',#3585,#3583,#2539,.T.);
#7327=EDGE_CURVE('',#3587,#3582,#2495,.T.);
#7338=EDGE_CURVE('',#3582,#3052,#2458,.T.);
#7340=EDGE_CURVE('',#3052,#3053,#2462,.T.);
#7342=EDGE_CURVE('',#3053,#3055,#2466,.T.);
#7344=EDGE_CURVE('',#3055,#3301,#2470,.T.);
#7347=EDGE_CURVE('',#3295,#3046,#2511,.T.);
#7349=EDGE_CURVE('',#3046,#3047,#2474,.T.);
#7351=EDGE_CURVE('',#3047,#3049,#2478,.T.);
#7353=EDGE_CURVE('',#3049,#3591,#2482,.T.);
#7355=EDGE_CURVE('',#3590,#3591,#2487,.T.);
#7357=EDGE_CURVE('',#3590,#3583,#2491,.T.);
#7369=EDGE_CURVE('',#3052,#3064,#2499,.T.);
#7383=EDGE_CURVE('',#3053,#3065,#2503,.T.);
#7396=EDGE_CURVE('',#3055,#3067,#2507,.T.);
#7421=EDGE_CURVE('',#3046,#3058,#2523,.T.);
#7434=EDGE_CURVE('',#3047,#3059,#2527,.T.);
#7447=EDGE_CURVE('',#3049,#3061,#2535,.T.);
#7457=EDGE_CURVE('',#3593,#3591,#2531,.T.);
#7473=EDGE_CURVE('',#3595,#3590,#2543,.T.);
#7498=EDGE_CURVE('',#3135,#3163,#2551,.T.);
#7511=EDGE_CURVE('',#3137,#3165,#2559,.T.);
#7521=EDGE_CURVE('',#3601,#3599,#2555,.T.);
#7537=EDGE_CURVE('',#3603,#3598,#2563,.T.);
#7549=EDGE_CURVE('',#3194,#3195,#2571,.T.);
#7560=EDGE_CURVE('',#3643,#3638,#2567,.T.);
#7586=EDGE_CURVE('',#3858,#3854,#2579,.T.);
#7589=EDGE_CURVE('',#3859,#3855,#2575,.T.);
#7612=EDGE_CURVE('',#3866,#3862,#2587,.T.);
#7615=EDGE_CURVE('',#3867,#3863,#2583,.T.);
#7637=EDGE_CURVE('',#3349,#3353,#2591,.T.);
#7650=EDGE_CURVE('',#3342,#3349,#2609,.T.);
#7653=EDGE_CURVE('',#3343,#3353,#2678,.T.);
#7655=EDGE_CURVE('',#3342,#3343,#2647,.T.);
#7665=EDGE_CURVE('',#3357,#3342,#2595,.T.);
#7667=EDGE_CURVE('',#3357,#3351,#2600,.T.);
#7679=EDGE_CURVE('',#3726,#3727,#2614,.T.);
#7681=EDGE_CURVE('',#3726,#3357,#2618,.T.);
#7684=EDGE_CURVE('',#3342,#3735,#2622,.T.);
#7686=EDGE_CURVE('',#3734,#3735,#2627,.T.);
#7688=EDGE_CURVE('',#3734,#3727,#2631,.T.);
#7699=EDGE_CURVE('',#3729,#3727,#2635,.T.);
#7701=EDGE_CURVE('',#3729,#3731,#2652,.T.);
#7703=EDGE_CURVE('',#3731,#3726,#2695,.T.);
#7715=EDGE_CURVE('',#3739,#3734,#2639,.T.);
#7717=EDGE_CURVE('',#3739,#3729,#2656,.T.);
#7728=EDGE_CURVE('',#3737,#3735,#2643,.T.);
#7730=EDGE_CURVE('',#3737,#3739,#2661,.T.);
#7744=EDGE_CURVE('',#3343,#3737,#2665,.T.);
#7758=EDGE_CURVE('',#3359,#3343,#2673,.T.);
#7760=EDGE_CURVE('',#3731,#3359,#2669,.T.);
#7773=EDGE_CURVE('',#3359,#3355,#2687,.T.);
#7784=EDGE_CURVE('',#3357,#3359,#2691,.T.);
#7787=EDGE_CURVE('',#3351,#3355,#2699,.T.);
#7824=EDGE_CURVE('',#3635,#3630,#2707,.T.);
#7836=EDGE_CURVE('',#3140,#3168,#2711,.T.);
#7850=EDGE_CURVE('',#3141,#3169,#2719,.T.);
#7860=EDGE_CURVE('',#3651,#3646,#2715,.T.);
#7885=EDGE_CURVE('',#3361,#3365,#2723,.T.);
#7898=EDGE_CURVE('',#3346,#3361,#2741,.T.);
#7901=EDGE_CURVE('',#3347,#3365,#2810,.T.);
#7903=EDGE_CURVE('',#3346,#3347,#2779,.T.);
#7913=EDGE_CURVE('',#3369,#3346,#2727,.T.);
#7915=EDGE_CURVE('',#3369,#3363,#2732,.T.);
#7927=EDGE_CURVE('',#3694,#3695,#2746,.T.);
#7929=EDGE_CURVE('',#3694,#3369,#2750,.T.);
#7932=EDGE_CURVE('',#3346,#3703,#2754,.T.);
#7934=EDGE_CURVE('',#3702,#3703,#2759,.T.);
#7936=EDGE_CURVE('',#3702,#3695,#2763,.T.);
#7947=EDGE_CURVE('',#3697,#3695,#2767,.T.);
#7949=EDGE_CURVE('',#3697,#3699,#2784,.T.);
#7951=EDGE_CURVE('',#3699,#3694,#2827,.T.);
#7963=EDGE_CURVE('',#3707,#3702,#2771,.T.);
#7965=EDGE_CURVE('',#3707,#3697,#2788,.T.);
#7976=EDGE_CURVE('',#3705,#3703,#2775,.T.);
#7978=EDGE_CURVE('',#3705,#3707,#2793,.T.);
#7992=EDGE_CURVE('',#3347,#3705,#2797,.T.);
#8006=EDGE_CURVE('',#3371,#3347,#2805,.T.);
#8008=EDGE_CURVE('',#3699,#3371,#2801,.T.);
#8021=EDGE_CURVE('',#3371,#3367,#2819,.T.);
#8032=EDGE_CURVE('',#3369,#3371,#2823,.T.);
#8035=EDGE_CURVE('',#3363,#3367,#2831,.T.);
#8069=EDGE_CURVE('',#3439,#3443,#2839,.T.);
#8082=EDGE_CURVE('',#3447,#3439,#2856,.T.);
#8084=EDGE_CURVE('',#3447,#3451,#2847,.T.);
#8086=EDGE_CURVE('',#3451,#3443,#2925,.T.);
#8097=EDGE_CURVE('',#3446,#3447,#2851,.T.);
#8101=EDGE_CURVE('',#3446,#3437,#2865,.T.);
#8111=EDGE_CURVE('',#3662,#3663,#2870,.T.);
#8113=EDGE_CURVE('',#3447,#3662,#2874,.T.);
#8116=EDGE_CURVE('',#3671,#3446,#2878,.T.);
#8118=EDGE_CURVE('',#3670,#3671,#2883,.T.);
#8120=EDGE_CURVE('',#3663,#3670,#2887,.T.);
#8131=EDGE_CURVE('',#3665,#3663,#2891,.T.);
#8133=EDGE_CURVE('',#3665,#3667,#2930,.T.);
#8135=EDGE_CURVE('',#3667,#3662,#2951,.T.);
#8147=EDGE_CURVE('',#3675,#3670,#2895,.T.);
#8149=EDGE_CURVE('',#3665,#3675,#2934,.T.);
#8160=EDGE_CURVE('',#3673,#3671,#2899,.T.);
#8162=EDGE_CURVE('',#3673,#3675,#2939,.T.);
#8175=EDGE_CURVE('',#3446,#3450,#2903,.T.);
#8177=EDGE_CURVE('',#3673,#3450,#2943,.T.);
#8188=EDGE_CURVE('',#3437,#3441,#2907,.T.);
#8190=EDGE_CURVE('',#3450,#3441,#2916,.T.);
#8213=EDGE_CURVE('',#3450,#3451,#2911,.T.);
#8231=EDGE_CURVE('',#3451,#3667,#2947,.T.);
#8253=EDGE_CURVE('',#3467,#3455,#2955,.T.);
#8269=EDGE_CURVE('',#3691,#3467,#2982,.T.);
#8271=EDGE_CURVE('',#3689,#3691,#2987,.T.);
#8273=EDGE_CURVE('',#3683,#3689,#2991,.T.);
#8283=EDGE_CURVE('',#3691,#3686,#2995,.T.);
#8297=EDGE_CURVE('',#3689,#3687,#3003,.T.);
#8316=CLOSED_SHELL('',(#3899,#3914,#3928,#3942,#3956,#3970,#4017,#4031,#4068,
#4083,#4210,#4225,#4352,#4365,#4378,#4391,#4404,#4417,#4433,#4446,#4461,#4475,
#4494,#4509,#4523,#4537,#4550,#4566,#4579,#4594,#4719,#4733,#4857,#4870,#4883,
#4896,#4909,#4922,#4935,#4948,#4963,#4977,#4996,#5011,#5024,#5042,#5055,#5069,
#5082,#5095,#5107,#5120,#5133,#5147,#5160,#5173,#5186,#5199,#5212,#5225,#5239,
#5252,#5267,#5281,#5300,#5315,#5328,#5346,#5359,#5373,#5386,#5399,#5411,#5424,
#5437,#5451,#5464,#5477,#5490,#5503,#5516,#5529,#5542,#5556,#5570,#5584,#5634,
#5648,#5662,#5676,#5690,#5704,#5717,#5738,#5751,#5787,#5801,#5814,#5827,#5839,
#5853,#5868,#5881,#5894,#5907,#5920,#5933,#5946,#5959,#5972,#5985,#5999,#6012,
#6025,#6038,#6051,#6064,#6077,#6090,#6102,#6115,#6130,#6144,#6163,#6178,#6191,
#6209,#6222,#6236,#6249,#6262,#6274,#6287,#6301,#6314,#6327,#6340,#6353,#6366,
#6379,#6392,#6406,#6419,#6434,#6448,#6467,#6482,#6496,#6510,#6524,#6538,#6551,
#6565,#6578,#6591,#6604,#6617,#6630,#6642,#6655,#6670,#6684,#6703,#6718,#6732,
#6746,#6758,#6771,#6788,#6801,#6814,#6826,#6839,#6852,#6865,#6877,#6890,#6905,
#6917,#6930,#6943,#6956,#6969,#6981,#6994,#7009,#7023,#7042,#7057,#7071,#7085,
#7098,#7114,#7127,#7141,#7153,#7165,#7212,#7226,#7272,#7285,#7316,#7331,#7361,
#7374,#7387,#7400,#7412,#7425,#7438,#7451,#7464,#7477,#7489,#7502,#7515,#7528,
#7541,#7554,#7567,#7579,#7593,#7605,#7619,#7631,#7644,#7659,#7673,#7692,#7707,
#7721,#7735,#7748,#7764,#7777,#7791,#7803,#7815,#7828,#7841,#7854,#7867,#7879,
#7892,#7907,#7921,#7940,#7955,#7969,#7983,#7996,#8012,#8025,#8039,#8051,#8063,
#8076,#8091,#8105,#8124,#8139,#8153,#8167,#8181,#8195,#8207,#8220,#8235,#8247,
#8260,#8277,#8290,#8303,#8315));
#8321=CIRCLE('',#8320,1.1E0);
#8326=CIRCLE('',#8325,1.1E0);
#8331=CIRCLE('',#8330,1.1E0);
#8340=CIRCLE('',#8339,1.1E0);
#8358=EDGE_CURVE('',#8348,#8347,#8321,.T.);
#8360=EDGE_CURVE('',#8347,#8351,#8344,.T.);
#8362=EDGE_CURVE('',#8351,#8352,#8326,.T.);
#8364=EDGE_CURVE('',#8348,#8352,#8335,.T.);
#8374=EDGE_CURVE('',#8347,#8348,#8331,.T.);
#8377=EDGE_CURVE('',#8352,#8351,#8340,.T.);
#8383=OPEN_SHELL('',(#8368,#8382));
#8389=CIRCLE('',#8388,1.1E0);
#8394=CIRCLE('',#8393,1.1E0);
#8399=CIRCLE('',#8398,1.1E0);
#8408=CIRCLE('',#8407,1.1E0);
#8426=EDGE_CURVE('',#8416,#8415,#8389,.T.);
#8428=EDGE_CURVE('',#8415,#8419,#8412,.T.);
#8430=EDGE_CURVE('',#8419,#8420,#8394,.T.);
#8432=EDGE_CURVE('',#8416,#8420,#8403,.T.);
#8442=EDGE_CURVE('',#8415,#8416,#8399,.T.);
#8445=EDGE_CURVE('',#8420,#8419,#8408,.T.);
#8451=OPEN_SHELL('',(#8436,#8450));
#8452=MANIFOLD_SOLID_BREP('',#8316);
#8453=SHELL_BASED_SURFACE_MODEL('',(#8383,#8451));
#8454=(LENGTH_UNIT()NAMED_UNIT(*)SI_UNIT(.MILLI.,.METRE.));
#8456=(NAMED_UNIT(*)PLANE_ANGLE_UNIT()SI_UNIT($,.RADIAN.));
#8459=(NAMED_UNIT(*)SI_UNIT($,.STERADIAN.)SOLID_ANGLE_UNIT());
#8465=AXIS2_PLACEMENT_3D('',#8462,#8463,#8464);
#8466=ADVANCED_BREP_SHAPE_REPRESENTATION('',(#8465,#8452),#8461);
#8470=AXIS2_PLACEMENT_3D('',#8467,#8468,#8469);
#8471=MANIFOLD_SURFACE_SHAPE_REPRESENTATION('',(#8470,#8453),#8461);
#8475=AXIS2_PLACEMENT_3D('',#8472,#8473,#8474);
#8476=SHAPE_REPRESENTATION('',(#8475),#8461);
#8485=PRODUCT_DEFINITION('design','',#8484,#8481);
#8486=PRODUCT_DEFINITION_SHAPE('','SHAPE FOR HOUSING.',#8485);
#8487=SHAPE_DEFINITION_REPRESENTATION(#8486,#8476);
#8488=SHAPE_DEFINITION_REPRESENTATION(#8489,#8490);
#8489=PRODUCT_DEFINITION_SHAPE('',
'SHAPE FOR LINEAR_POTENTIOMETER_B103_ASM_ASM.',#17759);
#8490=SHAPE_REPRESENTATION('',(#8496,#11813,#15948,#16469,#17053,#17694,#17703,
#17712,#17721,#17730,#17739,#17754),#17750);
#8491=NEXT_ASSEMBLY_USAGE_OCCURRENCE('0','Next assembly relationship','HOUSING',
#17759,#8485,$);
#8492=PRODUCT_DEFINITION_SHAPE('Placement #0',
'Placement of HOUSING with respect to LINEAR_POTENTIOMETER_B103_ASM_ASM',#8491);
#8505=CIRCLE('',#8504,2.5E-1);
#8514=CIRCLE('',#8513,2.5E-1);
#8527=CIRCLE('',#8526,2.5E-1);
#8536=CIRCLE('',#8535,2.5E-1);
#8549=CIRCLE('',#8548,2.5E-1);
#8558=CIRCLE('',#8557,2.5E-1);
#8575=CIRCLE('',#8574,2.5E-1);
#8584=CIRCLE('',#8583,2.5E-1);
#8601=CIRCLE('',#8600,2.5E-1);
#8610=CIRCLE('',#8609,2.5E-1);
#8623=CIRCLE('',#8622,2.5E-1);
#8632=CIRCLE('',#8631,2.5E-1);
#8645=CIRCLE('',#8644,2.5E-1);
#8654=CIRCLE('',#8653,2.5E-1);
#8671=CIRCLE('',#8670,2.5E-1);
#8680=CIRCLE('',#8679,2.5E-1);
#8921=CIRCLE('',#8920,2.5E-1);
#8938=CIRCLE('',#8937,2.5E-1);
#8947=CIRCLE('',#8946,2.5E-1);
#8964=CIRCLE('',#8963,2.5E-1);
#8973=CIRCLE('',#8972,2.5E-1);
#8986=CIRCLE('',#8985,2.5E-1);
#8995=CIRCLE('',#8994,2.5E-1);
#9008=CIRCLE('',#9007,2.5E-1);
#9017=CIRCLE('',#9016,2.5E-1);
#9034=CIRCLE('',#9033,2.5E-1);
#9043=CIRCLE('',#9042,2.5E-1);
#9060=CIRCLE('',#9059,2.5E-1);
#9069=CIRCLE('',#9068,2.5E-1);
#9082=CIRCLE('',#9081,2.5E-1);
#9091=CIRCLE('',#9090,2.5E-1);
#9104=CIRCLE('',#9103,2.5E-1);
#9189=CIRCLE('',#9188,1.E0);
#9198=CIRCLE('',#9197,5.E-1);
#9215=CIRCLE('',#9214,1.E0);
#9224=CIRCLE('',#9223,5.E-1);
#9233=CIRCLE('',#9232,2.5E-1);
#9242=CIRCLE('',#9241,2.5E-1);
#9279=CIRCLE('',#9278,2.5E-1);
#9284=CIRCLE('',#9283,2.5E-1);
#9305=CIRCLE('',#9304,1.E0);
#9314=CIRCLE('',#9313,5.E-1);
#9355=CIRCLE('',#9354,1.E0);
#9364=CIRCLE('',#9363,5.E-1);
#9409=CIRCLE('',#9408,5.E-1);
#9418=CIRCLE('',#9417,5.E-1);
#9451=CIRCLE('',#9450,1.E0);
#9460=CIRCLE('',#9459,5.E-1);
#9469=CIRCLE('',#9468,1.E0);
#9478=CIRCLE('',#9477,5.E-1);
#9491=CIRCLE('',#9490,1.E0);
#9500=CIRCLE('',#9499,5.E-1);
#9509=CIRCLE('',#9508,1.E0);
#9518=CIRCLE('',#9517,5.E-1);
#9535=CIRCLE('',#9534,2.5E-1);
#9540=CIRCLE('',#9539,2.5E-1);
#9565=CIRCLE('',#9564,2.5E-1);
#9574=CIRCLE('',#9573,2.5E-1);
#9655=CIRCLE('',#9654,5.E-1);
#9664=CIRCLE('',#9663,5.E-1);
#10038=EDGE_CURVE('',#9739,#9740,#8505,.T.);
#10040=EDGE_CURVE('',#9739,#9756,#8509,.T.);
#10042=EDGE_CURVE('',#9755,#9756,#8514,.T.);
#10044=EDGE_CURVE('',#9755,#9735,#8518,.T.);
#10046=EDGE_CURVE('',#9735,#9764,#8522,.T.);
#10048=EDGE_CURVE('',#9763,#9764,#8527,.T.);
#10050=EDGE_CURVE('',#9763,#9772,#8531,.T.);
#10052=EDGE_CURVE('',#9771,#9772,#8536,.T.);
#10054=EDGE_CURVE('',#9771,#9723,#8540,.T.);
#10056=EDGE_CURVE('',#9723,#9780,#8544,.T.);
#10058=EDGE_CURVE('',#9779,#9780,#8549,.T.);
#10060=EDGE_CURVE('',#9779,#9788,#8553,.T.);
#10062=EDGE_CURVE('',#9787,#9788,#8558,.T.);
#10064=EDGE_CURVE('',#9787,#9691,#8562,.T.);
#10066=EDGE_CURVE('',#9691,#9692,#8566,.T.);
#10068=EDGE_CURVE('',#9692,#9796,#8570,.T.);
#10070=EDGE_CURVE('',#9795,#9796,#8575,.T.);
#10072=EDGE_CURVE('',#9795,#9804,#8579,.T.);
#10074=EDGE_CURVE('',#9803,#9804,#8584,.T.);
#10076=EDGE_CURVE('',#9803,#9695,#8588,.T.);
#10078=EDGE_CURVE('',#9695,#9696,#8592,.T.);
#10080=EDGE_CURVE('',#9696,#9828,#8596,.T.);
#10082=EDGE_CURVE('',#9827,#9828,#8601,.T.);
#10084=EDGE_CURVE('',#9827,#9836,#8605,.T.);
#10086=EDGE_CURVE('',#9835,#9836,#8610,.T.);
#10088=EDGE_CURVE('',#9835,#9727,#8614,.T.);
#10090=EDGE_CURVE('',#9727,#9860,#8618,.T.);
#10092=EDGE_CURVE('',#9859,#9860,#8623,.T.);
#10094=EDGE_CURVE('',#9859,#9852,#8627,.T.);
#10096=EDGE_CURVE('',#9851,#9852,#8632,.T.);
#10098=EDGE_CURVE('',#9851,#9731,#8636,.T.);
#10100=EDGE_CURVE('',#9731,#9844,#8640,.T.);
#10102=EDGE_CURVE('',#9843,#9844,#8645,.T.);
#10104=EDGE_CURVE('',#9843,#9820,#8649,.T.);
#10106=EDGE_CURVE('',#9819,#9820,#8654,.T.);
#10108=EDGE_CURVE('',#9819,#9699,#8658,.T.);
#10110=EDGE_CURVE('',#9699,#9700,#8662,.T.);
#10112=EDGE_CURVE('',#9700,#9812,#8666,.T.);
#10114=EDGE_CURVE('',#9811,#9812,#8671,.T.);
#10116=EDGE_CURVE('',#9811,#9748,#8675,.T.);
#10118=EDGE_CURVE('',#9747,#9748,#8680,.T.);
#10120=EDGE_CURVE('',#9747,#9703,#8684,.T.);
#10122=EDGE_CURVE('',#9703,#9704,#8688,.T.);
#10124=EDGE_CURVE('',#9704,#9740,#8692,.T.);
#10128=EDGE_CURVE('',#9867,#9868,#8696,.T.);
#10130=EDGE_CURVE('',#9872,#9867,#8700,.T.);
#10132=EDGE_CURVE('',#9870,#9872,#8704,.T.);
#10134=EDGE_CURVE('',#9868,#9870,#8708,.T.);
#10138=EDGE_CURVE('',#9888,#10010,#9430,.T.);
#10140=EDGE_CURVE('',#9887,#9888,#8712,.T.);
#10142=EDGE_CURVE('',#10012,#9887,#9638,.T.);
#10144=EDGE_CURVE('',#9976,#10012,#8716,.T.);
#10146=EDGE_CURVE('',#9976,#9940,#8720,.T.);
#10148=EDGE_CURVE('',#10010,#9940,#8724,.T.);
#10152=EDGE_CURVE('',#9884,#10014,#9168,.T.);
#10154=EDGE_CURVE('',#9883,#9884,#8728,.T.);
#10156=EDGE_CURVE('',#10016,#9883,#9392,.T.);
#10158=EDGE_CURVE('',#9902,#10016,#8732,.T.);
#10160=EDGE_CURVE('',#9904,#9902,#8736,.T.);
#10162=EDGE_CURVE('',#10014,#9904,#8740,.T.);
#10173=EDGE_CURVE('',#9742,#9740,#8744,.T.);
#10175=EDGE_CURVE('',#9742,#9744,#8921,.T.);
#10177=EDGE_CURVE('',#9744,#9739,#8912,.T.);
#10189=EDGE_CURVE('',#9704,#9720,#8748,.T.);
#10191=EDGE_CURVE('',#9720,#9742,#8925,.T.);
#10202=EDGE_CURVE('',#9703,#9719,#8752,.T.);
#10204=EDGE_CURVE('',#9719,#9720,#8929,.T.);
#10215=EDGE_CURVE('',#9752,#9747,#8756,.T.);
#10217=EDGE_CURVE('',#9752,#9719,#8933,.T.);
#10230=EDGE_CURVE('',#9750,#9748,#8760,.T.);
#10232=EDGE_CURVE('',#9750,#9752,#8938,.T.);
#10245=EDGE_CURVE('',#9816,#9811,#8764,.T.);
#10247=EDGE_CURVE('',#9816,#9750,#8942,.T.);
#10258=EDGE_CURVE('',#9814,#9812,#8768,.T.);
#10260=EDGE_CURVE('',#9814,#9816,#8947,.T.);
#10273=EDGE_CURVE('',#9700,#9716,#8772,.T.);
#10275=EDGE_CURVE('',#9716,#9814,#8951,.T.);
#10286=EDGE_CURVE('',#9699,#9715,#8776,.T.);
#10288=EDGE_CURVE('',#9715,#9716,#8955,.T.);
#10299=EDGE_CURVE('',#9824,#9819,#8780,.T.);
#10301=EDGE_CURVE('',#9824,#9715,#8959,.T.);
#10314=EDGE_CURVE('',#9822,#9820,#8784,.T.);
#10316=EDGE_CURVE('',#9822,#9824,#8964,.T.);
#10329=EDGE_CURVE('',#9848,#9843,#8788,.T.);
#10331=EDGE_CURVE('',#9848,#9822,#8968,.T.);
#10342=EDGE_CURVE('',#9846,#9844,#8792,.T.);
#10344=EDGE_CURVE('',#9846,#9848,#8973,.T.);
#10357=EDGE_CURVE('',#9731,#9732,#8796,.T.);
#10359=EDGE_CURVE('',#9732,#9846,#8977,.T.);
#10369=EDGE_CURVE('',#9856,#9851,#8800,.T.);
#10371=EDGE_CURVE('',#9856,#9732,#8981,.T.);
#10384=EDGE_CURVE('',#9854,#9852,#8804,.T.);
#10386=EDGE_CURVE('',#9854,#9856,#8986,.T.);
#10399=EDGE_CURVE('',#9864,#9859,#8808,.T.);
#10401=EDGE_CURVE('',#9864,#9854,#8990,.T.);
#10412=EDGE_CURVE('',#9862,#9860,#8812,.T.);
#10414=EDGE_CURVE('',#9862,#9864,#8995,.T.);
#10427=EDGE_CURVE('',#9727,#9728,#8816,.T.);
#10429=EDGE_CURVE('',#9728,#9862,#8999,.T.);
#10439=EDGE_CURVE('',#9840,#9835,#8820,.T.);
#10441=EDGE_CURVE('',#9840,#9728,#9003,.T.);
#10454=EDGE_CURVE('',#9838,#9836,#8828,.T.);
#10456=EDGE_CURVE('',#9838,#9840,#9008,.T.);
#10467=EDGE_CURVE('',#9832,#9827,#8824,.T.);
#10469=EDGE_CURVE('',#9832,#9838,#9012,.T.);
#10482=EDGE_CURVE('',#9830,#9828,#8832,.T.);
#10484=EDGE_CURVE('',#9830,#9832,#9017,.T.);
#10497=EDGE_CURVE('',#9696,#9712,#8836,.T.);
#10499=EDGE_CURVE('',#9712,#9830,#9021,.T.);
#10510=EDGE_CURVE('',#9695,#9711,#8840,.T.);
#10512=EDGE_CURVE('',#9711,#9712,#9025,.T.);
#10523=EDGE_CURVE('',#9808,#9803,#8844,.T.);
#10525=EDGE_CURVE('',#9808,#9711,#9029,.T.);
#10538=EDGE_CURVE('',#9806,#9804,#8852,.T.);
#10540=EDGE_CURVE('',#9806,#9808,#9034,.T.);
#10551=EDGE_CURVE('',#9800,#9795,#8848,.T.);
#10553=EDGE_CURVE('',#9800,#9806,#9038,.T.);
#10566=EDGE_CURVE('',#9798,#9796,#8856,.T.);
#10568=EDGE_CURVE('',#9798,#9800,#9043,.T.);
#10581=EDGE_CURVE('',#9692,#9708,#8860,.T.);
#10583=EDGE_CURVE('',#9708,#9798,#9047,.T.);
#10594=EDGE_CURVE('',#9691,#9707,#8864,.T.);
#10596=EDGE_CURVE('',#9707,#9708,#9051,.T.);
#10607=EDGE_CURVE('',#9792,#9787,#8868,.T.);
#10609=EDGE_CURVE('',#9792,#9707,#9055,.T.);
#10622=EDGE_CURVE('',#9790,#9788,#8876,.T.);
#10624=EDGE_CURVE('',#9790,#9792,#9060,.T.);
#10635=EDGE_CURVE('',#9784,#9779,#8872,.T.);
#10637=EDGE_CURVE('',#9784,#9790,#9064,.T.);
#10650=EDGE_CURVE('',#9782,#9780,#8880,.T.);
#10652=EDGE_CURVE('',#9782,#9784,#9069,.T.);
#10665=EDGE_CURVE('',#9723,#9724,#8884,.T.);
#10667=EDGE_CURVE('',#9724,#9782,#9073,.T.);
#10677=EDGE_CURVE('',#9776,#9771,#8888,.T.);
#10679=EDGE_CURVE('',#9776,#9724,#9077,.T.);
#10692=EDGE_CURVE('',#9774,#9772,#8896,.T.);
#10694=EDGE_CURVE('',#9774,#9776,#9082,.T.);
#10705=EDGE_CURVE('',#9768,#9763,#8892,.T.);
#10707=EDGE_CURVE('',#9768,#9774,#9086,.T.);
#10720=EDGE_CURVE('',#9766,#9764,#8900,.T.);
#10722=EDGE_CURVE('',#9766,#9768,#9091,.T.);
#10735=EDGE_CURVE('',#9735,#9736,#8904,.T.);
#10737=EDGE_CURVE('',#9736,#9766,#9095,.T.);
#10747=EDGE_CURVE('',#9760,#9755,#8908,.T.);
#10749=EDGE_CURVE('',#9760,#9736,#9099,.T.);
#10762=EDGE_CURVE('',#9758,#9756,#8916,.T.);
#10764=EDGE_CURVE('',#9758,#9760,#9104,.T.);
#10776=EDGE_CURVE('',#9744,#9758,#9108,.T.);
#10834=EDGE_CURVE('',#9875,#9876,#9112,.T.);
#10836=EDGE_CURVE('',#9876,#9878,#9116,.T.);
#10838=EDGE_CURVE('',#9878,#9880,#9120,.T.);
#10840=EDGE_CURVE('',#9880,#9875,#9124,.T.);
#10844=EDGE_CURVE('',#10027,#9892,#9176,.T.);
#10846=EDGE_CURVE('',#10027,#10028,#9128,.T.);
#10848=EDGE_CURVE('',#10028,#10031,#9404,.T.);
#10850=EDGE_CURVE('',#10031,#10032,#9132,.T.);
#10852=EDGE_CURVE('',#9891,#10032,#9388,.T.);
#10854=EDGE_CURVE('',#9891,#9892,#9136,.T.);
#10858=EDGE_CURVE('',#10019,#9896,#9438,.T.);
#10860=EDGE_CURVE('',#10019,#10020,#9140,.T.);
#10862=EDGE_CURVE('',#10023,#10020,#9650,.T.);
#10864=EDGE_CURVE('',#10023,#10024,#9144,.T.);
#10866=EDGE_CURVE('',#9895,#10024,#9634,.T.);
#10868=EDGE_CURVE('',#9895,#9896,#9148,.T.);
#10879=EDGE_CURVE('',#9868,#9876,#9152,.T.);
#10882=EDGE_CURVE('',#9867,#9875,#9164,.T.);
#10893=EDGE_CURVE('',#9870,#9878,#9156,.T.);
#10906=EDGE_CURVE('',#9872,#9880,#9160,.T.);
#10931=EDGE_CURVE('',#10014,#10027,#9172,.T.);
#10934=EDGE_CURVE('',#9884,#9892,#9400,.T.);
#10945=EDGE_CURVE('',#9904,#10028,#9180,.T.);
#10957=EDGE_CURVE('',#9899,#9904,#9184,.T.);
#10959=EDGE_CURVE('',#10028,#9899,#9409,.T.);
#10970=EDGE_CURVE('',#9908,#9916,#9193,.T.);
#10972=EDGE_CURVE('',#9908,#9899,#9426,.T.);
#10975=EDGE_CURVE('',#9916,#9904,#9346,.T.);
#10985=EDGE_CURVE('',#9908,#9910,#9189,.T.);
#10988=EDGE_CURVE('',#9916,#9918,#9198,.T.);
#10990=EDGE_CURVE('',#9910,#9918,#9326,.T.);
#11001=EDGE_CURVE('',#9910,#9912,#9206,.T.);
#11003=EDGE_CURVE('',#9906,#9912,#9355,.T.);
#11005=EDGE_CURVE('',#9908,#9906,#9202,.T.);
#11015=EDGE_CURVE('',#9932,#9930,#9210,.T.);
#11017=EDGE_CURVE('',#9912,#9932,#9372,.T.);
#11020=EDGE_CURVE('',#9910,#9930,#9322,.T.);
#11030=EDGE_CURVE('',#9932,#9934,#9224,.T.);
#11033=EDGE_CURVE('',#9930,#9936,#9314,.T.);
#11035=EDGE_CURVE('',#9934,#9936,#9288,.T.);
#11045=EDGE_CURVE('',#9924,#9926,#9215,.T.);
#11047=EDGE_CURVE('',#9924,#9932,#9219,.T.);
#11050=EDGE_CURVE('',#9926,#9934,#9270,.T.);
#11061=EDGE_CURVE('',#9926,#9928,#9237,.T.);
#11063=EDGE_CURVE('',#9922,#9928,#9305,.T.);
#11065=EDGE_CURVE('',#9924,#9922,#9228,.T.);
#11075=EDGE_CURVE('',#9979,#9980,#9233,.T.);
#11077=EDGE_CURVE('',#9928,#9979,#9300,.T.);
#11080=EDGE_CURVE('',#9926,#9988,#9266,.T.);
#11082=EDGE_CURVE('',#9987,#9988,#9242,.T.);
#11084=EDGE_CURVE('',#9987,#9980,#9250,.T.);
#11095=EDGE_CURVE('',#9982,#9980,#9246,.T.);
#11097=EDGE_CURVE('',#9982,#9984,#9279,.T.);
#11099=EDGE_CURVE('',#9984,#9979,#9292,.T.);
#11111=EDGE_CURVE('',#9992,#9987,#9254,.T.);
#11113=EDGE_CURVE('',#9992,#9982,#9258,.T.);
#11124=EDGE_CURVE('',#9990,#9988,#9262,.T.);
#11126=EDGE_CURVE('',#9990,#9992,#9284,.T.);
#11140=EDGE_CURVE('',#9934,#9990,#9274,.T.);
#11155=EDGE_CURVE('',#9936,#9984,#9296,.T.);
#11167=EDGE_CURVE('',#9928,#9936,#9309,.T.);
#11181=EDGE_CURVE('',#9922,#9930,#9318,.T.);
#11194=EDGE_CURVE('',#9918,#9922,#9330,.T.);
#11206=EDGE_CURVE('',#9918,#9920,#9334,.T.);
#11208=EDGE_CURVE('',#9920,#9924,#9368,.T.);
#11219=EDGE_CURVE('',#9916,#9914,#9338,.T.);
#11221=EDGE_CURVE('',#9914,#9920,#9364,.T.);
#11233=EDGE_CURVE('',#9902,#9914,#9342,.T.);
#11245=EDGE_CURVE('',#9906,#9914,#9350,.T.);
#11248=EDGE_CURVE('',#9900,#9902,#9380,.T.);
#11250=EDGE_CURVE('',#9900,#9906,#9422,.T.);
#11261=EDGE_CURVE('',#9912,#9920,#9359,.T.);
#11285=EDGE_CURVE('',#9902,#10031,#9376,.T.);
#11287=EDGE_CURVE('',#10031,#9900,#9418,.T.);
#11299=EDGE_CURVE('',#10016,#10032,#9384,.T.);
#11314=EDGE_CURVE('',#9883,#9891,#9396,.T.);
#11338=EDGE_CURVE('',#9899,#9900,#9413,.T.);
#11362=EDGE_CURVE('',#10010,#10019,#9434,.T.);
#11365=EDGE_CURVE('',#9888,#9896,#9646,.T.);
#11376=EDGE_CURVE('',#9940,#10020,#9442,.T.);
#11388=EDGE_CURVE('',#9939,#9940,#9446,.T.);
#11390=EDGE_CURVE('',#10020,#9939,#9655,.T.);
#11401=EDGE_CURVE('',#9947,#9955,#9455,.T.);
#11403=EDGE_CURVE('',#9939,#9947,#9672,.T.);
#11406=EDGE_CURVE('',#9955,#9940,#9614,.T.);
#11416=EDGE_CURVE('',#9947,#9948,#9451,.T.);
#11419=EDGE_CURVE('',#9955,#9956,#9460,.T.);
#11421=EDGE_CURVE('',#9948,#9956,#9594,.T.);
#11431=EDGE_CURVE('',#9943,#9944,#9469,.T.);
#11433=EDGE_CURVE('',#9943,#9947,#9464,.T.);
#11436=EDGE_CURVE('',#9944,#9948,#9582,.T.);
#11447=EDGE_CURVE('',#9944,#9952,#9473,.T.);
#11449=EDGE_CURVE('',#9951,#9952,#9478,.T.);
#11451=EDGE_CURVE('',#9943,#9951,#9618,.T.);
#11461=EDGE_CURVE('',#9963,#9971,#9495,.T.);
#11463=EDGE_CURVE('',#9952,#9963,#9482,.T.);
#11466=EDGE_CURVE('',#9944,#9971,#9486,.T.);
#11476=EDGE_CURVE('',#9963,#9964,#9491,.T.);
#11479=EDGE_CURVE('',#9971,#9972,#9500,.T.);
#11481=EDGE_CURVE('',#9964,#9972,#9556,.T.);
#11491=EDGE_CURVE('',#9959,#9960,#9509,.T.);
#11493=EDGE_CURVE('',#9959,#9963,#9504,.T.);
#11496=EDGE_CURVE('',#9960,#9964,#9544,.T.);
#11507=EDGE_CURVE('',#9960,#9968,#9513,.T.);
#11509=EDGE_CURVE('',#9967,#9968,#9518,.T.);
#11511=EDGE_CURVE('',#9959,#9967,#9586,.T.);
#11521=EDGE_CURVE('',#10008,#10003,#9522,.T.);
#11523=EDGE_CURVE('',#9968,#10008,#9526,.T.);
#11526=EDGE_CURVE('',#9960,#10003,#9530,.T.);
#11536=EDGE_CURVE('',#10003,#10004,#9540,.T.);
#11538=EDGE_CURVE('',#10006,#10004,#9684,.T.);
#11540=EDGE_CURVE('',#10006,#10008,#9574,.T.);
#11551=EDGE_CURVE('',#9995,#9996,#9535,.T.);
#11553=EDGE_CURVE('',#10004,#9995,#9688,.T.);
#11558=EDGE_CURVE('',#9964,#9996,#9552,.T.);
#11569=EDGE_CURVE('',#9998,#9996,#9548,.T.);
#11571=EDGE_CURVE('',#9998,#10000,#9565,.T.);
#11573=EDGE_CURVE('',#10000,#9995,#9676,.T.);
#11586=EDGE_CURVE('',#9972,#9998,#9560,.T.);
#11598=EDGE_CURVE('',#9968,#9972,#9569,.T.);
#11602=EDGE_CURVE('',#10006,#10000,#9680,.T.);
#11615=EDGE_CURVE('',#9967,#9971,#9578,.T.);
#11628=EDGE_CURVE('',#9948,#9967,#9590,.T.);
#11641=EDGE_CURVE('',#9956,#9959,#9598,.T.);
#11653=EDGE_CURVE('',#9952,#9956,#9602,.T.);
#11667=EDGE_CURVE('',#9951,#9955,#9606,.T.);
#11678=EDGE_CURVE('',#9976,#9951,#9610,.T.);
#11692=EDGE_CURVE('',#9974,#9976,#9626,.T.);
#11694=EDGE_CURVE('',#9943,#9974,#9668,.T.);
#11704=EDGE_CURVE('',#9976,#10023,#9622,.T.);
#11706=EDGE_CURVE('',#10023,#9974,#9664,.T.);
#11718=EDGE_CURVE('',#10012,#10024,#9630,.T.);
#11733=EDGE_CURVE('',#9887,#9895,#9642,.T.);
#11757=EDGE_CURVE('',#9974,#9939,#9659,.T.);
#11787=CLOSED_SHELL('',(#10166,#10181,#10195,#10209,#10223,#10237,#10251,#10265,
#10279,#10293,#10307,#10321,#10335,#10349,#10363,#10377,#10391,#10405,#10419,
#10433,#10447,#10461,#10475,#10489,#10503,#10517,#10531,#10545,#10559,#10573,
#10587,#10601,#10615,#10629,#10643,#10657,#10671,#10685,#10699,#10713,#10727,
#10741,#10755,#10769,#10782,#10872,#10886,#10899,#10912,#10924,#10938,#10951,
#10964,#10979,#10994,#11009,#11024,#11039,#11054,#11069,#11088,#11103,#11117,
#11131,#11144,#11159,#11172,#11185,#11198,#11212,#11226,#11239,#11254,#11267,
#11279,#11292,#11305,#11318,#11330,#11343,#11355,#11369,#11382,#11395,#11410,
#11425,#11440,#11455,#11470,#11485,#11500,#11515,#11530,#11545,#11562,#11577,
#11590,#11606,#11619,#11632,#11645,#11658,#11671,#11684,#11698,#11711,#11724,
#11737,#11749,#11762,#11774,#11786));
#11788=MANIFOLD_SOLID_BREP('',#11787);
#11789=(LENGTH_UNIT()NAMED_UNIT(*)SI_UNIT(.MILLI.,.METRE.));
#11791=(NAMED_UNIT(*)PLANE_ANGLE_UNIT()SI_UNIT($,.RADIAN.));
#11794=(NAMED_UNIT(*)SI_UNIT($,.STERADIAN.)SOLID_ANGLE_UNIT());
#11800=AXIS2_PLACEMENT_3D('',#11797,#11798,#11799);
#11801=ADVANCED_BREP_SHAPE_REPRESENTATION('',(#11800,#11788),#11796);
#11805=PRODUCT_DEFINITION('design','',#11804,#8481);
#11806=PRODUCT_DEFINITION_SHAPE('','SHAPE FOR SHIELD.',#11805);
#11807=SHAPE_DEFINITION_REPRESENTATION(#11806,#11801);
#11808=NEXT_ASSEMBLY_USAGE_OCCURRENCE('1','Next assembly relationship','SHIELD',
#17759,#11805,$);
#11809=PRODUCT_DEFINITION_SHAPE('Placement #1',
'Placement of SHIELD with respect to LINEAR_POTENTIOMETER_B103_ASM_ASM',#11808);
#12178=CIRCLE('',#12177,2.5E-1);
#12183=CIRCLE('',#12182,2.5E-1);
#12192=CIRCLE('',#12191,2.5E-1);
#12213=CIRCLE('',#12212,2.5E-1);
#12230=CIRCLE('',#12229,2.5E-1);
#12251=CIRCLE('',#12250,2.5E-1);
#12264=CIRCLE('',#12263,2.5E-1);
#13145=CIRCLE('',#13144,2.5E-1);
#13150=CIRCLE('',#13149,2.5E-1);
#13167=CIRCLE('',#13166,2.5E-1);
#13188=CIRCLE('',#13187,2.5E-1);
#13197=CIRCLE('',#13196,2.5E-1);
#13218=CIRCLE('',#13217,2.5E-1);
#13247=CIRCLE('',#13246,2.5E-1);
#13264=CIRCLE('',#13263,2.5E-1);
#13293=CIRCLE('',#13292,2.5E-1);
#13803=EDGE_CURVE('',#13312,#13313,#11821,.T.);
#13805=EDGE_CURVE('',#13313,#13315,#11825,.T.);
#13807=EDGE_CURVE('',#13315,#13317,#11829,.T.);
#13809=EDGE_CURVE('',#13317,#13312,#11833,.T.);
#13819=EDGE_CURVE('',#13328,#13329,#11837,.T.);
#13821=EDGE_CURVE('',#13313,#13329,#12536,.T.);
#13824=EDGE_CURVE('',#13312,#13328,#11841,.T.);
#13835=EDGE_CURVE('',#13328,#13320,#11845,.T.);
#13837=EDGE_CURVE('',#13320,#13321,#11849,.T.);
#13839=EDGE_CURVE('',#13321,#13329,#11853,.T.);
#13849=EDGE_CURVE('',#13332,#13333,#13060,.T.);
#13851=EDGE_CURVE('',#13332,#13324,#11857,.T.);
#13853=EDGE_CURVE('',#13324,#13325,#11861,.T.);
#13855=EDGE_CURVE('',#13325,#13333,#11865,.T.);
#13865=EDGE_CURVE('',#13771,#13773,#11869,.T.);
#13867=EDGE_CURVE('',#13769,#13773,#11873,.T.);
#13869=EDGE_CURVE('',#13769,#13423,#11877,.T.);
#13871=EDGE_CURVE('',#13664,#13423,#11881,.T.);
#13873=EDGE_CURVE('',#13664,#13661,#12069,.T.);
#13875=EDGE_CURVE('',#13661,#13408,#11885,.T.);
#13877=EDGE_CURVE('',#13408,#13409,#11889,.T.);
#13879=EDGE_CURVE('',#13656,#13409,#11893,.T.);
#13881=EDGE_CURVE('',#13656,#13430,#12053,.T.);
#13883=EDGE_CURVE('',#13430,#13412,#11897,.T.);
#13885=EDGE_CURVE('',#13412,#13413,#11901,.T.);
#13887=EDGE_CURVE('',#13320,#13413,#13072,.T.);
#13892=EDGE_CURVE('',#13317,#13333,#11905,.T.);
#13895=EDGE_CURVE('',#13325,#13400,#11909,.T.);
#13897=EDGE_CURVE('',#13400,#13401,#11913,.T.);
#13899=EDGE_CURVE('',#13439,#13401,#11917,.T.);
#13901=EDGE_CURVE('',#13439,#13637,#12117,.T.);
#13903=EDGE_CURVE('',#13637,#13404,#11921,.T.);
#13905=EDGE_CURVE('',#13404,#13405,#11925,.T.);
#13907=EDGE_CURVE('',#13632,#13405,#11929,.T.);
#13909=EDGE_CURVE('',#13632,#13416,#12101,.T.);
#13911=EDGE_CURVE('',#13416,#13417,#11933,.T.);
#13913=EDGE_CURVE('',#13417,#13765,#11937,.T.);
#13915=EDGE_CURVE('',#13771,#13765,#11941,.T.);
#13925=EDGE_CURVE('',#13581,#13689,#11945,.T.);
#13927=EDGE_CURVE('',#13693,#13689,#12178,.T.);
#13929=EDGE_CURVE('',#13693,#13568,#11949,.T.);
#13931=EDGE_CURVE('',#13568,#13569,#11953,.T.);
#13933=EDGE_CURVE('',#13569,#13697,#11957,.T.);
#13935=EDGE_CURVE('',#13701,#13697,#13293,.T.);
#13937=EDGE_CURVE('',#13579,#13701,#11961,.T.);
#13939=EDGE_CURVE('',#13435,#13579,#12288,.T.);
#13941=EDGE_CURVE('',#13434,#13435,#13056,.T.);
#13943=EDGE_CURVE('',#13616,#13434,#11965,.T.);
#13945=EDGE_CURVE('',#13616,#13617,#11969,.T.);
#13947=EDGE_CURVE('',#13617,#13619,#11973,.T.);
#13949=EDGE_CURVE('',#13619,#13621,#11977,.T.);
#13951=EDGE_CURVE('',#13624,#13621,#11981,.T.);
#13953=EDGE_CURVE('',#13624,#13625,#11985,.T.);
#13955=EDGE_CURVE('',#13625,#13627,#11989,.T.);
#13957=EDGE_CURVE('',#13627,#13629,#11993,.T.);
#13959=EDGE_CURVE('',#13629,#13793,#11997,.T.);
#13961=EDGE_CURVE('',#13791,#13793,#12001,.T.);
#13963=EDGE_CURVE('',#13791,#13652,#12005,.T.);
#13965=EDGE_CURVE('',#13652,#13653,#12009,.T.);
#13967=EDGE_CURVE('',#13644,#13653,#12013,.T.);
#13969=EDGE_CURVE('',#13644,#13645,#12017,.T.);
#13971=EDGE_CURVE('',#13645,#13647,#12021,.T.);
#13973=EDGE_CURVE('',#13647,#13649,#12025,.T.);
#13975=EDGE_CURVE('',#13427,#13649,#12029,.T.);
#13977=EDGE_CURVE('',#13426,#13427,#13276,.T.);
#13979=EDGE_CURVE('',#13605,#13426,#13120,.T.);
#13981=EDGE_CURVE('',#13605,#13717,#12033,.T.);
#13983=EDGE_CURVE('',#13715,#13717,#13247,.T.);
#13985=EDGE_CURVE('',#13603,#13715,#12037,.T.);
#13987=EDGE_CURVE('',#13601,#13603,#12041,.T.);
#13989=EDGE_CURVE('',#13709,#13601,#12045,.T.);
#13991=EDGE_CURVE('',#13707,#13709,#13218,.T.);
#13993=EDGE_CURVE('',#13599,#13707,#12049,.T.);
#13995=EDGE_CURVE('',#13431,#13599,#13096,.T.);
#13997=EDGE_CURVE('',#13430,#13431,#13284,.T.);
#14000=EDGE_CURVE('',#13656,#13657,#12057,.T.);
#14002=EDGE_CURVE('',#13657,#13659,#12061,.T.);
#14004=EDGE_CURVE('',#13659,#13661,#12065,.T.);
#14007=EDGE_CURVE('',#13664,#13665,#12073,.T.);
#14009=EDGE_CURVE('',#13665,#13761,#12077,.T.);
#14011=EDGE_CURVE('',#13773,#13761,#12081,.T.);
#14014=EDGE_CURVE('',#13759,#13771,#12085,.T.);
#14016=EDGE_CURVE('',#13759,#13640,#12089,.T.);
#14018=EDGE_CURVE('',#13640,#13641,#12093,.T.);
#14020=EDGE_CURVE('',#13641,#13416,#12097,.T.);
#14023=EDGE_CURVE('',#13632,#13633,#12105,.T.);
#14025=EDGE_CURVE('',#13633,#13635,#12109,.T.);
#14027=EDGE_CURVE('',#13635,#13637,#12113,.T.);
#14030=EDGE_CURVE('',#13438,#13439,#12352,.T.);
#14032=EDGE_CURVE('',#13581,#13438,#12332,.T.);
#14042=EDGE_CURVE('',#13744,#13745,#12121,.T.);
#14044=EDGE_CURVE('',#13613,#13744,#13104,.T.);
#14046=EDGE_CURVE('',#13613,#13611,#12125,.T.);
#14048=EDGE_CURVE('',#13733,#13611,#12129,.T.);
#14050=EDGE_CURVE('',#13731,#13733,#13264,.T.);
#14052=EDGE_CURVE('',#13725,#13731,#12133,.T.);
#14054=EDGE_CURVE('',#13723,#13725,#13145,.T.);
#14056=EDGE_CURVE('',#13609,#13723,#12137,.T.);
#14058=EDGE_CURVE('',#13607,#13609,#12141,.T.);
#14060=EDGE_CURVE('',#13745,#13607,#13112,.T.);
#14070=EDGE_CURVE('',#13748,#13749,#12145,.T.);
#14072=EDGE_CURVE('',#13572,#13749,#12296,.T.);
#14074=EDGE_CURVE('',#13572,#13573,#12149,.T.);
#14076=EDGE_CURVE('',#13573,#13681,#12153,.T.);
#14078=EDGE_CURVE('',#13685,#13681,#12264,.T.);
#14080=EDGE_CURVE('',#13685,#13673,#12157,.T.);
#14082=EDGE_CURVE('',#13677,#13673,#12251,.T.);
#14084=EDGE_CURVE('',#13677,#13577,#12161,.T.);
#14086=EDGE_CURVE('',#13576,#13577,#12165,.T.);
#14088=EDGE_CURVE('',#13748,#13576,#12324,.T.);
#14098=EDGE_CURVE('',#13688,#13689,#12169,.T.);
#14101=EDGE_CURVE('',#13581,#13565,#12173,.T.);
#14103=EDGE_CURVE('',#13565,#13688,#12234,.T.);
#14114=EDGE_CURVE('',#13688,#13691,#12230,.T.);
#14116=EDGE_CURVE('',#13691,#13693,#13309,.T.);
#14127=EDGE_CURVE('',#13672,#13675,#12183,.T.);
#14129=EDGE_CURVE('',#13683,#13672,#12187,.T.);
#14131=EDGE_CURVE('',#13680,#13683,#12192,.T.);
#14133=EDGE_CURVE('',#13559,#13680,#12196,.T.);
#14135=EDGE_CURVE('',#13557,#13559,#12200,.T.);
#14137=EDGE_CURVE('',#13556,#13557,#12204,.T.);
#14139=EDGE_CURVE('',#13699,#13556,#12208,.T.);
#14141=EDGE_CURVE('',#13696,#13699,#12213,.T.);
#14143=EDGE_CURVE('',#13553,#13696,#12217,.T.);
#14145=EDGE_CURVE('',#13552,#13553,#12221,.T.);
#14147=EDGE_CURVE('',#13691,#13552,#12225,.T.);
#14151=EDGE_CURVE('',#13563,#13565,#12238,.T.);
#14153=EDGE_CURVE('',#13562,#13563,#12242,.T.);
#14155=EDGE_CURVE('',#13675,#13562,#12246,.T.);
#14165=EDGE_CURVE('',#13672,#13673,#12255,.T.);
#14168=EDGE_CURVE('',#13675,#13677,#12348,.T.);
#14181=EDGE_CURVE('',#13683,#13685,#12259,.T.);
#14192=EDGE_CURVE('',#13680,#13681,#12268,.T.);
#14207=EDGE_CURVE('',#13573,#13559,#12272,.T.);
#14219=EDGE_CURVE('',#13572,#13557,#12276,.T.);
#14231=EDGE_CURVE('',#13740,#13751,#12280,.T.);
#14233=EDGE_CURVE('',#13337,#13740,#12312,.T.);
#14235=EDGE_CURVE('',#13336,#13337,#12424,.T.);
#14237=EDGE_CURVE('',#13336,#13435,#12284,.T.);
#14240=EDGE_CURVE('',#13579,#13556,#12292,.T.);
#14245=EDGE_CURVE('',#13751,#13749,#12300,.T.);
#14255=EDGE_CURVE('',#13740,#13741,#12304,.T.);
#14258=EDGE_CURVE('',#13753,#13751,#12340,.T.);
#14260=EDGE_CURVE('',#13741,#13753,#12316,.T.);
#14271=EDGE_CURVE('',#13340,#13741,#12336,.T.);
#14273=EDGE_CURVE('',#13400,#13340,#12432,.T.);
#14277=EDGE_CURVE('',#13324,#13397,#12308,.T.);
#14279=EDGE_CURVE('',#13337,#13397,#12428,.T.);
#14291=EDGE_CURVE('',#13753,#13748,#12320,.T.);
#14294=EDGE_CURVE('',#13576,#13563,#12328,.T.);
#14299=EDGE_CURVE('',#13341,#13438,#12356,.T.);
#14301=EDGE_CURVE('',#13340,#13341,#12436,.T.);
#14325=EDGE_CURVE('',#13577,#13562,#12344,.T.);
#14351=EDGE_CURVE('',#13341,#13401,#12440,.T.);
#14362=EDGE_CURVE('',#13376,#13377,#12544,.T.);
#14364=EDGE_CURVE('',#13376,#13368,#12360,.T.);
#14366=EDGE_CURVE('',#13368,#13369,#12364,.T.);
#14368=EDGE_CURVE('',#13369,#13377,#12368,.T.);
#14378=EDGE_CURVE('',#13380,#13381,#12556,.T.);
#14380=EDGE_CURVE('',#13380,#13360,#12372,.T.);
#14382=EDGE_CURVE('',#13360,#13361,#12376,.T.);
#14384=EDGE_CURVE('',#13361,#13381,#12380,.T.);
#14394=EDGE_CURVE('',#13384,#13385,#12568,.T.);
#14396=EDGE_CURVE('',#13384,#13356,#12384,.T.);
#14398=EDGE_CURVE('',#13356,#13357,#12388,.T.);
#14400=EDGE_CURVE('',#13357,#13385,#12392,.T.);
#14410=EDGE_CURVE('',#13388,#13389,#12508,.T.);
#14412=EDGE_CURVE('',#13388,#13352,#12396,.T.);
#14414=EDGE_CURVE('',#13352,#13353,#12400,.T.);
#14416=EDGE_CURVE('',#13353,#13389,#12404,.T.);
#14426=EDGE_CURVE('',#13392,#13393,#12520,.T.);
#14428=EDGE_CURVE('',#13392,#13344,#12408,.T.);
#14430=EDGE_CURVE('',#13344,#13345,#12412,.T.);
#14432=EDGE_CURVE('',#13345,#13393,#12416,.T.);
#14442=EDGE_CURVE('',#13396,#13397,#12532,.T.);
#14444=EDGE_CURVE('',#13396,#13336,#12420,.T.);
#14469=EDGE_CURVE('',#13404,#13348,#12444,.T.);
#14471=EDGE_CURVE('',#13348,#13349,#12448,.T.);
#14473=EDGE_CURVE('',#13349,#13405,#12452,.T.);
#14484=EDGE_CURVE('',#13408,#13364,#12456,.T.);
#14486=EDGE_CURVE('',#13364,#13365,#12460,.T.);
#14488=EDGE_CURVE('',#13365,#13409,#12464,.T.);
#14499=EDGE_CURVE('',#13412,#13372,#12468,.T.);
#14501=EDGE_CURVE('',#13372,#13373,#12472,.T.);
#14503=EDGE_CURVE('',#13373,#13413,#12476,.T.);
#14513=EDGE_CURVE('',#13764,#13765,#12480,.T.);
#14516=EDGE_CURVE('',#13417,#13419,#12484,.T.);
#14518=EDGE_CURVE('',#13419,#13764,#12488,.T.);
#14528=EDGE_CURVE('',#13768,#13769,#12492,.T.);
#14530=EDGE_CURVE('',#13768,#13422,#12496,.T.);
#14532=EDGE_CURVE('',#13422,#13423,#12500,.T.);
#14544=EDGE_CURVE('',#13629,#13388,#12504,.T.);
#14547=EDGE_CURVE('',#13624,#13389,#12512,.T.);
#14550=EDGE_CURVE('',#13621,#13392,#12516,.T.);
#14553=EDGE_CURVE('',#13616,#13393,#12524,.T.);
#14556=EDGE_CURVE('',#13434,#13396,#12528,.T.);
#14561=EDGE_CURVE('',#13315,#13332,#13064,.T.);
#14566=EDGE_CURVE('',#13321,#13376,#12540,.T.);
#14569=EDGE_CURVE('',#13427,#13377,#12548,.T.);
#14572=EDGE_CURVE('',#13649,#13380,#12552,.T.);
#14575=EDGE_CURVE('',#13644,#13381,#12560,.T.);
#14578=EDGE_CURVE('',#13653,#13384,#12564,.T.);
#14581=EDGE_CURVE('',#13385,#13793,#12572,.T.);
#14591=EDGE_CURVE('',#13495,#13493,#12576,.T.);
#14593=EDGE_CURVE('',#13352,#13493,#12588,.T.);
#14598=EDGE_CURVE('',#13627,#13495,#12580,.T.);
#14608=EDGE_CURVE('',#13492,#13493,#12592,.T.);
#14611=EDGE_CURVE('',#13495,#13497,#12608,.T.);
#14613=EDGE_CURVE('',#13497,#13492,#12680,.T.);
#14623=EDGE_CURVE('',#13484,#13487,#12584,.T.);
#14625=EDGE_CURVE('',#13353,#13484,#12600,.T.);
#14630=EDGE_CURVE('',#13492,#13487,#12676,.T.);
#14640=EDGE_CURVE('',#13484,#13485,#12596,.T.);
#14643=EDGE_CURVE('',#13487,#13489,#12672,.T.);
#14645=EDGE_CURVE('',#13489,#13485,#12604,.T.);
#14656=EDGE_CURVE('',#13625,#13485,#12612,.T.);
#14671=EDGE_CURVE('',#13489,#13497,#12684,.T.);
#14685=EDGE_CURVE('',#13447,#13442,#12616,.T.);
#14687=EDGE_CURVE('',#13471,#13447,#12620,.T.);
#14689=EDGE_CURVE('',#13469,#13471,#12624,.T.);
#14691=EDGE_CURVE('',#13442,#13469,#12628,.T.);
#14701=EDGE_CURVE('',#13453,#13455,#12632,.T.);
#14703=EDGE_CURVE('',#13458,#13453,#12636,.T.);
#14705=EDGE_CURVE('',#13463,#13458,#12640,.T.);
#14707=EDGE_CURVE('',#13455,#13463,#12644,.T.);
#14717=EDGE_CURVE('',#13481,#13474,#12648,.T.);
#14719=EDGE_CURVE('',#13481,#13669,#12652,.T.);
#14721=EDGE_CURVE('',#13667,#13669,#12656,.T.);
#14723=EDGE_CURVE('',#13784,#13667,#12660,.T.);
#14725=EDGE_CURVE('',#13789,#13784,#12664,.T.);
#14727=EDGE_CURVE('',#13474,#13789,#12668,.T.);
#14749=EDGE_CURVE('',#13503,#13505,#12688,.T.);
#14751=EDGE_CURVE('',#13776,#13503,#12692,.T.);
#14753=EDGE_CURVE('',#13781,#13776,#12696,.T.);
#14755=EDGE_CURVE('',#13505,#13781,#12700,.T.);
#14765=EDGE_CURVE('',#13513,#13508,#12704,.T.);
#14767=EDGE_CURVE('',#13795,#13513,#12708,.T.);
#14769=EDGE_CURVE('',#13795,#13547,#12712,.T.);
#14771=EDGE_CURVE('',#13508,#13547,#12716,.T.);
#14781=EDGE_CURVE('',#13520,#13521,#12720,.T.);
#14783=EDGE_CURVE('',#13545,#13520,#12724,.T.);
#14785=EDGE_CURVE('',#13544,#13545,#12728,.T.);
#14787=EDGE_CURVE('',#13521,#13544,#12732,.T.);
#14797=EDGE_CURVE('',#13529,#13524,#12736,.T.);
#14799=EDGE_CURVE('',#13537,#13529,#12740,.T.);
#14801=EDGE_CURVE('',#13535,#13537,#12744,.T.);
#14803=EDGE_CURVE('',#13524,#13535,#12748,.T.);
#14813=EDGE_CURVE('',#13442,#13443,#12752,.T.);
#14815=EDGE_CURVE('',#13445,#13443,#12784,.T.);
#14817=EDGE_CURVE('',#13445,#13447,#12772,.T.);
#14830=EDGE_CURVE('',#13466,#13469,#12756,.T.);
#14832=EDGE_CURVE('',#13349,#13466,#12768,.T.);
#14835=EDGE_CURVE('',#13348,#13443,#12760,.T.);
#14845=EDGE_CURVE('',#13466,#13467,#12764,.T.);
#14849=EDGE_CURVE('',#13471,#13467,#12780,.T.);
#14860=EDGE_CURVE('',#13633,#13467,#12776,.T.);
#14875=EDGE_CURVE('',#13635,#13445,#12788,.T.);
#14903=EDGE_CURVE('',#13450,#13451,#12792,.T.);
#14905=EDGE_CURVE('',#13450,#13453,#12812,.T.);
#14908=EDGE_CURVE('',#13455,#13451,#12800,.T.);
#14919=EDGE_CURVE('',#13617,#13451,#12808,.T.);
#14924=EDGE_CURVE('',#13345,#13450,#12796,.T.);
#14936=EDGE_CURVE('',#13461,#13463,#12804,.T.);
#14938=EDGE_CURVE('',#13619,#13461,#12828,.T.);
#14950=EDGE_CURVE('',#13458,#13459,#12820,.T.);
#14952=EDGE_CURVE('',#13461,#13459,#12824,.T.);
#14967=EDGE_CURVE('',#13344,#13459,#12816,.T.);
#14993=EDGE_CURVE('',#13474,#13475,#12836,.T.);
#14995=EDGE_CURVE('',#13477,#13475,#12872,.T.);
#14997=EDGE_CURVE('',#13477,#13479,#12864,.T.);
#14999=EDGE_CURVE('',#13479,#13481,#12832,.T.);
#15012=EDGE_CURVE('',#13787,#13789,#12840,.T.);
#15014=EDGE_CURVE('',#13764,#13787,#12884,.T.);
#15017=EDGE_CURVE('',#13419,#13475,#12844,.T.);
#15027=EDGE_CURVE('',#13784,#13785,#12848,.T.);
#15029=EDGE_CURVE('',#13787,#13785,#12880,.T.);
#15043=EDGE_CURVE('',#13640,#13667,#12860,.T.);
#15046=EDGE_CURVE('',#13759,#13785,#12852,.T.);
#15056=EDGE_CURVE('',#13479,#13669,#12856,.T.);
#15058=EDGE_CURVE('',#13641,#13479,#12868,.T.);
#15083=EDGE_CURVE('',#13416,#13477,#12876,.T.);
#15122=EDGE_CURVE('',#13500,#13501,#12888,.T.);
#15124=EDGE_CURVE('',#13500,#13503,#12912,.T.);
#15127=EDGE_CURVE('',#13505,#13501,#12896,.T.);
#15138=EDGE_CURVE('',#13665,#13501,#12908,.T.);
#15143=EDGE_CURVE('',#13422,#13500,#12892,.T.);
#15155=EDGE_CURVE('',#13779,#13781,#12900,.T.);
#15157=EDGE_CURVE('',#13761,#13779,#12904,.T.);
#15169=EDGE_CURVE('',#13776,#13777,#12916,.T.);
#15171=EDGE_CURVE('',#13779,#13777,#12920,.T.);
#15186=EDGE_CURVE('',#13777,#13768,#12924,.T.);
#15212=EDGE_CURVE('',#13508,#13509,#12928,.T.);
#15214=EDGE_CURVE('',#13511,#13509,#12952,.T.);
#15216=EDGE_CURVE('',#13511,#13513,#12940,.T.);
#15229=EDGE_CURVE('',#13549,#13547,#12932,.T.);
#15231=EDGE_CURVE('',#13357,#13549,#12960,.T.);
#15234=EDGE_CURVE('',#13356,#13509,#12936,.T.);
#15246=EDGE_CURVE('',#13795,#13797,#12948,.T.);
#15248=EDGE_CURVE('',#13797,#13549,#12964,.T.);
#15259=EDGE_CURVE('',#13652,#13511,#12956,.T.);
#15262=EDGE_CURVE('',#13791,#13797,#12944,.T.);
#15302=EDGE_CURVE('',#13516,#13517,#12972,.T.);
#15304=EDGE_CURVE('',#13520,#13516,#12968,.T.);
#15307=EDGE_CURVE('',#13521,#13517,#12988,.T.);
#15318=EDGE_CURVE('',#13645,#13517,#12980,.T.);
#15323=EDGE_CURVE('',#13361,#13516,#12976,.T.);
#15334=EDGE_CURVE('',#13517,#13540,#12984,.T.);
#15336=EDGE_CURVE('',#13647,#13540,#13000,.T.);
#15350=EDGE_CURVE('',#13540,#13544,#12992,.T.);
#15360=EDGE_CURVE('',#13540,#13541,#12996,.T.);
#15364=EDGE_CURVE('',#13545,#13541,#13012,.T.);
#15375=EDGE_CURVE('',#13360,#13541,#13004,.T.);
#15392=EDGE_CURVE('',#13541,#13516,#13008,.T.);
#15414=EDGE_CURVE('',#13524,#13525,#13016,.T.);
#15416=EDGE_CURVE('',#13527,#13525,#13048,.T.);
#15418=EDGE_CURVE('',#13527,#13529,#13036,.T.);
#15431=EDGE_CURVE('',#13532,#13535,#13020,.T.);
#15433=EDGE_CURVE('',#13365,#13532,#13032,.T.);
#15436=EDGE_CURVE('',#13364,#13525,#13024,.T.);
#15446=EDGE_CURVE('',#13532,#13533,#13028,.T.);
#15450=EDGE_CURVE('',#13537,#13533,#13044,.T.);
#15461=EDGE_CURVE('',#13657,#13533,#13040,.T.);
#15476=EDGE_CURVE('',#13659,#13527,#13052,.T.);
#15528=EDGE_CURVE('',#13736,#13737,#13068,.T.);
#15530=EDGE_CURVE('',#13368,#13737,#13124,.T.);
#15537=EDGE_CURVE('',#13373,#13736,#13076,.T.);
#15548=EDGE_CURVE('',#13736,#13757,#13088,.T.);
#15550=EDGE_CURVE('',#13757,#13755,#13080,.T.);
#15552=EDGE_CURVE('',#13737,#13755,#13128,.T.);
#15562=EDGE_CURVE('',#13744,#13757,#13084,.T.);
#15567=EDGE_CURVE('',#13372,#13431,#13092,.T.);
#15570=EDGE_CURVE('',#13599,#13597,#13226,.T.);
#15572=EDGE_CURVE('',#13595,#13597,#13209,.T.);
#15574=EDGE_CURVE('',#13613,#13595,#13100,.T.);
#15586=EDGE_CURVE('',#13745,#13755,#13108,.T.);
#15600=EDGE_CURVE('',#13607,#13589,#13132,.T.);
#15602=EDGE_CURVE('',#13588,#13589,#13175,.T.);
#15604=EDGE_CURVE('',#13605,#13588,#13116,.T.);
#15607=EDGE_CURVE('',#13369,#13426,#13280,.T.);
#15622=EDGE_CURVE('',#13609,#13591,#13140,.T.);
#15624=EDGE_CURVE('',#13589,#13591,#13179,.T.);
#15634=EDGE_CURVE('',#13723,#13721,#13136,.T.);
#15636=EDGE_CURVE('',#13591,#13721,#13183,.T.);
#15648=EDGE_CURVE('',#13720,#13721,#13188,.T.);
#15652=EDGE_CURVE('',#13725,#13720,#13255,.T.);
#15662=EDGE_CURVE('',#13704,#13705,#13150,.T.);
#15664=EDGE_CURVE('',#13704,#13584,#13154,.T.);
#15666=EDGE_CURVE('',#13584,#13585,#13158,.T.);
#15668=EDGE_CURVE('',#13585,#13713,#13162,.T.);
#15670=EDGE_CURVE('',#13712,#13713,#13167,.T.);
#15672=EDGE_CURVE('',#13712,#13588,#13171,.T.);
#15678=EDGE_CURVE('',#13720,#13729,#13192,.T.);
#15680=EDGE_CURVE('',#13728,#13729,#13197,.T.);
#15682=EDGE_CURVE('',#13728,#13594,#13201,.T.);
#15684=EDGE_CURVE('',#13594,#13595,#13205,.T.);
#15687=EDGE_CURVE('',#13597,#13705,#13213,.T.);
#15698=EDGE_CURVE('',#13707,#13705,#13222,.T.);
#15701=EDGE_CURVE('',#13709,#13704,#13230,.T.);
#15725=EDGE_CURVE('',#13601,#13584,#13234,.T.);
#15738=EDGE_CURVE('',#13603,#13585,#13242,.T.);
#15749=EDGE_CURVE('',#13715,#13713,#13238,.T.);
#15765=EDGE_CURVE('',#13717,#13712,#13251,.T.);
#15789=EDGE_CURVE('',#13731,#13729,#13259,.T.);
#15803=EDGE_CURVE('',#13733,#13728,#13268,.T.);
#15815=EDGE_CURVE('',#13611,#13594,#13272,.T.);
#15862=EDGE_CURVE('',#13699,#13701,#13288,.T.);
#15875=EDGE_CURVE('',#13696,#13697,#13297,.T.);
#15890=EDGE_CURVE('',#13569,#13553,#13301,.T.);
#15902=EDGE_CURVE('',#13568,#13552,#13305,.T.);
#15921=CLOSED_SHELL('',(#13813,#13828,#13843,#13859,#13919,#14036,#14064,#14092,
#14107,#14121,#14159,#14173,#14186,#14199,#14212,#14225,#14249,#14264,#14284,
#14306,#14318,#14331,#14343,#14356,#14372,#14388,#14404,#14420,#14436,#14450,
#14462,#14477,#14492,#14507,#14522,#14537,#14585,#14602,#14617,#14634,#14649,
#14664,#14679,#14695,#14711,#14731,#14743,#14759,#14775,#14791,#14807,#14822,
#14839,#14853,#14868,#14883,#14897,#14912,#14928,#14944,#14958,#14973,#14987,
#15004,#15021,#15035,#15050,#15065,#15076,#15089,#15102,#15116,#15131,#15147,
#15163,#15177,#15192,#15206,#15221,#15238,#15252,#15268,#15282,#15296,#15311,
#15327,#15341,#15354,#15368,#15383,#15396,#15408,#15423,#15440,#15454,#15469,
#15484,#15498,#15510,#15522,#15541,#15556,#15579,#15592,#15614,#15628,#15642,
#15656,#15691,#15705,#15717,#15730,#15743,#15756,#15769,#15781,#15794,#15807,
#15820,#15832,#15844,#15856,#15869,#15882,#15895,#15908,#15920));
#15922=MANIFOLD_SOLID_BREP('',#15921);
#15923=(LENGTH_UNIT()NAMED_UNIT(*)SI_UNIT(.MILLI.,.METRE.));
#15925=(NAMED_UNIT(*)PLANE_ANGLE_UNIT()SI_UNIT($,.RADIAN.));
#15928=(NAMED_UNIT(*)SI_UNIT($,.STERADIAN.)SOLID_ANGLE_UNIT());
#15934=AXIS2_PLACEMENT_3D('',#15931,#15932,#15933);
#15935=ADVANCED_BREP_SHAPE_REPRESENTATION('',(#15934,#15922),#15930);
#15940=PRODUCT_DEFINITION('design','',#15939,#15936);
#15941=PRODUCT_DEFINITION_SHAPE('','SHAPE FOR BODY.',#15940);
#15942=SHAPE_DEFINITION_REPRESENTATION(#15941,#15935);
#15943=NEXT_ASSEMBLY_USAGE_OCCURRENCE('2','Next assembly relationship','BODY',
#17759,#15940,$);
#15944=PRODUCT_DEFINITION_SHAPE('Placement #2',
'Placement of BODY with respect to LINEAR_POTENTIOMETER_B103_ASM_ASM',#15943);
#15957=CIRCLE('',#15956,1.5E-1);
#15970=CIRCLE('',#15969,1.5E-1);
#15987=CIRCLE('',#15986,1.5E-1);
#16000=CIRCLE('',#15999,1.5E-1);
#16025=CIRCLE('',#16024,1.5E-1);
#16030=CIRCLE('',#16029,1.5E-1);
#16067=CIRCLE('',#16066,1.5E-1);
#16072=CIRCLE('',#16071,1.5E-1);
#16085=CIRCLE('',#16084,1.5E-1);
#16094=CIRCLE('',#16093,1.5E-1);
#16107=CIRCLE('',#16106,1.5E-1);
#16124=CIRCLE('',#16123,1.5E-1);
#16194=EDGE_CURVE('',#16159,#16160,#15957,.T.);
#16196=EDGE_CURVE('',#16159,#16147,#15961,.T.);
#16198=EDGE_CURVE('',#16143,#16147,#16067,.T.);
#16200=EDGE_CURVE('',#16143,#16176,#15965,.T.);
#16202=EDGE_CURVE('',#16175,#16176,#15970,.T.);
#16204=EDGE_CURVE('',#16175,#16135,#15974,.T.);
#16206=EDGE_CURVE('',#16135,#16136,#15978,.T.);
#16208=EDGE_CURVE('',#16136,#16184,#15982,.T.);
#16210=EDGE_CURVE('',#16183,#16184,#15987,.T.);
#16212=EDGE_CURVE('',#16183,#16155,#15991,.T.);
#16214=EDGE_CURVE('',#16151,#16155,#16025,.T.);
#16216=EDGE_CURVE('',#16151,#16168,#15995,.T.);
#16218=EDGE_CURVE('',#16167,#16168,#16000,.T.);
#16220=EDGE_CURVE('',#16167,#16160,#16004,.T.);
#16231=EDGE_CURVE('',#16162,#16160,#16008,.T.);
#16233=EDGE_CURVE('',#16162,#16164,#16085,.T.);
#16235=EDGE_CURVE('',#16164,#16159,#16076,.T.);
#16247=EDGE_CURVE('',#16172,#16167,#16012,.T.);
#16249=EDGE_CURVE('',#16172,#16162,#16089,.T.);
#16260=EDGE_CURVE('',#16170,#16168,#16016,.T.);
#16262=EDGE_CURVE('',#16170,#16172,#16094,.T.);
#16275=EDGE_CURVE('',#16151,#16152,#16020,.T.);
#16277=EDGE_CURVE('',#16152,#16170,#16098,.T.);
#16289=EDGE_CURVE('',#16155,#16156,#16038,.T.);
#16291=EDGE_CURVE('',#16156,#16152,#16030,.T.);
#16301=EDGE_CURVE('',#16188,#16183,#16034,.T.);
#16303=EDGE_CURVE('',#16188,#16156,#16102,.T.);
#16316=EDGE_CURVE('',#16186,#16184,#16042,.T.);
#16318=EDGE_CURVE('',#16186,#16188,#16107,.T.);
#16331=EDGE_CURVE('',#16136,#16140,#16046,.T.);
#16333=EDGE_CURVE('',#16140,#16186,#16111,.T.);
#16344=EDGE_CURVE('',#16135,#16139,#16050,.T.);
#16346=EDGE_CURVE('',#16139,#16140,#16115,.T.);
#16357=EDGE_CURVE('',#16180,#16175,#16054,.T.);
#16359=EDGE_CURVE('',#16180,#16139,#16119,.T.);
#16372=EDGE_CURVE('',#16178,#16176,#16058,.T.);
#16374=EDGE_CURVE('',#16178,#16180,#16124,.T.);
#16387=EDGE_CURVE('',#16143,#16144,#16062,.T.);
#16389=EDGE_CURVE('',#16144,#16178,#16128,.T.);
#16401=EDGE_CURVE('',#16147,#16148,#16080,.T.);
#16403=EDGE_CURVE('',#16148,#16144,#16072,.T.);
#16414=EDGE_CURVE('',#16164,#16148,#16132,.T.);
#16443=CLOSED_SHELL('',(#16224,#16239,#16253,#16267,#16281,#16295,#16309,#16323,
#16337,#16351,#16365,#16379,#16393,#16407,#16420,#16442));
#16444=MANIFOLD_SOLID_BREP('',#16443);
#16445=(LENGTH_UNIT()NAMED_UNIT(*)SI_UNIT(.MILLI.,.METRE.));
#16447=(NAMED_UNIT(*)PLANE_ANGLE_UNIT()SI_UNIT($,.RADIAN.));
#16450=(NAMED_UNIT(*)SI_UNIT($,.STERADIAN.)SOLID_ANGLE_UNIT());
#16456=AXIS2_PLACEMENT_3D('',#16453,#16454,#16455);
#16457=ADVANCED_BREP_SHAPE_REPRESENTATION('',(#16456,#16444),#16452);
#16461=PRODUCT_DEFINITION('design','',#16460,#15936);
#16462=PRODUCT_DEFINITION_SHAPE('','SHAPE FOR LEVER.',#16461);
#16463=SHAPE_DEFINITION_REPRESENTATION(#16462,#16457);
#16464=NEXT_ASSEMBLY_USAGE_OCCURRENCE('3','Next assembly relationship','LEVER',
#17759,#16461,$);
#16465=PRODUCT_DEFINITION_SHAPE('Placement #3',
'Placement of LEVER with respect to LINEAR_POTENTIOMETER_B103_ASM_ASM',#16464);
#16486=CIRCLE('',#16485,1.9E0);
#16511=CIRCLE('',#16510,1.9E0);
#16608=CIRCLE('',#16607,1.9E0);
#16633=CIRCLE('',#16632,1.9E0);
#16739=EDGE_CURVE('',#16672,#16673,#16477,.T.);
#16741=EDGE_CURVE('',#16673,#16675,#16481,.T.);
#16743=EDGE_CURVE('',#16675,#16677,#16486,.T.);
#16745=EDGE_CURVE('',#16677,#16679,#16490,.T.);
#16747=EDGE_CURVE('',#16679,#16681,#16494,.T.);
#16749=EDGE_CURVE('',#16681,#16683,#16498,.T.);
#16751=EDGE_CURVE('',#16683,#16685,#16502,.T.);
#16753=EDGE_CURVE('',#16685,#16687,#16506,.T.);
#16755=EDGE_CURVE('',#16687,#16689,#16511,.T.);
#16757=EDGE_CURVE('',#16689,#16691,#16515,.T.);
#16759=EDGE_CURVE('',#16691,#16693,#16519,.T.);
#16761=EDGE_CURVE('',#16693,#16672,#16523,.T.);
#16765=EDGE_CURVE('',#16720,#16721,#16527,.T.);
#16767=EDGE_CURVE('',#16725,#16720,#16531,.T.);
#16769=EDGE_CURVE('',#16723,#16725,#16535,.T.);
#16771=EDGE_CURVE('',#16721,#16723,#16539,.T.);
#16782=EDGE_CURVE('',#16672,#16696,#16543,.T.);
#16784=EDGE_CURVE('',#16696,#16697,#16591,.T.);
#16786=EDGE_CURVE('',#16673,#16697,#16587,.T.);
#16797=EDGE_CURVE('',#16693,#16717,#16547,.T.);
#16799=EDGE_CURVE('',#16717,#16696,#16595,.T.);
#16811=EDGE_CURVE('',#16691,#16715,#16551,.T.);
#16813=EDGE_CURVE('',#16715,#16717,#16599,.T.);
#16825=EDGE_CURVE('',#16689,#16713,#16555,.T.);
#16827=EDGE_CURVE('',#16713,#16715,#16603,.T.);
#16839=EDGE_CURVE('',#16687,#16711,#16559,.T.);
#16841=EDGE_CURVE('',#16711,#16713,#16608,.T.);
#16853=EDGE_CURVE('',#16685,#16709,#16563,.T.);
#16855=EDGE_CURVE('',#16709,#16711,#16612,.T.);
#16867=EDGE_CURVE('',#16683,#16707,#16567,.T.);
#16869=EDGE_CURVE('',#16707,#16709,#16616,.T.);
#16881=EDGE_CURVE('',#16681,#16705,#16571,.T.);
#16883=EDGE_CURVE('',#16705,#16707,#16620,.T.);
#16895=EDGE_CURVE('',#16679,#16703,#16575,.T.);
#16897=EDGE_CURVE('',#16703,#16705,#16624,.T.);
#16909=EDGE_CURVE('',#16677,#16701,#16579,.T.);
#16911=EDGE_CURVE('',#16701,#16703,#16628,.T.);
#16923=EDGE_CURVE('',#16675,#16699,#16583,.T.);
#16925=EDGE_CURVE('',#16699,#16701,#16633,.T.);
#16938=EDGE_CURVE('',#16697,#16699,#16637,.T.);
#16963=EDGE_CURVE('',#16728,#16729,#16641,.T.);
#16965=EDGE_CURVE('',#16729,#16731,#16645,.T.);
#16967=EDGE_CURVE('',#16731,#16733,#16649,.T.);
#16969=EDGE_CURVE('',#16733,#16728,#16653,.T.);
#16980=EDGE_CURVE('',#16729,#16721,#16661,.T.);
#16983=EDGE_CURVE('',#16728,#16720,#16657,.T.);
#16994=EDGE_CURVE('',#16731,#16723,#16665,.T.);
#17007=EDGE_CURVE('',#16733,#16725,#16669,.T.);
#17026=CLOSED_SHELL('',(#16775,#16790,#16804,#16818,#16832,#16846,#16860,#16874,
#16888,#16902,#16916,#16930,#16943,#16973,#16987,#17000,#17013,#17025));
#17027=MANIFOLD_SOLID_BREP('',#17026);
#17028=(LENGTH_UNIT()NAMED_UNIT(*)SI_UNIT(.MILLI.,.METRE.));
#17030=(NAMED_UNIT(*)PLANE_ANGLE_UNIT()SI_UNIT($,.RADIAN.));
#17033=(NAMED_UNIT(*)SI_UNIT($,.STERADIAN.)SOLID_ANGLE_UNIT());
#17039=AXIS2_PLACEMENT_3D('',#17036,#17037,#17038);
#17040=ADVANCED_BREP_SHAPE_REPRESENTATION('',(#17039,#17027),#17035);
#17045=PRODUCT_DEFINITION('design','',#17044,#17041);
#17046=PRODUCT_DEFINITION_SHAPE('','SHAPE FOR DUST_COVER.',#17045);
#17047=SHAPE_DEFINITION_REPRESENTATION(#17046,#17040);
#17048=NEXT_ASSEMBLY_USAGE_OCCURRENCE('4','Next assembly relationship',
'DUST_COVER',#17759,#17045,$);
#17049=PRODUCT_DEFINITION_SHAPE('Placement #4',
'Placement of DUST_COVER with respect to LINEAR_POTENTIOMETER_B103_ASM_ASM',
#17048);
#17066=CIRCLE('',#17065,4.E-1);
#17071=CIRCLE('',#17070,4.E-1);
#17140=CIRCLE('',#17139,8.E-1);
#17145=CIRCLE('',#17144,8.E-1);
#17150=CIRCLE('',#17149,2.E-1);
#17159=CIRCLE('',#17158,2.E-1);
#17208=CIRCLE('',#17207,4.E-1);
#17213=CIRCLE('',#17212,4.E-1);
#17218=CIRCLE('',#17217,2.E-1);
#17227=CIRCLE('',#17226,2.E-1);
#17260=CIRCLE('',#17259,8.E-1);
#17265=CIRCLE('',#17264,8.E-1);
#17331=EDGE_CURVE('',#17280,#17281,#17061,.T.);
#17333=EDGE_CURVE('',#17281,#17273,#17111,.T.);
#17335=EDGE_CURVE('',#17272,#17273,#17091,.T.);
#17337=EDGE_CURVE('',#17280,#17272,#17079,.T.);
#17348=EDGE_CURVE('',#17280,#17284,#17066,.T.);
#17350=EDGE_CURVE('',#17284,#17285,#17135,.T.);
#17352=EDGE_CURVE('',#17285,#17281,#17071,.T.);
#17363=EDGE_CURVE('',#17280,#17296,#17075,.T.);
#17365=EDGE_CURVE('',#17296,#17300,#17265,.T.);
#17367=EDGE_CURVE('',#17284,#17300,#17191,.T.);
#17379=EDGE_CURVE('',#17272,#17276,#17083,.T.);
#17381=EDGE_CURVE('',#17296,#17276,#17087,.T.);
#17392=EDGE_CURVE('',#17273,#17277,#17095,.T.);
#17394=EDGE_CURVE('',#17276,#17277,#17099,.T.);
#17405=EDGE_CURVE('',#17281,#17297,#17103,.T.);
#17407=EDGE_CURVE('',#17297,#17277,#17107,.T.);
#17420=EDGE_CURVE('',#17285,#17301,#17115,.T.);
#17422=EDGE_CURVE('',#17301,#17297,#17260,.T.);
#17433=EDGE_CURVE('',#17292,#17285,#17119,.T.);
#17435=EDGE_CURVE('',#17292,#17308,#17123,.T.);
#17437=EDGE_CURVE('',#17308,#17301,#17127,.T.);
#17448=EDGE_CURVE('',#17292,#17293,#17131,.T.);
#17452=EDGE_CURVE('',#17293,#17284,#17187,.T.);
#17462=EDGE_CURVE('',#17288,#17289,#17163,.T.);
#17464=EDGE_CURVE('',#17288,#17292,#17140,.T.);
#17467=EDGE_CURVE('',#17293,#17289,#17145,.T.);
#17477=EDGE_CURVE('',#17312,#17313,#17150,.T.);
#17479=EDGE_CURVE('',#17312,#17321,#17154,.T.);
#17481=EDGE_CURVE('',#17320,#17321,#17159,.T.);
#17483=EDGE_CURVE('',#17320,#17288,#17243,.T.);
#17486=EDGE_CURVE('',#17313,#17289,#17171,.T.);
#17497=EDGE_CURVE('',#17315,#17313,#17167,.T.);
#17499=EDGE_CURVE('',#17315,#17317,#17218,.T.);
#17501=EDGE_CURVE('',#17317,#17312,#17247,.T.);
#17513=EDGE_CURVE('',#17289,#17305,#17175,.T.);
#17515=EDGE_CURVE('',#17315,#17305,#17179,.T.);
#17526=EDGE_CURVE('',#17293,#17309,#17183,.T.);
#17528=EDGE_CURVE('',#17309,#17305,#17208,.T.);
#17541=EDGE_CURVE('',#17309,#17300,#17195,.T.);
#17552=EDGE_CURVE('',#17308,#17309,#17199,.T.);
#17555=EDGE_CURVE('',#17300,#17301,#17203,.T.);
#17566=EDGE_CURVE('',#17304,#17305,#17222,.T.);
#17570=EDGE_CURVE('',#17304,#17308,#17213,.T.);
#17583=EDGE_CURVE('',#17325,#17304,#17239,.T.);
#17585=EDGE_CURVE('',#17323,#17325,#17227,.T.);
#17587=EDGE_CURVE('',#17317,#17323,#17231,.T.);
#17597=EDGE_CURVE('',#17325,#17320,#17235,.T.);
#17600=EDGE_CURVE('',#17288,#17304,#17255,.T.);
#17612=EDGE_CURVE('',#17323,#17321,#17251,.T.);
#17648=EDGE_CURVE('',#17296,#17297,#17269,.T.);
#17668=CLOSED_SHELL('',(#17341,#17356,#17371,#17385,#17399,#17413,#17427,#17442,
#17456,#17471,#17490,#17505,#17519,#17533,#17546,#17560,#17574,#17591,#17605,
#17618,#17630,#17642,#17655,#17667));
#17669=MANIFOLD_SOLID_BREP('',#17668);
#17670=(LENGTH_UNIT()NAMED_UNIT(*)SI_UNIT(.MILLI.,.METRE.));
#17672=(NAMED_UNIT(*)PLANE_ANGLE_UNIT()SI_UNIT($,.RADIAN.));
#17675=(NAMED_UNIT(*)SI_UNIT($,.STERADIAN.)SOLID_ANGLE_UNIT());
#17681=AXIS2_PLACEMENT_3D('',#17678,#17679,#17680);
#17682=ADVANCED_BREP_SHAPE_REPRESENTATION('',(#17681,#17669),#17677);
#17686=PRODUCT_DEFINITION('design','',#17685,#17041);
#17687=PRODUCT_DEFINITION_SHAPE('','SHAPE FOR PIN.',#17686);
#17688=SHAPE_DEFINITION_REPRESENTATION(#17687,#17682);
#17689=NEXT_ASSEMBLY_USAGE_OCCURRENCE('5','Next assembly relationship','PIN',
#17759,#17686,$);
#17690=PRODUCT_DEFINITION_SHAPE('Placement #5',
'Placement of PIN with respect to LINEAR_POTENTIOMETER_B103_ASM_ASM',#17689);
#17698=NEXT_ASSEMBLY_USAGE_OCCURRENCE('6','Next assembly relationship','PIN',
#17759,#17686,$);
#17699=PRODUCT_DEFINITION_SHAPE('Placement #6',
'Placement of PIN with respect to LINEAR_POTENTIOMETER_B103_ASM_ASM',#17698);
#17707=NEXT_ASSEMBLY_USAGE_OCCURRENCE('7','Next assembly relationship','PIN',
#17759,#17686,$);
#17708=PRODUCT_DEFINITION_SHAPE('Placement #7',
'Placement of PIN with respect to LINEAR_POTENTIOMETER_B103_ASM_ASM',#17707);
#17716=NEXT_ASSEMBLY_USAGE_OCCURRENCE('8','Next assembly relationship','PIN',
#17759,#17686,$);
#17717=PRODUCT_DEFINITION_SHAPE('Placement #8',
'Placement of PIN with respect to LINEAR_POTENTIOMETER_B103_ASM_ASM',#17716);
#17725=NEXT_ASSEMBLY_USAGE_OCCURRENCE('9','Next assembly relationship','PIN',
#17759,#17686,$);
#17726=PRODUCT_DEFINITION_SHAPE('Placement #9',
'Placement of PIN with respect to LINEAR_POTENTIOMETER_B103_ASM_ASM',#17725);
#17734=NEXT_ASSEMBLY_USAGE_OCCURRENCE('10','Next assembly relationship','PIN',
#17759,#17686,$);
#17735=PRODUCT_DEFINITION_SHAPE('Placement #10',
'Placement of PIN with respect to LINEAR_POTENTIOMETER_B103_ASM_ASM',#17734);
#17743=(LENGTH_UNIT()NAMED_UNIT(*)SI_UNIT(.MILLI.,.METRE.));
#17745=(NAMED_UNIT(*)PLANE_ANGLE_UNIT()SI_UNIT($,.RADIAN.));
#17748=(NAMED_UNIT(*)SI_UNIT($,.STERADIAN.)SOLID_ANGLE_UNIT());
#17754=AXIS2_PLACEMENT_3D('',#17751,#17752,#17753);
#17759=PRODUCT_DEFINITION('design','',#17758,#17755);
ENDSEC;
END-ISO-10303-21;
